/data free 614G at launch
tree at 9ecca1cf2 (test(fleet7): loop348 runner, launcher and reports (the four vote-road switches ); box free at 03:14; builds:
built at 03:16; ingest/tx-types tests:
test result: ok. 65 passed; 0 failed; 0 ignored; 0 measured; 0 filtered out; finished in 1.07s
test result: ok. 21 passed; 0 failed; 4 ignored; 0 measured; 0 filtered out; finished in 8.86s
flood tests:
test result: ok. 8 passed; 0 failed; 1 ignored; 0 measured; 0 filtered out; finished in 0.80s
tests from 03:17 (no claim)
test spec failed (try 1 of 3): -p n42-h2-consensus
(standard_in) 1: syntax error
(standard_in) 1: illegal character: :
(standard_in) 1: syntax error
(standard_in) 1: syntax error
(standard_in) 1: syntax error
(standard_in) 1: syntax error
(standard_in) 1: syntax error
tests passed at 03:38:  tests
built 9ecca1cf2+tree at 03:41
waiting for a quiet box from 03:41
claimed at 03:43 (1791445369): avail 96G load 1.70
tip 9ecca1cf2 tree: 3 changed files; native n42 built 03:16:44, h2_validator 03:14:55, deferred n42 03:41:48; last source change 03:14:02 (crates/n42/h2-node/src/service.rs)
replay set for every leg: /data/n42-pregen/g900000-400m (senders 12500)
leg loop348WARM: /data free 600G (needs 120 G)
plan loop348WARM: exit 0 (7 validators, 1 layer(s)): # validators 7, execution layers 1, 208 CPUs a layer, import-once 1, shared 1; # validators : 16 CPUs set aside, taskset -c 104-111,232-239; # fleet    : 7 nodes, quorum 5 of 7 (f = 2); 0 refusals
leg loop348WARM start 03:43:20 load 1.70
round loop348WARM exit 0 at 03:46:40
loop348WARM save stages (node0, seconds summed over the leg / count): batch_size=1973.0/646  batch_size=1973.0/646  reth_consensus_engine_beacon_persistence_duration=59.3/646  duration_seconds=55.4/646  total=50.5/646  scope=45.6/646  sf=45.4/646  sf_transactions=45.1/646  qmdb_persisted=21.7/646  sf_account_changesets=20.7/646
el binary: /data/n42-build/target-n42-rs/native/release/n42 env: N42_IMPORT_ONCE=1 N42_SETTLEMENT_TAGS=legacy N42_BUILD_THROTTLE_SOFT=48 F7_EL_MAP=0,0,0,0,0,0,0 N42_FIELDS_AT_SEAL=1 N42_FREEZE_AFTER_SEAL=1 N42_FRAME_BLOCKS=1 N42_TX_INGEST_RECOVER_PARALLEL=24 N42_FREEZE_POOL=own N42_PARALLEL_BUILD_THREADS=32 N42_PLAN_AHEAD=1 N42_HASHED_TABLES=off F7_FLOOD_RATE=6000000 N42_COMPACT_BODY=1 N42_BUILD_BATCHES=128 MALLOC_CONF=thp:always,oversize_threshold:0,dirty_decay_ms:2000,background_thread:true N42_SEAL_ON_COUNTERS=1 N42_ACCOUNT_HISTORY=off N42_TAKE_COMPACT=1 N42_SF_EARLY_WRITEBACK=1 F7_VAL_NO_MALLOC_CONF=1 N42_ROAD_RUNTIME=1 N42_TX_INGEST_HIGH_WATER=2500000 F7_BENCH_POOL_SLOTS=3000000 N42_PLAN_AHEAD_BODY=1 N42_SEAL_AT_EXEC=1 N42_TX_QUEUE_DRAIN_CHUNK=8192 N42_ANSWER_LAYOUT_ONLY=1 N42_PULL_BY_FRAMES=1 N42_SF_PARALLEL_ENCODE=1 N42_BUILD_THROTTLE_HARD=80 N42_LIVE_INDEX_DEFER=1 RAYON_NUM_THREADS=16 F7_VAL_CPUS=16 N42_ROOT_OPS_AHEAD=1 TOKIO_WORKER_THREADS=16 N42_QMDB_READS=on N42_LEADER_LAYERS=3 N42_PERSIST_QMDB_IN_SCOPE=1 F7_BLOCK_INTERVAL_MS=60 F7_MEASURE_FROM_LOG=1
validator env: N42_IMPORT_ONCE=1 N42_SETTLEMENT_TAGS=legacy N42_BUILD_THROTTLE_SOFT=48 F7_EL_MAP=0,0,0,0,0,0,0 N42_FIELDS_AT_SEAL=1 N42_FREEZE_AFTER_SEAL=1 N42_FRAME_BLOCKS=1 N42_TX_INGEST_RECOVER_PARALLEL=24 N42_FREEZE_POOL=own N42_PARALLEL_BUILD_THREADS=32 N42_PLAN_AHEAD=1 N42_HASHED_TABLES=off F7_FLOOD_RATE=6000000 N42_COMPACT_BODY=1 N42_BUILD_BATCHES=128 N42_SEAL_ON_COUNTERS=1 N42_ACCOUNT_HISTORY=off N42_TAKE_COMPACT=1 N42_SF_EARLY_WRITEBACK=1 N42_ROAD_RUNTIME=1 N42_TX_INGEST_HIGH_WATER=2500000 F7_BENCH_POOL_SLOTS=3000000 N42_PLAN_AHEAD_BODY=1 N42_SEAL_AT_EXEC=1 N42_TX_QUEUE_DRAIN_CHUNK=8192 N42_ANSWER_LAYOUT_ONLY=1 N42_PULL_BY_FRAMES=1 N42_SF_PARALLEL_ENCODE=1 N42_BUILD_THROTTLE_HARD=80 N42_LIVE_INDEX_DEFER=1 RAYON_NUM_THREADS=16 F7_VAL_CPUS=16 N42_ROOT_OPS_AHEAD=1 TOKIO_WORKER_THREADS=16 N42_QMDB_READS=on N42_LEADER_LAYERS=3 N42_PERSIST_QMDB_IN_SCOPE=1 F7_MEASURE_FROM_LOG=1
loop348WARM once: start-up lines import_once=true 1; last direct-import counters 
loop348WARM imports: layers=1 direct_imports=0 canonical_blocks=4029 import_once_lines=1 (per layer: direct imports should equal canonical blocks for one execution per block)
grep: /data/blockchain/rust-fleet7-bench/node1/el.log: No such file or directory
grep: /data/blockchain/rust-fleet7-bench/node2/el.log: No such file or directory
grep: /data/blockchain/rust-fleet7-bench/node3/el.log: No such file or directory
grep: /data/blockchain/rust-fleet7-bench/node1/el.log: No such file or directory
grep: /data/blockchain/rust-fleet7-bench/node2/el.log: No such file or directory
grep: /data/blockchain/rust-fleet7-bench/node3/el.log: No such file or directory
cat: /data/blockchain/rust-fleet7-bench/node2/el.log: No such file or directory
cat: /data/blockchain/rust-fleet7-bench/node2/el.log: No such file or directory
cat: /data/blockchain/rust-fleet7-bench/node2/el.log: No such file or directory
cat: /data/blockchain/rust-fleet7-bench/node1/el.log: No such file or directory
cat: /data/blockchain/rust-fleet7-bench/node2/el.log: No such file or directory
cat: /data/blockchain/rust-fleet7-bench/node3/el.log: No such file or directory
Traceback (most recent call last):
  File [35m"<stdin>"[0m, line [35m4[0m, in [35m<module>[0m
[1;35mIndexError[0m: [35mlist index out of range[0m
loop348WARM no_variant=0 own_not_committed=0 tc=1 invalid_blocks=0 incomplete=0 gas_mismatch=0 direct_imports_failed=0 stuck_at_hashed_state=0 engine_idles_over_5s=1 proposals_given_up=0 tables_off_nodes=1 unanswered_reads=0 seal_first_total=1479 seal_first_direct=1479 direct_guard_errors=0 commit_ms_median=0 fold_ms_median=8 sealed_at_ms_median=50 state_ready_ms_median=93 build_total_ms_median=166 recover_us_median=0 par_exec_ms_median=22 par_exec_ms_median=22 giveback_filtered=0 giveback_offered_max=200000 seal_first=1479 reader_lag_max=10 reader_lag_warns=0 view_invalidated=0 el_sum_peak_g=42.1 el_max_peak_g=42.1 val_sum_peak_g=0.9 flood_peak_g=0.6 two_roads_blocks=0 two_roads_overlap_ms_median=- exec_on_output_declined=0 r1_collect_ms_median=5 proposal_at_ms_median=50 view_total_ms_median=61 import_exec_ms_median=- import_total_ms_median=- import_senders_ms_median=- import_convert_ms_median=- import_groups_median=- imports_over_600ms=0 min_avail_g=74.4 road_foreign_body_recv_ms=- road_foreign_body_decode_ms=- road_foreign_body_senders_ms=- road_foreign_body_parent_wait_ms=- road_foreign_body_check_ms=- road_foreign_body_total_ms=- road_new_payload_recv_ms=- road_new_payload_decode_ms=- road_new_payload_senders_ms=- road_new_payload_parent_wait_ms=- road_new_payload_check_ms=- road_new_payload_total_ms=- road_foreign_body_blocks=0 road_new_payload_blocks=0 fcu_answered=1858 fcu_in_flight_ms_median=0 fcu_queued_ms_median=0 fcu_queued_ms_max=108 fcu_refused=0 fcu_slow=2328 bodies_held=0 road_reuse_ms=- road_prepare_ms=- road_dispatch_ms=- road_convert_ms=- road_remember_ms=- road_header_ms=- road_fields_ms=- road_other_ms=- import_engine_ms_median=- gate_forced=0 gate_warns=0 flood_timeouts=0 canonical_min=4083 canonical_max=4083 chained_builds=2496 chain_lead_ms_median=57 chain_wait_ms_median=0 chain_started=2498 chain_discarded=1 chain_discard_reasons=_1_reason="the_request_names_another_parent chain_alias_warns=0 el_chained=2519 bodies_held_warns=0 el_build_refused=0 el_build_refused_reasons= queued_p5=2316500 queued_p50=2468500 road_compact_blocks=0 road_compact_recv_ms=- road_compact_assemble_ms=- road_compact_root_ms=- road_compact_miss_wait_ms=- road_compact_senders_ms=- road_compact_check_ms=- road_compact_other_ms=- road_compact_total_ms=- road_compact_misses_total= compact_refused_el=0 compact_fallbacks=0 compact_bytes_median=- pool_order9=14090 par_pull_ms_median=0 build_total_ms_median2=52 road_compact_filled_blocks=0 road_compact_filled_median=- road_compact_fill_ms_median=- need_txns=0 fill_failed=0 ingest_rate_gate_open_median=- ingest_gate_open_intervals=0 ingest_slots_busy_median=- flood_rate= fill_asked_proposer=0 fill_asked_other=0 loop_lines=3278 loop_unnamed_ms_median=48 loop_body_served_ms_median=- loop_txns_served_ms_median=- import_exec_ms_median2=- pip_partition_ms=- pip_env_ms=- pip_batch_ms=- pip_groups_ms=- pip_gas_ms=- pip_merge_ms=- pip_receipts_ms=- pip_drop_ms=- pip_other_ms=- pip_total_ms=- senders_indexed_median=- road_senders_ms_median=- road_total_ms_median=- pew_ms_median=- pew_ms_p90= gate_ms_median=- gate_ms_p90= root_ms_p50=- root_ms_p90= two_roads=0 not_on_output=0 not_on_output_why= ckpt_ms_first_q=2 ckpt_ms_last_q=48 ckpt_bytes_last=35112556 parent_still_importing=0 root_wait_ms_p50=- root_wait_ms_p90= tenures_low_seal=23 seal_first_share=0.99 empty_over_deep=0 near_empty_warns=0 no_seal_why= par_skipped_median=- usable_p5=2316500 ckpt_replay_ms_last_q=15 candidates_zero=0 dropped_ingest=0 let_go_warns=0 let_go_reasons= parked_p50=0 parked_max=0 held_warns=0 park_capped_total=0 superseded_builds=0 empty_not_superseded=0 mass_park_warns=0 heads_lines=0 holes_lines=0 stale_parent_refusals=0 par_groups_p5=0 cancelled_decided=1 heads_nonce0=0 stale_unconfirmed= handovers=0 el_panics=0 decided_cancelled=1 min_window_blocks=473 road_desc_blocks=0 road_desc_total_ms=- road_desc_copy_ms=- desc_misses=0 fill_failed2=0 sf_par_collect_ms=0 sf_par_commit_ms=0 sf_par_fold_ms=8 sf_par_graft_ms=0 sf_par_prefault_ms=0 sf_par_exec_ms=22 sf_sealed_at_ms=50 sf_roots_ms=31 sf_state_ready_ms=93 sf_total_ms=166 ba_find_ms=0 ba_queue_ms=0 ba_total_ms=52 ba_on_output=1478 queue_fold_us=0 queue_lock_us=2 sf_par_exec_ms=22 sf_par_fold_ms=8 pip_groups_ms=- import_exec_ms_median2=- reads_d0=0 reads_hist=0 f_reads_d0=- f_reads_hist=- f_overlay_depth=- L_read_set_ms=0 read_set_accounts=0 read_set_unresolved=0 read_set_hits=0 read_set_misses=0 start_best_ms=- par_prep_ms=- gap_before_exec_ms=- gap_after_exec_ms=- gap_before_seal_ms=- index_ms=- road_copy_aside_ms=- road_copy_wait_ms=- road_total_ms=- queue_first_miss=queue_first_miss=0:2539,queue_first_miss=18446744073709551615:1490 root_append_behind=0 populate_lag_mb=0 swap_used_g=0 root_faults=- root_faults_p90= root_faults_entries=0 root_faults_offsets=0 root_faults_index=0 root_faults_bits=0 root_faults_twigs=0 root_faults_undo=0 root_faults_tmp=0 root_append_faults=0 root_twig_pool_misses=0 batch_max_ms=9 batch_min_ms=2 batch_median_ms=4 batch_cpu_max_ms=8 batch_txs_max=2000 batch_txs_min=1500 batch_start_skew_ms=17 batch_wait_ms=0 loop_fetch_ns=0 loop_check_ns=0 loop_transfer_ns=0 loop_receipt_ns=0 loop_gas_ns=0 loop_sink_ns=0 loop_other_ns=0 batch_setup_ns=0 batch_close_ns=0 imp_exec_part_ms=- imp_exec_batches_ms=- imp_exec_graft_ms=- imp_exec_batches=- imp_exec_threads=- imp_exec_batch_max_ms=- imp_exec_batch_median_ms=- imp_parent_output_wait_ms=- road_parent_output_wait_ms=- next_start_gap_ms=1 next_entry_gap_ms=0 commit_body_ahead_used=- imp_exec_keys_ms=- imp_keys_ahead=- imp_exec_sink_ms=- imp_exec_pre_ms=- imp_exec_post_ms=- imp_exec_receipts_ms=- imp_exec_drop_ms=- root_gap_ms=- queue_whole=queue_whole=false:2539,queue_whole=true:1490 tick_tick_late_us=987 tick_preamble_us=340 tick_take_sealed_us=1 tick_sign_us=0 tick_cache_us=0 tick_presealed=- tick_describe_us=9 tick_publish_us=599 tick_tick_to_send_us=2014 road_check_ms=- road_check_include_us=- road_check_scan_us=- road_check_fold_us=- road_check_senders_us=- road_check_frames_summarized=- road_check_frames_scanned=- imp_exec_start_gap_us=- imp_gap_road_us=- imp_gap_header_us=- imp_gap_senders_us=- imp_gap_parent_us=- imp_gap_setup_us=- imp_gap_keys_wait_us=- sealed_at_p90= sealed_over_130=0 roots_ms=- cycle_p90= batch_max_ms=- batch_median_ms=- imp_batch_max=- forest_lock_warns=1500 root_seal_ms=1 root_seals=41 root_majflt=3 roots_p90= gp_layer=1488 ggp_missing=220 state_wait_split=0/0/0/0:507,10/0/0/0:74,9/0/0/0:72 qmdb_releases=0 state_wait_on= imp_road_end_ms=- imp_exec_start_ms=- imp_exec_end_ms=- imp_root_end_ms=- imp_fields_ready_ms=- imp_parent_fields_wait_ms=- imp_exec_ms=- imp_root_ms=- imp_checks_ms=- imp_engine_ms=- imp_total_ms=- road_parent_fields_wait_ms=- exec_read_ms=0 L_exec_evm_ms=0 L_exec_write_ms=0 L_exec_other_ms=0 L_reads_cache=0 L_reads_provider=0 L_reads_view=0 L_graft_base_ms=0 L_graft_reserve_ms=0 L_graft_insert_ms=0 L_graft_reverts_ms=0 L_graft_other_ms=0 L_par_exec_ms=22 L_par_graft_ms=0 F_exec_read_ms=- F_exec_evm_ms=- F_exec_write_ms=- F_exec_other_ms=- F_reads_cache=- F_reads_provider=- F_reads_view=- F_groups_ms=- L_tx_root_wait_ms=0 L_par_exec_ms=22 L_par_graft_ms=0 L_par_fold_ms=8 L_sealed_ms=7 L_state_ready_ms=93 L_roots_ms=31 L_finish_ms=101 L_total_ms=166 L_setup_ms=0 L_par_pull_ms=0 L_give_back_ms=0 L_state_wait_ms=6 L_state_after_pull=1479 L_seal_at_exec=1479 L_tx_root_ahead=0 flood_w1=3185221 txs_p10=200000 acq_us=466 slots_busy=14 ingest_rate=3190999 L_scope_join_ms=0 L_par_release_ms=0 L_commit_body_ms=0 L_par_commit_ms=0 L_give_back_ms=0 L_sealed_ms=7 L_par_exec_ms=22 L_state_wait_ms=6 L_par_pull_ms=0 L_par_prep_ms=0 L_par_start_ms=3 L_pre_exec_ms=0 L_par_run_ms=29 L_sealed_at_ms=50 F_partition_ms=- F_env_ms=- F_groups_ms=- F_merge_ms=- F_reverts_wait_ms=- F_ahead_wait_ms=- F_total_ms=- I_engine_ms=- I_root_ms=- I_total_ms=- H_engine_remember_ms=- H_engine_listing_ms=- H_engine_new_payload_ms=- busy_us=1 L_par_start_ms=3 L_start_handoff_ms=0 L_start_best_ms=3 L_start_puller_ms=0 L_par_pull_ms=0 L_par_prep_ms=0 L_state_wait_ms=6 L_par_exec_ms=22 L_par_commit_ms=0 L_sealed_ms=7 L_sealed_at_ms=50 L_par_graft_ms=0 L_graft_insert_ms=0 L_graft_reverts_ms=0 L_graft_split_us=0 L_graft_build_us=0 L_graft_merge_us=0 L_state_ready_ms=93 Q_queue_ms=0 R_dispatch_wait_ms=- R_total_ms=- R_road_runtime=1 gate_holds=0 peer_fetch=0 pool_limit=limit=4 gate_opened=gate_opened_for_block=0 I_root_ms=- flood_rate_hdr=rate=6000000/s fills=0 fill_waited=- slots_busy=14 acq_us=466 busy_us=1 converged=0 fallbacks=0 busy_us=1 recover_us=0 tf_on_output=3 tf_fallback=0 still_importing=0 busy_us=1 slots_busy=14 batches=altsig_txs=0 altsig_batches=0 tf_on_output=3 tf_fallback=0 gate_holds=0 sign_s=sign 0s replay_note=replay       : 64 files from /data/n42-pregen/g900000-400m, 400000000 transactio sign_s=sign 0s shard=shard_verified=0 shard_claimed=0 road_verified=- slots_busy=14 gate_us=6996 reply_us=7562 queued=2468500 assemble_ms=- road_take_ms=- road_body_ms=- road_encode_ms=- shards=16 shard_insert_ms=0 shard_wait_ms=0 shard_fold_ms=14 shard_append_ms=16 shard_merge_ms=57 state_ready_ms=93 roots_ms=31 exec_read_ms=0 exec_evm_ms=0 exec_write_ms=0 exec_other_ms=0 reads_cache=0 reads_provider=0 reads_view=0 par_run_ms=29 fold_task_cpu_max_us=13365 fold_task_minflt_max=1 fold_task_minflt_sum=1 fold_task_migrated=0 fold_task_nivcsw_max=0 fold_index=1 fold_index_build_ms=13 fold_index_conflicts=8301 fold_queue_us=60 fold_skew_us=34 fold_task_max_us=13363 fold_tail_us=18 start_best_ms=3 start_select_ms=0 start_walk_ms=0 start_walk_check_ms=0 start_best_other_ms=0 start_frames_by_ref=0 start_frames_slow=0 start_pull_ms=0 start_other_ms=0 start_handoff_ms=0 par_start_ms=3 par_prep_ms=0 par_commit_ms=0 commit_body_ms=0 par_fold_ms=8 sealed_ms=7 copy_ms=- prune_ms=0 frames=- frames_missing=- frame_root_ms=- root_ms=- frames_admitted=frames_admitted=591015 frames_unaligned=0 frame_root_indexed=- seal_layout_ms=0 seal_root_ms=0 attested= busy_us=1 slots_busy=14 reply_us=7562 prune_ms=0 body_refused=0 body_failed_late=0
loop348WARM win1 tps=3,173,333 txs=95,200,000 blocks= 476 cycle=0.063s occupancy=100.0% full(>=95%)=476/476 basefee=n/a (from the layer's log)
loop348WARM win2 tps=3,173,333 txs=95,200,000 blocks= 476 cycle=0.063s occupancy=100.0% full(>=95%)=476/476 basefee=n/a (from the layer's log)
loop348WARM win3 tps=3,153,333 txs=94,600,000 blocks= 473 cycle=0.063s occupancy=100.0% full(>=95%)=473/473 basefee=n/a (from the layer's log)
loop348WARM tps=3,173,333 round_txs=285000000 cycles_w1=
loop348WARM imp_fields_p90= b_p75=5
loop348WARM overlay: filter_skips=0 probes=0 ratio=- (ratio = skips/(skips+probes))
loop348WARM overlay_manager:       1 state_trie_overlay=false  state-ovly_cpu=0
loop348WARM verify: written to /data/blockchain/rust-fleet7-bench/bench-loop348WARM/verify.json
== validator memory at flood +70 s (loop348WARM)
validators 7: RSS sum 0.9 G, max 0.12 G, mean 0.12 G; threads 273 (mean 39)
one validator (pid 31453):
VmHWM:	  122720 kB
VmRSS:	  122720 kB
RssAnon:	  106856 kB
RssFile:	   15864 kB
RssShmem:	       0 kB
Threads:	39
Rss:              122720 kB
Private_Dirty:    106856 kB
Anonymous:        106856 kB
AnonHugePages:         0 kB
threads by name:
     33 h2_validator
      4 tokio-rt-worker
      1 n42-qmdb-prefau
      1 futures-timer
largest mappings by Rss:
47108  73ac2aa00000-73ac32800000
14880  73ac36000000-73ac37000000
13200  73ac37100000-73ac37e00000
11364  73ac37e80000-73ac38a00000
10964 /data/n42-build/target-n42-rs/native/release/examples/h2_validator 55a5e7082000-55a5e7f1a000
8344  73ac3b280000-73ac3d600000
4284  73ac38a80000-73ac39400000
2388  73ac43400000-73ac43800000
RSS of all validators, sorted:
min 122.528 MB median 122.7 MB max 123.72 MB
== many-keys report loop348WARM
== loop348WARM: 7 validator logs, f=2, quorum 5
1. the leaders' commit lines
  R1_collect (proposal -> prepare QC): n=4372 p50 5.0 p90 24.0 p99 73.0 max 105.0 ms
  R2_collect (prepare QC -> commit QC): n=4372 p50 5.0 p90 6.0 p99 12.0 max 16.0 ms
  total (proposal -> commit): n=4372 p50 61.0 p90 71.0 p99 122.0 max 185.0 ms
  votes at formation: R1 median 5 max 5 (quorum 5); R2 median 5 max 5
2. vote collection at the traced leaders (first vote -> quorum -> last vote)
 R1 (vote), 3071 views:
    proposal -> first vote: n=3071 p50 2.2 p90 28.5 p99 74.8 max 102.2 ms
    first vote -> quorum: n=3070 p50 2.2 p90 2.4 p99 2.7 max 6.6 ms
    quorum -> last vote: n=3070 p50 1.8 p90 2.1 p99 7.9 max 10.6 ms
    proposal -> last vote (the slowest key): n=3071 p50 6.3 p90 33.1 p99 78.6 max 106.3 ms
   views with fewer than 6 votes received: 1
 R2 (commit_vote), 3070 views:
    proposal -> first vote: n=3070 p50 8.3 p90 35.5 p99 80.9 max 108.1 ms
    first vote -> quorum: n=3070 p50 2.2 p90 2.3 p99 2.5 max 6.7 ms
    quorum -> last vote: n=3070 p50 0.9 p90 0.9 p99 1.1 max 10.5 ms
    proposal -> last vote (the slowest key): n=3070 p50 11.4 p90 38.8 p99 83.9 max 111.4 ms
   views with fewer than 6 votes received: 0
3. the straggler rule and the loop
  proposal interval (same leader, consecutive views): n=4368 p50 61.4 p90 62.2 p99 84.4 max 6054.5 ms; >= 500 ms: 1
  no `slow step` lines
4. gossip propagation (proposal sent -> received at a traced follower)
    proposal arrival delay: n=10048 p50 0.2 p90 0.3 p99 0.7 max 11.7 ms
4b. the new fields (docs/E1_MANY_KEYS.md section 6), leaders' `block committed!` and `proposal sent` lines
    verify_us: n=4372 p50 6558.0 p90 6812.0 p99 7074.0 max 8785.0 us
    verify_n: n=4372 p50 10.0 p90 10.0 p99 10.0 max 14.0 
    verify_batches: n=4372 p50 0.0 p90 0.0 p99 0.0 max 0.0 
  verify_fallbacks: total 0 over 4372 blocks
    inbound_queue_max: n=4372 p50 0.0 p90 0.0 p99 0.0 max 0.0 
    gossip_poll_us: n=4372 p50 381.0 p90 409.0 p99 607.0 max 1073.0 us
  straggler_waits (cumulative per leader log, summed over 5 leaders): 0; waits with straggler_wait_us > 0: 0 of 4373 proposals, none
  direct votes at the leaders: received 0 (duplicates dropped 0); sent by those nodes 0, fallbacks to gossip 0; leaders led 4373 views = 52476 vote messages expected (2 rounds x 6); direct share of those 0.0%
5. validators
validators n=7: cpu total 1.24 cores, per key mean 0.177 median 0.158 max 0.217 (key 1) min 0.158; rss per key peak mean 0.123 max 0.124 G, sum of peaks 0.9 G; threads per key mean 39, total 273
libp2p connections (last census of 5): 42 in all (a full mesh of 7 is 21); sockets per process min 6 median 6 max 6
== loop348WARM  (E=1: seven validator keys on one execution layer)
  window 1: canonical 477 blocks, 95.4M tx = 3,180,000/s (100.0% of window 1), full 476/477 (100%); cycle mean/median/p90 62.8/61.4/66.7 ms
    leader builds 478: sealed_at median/p90/p99 49/66/94; phases median/p90 ms: gap_before_exec 7/33, state_wait 7/33, par 50/75, par_exec 21/27, roots 29/42, parent_fields 4/20, sealed 5/21
    state_wait_on {'output': 267, 'none': 154, 'grandparent': 55, 'open': 1, 'layer_release': 1}; builds with state_wait > 20 ms: 75 ([('grandparent', 50), ('output', 25)]); gp_layer {1.0: 478}, ggp_missing {0.0: 420, 1.0: 58}
    queue at the builds min/median 1,219,500/2,516,250
    new field batch_cpu_sum_us: median/p90/max 598317.0/737596.0/1604481, nonzero 478
    new field batch_dispatch_us: median/p90/max 213.0/298.0/675, nonzero 478
    new field batch_first_start_us: median/p90/max 77.0/117.0/275, nonzero 478
    new field batch_ivcsw: median/p90/max 1.0/7.0/35, nonzero 291
    new field batch_last_end_us: median/p90/max 21817.5/27370.0/52592, nonzero 478
    new field batch_last_start_us: median/p90/max 16959.0/20764.0/47211, nonzero 478
    new field batch_live_deferred: median/p90/max 71.0/79.0/85, nonzero 478
    new field batch_live_lock_hold_us: median/p90/max 10462.0/12076.0/15680, nonzero 478
    new field batch_live_lock_wait_us: median/p90/max 0.0/0.0/0, nonzero 0
    new field batch_live_lock_waits: median/p90/max 0.0/0.0/0, nonzero 0
    new field batch_majflt: median/p90/max 0.0/0.0/0, nonzero 0
    new field batch_minflt: median/p90/max 690.5/10134.0/25687, nonzero 478
    new field batch_open_max_us: median/p90/max 421.0/520.0/4006, nonzero 478
    new field batch_open_sum_us: median/p90/max 10387.0/12792.0/18658, nonzero 478
    new field batch_threads: median/p90/max 32.0/32.0/32, nonzero 478
    new field batch_vcsw: median/p90/max 177.5/498.0/893, nonzero 478
    new field batch_view_index_wait_us: median/p90/max 0.0/21415.0/57413, nonzero 117
    new field batch_view_index_waits: median/p90/max 0.0/279.0/607, nonzero 117
    new field batch_view_slot_wait_us: median/p90/max 0.0/2172.0/6481, nonzero 124
    new field batch_view_slot_waits: median/p90/max 0.0/55.0/120, nonzero 124
    new field batch_wall_sum_us: median/p90/max 608557.5/744604.0/1608104, nonzero 478
    new field batches: median/p90/max 128.0/128.0/128, nonzero 478
    new field build_batches: median/p90/max 128.0/128.0/128, nonzero 478
    new field carried_depth: median/p90/max 1.0/1.0/1, nonzero 478
    new field exec_end_to_seal_us: median/p90/max 94.0/140.0/339, nonzero 478
    new field exec_partition_us: median/p90/max 6.0/8.0/1181, nonzero 478
    new field exec_prepared_groups: {'true': 477, 'false': 1}
    new field exec_prepared_slots: {'true': 477, 'false': 1}
    new field exec_slots_us: median/p90/max 0.0/0.0/1077, nonzero 2
    new field freeze_join_wait_us: median/p90/max 9827.0/16802.0/42847, nonzero 478
    new field freeze_late: {'true': 478}
    new field freeze_pool_own: {'true': 478}
    new field live_index_defer: {'true': 478}
    new field merge_accounts: median/p90/max 191644.5/195040.0/198991, nonzero 478
    new field merge_append_us: median/p90/max 3381.0/6921.0/14758, nonzero 478
    new field merge_early: {'false': 478}
    new field merge_join_wait_us: median/p90/max 0.0/0.0/0, nonzero 0
    new field merge_reverts: median/p90/max 191644.5/195040.0/198991, nonzero 478
    new field merge_reverts_us: median/p90/max 14504.0/19627.0/30521, nonzero 478
    new field merge_state_us: median/p90/max 38050.0/45694.0/61872, nonzero 478
    new field merge_tail_us: median/p90/max 0.0/0.0/1, nonzero 10
    new field merge_threads: median/p90/max 1.0/1.0/1, nonzero 478
    new field one_wave: {'false': 478}
    new field open_engine_us: median/p90/max 0.0/20165.0/104480, nonzero 58
    new field open_fallback: {'false': 420, 'true': 58}
    new field open_keep_us: median/p90/max 6.0/9.0/6147, nonzero 478
    new field open_kept_accounts: median/p90/max 574481.5/583220.0/590589, nonzero 478
    new field open_layers: median/p90/max 3.0/3.0/3, nonzero 478
    new field open_provider_us: median/p90/max 101.0/155.0/532, nonzero 478
    new field plan_age_us: median/p90/max 47634.5/98751.0/146678, nonzero 478
    new field plan_ahead: median/p90/max 1.0/1.0/1, nonzero 478
    new field plan_body: median/p90/max 1.0/1.0/2, nonzero 478
    new field plan_body_us: median/p90/max 13548.0/18337.0/23571, nonzero 477
    new field plan_discard: {'': 478}
    new field plan_prep_us: median/p90/max 6871.0/13550.0/29109, nonzero 478
    new field plan_topup_txs: median/p90/max 0.0/0.0/0, nonzero 0
    new field prep_from_plan: {'true': 477, 'false': 1}
    new field prev_seal_to_answer_us: median/p90/max 1897.5/3286.0/5295, nonzero 478
    new field prev_seal_to_entry_us: median/p90/max 0.0/0.0/0, nonzero 0
    new field prev_seal_to_header_us: median/p90/max 237.5/372.0/772, nonzero 478
    new field prev_seal_to_import_us: median/p90/max 110918.5/142639.0/207930, nonzero 454
    new field prev_seal_to_request_us: median/p90/max 1006.5/66158.0/95139, nonzero 478
    new field prev_seal_to_start_us: median/p90/max 1306.5/66393.0/95591, nonzero 478
    new field pull_bulk_txs: median/p90/max 200000.0/200000.0/200000, nonzero 478
    new field pull_bulk_us: median/p90/max 5.0/8.0/1188, nonzero 478
    new field receipts_late: {'false': 478}
    new field receipts_late_wait_us: median/p90/max 0.0/0.0/0, nonzero 0
    new field rename_fallbacks: median/p90/max 0.0/0.0/0, nonzero 0
    new field rename_record_waits: median/p90/max 0.0/0.0/0, nonzero 0
    new field root_apply_gap_us: median/p90/max 10.0/12.0/20, nonzero 478
    new field root_apply_total_us: median/p90/max 20667.5/28019.0/41598, nonzero 478
    new field root_compute_us: median/p90/max 22598.5/30880.0/47253, nonzero 478
    new field root_delta_us: median/p90/max 1118.5/2745.0/11063, nonzero 478
    new field root_index_us: median/p90/max 2695.5/4953.0/12184, nonzero 478
    new field root_leaves_us: median/p90/max 6950.0/10898.0/20033, nonzero 478
    new field root_note_us: median/p90/max 150.0/230.0/2059, nonzero 478
    new field root_ops_ahead: {'true': 478}
    new field root_ops_ahead_wait_us: median/p90/max 2769.5/9048.0/21004, nonzero 477
    new field root_ops_concat_us: median/p90/max 0.0/0.0/0, nonzero 0
    new field root_ops_encode_us: median/p90/max 5554.0/10300.0/19212, nonzero 478
    new field root_ops_finish_us: median/p90/max 2155.0/2923.0/7293, nonzero 478
    new field root_ops_sort_us: median/p90/max 3020.5/7224.0/14294, nonzero 478
    new field root_ops_us: median/p90/max 5093.5/11473.0/23527, nonzero 478
    new field root_rehash_us: median/p90/max 1412.0/1917.0/14569, nonzero 478
    new field root_retire_us: median/p90/max 1506.0/2534.0/5422, nonzero 478
    new field root_sort_us: median/p90/max 179.0/362.0/2501, nonzero 478
    new field root_undo_us: median/p90/max 334.0/659.0/3232, nonzero 478
    new field root_writes_us: median/p90/max 6753.0/9662.0/18987, nonzero 478
    new field seal_hashes_ahead: {'true': 478}
    new field seal_on_counters: {'true': 478}
    new field seal_to_complete_us: median/p90/max 106990.5/124691.0/145868, nonzero 478
    new field seal_to_frozen_us: median/p90/max 9805.5/16730.0/42820, nonzero 365
    new field seal_to_merge_end_us: median/p90/max 106905.5/124617.0/145758, nonzero 478
    new field seal_to_merge_start_us: median/p90/max 49036.5/62282.0/77048, nonzero 478
    new field seal_to_ops_ahead_us: median/p90/max 21144.0/31662.0/52731, nonzero 478
    new field seal_to_shards_ready_us: median/p90/max 15222.5/21695.0/47373, nonzero 478
    new field seal_to_state_ready_us: median/p90/max 106914.0/124625.0/145766, nonzero 478
    new field sealed_unix_us: median/p90/max 1791445518949782.5/1791445530852261.0/1791445533909331, nonzero 478
    new field start_walk_check_us: median/p90/max 0.0/0.0/0, nonzero 0
    new field start_walk_ids_us: median/p90/max 0.0/0.0/0, nonzero 0
    new field start_walk_settle_us: median/p90/max 0.0/0.0/0, nonzero 0
    new field start_walk_us: median/p90/max 0.0/0.0/0, nonzero 0
    new field state_wait_us: median/p90/max 7233.0/33030.0/121965, nonzero 478
    new field view_journal_reads: median/p90/max 4096.0/86016.0/163840, nonzero 242
    new field view_journal_searches: median/p90/max 11309.0/238238.0/432648, nonzero 242
    new field view_journal_skips: median/p90/max 0.0/0.0/0, nonzero 0
    new field whole_take_noted: {'true': 478}
    binding wait (tick / quorum / seal share, mean cycle): tick 99% (62); quorum 0% (109); seal 1% (92); feed-bound (blocks under 95% of the tier): 1 of 477
    slowest key vote delay median/p90 4.4/37.3 ms
    engine own-import total_ms per block median/p90/max 36/56/82 (n=477)
    layer RSS 4.8 -> 27.1 G (max 27.1), in-memory blocks max 11
    execution layer cores busy 35.2    validators cores busy 1.2
    flood delivered (median per 5 s over the leg) 3,194,820/s
  window 2: canonical 476 blocks, 95.2M tx = 3,173,333/s (99.8% of window 1), full 476/476 (100%); cycle mean/median/p90 62.4/61.3/67.2 ms
    leader builds 476: sealed_at median/p90/p99 48/68/88; phases median/p90 ms: gap_before_exec 5/35, state_wait 5/35, par 48/73, par_exec 22/27, roots 31/44, parent_fields 6/21, sealed 7/22
    state_wait_on {'output': 236, 'grandparent': 67, 'none': 169, 'layer_release': 1, 'provider_open': 1, 'open': 2}; builds with state_wait > 20 ms: 64 ([('grandparent', 61), ('output', 3)]); gp_layer {1.0: 476}, ggp_missing {0.0: 408, 1.0: 68}
    queue at the builds min/median 2,259,500/2,516,750
    new field batch_cpu_sum_us: median/p90/max 614044.5/722199.0/1426709, nonzero 476
    new field batch_dispatch_us: median/p90/max 214.0/309.0/998, nonzero 476
    new field batch_first_start_us: median/p90/max 72.0/112.0/245, nonzero 476
    new field batch_ivcsw: median/p90/max 1.0/7.0/34, nonzero 273
    new field batch_last_end_us: median/p90/max 22472.0/27311.0/51059, nonzero 476
    new field batch_last_start_us: median/p90/max 17504.5/20648.0/42652, nonzero 476
    new field batch_live_deferred: median/p90/max 72.5/80.0/152, nonzero 476
    new field batch_live_lock_hold_us: median/p90/max 10658.0/12432.0/21043, nonzero 476
    new field batch_live_lock_wait_us: median/p90/max 0.0/0.0/0, nonzero 0
    new field batch_live_lock_waits: median/p90/max 0.0/0.0/0, nonzero 0
    new field batch_majflt: median/p90/max 0.0/0.0/0, nonzero 0
    new field batch_minflt: median/p90/max 896.5/9674.0/26785, nonzero 476
    new field batch_open_max_us: median/p90/max 413.5/522.0/3287, nonzero 476
    new field batch_open_sum_us: median/p90/max 10099.0/12797.0/21044, nonzero 476
    new field batch_threads: median/p90/max 32.0/32.0/32, nonzero 476
    new field batch_vcsw: median/p90/max 180.0/535.0/980, nonzero 476
    new field batch_view_index_wait_us: median/p90/max 0.0/23510.0/57162, nonzero 122
    new field batch_view_index_waits: median/p90/max 0.0/299.0/681, nonzero 122
    new field batch_view_slot_wait_us: median/p90/max 0.0/2071.0/4979, nonzero 130
    new field batch_view_slot_waits: median/p90/max 0.0/57.0/115, nonzero 130
    new field batch_wall_sum_us: median/p90/max 621239.5/741449.0/1428623, nonzero 476
    new field batches: median/p90/max 128.0/128.0/128, nonzero 476
    new field build_batches: median/p90/max 128.0/128.0/128, nonzero 476
    new field carried_depth: median/p90/max 1.0/1.0/1, nonzero 476
    new field exec_end_to_seal_us: median/p90/max 91.0/141.0/542, nonzero 476
    new field exec_partition_us: median/p90/max 6.0/8.0/2229, nonzero 476
    new field exec_prepared_groups: {'true': 472, 'false': 4}
    new field exec_prepared_slots: {'true': 472, 'false': 4}
    new field exec_slots_us: median/p90/max 0.0/0.0/2592, nonzero 4
    new field freeze_join_wait_us: median/p90/max 7210.0/14669.0/25185, nonzero 476
    new field freeze_late: {'true': 476}
    new field freeze_pool_own: {'true': 476}
    new field live_index_defer: {'true': 476}
    new field merge_accounts: median/p90/max 192063.0/195186.0/199737, nonzero 476
    new field merge_append_us: median/p90/max 3593.0/7702.0/15787, nonzero 476
    new field merge_early: {'false': 476}
    new field merge_join_wait_us: median/p90/max 0.0/0.0/0, nonzero 0
    new field merge_reverts: median/p90/max 192063.0/195186.0/199737, nonzero 476
    new field merge_reverts_us: median/p90/max 14691.0/19853.0/29683, nonzero 476
    new field merge_state_us: median/p90/max 38779.5/46269.0/58269, nonzero 476
    new field merge_tail_us: median/p90/max 0.0/0.0/1, nonzero 6
    new field merge_threads: median/p90/max 1.0/1.0/1, nonzero 476
    new field one_wave: {'false': 476}
    new field open_engine_us: median/p90/max 0.0/20239.0/106995, nonzero 68
    new field open_fallback: {'false': 408, 'true': 68}
    new field open_keep_us: median/p90/max 6.0/9.0/6883, nonzero 476
    new field open_kept_accounts: median/p90/max 576085.5/583304.0/589569, nonzero 476
    new field open_layers: median/p90/max 3.0/3.0/3, nonzero 476
    new field open_provider_us: median/p90/max 94.0/153.0/1292, nonzero 476
    new field plan_age_us: median/p90/max 46333.5/97829.0/144662, nonzero 475
    new field plan_ahead: median/p90/max 1.0/1.0/1, nonzero 475
    new field plan_body: median/p90/max 1.0/1.0/2, nonzero 475
    new field plan_body_us: median/p90/max 15897.0/20039.0/23796, nonzero 472
    new field plan_discard: {'': 475, 'not_on_its_parent': 1}
    new field plan_prep_us: median/p90/max 7208.5/13320.0/29503, nonzero 475
    new field plan_topup_txs: median/p90/max 0.0/0.0/0, nonzero 0
    new field prep_from_plan: {'true': 472, 'false': 4}
    new field prev_seal_to_answer_us: median/p90/max 1681.5/2867.0/5535, nonzero 476
    new field prev_seal_to_entry_us: median/p90/max 0.0/0.0/0, nonzero 0
    new field prev_seal_to_header_us: median/p90/max 211.0/319.0/618, nonzero 476
    new field prev_seal_to_import_us: median/p90/max 116742.5/145874.0/189319, nonzero 443
    new field prev_seal_to_request_us: median/p90/max 963.0/67129.0/165621, nonzero 476
    new field prev_seal_to_start_us: median/p90/max 1253.5/67392.0/165807, nonzero 476
    new field pull_bulk_txs: median/p90/max 200000.0/200000.0/200000, nonzero 476
    new field pull_bulk_us: median/p90/max 5.0/8.0/1182, nonzero 476
    new field receipts_late: {'false': 476}
    new field receipts_late_wait_us: median/p90/max 0.0/0.0/0, nonzero 0
    new field rename_fallbacks: median/p90/max 0.0/0.0/0, nonzero 0
    new field rename_record_waits: median/p90/max 0.0/0.0/0, nonzero 0
    new field root_apply_gap_us: median/p90/max 10.0/12.0/21, nonzero 476
    new field root_apply_total_us: median/p90/max 22044.0/30441.0/48873, nonzero 476
    new field root_compute_us: median/p90/max 24050.5/33385.0/75399, nonzero 476
    new field root_delta_us: median/p90/max 1128.5/2453.0/11406, nonzero 476
    new field root_index_us: median/p90/max 2865.5/4992.0/21362, nonzero 476
    new field root_leaves_us: median/p90/max 7181.0/11498.0/30246, nonzero 476
    new field root_note_us: median/p90/max 144.0/204.0/1628, nonzero 476
    new field root_ops_ahead: {'true': 476}
    new field root_ops_ahead_wait_us: median/p90/max 2884.0/9081.0/19940, nonzero 476
    new field root_ops_concat_us: median/p90/max 0.0/0.0/0, nonzero 0
    new field root_ops_encode_us: median/p90/max 5542.5/9966.0/18327, nonzero 476
    new field root_ops_finish_us: median/p90/max 2263.5/3052.0/7570, nonzero 476
    new field root_ops_sort_us: median/p90/max 3041.5/6715.0/16491, nonzero 476
    new field root_ops_us: median/p90/max 5299.5/11573.0/22921, nonzero 476
    new field root_rehash_us: median/p90/max 2030.5/2874.0/18374, nonzero 476
    new field root_retire_us: median/p90/max 1637.5/2548.0/6632, nonzero 476
    new field root_sort_us: median/p90/max 200.5/356.0/3954, nonzero 476
    new field root_undo_us: median/p90/max 343.0/614.0/3290, nonzero 476
    new field root_writes_us: median/p90/max 6824.0/9692.0/18949, nonzero 476
    new field seal_hashes_ahead: {'true': 476}
    new field seal_on_counters: {'true': 476}
    new field seal_to_complete_us: median/p90/max 107898.0/128164.0/150104, nonzero 476
    new field seal_to_frozen_us: median/p90/max 7191.0/14641.0/25169, nonzero 337
    new field seal_to_merge_end_us: median/p90/max 107777.5/128022.0/149945, nonzero 476
    new field seal_to_merge_start_us: median/p90/max 48840.5/63001.0/100325, nonzero 476
    new field seal_to_ops_ahead_us: median/p90/max 19954.5/28427.0/44692, nonzero 476
    new field seal_to_shards_ready_us: median/p90/max 13689.5/19356.0/28368, nonzero 476
    new field seal_to_state_ready_us: median/p90/max 107785.5/128031.0/149960, nonzero 476
    new field sealed_unix_us: median/p90/max 1791445549113094.5/1791445560967475.0/1791445563894657, nonzero 476
    new field start_walk_check_us: median/p90/max 0.0/0.0/143, nonzero 1
    new field start_walk_ids_us: median/p90/max 0.0/0.0/525, nonzero 1
    new field start_walk_settle_us: median/p90/max 0.0/0.0/0, nonzero 0
    new field start_walk_us: median/p90/max 0.0/0.0/5653, nonzero 1
    new field state_wait_us: median/p90/max 5612.0/35510.0/122875, nonzero 476
    new field view_journal_reads: median/p90/max 4096.0/86016.0/143360, nonzero 240
    new field view_journal_searches: median/p90/max 10549.5/244643.0/430039, nonzero 240
    new field view_journal_skips: median/p90/max 0.0/0.0/0, nonzero 0
    new field whole_take_noted: {'true': 476}
    binding wait (tick / quorum / seal share, mean cycle): tick 100% (63); quorum 0%; seal 0%; feed-bound (blocks under 95% of the tier): 0 of 476
    slowest key vote delay median/p90 3.7/41.9 ms
    engine own-import total_ms per block median/p90/max 39/56/78 (n=475)
    layer RSS 26.9 -> 34.3 G (max 34.3), in-memory blocks max 10
    execution layer cores busy 35.6    validators cores busy 1.2
  window 3: canonical 473 blocks, 94.6M tx = 3,153,333/s (99.2% of window 1), full 473/473 (100%); cycle -
    leader builds 475: sealed_at median/p90/p99 52/70/92; phases median/p90 ms: gap_before_exec 5/36, state_wait 5/35, par 52/74, par_exec 22/27, roots 33/46, parent_fields 7/24, sealed 8/25
    state_wait_on {'output': 238, 'none': 154, 'grandparent': 82, 'open': 1}; builds with state_wait > 20 ms: 74 ([('grandparent', 67), ('output', 7)]); gp_layer {1.0: 475}, ggp_missing {0.0: 385, 1.0: 90}
    queue at the builds min/median 2,258,000/2,516,000
    new field batch_cpu_sum_us: median/p90/max 618113.0/736747.0/1340586, nonzero 475
    new field batch_dispatch_us: median/p90/max 219.0/304.0/892, nonzero 475
    new field batch_first_start_us: median/p90/max 76.0/124.0/252, nonzero 475
    new field batch_ivcsw: median/p90/max 1.0/7.0/32, nonzero 307
    new field batch_last_end_us: median/p90/max 22634.0/27651.0/50999, nonzero 475
    new field batch_last_start_us: median/p90/max 17578.0/21072.0/37908, nonzero 475
    new field batch_live_deferred: median/p90/max 73.0/81.0/268, nonzero 475
    new field batch_live_lock_hold_us: median/p90/max 10837.0/12599.0/36928, nonzero 475
    new field batch_live_lock_wait_us: median/p90/max 0.0/0.0/0, nonzero 0
    new field batch_live_lock_waits: median/p90/max 0.0/0.0/0, nonzero 0
    new field batch_majflt: median/p90/max 0.0/0.0/0, nonzero 0
    new field batch_minflt: median/p90/max 927.0/10137.0/30217, nonzero 474
    new field batch_open_max_us: median/p90/max 425.0/516.0/4193, nonzero 475
    new field batch_open_sum_us: median/p90/max 10585.0/12991.0/17195, nonzero 475
    new field batch_threads: median/p90/max 32.0/32.0/32, nonzero 475
    new field batch_vcsw: median/p90/max 186.0/575.0/1221, nonzero 475
    new field batch_view_index_wait_us: median/p90/max 0.0/26552.0/69305, nonzero 125
    new field batch_view_index_waits: median/p90/max 0.0/326.0/872, nonzero 125
    new field batch_view_slot_wait_us: median/p90/max 0.0/2128.0/5344, nonzero 129
    new field batch_view_slot_waits: median/p90/max 0.0/60.0/144, nonzero 129
    new field batch_wall_sum_us: median/p90/max 631137.0/752209.0/1342673, nonzero 475
    new field batches: median/p90/max 128.0/128.0/128, nonzero 475
    new field build_batches: median/p90/max 128.0/128.0/128, nonzero 475
    new field carried_depth: median/p90/max 1.0/1.0/1, nonzero 475
    new field exec_end_to_seal_us: median/p90/max 89.0/141.0/300, nonzero 475
    new field exec_partition_us: median/p90/max 6.0/8.0/1388, nonzero 475
    new field exec_prepared_groups: {'true': 471, 'false': 4}
    new field exec_prepared_slots: {'true': 471, 'false': 4}
    new field exec_slots_us: median/p90/max 0.0/0.0/2033, nonzero 4
    new field freeze_join_wait_us: median/p90/max 6710.0/15147.0/22786, nonzero 475
    new field freeze_late: {'true': 475}
    new field freeze_pool_own: {'true': 475}
    new field live_index_defer: {'true': 475}
    new field merge_accounts: median/p90/max 191997.0/195066.0/198382, nonzero 475
    new field merge_append_us: median/p90/max 3151.0/7257.0/14568, nonzero 475
    new field merge_early: {'false': 475}
    new field merge_join_wait_us: median/p90/max 0.0/0.0/0, nonzero 0
    new field merge_reverts: median/p90/max 191997.0/195066.0/198382, nonzero 475
    new field merge_reverts_us: median/p90/max 14615.0/19737.0/34083, nonzero 475
    new field merge_state_us: median/p90/max 38354.0/45383.0/57626, nonzero 475
    new field merge_tail_us: median/p90/max 0.0/0.0/1, nonzero 9
    new field merge_threads: median/p90/max 1.0/1.0/1, nonzero 475
    new field one_wave: {'false': 475}
    new field open_engine_us: median/p90/max 0.0/20240.0/80410, nonzero 90
    new field open_fallback: {'false': 385, 'true': 90}
    new field open_keep_us: median/p90/max 6.0/10.0/35, nonzero 475
    new field open_kept_accounts: median/p90/max 576109.0/581998.0/587517, nonzero 475
    new field open_layers: median/p90/max 3.0/3.0/3, nonzero 475
    new field open_provider_us: median/p90/max 95.0/155.0/870, nonzero 475
    new field plan_age_us: median/p90/max 49654.0/96388.0/129243, nonzero 475
    new field plan_ahead: median/p90/max 1.0/1.0/1, nonzero 475
    new field plan_body: median/p90/max 1.0/1.0/2, nonzero 475
    new field plan_body_us: median/p90/max 13366.0/18487.0/22670, nonzero 471
    new field plan_discard: {'': 475}
    new field plan_prep_us: median/p90/max 7069.0/13852.0/31475, nonzero 475
    new field plan_topup_txs: median/p90/max 0.0/0.0/0, nonzero 0
    new field prep_from_plan: {'true': 471, 'false': 4}
    new field prev_seal_to_answer_us: median/p90/max 1733.0/3204.0/5346, nonzero 475
    new field prev_seal_to_entry_us: median/p90/max 0.0/0.0/0, nonzero 0
    new field prev_seal_to_header_us: median/p90/max 194.0/313.0/573, nonzero 475
    new field prev_seal_to_import_us: median/p90/max 117943.0/152725.0/202371, nonzero 430
    new field prev_seal_to_request_us: median/p90/max 928.0/64239.0/84882, nonzero 475
    new field prev_seal_to_start_us: median/p90/max 1206.0/64622.0/85136, nonzero 475
    new field pull_bulk_txs: median/p90/max 200000.0/200000.0/200000, nonzero 475
    new field pull_bulk_us: median/p90/max 5.0/8.0/1323, nonzero 475
    new field receipts_late: {'false': 475}
    new field receipts_late_wait_us: median/p90/max 0.0/0.0/0, nonzero 0
    new field rename_fallbacks: median/p90/max 0.0/0.0/0, nonzero 0
    new field rename_record_waits: median/p90/max 0.0/0.0/0, nonzero 0
    new field root_apply_gap_us: median/p90/max 10.0/13.0/49, nonzero 475
    new field root_apply_total_us: median/p90/max 23036.0/33138.0/65977, nonzero 475
    new field root_compute_us: median/p90/max 24914.0/35996.0/67298, nonzero 475
    new field root_delta_us: median/p90/max 1176.0/2668.0/8644, nonzero 475
    new field root_index_us: median/p90/max 2967.0/5752.0/15856, nonzero 475
    new field root_leaves_us: median/p90/max 7154.0/11521.0/26466, nonzero 475
    new field root_note_us: median/p90/max 138.0/202.0/1389, nonzero 475
    new field root_ops_ahead: {'true': 475}
    new field root_ops_ahead_wait_us: median/p90/max 3201.0/9026.0/28073, nonzero 474
    new field root_ops_concat_us: median/p90/max 0.0/0.0/0, nonzero 0
    new field root_ops_encode_us: median/p90/max 5816.0/9973.0/24654, nonzero 475
    new field root_ops_finish_us: median/p90/max 2250.0/3349.0/9190, nonzero 475
    new field root_ops_sort_us: median/p90/max 3065.0/7006.0/22105, nonzero 475
    new field root_ops_us: median/p90/max 5600.0/11949.0/29868, nonzero 475
    new field root_rehash_us: median/p90/max 2651.0/4711.0/32662, nonzero 475
    new field root_retire_us: median/p90/max 1658.0/2742.0/7907, nonzero 475
    new field root_sort_us: median/p90/max 199.0/413.0/4384, nonzero 475
    new field root_undo_us: median/p90/max 341.0/660.0/3477, nonzero 475
    new field root_writes_us: median/p90/max 6971.0/9799.0/38218, nonzero 475
    new field seal_hashes_ahead: {'true': 475}
    new field seal_on_counters: {'true': 475}
    new field seal_to_complete_us: median/p90/max 109913.0/127869.0/151123, nonzero 475
    new field seal_to_frozen_us: median/p90/max 6681.0/15122.0/22760, nonzero 320
    new field seal_to_merge_end_us: median/p90/max 109842.0/127733.0/151022, nonzero 475
    new field seal_to_merge_start_us: median/p90/max 51632.0/65655.0/87889, nonzero 475
    new field seal_to_ops_ahead_us: median/p90/max 20170.0/28543.0/47621, nonzero 475
    new field seal_to_shards_ready_us: median/p90/max 13372.0/19682.0/25500, nonzero 475
    new field seal_to_state_ready_us: median/p90/max 109847.0/127751.0/151030, nonzero 475
    new field sealed_unix_us: median/p90/max 1791445578862628.0/1791445590959697.0/1791445593933064, nonzero 475
    new field start_walk_check_us: median/p90/max 0.0/0.0/0, nonzero 0
    new field start_walk_ids_us: median/p90/max 0.0/0.0/0, nonzero 0
    new field start_walk_settle_us: median/p90/max 0.0/0.0/0, nonzero 0
    new field start_walk_us: median/p90/max 0.0/0.0/0, nonzero 0
    new field state_wait_us: median/p90/max 5506.0/35886.0/89804, nonzero 475
    new field view_journal_reads: median/p90/max 4096.0/81920.0/147456, nonzero 240
    new field view_journal_searches: median/p90/max 11027.0/217919.0/399785, nonzero 240
    new field view_journal_skips: median/p90/max 0.0/0.0/0, nonzero 0
    new field whole_take_noted: {'true': 475}
    engine own-import total_ms per block median/p90/max 42/64/93 (n=473)
    layer RSS 34.2 -> 41.9 G (max 41.9), in-memory blocks max 10
    execution layer cores busy 35.8    validators cores busy 1.2
  round total (3 windows, canonical): 285.2M tx
  layer peak RSS 41.9 G; in-memory blocks max 11
  fields at seal: mode "early", verified 0, unchecked 0, mismatches 0 (last build line, cumulative)
  own_executed_again (built here and also directly imported): 0 of 1478 built blocks
== loop348WARM
  layer-0 leader window-1 builds 478: txs mean 200000, share >= 95% of the tier 100% (max 200000); sealed_at_ms 48.5/65.0; par_ms 50.0/75.0; par_exec_ms 21.0/27.0; roots_ms 29.0/42.0; parent_fields_ms 4.0/20.0; sealed_ms 4.5/21.0
  proposal cycle window 1 (n=494): mean 62.8 median 61.4 p90 66.7 ms; blocks in the 30 s: 494
  binding wait (tick / quorum / seal, share and mean cycle): tick 99.0% (62.4); quorum 0.4% (108.7); seal 0.6% (92.4)
  vote delay after the proposal, slowest key per block: median 4.5 p90 37.3 ms (slowest minus the median key: median 0.2); last key: {1: 98, 2: 75, 3: 104, 4: 83, 5: 63, 6: 55} of 478 blocks
  CPU in window 1 (cores busy): execution layers 35.2 over 1 process(es); validators 1.2 over 7 process(es)
  execution layer peak RSS 41.9 G; in-memory blocks max 11 (node0 and others, all layers)
  blocks built here 1478; none also directly imported
  import-once counters at the last direct import: ; start-up lines with import_once=true: 1; queue-lock lines 0
  layer-0 queue (queued after canonical prune), median per 10 s: t+0:2478500 t+20:2465000 t+40:2494000 t+60:2477500 t+80:2443000
  flood: median per 5 s 3194820/s, final -
  timeout / given-up lines: 1; 07:44:36 v0 INFO process_event{view=1 kind="message"}: n42::cl::timeout: TC formed
loop348WARM page_faults_per_s_median: node0=187455 
feedcheck loop348WARM: ok (block 200,000 tx)
== loop348WARM: feed check (acq_us / gate_us / reply_us are per frame of 500; rate per 5 s `ingest` line)
  window 1: ingest lines 6; acq_us 468 (max 2725); gate_us 6790; reply_us 7344; slots_busy 14%; delivered median 3,214,332/s max 3,269,322/s; queue at builds median 2,516,250 min 1,219,500; full 100% of 477 blocks
  window 2: ingest lines 6; acq_us 464 (max 472); gate_us 7170; reply_us 7726; slots_busy 14%; delivered median 3,172,442/s max 3,252,525/s; queue at builds median 2,516,750 min 2,259,500; full 100% of 476 blocks
  window 3: ingest lines 6; acq_us 466 (max 475); gate_us 7002; reply_us 7569; slots_busy 14%; delivered median 3,175,750/s max 3,226,983/s; queue at builds median 2,516,000 min 2,258,000; full 100% of 473 blocks
  flood.log (+15..+100 s): rate per 5 s median 3,171,922/s max 3,264,416/s; reply latency median 60.2 ms max 62.9 ms
== loop348WARM: lanes lock, drain and pruner (new fields)
  window 1: lock duty 55.5% (max 58.0); holds/5s 2,300; longest hold 22.63 ms median, 37.42 ms max by crates/n42/tx-queue/src/lib.rs:2046 (most frequent holders [('crates/n42/tx-queue/src/lib.rs:2046', 5), ('crates/n42/tx-queue/src/lib.rs:2692', 1)]); lock wait 2301.3 ms/5s, longest 37.45 ms; drains/5s 1,059 of 15191 tx, mean 1223 us, max 19.63 ms
           prune (445 blocks): prune_ms 31/52; fold 0.5 ms, lock 0.0 ms, remove(hold) 8.6 ms, free 0.0 ms; frames_swept 400; coalesced on 445 of 445; prune_wait_ms 0/0; pruner busy 47% of a thread, lock held by it 1.7%
  window 2: lock duty 55.5% (max 62.0); holds/5s 2,207; longest hold 26.39 ms median, 39.23 ms max by crates/n42/tx-queue/src/lib.rs:2576 (most frequent holders [('crates/n42/tx-queue/src/lib.rs:2046', 3), ('crates/n42/tx-queue/src/lib.rs:2576', 1)]); lock wait 2365.9 ms/5s, longest 42.16 ms; drains/5s 1,041 of 15206 tx, mean 1370 us, max 21.11 ms
           prune (438 blocks): prune_ms 32/54; fold 0.5 ms, lock 0.0 ms, remove(hold) 9.6 ms, free 0.0 ms; frames_swept 400; coalesced on 438 of 438; prune_wait_ms 0/0; pruner busy 49% of a thread, lock held by it 1.8%
  window 3: lock duty 57.5% (max 60.0); holds/5s 2,153; longest hold 27.56 ms median, 28.95 ms max by crates/n42/tx-queue/src/lib.rs:2046 (most frequent holders [('crates/n42/tx-queue/src/lib.rs:2046', 6)]); lock wait 2878.6 ms/5s, longest 28.99 ms; drains/5s 930 of 17143 tx, mean 1550 us, max 20.95 ms
           prune (448 blocks): prune_ms 34/50; fold 0.5 ms, lock 0.0 ms, remove(hold) 10.8 ms, free 0.0 ms; frames_swept 400; coalesced on 448 of 448; prune_wait_ms 0/0; pruner busy 51% of a thread, lock held by it 1.8%
== loop348WARM: pruner (per block; busy = sum prune_ms / 30 s, lock = sum (remove_us + settle_us) / 30 s)
  window 1: 445 prunes; prune_ms 31/52; remove_us 8.6/17.4 ms; forget_us 2.7/4.8 ms; settle_us 2.9 ms; pruner busy 47% of a worker; lanes lock held for removal 21%
  window 2: 438 prunes; prune_ms 32/54; remove_us 9.6/19.3 ms; forget_us 2.9/5.0 ms; settle_us 3.0 ms; pruner busy 49% of a worker; lanes lock held for removal 22%
  window 3: 448 prunes; prune_ms 34/50; remove_us 10.8/20.6 ms; forget_us 2.8/4.5 ms; settle_us 3.0 ms; pruner busy 51% of a worker; lanes lock held for removal 24%
== loop348WARM: seal start / pull, prepared plan, answer, chunked drain
  window 1: 478 builds; start_best_ms 2/14; start_walk_us 0/0; start_pull_ms 0/0; par_pull_ms 0/0; par_start_ms 2/14; par_ms 50/75; sealed_at_ms 49/66; pull_bulk_us 5/8; pull_bulk_txs 200000/200000; plan_age_us 47634/98751; plan_prep_us 6871/13550; plan_topup_txs 0/0
           plan_ahead {'1': 478}; plan_discard {'': 478}
           answer: built-ahead bytes median/max 15,243/15,245, layout_only {'true': 478}; proposal sent bytes median/max 15,243/15,245, layout_only {'true': 477}
           drain: chunks/5s 876, chunk max 8,192 tx, finished by others/5s 52; plan_discards (last ingest line) -
  window 2: 476 builds; start_best_ms 3/15; start_walk_us 0/0; start_pull_ms 0/0; par_pull_ms 0/0; par_start_ms 4/15; par_ms 48/73; sealed_at_ms 48/68; pull_bulk_us 5/8; pull_bulk_txs 200000/200000; plan_age_us 46334/97829; plan_prep_us 7208/13320; plan_topup_txs 0/0
           plan_ahead {'1': 475, '0': 1}; plan_discard {'': 475, 'not_on_its_parent': 1}
           answer: built-ahead bytes median/max 15,245/15,245, layout_only {'true': 476}; proposal sent bytes median/max 15,245/15,245, layout_only {'true': 475}
           drain: chunks/5s 877, chunk max 8,192 tx, finished by others/5s 56; plan_discards (last ingest line) -
  window 3: 475 builds; start_best_ms 4/15; start_walk_us 0/0; start_pull_ms 0/0; par_pull_ms 0/0; par_start_ms 5/15; par_ms 52/74; sealed_at_ms 52/70; pull_bulk_us 5/8; pull_bulk_txs 200000/200000; plan_age_us 49654/96388; plan_prep_us 7069/13852; plan_topup_txs 0/0
           plan_ahead {'1': 475}; plan_discard {'': 475}
           answer: built-ahead bytes median/max 15,245/15,245, layout_only {'true': 474}; proposal sent bytes median/max 15,245/15,245, layout_only {'true': 474}
           drain: chunks/5s 771, chunk max 8,192 tx, finished by others/5s 64; plan_discards (last ingest line) -
== loop348WARM: persistence per window (ms per block = part sum / blocks persisted)
  window 1: persisted 475 of 477 produced (100%); total 32.6, sf_tx 29.4, sf_rcpt 6.3, sf_acct 13.4, sf_send 10.6, scope 29.5, qmdb 13.8, post 0.0, pre 3.1, plain_rev 3.1, commit_sf 0.7, commit_mdbx 0.1, commit_rocks 0.0; longest task sf_tx 29.4; in-memory 6 -> 10 (max 11); RSS 4.8 -> 26.9 G; lag 7 -> 9 = +4.0 blocks/min; bp max 0
  window 2: persisted 475 of 476 produced (100%); total 33.7, sf_tx 30.1, sf_rcpt 6.5, sf_acct 13.8, sf_send 10.8, scope 30.2, qmdb 14.4, post 0.0, pre 3.5, plain_rev 3.4, commit_sf 0.8, commit_mdbx 0.1, commit_rocks 0.1; longest task sf_tx 30.1; in-memory 10 -> 10 (max 10); RSS 26.9 -> 34.2 G; lag 9 -> 10 = +2.0 blocks/min; bp max 0
  window 3: persisted 471 of 473 produced (100%); total 34.8, sf_tx 31.1, sf_rcpt 6.7, sf_acct 14.2, sf_send 11.0, scope 31.2, qmdb 15.8, post 0.0, pre 3.6, plain_rev 3.6, commit_sf 0.8, commit_mdbx 0.1, commit_rocks 0.1; longest task sf_tx 31.1; in-memory 10 -> 9 (max 10); RSS 34.2 -> 41.4 G; lag 10 -> 9 = -2.0 blocks/min; bp max 0
  leg end: in-memory 7, max over the sampler 11, backpressure stalls 0
== loop348WARM: execution and root fields (median / p90 per block); over 1479 full builds: rename_fallbacks total 0, rename_record_waits total 0, carried_depth values ['1']
    folded lines 479: pending_max max 84 (median 71); pending_us_max max 18,602; drops_max max 70520
    flags: seal_on_counters true:478; freeze_pool_own true:478; plan_body 1:477/2:1; prep_from_plan false:1/true:477; plan_ahead 1:478; seal per 1,000 transfers 0.245 ms
  window 1 (478 builds): on-CPU share 1.00/1.00; CPU per transfer 2.99/3.69 us; sealed_at_ms 49/66; par_exec_ms 21/27; par_fold_ms 10/16; index_ms 14/20; par_start_ms 2/14; gap_before_exec_ms 7/33; state_wait_us 7,233/33,030; parent_fields_ms 4/20; roots_ms 29/42; seal_to_fields_us 48,883/62,143; seal_to_complete_us 106,990/124,691; rename_fallbacks 0/0; rename_record_waits 0/0; carried_depth 1/1; plan_body_us 13,548/18,337; batch_max_ms 8/13; tx_root_ms 1/1; sealed_ms 5/21
    folded lines 476: pending_max max 90 (median 72); pending_us_max max 16,131; drops_max max 37676
    flags: seal_on_counters true:476; freeze_pool_own true:476; plan_body 0:1/1:472/2:3; prep_from_plan false:4/true:472; plan_ahead 0:1/1:475; seal per 1,000 transfers 0.240 ms
  window 2 (476 builds): on-CPU share 1.00/1.00; CPU per transfer 3.07/3.61 us; sealed_at_ms 48/68; par_exec_ms 22/27; par_fold_ms 7/14; index_ms 13/17; par_start_ms 4/15; gap_before_exec_ms 5/35; state_wait_us 5,612/35,510; parent_fields_ms 6/21; roots_ms 31/44; seal_to_fields_us 48,725/62,918; seal_to_complete_us 107,898/128,164; rename_fallbacks 0/0; rename_record_waits 0/0; carried_depth 1/1; plan_body_us 15,897/20,039; batch_max_ms 9/13; tx_root_ms 1/1; sealed_ms 7/22
    folded lines 474: pending_max max 86 (median 72); pending_us_max max 15,943; drops_max max 33945
    flags: seal_on_counters true:475; freeze_pool_own true:475; plan_body 1:471/2:4; prep_from_plan false:4/true:471; plan_ahead 1:475; seal per 1,000 transfers 0.260 ms
  window 3 (475 builds): on-CPU share 1.00/1.00; CPU per transfer 3.09/3.68 us; sealed_at_ms 52/70; par_exec_ms 22/27; par_fold_ms 7/15; index_ms 14/17; par_start_ms 5/15; gap_before_exec_ms 5/36; state_wait_us 5,506/35,886; parent_fields_ms 7/24; roots_ms 33/46; seal_to_fields_us 51,520/65,519; seal_to_complete_us 109,913/127,869; rename_fallbacks 0/0; rename_record_waits 0/0; carried_depth 1/1; plan_body_us 13,366/18,487; batch_max_ms 9/12; tx_root_ms 1/1; sealed_ms 8/25
== loop348WARM: 4373 proposals; proposal -> quorum (leader's commit) median 11.1 / p90 31.1 / max 111.3 ms; proposal interval median 61.4 / p90 62.2 ms; TC formed lines 1; leader views timed out 1; ParentUnknown lines 0
   handover at view 1024: proposal intervals (view, ms) [(1023, 61), (1024, 154), (1025, 100), (1026, 61), (1027, 62)] against the median 61 ms
   handover at view 2048: proposal intervals (view, ms) [(2047, 61), (2048, 62), (2049, 60), (2050, 62), (2051, 61)] against the median 61 ms
   handover at view 3072: proposal intervals (view, ms) [(3071, 62), (3072, 62), (3073, 61), (3074, 62), (3075, 61)] against the median 61 ms
   handover at view 4096: proposal intervals (view, ms) [(4095, 61), (4096, 60), (4097, 61), (4098, 61), (4099, 61)] against the median 61 ms
     block 1024 (view 1024): sealed_at_ms 99, gap_before_exec_ms 17, parent_fields_ms 63, rename_fallbacks 0, rename_record_waits 0, carried_depth 1
     block 1025 (view 1025): sealed_at_ms 38, gap_before_exec_ms 8, parent_fields_ms 10, rename_fallbacks 0, rename_record_waits 0, carried_depth 1
     block 1026 (view 1026): sealed_at_ms 43, gap_before_exec_ms 0, parent_fields_ms 13, rename_fallbacks 0, rename_record_waits 0, carried_depth 1
     block 1027 (view 1027): sealed_at_ms 63, gap_before_exec_ms 0, parent_fields_ms 27, rename_fallbacks 0, rename_record_waits 0, carried_depth 1
flood span 95 s; tokio-rt threads alive throughout 34 of 89; group 9.6 cores busy over them (all threads incl. short-lived 12.8)
  per-thread cores busy, top 12: 0.60 0.59 0.58 0.58 0.57 0.57 0.57 0.57 0.56 0.56 0.56 0.56; threads over 0.9 core: 0, over 0.7: 0
== loop348WARM: 1429 full builds in the 3 windows
  par_exec_ms 22/27; par_run_ms 29/56; batch_start_skew_ms 17/20; batch_median_ms 4/5; batch_max_ms 9/13; batch_first_start_us 75/119; batch_last_start_us 17331/20841; batch_dispatch_us 216/304; batch_last_end_us 22256/27468; batches 128/128; batch_threads 32/32; batch_txs_max 2000/2000; batch_txs_min 1500/1500; start_walk_ms 0/0; start_walk_check_ms 0/0; par_start_ms 4/14; sealed_at_ms 50/68; prev_seal_to_answer_us 1784/3144; prev_seal_to_entry_us 0/0; prev_seal_to_header_us 214/337; prev_seal_to_import_us 115219/146165; prev_seal_to_request_us 964/66179; prev_seal_to_start_us 1252/66463; start_walk_check_us 0/0; start_walk_ids_us 0/0; start_walk_settle_us 0/0; start_walk_us 0/0
  one_wave {'false': 1429}
  batches == batch_threads on 0 of 1429 builds
  last - first batch start (ms) median/p90 17.26/20.73; under 2 ms on 0 of 1429 builds
bodygate loop348WARM: invalid_blocks=0 gas_mismatch=0 fields_mismatches=0 own_not_committed=0 proposals_given_up=0
leg loop348K7: /data free 513G (needs 120 G)
plan loop348K7: exit 0 (7 validators, 1 layer(s)): # validators 7, execution layers 1, 208 CPUs a layer, import-once 1, shared 1; # validators : 16 CPUs set aside, taskset -c 104-111,232-239; # fleet    : 7 nodes, quorum 5 of 7 (f = 2); 0 refusals
leg loop348K7 start 03:49:22 load 3.54
round loop348K7 exit 0 at 03:52:43
loop348K7 save stages (node0, seconds summed over the leg / count): batch_size=1942.0/634  batch_size=1942.0/634  reth_consensus_engine_beacon_persistence_duration=58.2/634  duration_seconds=54.0/634  total=49.1/634  scope=43.9/634  sf=43.7/634  sf_transactions=43.5/634  qmdb_persisted=21.6/634  sf_account_changesets=20.3/634
el binary: /data/n42-build/target-n42-rs/native/release/n42 env: N42_IMPORT_ONCE=1 N42_SETTLEMENT_TAGS=legacy N42_BUILD_THROTTLE_SOFT=48 F7_EL_MAP=0,0,0,0,0,0,0 N42_FIELDS_AT_SEAL=1 N42_FREEZE_AFTER_SEAL=1 N42_FRAME_BLOCKS=1 N42_TX_INGEST_RECOVER_PARALLEL=24 N42_FREEZE_POOL=own N42_PARALLEL_BUILD_THREADS=32 N42_PLAN_AHEAD=1 N42_HASHED_TABLES=off F7_FLOOD_RATE=6000000 N42_COMPACT_BODY=1 N42_BUILD_BATCHES=128 MALLOC_CONF=thp:always,oversize_threshold:0,dirty_decay_ms:2000,background_thread:true N42_SEAL_ON_COUNTERS=1 N42_ACCOUNT_HISTORY=off N42_TAKE_COMPACT=1 N42_SF_EARLY_WRITEBACK=1 F7_VAL_NO_MALLOC_CONF=1 N42_ROAD_RUNTIME=1 N42_TX_INGEST_HIGH_WATER=2500000 F7_BENCH_POOL_SLOTS=3000000 N42_PLAN_AHEAD_BODY=1 N42_SEAL_AT_EXEC=1 N42_TX_QUEUE_DRAIN_CHUNK=8192 N42_ANSWER_LAYOUT_ONLY=1 N42_PULL_BY_FRAMES=1 N42_SF_PARALLEL_ENCODE=1 N42_BUILD_THROTTLE_HARD=80 N42_LIVE_INDEX_DEFER=1 RAYON_NUM_THREADS=16 F7_VAL_CPUS=16 N42_ROOT_OPS_AHEAD=1 TOKIO_WORKER_THREADS=16 N42_QMDB_READS=on N42_LEADER_LAYERS=3 N42_PERSIST_QMDB_IN_SCOPE=1 F7_BLOCK_INTERVAL_MS=60 F7_MEASURE_FROM_LOG=1
validator env: N42_IMPORT_ONCE=1 N42_SETTLEMENT_TAGS=legacy N42_BUILD_THROTTLE_SOFT=48 F7_EL_MAP=0,0,0,0,0,0,0 N42_FIELDS_AT_SEAL=1 N42_FREEZE_AFTER_SEAL=1 N42_FRAME_BLOCKS=1 N42_TX_INGEST_RECOVER_PARALLEL=24 N42_FREEZE_POOL=own N42_PARALLEL_BUILD_THREADS=32 N42_PLAN_AHEAD=1 N42_HASHED_TABLES=off F7_FLOOD_RATE=6000000 N42_COMPACT_BODY=1 N42_BUILD_BATCHES=128 N42_SEAL_ON_COUNTERS=1 N42_ACCOUNT_HISTORY=off N42_TAKE_COMPACT=1 N42_SF_EARLY_WRITEBACK=1 N42_ROAD_RUNTIME=1 N42_TX_INGEST_HIGH_WATER=2500000 F7_BENCH_POOL_SLOTS=3000000 N42_PLAN_AHEAD_BODY=1 N42_SEAL_AT_EXEC=1 N42_TX_QUEUE_DRAIN_CHUNK=8192 N42_ANSWER_LAYOUT_ONLY=1 N42_PULL_BY_FRAMES=1 N42_SF_PARALLEL_ENCODE=1 N42_BUILD_THROTTLE_HARD=80 N42_LIVE_INDEX_DEFER=1 RAYON_NUM_THREADS=16 F7_VAL_CPUS=16 N42_ROOT_OPS_AHEAD=1 TOKIO_WORKER_THREADS=16 N42_QMDB_READS=on N42_LEADER_LAYERS=3 N42_PERSIST_QMDB_IN_SCOPE=1 F7_MEASURE_FROM_LOG=1
loop348K7 once: start-up lines import_once=true 1; last direct-import counters 
loop348K7 imports: layers=1 direct_imports=0 canonical_blocks=3993 import_once_lines=1 (per layer: direct imports should equal canonical blocks for one execution per block)
grep: /data/blockchain/rust-fleet7-bench/node1/el.log: No such file or directory
grep: /data/blockchain/rust-fleet7-bench/node2/el.log: No such file or directory
grep: /data/blockchain/rust-fleet7-bench/node3/el.log: No such file or directory
grep: /data/blockchain/rust-fleet7-bench/node1/el.log: No such file or directory
grep: /data/blockchain/rust-fleet7-bench/node2/el.log: No such file or directory
grep: /data/blockchain/rust-fleet7-bench/node3/el.log: No such file or directory
cat: /data/blockchain/rust-fleet7-bench/node2/el.log: No such file or directory
cat: /data/blockchain/rust-fleet7-bench/node2/el.log: No such file or directory
cat: /data/blockchain/rust-fleet7-bench/node2/el.log: No such file or directory
cat: /data/blockchain/rust-fleet7-bench/node1/el.log: No such file or directory
cat: /data/blockchain/rust-fleet7-bench/node2/el.log: No such file or directory
cat: /data/blockchain/rust-fleet7-bench/node3/el.log: No such file or directory
Traceback (most recent call last):
  File [35m"<stdin>"[0m, line [35m4[0m, in [35m<module>[0m
[1;35mIndexError[0m: [35mlist index out of range[0m
loop348K7 no_variant=0 own_not_committed=0 tc=1 invalid_blocks=0 incomplete=0 gas_mismatch=0 direct_imports_failed=0 stuck_at_hashed_state=0 engine_idles_over_5s=1 proposals_given_up=0 tables_off_nodes=1 unanswered_reads=0 seal_first_total=1449 seal_first_direct=1449 direct_guard_errors=0 commit_ms_median=0 fold_ms_median=9 sealed_at_ms_median=51 state_ready_ms_median=93 build_total_ms_median=168 recover_us_median=0 par_exec_ms_median=21 par_exec_ms_median=21 giveback_filtered=0 giveback_offered_max=200000 seal_first=1449 reader_lag_max=10 reader_lag_warns=0 view_invalidated=0 el_sum_peak_g=41.4 el_max_peak_g=41.4 val_sum_peak_g=0.9 flood_peak_g=0.6 two_roads_blocks=0 two_roads_overlap_ms_median=- exec_on_output_declined=0 r1_collect_ms_median=5 proposal_at_ms_median=49 view_total_ms_median=61 import_exec_ms_median=- import_total_ms_median=- import_senders_ms_median=- import_convert_ms_median=- import_groups_median=- imports_over_600ms=0 min_avail_g=72.7 road_foreign_body_recv_ms=- road_foreign_body_decode_ms=- road_foreign_body_senders_ms=- road_foreign_body_parent_wait_ms=- road_foreign_body_check_ms=- road_foreign_body_total_ms=- road_new_payload_recv_ms=- road_new_payload_decode_ms=- road_new_payload_senders_ms=- road_new_payload_parent_wait_ms=- road_new_payload_check_ms=- road_new_payload_total_ms=- road_foreign_body_blocks=0 road_new_payload_blocks=0 fcu_answered=1838 fcu_in_flight_ms_median=0 fcu_queued_ms_median=0 fcu_queued_ms_max=105 fcu_refused=0 fcu_slow=2517 bodies_held=0 road_reuse_ms=- road_prepare_ms=- road_dispatch_ms=- road_convert_ms=- road_remember_ms=- road_header_ms=- road_fields_ms=- road_other_ms=- import_engine_ms_median=- gate_forced=0 gate_warns=0 flood_timeouts=0 canonical_min=4046 canonical_max=4046 chained_builds=2499 chain_lead_ms_median=57 chain_wait_ms_median=0 chain_started=2503 chain_discarded=3 chain_discard_reasons=_1_reason="the_build_was_aborted,_1_reason="the_chained_build_produced_nothing,_1_reason="the_execution_layer_produced_nothing,_1_reason="the_request_names_another_parent chain_alias_warns=0 el_chained=2522 bodies_held_warns=0 el_build_refused=2 el_build_refused_reasons=_2_the_build_was_aborted queued_p5=2316000 queued_p50=2461000 road_compact_blocks=0 road_compact_recv_ms=- road_compact_assemble_ms=- road_compact_root_ms=- road_compact_miss_wait_ms=- road_compact_senders_ms=- road_compact_check_ms=- road_compact_other_ms=- road_compact_total_ms=- road_compact_misses_total= compact_refused_el=0 compact_fallbacks=0 compact_bytes_median=- pool_order9=13818 par_pull_ms_median=0 build_total_ms_median2=53 road_compact_filled_blocks=0 road_compact_filled_median=- road_compact_fill_ms_median=- need_txns=0 fill_failed=0 ingest_rate_gate_open_median=- ingest_gate_open_intervals=0 ingest_slots_busy_median=- flood_rate= fill_asked_proposer=0 fill_asked_other=0 loop_lines=3145 loop_unnamed_ms_median=48 loop_body_served_ms_median=- loop_txns_served_ms_median=- import_exec_ms_median2=- pip_partition_ms=- pip_env_ms=- pip_batch_ms=- pip_groups_ms=- pip_gas_ms=- pip_merge_ms=- pip_receipts_ms=- pip_drop_ms=- pip_other_ms=- pip_total_ms=- senders_indexed_median=- road_senders_ms_median=- road_total_ms_median=- pew_ms_median=- pew_ms_p90= gate_ms_median=- gate_ms_p90= root_ms_p50=- root_ms_p90= two_roads=0 not_on_output=0 not_on_output_why= ckpt_ms_first_q=2 ckpt_ms_last_q=46 ckpt_bytes_last=34667372 parent_still_importing=0 root_wait_ms_p50=- root_wait_ms_p90= tenures_low_seal=23 seal_first_share=0.99 empty_over_deep=0 near_empty_warns=0 no_seal_why=_1_why="the_parallel_step_built_nothing" par_skipped_median=- usable_p5=2314000 ckpt_replay_ms_last_q=15 candidates_zero=0 dropped_ingest=0 let_go_warns=0 let_go_reasons= parked_p50=0 parked_max=0 held_warns=0 park_capped_total=0 superseded_builds=1 empty_not_superseded=0 mass_park_warns=0 heads_lines=0 holes_lines=0 stale_parent_refusals=0 par_groups_p5=0 cancelled_decided=1 heads_nonce0=0 stale_unconfirmed= handovers=0 el_panics=0 decided_cancelled=1 min_window_blocks=460 road_desc_blocks=0 road_desc_total_ms=- road_desc_copy_ms=- desc_misses=0 fill_failed2=0 sf_par_collect_ms=0 sf_par_commit_ms=0 sf_par_fold_ms=9 sf_par_graft_ms=0 sf_par_prefault_ms=0 sf_par_exec_ms=21 sf_sealed_at_ms=51 sf_roots_ms=31 sf_state_ready_ms=93 sf_total_ms=168 ba_find_ms=0 ba_queue_ms=0 ba_total_ms=53 ba_on_output=1448 queue_fold_us=0 queue_lock_us=2 sf_par_exec_ms=21 sf_par_fold_ms=9 pip_groups_ms=- import_exec_ms_median2=- reads_d0=0 reads_hist=0 f_reads_d0=- f_reads_hist=- f_overlay_depth=- L_read_set_ms=0 read_set_accounts=0 read_set_unresolved=0 read_set_hits=0 read_set_misses=0 start_best_ms=- par_prep_ms=- gap_before_exec_ms=- gap_after_exec_ms=- gap_before_seal_ms=- index_ms=- road_copy_aside_ms=- road_copy_wait_ms=- road_total_ms=- queue_first_miss=queue_first_miss=0:2532,queue_first_miss=18446744073709551615:1460 root_append_behind=0 populate_lag_mb=0 swap_used_g=0 root_faults=- root_faults_p90= root_faults_entries=0 root_faults_offsets=0 root_faults_index=0 root_faults_bits=0 root_faults_twigs=0 root_faults_undo=0 root_faults_tmp=0 root_append_faults=0 root_twig_pool_misses=0 batch_max_ms=8 batch_min_ms=2 batch_median_ms=4 batch_cpu_max_ms=8 batch_txs_max=2000 batch_txs_min=1500 batch_start_skew_ms=16 batch_wait_ms=0 loop_fetch_ns=0 loop_check_ns=0 loop_transfer_ns=0 loop_receipt_ns=0 loop_gas_ns=0 loop_sink_ns=0 loop_other_ns=0 batch_setup_ns=0 batch_close_ns=0 imp_exec_part_ms=- imp_exec_batches_ms=- imp_exec_graft_ms=- imp_exec_batches=- imp_exec_threads=- imp_exec_batch_max_ms=- imp_exec_batch_median_ms=- imp_parent_output_wait_ms=- road_parent_output_wait_ms=- next_start_gap_ms=1 next_entry_gap_ms=0 commit_body_ahead_used=- imp_exec_keys_ms=- imp_keys_ahead=- imp_exec_sink_ms=- imp_exec_pre_ms=- imp_exec_post_ms=- imp_exec_receipts_ms=- imp_exec_drop_ms=- root_gap_ms=- queue_whole=queue_whole=false:2532,queue_whole=true:1460 tick_tick_late_us=973 tick_preamble_us=340 tick_take_sealed_us=1 tick_sign_us=0 tick_cache_us=0 tick_presealed=- tick_describe_us=9 tick_publish_us=599 tick_tick_to_send_us=2001 road_check_ms=- road_check_include_us=- road_check_scan_us=- road_check_fold_us=- road_check_senders_us=- road_check_frames_summarized=- road_check_frames_scanned=- imp_exec_start_gap_us=- imp_gap_road_us=- imp_gap_header_us=- imp_gap_senders_us=- imp_gap_parent_us=- imp_gap_setup_us=- imp_gap_keys_wait_us=- sealed_at_p90= sealed_over_130=0 roots_ms=- cycle_p90= batch_max_ms=- batch_median_ms=- imp_batch_max=- forest_lock_warns=1462 root_seal_ms=1 root_seals=40 root_majflt=421 roots_p90= gp_layer=1458 ggp_missing=272 state_wait_split=0/0/0/0:429,10/0/0/0:87,9/0/0/0:83 qmdb_releases=0 state_wait_on= imp_road_end_ms=- imp_exec_start_ms=- imp_exec_end_ms=- imp_root_end_ms=- imp_fields_ready_ms=- imp_parent_fields_wait_ms=- imp_exec_ms=- imp_root_ms=- imp_checks_ms=- imp_engine_ms=- imp_total_ms=- road_parent_fields_wait_ms=- exec_read_ms=0 L_exec_evm_ms=0 L_exec_write_ms=0 L_exec_other_ms=0 L_reads_cache=0 L_reads_provider=0 L_reads_view=0 L_graft_base_ms=0 L_graft_reserve_ms=0 L_graft_insert_ms=0 L_graft_reverts_ms=0 L_graft_other_ms=0 L_par_exec_ms=21 L_par_graft_ms=0 F_exec_read_ms=- F_exec_evm_ms=- F_exec_write_ms=- F_exec_other_ms=- F_reads_cache=- F_reads_provider=- F_reads_view=- F_groups_ms=- L_tx_root_wait_ms=0 L_par_exec_ms=21 L_par_graft_ms=0 L_par_fold_ms=9 L_sealed_ms=7 L_state_ready_ms=93 L_roots_ms=31 L_finish_ms=101 L_total_ms=168 L_setup_ms=0 L_par_pull_ms=0 L_give_back_ms=0 L_state_wait_ms=8 L_state_after_pull=1449 L_seal_at_exec=1449 L_tx_root_ahead=0 flood_w1=3137822 txs_p10=200000 acq_us=475 slots_busy=13 ingest_rate=3111364 L_scope_join_ms=0 L_par_release_ms=0 L_commit_body_ms=0 L_par_commit_ms=0 L_give_back_ms=0 L_sealed_ms=7 L_par_exec_ms=21 L_state_wait_ms=8 L_par_pull_ms=0 L_par_prep_ms=0 L_par_start_ms=3 L_pre_exec_ms=0 L_par_run_ms=31 L_sealed_at_ms=51 F_partition_ms=- F_env_ms=- F_groups_ms=- F_merge_ms=- F_reverts_wait_ms=- F_ahead_wait_ms=- F_total_ms=- I_engine_ms=- I_root_ms=- I_total_ms=- H_engine_remember_ms=- H_engine_listing_ms=- H_engine_new_payload_ms=- busy_us=1 L_par_start_ms=3 L_start_handoff_ms=0 L_start_best_ms=3 L_start_puller_ms=0 L_par_pull_ms=0 L_par_prep_ms=0 L_state_wait_ms=8 L_par_exec_ms=21 L_par_commit_ms=0 L_sealed_ms=7 L_sealed_at_ms=51 L_par_graft_ms=0 L_graft_insert_ms=0 L_graft_reverts_ms=0 L_graft_split_us=0 L_graft_build_us=0 L_graft_merge_us=0 L_state_ready_ms=93 Q_queue_ms=0 R_dispatch_wait_ms=- R_total_ms=- R_road_runtime=1 gate_holds=0 peer_fetch=0 pool_limit=limit=4 gate_opened=gate_opened_for_block=0 I_root_ms=- flood_rate_hdr=rate=6000000/s fills=0 fill_waited=- slots_busy=13 acq_us=475 busy_us=1 converged=0 fallbacks=0 busy_us=1 recover_us=0 tf_on_output=3 tf_fallback=0 still_importing=0 busy_us=1 slots_busy=13 batches=altsig_txs=0 altsig_batches=0 tf_on_output=3 tf_fallback=0 gate_holds=0 sign_s=sign 0s replay_note=replay       : 64 files from /data/n42-pregen/g900000-400m, 400000000 transactio sign_s=sign 0s shard=shard_verified=0 shard_claimed=0 road_verified=- slots_busy=13 gate_us=7245 reply_us=7832 queued=2461000 assemble_ms=- road_take_ms=- road_body_ms=- road_encode_ms=- shards=16 shard_insert_ms=0 shard_wait_ms=0 shard_fold_ms=15 shard_append_ms=16 shard_merge_ms=57 state_ready_ms=93 roots_ms=31 exec_read_ms=0 exec_evm_ms=0 exec_write_ms=0 exec_other_ms=0 reads_cache=0 reads_provider=0 reads_view=0 par_run_ms=31 fold_task_cpu_max_us=14450 fold_task_minflt_max=0 fold_task_minflt_sum=0 fold_task_migrated=0 fold_task_nivcsw_max=0 fold_index=1 fold_index_build_ms=14 fold_index_conflicts=8344 fold_queue_us=65 fold_skew_us=36 fold_task_max_us=14444 fold_tail_us=19 start_best_ms=3 start_select_ms=0 start_walk_ms=0 start_walk_check_ms=0 start_best_other_ms=0 start_frames_by_ref=0 start_frames_slow=0 start_pull_ms=0 start_other_ms=0 start_handoff_ms=0 par_start_ms=3 par_prep_ms=0 par_commit_ms=0 commit_body_ms=0 par_fold_ms=9 sealed_ms=7 copy_ms=- prune_ms=0 frames=- frames_missing=- frame_root_ms=- root_ms=- frames_admitted=frames_admitted=579442 frames_unaligned=0 frame_root_indexed=- seal_layout_ms=0 seal_root_ms=0 attested= busy_us=1 slots_busy=13 reply_us=7832 prune_ms=0 body_refused=0 body_failed_late=0
loop348K7 win1 tps=3,146,667 txs=94,400,000 blocks= 472 cycle=0.064s occupancy= 99.8% full(>=95%)=471/472 basefee=n/a (from the layer's log)
loop348K7 win2 tps=3,066,667 txs=92,000,000 blocks= 460 cycle=0.065s occupancy=100.0% full(>=95%)=460/460 basefee=n/a (from the layer's log)
loop348K7 win3 tps=3,126,667 txs=93,800,000 blocks= 469 cycle=0.064s occupancy=100.0% full(>=95%)=469/469 basefee=n/a (from the layer's log)
loop348K7 tps=3,146,667 round_txs=280200000 cycles_w1=
loop348K7 imp_fields_p90= b_p75=5
loop348K7 overlay: filter_skips=0 probes=0 ratio=- (ratio = skips/(skips+probes))
loop348K7 overlay_manager:       1 state_trie_overlay=false  state-ovly_cpu=0
loop348K7 verify: written to /data/blockchain/rust-fleet7-bench/bench-loop348K7/verify.json
== validator memory at flood +70 s (loop348K7)
validators 7: RSS sum 0.9 G, max 0.16 G, mean 0.13 G; threads 273 (mean 39)
one validator (pid 79742):
VmHWM:	  122792 kB
VmRSS:	  122792 kB
RssAnon:	  106732 kB
RssFile:	   16060 kB
RssShmem:	       0 kB
Threads:	39
Rss:              122792 kB
Private_Dirty:    106732 kB
Anonymous:        106732 kB
AnonHugePages:         0 kB
threads by name:
     33 h2_validator
      4 tokio-rt-worker
      1 n42-qmdb-prefau
      1 futures-timer
largest mappings by Rss:
46612  7e7bc1a00000-7e7bc8a00000
17292  7e7bceb00000-7e7bd1000000
12796  7e7bd1100000-7e7bd2e00000
11112 /data/n42-build/target-n42-rs/native/release/examples/h2_validator 5acb6952e000-5acb6a3c6000
8184  7e7bc9000000-7e7bc9800000
7280  7e7bc9900000-7e7bca400000
6072  7e7bce400000-7e7bcea00000
2352  7e7bd9a00000-7e7bd9e00000
RSS of all validators, sorted:
min 122.364 MB median 122.624 MB max 155.812 MB
== many-keys report loop348K7
== loop348K7: 7 validator logs, f=2, quorum 5
1. the leaders' commit lines
  R1_collect (proposal -> prepare QC): n=4330 p50 5.0 p90 30.0 p99 78.0 max 104.0 ms
  R2_collect (prepare QC -> commit QC): n=4330 p50 5.0 p90 6.0 p99 12.0 max 15.0 ms
  total (proposal -> commit): n=4330 p50 61.0 p90 73.0 p99 129.0 max 668.0 ms
  votes at formation: R1 median 5 max 5 (quorum 5); R2 median 5 max 5
2. vote collection at the traced leaders (first vote -> quorum -> last vote)
 R1 (vote), 3071 views:
    proposal -> first vote: n=3071 p50 2.2 p90 35.1 p99 80.1 max 101.8 ms
    first vote -> quorum: n=3070 p50 2.2 p90 2.4 p99 2.8 max 9.7 ms
    quorum -> last vote: n=3070 p50 1.8 p90 2.0 p99 8.0 max 75.2 ms
    proposal -> last vote (the slowest key): n=3071 p50 6.4 p90 39.5 p99 86.8 max 168.3 ms
   views with fewer than 6 votes received: 1
 R2 (commit_vote), 3070 views:
    proposal -> first vote: n=3070 p50 8.3 p90 41.7 p99 87.7 max 113.8 ms
    first vote -> quorum: n=3070 p50 2.2 p90 2.3 p99 2.5 max 5.7 ms
    quorum -> last vote: n=3070 p50 0.9 p90 0.9 p99 1.1 max 15.1 ms
    proposal -> last vote (the slowest key): n=3070 p50 11.4 p90 45.1 p99 90.9 max 117.1 ms
   views with fewer than 6 votes received: 0
3. the straggler rule and the loop
  proposal interval (same leader, consecutive views): n=4326 p50 61.4 p90 62.3 p99 90.0 max 6025.0 ms; >= 500 ms: 2
  no `slow step` lines
4. gossip propagation (proposal sent -> received at a traced follower)
    proposal arrival delay: n=9922 p50 0.2 p90 0.3 p99 0.7 max 12.6 ms
4b. the new fields (docs/E1_MANY_KEYS.md section 6), leaders' `block committed!` and `proposal sent` lines
    verify_us: n=4330 p50 6558.0 p90 6798.0 p99 7061.0 max 9267.0 us
    verify_n: n=4330 p50 10.0 p90 10.0 p99 10.0 max 14.0 
    verify_batches: n=4330 p50 0.0 p90 0.0 p99 0.0 max 0.0 
  verify_fallbacks: total 0 over 4330 blocks
    inbound_queue_max: n=4330 p50 0.0 p90 0.0 p99 0.0 max 0.0 
    gossip_poll_us: n=4330 p50 381.0 p90 410.0 p99 622.0 max 1223.0 us
  straggler_waits (cumulative per leader log, summed over 5 leaders): 1; waits with straggler_wait_us > 0: 1 of 4331 proposals, p50 654.3 p90 654.3 max 654.3 ms, total 0.65 s
  direct votes at the leaders: received 0 (duplicates dropped 0); sent by those nodes 0, fallbacks to gossip 0; leaders led 4331 views = 51972 vote messages expected (2 rounds x 6); direct share of those 0.0%
5. validators
validators n=7: cpu total 1.22 cores, per key mean 0.175 median 0.156 max 0.215 (key 1) min 0.156; rss per key peak mean 0.134 max 0.197 G, sum of peaks 0.9 G; threads per key mean 39, total 273
libp2p connections (last census of 5): 42 in all (a full mesh of 7 is 21); sockets per process min 6 median 6 max 6
== loop348K7  (E=1: seven validator keys on one execution layer)
  window 1: canonical 472 blocks, 94.4M tx = 3,146,667/s (100.0% of window 1), full 471/472 (100%); cycle mean/median/p90 63.4/61.5/68.1 ms
    leader builds 473: sealed_at median/p90/p99 49/70/95; phases median/p90 ms: gap_before_exec 8/45, state_wait 8/45, par 50/82, par_exec 21/26, roots 29/41, parent_fields 4/20, sealed 5/20
    state_wait_on {'output': 259, 'none': 146, 'grandparent': 68}; builds with state_wait > 20 ms: 95 ([('grandparent', 66), ('output', 29)]); gp_layer {1.0: 473}, ggp_missing {0.0: 394, 1.0: 79}
    queue at the builds min/median 926,000/2,513,500
    new field batch_cpu_sum_us: median/p90/max 586535.0/720610.0/1351475, nonzero 473
    new field batch_dispatch_us: median/p90/max 215.0/295.0/781, nonzero 473
    new field batch_first_start_us: median/p90/max 75.0/118.0/281, nonzero 473
    new field batch_ivcsw: median/p90/max 1.0/6.0/34, nonzero 278
    new field batch_last_end_us: median/p90/max 21434.0/26512.0/51136, nonzero 473
    new field batch_last_start_us: median/p90/max 16601.0/20516.0/40171, nonzero 473
    new field batch_live_deferred: median/p90/max 72.0/79.0/87, nonzero 473
    new field batch_live_lock_hold_us: median/p90/max 10107.0/11749.0/13954, nonzero 473
    new field batch_live_lock_wait_us: median/p90/max 0.0/0.0/0, nonzero 0
    new field batch_live_lock_waits: median/p90/max 0.0/0.0/0, nonzero 0
    new field batch_majflt: median/p90/max 0.0/0.0/0, nonzero 0
    new field batch_minflt: median/p90/max 868.0/9529.0/26876, nonzero 473
    new field batch_open_max_us: median/p90/max 410.0/506.0/2208, nonzero 473
    new field batch_open_sum_us: median/p90/max 9921.0/12579.0/18034, nonzero 473
    new field batch_threads: median/p90/max 32.0/32.0/32, nonzero 473
    new field batch_vcsw: median/p90/max 168.0/522.0/1035, nonzero 473
    new field batch_view_index_wait_us: median/p90/max 0.0/24788.0/59987, nonzero 110
    new field batch_view_index_waits: median/p90/max 0.0/323.0/704, nonzero 110
    new field batch_view_slot_wait_us: median/p90/max 0.0/2279.0/6152, nonzero 120
    new field batch_view_slot_waits: median/p90/max 0.0/63.0/148, nonzero 120
    new field batch_wall_sum_us: median/p90/max 598070.0/731476.0/1353125, nonzero 473
    new field batches: median/p90/max 128.0/128.0/128, nonzero 473
    new field build_batches: median/p90/max 128.0/128.0/128, nonzero 473
    new field carried_depth: median/p90/max 1.0/1.0/1, nonzero 473
    new field exec_end_to_seal_us: median/p90/max 87.0/134.0/335, nonzero 473
    new field exec_partition_us: median/p90/max 6.0/8.0/1794, nonzero 473
    new field exec_prepared_groups: {'true': 469, 'false': 4}
    new field exec_prepared_slots: {'true': 469, 'false': 4}
    new field exec_slots_us: median/p90/max 0.0/0.0/1469, nonzero 5
    new field freeze_join_wait_us: median/p90/max 9087.0/18703.0/35740, nonzero 473
    new field freeze_late: {'true': 473}
    new field freeze_pool_own: {'true': 473}
    new field live_index_defer: {'true': 473}
    new field merge_accounts: median/p90/max 192641.0/195614.0/198759, nonzero 473
    new field merge_append_us: median/p90/max 3510.0/6657.0/12314, nonzero 473
    new field merge_early: {'false': 473}
    new field merge_join_wait_us: median/p90/max 0.0/0.0/0, nonzero 0
    new field merge_reverts: median/p90/max 192641.0/195614.0/198759, nonzero 473
    new field merge_reverts_us: median/p90/max 14892.0/19552.0/28092, nonzero 473
    new field merge_state_us: median/p90/max 37241.0/43681.0/65420, nonzero 473
    new field merge_tail_us: median/p90/max 0.0/0.0/1, nonzero 6
    new field merge_threads: median/p90/max 1.0/1.0/1, nonzero 473
    new field one_wave: {'false': 473}
    new field open_engine_us: median/p90/max 0.0/21504.0/87162, nonzero 79
    new field open_fallback: {'false': 394, 'true': 79}
    new field open_keep_us: median/p90/max 6.0/9.0/33, nonzero 473
    new field open_kept_accounts: median/p90/max 577798.0/583969.0/592226, nonzero 473
    new field open_layers: median/p90/max 3.0/3.0/3, nonzero 473
    new field open_provider_us: median/p90/max 96.0/148.0/588, nonzero 473
    new field plan_age_us: median/p90/max 47680.0/96831.0/139260, nonzero 473
    new field plan_ahead: median/p90/max 1.0/1.0/2, nonzero 473
    new field plan_body: median/p90/max 1.0/1.0/2, nonzero 472
    new field plan_body_us: median/p90/max 14858.0/19531.0/25305, nonzero 469
    new field plan_discard: {'': 473}
    new field plan_prep_us: median/p90/max 6888.0/12685.0/26357, nonzero 473
    new field plan_topup_txs: median/p90/max 0.0/0.0/19000, nonzero 1
    new field prep_from_plan: {'true': 469, 'false': 4}
    new field prev_seal_to_answer_us: median/p90/max 1732.0/2736.0/4128, nonzero 473
    new field prev_seal_to_entry_us: median/p90/max 0.0/0.0/0, nonzero 0
    new field prev_seal_to_header_us: median/p90/max 199.0/314.0/700, nonzero 473
    new field prev_seal_to_import_us: median/p90/max 112188.0/142791.0/189642, nonzero 440
    new field prev_seal_to_request_us: median/p90/max 958.0/67176.0/88538, nonzero 473
    new field prev_seal_to_start_us: median/p90/max 1215.0/67403.0/88823, nonzero 473
    new field pull_bulk_txs: median/p90/max 200000.0/200000.0/200000, nonzero 473
    new field pull_bulk_us: median/p90/max 5.0/8.0/1333, nonzero 473
    new field receipts_late: {'false': 473}
    new field receipts_late_wait_us: median/p90/max 0.0/0.0/0, nonzero 0
    new field rename_fallbacks: median/p90/max 0.0/0.0/0, nonzero 0
    new field rename_record_waits: median/p90/max 0.0/0.0/0, nonzero 0
    new field root_apply_gap_us: median/p90/max 10.0/12.0/23, nonzero 473
    new field root_apply_total_us: median/p90/max 20474.0/27941.0/46036, nonzero 473
    new field root_compute_us: median/p90/max 22474.0/31420.0/48679, nonzero 473
    new field root_delta_us: median/p90/max 1120.0/3648.0/11756, nonzero 473
    new field root_index_us: median/p90/max 2662.0/5509.0/14817, nonzero 473
    new field root_leaves_us: median/p90/max 6787.0/11288.0/20221, nonzero 473
    new field root_note_us: median/p90/max 149.0/215.0/1606, nonzero 473
    new field root_ops_ahead: {'true': 473}
    new field root_ops_ahead_wait_us: median/p90/max 3188.0/8876.0/23244, nonzero 473
    new field root_ops_concat_us: median/p90/max 0.0/0.0/0, nonzero 0
    new field root_ops_encode_us: median/p90/max 5788.0/9868.0/22565, nonzero 473
    new field root_ops_finish_us: median/p90/max 2306.0/2947.0/9309, nonzero 473
    new field root_ops_sort_us: median/p90/max 2976.0/7085.0/12059, nonzero 473
    new field root_ops_us: median/p90/max 5512.0/11170.0/25152, nonzero 473
    new field root_rehash_us: median/p90/max 1375.0/1822.0/11864, nonzero 473
    new field root_retire_us: median/p90/max 1459.0/2301.0/8475, nonzero 473
    new field root_sort_us: median/p90/max 167.0/368.0/4321, nonzero 473
    new field root_undo_us: median/p90/max 317.0/590.0/2219, nonzero 473
    new field root_writes_us: median/p90/max 6630.0/8818.0/20294, nonzero 473
    new field seal_hashes_ahead: {'true': 473}
    new field seal_on_counters: {'true': 473}
    new field seal_to_complete_us: median/p90/max 105909.0/123433.0/142833, nonzero 473
    new field seal_to_frozen_us: median/p90/max 9056.0/18655.0/35654, nonzero 363
    new field seal_to_merge_end_us: median/p90/max 105817.0/123358.0/142716, nonzero 473
    new field seal_to_merge_start_us: median/p90/max 49110.0/61633.0/81326, nonzero 473
    new field seal_to_ops_ahead_us: median/p90/max 21125.0/32205.0/49677, nonzero 473
    new field seal_to_shards_ready_us: median/p90/max 14532.0/22979.0/38621, nonzero 473
    new field seal_to_state_ready_us: median/p90/max 105824.0/123364.0/142724, nonzero 473
    new field sealed_unix_us: median/p90/max 1791445881413818.0/1791445893637786.0/1791445896643054, nonzero 473
    new field start_walk_check_us: median/p90/max 0.0/0.0/73, nonzero 1
    new field start_walk_ids_us: median/p90/max 0.0/0.0/82, nonzero 1
    new field start_walk_settle_us: median/p90/max 0.0/0.0/0, nonzero 0
    new field start_walk_us: median/p90/max 0.0/0.0/752, nonzero 1
    new field state_wait_us: median/p90/max 8039.0/45057.0/105924, nonzero 473
    new field view_journal_reads: median/p90/max 0.0/81920.0/192512, nonzero 232
    new field view_journal_searches: median/p90/max 0.0/224882.0/568410, nonzero 232
    new field view_journal_skips: median/p90/max 0.0/0.0/0, nonzero 0
    new field whole_take_noted: {'true': 473}
    binding wait (tick / quorum / seal share, mean cycle): tick 99% (63); quorum 0% (106); seal 0% (95); feed-bound (blocks under 95% of the tier): 1 of 472
    slowest key vote delay median/p90 6.1/51.6 ms
    engine own-import total_ms per block median/p90/max 36/53/77 (n=471)
    layer RSS 4.8 -> 26.9 G (max 26.9), in-memory blocks max 10
    execution layer cores busy 34.8    validators cores busy 1.2
    flood delivered (median per 5 s over the leg) 3,135,622/s
  window 2: canonical 460 blocks, 92.0M tx = 3,066,667/s (97.5% of window 1), full 460/460 (100%); cycle mean/median/p90 63.8/61.5/70.3 ms
    leader builds 459: sealed_at median/p90/p99 52/74/95; phases median/p90 ms: gap_before_exec 10/45, state_wait 9/45, par 55/87, par_exec 21/27, roots 31/44, parent_fields 6/20, sealed 7/21
    state_wait_on {'grandparent': 85, 'output': 265, 'none': 107, 'layer_release': 1, 'open': 1}; builds with state_wait > 20 ms: 102 ([('grandparent', 78), ('output', 24)]); gp_layer {1.0: 459}, ggp_missing {1.0: 95, 0.0: 364}
    queue at the builds min/median 2,254,500/2,516,500
    new field batch_cpu_sum_us: median/p90/max 585229.0/711371.0/1915776, nonzero 459
    new field batch_dispatch_us: median/p90/max 217.0/296.0/2714, nonzero 459
    new field batch_first_start_us: median/p90/max 78.0/116.0/383, nonzero 459
    new field batch_ivcsw: median/p90/max 1.0/6.0/36, nonzero 277
    new field batch_last_end_us: median/p90/max 21339.0/27189.0/66547, nonzero 459
    new field batch_last_start_us: median/p90/max 16471.0/19999.0/57568, nonzero 459
    new field batch_live_deferred: median/p90/max 73.0/81.0/135, nonzero 459
    new field batch_live_lock_hold_us: median/p90/max 10522.0/12350.0/19217, nonzero 459
    new field batch_live_lock_wait_us: median/p90/max 0.0/0.0/0, nonzero 0
    new field batch_live_lock_waits: median/p90/max 0.0/0.0/0, nonzero 0
    new field batch_majflt: median/p90/max 0.0/0.0/0, nonzero 0
    new field batch_minflt: median/p90/max 855.0/9396.0/28941, nonzero 459
    new field batch_open_max_us: median/p90/max 439.0/528.0/2167, nonzero 459
    new field batch_open_sum_us: median/p90/max 11134.0/13217.0/17346, nonzero 459
    new field batch_threads: median/p90/max 32.0/32.0/32, nonzero 459
    new field batch_vcsw: median/p90/max 177.0/511.0/958, nonzero 459
    new field batch_view_index_wait_us: median/p90/max 0.0/20966.0/55741, nonzero 119
    new field batch_view_index_waits: median/p90/max 0.0/292.0/664, nonzero 119
    new field batch_view_slot_wait_us: median/p90/max 0.0/2035.0/4531, nonzero 123
    new field batch_view_slot_waits: median/p90/max 0.0/51.0/117, nonzero 123
    new field batch_wall_sum_us: median/p90/max 594600.0/727501.0/1933895, nonzero 459
    new field batches: median/p90/max 128.0/128.0/128, nonzero 459
    new field build_batches: median/p90/max 128.0/128.0/128, nonzero 459
    new field carried_depth: median/p90/max 1.0/1.0/1, nonzero 459
    new field exec_end_to_seal_us: median/p90/max 91.0/142.0/354, nonzero 459
    new field exec_partition_us: median/p90/max 6.0/8.0/2583, nonzero 459
    new field exec_prepared_groups: {'true': 455, 'false': 4}
    new field exec_prepared_slots: {'true': 455, 'false': 4}
    new field exec_slots_us: median/p90/max 0.0/0.0/1833, nonzero 4
    new field freeze_join_wait_us: median/p90/max 10518.0/21586.0/48037, nonzero 459
    new field freeze_late: {'true': 459}
    new field freeze_pool_own: {'true': 459}
    new field live_index_defer: {'true': 459}
    new field merge_accounts: median/p90/max 191413.0/194780.0/198561, nonzero 459
    new field merge_append_us: median/p90/max 2788.0/7079.0/16702, nonzero 459
    new field merge_early: {'false': 459}
    new field merge_join_wait_us: median/p90/max 0.0/0.0/0, nonzero 0
    new field merge_reverts: median/p90/max 191413.0/194780.0/198561, nonzero 459
    new field merge_reverts_us: median/p90/max 15771.0/20664.0/31918, nonzero 459
    new field merge_state_us: median/p90/max 37499.0/44550.0/58168, nonzero 459
    new field merge_tail_us: median/p90/max 0.0/0.0/1, nonzero 5
    new field merge_threads: median/p90/max 1.0/1.0/1, nonzero 459
    new field one_wave: {'false': 459}
    new field open_engine_us: median/p90/max 0.0/34540.0/66307, nonzero 95
    new field open_fallback: {'false': 364, 'true': 95}
    new field open_keep_us: median/p90/max 6.0/10.0/4779, nonzero 459
    new field open_kept_accounts: median/p90/max 574203.0/581149.0/587340, nonzero 459
    new field open_layers: median/p90/max 3.0/3.0/3, nonzero 459
    new field open_provider_us: median/p90/max 97.0/173.0/992, nonzero 459
    new field plan_age_us: median/p90/max 50305.0/96925.0/119224, nonzero 458
    new field plan_ahead: median/p90/max 1.0/1.0/1, nonzero 458
    new field plan_body: median/p90/max 1.0/1.0/2, nonzero 458
    new field plan_body_us: median/p90/max 12941.0/18163.0/23918, nonzero 455
    new field plan_discard: {'': 458, 'not_on_its_parent': 1}
    new field plan_prep_us: median/p90/max 6900.0/11059.0/24209, nonzero 458
    new field plan_topup_txs: median/p90/max 0.0/0.0/0, nonzero 0
    new field prep_from_plan: {'true': 455, 'false': 4}
    new field prev_seal_to_answer_us: median/p90/max 1861.0/3347.0/5273, nonzero 458
    new field prev_seal_to_entry_us: median/p90/max 0.0/0.0/0, nonzero 0
    new field prev_seal_to_header_us: median/p90/max 208.0/328.0/640, nonzero 458
    new field prev_seal_to_import_us: median/p90/max 119241.0/150638.0/193771, nonzero 419
    new field prev_seal_to_request_us: median/p90/max 956.0/64469.0/84404, nonzero 458
    new field prev_seal_to_start_us: median/p90/max 1255.0/64767.0/84667, nonzero 458
    new field pull_bulk_txs: median/p90/max 200000.0/200000.0/200000, nonzero 459
    new field pull_bulk_us: median/p90/max 5.0/8.0/1071, nonzero 459
    new field receipts_late: {'false': 459}
    new field receipts_late_wait_us: median/p90/max 0.0/0.0/0, nonzero 0
    new field rename_fallbacks: median/p90/max 0.0/0.0/0, nonzero 0
    new field rename_record_waits: median/p90/max 0.0/0.0/0, nonzero 0
    new field root_apply_gap_us: median/p90/max 10.0/12.0/21, nonzero 459
    new field root_apply_total_us: median/p90/max 21244.0/29016.0/43447, nonzero 459
    new field root_compute_us: median/p90/max 23514.0/31592.0/87116, nonzero 459
    new field root_delta_us: median/p90/max 1150.0/3160.0/10530, nonzero 459
    new field root_index_us: median/p90/max 2755.0/6014.0/18221, nonzero 459
    new field root_leaves_us: median/p90/max 6833.0/10288.0/23636, nonzero 459
    new field root_note_us: median/p90/max 143.0/204.0/1395, nonzero 459
    new field root_ops_ahead: {'true': 459}
    new field root_ops_ahead_wait_us: median/p90/max 2587.0/8806.0/21100, nonzero 458
    new field root_ops_concat_us: median/p90/max 0.0/0.0/0, nonzero 0
    new field root_ops_encode_us: median/p90/max 5521.0/9608.0/18805, nonzero 459
    new field root_ops_finish_us: median/p90/max 2344.0/3300.0/8859, nonzero 459
    new field root_ops_sort_us: median/p90/max 3251.0/6877.0/18947, nonzero 459
    new field root_ops_us: median/p90/max 5220.0/11321.0/23367, nonzero 459
    new field root_rehash_us: median/p90/max 1996.0/2770.0/16817, nonzero 459
    new field root_retire_us: median/p90/max 1655.0/2455.0/14150, nonzero 459
    new field root_sort_us: median/p90/max 180.0/391.0/2520, nonzero 459
    new field root_undo_us: median/p90/max 325.0/624.0/2986, nonzero 459
    new field root_writes_us: median/p90/max 6580.0/8852.0/17566, nonzero 459
    new field seal_hashes_ahead: {'true': 459}
    new field seal_on_counters: {'true': 459}
    new field seal_to_complete_us: median/p90/max 110679.0/127010.0/156660, nonzero 459
    new field seal_to_frozen_us: median/p90/max 10506.0/21533.0/47967, nonzero 361
    new field seal_to_merge_end_us: median/p90/max 110590.0/126918.0/156582, nonzero 459
    new field seal_to_merge_start_us: median/p90/max 51622.0/66011.0/111956, nonzero 459
    new field seal_to_ops_ahead_us: median/p90/max 22086.0/33462.0/56348, nonzero 459
    new field seal_to_shards_ready_us: median/p90/max 15850.0/25688.0/51090, nonzero 459
    new field seal_to_state_ready_us: median/p90/max 110597.0/126926.0/156592, nonzero 459
    new field sealed_unix_us: median/p90/max 1791445911914815.0/1791445923653737.0/1791445926649999, nonzero 459
    new field start_walk_check_us: median/p90/max 0.0/0.0/102, nonzero 1
    new field start_walk_ids_us: median/p90/max 0.0/0.0/509, nonzero 1
    new field start_walk_settle_us: median/p90/max 0.0/0.0/0, nonzero 0
    new field start_walk_us: median/p90/max 0.0/0.0/4630, nonzero 1
    new field state_wait_us: median/p90/max 9852.0/45355.0/86892, nonzero 459
    new field view_journal_reads: median/p90/max 8192.0/77824.0/167936, nonzero 242
    new field view_journal_searches: median/p90/max 31790.0/212726.0/479101, nonzero 242
    new field view_journal_skips: median/p90/max 0.0/0.0/0, nonzero 0
    new field whole_take_noted: {'true': 459}
    binding wait (tick / quorum / seal share, mean cycle): tick 96% (63); quorum 2% (107); seal 2% (70); feed-bound (blocks under 95% of the tier): 0 of 460
    slowest key vote delay median/p90 10.0/57.1 ms
    engine own-import total_ms per block median/p90/max 41/61/108 (n=460)
    layer RSS 26.2 -> 34.1 G (max 34.1), in-memory blocks max 10
    execution layer cores busy 33.7    validators cores busy 1.2
  window 3: canonical 469 blocks, 93.8M tx = 3,126,667/s (99.4% of window 1), full 469/469 (100%); cycle -
    leader builds 469: sealed_at median/p90/p99 51/74/95; phases median/p90 ms: gap_before_exec 7/30, state_wait 7/30, par 52/77, par_exec 22/27, roots 33/49, parent_fields 7/25, sealed 8/26
    state_wait_on {'output': 238, 'none': 156, 'grandparent': 75}; builds with state_wait > 20 ms: 73 ([('grandparent', 63), ('output', 10)]); gp_layer {1.0: 469}, ggp_missing {0.0: 385, 1.0: 84}
    queue at the builds min/median 1,931,000/2,513,000
    new field batch_cpu_sum_us: median/p90/max 603206.0/719324.0/1926355, nonzero 469
    new field batch_dispatch_us: median/p90/max 211.0/299.0/541, nonzero 469
    new field batch_first_start_us: median/p90/max 72.0/108.0/313, nonzero 469
    new field batch_ivcsw: median/p90/max 1.0/7.0/27, nonzero 297
    new field batch_last_end_us: median/p90/max 22227.0/27771.0/67905, nonzero 469
    new field batch_last_start_us: median/p90/max 17203.0/20683.0/54666, nonzero 469
    new field batch_live_deferred: median/p90/max 74.0/83.0/296, nonzero 469
    new field batch_live_lock_hold_us: median/p90/max 10918.0/13380.0/38823, nonzero 469
    new field batch_live_lock_wait_us: median/p90/max 0.0/0.0/0, nonzero 0
    new field batch_live_lock_waits: median/p90/max 0.0/0.0/0, nonzero 0
    new field batch_majflt: median/p90/max 0.0/0.0/3, nonzero 6
    new field batch_minflt: median/p90/max 966.0/9537.0/35742, nonzero 469
    new field batch_open_max_us: median/p90/max 434.0/523.0/3262, nonzero 469
    new field batch_open_sum_us: median/p90/max 10711.0/13259.0/18798, nonzero 469
    new field batch_threads: median/p90/max 32.0/32.0/32, nonzero 469
    new field batch_vcsw: median/p90/max 177.0/539.0/835, nonzero 469
    new field batch_view_index_wait_us: median/p90/max 0.0/22845.0/50974, nonzero 124
    new field batch_view_index_waits: median/p90/max 0.0/320.0/617, nonzero 124
    new field batch_view_slot_wait_us: median/p90/max 0.0/2290.0/5135, nonzero 129
    new field batch_view_slot_waits: median/p90/max 0.0/69.0/114, nonzero 129
    new field batch_wall_sum_us: median/p90/max 615862.0/741044.0/1932246, nonzero 469
    new field batches: median/p90/max 128.0/128.0/128, nonzero 469
    new field build_batches: median/p90/max 128.0/128.0/128, nonzero 469
    new field carried_depth: median/p90/max 1.0/1.0/1, nonzero 469
    new field exec_end_to_seal_us: median/p90/max 92.0/148.0/547, nonzero 469
    new field exec_partition_us: median/p90/max 6.0/9.0/34, nonzero 469
    new field exec_prepared_groups: {'true': 469}
    new field exec_prepared_slots: {'true': 469}
    new field exec_slots_us: median/p90/max 0.0/0.0/0, nonzero 0
    new field freeze_join_wait_us: median/p90/max 7370.0/16836.0/30637, nonzero 469
    new field freeze_late: {'true': 469}
    new field freeze_pool_own: {'true': 469}
    new field live_index_defer: {'true': 469}
    new field merge_accounts: median/p90/max 191743.0/195112.0/197409, nonzero 469
    new field merge_append_us: median/p90/max 3865.0/8824.0/19545, nonzero 469
    new field merge_early: {'false': 469}
    new field merge_join_wait_us: median/p90/max 0.0/0.0/0, nonzero 0
    new field merge_reverts: median/p90/max 191743.0/195112.0/197409, nonzero 469
    new field merge_reverts_us: median/p90/max 16562.0/21932.0/31201, nonzero 469
    new field merge_state_us: median/p90/max 39277.0/47561.0/60204, nonzero 469
    new field merge_tail_us: median/p90/max 0.0/0.0/1, nonzero 16
    new field merge_threads: median/p90/max 1.0/1.0/1, nonzero 469
    new field one_wave: {'false': 469}
    new field open_engine_us: median/p90/max 0.0/20294.0/101908, nonzero 84
    new field open_fallback: {'false': 385, 'true': 84}
    new field open_keep_us: median/p90/max 6.0/10.0/29, nonzero 469
    new field open_kept_accounts: median/p90/max 574914.0/582297.0/588036, nonzero 469
    new field open_layers: median/p90/max 3.0/3.0/3, nonzero 469
    new field open_provider_us: median/p90/max 94.0/170.0/588, nonzero 469
    new field plan_age_us: median/p90/max 50036.0/97959.0/134388, nonzero 469
    new field plan_ahead: median/p90/max 1.0/1.0/1, nonzero 469
    new field plan_body: median/p90/max 1.0/1.0/1, nonzero 469
    new field plan_body_us: median/p90/max 13882.0/18531.0/23491, nonzero 469
    new field plan_discard: {'': 469}
    new field plan_prep_us: median/p90/max 7183.0/13210.0/29707, nonzero 469
    new field plan_topup_txs: median/p90/max 0.0/0.0/0, nonzero 0
    new field prep_from_plan: {'true': 469}
    new field prev_seal_to_answer_us: median/p90/max 1873.0/3524.0/5716, nonzero 469
    new field prev_seal_to_entry_us: median/p90/max 0.0/0.0/0, nonzero 0
    new field prev_seal_to_header_us: median/p90/max 204.0/325.0/1117, nonzero 469
    new field prev_seal_to_import_us: median/p90/max 123603.0/156901.0/203946, nonzero 431
    new field prev_seal_to_request_us: median/p90/max 953.0/64729.0/83784, nonzero 469
    new field prev_seal_to_start_us: median/p90/max 1251.0/64952.0/84135, nonzero 469
    new field pull_bulk_txs: median/p90/max 200000.0/200000.0/200000, nonzero 469
    new field pull_bulk_us: median/p90/max 5.0/8.0/52, nonzero 469
    new field receipts_late: {'false': 469}
    new field receipts_late_wait_us: median/p90/max 0.0/0.0/0, nonzero 0
    new field rename_fallbacks: median/p90/max 0.0/0.0/0, nonzero 0
    new field rename_record_waits: median/p90/max 0.0/0.0/0, nonzero 0
    new field root_apply_gap_us: median/p90/max 11.0/13.0/95, nonzero 469
    new field root_apply_total_us: median/p90/max 22403.0/31187.0/67930, nonzero 469
    new field root_compute_us: median/p90/max 24496.0/33816.0/69527, nonzero 469
    new field root_delta_us: median/p90/max 1157.0/2238.0/10728, nonzero 469
    new field root_index_us: median/p90/max 2877.0/5264.0/19312, nonzero 469
    new field root_leaves_us: median/p90/max 7072.0/11292.0/22030, nonzero 469
    new field root_note_us: median/p90/max 144.0/202.0/1073, nonzero 469
    new field root_ops_ahead: {'true': 469}
    new field root_ops_ahead_wait_us: median/p90/max 2823.0/9834.0/20092, nonzero 468
    new field root_ops_concat_us: median/p90/max 0.0/0.0/0, nonzero 0
    new field root_ops_encode_us: median/p90/max 5464.0/10500.0/19245, nonzero 469
    new field root_ops_finish_us: median/p90/max 2261.0/3598.0/9227, nonzero 469
    new field root_ops_sort_us: median/p90/max 3410.0/7088.0/12796, nonzero 469
    new field root_ops_us: median/p90/max 5460.0/12025.0/22015, nonzero 469
    new field root_rehash_us: median/p90/max 2567.0/3560.0/33038, nonzero 469
    new field root_retire_us: median/p90/max 1603.0/2718.0/8226, nonzero 469
    new field root_sort_us: median/p90/max 191.0/402.0/3793, nonzero 469
    new field root_undo_us: median/p90/max 334.0/669.0/2646, nonzero 469
    new field root_writes_us: median/p90/max 6815.0/10134.0/18060, nonzero 469
    new field seal_hashes_ahead: {'true': 469}
    new field seal_on_counters: {'true': 469}
    new field seal_to_complete_us: median/p90/max 114268.0/133268.0/174321, nonzero 469
    new field seal_to_frozen_us: median/p90/max 7336.0/16790.0/30627, nonzero 324
    new field seal_to_merge_end_us: median/p90/max 114190.0/133160.0/174208, nonzero 469
    new field seal_to_merge_start_us: median/p90/max 50726.0/68470.0/104184, nonzero 469
    new field seal_to_ops_ahead_us: median/p90/max 20349.0/29987.0/43537, nonzero 469
    new field seal_to_shards_ready_us: median/p90/max 13265.0/21412.0/34022, nonzero 469
    new field seal_to_state_ready_us: median/p90/max 114196.0/133170.0/174217, nonzero 469
    new field sealed_unix_us: median/p90/max 1791445941957613.0/1791445953599983.0/1791445956598072, nonzero 469
    new field start_walk_check_us: median/p90/max 0.0/0.0/0, nonzero 0
    new field start_walk_ids_us: median/p90/max 0.0/0.0/0, nonzero 0
    new field start_walk_settle_us: median/p90/max 0.0/0.0/0, nonzero 0
    new field start_walk_us: median/p90/max 0.0/0.0/0, nonzero 0
    new field state_wait_us: median/p90/max 7120.0/30116.0/118054, nonzero 469
    new field view_journal_reads: median/p90/max 8192.0/81920.0/147456, nonzero 242
    new field view_journal_searches: median/p90/max 16384.0/211401.0/384231, nonzero 242
    new field view_journal_skips: median/p90/max 0.0/0.0/0, nonzero 0
    new field whole_take_noted: {'true': 469}
    engine own-import total_ms per block median/p90/max 44/66/95 (n=469)
    layer RSS 33.8 -> 41.8 G (max 41.8), in-memory blocks max 11
    execution layer cores busy 35.3    validators cores busy 1.2
  round total (3 windows, canonical): 280.2M tx
  layer peak RSS 41.8 G; in-memory blocks max 11
  fields at seal: mode "early", verified 0, unchecked 0, mismatches 0 (last build line, cumulative)
  own_executed_again (built here and also directly imported): 0 of 1448 built blocks
== loop348K7
  layer-0 leader window-1 builds 474: txs mean 200000, share >= 95% of the tier 100% (max 200000); sealed_at_ms 49.0/70.0; par_ms 50.0/82.0; par_exec_ms 21.0/26.0; roots_ms 29.0/41.0; parent_fields_ms 4.0/20.0; sealed_ms 5.0/20.0
  proposal cycle window 1 (n=488): mean 63.4 median 61.5 p90 68.1 ms; blocks in the 30 s: 488
  binding wait (tick / quorum / seal, share and mean cycle): tick 99.2% (63.2); quorum 0.4% (105.6); seal 0.4% (94.6)
  vote delay after the proposal, slowest key per block: median 6.1 p90 51.1 ms (slowest minus the median key: median 0.2); last key: {1: 60, 2: 93, 3: 76, 4: 73, 5: 75, 6: 95} of 472 blocks
  CPU in window 1 (cores busy): execution layers 34.8 over 1 process(es); validators 1.2 over 7 process(es)
  execution layer peak RSS 41.8 G; in-memory blocks max 11 (node0 and others, all layers)
  blocks built here 1448; none also directly imported
  import-once counters at the last direct import: ; start-up lines with import_once=true: 1; queue-lock lines 0
  layer-0 queue (queued after canonical prune), median per 10 s: t+0:2438000 t+20:2467500 t+40:2453750 t+60:2446000 t+80:2485000
  flood: median per 5 s 3135622/s, final -
  timeout / given-up lines: 1; 07:50:39 v0 INFO process_event{view=1 kind="message"}: n42::cl::timeout: TC formed
loop348K7 page_faults_per_s_median: node0=181872 
feedcheck loop348K7: ok (block 200,000 tx)
== loop348K7: feed check (acq_us / gate_us / reply_us are per frame of 500; rate per 5 s `ingest` line)
  window 1: ingest lines 6; acq_us 474 (max 522); gate_us 7117; reply_us 7683; slots_busy 13%; delivered median 3,130,486/s max 3,258,151/s; queue at builds median 2,513,500 min 926,000; full 100% of 472 blocks
  window 2: ingest lines 6; acq_us 473 (max 480); gate_us 7229; reply_us 7804; slots_busy 12%; delivered median 3,113,276/s max 3,237,895/s; queue at builds median 2,516,500 min 2,254,500; full 100% of 460 blocks
  window 3: ingest lines 6; acq_us 474 (max 476); gate_us 7218; reply_us 7786; slots_busy 13%; delivered median 3,097,500/s max 3,246,893/s; queue at builds median 2,513,000 min 1,931,000; full 100% of 469 blocks
  flood.log (+15..+100 s): rate per 5 s median 3,123,231/s max 3,256,624/s; reply latency median 61.5 ms max 69.7 ms
== loop348K7: lanes lock, drain and pruner (new fields)
  window 1: lock duty 55.0% (max 57.0); holds/5s 2,258; longest hold 25.23 ms median, 31.62 ms max by crates/n42/tx-queue/src/lib.rs:2046 (most frequent holders [('crates/n42/tx-queue/src/lib.rs:2046', 5), ('crates/n42/tx-queue/src/lib.rs:2692', 1)]); lock wait 2195.8 ms/5s, longest 31.65 ms; drains/5s 1,017 of 15298 tx, mean 1284 us, max 23.89 ms
           prune (432 blocks): prune_ms 31/50; fold 0.6 ms, lock 0.0 ms, remove(hold) 8.8 ms, free 0.0 ms; frames_swept 400; coalesced on 432 of 432; prune_wait_ms 0/0; pruner busy 46% of a thread, lock held by it 1.7%
  window 2: lock duty 55.0% (max 60.0); holds/5s 2,250; longest hold 31.57 ms median, 47.84 ms max by crates/n42/tx-queue/src/lib.rs:2576 (most frequent holders [('crates/n42/tx-queue/src/lib.rs:2046', 5), ('crates/n42/tx-queue/src/lib.rs:2576', 1)]); lock wait 2402.3 ms/5s, longest 46.05 ms; drains/5s 992 of 15727 tx, mean 1396 us, max 21.52 ms
           prune (418 blocks): prune_ms 33/51; fold 0.6 ms, lock 0.0 ms, remove(hold) 10.3 ms, free 0.0 ms; frames_swept 400; coalesced on 418 of 418; prune_wait_ms 0/0; pruner busy 47% of a thread, lock held by it 1.0%
  window 3: lock duty 56.5% (max 59.0); holds/5s 2,127; longest hold 28.34 ms median, 41.76 ms max by crates/n42/tx-queue/src/lib.rs:1766 (most frequent holders [('crates/n42/tx-queue/src/lib.rs:2046', 4), ('crates/n42/tx-queue/src/lib.rs:1766', 2)]); lock wait 2732.4 ms/5s, longest 41.78 ms; drains/5s 873 of 17865 tx, mean 1576 us, max 40.82 ms
           prune (444 blocks): prune_ms 33/50; fold 0.6 ms, lock 0.0 ms, remove(hold) 9.8 ms, free 0.0 ms; frames_swept 400; coalesced on 444 of 444; prune_wait_ms 0/0; pruner busy 50% of a thread, lock held by it 1.7%
== loop348K7: pruner (per block; busy = sum prune_ms / 30 s, lock = sum (remove_us + settle_us) / 30 s)
  window 1: 432 prunes; prune_ms 31/50; remove_us 8.8/16.6 ms; forget_us 2.8/4.9 ms; settle_us 3.0 ms; pruner busy 46% of a worker; lanes lock held for removal 20%
  window 2: 418 prunes; prune_ms 33/51; remove_us 10.3/20.1 ms; forget_us 2.8/5.0 ms; settle_us 3.0 ms; pruner busy 47% of a worker; lanes lock held for removal 22%
  window 3: 444 prunes; prune_ms 33/50; remove_us 9.8/21.0 ms; forget_us 2.9/4.8 ms; settle_us 2.9 ms; pruner busy 50% of a worker; lanes lock held for removal 23%
== loop348K7: seal start / pull, prepared plan, answer, chunked drain
  window 1: 473 builds; start_best_ms 2/13; start_walk_us 0/0; start_pull_ms 0/0; par_pull_ms 0/0; par_start_ms 2/13; par_ms 50/82; sealed_at_ms 49/70; pull_bulk_us 5/8; pull_bulk_txs 200000/200000; plan_age_us 47680/96831; plan_prep_us 6888/12685; plan_topup_txs 0/0
           plan_ahead {'2': 1, '1': 472}; plan_discard {'': 473}
           answer: built-ahead bytes median/max 15,243/15,245, layout_only {'true': 473}; proposal sent bytes median/max 15,243/15,245, layout_only {'true': 472}
           drain: chunks/5s 836, chunk max 8,192 tx, finished by others/5s 50; plan_discards (last ingest line) -
  window 2: 459 builds; start_best_ms 3/14; start_walk_us 0/0; start_pull_ms 0/0; par_pull_ms 0/0; par_start_ms 3/14; par_ms 55/87; sealed_at_ms 52/74; pull_bulk_us 5/8; pull_bulk_txs 200000/200000; plan_age_us 50305/96925; plan_prep_us 6900/11059; plan_topup_txs 0/0
           plan_ahead {'1': 458, '0': 1}; plan_discard {'': 458, 'not_on_its_parent': 1}
           answer: built-ahead bytes median/max 15,245/15,245, layout_only {'true': 458}; proposal sent bytes median/max 15,245/15,245, layout_only {'true': 458, 'false': 1}
           drain: chunks/5s 828, chunk max 8,192 tx, finished by others/5s 56; plan_discards (last ingest line) -
  window 3: 469 builds; start_best_ms 4/16; start_walk_us 0/0; start_pull_ms 0/0; par_pull_ms 0/0; par_start_ms 4/17; par_ms 52/77; sealed_at_ms 51/74; pull_bulk_us 5/8; pull_bulk_txs 200000/200000; plan_age_us 50036/97959; plan_prep_us 7183/13210; plan_topup_txs 0/0
           plan_ahead {'1': 469}; plan_discard {'': 469}
           answer: built-ahead bytes median/max 15,245/15,245, layout_only {'true': 470}; proposal sent bytes median/max 15,245/15,245, layout_only {'true': 470}
           drain: chunks/5s 706, chunk max 8,192 tx, finished by others/5s 57; plan_discards (last ingest line) -
== loop348K7: persistence per window (ms per block = part sum / blocks persisted)
  window 1: persisted 473 of 472 produced (100%); total 32.8, sf_tx 29.4, sf_rcpt 6.6, sf_acct 13.9, sf_send 11.3, scope 29.5, qmdb 13.7, post 0.0, pre 3.2, plain_rev 3.2, commit_sf 0.7, commit_mdbx 0.1, commit_rocks 0.0; longest task sf_tx 29.4; in-memory 9 -> 8 (max 10); RSS 16.7 -> 26.9 G; lag 9 -> 8 = -2.0 blocks/min; bp max 0
  window 2: persisted 456 of 460 produced (99%); total 33.3, sf_tx 29.5, sf_rcpt 6.8, sf_acct 14.0, sf_send 11.2, scope 29.7, qmdb 14.0, post 0.0, pre 3.7, plain_rev 3.7, commit_sf 0.9, commit_mdbx 0.1, commit_rocks 0.1; longest task sf_tx 29.5; in-memory 8 -> 10 (max 10); RSS 26.9 -> 34.1 G; lag 8 -> 9 = +2.0 blocks/min; bp max 0
  window 3: persisted 469 of 469 produced (100%); total 34.9, sf_tx 31.1, sf_rcpt 6.7, sf_acct 13.8, sf_send 10.3, scope 31.2, qmdb 16.7, post 0.0, pre 3.7, plain_rev 3.7, commit_sf 0.9, commit_mdbx 0.1, commit_rocks 0.1; longest task sf_tx 31.1; in-memory 10 -> 11 (max 11); RSS 34.1 -> 41.8 G; lag 9 -> 10 = +2.0 blocks/min; bp max 0
  leg end: in-memory 8, max over the sampler 11, backpressure stalls 0
== loop348K7: execution and root fields (median / p90 per block); over 1449 full builds: rename_fallbacks total 0, rename_record_waits total 0, carried_depth values ['1']
    folded lines 472: pending_max max 85 (median 71); pending_us_max max 20,600; drops_max max 47546
    flags: seal_on_counters true:473; freeze_pool_own true:473; plan_body 0:1/1:469/2:3; prep_from_plan false:4/true:469; plan_ahead 1:472/2:1; seal per 1,000 transfers 0.245 ms
  window 1 (473 builds): on-CPU share 1.00/1.00; CPU per transfer 2.93/3.60 us; sealed_at_ms 49/70; par_exec_ms 21/26; par_fold_ms 9/18; index_ms 14/21; par_start_ms 2/13; gap_before_exec_ms 8/45; state_wait_us 8,039/45,057; parent_fields_ms 4/20; roots_ms 29/41; seal_to_fields_us 48,968/61,475; seal_to_complete_us 105,909/123,433; rename_fallbacks 0/0; rename_record_waits 0/0; carried_depth 1/1; plan_body_us 14,858/19,531; batch_max_ms 8/12; tx_root_ms 1/1; sealed_ms 5/20
    folded lines 464: pending_max max 85 (median 72); pending_us_max max 26,327; drops_max max 37815
    flags: seal_on_counters true:459; freeze_pool_own true:459; plan_body 0:1/1:455/2:3; prep_from_plan false:4/true:455; plan_ahead 0:1/1:458; seal per 1,000 transfers 0.260 ms
  window 2 (459 builds): on-CPU share 1.00/1.00; CPU per transfer 2.93/3.56 us; sealed_at_ms 52/74; par_exec_ms 21/27; par_fold_ms 10/21; index_ms 16/25; par_start_ms 3/14; gap_before_exec_ms 10/45; state_wait_us 9,852/45,355; parent_fields_ms 6/20; roots_ms 31/44; seal_to_fields_us 51,477/65,903; seal_to_complete_us 110,679/127,010; rename_fallbacks 0/0; rename_record_waits 0/0; carried_depth 1/1; plan_body_us 12,941/18,163; batch_max_ms 8/14; tx_root_ms 1/1; sealed_ms 7/21
    folded lines 470: pending_max max 91 (median 72); pending_us_max max 22,453; drops_max max 33204
    flags: seal_on_counters true:469; freeze_pool_own true:469; plan_body 1:469; prep_from_plan true:469; plan_ahead 1:469; seal per 1,000 transfers 0.255 ms
  window 3 (469 builds): on-CPU share 1.00/1.00; CPU per transfer 3.02/3.60 us; sealed_at_ms 51/74; par_exec_ms 22/27; par_fold_ms 7/16; index_ms 14/20; par_start_ms 4/17; gap_before_exec_ms 7/30; state_wait_us 7,120/30,116; parent_fields_ms 7/25; roots_ms 33/49; seal_to_fields_us 50,587/68,281; seal_to_complete_us 114,268/133,268; rename_fallbacks 0/0; rename_record_waits 0/0; carried_depth 1/1; plan_body_us 13,882/18,531; batch_max_ms 9/13; tx_root_ms 1/1; sealed_ms 8/26
== loop348K7: 4331 proposals; proposal -> quorum (leader's commit) median 11.2 / p90 36.8 / max 117.0 ms; proposal interval median 61.4 / p90 62.3 ms; TC formed lines 1; leader views timed out 1; ParentUnknown lines 0
   handover at view 1024: proposal intervals (view, ms) [(1023, 70), (1024, 160), (1025, 674), (1026, 54), (1027, 67)] against the median 61 ms
   handover at view 2048: proposal intervals (view, ms) [(2047, 61), (2048, 60), (2049, 61), (2050, 61), (2051, 62)] against the median 61 ms
   handover at view 3072: proposal intervals (view, ms) [(3071, 61), (3072, 61), (3073, 61), (3074, 62), (3075, 61)] against the median 61 ms
   handover at view 4096: proposal intervals (view, ms) [(4095, 61), (4096, 61), (4097, 61), (4098, 61), (4099, 62)] against the median 61 ms
     block 1025 (view 1025): sealed_at_ms 23, gap_before_exec_ms 5, parent_fields_ms 0, rename_fallbacks 0, rename_record_waits 0, carried_depth 1
     block 1027 (view 1027): sealed_at_ms 40, gap_before_exec_ms 9, parent_fields_ms 7, rename_fallbacks 0, rename_record_waits 0, carried_depth 1
flood span 95 s; tokio-rt threads alive throughout 33 of 62; group 9.5 cores busy over them (all threads incl. short-lived 12.5)
  per-thread cores busy, top 12: 0.60 0.60 0.58 0.56 0.56 0.56 0.56 0.56 0.56 0.55 0.55 0.55; threads over 0.9 core: 0, over 0.7: 0
== loop348K7: 1401 full builds in the 3 windows
  par_exec_ms 21/27; par_run_ms 31/62; batch_start_skew_ms 16/20; batch_median_ms 4/5; batch_max_ms 8/12; batch_first_start_us 75/112; batch_last_start_us 16776/20516; batch_dispatch_us 214/295; batch_last_end_us 21599/27226; batches 128/128; batch_threads 32/32; batch_txs_max 2000/2000; batch_txs_min 1500/1500; start_walk_ms 0/0; start_walk_check_ms 0/0; par_start_ms 3/15; sealed_at_ms 51/73; prev_seal_to_answer_us 1809/3233; prev_seal_to_entry_us 0/0; prev_seal_to_header_us 203/320; prev_seal_to_import_us 118171/150599; prev_seal_to_request_us 955/65367; prev_seal_to_start_us 1246/65610; start_walk_check_us 0/0; start_walk_ids_us 0/0; start_walk_settle_us 0/0; start_walk_us 0/0
  one_wave {'false': 1401}
  batches == batch_threads on 0 of 1401 builds
  last - first batch start (ms) median/p90 16.68/20.38; under 2 ms on 0 of 1401 builds
bodygate loop348K7: invalid_blocks=0 gas_mismatch=0 fields_mismatches=0 own_not_committed=0 proposals_given_up=0
leg loop348K7A: /data free 515G (needs 120 G)
plan loop348K7A: exit 0 (7 validators, 1 layer(s)): # validators 7, execution layers 1, 208 CPUs a layer, import-once 1, shared 1; # validators : 16 CPUs set aside, taskset -c 104-111,232-239; # fleet    : 7 nodes, quorum 5 of 7 (f = 2); 0 refusals
leg loop348K7A start 03:55:24 load 3.89
round loop348K7A exit 0 at 03:58:24
loop348K7A save stages (node0, seconds summed over the leg / count): batch_size=1963.0/645  batch_size=1963.0/645  reth_consensus_engine_beacon_persistence_duration=58.0/645  duration_seconds=54.1/645  total=49.7/645  scope=44.9/645  sf=44.7/645  sf_transactions=44.5/645  qmdb_persisted=21.3/645  sf_account_changesets=20.5/645
el binary: /data/n42-build/target-n42-rs/native/release/n42 env: N42_IMPORT_ONCE=1 N42_SETTLEMENT_TAGS=legacy N42_BUILD_THROTTLE_SOFT=48 F7_EL_MAP=0,0,0,0,0,0,0 N42_FIELDS_AT_SEAL=1 N42_FREEZE_AFTER_SEAL=1 N42_FRAME_BLOCKS=1 N42_TX_INGEST_RECOVER_PARALLEL=24 N42_FREEZE_POOL=own N42_PARALLEL_BUILD_THREADS=32 N42_PLAN_AHEAD=1 N42_HASHED_TABLES=off F7_FLOOD_RATE=6000000 N42_COMPACT_BODY=1 N42_BUILD_BATCHES=128 MALLOC_CONF=thp:always,oversize_threshold:0,dirty_decay_ms:2000,background_thread:true N42_SEAL_ON_COUNTERS=1 N42_ACCOUNT_HISTORY=off N42_TAKE_COMPACT=1 N42_SF_EARLY_WRITEBACK=1 F7_VAL_NO_MALLOC_CONF=1 N42_ROAD_RUNTIME=1 N42_TX_INGEST_HIGH_WATER=2500000 F7_BENCH_POOL_SLOTS=3000000 N42_PLAN_AHEAD_BODY=1 N42_SEAL_AT_EXEC=1 N42_TX_QUEUE_DRAIN_CHUNK=8192 N42_ANSWER_LAYOUT_ONLY=1 N42_PULL_BY_FRAMES=1 N42_SF_PARALLEL_ENCODE=1 N42_BUILD_THROTTLE_HARD=80 N42_LIVE_INDEX_DEFER=1 RAYON_NUM_THREADS=16 F7_VAL_CPUS=16 N42_ROOT_OPS_AHEAD=1 TOKIO_WORKER_THREADS=16 N42_QMDB_READS=on N42_LEADER_LAYERS=3 N42_PERSIST_QMDB_IN_SCOPE=1 F7_BLOCK_INTERVAL_MS=60 F7_MEASURE_FROM_LOG=1
validator env: N42_IMPORT_ONCE=1 N42_SETTLEMENT_TAGS=legacy N42_BUILD_THROTTLE_SOFT=48 F7_EL_MAP=0,0,0,0,0,0,0 N42_FIELDS_AT_SEAL=1 N42_FREEZE_AFTER_SEAL=1 N42_FRAME_BLOCKS=1 N42_TX_INGEST_RECOVER_PARALLEL=24 N42_FREEZE_POOL=own N42_PARALLEL_BUILD_THREADS=32 N42_PLAN_AHEAD=1 N42_HASHED_TABLES=off F7_FLOOD_RATE=6000000 N42_COMPACT_BODY=1 N42_BUILD_BATCHES=128 N42_SEAL_ON_COUNTERS=1 N42_ACCOUNT_HISTORY=off N42_TAKE_COMPACT=1 N42_SF_EARLY_WRITEBACK=1 N42_ROAD_RUNTIME=1 N42_TX_INGEST_HIGH_WATER=2500000 F7_BENCH_POOL_SLOTS=3000000 N42_PLAN_AHEAD_BODY=1 N42_SEAL_AT_EXEC=1 N42_TX_QUEUE_DRAIN_CHUNK=8192 N42_ANSWER_LAYOUT_ONLY=1 N42_PULL_BY_FRAMES=1 N42_SF_PARALLEL_ENCODE=1 N42_BUILD_THROTTLE_HARD=80 N42_LIVE_INDEX_DEFER=1 RAYON_NUM_THREADS=16 F7_VAL_CPUS=16 N42_ROOT_OPS_AHEAD=1 TOKIO_WORKER_THREADS=16 N42_QMDB_READS=on N42_LEADER_LAYERS=3 N42_PERSIST_QMDB_IN_SCOPE=1 F7_MEASURE_FROM_LOG=1
loop348K7A once: start-up lines import_once=true 1; last direct-import counters 
loop348K7A imports: layers=1 direct_imports=0 canonical_blocks=4015 import_once_lines=1 (per layer: direct imports should equal canonical blocks for one execution per block)
grep: /data/blockchain/rust-fleet7-bench/node1/el.log: No such file or directory
grep: /data/blockchain/rust-fleet7-bench/node2/el.log: No such file or directory
grep: /data/blockchain/rust-fleet7-bench/node3/el.log: No such file or directory
grep: /data/blockchain/rust-fleet7-bench/node1/el.log: No such file or directory
grep: /data/blockchain/rust-fleet7-bench/node2/el.log: No such file or directory
grep: /data/blockchain/rust-fleet7-bench/node3/el.log: No such file or directory
cat: /data/blockchain/rust-fleet7-bench/node2/el.log: No such file or directory
cat: /data/blockchain/rust-fleet7-bench/node2/el.log: No such file or directory
cat: /data/blockchain/rust-fleet7-bench/node2/el.log: No such file or directory
cat: /data/blockchain/rust-fleet7-bench/node1/el.log: No such file or directory
cat: /data/blockchain/rust-fleet7-bench/node2/el.log: No such file or directory
cat: /data/blockchain/rust-fleet7-bench/node3/el.log: No such file or directory
Traceback (most recent call last):
  File [35m"<stdin>"[0m, line [35m4[0m, in [35m<module>[0m
[1;35mIndexError[0m: [35mlist index out of range[0m
loop348K7A no_variant=0 own_not_committed=0 tc=1 invalid_blocks=0 incomplete=0 gas_mismatch=0 direct_imports_failed=0 stuck_at_hashed_state=0 engine_idles_over_5s=1 proposals_given_up=0 tables_off_nodes=1 unanswered_reads=0 seal_first_total=1473 seal_first_direct=1473 direct_guard_errors=0 commit_ms_median=0 fold_ms_median=8 sealed_at_ms_median=50 state_ready_ms_median=94 build_total_ms_median=166 recover_us_median=0 par_exec_ms_median=21 par_exec_ms_median=21 giveback_filtered=0 giveback_offered_max=200000 seal_first=1473 reader_lag_max=10 reader_lag_warns=0 view_invalidated=0 el_sum_peak_g=41.8 el_max_peak_g=41.8 val_sum_peak_g=0.9 flood_peak_g=0.6 two_roads_blocks=0 two_roads_overlap_ms_median=- exec_on_output_declined=0 r1_collect_ms_median=4 proposal_at_ms_median=53 view_total_ms_median=61 import_exec_ms_median=- import_total_ms_median=- import_senders_ms_median=- import_convert_ms_median=- import_groups_median=- imports_over_600ms=0 min_avail_g=72.8 road_foreign_body_recv_ms=- road_foreign_body_decode_ms=- road_foreign_body_senders_ms=- road_foreign_body_parent_wait_ms=- road_foreign_body_check_ms=- road_foreign_body_total_ms=- road_new_payload_recv_ms=- road_new_payload_decode_ms=- road_new_payload_senders_ms=- road_new_payload_parent_wait_ms=- road_new_payload_check_ms=- road_new_payload_total_ms=- road_foreign_body_blocks=0 road_new_payload_blocks=0 fcu_answered=1850 fcu_in_flight_ms_median=0 fcu_queued_ms_median=0 fcu_queued_ms_max=99 fcu_refused=0 fcu_slow=2192 bodies_held=0 road_reuse_ms=- road_prepare_ms=- road_dispatch_ms=- road_convert_ms=- road_remember_ms=- road_header_ms=- road_fields_ms=- road_other_ms=- import_engine_ms_median=- gate_forced=0 gate_warns=0 flood_timeouts=0 canonical_min=4069 canonical_max=4069 chained_builds=2514 chain_lead_ms_median=58 chain_wait_ms_median=0 chain_started=2516 chain_discarded=1 chain_discard_reasons=_1_reason="the_request_names_another_parent chain_alias_warns=0 el_chained=2536 bodies_held_warns=0 el_build_refused=1 el_build_refused_reasons=_1_no_QMDB_tree_for_parent_block_0x queued_p5=2315500 queued_p50=2467000 road_compact_blocks=0 road_compact_recv_ms=- road_compact_assemble_ms=- road_compact_root_ms=- road_compact_miss_wait_ms=- road_compact_senders_ms=- road_compact_check_ms=- road_compact_other_ms=- road_compact_total_ms=- road_compact_misses_total= compact_refused_el=0 compact_fallbacks=0 compact_bytes_median=- pool_order9=14123 par_pull_ms_median=0 build_total_ms_median2=52 road_compact_filled_blocks=0 road_compact_filled_median=- road_compact_fill_ms_median=- need_txns=0 fill_failed=0 ingest_rate_gate_open_median=- ingest_gate_open_intervals=0 ingest_slots_busy_median=- flood_rate= fill_asked_proposer=0 fill_asked_other=0 loop_lines=3337 loop_unnamed_ms_median=52 loop_body_served_ms_median=- loop_txns_served_ms_median=- import_exec_ms_median2=- pip_partition_ms=- pip_env_ms=- pip_batch_ms=- pip_groups_ms=- pip_gas_ms=- pip_merge_ms=- pip_receipts_ms=- pip_drop_ms=- pip_other_ms=- pip_total_ms=- senders_indexed_median=- road_senders_ms_median=- road_total_ms_median=- pew_ms_median=- pew_ms_p90= gate_ms_median=- gate_ms_p90= root_ms_p50=- root_ms_p90= two_roads=0 not_on_output=0 not_on_output_why= ckpt_ms_first_q=2 ckpt_ms_last_q=51 ckpt_bytes_last=34747012 parent_still_importing=0 root_wait_ms_p50=- root_wait_ms_p90= tenures_low_seal=23 seal_first_share=1.0 empty_over_deep=0 near_empty_warns=0 no_seal_why= par_skipped_median=- usable_p5=2315000 ckpt_replay_ms_last_q=14 candidates_zero=0 dropped_ingest=0 let_go_warns=0 let_go_reasons= parked_p50=0 parked_max=0 held_warns=0 park_capped_total=0 superseded_builds=0 empty_not_superseded=0 mass_park_warns=0 heads_lines=0 holes_lines=0 stale_parent_refusals=0 par_groups_p5=0 cancelled_decided=1 heads_nonce0=0 stale_unconfirmed= handovers=0 el_panics=0 decided_cancelled=1 min_window_blocks=466 road_desc_blocks=0 road_desc_total_ms=- road_desc_copy_ms=- desc_misses=0 fill_failed2=0 sf_par_collect_ms=0 sf_par_commit_ms=0 sf_par_fold_ms=8 sf_par_graft_ms=0 sf_par_prefault_ms=0 sf_par_exec_ms=21 sf_sealed_at_ms=50 sf_roots_ms=31 sf_state_ready_ms=94 sf_total_ms=166 ba_find_ms=0 ba_queue_ms=0 ba_total_ms=52 ba_on_output=1472 queue_fold_us=0 queue_lock_us=123 sf_par_exec_ms=21 sf_par_fold_ms=8 pip_groups_ms=- import_exec_ms_median2=- reads_d0=0 reads_hist=0 f_reads_d0=- f_reads_hist=- f_overlay_depth=- L_read_set_ms=0 read_set_accounts=0 read_set_unresolved=0 read_set_hits=0 read_set_misses=0 start_best_ms=- par_prep_ms=- gap_before_exec_ms=- gap_after_exec_ms=- gap_before_seal_ms=- index_ms=- road_copy_aside_ms=- road_copy_wait_ms=- road_total_ms=- queue_first_miss=queue_first_miss=0:2531,queue_first_miss=18446744073709551615:1483 root_append_behind=0 populate_lag_mb=0 swap_used_g=0 root_faults=- root_faults_p90= root_faults_entries=0 root_faults_offsets=0 root_faults_index=0 root_faults_bits=0 root_faults_twigs=0 root_faults_undo=0 root_faults_tmp=0 root_append_faults=0 root_twig_pool_misses=0 batch_max_ms=8 batch_min_ms=2 batch_median_ms=4 batch_cpu_max_ms=8 batch_txs_max=2000 batch_txs_min=1500 batch_start_skew_ms=16 batch_wait_ms=0 loop_fetch_ns=0 loop_check_ns=0 loop_transfer_ns=0 loop_receipt_ns=0 loop_gas_ns=0 loop_sink_ns=0 loop_other_ns=0 batch_setup_ns=0 batch_close_ns=0 imp_exec_part_ms=- imp_exec_batches_ms=- imp_exec_graft_ms=- imp_exec_batches=- imp_exec_threads=- imp_exec_batch_max_ms=- imp_exec_batch_median_ms=- imp_parent_output_wait_ms=- road_parent_output_wait_ms=- next_start_gap_ms=1 next_entry_gap_ms=0 commit_body_ahead_used=- imp_exec_keys_ms=- imp_keys_ahead=- imp_exec_sink_ms=- imp_exec_pre_ms=- imp_exec_post_ms=- imp_exec_receipts_ms=- imp_exec_drop_ms=- root_gap_ms=- queue_whole=queue_whole=false:2531,queue_whole=true:1483 tick_tick_late_us=1027 tick_preamble_us=340 tick_take_sealed_us=1 tick_sign_us=0 tick_cache_us=0 tick_presealed=- tick_describe_us=9 tick_publish_us=599 tick_tick_to_send_us=2052 road_check_ms=- road_check_include_us=- road_check_scan_us=- road_check_fold_us=- road_check_senders_us=- road_check_frames_summarized=- road_check_frames_scanned=- imp_exec_start_gap_us=- imp_gap_road_us=- imp_gap_header_us=- imp_gap_senders_us=- imp_gap_parent_us=- imp_gap_setup_us=- imp_gap_keys_wait_us=- sealed_at_p90= sealed_over_130=0 roots_ms=- cycle_p90= batch_max_ms=- batch_median_ms=- imp_batch_max=- forest_lock_warns=1449 root_seal_ms=1 root_seals=40 root_majflt=8 roots_p90= gp_layer=1480 ggp_missing=244 state_wait_split=0/0/0/0:448,9/0/0/0:98,8/0/0/0:76 qmdb_releases=0 state_wait_on= imp_road_end_ms=- imp_exec_start_ms=- imp_exec_end_ms=- imp_root_end_ms=- imp_fields_ready_ms=- imp_parent_fields_wait_ms=- imp_exec_ms=- imp_root_ms=- imp_checks_ms=- imp_engine_ms=- imp_total_ms=- road_parent_fields_wait_ms=- exec_read_ms=0 L_exec_evm_ms=0 L_exec_write_ms=0 L_exec_other_ms=0 L_reads_cache=0 L_reads_provider=0 L_reads_view=0 L_graft_base_ms=0 L_graft_reserve_ms=0 L_graft_insert_ms=0 L_graft_reverts_ms=0 L_graft_other_ms=0 L_par_exec_ms=21 L_par_graft_ms=0 F_exec_read_ms=- F_exec_evm_ms=- F_exec_write_ms=- F_exec_other_ms=- F_reads_cache=- F_reads_provider=- F_reads_view=- F_groups_ms=- L_tx_root_wait_ms=0 L_par_exec_ms=21 L_par_graft_ms=0 L_par_fold_ms=8 L_sealed_ms=7 L_state_ready_ms=94 L_roots_ms=31 L_finish_ms=102 L_total_ms=166 L_setup_ms=0 L_par_pull_ms=0 L_give_back_ms=0 L_state_wait_ms=8 L_state_after_pull=1473 L_seal_at_exec=1473 L_tx_root_ahead=0 flood_w1=3203417 txs_p10=200000 acq_us=466 slots_busy=13 ingest_rate=3192199 L_scope_join_ms=0 L_par_release_ms=0 L_commit_body_ms=0 L_par_commit_ms=0 L_give_back_ms=0 L_sealed_ms=7 L_par_exec_ms=21 L_state_wait_ms=8 L_par_pull_ms=0 L_par_prep_ms=0 L_par_start_ms=3 L_pre_exec_ms=0 L_par_run_ms=30 L_sealed_at_ms=50 F_partition_ms=- F_env_ms=- F_groups_ms=- F_merge_ms=- F_reverts_wait_ms=- F_ahead_wait_ms=- F_total_ms=- I_engine_ms=- I_root_ms=- I_total_ms=- H_engine_remember_ms=- H_engine_listing_ms=- H_engine_new_payload_ms=- busy_us=1 L_par_start_ms=3 L_start_handoff_ms=0 L_start_best_ms=3 L_start_puller_ms=0 L_par_pull_ms=0 L_par_prep_ms=0 L_state_wait_ms=8 L_par_exec_ms=21 L_par_commit_ms=0 L_sealed_ms=7 L_sealed_at_ms=50 L_par_graft_ms=0 L_graft_insert_ms=0 L_graft_reverts_ms=0 L_graft_split_us=0 L_graft_build_us=0 L_graft_merge_us=0 L_state_ready_ms=94 Q_queue_ms=0 R_dispatch_wait_ms=- R_total_ms=- R_road_runtime=1 gate_holds=0 peer_fetch=0 pool_limit=limit=4 gate_opened=gate_opened_for_block=0 I_root_ms=- flood_rate_hdr=rate=6000000/s fills=0 fill_waited=- slots_busy=13 acq_us=466 busy_us=1 converged=0 fallbacks=0 busy_us=1 recover_us=0 tf_on_output=3 tf_fallback=0 still_importing=0 busy_us=1 slots_busy=13 batches=altsig_txs=0 altsig_batches=0 tf_on_output=3 tf_fallback=0 gate_holds=0 sign_s=sign 0s replay_note=replay       : 64 files from /data/n42-pregen/g900000-400m, 400000000 transactio sign_s=sign 0s shard=shard_verified=0 shard_claimed=0 road_verified=- slots_busy=13 gate_us=6982 reply_us=7536 queued=2467000 assemble_ms=- road_take_ms=- road_body_ms=- road_encode_ms=- shards=16 shard_insert_ms=0 shard_wait_ms=0 shard_fold_ms=14 shard_append_ms=16 shard_merge_ms=58 state_ready_ms=94 roots_ms=31 exec_read_ms=0 exec_evm_ms=0 exec_write_ms=0 exec_other_ms=0 reads_cache=0 reads_provider=0 reads_view=0 par_run_ms=30 fold_task_cpu_max_us=13803 fold_task_minflt_max=1 fold_task_minflt_sum=1 fold_task_migrated=0 fold_task_nivcsw_max=0 fold_index=1 fold_index_build_ms=13 fold_index_conflicts=8292 fold_queue_us=58 fold_skew_us=36 fold_task_max_us=13800 fold_tail_us=19 start_best_ms=3 start_select_ms=0 start_walk_ms=0 start_walk_check_ms=0 start_best_other_ms=0 start_frames_by_ref=0 start_frames_slow=0 start_pull_ms=0 start_other_ms=0 start_handoff_ms=0 par_start_ms=3 par_prep_ms=0 par_commit_ms=0 commit_body_ms=0 par_fold_ms=8 sealed_ms=7 copy_ms=- prune_ms=0 frames=- frames_missing=- frame_root_ms=- root_ms=- frames_admitted=frames_admitted=588562 frames_unaligned=0 frame_root_indexed=- seal_layout_ms=0 seal_root_ms=0 attested= busy_us=1 slots_busy=13 reply_us=7536 prune_ms=0 body_refused=0 body_failed_late=0
loop348K7A win1 tps=3,184,217 txs=95,526,500 blocks= 478 cycle=0.063s occupancy= 99.7% full(>=95%)=476/478 basefee=n/a (from the layer's log)
loop348K7A win2 tps=3,206,667 txs=96,200,000 blocks= 481 cycle=0.062s occupancy=100.0% full(>=95%)=481/481 basefee=n/a (from the layer's log)
loop348K7A win3 tps=3,106,667 txs=93,200,000 blocks= 466 cycle=0.064s occupancy=100.0% full(>=95%)=466/466 basefee=n/a (from the layer's log)
loop348K7A tps=3,184,217 round_txs=284926500 cycles_w1=
loop348K7A imp_fields_p90= b_p75=4
loop348K7A overlay: filter_skips=0 probes=0 ratio=- (ratio = skips/(skips+probes))
loop348K7A overlay_manager:       1 state_trie_overlay=false  state-ovly_cpu=0
loop348K7A verify: written to /data/blockchain/rust-fleet7-bench/bench-loop348K7A/verify.json
== validator memory at flood +70 s (loop348K7A)
validators 7: RSS sum 0.9 G, max 0.12 G, mean 0.12 G; threads 273 (mean 39)
one validator (pid 126926):
VmHWM:	  122152 kB
VmRSS:	  122152 kB
RssAnon:	  106472 kB
RssFile:	   15680 kB
RssShmem:	       0 kB
Threads:	39
Rss:              122152 kB
Private_Dirty:    106472 kB
Anonymous:        106472 kB
AnonHugePages:         0 kB
threads by name:
     33 h2_validator
      4 tokio-rt-worker
      1 n42-qmdb-prefau
      1 futures-timer
largest mappings by Rss:
37060  7c14aba00000-7c14b3600000
14860  7c14b6c00000-7c14b7c00000
13188  7c14b7d00000-7c14b8a00000
10812 /data/n42-build/target-n42-rs/native/release/examples/h2_validator 609c614a7000-609c6233f000
10160  7c14b5600000-7c14b6000000
8556  7c14b8a80000-7c14b9e00000
5084  7c14bd380000-7c14bea00000
4088  7c14bb600000-7c14bba00000
RSS of all validators, sorted:
min 121.936 MB median 122.5 MB max 122.852 MB
== many-keys report loop348K7A
== loop348K7A: 7 validator logs, f=2, quorum 5
1. the leaders' commit lines
  R1_collect (proposal -> prepare QC): n=4355 p50 4.0 p90 26.0 p99 78.0 max 131.0 ms
  R2_collect (prepare QC -> commit QC): n=4355 p50 3.0 p90 3.0 p99 9.0 max 16.0 ms
  total (proposal -> commit): n=4355 p50 61.0 p90 72.0 p99 129.0 max 187.0 ms
  votes at formation: R1 median 5 max 5 (quorum 5); R2 median 5 max 5
2. vote collection at the traced leaders (first vote -> quorum -> last vote)
 R1 (vote), 3071 views:
    proposal -> first vote: n=3071 p50 2.3 p90 33.1 p99 80.6 max 130.1 ms
    first vote -> quorum: n=3070 p50 0.3 p90 0.7 p99 1.6 max 4.5 ms
    quorum -> last vote: n=3070 p50 1.7 p90 1.8 p99 6.7 max 56.3 ms
    proposal -> last vote (the slowest key): n=3071 p50 4.4 p90 35.3 p99 84.0 max 148.1 ms
   views with fewer than 6 votes received: 1
 R2 (commit_vote), 3070 views:
    proposal -> first vote: n=3070 p50 5.7 p90 37.1 p99 86.0 max 133.3 ms
    first vote -> quorum: n=3070 p50 0.3 p90 0.6 p99 1.0 max 3.4 ms
    quorum -> last vote: n=3070 p50 3.2 p90 4.1 p99 12.3 max 17.9 ms
    proposal -> last vote (the slowest key): n=3070 p50 9.4 p90 41.0 p99 92.6 max 138.5 ms
   views with fewer than 6 votes received: 0
3. the straggler rule and the loop
  proposal interval (same leader, consecutive views): n=4351 p50 61.4 p90 62.3 p99 90.2 max 6024.3 ms; >= 500 ms: 1
  no `slow step` lines
4. gossip propagation (proposal sent -> received at a traced follower)
    proposal arrival delay: n=9997 p50 0.2 p90 0.3 p99 0.7 max 12.2 ms
4b. the new fields (docs/E1_MANY_KEYS.md section 6), leaders' `block committed!` and `proposal sent` lines
    verify_us: n=4355 p50 2989.0 p90 3214.0 p99 3441.0 max 4063.0 us
    verify_n: n=4355 p50 10.0 p90 12.0 p99 13.0 max 14.0 
    verify_batches: n=4355 p50 3.0 p90 3.0 p99 3.0 max 5.0 
  verify_fallbacks: total 0 over 4355 blocks
    inbound_queue_max: n=4355 p50 0.0 p90 0.0 p99 0.0 max 0.0 
    gossip_poll_us: n=4355 p50 210.0 p90 296.0 p99 386.0 max 685.0 us
  straggler_waits (cumulative per leader log, summed over 5 leaders): 3; waits with straggler_wait_us > 0: 3 of 4356 proposals, p50 45.3 p90 49.4 max 49.4 ms, total 0.12 s
  direct votes at the leaders: received 0 (duplicates dropped 0); sent by those nodes 0, fallbacks to gossip 0; leaders led 4356 views = 52272 vote messages expected (2 rounds x 6); direct share of those 0.0%
5. validators
validators n=7: cpu total 1.10 cores, per key mean 0.157 median 0.155 max 0.164 (key 1) min 0.155; rss per key peak mean 0.123 max 0.123 G, sum of peaks 0.9 G; threads per key mean 39, total 273
libp2p connections (last census of 5): 36 in all (a full mesh of 7 is 21); sockets per process min 4 median 6 max 6
== loop348K7A  (E=1: seven validator keys on one execution layer)
  window 1: canonical 478 blocks, 95.5M tx = 3,184,217/s (100.0% of window 1), full 476/478 (100%); cycle mean/median/p90 62.8/61.4/67.2 ms
    leader builds 477: sealed_at median/p90/p99 48/67/99; phases median/p90 ms: gap_before_exec 8/32, state_wait 8/31, par 50/73, par_exec 21/27, roots 29/40, parent_fields 5/18, sealed 5/20
    state_wait_on {'none': 145, 'output': 271, 'grandparent': 60, 'open': 1}; builds with state_wait > 20 ms: 74 ([('grandparent', 56), ('output', 18)]); gp_layer {1.0: 477}, ggp_missing {0.0: 409, 1.0: 68}
    queue at the builds min/median 631,500/2,516,500
    new field batch_cpu_sum_us: median/p90/max 583625.0/721561.0/2099739, nonzero 477
    new field batch_dispatch_us: median/p90/max 213.0/291.0/1021, nonzero 477
    new field batch_first_start_us: median/p90/max 77.0/115.0/292, nonzero 477
    new field batch_ivcsw: median/p90/max 1.0/6.0/13, nonzero 304
    new field batch_last_end_us: median/p90/max 21358.0/27274.0/74569, nonzero 477
    new field batch_last_start_us: median/p90/max 16525.0/20388.0/59673, nonzero 477
    new field batch_live_deferred: median/p90/max 73.0/80.0/88, nonzero 477
    new field batch_live_lock_hold_us: median/p90/max 10157.0/11842.0/17485, nonzero 477
    new field batch_live_lock_wait_us: median/p90/max 0.0/0.0/0, nonzero 0
    new field batch_live_lock_waits: median/p90/max 0.0/0.0/0, nonzero 0
    new field batch_majflt: median/p90/max 0.0/0.0/0, nonzero 0
    new field batch_minflt: median/p90/max 729.0/8729.0/25450, nonzero 477
    new field batch_open_max_us: median/p90/max 435.0/530.0/2738, nonzero 477
    new field batch_open_sum_us: median/p90/max 10703.0/13245.0/18542, nonzero 477
    new field batch_threads: median/p90/max 32.0/32.0/32, nonzero 477
    new field batch_vcsw: median/p90/max 172.0/487.0/1102, nonzero 477
    new field batch_view_index_wait_us: median/p90/max 0.0/20012.0/61600, nonzero 120
    new field batch_view_index_waits: median/p90/max 0.0/276.0/810, nonzero 120
    new field batch_view_slot_wait_us: median/p90/max 0.0/1836.0/5937, nonzero 125
    new field batch_view_slot_waits: median/p90/max 0.0/51.0/162, nonzero 125
    new field batch_wall_sum_us: median/p90/max 593364.0/738970.0/2101795, nonzero 477
    new field batches: median/p90/max 128.0/128.0/128, nonzero 477
    new field build_batches: median/p90/max 128.0/128.0/128, nonzero 477
    new field carried_depth: median/p90/max 1.0/1.0/1, nonzero 477
    new field exec_end_to_seal_us: median/p90/max 99.0/149.0/380, nonzero 477
    new field exec_partition_us: median/p90/max 6.0/9.0/1169, nonzero 477
    new field exec_prepared_groups: {'true': 471, 'false': 6}
    new field exec_prepared_slots: {'true': 471, 'false': 6}
    new field exec_slots_us: median/p90/max 0.0/0.0/1487, nonzero 6
    new field freeze_join_wait_us: median/p90/max 9692.0/17768.0/29496, nonzero 477
    new field freeze_late: {'true': 477}
    new field freeze_pool_own: {'true': 477}
    new field live_index_defer: {'true': 477}
    new field merge_accounts: median/p90/max 191744.0/195372.0/199508, nonzero 477
    new field merge_append_us: median/p90/max 3408.0/6825.0/14348, nonzero 477
    new field merge_early: {'false': 477}
    new field merge_join_wait_us: median/p90/max 0.0/0.0/0, nonzero 0
    new field merge_reverts: median/p90/max 191744.0/195372.0/199508, nonzero 477
    new field merge_reverts_us: median/p90/max 14191.0/18589.0/25944, nonzero 477
    new field merge_state_us: median/p90/max 38863.0/47198.0/63169, nonzero 477
    new field merge_tail_us: median/p90/max 0.0/0.0/1, nonzero 2
    new field merge_threads: median/p90/max 1.0/1.0/1, nonzero 477
    new field one_wave: {'false': 477}
    new field open_engine_us: median/p90/max 0.0/20251.0/100518, nonzero 68
    new field open_fallback: {'false': 409, 'true': 68}
    new field open_keep_us: median/p90/max 6.0/9.0/20, nonzero 477
    new field open_kept_accounts: median/p90/max 575635.0/583756.0/588818, nonzero 477
    new field open_layers: median/p90/max 3.0/3.0/3, nonzero 477
    new field open_provider_us: median/p90/max 97.0/162.0/390, nonzero 477
    new field plan_age_us: median/p90/max 47072.0/99858.0/156099, nonzero 477
    new field plan_ahead: median/p90/max 1.0/1.0/2, nonzero 477
    new field plan_body: median/p90/max 1.0/1.0/2, nonzero 475
    new field plan_body_us: median/p90/max 16397.0/19354.0/24626, nonzero 471
    new field plan_discard: {'': 477}
    new field plan_prep_us: median/p90/max 6897.0/12163.0/28439, nonzero 477
    new field plan_topup_txs: median/p90/max 0.0/0.0/151000, nonzero 2
    new field prep_from_plan: {'true': 471, 'false': 6}
    new field prev_seal_to_answer_us: median/p90/max 1792.0/3070.0/5941, nonzero 477
    new field prev_seal_to_entry_us: median/p90/max 0.0/0.0/0, nonzero 0
    new field prev_seal_to_header_us: median/p90/max 204.0/330.0/644, nonzero 477
    new field prev_seal_to_import_us: median/p90/max 114066.0/146730.0/216466, nonzero 451
    new field prev_seal_to_request_us: median/p90/max 954.0/67524.0/81080, nonzero 477
    new field prev_seal_to_start_us: median/p90/max 1258.0/67825.0/81318, nonzero 477
    new field pull_bulk_txs: median/p90/max 200000.0/200000.0/200000, nonzero 477
    new field pull_bulk_us: median/p90/max 5.0/9.0/2152, nonzero 477
    new field receipts_late: {'false': 477}
    new field receipts_late_wait_us: median/p90/max 0.0/0.0/1, nonzero 1
    new field rename_fallbacks: median/p90/max 0.0/0.0/0, nonzero 0
    new field rename_record_waits: median/p90/max 0.0/0.0/0, nonzero 0
    new field root_apply_gap_us: median/p90/max 10.0/12.0/17, nonzero 477
    new field root_apply_total_us: median/p90/max 20369.0/26978.0/42219, nonzero 477
    new field root_compute_us: median/p90/max 22485.0/30546.0/48451, nonzero 477
    new field root_delta_us: median/p90/max 1089.0/2645.0/11921, nonzero 477
    new field root_index_us: median/p90/max 2531.0/4580.0/15557, nonzero 477
    new field root_leaves_us: median/p90/max 6646.0/10551.0/20351, nonzero 477
    new field root_note_us: median/p90/max 145.0/203.0/781, nonzero 477
    new field root_ops_ahead: {'true': 477}
    new field root_ops_ahead_wait_us: median/p90/max 2545.0/8349.0/20160, nonzero 476
    new field root_ops_concat_us: median/p90/max 0.0/0.0/0, nonzero 0
    new field root_ops_encode_us: median/p90/max 5565.0/9877.0/21749, nonzero 477
    new field root_ops_finish_us: median/p90/max 2332.0/3160.0/9804, nonzero 477
    new field root_ops_sort_us: median/p90/max 2951.0/6509.0/14700, nonzero 477
    new field root_ops_us: median/p90/max 4866.0/11110.0/22797, nonzero 477
    new field root_rehash_us: median/p90/max 1387.0/1795.0/12965, nonzero 477
    new field root_retire_us: median/p90/max 1540.0/2678.0/7875, nonzero 477
    new field root_sort_us: median/p90/max 191.0/388.0/3102, nonzero 477
    new field root_undo_us: median/p90/max 333.0/727.0/3117, nonzero 477
    new field root_writes_us: median/p90/max 6740.0/9829.0/23571, nonzero 477
    new field seal_hashes_ahead: {'true': 477}
    new field seal_on_counters: {'true': 477}
    new field seal_to_complete_us: median/p90/max 107182.0/123519.0/139113, nonzero 477
    new field seal_to_frozen_us: median/p90/max 9647.0/17713.0/29503, nonzero 379
    new field seal_to_merge_end_us: median/p90/max 107092.0/123414.0/139032, nonzero 477
    new field seal_to_merge_start_us: median/p90/max 49207.0/59560.0/75685, nonzero 477
    new field seal_to_ops_ahead_us: median/p90/max 21507.0/30317.0/45758, nonzero 477
    new field seal_to_shards_ready_us: median/p90/max 14886.0/22306.0/32250, nonzero 477
    new field seal_to_state_ready_us: median/p90/max 107097.0/123422.0/139041, nonzero 477
    new field sealed_unix_us: median/p90/max 1791446223044997.0/1791446235126526.0/1791446238211582, nonzero 477
    new field start_walk_check_us: median/p90/max 0.0/0.0/103, nonzero 2
    new field start_walk_ids_us: median/p90/max 0.0/0.0/90, nonzero 2
    new field start_walk_settle_us: median/p90/max 0.0/0.0/0, nonzero 0
    new field start_walk_us: median/p90/max 0.0/0.0/3241, nonzero 2
    new field state_wait_us: median/p90/max 8343.0/31895.0/123980, nonzero 477
    new field view_journal_reads: median/p90/max 0.0/81920.0/139264, nonzero 224
    new field view_journal_searches: median/p90/max 0.0/222890.0/397414, nonzero 224
    new field view_journal_skips: median/p90/max 0.0/0.0/0, nonzero 0
    new field whole_take_noted: {'true': 477}
    binding wait (tick / quorum / seal share, mean cycle): tick 99% (62); quorum 1% (120); seal 0% (72); feed-bound (blocks under 95% of the tier): 2 of 478
    slowest key vote delay median/p90 6.6/41.8 ms
    engine own-import total_ms per block median/p90/max 37/59/90 (n=477)
    layer RSS 4.8 -> 27.0 G (max 27.0), in-memory blocks max 11
    execution layer cores busy 34.5    validators cores busy 1.1
    flood delivered (median per 5 s over the leg) 3,205,717/s
  window 2: canonical 481 blocks, 96.2M tx = 3,206,667/s (100.7% of window 1), full 481/481 (100%); cycle mean/median/p90 62.7/61.4/66.0 ms
    leader builds 484: sealed_at median/p90/p99 49/65/87; phases median/p90 ms: gap_before_exec 5/20, state_wait 5/20, par 49/65, par_exec 22/27, roots 31/44, parent_fields 6/21, sealed 7/22
    state_wait_on {'none': 174, 'output': 267, 'grandparent': 43}; builds with state_wait > 20 ms: 41 ([('grandparent', 34), ('output', 7)]); gp_layer {1.0: 484}, ggp_missing {0.0: 438, 1.0: 46}
    queue at the builds min/median 2,045,000/2,517,500
    new field batch_cpu_sum_us: median/p90/max 616603.5/735664.0/2277164, nonzero 484
    new field batch_dispatch_us: median/p90/max 214.0/299.0/918, nonzero 484
    new field batch_first_start_us: median/p90/max 75.5/115.0/278, nonzero 484
    new field batch_ivcsw: median/p90/max 1.0/6.0/32, nonzero 297
    new field batch_last_end_us: median/p90/max 22490.5/27860.0/79242, nonzero 484
    new field batch_last_start_us: median/p90/max 17469.5/20980.0/63685, nonzero 484
    new field batch_live_deferred: median/p90/max 73.0/81.0/222, nonzero 484
    new field batch_live_lock_hold_us: median/p90/max 10893.5/12694.0/24835, nonzero 484
    new field batch_live_lock_wait_us: median/p90/max 0.0/0.0/0, nonzero 0
    new field batch_live_lock_waits: median/p90/max 0.0/0.0/0, nonzero 0
    new field batch_majflt: median/p90/max 0.0/0.0/0, nonzero 0
    new field batch_minflt: median/p90/max 925.0/9268.0/30623, nonzero 484
    new field batch_open_max_us: median/p90/max 428.0/518.0/2101, nonzero 484
    new field batch_open_sum_us: median/p90/max 10659.0/12920.0/18051, nonzero 484
    new field batch_threads: median/p90/max 32.0/32.0/32, nonzero 484
    new field batch_vcsw: median/p90/max 171.0/495.0/1094, nonzero 484
    new field batch_view_index_wait_us: median/p90/max 0.0/19311.0/48220, nonzero 120
    new field batch_view_index_waits: median/p90/max 0.0/269.0/778, nonzero 120
    new field batch_view_slot_wait_us: median/p90/max 0.0/2101.0/5233, nonzero 128
    new field batch_view_slot_waits: median/p90/max 0.0/57.0/161, nonzero 128
    new field batch_wall_sum_us: median/p90/max 627302.5/751171.0/2278446, nonzero 484
    new field batches: median/p90/max 128.0/128.0/128, nonzero 484
    new field build_batches: median/p90/max 128.0/128.0/128, nonzero 484
    new field carried_depth: median/p90/max 1.0/1.0/1, nonzero 484
    new field exec_end_to_seal_us: median/p90/max 97.5/144.0/424, nonzero 484
    new field exec_partition_us: median/p90/max 6.0/9.0/1095, nonzero 484
    new field exec_prepared_groups: {'true': 483, 'false': 1}
    new field exec_prepared_slots: {'true': 483, 'false': 1}
    new field exec_slots_us: median/p90/max 0.0/0.0/1209, nonzero 1
    new field freeze_join_wait_us: median/p90/max 6814.0/15132.0/28648, nonzero 484
    new field freeze_late: {'true': 484}
    new field freeze_pool_own: {'true': 484}
    new field live_index_defer: {'true': 484}
    new field merge_accounts: median/p90/max 192112.0/195388.0/198515, nonzero 484
    new field merge_append_us: median/p90/max 3299.5/7244.0/12273, nonzero 484
    new field merge_early: {'false': 484}
    new field merge_join_wait_us: median/p90/max 0.0/0.0/0, nonzero 0
    new field merge_reverts: median/p90/max 192112.0/195388.0/198515, nonzero 484
    new field merge_reverts_us: median/p90/max 15267.5/20304.0/30220, nonzero 484
    new field merge_state_us: median/p90/max 38995.5/46412.0/58368, nonzero 484
    new field merge_tail_us: median/p90/max 0.0/0.0/1, nonzero 2
    new field merge_threads: median/p90/max 1.0/1.0/1, nonzero 484
    new field one_wave: {'false': 484}
    new field open_engine_us: median/p90/max 0.0/0.0/59669, nonzero 46
    new field open_fallback: {'false': 438, 'true': 46}
    new field open_keep_us: median/p90/max 6.0/9.0/23, nonzero 484
    new field open_kept_accounts: median/p90/max 576154.5/583329.0/590203, nonzero 484
    new field open_layers: median/p90/max 3.0/3.0/3, nonzero 484
    new field open_provider_us: median/p90/max 101.0/175.0/457, nonzero 484
    new field plan_age_us: median/p90/max 46281.0/97741.0/119597, nonzero 483
    new field plan_ahead: median/p90/max 1.0/1.0/1, nonzero 483
    new field plan_body: median/p90/max 1.0/1.0/1, nonzero 483
    new field plan_body_us: median/p90/max 14342.5/17595.0/21752, nonzero 483
    new field plan_discard: {'': 483, 'not_on_its_parent': 1}
    new field plan_prep_us: median/p90/max 7266.0/13742.0/24296, nonzero 483
    new field plan_topup_txs: median/p90/max 0.0/0.0/0, nonzero 0
    new field prep_from_plan: {'true': 483, 'false': 1}
    new field prev_seal_to_answer_us: median/p90/max 1667.5/2995.0/5951, nonzero 484
    new field prev_seal_to_entry_us: median/p90/max 0.0/0.0/0, nonzero 0
    new field prev_seal_to_header_us: median/p90/max 203.0/344.0/735, nonzero 484
    new field prev_seal_to_import_us: median/p90/max 116212.5/144667.0/179561, nonzero 474
    new field prev_seal_to_request_us: median/p90/max 968.0/66655.0/130385, nonzero 484
    new field prev_seal_to_start_us: median/p90/max 1271.5/66902.0/130604, nonzero 484
    new field pull_bulk_txs: median/p90/max 200000.0/200000.0/200000, nonzero 484
    new field pull_bulk_us: median/p90/max 5.0/9.0/1011, nonzero 484
    new field receipts_late: {'false': 484}
    new field receipts_late_wait_us: median/p90/max 0.0/0.0/0, nonzero 0
    new field rename_fallbacks: median/p90/max 0.0/0.0/0, nonzero 0
    new field rename_record_waits: median/p90/max 0.0/0.0/0, nonzero 0
    new field root_apply_gap_us: median/p90/max 10.0/13.0/23, nonzero 484
    new field root_apply_total_us: median/p90/max 21727.0/29668.0/50253, nonzero 484
    new field root_compute_us: median/p90/max 23892.5/32636.0/78778, nonzero 484
    new field root_delta_us: median/p90/max 1178.5/2235.0/15882, nonzero 484
    new field root_index_us: median/p90/max 2765.5/5276.0/20214, nonzero 484
    new field root_leaves_us: median/p90/max 6961.0/10632.0/20692, nonzero 484
    new field root_note_us: median/p90/max 147.0/221.0/1492, nonzero 484
    new field root_ops_ahead: {'true': 484}
    new field root_ops_ahead_wait_us: median/p90/max 2762.0/8030.0/19413, nonzero 483
    new field root_ops_concat_us: median/p90/max 0.0/0.0/0, nonzero 0
    new field root_ops_encode_us: median/p90/max 5547.0/9372.0/20371, nonzero 484
    new field root_ops_finish_us: median/p90/max 2350.5/3197.0/8971, nonzero 484
    new field root_ops_sort_us: median/p90/max 3505.5/6648.0/12807, nonzero 484
    new field root_ops_us: median/p90/max 5277.0/10979.0/21514, nonzero 484
    new field root_rehash_us: median/p90/max 2057.5/2924.0/16762, nonzero 484
    new field root_retire_us: median/p90/max 1657.5/2486.0/7439, nonzero 484
    new field root_sort_us: median/p90/max 185.0/382.0/3818, nonzero 484
    new field root_undo_us: median/p90/max 350.0/611.0/2751, nonzero 484
    new field root_writes_us: median/p90/max 6916.0/9179.0/24063, nonzero 484
    new field seal_hashes_ahead: {'true': 484}
    new field seal_on_counters: {'true': 484}
    new field seal_to_complete_us: median/p90/max 109244.0/126486.0/150109, nonzero 484
    new field seal_to_frozen_us: median/p90/max 6798.0/15102.0/28545, nonzero 342
    new field seal_to_merge_end_us: median/p90/max 109115.5/126383.0/150034, nonzero 484
    new field seal_to_merge_start_us: median/p90/max 49926.0/63000.0/102178, nonzero 484
    new field seal_to_ops_ahead_us: median/p90/max 20166.5/28295.0/44720, nonzero 484
    new field seal_to_shards_ready_us: median/p90/max 13572.5/20006.0/31951, nonzero 484
    new field seal_to_state_ready_us: median/p90/max 109128.0/126390.0/150042, nonzero 484
    new field sealed_unix_us: median/p90/max 1791446253310368.5/1791446265286654.0/1791446268293557, nonzero 484
    new field start_walk_check_us: median/p90/max 0.0/0.0/123, nonzero 1
    new field start_walk_ids_us: median/p90/max 0.0/0.0/383, nonzero 1
    new field start_walk_settle_us: median/p90/max 0.0/0.0/0, nonzero 0
    new field start_walk_us: median/p90/max 0.0/0.0/4350, nonzero 1
    new field state_wait_us: median/p90/max 5486.5/20258.0/66972, nonzero 484
    new field view_journal_reads: median/p90/max 4096.0/86016.0/151552, nonzero 245
    new field view_journal_searches: median/p90/max 11978.0/230167.0/450052, nonzero 245
    new field view_journal_skips: median/p90/max 0.0/0.0/0, nonzero 0
    new field whole_take_noted: {'true': 484}
    binding wait (tick / quorum / seal share, mean cycle): tick 99% (62); quorum 1% (126); seal 0%; feed-bound (blocks under 95% of the tier): 0 of 481
    slowest key vote delay median/p90 2.9/33.6 ms
    engine own-import total_ms per block median/p90/max 38/58/78 (n=481)
    layer RSS 26.7 -> 34.3 G (max 34.3), in-memory blocks max 11
    execution layer cores busy 35.7    validators cores busy 1.1
  window 3: canonical 466 blocks, 93.2M tx = 3,106,667/s (97.6% of window 1), full 466/466 (100%); cycle -
    leader builds 465: sealed_at median/p90/p99 54/80/116; phases median/p90 ms: gap_before_exec 9/48, state_wait 9/48, par 55/84, par_exec 21/26, roots 33/48, parent_fields 8/25, sealed 9/25
    state_wait_on {'grandparent': 111, 'output': 242, 'none': 111, 'open': 1}; builds with state_wait > 20 ms: 107 ([('grandparent', 97), ('output', 10)]); gp_layer {1.0: 465}, ggp_missing {1.0: 117, 0.0: 348}
    queue at the builds min/median 2,259,000/2,513,000
    new field batch_cpu_sum_us: median/p90/max 583563.0/700444.0/1358801, nonzero 465
    new field batch_dispatch_us: median/p90/max 211.0/304.0/766, nonzero 465
    new field batch_first_start_us: median/p90/max 75.0/110.0/509, nonzero 465
    new field batch_ivcsw: median/p90/max 1.0/6.0/36, nonzero 286
    new field batch_last_end_us: median/p90/max 21226.0/26310.0/49959, nonzero 465
    new field batch_last_start_us: median/p90/max 16614.0/19843.0/41027, nonzero 465
    new field batch_live_deferred: median/p90/max 74.0/83.0/239, nonzero 465
    new field batch_live_lock_hold_us: median/p90/max 10353.0/12445.0/34715, nonzero 465
    new field batch_live_lock_wait_us: median/p90/max 0.0/0.0/0, nonzero 0
    new field batch_live_lock_waits: median/p90/max 0.0/0.0/0, nonzero 0
    new field batch_majflt: median/p90/max 0.0/0.0/3, nonzero 2
    new field batch_minflt: median/p90/max 881.0/10788.0/30724, nonzero 465
    new field batch_open_max_us: median/p90/max 428.0/521.0/2216, nonzero 465
    new field batch_open_sum_us: median/p90/max 10634.0/13192.0/27089, nonzero 465
    new field batch_threads: median/p90/max 32.0/32.0/32, nonzero 465
    new field batch_vcsw: median/p90/max 180.0/523.0/869, nonzero 465
    new field batch_view_index_wait_us: median/p90/max 0.0/23572.0/46698, nonzero 107
    new field batch_view_index_waits: median/p90/max 0.0/314.0/598, nonzero 107
    new field batch_view_slot_wait_us: median/p90/max 0.0/1806.0/5661, nonzero 110
    new field batch_view_slot_waits: median/p90/max 0.0/54.0/113, nonzero 110
    new field batch_wall_sum_us: median/p90/max 593450.0/716560.0/1360778, nonzero 465
    new field batches: median/p90/max 128.0/128.0/128, nonzero 465
    new field build_batches: median/p90/max 128.0/128.0/128, nonzero 465
    new field carried_depth: median/p90/max 1.0/1.0/1, nonzero 465
    new field exec_end_to_seal_us: median/p90/max 93.0/148.0/814, nonzero 465
    new field exec_partition_us: median/p90/max 6.0/9.0/1229, nonzero 465
    new field exec_prepared_groups: {'true': 463, 'false': 2}
    new field exec_prepared_slots: {'true': 463, 'false': 2}
    new field exec_slots_us: median/p90/max 0.0/0.0/1799, nonzero 3
    new field freeze_join_wait_us: median/p90/max 6279.0/16131.0/31233, nonzero 465
    new field freeze_late: {'true': 465}
    new field freeze_pool_own: {'true': 465}
    new field live_index_defer: {'true': 465}
    new field merge_accounts: median/p90/max 191789.0/195554.0/199049, nonzero 465
    new field merge_append_us: median/p90/max 3444.0/8058.0/22015, nonzero 465
    new field merge_early: {'false': 465}
    new field merge_join_wait_us: median/p90/max 0.0/0.0/0, nonzero 0
    new field merge_reverts: median/p90/max 191789.0/195554.0/199049, nonzero 465
    new field merge_reverts_us: median/p90/max 15277.0/20584.0/33243, nonzero 465
    new field merge_state_us: median/p90/max 39512.0/47958.0/66226, nonzero 465
    new field merge_tail_us: median/p90/max 0.0/0.0/1, nonzero 8
    new field merge_threads: median/p90/max 1.0/1.0/1, nonzero 465
    new field one_wave: {'false': 465}
    new field open_engine_us: median/p90/max 0.0/40268.0/100714, nonzero 117
    new field open_fallback: {'false': 348, 'true': 117}
    new field open_keep_us: median/p90/max 6.0/10.0/52, nonzero 465
    new field open_kept_accounts: median/p90/max 574708.0/584425.0/592308, nonzero 465
    new field open_layers: median/p90/max 3.0/3.0/3, nonzero 465
    new field open_provider_us: median/p90/max 95.0/169.0/956, nonzero 465
    new field plan_age_us: median/p90/max 51863.0/92630.0/122382, nonzero 465
    new field plan_ahead: median/p90/max 1.0/1.0/1, nonzero 465
    new field plan_body: median/p90/max 1.0/1.0/2, nonzero 465
    new field plan_body_us: median/p90/max 17157.0/19971.0/24953, nonzero 463
    new field plan_discard: {'': 465}
    new field plan_prep_us: median/p90/max 6841.0/12566.0/33152, nonzero 465
    new field plan_topup_txs: median/p90/max 0.0/0.0/0, nonzero 0
    new field prep_from_plan: {'true': 463, 'false': 2}
    new field prev_seal_to_answer_us: median/p90/max 1749.0/3149.0/6006, nonzero 465
    new field prev_seal_to_entry_us: median/p90/max 0.0/0.0/0, nonzero 0
    new field prev_seal_to_header_us: median/p90/max 195.0/324.0/653, nonzero 465
    new field prev_seal_to_import_us: median/p90/max 122349.0/161350.0/216045, nonzero 429
    new field prev_seal_to_request_us: median/p90/max 917.0/58873.0/78888, nonzero 465
    new field prev_seal_to_start_us: median/p90/max 1192.0/59218.0/79132, nonzero 465
    new field pull_bulk_txs: median/p90/max 200000.0/200000.0/200000, nonzero 465
    new field pull_bulk_us: median/p90/max 5.0/8.0/1339, nonzero 465
    new field receipts_late: {'false': 465}
    new field receipts_late_wait_us: median/p90/max 0.0/0.0/0, nonzero 0
    new field rename_fallbacks: median/p90/max 0.0/0.0/0, nonzero 0
    new field rename_record_waits: median/p90/max 0.0/0.0/0, nonzero 0
    new field root_apply_gap_us: median/p90/max 11.0/14.0/26, nonzero 465
    new field root_apply_total_us: median/p90/max 22805.0/31290.0/71509, nonzero 465
    new field root_compute_us: median/p90/max 24928.0/35009.0/73395, nonzero 465
    new field root_delta_us: median/p90/max 1190.0/2707.0/11946, nonzero 465
    new field root_index_us: median/p90/max 2791.0/5081.0/19373, nonzero 465
    new field root_leaves_us: median/p90/max 7152.0/11595.0/28618, nonzero 465
    new field root_note_us: median/p90/max 141.0/205.0/1654, nonzero 465
    new field root_ops_ahead: {'true': 465}
    new field root_ops_ahead_wait_us: median/p90/max 2472.0/10135.0/29003, nonzero 464
    new field root_ops_concat_us: median/p90/max 0.0/0.0/0, nonzero 0
    new field root_ops_encode_us: median/p90/max 5335.0/9827.0/34394, nonzero 465
    new field root_ops_finish_us: median/p90/max 2281.0/3478.0/8774, nonzero 465
    new field root_ops_sort_us: median/p90/max 3496.0/7421.0/14896, nonzero 465
    new field root_ops_us: median/p90/max 4984.0/12433.0/31950, nonzero 465
    new field root_rehash_us: median/p90/max 2634.0/3721.0/34964, nonzero 465
    new field root_retire_us: median/p90/max 1790.0/2759.0/9159, nonzero 465
    new field root_sort_us: median/p90/max 196.0/411.0/4364, nonzero 465
    new field root_undo_us: median/p90/max 352.0/662.0/3366, nonzero 465
    new field root_writes_us: median/p90/max 6880.0/9817.0/27978, nonzero 465
    new field seal_hashes_ahead: {'true': 465}
    new field seal_on_counters: {'true': 465}
    new field seal_to_complete_us: median/p90/max 112130.0/132026.0/165555, nonzero 465
    new field seal_to_frozen_us: median/p90/max 6241.0/16107.0/31171, nonzero 297
    new field seal_to_merge_end_us: median/p90/max 112052.0/131929.0/165460, nonzero 465
    new field seal_to_merge_start_us: median/p90/max 51360.0/66963.0/95822, nonzero 465
    new field seal_to_ops_ahead_us: median/p90/max 19976.0/30751.0/59382, nonzero 465
    new field seal_to_shards_ready_us: median/p90/max 13302.0/21403.0/35864, nonzero 465
    new field seal_to_state_ready_us: median/p90/max 112058.0/131934.0/165469, nonzero 465
    new field sealed_unix_us: median/p90/max 1791446283717987.0/1791446295184627.0/1791446298264177, nonzero 465
    new field start_walk_check_us: median/p90/max 0.0/0.0/0, nonzero 0
    new field start_walk_ids_us: median/p90/max 0.0/0.0/0, nonzero 0
    new field start_walk_settle_us: median/p90/max 0.0/0.0/0, nonzero 0
    new field start_walk_us: median/p90/max 0.0/0.0/0, nonzero 0
    new field state_wait_us: median/p90/max 9506.0/48591.0/110381, nonzero 465
    new field view_journal_reads: median/p90/max 0.0/77824.0/131072, nonzero 225
    new field view_journal_searches: median/p90/max 0.0/210235.0/433703, nonzero 225
    new field view_journal_skips: median/p90/max 0.0/0.0/0, nonzero 0
    new field whole_take_noted: {'true': 465}
    engine own-import total_ms per block median/p90/max 43/68/111 (n=466)
    layer RSS 34.0 -> 42.1 G (max 42.1), in-memory blocks max 12
    execution layer cores busy 35.0    validators cores busy 1.1
  round total (3 windows, canonical): 284.9M tx
  layer peak RSS 42.1 G; in-memory blocks max 12
  fields at seal: mode "early", verified 0, unchecked 0, mismatches 0 (last build line, cumulative)
  own_executed_again (built here and also directly imported): 0 of 1472 built blocks
== loop348K7A
  layer-0 leader window-1 builds 478: txs mean 199846, share >= 95% of the tier 100% (max 200000); sealed_at_ms 48.0/67.0; par_ms 50.0/73.0; par_exec_ms 21.0/27.0; roots_ms 29.0/40.0; parent_fields_ms 4.5/18.0; sealed_ms 5.0/20.0
  proposal cycle window 1 (n=494): mean 62.8 median 61.4 p90 67.2 ms; blocks in the 30 s: 494
  binding wait (tick / quorum / seal, share and mean cycle): tick 99.0% (62.4); quorum 0.6% (120.4); seal 0.4% (72.1)
  vote delay after the proposal, slowest key per block: median 6.6 p90 41.8 ms (slowest minus the median key: median 0.2); last key: {1: 95, 2: 76, 3: 94, 4: 71, 5: 74, 6: 67} of 477 blocks
  CPU in window 1 (cores busy): execution layers 34.5 over 1 process(es); validators 1.1 over 7 process(es)
  execution layer peak RSS 42.1 G; in-memory blocks max 12 (node0 and others, all layers)
  blocks built here 1472; none also directly imported
  import-once counters at the last direct import: ; start-up lines with import_once=true: 1; queue-lock lines 0
  layer-0 queue (queued after canonical prune), median per 10 s: t+0:2490750 t+20:2472750 t+40:2509500 t+60:2454500 t+80:2444000
  flood: median per 5 s 3205717/s, final -
  timeout / given-up lines: 1; 07:56:20 v0 INFO process_event{view=1 kind="message"}: n42::cl::timeout: TC formed
loop348K7A page_faults_per_s_median: node0=181938 
feedcheck loop348K7A: ok (block 200,000 tx)
== loop348K7A: feed check (acq_us / gate_us / reply_us are per frame of 500; rate per 5 s `ingest` line)
  window 1: ingest lines 6; acq_us 460 (max 3320); gate_us 6687; reply_us 7243; slots_busy 13%; delivered median 3,205,004/s max 3,260,425/s; queue at builds median 2,516,500 min 631,500; full 100% of 478 blocks
  window 2: ingest lines 6; acq_us 460 (max 470); gate_us 6890; reply_us 7448; slots_busy 13%; delivered median 3,201,140/s max 3,295,723/s; queue at builds median 2,517,500 min 2,045,000; full 100% of 481 blocks
  window 3: ingest lines 6; acq_us 469 (max 512); gate_us 7241; reply_us 7802; slots_busy 13%; delivered median 3,110,434/s max 3,280,145/s; queue at builds median 2,513,000 min 2,259,000; full 100% of 466 blocks
  flood.log (+15..+100 s): rate per 5 s median 3,201,972/s max 3,292,306/s; reply latency median 59.9 ms max 64.4 ms
== loop348K7A: lanes lock, drain and pruner (new fields)
  window 1: lock duty 55.5% (max 57.0); holds/5s 2,327; longest hold 24.71 ms median, 28.46 ms max by crates/n42/tx-queue/src/lib.rs:2046 (most frequent holders [('crates/n42/tx-queue/src/lib.rs:2046', 4), ('crates/n42/tx-queue/src/lib.rs:2576', 1)]); lock wait 2263.7 ms/5s, longest 25.99 ms; drains/5s 976 of 16388 tx, mean 1230 us, max 17.94 ms
           prune (446 blocks): prune_ms 31/49; fold 0.5 ms, lock 0.0 ms, remove(hold) 9.4 ms, free 0.0 ms; frames_swept 400; coalesced on 446 of 446; prune_wait_ms 0/0; pruner busy 48% of a thread, lock held by it 1.2%
  window 2: lock duty 57.5% (max 61.0); holds/5s 2,200; longest hold 25.81 ms median, 38.65 ms max by crates/n42/tx-queue/src/lib.rs:2576 (most frequent holders [('crates/n42/tx-queue/src/lib.rs:2046', 5), ('crates/n42/tx-queue/src/lib.rs:2576', 1)]); lock wait 2833.6 ms/5s, longest 35.82 ms; drains/5s 970 of 16524 tx, mean 1539 us, max 20.52 ms
           prune (470 blocks): prune_ms 32/48; fold 0.5 ms, lock 0.0 ms, remove(hold) 9.5 ms, free 0.0 ms; frames_swept 400; coalesced on 470 of 470; prune_wait_ms 0/0; pruner busy 50% of a thread, lock held by it 1.5%
  window 3: lock duty 57.0% (max 61.0); holds/5s 2,153; longest hold 28.27 ms median, 31.49 ms max by crates/n42/tx-queue/src/lib.rs:2046 (most frequent holders [('crates/n42/tx-queue/src/lib.rs:2046', 6)]); lock wait 2519.1 ms/5s, longest 32.66 ms; drains/5s 924 of 16886 tx, mean 1523 us, max 24.69 ms
           prune (432 blocks): prune_ms 34/51; fold 0.6 ms, lock 0.0 ms, remove(hold) 10.2 ms, free 0.0 ms; frames_swept 400; coalesced on 432 of 432; prune_wait_ms 0/0; pruner busy 51% of a thread, lock held by it 1.4%
== loop348K7A: pruner (per block; busy = sum prune_ms / 30 s, lock = sum (remove_us + settle_us) / 30 s)
  window 1: 446 prunes; prune_ms 31/49; remove_us 9.4/19.8 ms; forget_us 2.7/4.9 ms; settle_us 2.9 ms; pruner busy 48% of a worker; lanes lock held for removal 22%
  window 2: 470 prunes; prune_ms 32/48; remove_us 9.5/19.9 ms; forget_us 2.7/4.3 ms; settle_us 3.0 ms; pruner busy 50% of a worker; lanes lock held for removal 23%
  window 3: 432 prunes; prune_ms 34/51; remove_us 10.2/21.8 ms; forget_us 2.9/5.5 ms; settle_us 3.0 ms; pruner busy 51% of a worker; lanes lock held for removal 23%
== loop348K7A: seal start / pull, prepared plan, answer, chunked drain
  window 1: 477 builds; start_best_ms 3/14; start_walk_us 0/0; start_pull_ms 0/0; par_pull_ms 0/0; par_start_ms 3/14; par_ms 50/73; sealed_at_ms 48/67; pull_bulk_us 5/9; pull_bulk_txs 200000/200000; plan_age_us 47072/99858; plan_prep_us 6897/12163; plan_topup_txs 0/0
           plan_ahead {'2': 2, '1': 475}; plan_discard {'': 477}
           answer: built-ahead bytes median/max 15,243/15,245, layout_only {'true': 478}; proposal sent bytes median/max 15,243/15,245, layout_only {'true': 477}
           drain: chunks/5s 780, chunk max 8,192 tx, finished by others/5s 51; plan_discards (last ingest line) -
  window 2: 484 builds; start_best_ms 4/15; start_walk_us 0/0; start_pull_ms 0/0; par_pull_ms 0/0; par_start_ms 4/16; par_ms 49/65; sealed_at_ms 49/65; pull_bulk_us 5/9; pull_bulk_txs 200000/200000; plan_age_us 46281/97741; plan_prep_us 7266/13742; plan_topup_txs 0/0
           plan_ahead {'1': 483, '0': 1}; plan_discard {'': 483, 'not_on_its_parent': 1}
           answer: built-ahead bytes median/max 15,245/15,245, layout_only {'true': 483}; proposal sent bytes median/max 15,245/15,245, layout_only {'true': 482}
           drain: chunks/5s 788, chunk max 8,192 tx, finished by others/5s 68; plan_discards (last ingest line) -
  window 3: 465 builds; start_best_ms 3/15; start_walk_us 0/0; start_pull_ms 0/0; par_pull_ms 0/0; par_start_ms 3/15; par_ms 55/84; sealed_at_ms 54/80; pull_bulk_us 5/8; pull_bulk_txs 200000/200000; plan_age_us 51863/92630; plan_prep_us 6841/12566; plan_topup_txs 0/0
           plan_ahead {'1': 465}; plan_discard {'': 465}
           answer: built-ahead bytes median/max 15,245/15,245, layout_only {'true': 465}; proposal sent bytes median/max 15,245/15,245, layout_only {'true': 465}
           drain: chunks/5s 780, chunk max 8,192 tx, finished by others/5s 54; plan_discards (last ingest line) -
== loop348K7A: persistence per window (ms per block = part sum / blocks persisted)
  window 1: persisted 474 of 478 produced (99%); total 30.8, sf_tx 27.8, sf_rcpt 6.4, sf_acct 13.3, sf_send 10.8, scope 27.9, qmdb 13.3, post 0.0, pre 3.0, plain_rev 3.0, commit_sf 0.7, commit_mdbx 0.1, commit_rocks 0.0; longest task sf_tx 27.8; in-memory 7 -> 8 (max 10); RSS 4.8 -> 26.7 G; lag 8 -> 9 = +2.0 blocks/min; bp max 0
  window 2: persisted 480 of 481 produced (100%); total 33.6, sf_tx 30.4, sf_rcpt 6.7, sf_acct 14.1, sf_send 11.4, scope 30.5, qmdb 13.9, post 0.0, pre 3.1, plain_rev 3.1, commit_sf 0.7, commit_mdbx 0.1, commit_rocks 0.1; longest task sf_tx 30.4; in-memory 8 -> 10 (max 11); RSS 26.7 -> 34.0 G; lag 9 -> 10 = +2.0 blocks/min; bp max 0
  window 3: persisted 466 of 466 produced (100%); total 35.1, sf_tx 31.4, sf_rcpt 6.7, sf_acct 13.7, sf_send 11.2, scope 31.5, qmdb 15.6, post 0.0, pre 3.6, plain_rev 3.6, commit_sf 0.8, commit_mdbx 0.1, commit_rocks 0.0; longest task sf_tx 31.4; in-memory 10 -> 10 (max 12); RSS 34.0 -> 41.2 G; lag 10 -> 9 = -2.0 blocks/min; bp max 0
  leg end: in-memory 8, max over the sampler 12, backpressure stalls 0
== loop348K7A: execution and root fields (median / p90 per block); over 1473 full builds: rename_fallbacks total 0, rename_record_waits total 0, carried_depth values ['1']
    folded lines 478: pending_max max 86 (median 72); pending_us_max max 24,610; drops_max max 42337
    flags: seal_on_counters true:477; freeze_pool_own true:477; plan_body 0:2/1:471/2:4; prep_from_plan false:6/true:471; plan_ahead 1:475/2:2; seal per 1,000 transfers 0.240 ms
  window 1 (477 builds): on-CPU share 1.00/1.00; CPU per transfer 2.92/3.61 us; sealed_at_ms 48/67; par_exec_ms 21/27; par_fold_ms 9/17; index_ms 15/21; par_start_ms 3/14; gap_before_exec_ms 8/32; state_wait_us 8,343/31,895; parent_fields_ms 5/18; roots_ms 29/40; seal_to_fields_us 49,019/59,483; seal_to_complete_us 107,182/123,519; rename_fallbacks 0/0; rename_record_waits 0/0; carried_depth 1/1; plan_body_us 16,397/19,354; batch_max_ms 8/12; tx_root_ms 1/1; sealed_ms 5/20
    folded lines 482: pending_max max 87 (median 71); pending_us_max max 17,513; drops_max max 44794
    flags: seal_on_counters true:484; freeze_pool_own true:484; plan_body 0:1/1:483; prep_from_plan false:1/true:483; plan_ahead 0:1/1:483; seal per 1,000 transfers 0.245 ms
  window 2 (484 builds): on-CPU share 1.00/1.00; CPU per transfer 3.08/3.68 us; sealed_at_ms 49/65; par_exec_ms 22/27; par_fold_ms 7/15; index_ms 13/18; par_start_ms 4/16; gap_before_exec_ms 5/20; state_wait_us 5,486/20,258; parent_fields_ms 6/21; roots_ms 31/44; seal_to_fields_us 49,797/62,875; seal_to_complete_us 109,244/126,486; rename_fallbacks 0/0; rename_record_waits 0/0; carried_depth 1/1; plan_body_us 14,342/17,595; batch_max_ms 9/12; tx_root_ms 1/1; sealed_ms 7/22
    folded lines 466: pending_max max 88 (median 73); pending_us_max max 25,040; drops_max max 42509
    flags: seal_on_counters true:465; freeze_pool_own true:465; plan_body 1:463/2:2; prep_from_plan false:2/true:463; plan_ahead 1:465; seal per 1,000 transfers 0.270 ms
  window 3 (465 builds): on-CPU share 1.00/1.00; CPU per transfer 2.92/3.50 us; sealed_at_ms 54/80; par_exec_ms 21/26; par_fold_ms 7/16; index_ms 14/20; par_start_ms 3/15; gap_before_exec_ms 9/48; state_wait_us 9,506/48,591; parent_fields_ms 8/25; roots_ms 33/48; seal_to_fields_us 51,227/66,831; seal_to_complete_us 112,130/132,026; rename_fallbacks 0/0; rename_record_waits 0/0; carried_depth 1/1; plan_body_us 17,157/19,971; batch_max_ms 8/12; tx_root_ms 1/1; sealed_ms 9/25
== loop348K7A: 4356 proposals; proposal -> quorum (leader's commit) median 7.3 / p90 30.3 / max 134.9 ms; proposal interval median 61.4 / p90 62.3 ms; TC formed lines 1; leader views timed out 1; ParentUnknown lines 0
   handover at view 1024: proposal intervals (view, ms) [(1023, 61), (1024, 146), (1025, 102), (1026, 61), (1027, 61)] against the median 61 ms
   handover at view 2048: proposal intervals (view, ms) [(2047, 61), (2048, 62), (2049, 61), (2050, 61), (2051, 61)] against the median 61 ms
   handover at view 3072: proposal intervals (view, ms) [(3071, 62), (3072, 62), (3073, 62), (3074, 62), (3075, 61)] against the median 61 ms
   handover at view 4096: proposal intervals (view, ms) [(4095, 61), (4096, 61), (4097, 62), (4098, 62), (4099, 62)] against the median 61 ms
     block 1024 (view 1024): sealed_at_ms 101, gap_before_exec_ms 14, parent_fields_ms 69, rename_fallbacks 0, rename_record_waits 0, carried_depth 1
     block 1025 (view 1025): sealed_at_ms 36, gap_before_exec_ms 10, parent_fields_ms 8, rename_fallbacks 0, rename_record_waits 0, carried_depth 1
     block 1026 (view 1026): sealed_at_ms 43, gap_before_exec_ms 0, parent_fields_ms 7, rename_fallbacks 0, rename_record_waits 0, carried_depth 1
     block 1027 (view 1027): sealed_at_ms 54, gap_before_exec_ms 8, parent_fields_ms 20, rename_fallbacks 0, rename_record_waits 0, carried_depth 1
flood span 95 s; tokio-rt threads alive throughout 34 of 66; group 9.7 cores busy over them (all threads incl. short-lived 12.7)
  per-thread cores busy, top 12: 0.58 0.58 0.58 0.58 0.58 0.58 0.56 0.56 0.56 0.56 0.56 0.56; threads over 0.9 core: 0, over 0.7: 0
== loop348K7A: 1426 full builds in the 3 windows
  par_exec_ms 21/27; par_run_ms 30/56; batch_start_skew_ms 16/20; batch_median_ms 4/5; batch_max_ms 8/12; batch_first_start_us 76/114; batch_last_start_us 16892/20394; batch_dispatch_us 213/299; batch_last_end_us 21691/27363; batches 128/128; batch_threads 32/32; batch_txs_max 2000/2000; batch_txs_min 1500/1500; start_walk_ms 0/0; start_walk_check_ms 0/0; par_start_ms 3/15; sealed_at_ms 50/70; prev_seal_to_answer_us 1740/3073; prev_seal_to_entry_us 0/0; prev_seal_to_header_us 201/331; prev_seal_to_import_us 117140/153104; prev_seal_to_request_us 944/65905; prev_seal_to_start_us 1242/66162; start_walk_check_us 0/0; start_walk_ids_us 0/0; start_walk_settle_us 0/0; start_walk_us 0/0
  one_wave {'false': 1426}
  batches == batch_threads on 0 of 1426 builds
  last - first batch start (ms) median/p90 16.81/20.33; under 2 ms on 0 of 1426 builds
bodygate loop348K7A: invalid_blocks=0 gas_mismatch=0 fields_mismatches=0 own_not_committed=0 proposals_given_up=0
leg loop348K21: /data free 513G (needs 120 G)
plan loop348K21: exit 0 (21 validators, 1 layer(s)): # validators 21, execution layers 1, 192 CPUs a layer, import-once 1, shared 1; # validators : 32 CPUs set aside, taskset -c 96-111,224-239; # fleet    : 21 nodes, quorum 15 of 21 (f = 6); 0 refusals
leg loop348K21 start 04:01:06 load 5.33
round loop348K21 exit 0 at 04:04:08
loop348K21 save stages (node0, seconds summed over the leg / count): batch_size=1919.0/628  batch_size=1919.0/628  reth_consensus_engine_beacon_persistence_duration=56.7/628  duration_seconds=52.8/628  total=48.2/628  scope=43.6/629  sf=43.5/628  sf_transactions=43.3/629  qmdb_persisted=21.4/629  sf_account_changesets=20.1/628
el binary: /data/n42-build/target-n42-rs/native/release/n42 env: N42_IMPORT_ONCE=1 N42_SETTLEMENT_TAGS=legacy N42_BUILD_THROTTLE_SOFT=48 F7_EL_MAP=0,0,0,0,0,0,0,0,0,0,0,0,0,0,0,0,0,0,0,0,0 N42_FIELDS_AT_SEAL=1 N42_FREEZE_AFTER_SEAL=1 N42_FRAME_BLOCKS=1 N42_TX_INGEST_RECOVER_PARALLEL=24 N42_FREEZE_POOL=own N42_PARALLEL_BUILD_THREADS=32 N42_PLAN_AHEAD=1 N42_HASHED_TABLES=off F7_FLOOD_RATE=6000000 N42_COMPACT_BODY=1 N42_BUILD_BATCHES=128 MALLOC_CONF=thp:always,oversize_threshold:0,dirty_decay_ms:2000,background_thread:true N42_SEAL_ON_COUNTERS=1 N42_ACCOUNT_HISTORY=off N42_TAKE_COMPACT=1 N42_SF_EARLY_WRITEBACK=1 F7_VAL_NO_MALLOC_CONF=1 N42_ROAD_RUNTIME=1 N42_TX_INGEST_HIGH_WATER=2500000 F7_BENCH_POOL_SLOTS=3000000 N42_PLAN_AHEAD_BODY=1 N42_SEAL_AT_EXEC=1 N42_TX_QUEUE_DRAIN_CHUNK=8192 N42_ANSWER_LAYOUT_ONLY=1 N42_PULL_BY_FRAMES=1 N42_SF_PARALLEL_ENCODE=1 N42_BUILD_THROTTLE_HARD=80 N42_LIVE_INDEX_DEFER=1 RAYON_NUM_THREADS=16 F7_VAL_CPUS=32 N42_ROOT_OPS_AHEAD=1 TOKIO_WORKER_THREADS=16 N42_QMDB_READS=on N42_LEADER_LAYERS=3 N42_PERSIST_QMDB_IN_SCOPE=1 F7_BLOCK_INTERVAL_MS=60 F7_MEASURE_FROM_LOG=1
validator env: N42_IMPORT_ONCE=1 N42_SETTLEMENT_TAGS=legacy N42_BUILD_THROTTLE_SOFT=48 F7_EL_MAP=0,0,0,0,0,0,0,0,0,0,0,0,0,0,0,0,0,0,0,0,0 N42_FIELDS_AT_SEAL=1 N42_FREEZE_AFTER_SEAL=1 N42_FRAME_BLOCKS=1 N42_TX_INGEST_RECOVER_PARALLEL=24 N42_FREEZE_POOL=own N42_PARALLEL_BUILD_THREADS=32 N42_PLAN_AHEAD=1 N42_HASHED_TABLES=off F7_FLOOD_RATE=6000000 N42_COMPACT_BODY=1 N42_BUILD_BATCHES=128 N42_SEAL_ON_COUNTERS=1 N42_ACCOUNT_HISTORY=off N42_TAKE_COMPACT=1 N42_SF_EARLY_WRITEBACK=1 N42_ROAD_RUNTIME=1 N42_TX_INGEST_HIGH_WATER=2500000 F7_BENCH_POOL_SLOTS=3000000 N42_PLAN_AHEAD_BODY=1 N42_SEAL_AT_EXEC=1 N42_TX_QUEUE_DRAIN_CHUNK=8192 N42_ANSWER_LAYOUT_ONLY=1 N42_PULL_BY_FRAMES=1 N42_SF_PARALLEL_ENCODE=1 N42_BUILD_THROTTLE_HARD=80 N42_LIVE_INDEX_DEFER=1 RAYON_NUM_THREADS=16 F7_VAL_CPUS=32 N42_ROOT_OPS_AHEAD=1 TOKIO_WORKER_THREADS=16 N42_QMDB_READS=on N42_LEADER_LAYERS=3 N42_PERSIST_QMDB_IN_SCOPE=1 F7_MEASURE_FROM_LOG=1
loop348K21 once: start-up lines import_once=true 1; last direct-import counters 
loop348K21 imports: layers=1 direct_imports=0 canonical_blocks=3966 import_once_lines=1 (per layer: direct imports should equal canonical blocks for one execution per block)
grep: /data/blockchain/rust-fleet7-bench/node1/el.log: No such file or directory
grep: /data/blockchain/rust-fleet7-bench/node2/el.log: No such file or directory
grep: /data/blockchain/rust-fleet7-bench/node3/el.log: No such file or directory
grep: /data/blockchain/rust-fleet7-bench/node1/el.log: No such file or directory
grep: /data/blockchain/rust-fleet7-bench/node2/el.log: No such file or directory
grep: /data/blockchain/rust-fleet7-bench/node3/el.log: No such file or directory
cat: /data/blockchain/rust-fleet7-bench/node2/el.log: No such file or directory
cat: /data/blockchain/rust-fleet7-bench/node2/el.log: No such file or directory
cat: /data/blockchain/rust-fleet7-bench/node2/el.log: No such file or directory
cat: /data/blockchain/rust-fleet7-bench/node1/el.log: No such file or directory
cat: /data/blockchain/rust-fleet7-bench/node2/el.log: No such file or directory
cat: /data/blockchain/rust-fleet7-bench/node3/el.log: No such file or directory
Traceback (most recent call last):
  File [35m"<stdin>"[0m, line [35m4[0m, in [35m<module>[0m
[1;35mIndexError[0m: [35mlist index out of range[0m
loop348K21 no_variant=0 own_not_committed=0 tc=0 invalid_blocks=0 incomplete=0 gas_mismatch=0 direct_imports_failed=0 stuck_at_hashed_state=0 engine_idles_over_5s=1 proposals_given_up=0 tables_off_nodes=1 unanswered_reads=0 seal_first_total=1419 seal_first_direct=1419 direct_guard_errors=0 commit_ms_median=0 fold_ms_median=8 sealed_at_ms_median=49 state_ready_ms_median=94 build_total_ms_median=167 recover_us_median=0 par_exec_ms_median=22 par_exec_ms_median=22 giveback_filtered=0 giveback_offered_max=0 seal_first=1419 reader_lag_max=10 reader_lag_warns=0 view_invalidated=0 el_sum_peak_g=40.3 el_max_peak_g=40.3 val_sum_peak_g=5.8 flood_peak_g=0.6 two_roads_blocks=0 two_roads_overlap_ms_median=- exec_on_output_declined=0 r1_collect_ms_median=14 proposal_at_ms_median=29 view_total_ms_median=61 import_exec_ms_median=- import_total_ms_median=- import_senders_ms_median=- import_convert_ms_median=- import_groups_median=- imports_over_600ms=0 min_avail_g=70.4 road_foreign_body_recv_ms=- road_foreign_body_decode_ms=- road_foreign_body_senders_ms=- road_foreign_body_parent_wait_ms=- road_foreign_body_check_ms=- road_foreign_body_total_ms=- road_new_payload_recv_ms=- road_new_payload_decode_ms=- road_new_payload_senders_ms=- road_new_payload_parent_wait_ms=- road_new_payload_check_ms=- road_new_payload_total_ms=- road_foreign_body_blocks=0 road_new_payload_blocks=0 fcu_answered=1831 fcu_in_flight_ms_median=0 fcu_queued_ms_median=0 fcu_queued_ms_max=105 fcu_refused=0 fcu_slow=2259 bodies_held=0 road_reuse_ms=- road_prepare_ms=- road_dispatch_ms=- road_convert_ms=- road_remember_ms=- road_header_ms=- road_fields_ms=- road_other_ms=- import_engine_ms_median=- gate_forced=0 gate_warns=0 flood_timeouts=0 canonical_min=4038 canonical_max=4038 chained_builds=2410 chain_lead_ms_median=57 chain_wait_ms_median=0 chain_started=2411 chain_discarded=1 chain_discard_reasons=_1_reason="no_,_1_reason="the_execution_layer_produced_nothing chain_alias_warns=0 el_chained=2433 bodies_held_warns=0 el_build_refused=2 el_build_refused_reasons=_2_no_QMDB_tree_for_parent_block_0x queued_p5=2316000 queued_p50=2506000 road_compact_blocks=0 road_compact_recv_ms=- road_compact_assemble_ms=- road_compact_root_ms=- road_compact_miss_wait_ms=- road_compact_senders_ms=- road_compact_check_ms=- road_compact_other_ms=- road_compact_total_ms=- road_compact_misses_total= compact_refused_el=0 compact_fallbacks=0 compact_bytes_median=- pool_order9=14038 par_pull_ms_median=0 build_total_ms_median2=51 road_compact_filled_blocks=0 road_compact_filled_median=- road_compact_fill_ms_median=- need_txns=0 fill_failed=0 ingest_rate_gate_open_median=- ingest_gate_open_intervals=0 ingest_slots_busy_median=- flood_rate= fill_asked_proposer=0 fill_asked_other=0 loop_lines=0 loop_unnamed_ms_median=- loop_body_served_ms_median=- loop_txns_served_ms_median=- import_exec_ms_median2=- pip_partition_ms=- pip_env_ms=- pip_batch_ms=- pip_groups_ms=- pip_gas_ms=- pip_merge_ms=- pip_receipts_ms=- pip_drop_ms=- pip_other_ms=- pip_total_ms=- senders_indexed_median=- road_senders_ms_median=- road_total_ms_median=- pew_ms_median=- pew_ms_p90= gate_ms_median=- gate_ms_p90= root_ms_p50=- root_ms_p90= two_roads=0 not_on_output=0 not_on_output_why= ckpt_ms_first_q=2 ckpt_ms_last_q=43 ckpt_bytes_last=33861164 parent_still_importing=3 root_wait_ms_p50=- root_wait_ms_p90= tenures_low_seal=23 seal_first_share=0.99 empty_over_deep=0 near_empty_warns=0 no_seal_why= par_skipped_median=- usable_p5=2314500 ckpt_replay_ms_last_q=13 candidates_zero=0 dropped_ingest=0 let_go_warns=0 let_go_reasons= parked_p50=0 parked_max=0 held_warns=0 park_capped_total=0 superseded_builds=0 empty_not_superseded=0 mass_park_warns=0 heads_lines=0 holes_lines=0 stale_parent_refusals=0 par_groups_p5=0 cancelled_decided=2 heads_nonce0=0 stale_unconfirmed= handovers=3 el_panics=0 decided_cancelled=2 min_window_blocks=452 road_desc_blocks=0 road_desc_total_ms=- road_desc_copy_ms=- desc_misses=0 fill_failed2=0 sf_par_collect_ms=0 sf_par_commit_ms=0 sf_par_fold_ms=8 sf_par_graft_ms=0 sf_par_prefault_ms=0 sf_par_exec_ms=22 sf_sealed_at_ms=49 sf_roots_ms=32 sf_state_ready_ms=94 sf_total_ms=167 ba_find_ms=0 ba_queue_ms=0 ba_total_ms=51 ba_on_output=1419 queue_fold_us=0 queue_lock_us=125 sf_par_exec_ms=22 sf_par_fold_ms=8 pip_groups_ms=- import_exec_ms_median2=- reads_d0=0 reads_hist=0 f_reads_d0=- f_reads_hist=- f_overlay_depth=- L_read_set_ms=0 read_set_accounts=0 read_set_unresolved=0 read_set_hits=0 read_set_misses=0 start_best_ms=- par_prep_ms=- gap_before_exec_ms=- gap_after_exec_ms=- gap_before_seal_ms=- index_ms=- road_copy_aside_ms=- road_copy_wait_ms=- road_total_ms=- queue_first_miss=queue_first_miss=0:2533,queue_first_miss=18446744073709551615:1431 root_append_behind=0 populate_lag_mb=0 swap_used_g=0 root_faults=- root_faults_p90= root_faults_entries=0 root_faults_offsets=0 root_faults_index=0 root_faults_bits=0 root_faults_twigs=0 root_faults_undo=0 root_faults_tmp=0 root_append_faults=0 root_twig_pool_misses=0 batch_max_ms=9 batch_min_ms=2 batch_median_ms=4 batch_cpu_max_ms=9 batch_txs_max=2000 batch_txs_min=1500 batch_start_skew_ms=17 batch_wait_ms=0 loop_fetch_ns=0 loop_check_ns=0 loop_transfer_ns=0 loop_receipt_ns=0 loop_gas_ns=0 loop_sink_ns=0 loop_other_ns=0 batch_setup_ns=0 batch_close_ns=0 imp_exec_part_ms=- imp_exec_batches_ms=- imp_exec_graft_ms=- imp_exec_batches=- imp_exec_threads=- imp_exec_batch_max_ms=- imp_exec_batch_median_ms=- imp_parent_output_wait_ms=- road_parent_output_wait_ms=- next_start_gap_ms=1 next_entry_gap_ms=0 commit_body_ahead_used=- imp_exec_keys_ms=- imp_keys_ahead=- imp_exec_sink_ms=- imp_exec_pre_ms=- imp_exec_post_ms=- imp_exec_receipts_ms=- imp_exec_drop_ms=- root_gap_ms=- queue_whole=queue_whole=false:2533,queue_whole=true:1431 tick_tick_late_us=982 tick_preamble_us=337 tick_take_sealed_us=3 tick_sign_us=1 tick_cache_us=0 tick_presealed=- tick_describe_us=21 tick_publish_us=654 tick_tick_to_send_us=2059 road_check_ms=- road_check_include_us=- road_check_scan_us=- road_check_fold_us=- road_check_senders_us=- road_check_frames_summarized=- road_check_frames_scanned=- imp_exec_start_gap_us=- imp_gap_road_us=- imp_gap_header_us=- imp_gap_senders_us=- imp_gap_parent_us=- imp_gap_setup_us=- imp_gap_keys_wait_us=- sealed_at_p90= sealed_over_130=0 roots_ms=- cycle_p90= batch_max_ms=- batch_median_ms=- imp_batch_max=- forest_lock_warns=1448 root_seal_ms=1 root_seals=39 root_majflt=3 roots_p90= gp_layer=1428 ggp_missing=144 state_wait_split=0/0/0/0:581,9/0/0/0:63,4/0/0/0:63 qmdb_releases=0 state_wait_on= imp_road_end_ms=- imp_exec_start_ms=- imp_exec_end_ms=- imp_root_end_ms=- imp_fields_ready_ms=- imp_parent_fields_wait_ms=- imp_exec_ms=- imp_root_ms=- imp_checks_ms=- imp_engine_ms=- imp_total_ms=- road_parent_fields_wait_ms=- exec_read_ms=0 L_exec_evm_ms=0 L_exec_write_ms=0 L_exec_other_ms=0 L_reads_cache=0 L_reads_provider=0 L_reads_view=0 L_graft_base_ms=0 L_graft_reserve_ms=0 L_graft_insert_ms=0 L_graft_reverts_ms=0 L_graft_other_ms=0 L_par_exec_ms=22 L_par_graft_ms=0 F_exec_read_ms=- F_exec_evm_ms=- F_exec_write_ms=- F_exec_other_ms=- F_reads_cache=- F_reads_provider=- F_reads_view=- F_groups_ms=- L_tx_root_wait_ms=0 L_par_exec_ms=22 L_par_graft_ms=0 L_par_fold_ms=8 L_sealed_ms=7 L_state_ready_ms=94 L_roots_ms=32 L_finish_ms=104 L_total_ms=167 L_setup_ms=0 L_par_pull_ms=0 L_give_back_ms=0 L_state_wait_ms=4 L_state_after_pull=1419 L_seal_at_exec=1419 L_tx_root_ahead=0 flood_w1=3081223 txs_p10=200000 acq_us=480 slots_busy=13 ingest_rate=3043792 L_scope_join_ms=0 L_par_release_ms=0 L_commit_body_ms=0 L_par_commit_ms=0 L_give_back_ms=0 L_sealed_ms=7 L_par_exec_ms=22 L_state_wait_ms=4 L_par_pull_ms=0 L_par_prep_ms=0 L_par_start_ms=5 L_pre_exec_ms=0 L_par_run_ms=28 L_sealed_at_ms=49 F_partition_ms=- F_env_ms=- F_groups_ms=- F_merge_ms=- F_reverts_wait_ms=- F_ahead_wait_ms=- F_total_ms=- I_engine_ms=- I_root_ms=- I_total_ms=- H_engine_remember_ms=- H_engine_listing_ms=- H_engine_new_payload_ms=- busy_us=1 L_par_start_ms=5 L_start_handoff_ms=0 L_start_best_ms=5 L_start_puller_ms=0 L_par_pull_ms=0 L_par_prep_ms=0 L_state_wait_ms=4 L_par_exec_ms=22 L_par_commit_ms=0 L_sealed_ms=7 L_sealed_at_ms=49 L_par_graft_ms=0 L_graft_insert_ms=0 L_graft_reverts_ms=0 L_graft_split_us=0 L_graft_build_us=0 L_graft_merge_us=0 L_state_ready_ms=94 Q_queue_ms=0 R_dispatch_wait_ms=- R_total_ms=- R_road_runtime=1 gate_holds=0 peer_fetch=0 pool_limit=limit=4 gate_opened=gate_opened_for_block=0 I_root_ms=- flood_rate_hdr=rate=6000000/s fills=0 fill_waited=- slots_busy=13 acq_us=480 busy_us=1 converged=0 fallbacks=0 busy_us=1 recover_us=0 tf_on_output=3 tf_fallback=0 still_importing=3 busy_us=1 slots_busy=13 batches=altsig_txs=0 altsig_batches=0 tf_on_output=3 tf_fallback=0 gate_holds=0 sign_s=sign 0s replay_note=replay       : 64 files from /data/n42-pregen/g900000-400m, 400000000 transactio sign_s=sign 0s shard=shard_verified=0 shard_claimed=0 road_verified=- slots_busy=13 gate_us=7276 reply_us=7886 queued=2506000 assemble_ms=- road_take_ms=- road_body_ms=- road_encode_ms=- shards=16 shard_insert_ms=0 shard_wait_ms=0 shard_fold_ms=14 shard_append_ms=17 shard_merge_ms=57 state_ready_ms=94 roots_ms=32 exec_read_ms=0 exec_evm_ms=0 exec_write_ms=0 exec_other_ms=0 reads_cache=0 reads_provider=0 reads_view=0 par_run_ms=28 fold_task_cpu_max_us=14094 fold_task_minflt_max=1 fold_task_minflt_sum=1 fold_task_migrated=0 fold_task_nivcsw_max=0 fold_index=1 fold_index_build_ms=14 fold_index_conflicts=8262 fold_queue_us=66 fold_skew_us=41 fold_task_max_us=14091 fold_tail_us=18 start_best_ms=5 start_select_ms=1 start_walk_ms=0 start_walk_check_ms=0 start_best_other_ms=0 start_frames_by_ref=0 start_frames_slow=0 start_pull_ms=0 start_other_ms=0 start_handoff_ms=0 par_start_ms=5 par_prep_ms=0 par_commit_ms=0 commit_body_ms=0 par_fold_ms=8 sealed_ms=7 copy_ms=- prune_ms=0 frames=- frames_missing=- frame_root_ms=- root_ms=- frames_admitted=frames_admitted=567525 frames_unaligned=0 frame_root_indexed=- seal_layout_ms=0 seal_root_ms=0 attested= busy_us=1 slots_busy=13 reply_us=7886 prune_ms=0 body_refused=0 body_failed_late=0
loop348K21 win1 tps=3,046,667 txs=91,400,000 blocks= 457 cycle=0.066s occupancy=100.0% full(>=95%)=457/457 basefee=n/a (from the layer's log)
loop348K21 win2 tps=3,073,333 txs=92,200,000 blocks= 461 cycle=0.065s occupancy=100.0% full(>=95%)=461/461 basefee=n/a (from the layer's log)
loop348K21 win3 tps=3,013,333 txs=90,400,000 blocks= 452 cycle=0.066s occupancy=100.0% full(>=95%)=452/452 basefee=n/a (from the layer's log)
loop348K21 tps=3,046,667 round_txs=274000000 cycles_w1=
loop348K21 imp_fields_p90= b_p75=14
loop348K21 overlay: filter_skips=0 probes=0 ratio=- (ratio = skips/(skips+probes))
loop348K21 overlay_manager:       1 state_trie_overlay=false  state-ovly_cpu=0
loop348K21 verify: written to /data/blockchain/rust-fleet7-bench/bench-loop348K21/verify.json
== validator memory at flood +70 s (loop348K21)
validators 21: RSS sum 4.7 G, max 0.24 G, mean 0.22 G; threads 1155 (mean 55)
one validator (pid 176766):
VmHWM:	  225396 kB
VmRSS:	  225396 kB
RssAnon:	  209416 kB
RssFile:	   15980 kB
RssShmem:	       0 kB
Threads:	55
Rss:              225396 kB
Private_Dirty:    209416 kB
Anonymous:        209416 kB
AnonHugePages:         0 kB
threads by name:
     49 h2_validator
      4 tokio-rt-worker
      1 n42-qmdb-prefau
      1 futures-timer
largest mappings by Rss:
51824  764c2f400000-764c35a00000
35972  764c2b980000-764c2e800000
33652  764c29180000-764c2b800000
20472  764c41b00000-764c43000000
20256  764c27580000-764c29000000
18284  764c43a80000-764c47a00000
11088 /data/n42-build/target-n42-rs/native/release/examples/h2_validator 5d56b4f7c000-5d56b5e14000
9100  764c43100000-764c43a00000
RSS of all validators, sorted:
min 213.016 MB median 221.224 MB max 237.72 MB
== many-keys report loop348K21
== loop348K21: 21 validator logs, f=6, quorum 15
1. the leaders' commit lines
  R1_collect (proposal -> prepare QC): n=4328 p50 14.0 p90 32.0 p99 75.0 max 5777.0 ms
  R2_collect (prepare QC -> commit QC): n=4328 p50 17.0 p90 18.0 p99 24.0 max 28.0 ms
  total (proposal -> commit): n=4328 p50 61.0 p90 72.0 p99 119.0 max 5855.0 ms
  votes at formation: R1 median 15 max 15 (quorum 15); R2 median 15 max 15
2. vote collection at the traced leaders (first vote -> quorum -> last vote)
 R1 (vote), 3071 views:
    proposal -> first vote: n=3071 p50 2.8 p90 28.6 p99 68.0 max 107.6 ms
    first vote -> quorum: n=3071 p50 10.1 p90 10.6 p99 11.3 max 5769.0 ms
    quorum -> last vote: n=3071 p50 5.0 p90 5.5 p99 11.5 max 18.2 ms
    proposal -> last vote (the slowest key): n=3071 p50 18.2 p90 44.3 p99 86.8 max 5781.6 ms
   views with fewer than 20 votes received: 0
 R2 (commit_vote), 3071 views:
    proposal -> first vote: n=3071 p50 20.6 p90 47.3 p99 90.1 max 5784.2 ms
    first vote -> quorum: n=3071 p50 10.1 p90 10.5 p99 11.2 max 12.5 ms
    quorum -> last vote: n=3071 p50 1.6 p90 1.7 p99 1.8 max 4.1 ms
    proposal -> last vote (the slowest key): n=3071 p50 32.4 p90 59.2 p99 101.6 max 5796.0 ms
   views with fewer than 20 votes received: 0
3. the straggler rule and the loop
  proposal interval (same leader, consecutive views): n=4324 p50 61.4 p90 63.5 p99 100.3 max 5798.7 ms; >= 500 ms: 1
  no `slow step` lines
4. gossip propagation (proposal sent -> received at a traced follower)
    proposal arrival delay: n=9916 p50 0.3 p90 0.7 p99 1.2 max 9.6 ms
4b. the new fields (docs/E1_MANY_KEYS.md section 6), leaders' `block committed!` and `proposal sent` lines
    verify_us: n=4328 p50 23559.0 p90 24170.0 p99 24777.0 max 26958.0 us
    verify_n: n=4328 p50 34.0 p90 34.0 p99 34.0 max 36.0 
    verify_batches: n=4328 p50 0.0 p90 0.0 p99 0.0 max 0.0 
  verify_fallbacks: total 0 over 4328 blocks
    inbound_queue_max: n=4328 p50 0.0 p90 0.0 p99 0.0 max 0.0 
    gossip_poll_us: n=4328 p50 2107.0 p90 2517.0 p99 3457.0 max 5271.0 us
  straggler_waits (cumulative per leader log, summed over 5 leaders): 0; waits with straggler_wait_us > 0: 0 of 4329 proposals, none
  direct votes at the leaders: received 0 (duplicates dropped 0); sent by those nodes 0, fallbacks to gossip 0; leaders led 4329 views = 173160 vote messages expected (2 rounds x 20); direct share of those 0.0%
5. validators
validators n=21: cpu total 6.38 cores, per key mean 0.304 median 0.280 max 0.478 (key 1) min 0.265; rss per key peak mean 0.276 max 0.288 G, sum of peaks 5.8 G; threads per key mean 55, total 1155
libp2p connections (last census of 5): 414 in all (a full mesh of 21 is 210); sockets per process min 18 median 20 max 20
== loop348K21  (E=1: seven validator keys on one execution layer)
  window 1: canonical 458 blocks, 91.6M tx = 3,053,333/s (100.0% of window 1), full 457/458 (100%); cycle mean/median/p90 65.5/61.6/77.2 ms
    leader builds 458: sealed_at median/p90/p99 48/66/95; phases median/p90 ms: gap_before_exec 4/24, state_wait 4/24, par 48/73, par_exec 22/28, roots 30/44, parent_fields 5/20, sealed 6/21
    state_wait_on {'output': 228, 'none': 191, 'grandparent': 36, 'open': 3}; builds with state_wait > 20 ms: 51 ([('grandparent', 31), ('output', 20)]); gp_layer {1.0: 458}, ggp_missing {0.0: 420, 1.0: 38}
    queue at the builds min/median 1,239,500/2,515,500
    new field batch_cpu_sum_us: median/p90/max 619113.0/766866.0/2529334, nonzero 458
    new field batch_dispatch_us: median/p90/max 222.0/318.0/3332, nonzero 458
    new field batch_first_start_us: median/p90/max 76.0/112.0/298, nonzero 458
    new field batch_ivcsw: median/p90/max 1.0/6.0/20, nonzero 288
    new field batch_last_end_us: median/p90/max 22451.5/28065.0/85943, nonzero 458
    new field batch_last_start_us: median/p90/max 17424.0/21678.0/76043, nonzero 458
    new field batch_live_deferred: median/p90/max 72.0/80.0/86, nonzero 458
    new field batch_live_lock_hold_us: median/p90/max 10896.5/12845.0/19625, nonzero 458
    new field batch_live_lock_wait_us: median/p90/max 0.0/0.0/0, nonzero 0
    new field batch_live_lock_waits: median/p90/max 0.0/0.0/0, nonzero 0
    new field batch_majflt: median/p90/max 0.0/0.0/0, nonzero 0
    new field batch_minflt: median/p90/max 763.5/9766.0/30248, nonzero 458
    new field batch_open_max_us: median/p90/max 429.0/523.0/907, nonzero 458
    new field batch_open_sum_us: median/p90/max 10661.5/13191.0/18206, nonzero 458
    new field batch_threads: median/p90/max 32.0/32.0/32, nonzero 458
    new field batch_vcsw: median/p90/max 159.0/495.0/980, nonzero 458
    new field batch_view_index_wait_us: median/p90/max 0.0/19687.0/52653, nonzero 102
    new field batch_view_index_waits: median/p90/max 0.0/277.0/695, nonzero 102
    new field batch_view_slot_wait_us: median/p90/max 0.0/1952.0/14218, nonzero 107
    new field batch_view_slot_waits: median/p90/max 0.0/54.0/191, nonzero 107
    new field batch_wall_sum_us: median/p90/max 628753.5/777142.0/2530746, nonzero 458
    new field batches: median/p90/max 128.0/128.0/128, nonzero 458
    new field build_batches: median/p90/max 128.0/128.0/128, nonzero 458
    new field carried_depth: median/p90/max 1.0/1.0/1, nonzero 458
    new field exec_end_to_seal_us: median/p90/max 93.0/139.0/345, nonzero 458
    new field exec_partition_us: median/p90/max 6.0/8.0/1606, nonzero 458
    new field exec_prepared_groups: {'true': 454, 'false': 4}
    new field exec_prepared_slots: {'true': 454, 'false': 4}
    new field exec_slots_us: median/p90/max 0.0/0.0/1661, nonzero 4
    new field freeze_join_wait_us: median/p90/max 9041.5/17358.0/44127, nonzero 458
    new field freeze_late: {'true': 458}
    new field freeze_pool_own: {'true': 458}
    new field live_index_defer: {'true': 458}
    new field merge_accounts: median/p90/max 191830.0/195202.0/198095, nonzero 458
    new field merge_append_us: median/p90/max 3466.0/6874.0/20333, nonzero 458
    new field merge_early: {'false': 458}
    new field merge_join_wait_us: median/p90/max 0.0/0.0/0, nonzero 0
    new field merge_reverts: median/p90/max 191830.0/195202.0/198095, nonzero 458
    new field merge_reverts_us: median/p90/max 14612.5/19683.0/29879, nonzero 458
    new field merge_state_us: median/p90/max 37918.0/46948.0/67651, nonzero 458
    new field merge_tail_us: median/p90/max 0.0/0.0/8, nonzero 1
    new field merge_threads: median/p90/max 1.0/1.0/1, nonzero 458
    new field one_wave: {'false': 458}
    new field open_engine_us: median/p90/max 0.0/0.0/111679, nonzero 38
    new field open_fallback: {'false': 420, 'true': 38}
    new field open_keep_us: median/p90/max 6.0/9.0/22, nonzero 458
    new field open_kept_accounts: median/p90/max 575351.0/582321.0/588789, nonzero 458
    new field open_layers: median/p90/max 3.0/3.0/3, nonzero 458
    new field open_provider_us: median/p90/max 97.0/147.0/472, nonzero 458
    new field plan_age_us: median/p90/max 46407.0/107633.0/153925, nonzero 458
    new field plan_ahead: median/p90/max 1.0/1.0/1, nonzero 458
    new field plan_body: median/p90/max 1.0/1.0/2, nonzero 458
    new field plan_body_us: median/p90/max 15662.0/19355.0/24999, nonzero 454
    new field plan_discard: {'': 458}
    new field plan_prep_us: median/p90/max 7409.5/15446.0/31135, nonzero 458
    new field plan_topup_txs: median/p90/max 0.0/0.0/0, nonzero 0
    new field prep_from_plan: {'true': 454, 'false': 4}
    new field prev_seal_to_answer_us: median/p90/max 1909.0/3601.0/6250, nonzero 458
    new field prev_seal_to_entry_us: median/p90/max 0.0/0.0/0, nonzero 0
    new field prev_seal_to_header_us: median/p90/max 203.0/328.0/1567, nonzero 458
    new field prev_seal_to_import_us: median/p90/max 112236.0/148055.0/213454, nonzero 426
    new field prev_seal_to_request_us: median/p90/max 1079.5/72013.0/100402, nonzero 458
    new field prev_seal_to_start_us: median/p90/max 1416.0/72301.0/100720, nonzero 458
    new field pull_bulk_txs: median/p90/max 200000.0/200000.0/200000, nonzero 458
    new field pull_bulk_us: median/p90/max 5.0/9.0/1211, nonzero 458
    new field receipts_late: {'false': 458}
    new field receipts_late_wait_us: median/p90/max 0.0/0.0/0, nonzero 0
    new field rename_fallbacks: median/p90/max 0.0/0.0/0, nonzero 0
    new field rename_record_waits: median/p90/max 0.0/0.0/0, nonzero 0
    new field root_apply_gap_us: median/p90/max 10.0/12.0/23, nonzero 458
    new field root_apply_total_us: median/p90/max 20136.5/30500.0/52261, nonzero 458
    new field root_compute_us: median/p90/max 22291.0/34187.0/54203, nonzero 458
    new field root_delta_us: median/p90/max 1139.0/3874.0/9486, nonzero 458
    new field root_index_us: median/p90/max 2762.0/5167.0/13422, nonzero 458
    new field root_leaves_us: median/p90/max 6759.5/10948.0/21991, nonzero 458
    new field root_note_us: median/p90/max 154.0/223.0/1742, nonzero 458
    new field root_ops_ahead: {'true': 458}
    new field root_ops_ahead_wait_us: median/p90/max 3200.0/9784.0/21605, nonzero 457
    new field root_ops_concat_us: median/p90/max 0.0/0.0/0, nonzero 0
    new field root_ops_encode_us: median/p90/max 5345.0/10301.0/21007, nonzero 458
    new field root_ops_finish_us: median/p90/max 2209.0/2946.0/8896, nonzero 458
    new field root_ops_sort_us: median/p90/max 3261.0/7195.0/14144, nonzero 458
    new field root_ops_us: median/p90/max 5486.0/12467.0/23921, nonzero 458
    new field root_rehash_us: median/p90/max 1385.5/1837.0/13333, nonzero 458
    new field root_retire_us: median/p90/max 1547.5/2867.0/9057, nonzero 458
    new field root_sort_us: median/p90/max 179.0/405.0/4054, nonzero 458
    new field root_undo_us: median/p90/max 351.5/726.0/3775, nonzero 458
    new field root_writes_us: median/p90/max 6691.5/10685.0/23705, nonzero 458
    new field seal_hashes_ahead: {'true': 458}
    new field seal_on_counters: {'true': 458}
    new field seal_to_complete_us: median/p90/max 107541.0/126731.0/179204, nonzero 458
    new field seal_to_frozen_us: median/p90/max 9006.5/17320.0/44089, nonzero 339
    new field seal_to_merge_end_us: median/p90/max 107449.5/126626.0/179086, nonzero 458
    new field seal_to_merge_start_us: median/p90/max 49771.5/64684.0/81793, nonzero 458
    new field seal_to_ops_ahead_us: median/p90/max 21747.0/30932.0/58664, nonzero 458
    new field seal_to_shards_ready_us: median/p90/max 14039.0/21935.0/48987, nonzero 458
    new field seal_to_state_ready_us: median/p90/max 107457.0/126633.0/179097, nonzero 458
    new field sealed_unix_us: median/p90/max 1791446567079071.5/1791446578986076.0/1791446581830531, nonzero 458
    new field start_walk_check_us: median/p90/max 0.0/0.0/0, nonzero 0
    new field start_walk_ids_us: median/p90/max 0.0/0.0/0, nonzero 0
    new field start_walk_settle_us: median/p90/max 0.0/0.0/0, nonzero 0
    new field start_walk_us: median/p90/max 0.0/0.0/0, nonzero 0
    new field state_wait_us: median/p90/max 4254.5/24379.0/111756, nonzero 458
    new field view_journal_reads: median/p90/max 0.0/86016.0/139264, nonzero 225
    new field view_journal_searches: median/p90/max 0.0/236865.0/420932, nonzero 225
    new field view_journal_skips: median/p90/max 0.0/0.0/0, nonzero 0
    new field whole_take_noted: {'true': 458}
    binding wait (tick / quorum / seal share, mean cycle): tick 97% (64); quorum 2% (115); seal 1% (82); feed-bound (blocks under 95% of the tier): 1 of 458
    slowest key vote delay median/p90 5.2/41.9 ms
    engine own-import total_ms per block median/p90/max 39/63/104 (n=457)
    layer RSS 4.7 -> 26.4 G (max 26.4), in-memory blocks max 10
    execution layer cores busy 35.1    validators cores busy 6.3
    flood delivered (median per 5 s over the leg) 3,078,015/s
  window 2: canonical 461 blocks, 92.2M tx = 3,073,333/s (100.7% of window 1), full 461/461 (100%); cycle mean/median/p90 62.6/61.5/67.9 ms
    leader builds 461: sealed_at median/p90/p99 49/64/85; phases median/p90 ms: gap_before_exec 3/19, state_wait 3/19, par 50/65, par_exec 22/28, roots 31/44, parent_fields 6/19, sealed 7/20
    state_wait_on {'output': 224, 'none': 190, 'grandparent': 46, 'open': 1}; builds with state_wait > 20 ms: 35 ([('grandparent', 33), ('output', 2)]); gp_layer {1.0: 461}, ggp_missing {0.0: 413, 1.0: 48}
    queue at the builds min/median 2,226,000/2,517,000
    new field batch_cpu_sum_us: median/p90/max 620495.0/751334.0/2293793, nonzero 461
    new field batch_dispatch_us: median/p90/max 226.0/319.0/3743, nonzero 461
    new field batch_first_start_us: median/p90/max 79.0/117.0/351, nonzero 461
    new field batch_ivcsw: median/p90/max 1.0/7.0/22, nonzero 294
    new field batch_last_end_us: median/p90/max 22808.0/28270.0/85925, nonzero 461
    new field batch_last_start_us: median/p90/max 17531.0/21333.0/59732, nonzero 461
    new field batch_live_deferred: median/p90/max 73.0/81.0/115, nonzero 461
    new field batch_live_lock_hold_us: median/p90/max 11222.0/13084.0/21272, nonzero 461
    new field batch_live_lock_wait_us: median/p90/max 0.0/0.0/0, nonzero 0
    new field batch_live_lock_waits: median/p90/max 0.0/0.0/0, nonzero 0
    new field batch_majflt: median/p90/max 0.0/0.0/0, nonzero 0
    new field batch_minflt: median/p90/max 815.0/10485.0/28763, nonzero 461
    new field batch_open_max_us: median/p90/max 423.0/505.0/3410, nonzero 461
    new field batch_open_sum_us: median/p90/max 10480.0/12727.0/15591, nonzero 461
    new field batch_threads: median/p90/max 32.0/32.0/32, nonzero 461
    new field batch_vcsw: median/p90/max 163.0/485.0/857, nonzero 461
    new field batch_view_index_wait_us: median/p90/max 0.0/21537.0/56251, nonzero 102
    new field batch_view_index_waits: median/p90/max 0.0/278.0/574, nonzero 102
    new field batch_view_slot_wait_us: median/p90/max 0.0/2106.0/6181, nonzero 114
    new field batch_view_slot_waits: median/p90/max 0.0/54.0/142, nonzero 114
    new field batch_wall_sum_us: median/p90/max 631599.0/755440.0/2295957, nonzero 461
    new field batches: median/p90/max 128.0/128.0/128, nonzero 461
    new field build_batches: median/p90/max 128.0/128.0/128, nonzero 461
    new field carried_depth: median/p90/max 1.0/1.0/1, nonzero 461
    new field exec_end_to_seal_us: median/p90/max 99.0/149.0/467, nonzero 461
    new field exec_partition_us: median/p90/max 6.0/8.0/1603, nonzero 461
    new field exec_prepared_groups: {'true': 457, 'false': 4}
    new field exec_prepared_slots: {'true': 458, 'false': 3}
    new field exec_slots_us: median/p90/max 0.0/0.0/2168, nonzero 3
    new field freeze_join_wait_us: median/p90/max 9655.0/17677.0/23647, nonzero 461
    new field freeze_late: {'true': 461}
    new field freeze_pool_own: {'true': 461}
    new field live_index_defer: {'true': 461}
    new field merge_accounts: median/p90/max 191622.0/195141.0/198369, nonzero 461
    new field merge_append_us: median/p90/max 3242.0/7364.0/16955, nonzero 461
    new field merge_early: {'false': 461}
    new field merge_join_wait_us: median/p90/max 0.0/0.0/0, nonzero 0
    new field merge_reverts: median/p90/max 191622.0/195141.0/198369, nonzero 461
    new field merge_reverts_us: median/p90/max 15081.0/20326.0/39525, nonzero 461
    new field merge_state_us: median/p90/max 38086.0/45692.0/62459, nonzero 461
    new field merge_tail_us: median/p90/max 0.0/0.0/1, nonzero 2
    new field merge_threads: median/p90/max 1.0/1.0/1, nonzero 461
    new field one_wave: {'false': 461}
    new field open_engine_us: median/p90/max 0.0/6507.0/70312, nonzero 48
    new field open_fallback: {'false': 413, 'true': 48}
    new field open_keep_us: median/p90/max 6.0/8.0/35, nonzero 461
    new field open_kept_accounts: median/p90/max 574384.0/583017.0/590568, nonzero 461
    new field open_layers: median/p90/max 3.0/3.0/3, nonzero 461
    new field open_provider_us: median/p90/max 99.0/151.0/1173, nonzero 461
    new field plan_age_us: median/p90/max 47288.0/106508.0/154212, nonzero 461
    new field plan_ahead: median/p90/max 1.0/1.0/1, nonzero 461
    new field plan_body: median/p90/max 1.0/1.0/2, nonzero 461
    new field plan_body_us: median/p90/max 15566.0/19797.0/22320, nonzero 458
    new field plan_discard: {'': 461}
    new field plan_prep_us: median/p90/max 7659.0/13814.0/26172, nonzero 461
    new field plan_topup_txs: median/p90/max 0.0/0.0/0, nonzero 0
    new field prep_from_plan: {'true': 458, 'false': 3}
    new field prev_seal_to_answer_us: median/p90/max 1634.0/2732.0/7371, nonzero 461
    new field prev_seal_to_entry_us: median/p90/max 0.0/0.0/0, nonzero 0
    new field prev_seal_to_header_us: median/p90/max 207.0/330.0/1671, nonzero 460
    new field prev_seal_to_import_us: median/p90/max 117459.0/146203.0/190450, nonzero 438
    new field prev_seal_to_request_us: median/p90/max 1063.0/72366.0/97725, nonzero 461
    new field prev_seal_to_start_us: median/p90/max 1377.0/72647.0/98503, nonzero 461
    new field pull_bulk_txs: median/p90/max 200000.0/200000.0/200000, nonzero 461
    new field pull_bulk_us: median/p90/max 6.0/9.0/1166, nonzero 461
    new field receipts_late: {'false': 461}
    new field receipts_late_wait_us: median/p90/max 0.0/0.0/0, nonzero 0
    new field rename_fallbacks: median/p90/max 0.0/0.0/0, nonzero 0
    new field rename_record_waits: median/p90/max 0.0/0.0/0, nonzero 0
    new field root_apply_gap_us: median/p90/max 10.0/13.0/23, nonzero 461
    new field root_apply_total_us: median/p90/max 21895.0/30170.0/41921, nonzero 461
    new field root_compute_us: median/p90/max 23862.0/33209.0/47448, nonzero 461
    new field root_delta_us: median/p90/max 1187.0/3128.0/12790, nonzero 461
    new field root_index_us: median/p90/max 2780.0/5053.0/14196, nonzero 461
    new field root_leaves_us: median/p90/max 6787.0/10956.0/23358, nonzero 461
    new field root_note_us: median/p90/max 147.0/244.0/1582, nonzero 461
    new field root_ops_ahead: {'true': 461}
    new field root_ops_ahead_wait_us: median/p90/max 3000.0/8544.0/24219, nonzero 461
    new field root_ops_concat_us: median/p90/max 0.0/0.0/0, nonzero 0
    new field root_ops_encode_us: median/p90/max 4970.0/8638.0/24067, nonzero 461
    new field root_ops_finish_us: median/p90/max 2190.0/3103.0/9294, nonzero 461
    new field root_ops_sort_us: median/p90/max 3336.0/7512.0/16215, nonzero 461
    new field root_ops_us: median/p90/max 5353.0/11458.0/26378, nonzero 461
    new field root_rehash_us: median/p90/max 2012.0/2922.0/16561, nonzero 461
    new field root_retire_us: median/p90/max 1712.0/2761.0/5900, nonzero 461
    new field root_sort_us: median/p90/max 202.0/423.0/2964, nonzero 461
    new field root_undo_us: median/p90/max 344.0/649.0/3276, nonzero 461
    new field root_writes_us: median/p90/max 6952.0/10159.0/22857, nonzero 461
    new field seal_hashes_ahead: {'true': 461}
    new field seal_on_counters: {'true': 461}
    new field seal_to_complete_us: median/p90/max 109768.0/124580.0/159966, nonzero 461
    new field seal_to_frozen_us: median/p90/max 9615.0/17627.0/23611, nonzero 330
    new field seal_to_merge_end_us: median/p90/max 109689.0/124482.0/159884, nonzero 461
    new field seal_to_merge_start_us: median/p90/max 51146.0/63171.0/82408, nonzero 461
    new field seal_to_ops_ahead_us: median/p90/max 21096.0/30630.0/49849, nonzero 461
    new field seal_to_shards_ready_us: median/p90/max 14520.0/21237.0/27342, nonzero 461
    new field seal_to_state_ready_us: median/p90/max 109694.0/124490.0/159891, nonzero 461
    new field sealed_unix_us: median/p90/max 1791446596591101.0/1791446608653473.0/1791446611830488, nonzero 461
    new field start_walk_check_us: median/p90/max 0.0/0.0/0, nonzero 0
    new field start_walk_ids_us: median/p90/max 0.0/0.0/0, nonzero 0
    new field start_walk_settle_us: median/p90/max 0.0/0.0/0, nonzero 0
    new field start_walk_us: median/p90/max 0.0/0.0/0, nonzero 0
    new field state_wait_us: median/p90/max 3795.0/19641.0/82418, nonzero 461
    new field view_journal_reads: median/p90/max 0.0/73728.0/135168, nonzero 224
    new field view_journal_searches: median/p90/max 0.0/208166.0/396471, nonzero 224
    new field view_journal_skips: median/p90/max 0.0/0.0/0, nonzero 0
    new field whole_take_noted: {'true': 461}
    binding wait (tick / quorum / seal share, mean cycle): tick 100% (63); quorum 0%; seal 0%; feed-bound (blocks under 95% of the tier): 0 of 461
    slowest key vote delay median/p90 4.9/29.4 ms
    engine own-import total_ms per block median/p90/max 38/55/80 (n=461)
    layer RSS 25.6 -> 34.0 G (max 34.0), in-memory blocks max 10
    execution layer cores busy 35.2    validators cores busy 6.3
  window 3: canonical 452 blocks, 90.4M tx = 3,013,333/s (98.7% of window 1), full 452/452 (100%); cycle -
    leader builds 452: sealed_at median/p90/p99 51/70/94; phases median/p90 ms: gap_before_exec 4/20, state_wait 4/20, par 50/69, par_exec 23/28, roots 34/51, parent_fields 6/25, sealed 7/26
    state_wait_on {'output': 229, 'none': 172, 'grandparent': 50, 'layer_release': 1}; builds with state_wait > 20 ms: 36 ([('grandparent', 32), ('output', 4)]); gp_layer {1.0: 452}, ggp_missing {0.0: 400, 1.0: 52}
    queue at the builds min/median 2,274,000/2,514,500
    new field batch_cpu_sum_us: median/p90/max 621377.0/741035.0/2028512, nonzero 452
    new field batch_dispatch_us: median/p90/max 225.5/323.0/542, nonzero 452
    new field batch_first_start_us: median/p90/max 75.0/129.0/233, nonzero 452
    new field batch_ivcsw: median/p90/max 1.0/8.0/22, nonzero 249
    new field batch_last_end_us: median/p90/max 23023.5/28890.0/69471, nonzero 452
    new field batch_last_start_us: median/p90/max 17389.5/21521.0/60529, nonzero 452
    new field batch_live_deferred: median/p90/max 73.0/82.0/225, nonzero 452
    new field batch_live_lock_hold_us: median/p90/max 11068.5/13023.0/26119, nonzero 452
    new field batch_live_lock_wait_us: median/p90/max 0.0/0.0/0, nonzero 0
    new field batch_live_lock_waits: median/p90/max 0.0/0.0/0, nonzero 0
    new field batch_majflt: median/p90/max 0.0/0.0/0, nonzero 0
    new field batch_minflt: median/p90/max 1063.0/10108.0/28890, nonzero 452
    new field batch_open_max_us: median/p90/max 406.0/527.0/1940, nonzero 452
    new field batch_open_sum_us: median/p90/max 9942.5/12839.0/23726, nonzero 452
    new field batch_threads: median/p90/max 32.0/32.0/32, nonzero 452
    new field batch_vcsw: median/p90/max 169.0/565.0/1192, nonzero 452
    new field batch_view_index_wait_us: median/p90/max 0.0/27076.0/71462, nonzero 115
    new field batch_view_index_waits: median/p90/max 0.0/356.0/863, nonzero 115
    new field batch_view_slot_wait_us: median/p90/max 0.0/2371.0/4319, nonzero 119
    new field batch_view_slot_waits: median/p90/max 0.0/64.0/137, nonzero 119
    new field batch_wall_sum_us: median/p90/max 629289.0/765426.0/2030681, nonzero 452
    new field batches: median/p90/max 128.0/128.0/128, nonzero 452
    new field build_batches: median/p90/max 128.0/128.0/128, nonzero 452
    new field carried_depth: median/p90/max 1.0/1.0/1, nonzero 452
    new field exec_end_to_seal_us: median/p90/max 86.0/138.0/528, nonzero 452
    new field exec_partition_us: median/p90/max 6.0/9.0/1556, nonzero 452
    new field exec_prepared_groups: {'true': 450, 'false': 2}
    new field exec_prepared_slots: {'true': 450, 'false': 2}
    new field exec_slots_us: median/p90/max 0.0/0.0/2458, nonzero 3
    new field freeze_join_wait_us: median/p90/max 7074.0/16117.0/26441, nonzero 452
    new field freeze_late: {'true': 452}
    new field freeze_pool_own: {'true': 452}
    new field live_index_defer: {'true': 452}
    new field merge_accounts: median/p90/max 192101.5/195280.0/199412, nonzero 452
    new field merge_append_us: median/p90/max 3371.5/8105.0/23264, nonzero 452
    new field merge_early: {'false': 452}
    new field merge_join_wait_us: median/p90/max 0.0/0.0/0, nonzero 0
    new field merge_reverts: median/p90/max 192101.5/195280.0/199412, nonzero 452
    new field merge_reverts_us: median/p90/max 14512.0/20441.0/31446, nonzero 452
    new field merge_state_us: median/p90/max 39561.0/49123.0/66059, nonzero 452
    new field merge_tail_us: median/p90/max 0.0/0.0/2, nonzero 4
    new field merge_threads: median/p90/max 1.0/1.0/1, nonzero 452
    new field one_wave: {'false': 452}
    new field open_engine_us: median/p90/max 0.0/5727.0/79953, nonzero 52
    new field open_fallback: {'false': 400, 'true': 52}
    new field open_keep_us: median/p90/max 6.0/9.0/5841, nonzero 452
    new field open_kept_accounts: median/p90/max 575617.5/583352.0/591448, nonzero 452
    new field open_layers: median/p90/max 3.0/3.0/3, nonzero 452
    new field open_provider_us: median/p90/max 97.0/163.0/853, nonzero 452
    new field plan_age_us: median/p90/max 48833.5/103602.0/143993, nonzero 452
    new field plan_ahead: median/p90/max 1.0/1.0/1, nonzero 452
    new field plan_body: median/p90/max 1.0/1.0/2, nonzero 452
    new field plan_body_us: median/p90/max 15402.5/20147.0/28645, nonzero 450
    new field plan_discard: {'': 452}
    new field plan_prep_us: median/p90/max 7758.0/14854.0/28846, nonzero 452
    new field plan_topup_txs: median/p90/max 0.0/0.0/0, nonzero 0
    new field prep_from_plan: {'true': 450, 'false': 2}
    new field prev_seal_to_answer_us: median/p90/max 1524.0/2526.0/6293, nonzero 452
    new field prev_seal_to_entry_us: median/p90/max 0.0/0.0/0, nonzero 0
    new field prev_seal_to_header_us: median/p90/max 168.0/286.0/616, nonzero 452
    new field prev_seal_to_import_us: median/p90/max 121479.0/151104.0/216395, nonzero 424
    new field prev_seal_to_request_us: median/p90/max 1006.0/73045.0/98992, nonzero 452
    new field prev_seal_to_start_us: median/p90/max 1299.5/73356.0/99408, nonzero 452
    new field pull_bulk_txs: median/p90/max 200000.0/200000.0/200000, nonzero 452
    new field pull_bulk_us: median/p90/max 6.0/9.0/922, nonzero 452
    new field receipts_late: {'false': 452}
    new field receipts_late_wait_us: median/p90/max 0.0/0.0/0, nonzero 0
    new field rename_fallbacks: median/p90/max 0.0/0.0/0, nonzero 0
    new field rename_record_waits: median/p90/max 0.0/0.0/0, nonzero 0
    new field root_apply_gap_us: median/p90/max 11.0/14.0/31, nonzero 452
    new field root_apply_total_us: median/p90/max 23123.0/32605.0/46961, nonzero 452
    new field root_compute_us: median/p90/max 25205.0/35796.0/48662, nonzero 452
    new field root_delta_us: median/p90/max 1176.5/2961.0/16792, nonzero 452
    new field root_index_us: median/p90/max 2876.0/5651.0/15476, nonzero 452
    new field root_leaves_us: median/p90/max 6966.5/11834.0/25147, nonzero 452
    new field root_note_us: median/p90/max 139.0/219.0/1655, nonzero 452
    new field root_ops_ahead: {'true': 452}
    new field root_ops_ahead_wait_us: median/p90/max 2969.0/10174.0/29079, nonzero 448
    new field root_ops_concat_us: median/p90/max 0.0/0.0/0, nonzero 0
    new field root_ops_encode_us: median/p90/max 5806.5/10348.0/27306, nonzero 452
    new field root_ops_finish_us: median/p90/max 2318.0/3430.0/8714, nonzero 452
    new field root_ops_sort_us: median/p90/max 2878.5/7179.0/21493, nonzero 452
    new field root_ops_us: median/p90/max 5419.0/13331.0/31952, nonzero 452
    new field root_rehash_us: median/p90/max 2610.0/4993.0/12637, nonzero 452
    new field root_retire_us: median/p90/max 1734.5/2672.0/6894, nonzero 452
    new field root_sort_us: median/p90/max 192.5/396.0/3620, nonzero 452
    new field root_undo_us: median/p90/max 328.5/634.0/3017, nonzero 452
    new field root_writes_us: median/p90/max 6926.5/10766.0/23130, nonzero 452
    new field seal_hashes_ahead: {'true': 452}
    new field seal_on_counters: {'true': 452}
    new field seal_to_complete_us: median/p90/max 114213.5/134004.0/174827, nonzero 452
    new field seal_to_frozen_us: median/p90/max 7035.0/16037.0/26378, nonzero 297
    new field seal_to_merge_end_us: median/p90/max 114118.0/133949.0/174702, nonzero 452
    new field seal_to_merge_start_us: median/p90/max 53146.5/69884.0/95977, nonzero 452
    new field seal_to_ops_ahead_us: median/p90/max 20794.5/30529.0/49400, nonzero 452
    new field seal_to_shards_ready_us: median/p90/max 13772.0/20480.0/30515, nonzero 452
    new field seal_to_state_ready_us: median/p90/max 114125.0/133957.0/174712, nonzero 452
    new field sealed_unix_us: median/p90/max 1791446627105524.5/1791446638932554.0/1791446641805359, nonzero 452
    new field start_walk_check_us: median/p90/max 0.0/0.0/0, nonzero 0
    new field start_walk_ids_us: median/p90/max 0.0/0.0/0, nonzero 0
    new field start_walk_settle_us: median/p90/max 0.0/0.0/0, nonzero 0
    new field start_walk_us: median/p90/max 0.0/0.0/0, nonzero 0
    new field state_wait_us: median/p90/max 4564.0/20224.0/82649, nonzero 452
    new field view_journal_reads: median/p90/max 0.0/86016.0/172032, nonzero 215
    new field view_journal_searches: median/p90/max 0.0/226616.0/390384, nonzero 215
    new field view_journal_skips: median/p90/max 0.0/0.0/0, nonzero 0
    new field whole_take_noted: {'true': 452}
    engine own-import total_ms per block median/p90/max 36/56/77 (n=452)
    layer RSS 33.2 -> 40.2 G (max 40.2), in-memory blocks max 10
    execution layer cores busy 35.4    validators cores busy 6.2
  round total (3 windows, canonical): 274.2M tx
  layer peak RSS 40.5 G; in-memory blocks max 10
  fields at seal: mode "early", verified 0, unchecked 0, mismatches 0 (last build line, cumulative)
  own_executed_again (built here and also directly imported): 0 of 1419 built blocks
== loop348K21
  layer-0 leader window-1 builds 458: txs mean 200000, share >= 95% of the tier 100% (max 200000); sealed_at_ms 48.0/66.0; par_ms 48.0/73.0; par_exec_ms 22.0/28.0; roots_ms 30.0/44.0; parent_fields_ms 5.0/20.0; sealed_ms 6.0/21.0
  proposal cycle window 1 (n=474): mean 65.4 median 61.6 p90 77.2 ms; blocks in the 30 s: 474
  binding wait (tick / quorum / seal, share and mean cycle): tick 96.9% (64.4); quorum 2.0% (114.7); seal 1.1% (78.7)
  vote delay after the proposal, slowest key per block: median 5.2 p90 41.9 ms (slowest minus the median key: median 0.2); last key: {1: 88, 2: 102, 3: 59, 4: 90, 5: 62, 6: 57} of 458 blocks
  CPU in window 1 (cores busy): execution layers 35.1 over 1 process(es); validators 6.3 over 21 process(es)
  execution layer peak RSS 40.5 G; in-memory blocks max 10 (node0 and others, all layers)
  blocks built here 1419; none also directly imported
  import-once counters at the last direct import: ; start-up lines with import_once=true: 1; queue-lock lines 0
  layer-0 queue (queued after canonical prune), median per 10 s: t+0:2506000 t+20:2503000 t+40:2511000 t+60:2516000 t+80:2509000
  flood: median per 5 s 3078015/s, final -
  timeout / given-up lines: 0; 
loop348K21 page_faults_per_s_median: node0=180979 
feedcheck loop348K21: ok (block 200,000 tx)
== loop348K21: feed check (acq_us / gate_us / reply_us are per frame of 500; rate per 5 s `ingest` line)
  window 1: ingest lines 6; acq_us 474 (max 4231); gate_us 7314; reply_us 7892; slots_busy 12%; delivered median 3,002,203/s max 3,143,166/s; queue at builds median 2,515,500 min 1,239,500; full 100% of 458 blocks
  window 2: ingest lines 6; acq_us 478 (max 493); gate_us 7080; reply_us 7665; slots_busy 13%; delivered median 3,109,402/s max 3,202,240/s; queue at builds median 2,517,000 min 2,226,000; full 100% of 461 blocks
  window 3: ingest lines 6; acq_us 492 (max 507); gate_us 7304; reply_us 7907; slots_busy 12%; delivered median 2,999,558/s max 3,098,833/s; queue at builds median 2,514,500 min 2,274,000; full 100% of 452 blocks
  flood.log (+15..+100 s): rate per 5 s median 3,078,015/s max 3,195,416/s; reply latency median 62.3 ms max 66.2 ms
== loop348K21: lanes lock, drain and pruner (new fields)
  window 1: lock duty 54.5% (max 56.0); holds/5s 2,206; longest hold 22.95 ms median, 35.49 ms max by crates/n42/tx-queue/src/lib.rs:2046 (most frequent holders [('crates/n42/tx-queue/src/lib.rs:2046', 5), ('crates/n42/tx-queue/src/lib.rs:2692', 1)]); lock wait 2379.0 ms/5s, longest 35.51 ms; drains/5s 941 of 16014 tx, mean 1225 us, max 22.22 ms
           prune (423 blocks): prune_ms 33/54; fold 0.6 ms, lock 0.0 ms, remove(hold) 9.0 ms, free 0.0 ms; frames_swept 400; coalesced on 423 of 423; prune_wait_ms 0/0; pruner busy 48% of a thread, lock held by it 1.6%
  window 2: lock duty 58.5% (max 61.0); holds/5s 2,059; longest hold 30.16 ms median, 34.27 ms max by crates/n42/tx-queue/src/lib.rs:2046 (most frequent holders [('crates/n42/tx-queue/src/lib.rs:2046', 5), ('crates/n42/tx-queue/src/lib.rs:2692', 1)]); lock wait 3244.1 ms/5s, longest 34.30 ms; drains/5s 841 of 18440 tx, mean 1652 us, max 23.49 ms
           prune (433 blocks): prune_ms 34/59; fold 0.6 ms, lock 0.0 ms, remove(hold) 10.4 ms, free 0.0 ms; frames_swept 400; coalesced on 433 of 433; prune_wait_ms 0/0; pruner busy 52% of a thread, lock held by it 2.1%
  window 3: lock duty 58.0% (max 62.0); holds/5s 2,036; longest hold 29.27 ms median, 39.69 ms max by crates/n42/tx-queue/src/lib.rs:2046 (most frequent holders [('crates/n42/tx-queue/src/lib.rs:2046', 6)]); lock wait 2911.2 ms/5s, longest 39.74 ms; drains/5s 925 of 16302 tx, mean 1488 us, max 28.67 ms
           prune (418 blocks): prune_ms 36/63; fold 0.7 ms, lock 0.0 ms, remove(hold) 10.0 ms, free 0.0 ms; frames_swept 400; coalesced on 418 of 418; prune_wait_ms 0/0; pruner busy 54% of a thread, lock held by it 1.8%
== loop348K21: pruner (per block; busy = sum prune_ms / 30 s, lock = sum (remove_us + settle_us) / 30 s)
  window 1: 423 prunes; prune_ms 33/54; remove_us 9.0/17.6 ms; forget_us 2.8/5.1 ms; settle_us 3.0 ms; pruner busy 48% of a worker; lanes lock held for removal 20%
  window 2: 433 prunes; prune_ms 34/59; remove_us 10.4/20.7 ms; forget_us 2.9/4.9 ms; settle_us 3.1 ms; pruner busy 52% of a worker; lanes lock held for removal 23%
  window 3: 418 prunes; prune_ms 36/63; remove_us 10.0/22.3 ms; forget_us 3.0/5.8 ms; settle_us 3.7 ms; pruner busy 54% of a worker; lanes lock held for removal 24%
== loop348K21: seal start / pull, prepared plan, answer, chunked drain
  window 1: 458 builds; start_best_ms 4/16; start_walk_us 0/0; start_pull_ms 0/0; par_pull_ms 0/0; par_start_ms 4/16; par_ms 48/73; sealed_at_ms 48/66; pull_bulk_us 5/9; pull_bulk_txs 200000/200000; plan_age_us 46407/107633; plan_prep_us 7410/15446; plan_topup_txs 0/0
           plan_ahead {'1': 458}; plan_discard {'': 458}
           answer: built-ahead bytes median/max 15,243/15,245, layout_only {'true': 458}; proposal sent bytes median/max 15,243/15,245, layout_only {'true': 457}
           drain: chunks/5s 772, chunk max 8,192 tx, finished by others/5s 54; plan_discards (last ingest line) -
  window 2: 461 builds; start_best_ms 6/16; start_walk_us 0/0; start_pull_ms 0/0; par_pull_ms 0/0; par_start_ms 6/16; par_ms 50/65; sealed_at_ms 49/64; pull_bulk_us 6/9; pull_bulk_txs 200000/200000; plan_age_us 47288/106508; plan_prep_us 7659/13814; plan_topup_txs 0/0
           plan_ahead {'1': 461}; plan_discard {'': 461}
           answer: built-ahead bytes median/max 15,245/15,245, layout_only {'true': 461}; proposal sent bytes median/max 15,245/15,245, layout_only {'true': 461}
           drain: chunks/5s 668, chunk max 8,192 tx, finished by others/5s 66; plan_discards (last ingest line) -
  window 3: 452 builds; start_best_ms 5/18; start_walk_us 0/0; start_pull_ms 0/0; par_pull_ms 0/0; par_start_ms 5/18; par_ms 50/69; sealed_at_ms 51/70; pull_bulk_us 6/9; pull_bulk_txs 200000/200000; plan_age_us 48834/103602; plan_prep_us 7758/14854; plan_topup_txs 0/0
           plan_ahead {'1': 452}; plan_discard {'': 452}
           answer: built-ahead bytes median/max 15,245/15,245, layout_only {'true': 452}; proposal sent bytes median/max 15,245/15,245, layout_only {'true': 452}
           drain: chunks/5s 766, chunk max 8,192 tx, finished by others/5s 54; plan_discards (last ingest line) -
== loop348K21: persistence per window (ms per block = part sum / blocks persisted)
  window 1: persisted 460 of 458 produced (100%); total 32.5, sf_tx 29.4, sf_rcpt 6.8, sf_acct 13.8, sf_send 11.3, scope 29.4, qmdb 14.1, post 0.0, pre 3.0, plain_rev 3.0, commit_sf 0.7, commit_mdbx 0.1, commit_rocks 0.0; longest task sf_tx 29.4; in-memory 9 -> 10 (max 10); RSS 15.4 -> 26.4 G; lag 8 -> 9 = +2.0 blocks/min; bp max 0
  window 2: persisted 463 of 461 produced (100%); total 33.7, sf_tx 30.4, sf_rcpt 6.9, sf_acct 14.3, sf_send 11.7, scope 30.5, qmdb 14.4, post 0.0, pre 3.2, plain_rev 3.2, commit_sf 0.7, commit_mdbx 0.1, commit_rocks 0.1; longest task sf_tx 30.4; in-memory 10 -> 10 (max 10); RSS 26.4 -> 34.0 G; lag 9 -> 9 = +0.0 blocks/min; bp max 0
  window 3: persisted 450 of 452 produced (100%); total 35.2, sf_tx 31.7, sf_rcpt 7.0, sf_acct 14.0, sf_send 11.4, scope 31.9, qmdb 16.7, post 0.0, pre 3.4, plain_rev 3.4, commit_sf 0.9, commit_mdbx 0.1, commit_rocks 0.1; longest task sf_tx 31.7; in-memory 10 -> 9 (max 10); RSS 34.0 -> 40.2 G; lag 9 -> 8 = -2.0 blocks/min; bp max 0
  leg end: in-memory 8, max over the sampler 10, backpressure stalls 0
== loop348K21: execution and root fields (median / p90 per block); over 1419 full builds: rename_fallbacks total 0, rename_record_waits total 0, carried_depth values ['1']
    folded lines 459: pending_max max 86 (median 72); pending_us_max max 23,563; drops_max max 71818
    flags: seal_on_counters true:458; freeze_pool_own true:458; plan_body 1:454/2:4; prep_from_plan false:4/true:454; plan_ahead 1:458; seal per 1,000 transfers 0.240 ms
  window 1 (458 builds): on-CPU share 1.00/1.00; CPU per transfer 3.10/3.83 us; sealed_at_ms 48/66; par_exec_ms 22/28; par_fold_ms 9/17; index_ms 14/20; par_start_ms 4/16; gap_before_exec_ms 4/24; state_wait_us 4,254/24,379; parent_fields_ms 5/20; roots_ms 30/44; seal_to_fields_us 49,669/64,552; seal_to_complete_us 107,541/126,731; rename_fallbacks 0/0; rename_record_waits 0/0; carried_depth 1/1; plan_body_us 15,662/19,355; batch_max_ms 9/13; tx_root_ms 1/1; sealed_ms 6/21
    folded lines 461: pending_max max 90 (median 72); pending_us_max max 19,969; drops_max max 40281
    flags: seal_on_counters true:461; freeze_pool_own true:461; plan_body 1:458/2:3; prep_from_plan false:3/true:458; plan_ahead 1:461; seal per 1,000 transfers 0.245 ms
  window 2 (461 builds): on-CPU share 1.00/1.00; CPU per transfer 3.10/3.76 us; sealed_at_ms 49/64; par_exec_ms 22/28; par_fold_ms 9/17; index_ms 16/20; par_start_ms 6/16; gap_before_exec_ms 3/19; state_wait_us 3,795/19,641; parent_fields_ms 6/19; roots_ms 31/44; seal_to_fields_us 51,021/63,063; seal_to_complete_us 109,768/124,580; rename_fallbacks 0/0; rename_record_waits 0/0; carried_depth 1/1; plan_body_us 15,566/19,797; batch_max_ms 9/13; tx_root_ms 1/1; sealed_ms 7/20
    folded lines 452: pending_max max 87 (median 72); pending_us_max max 19,951; drops_max max 35009
    flags: seal_on_counters true:452; freeze_pool_own true:452; plan_body 1:450/2:2; prep_from_plan false:2/true:450; plan_ahead 1:452; seal per 1,000 transfers 0.255 ms
  window 3 (452 builds): on-CPU share 1.00/1.00; CPU per transfer 3.11/3.71 us; sealed_at_ms 51/70; par_exec_ms 23/28; par_fold_ms 8/16; index_ms 14/19; par_start_ms 5/18; gap_before_exec_ms 4/20; state_wait_us 4,564/20,224; parent_fields_ms 6/25; roots_ms 34/51; seal_to_fields_us 53,052/69,788; seal_to_complete_us 114,214/134,004; rename_fallbacks 0/0; rename_record_waits 0/0; carried_depth 1/1; plan_body_us 15,402/20,147; batch_max_ms 9/15; tx_root_ms 1/1; sealed_ms 7/26
== loop348K21: 4329 proposals; proposal -> quorum (leader's commit) median 31.8 / p90 51.3 / max 136.0 ms; proposal interval median 61.4 / p90 63.6 ms; TC formed lines 0; leader views timed out 0; ParentUnknown lines 0
   handover at view 1024: proposal intervals (view, ms) [(1023, 62), (1024, 98), (1025, 60), (1026, 62), (1027, 61)] against the median 61 ms
   handover at view 2048: proposal intervals (view, ms) [(2047, 61), (2048, 62), (2049, 61), (2050, 61), (2051, 61)] against the median 61 ms
   handover at view 3072: proposal intervals (view, ms) [(3071, 61), (3072, 62), (3073, 62), (3074, 62), (3075, 62)] against the median 61 ms
   handover at view 4096: proposal intervals (view, ms) [(4095, 61), (4096, 61), (4097, 62), (4098, 61), (4099, 61)] against the median 61 ms
     block 1026 (view 1025): sealed_at_ms 41, gap_before_exec_ms 2, parent_fields_ms 10, rename_fallbacks 0, rename_record_waits 0, carried_depth 1
     block 1027 (view 1026): sealed_at_ms 44, gap_before_exec_ms 0, parent_fields_ms 12, rename_fallbacks 0, rename_record_waits 0, carried_depth 1
     block 1028 (view 1027): sealed_at_ms 70, gap_before_exec_ms 3, parent_fields_ms 42, rename_fallbacks 0, rename_record_waits 0, carried_depth 1
flood span 95 s; tokio-rt threads alive throughout 34 of 69; group 9.9 cores busy over them (all threads incl. short-lived 12.8)
  per-thread cores busy, top 12: 0.63 0.61 0.60 0.60 0.58 0.58 0.58 0.58 0.57 0.57 0.57 0.56; threads over 0.9 core: 0, over 0.7: 0
== loop348K21: 1371 full builds in the 3 windows
  par_exec_ms 22/28; par_run_ms 28/47; batch_start_skew_ms 17/21; batch_median_ms 4/5; batch_max_ms 9/13; batch_first_start_us 77/120; batch_last_start_us 17447/21436; batch_dispatch_us 224/320; batch_last_end_us 22805/28327; batches 128/128; batch_threads 32/32; batch_txs_max 2000/2000; batch_txs_min 1500/1500; start_walk_ms 0/0; start_walk_check_ms 0/0; par_start_ms 5/17; sealed_at_ms 49/67; prev_seal_to_answer_us 1668/3044; prev_seal_to_entry_us 0/0; prev_seal_to_header_us 193/319; prev_seal_to_import_us 117732/148240; prev_seal_to_request_us 1052/72350; prev_seal_to_start_us 1369/72635; start_walk_check_us 0/0; start_walk_ids_us 0/0; start_walk_settle_us 0/0; start_walk_us 0/0
  one_wave {'false': 1371}
  batches == batch_threads on 0 of 1371 builds
  last - first batch start (ms) median/p90 17.35/21.36; under 2 ms on 0 of 1371 builds
bodygate loop348K21: invalid_blocks=0 gas_mismatch=0 fields_mismatches=0 own_not_committed=0 proposals_given_up=0
leg loop348K21A: /data free 516G (needs 120 G)
load 11.94 at 04:07:00, waiting
plan loop348K21A: exit 0 (21 validators, 1 layer(s)): # validators 21, execution layers 1, 192 CPUs a layer, import-once 1, shared 1; # validators : 32 CPUs set aside, taskset -c 96-111,224-239; # fleet    : 21 nodes, quorum 15 of 21 (f = 6); 0 refusals
leg loop348K21A start 04:07:30 load 7.24
round loop348K21A exit 0 at 04:10:34
loop348K21A save stages (node0, seconds summed over the leg / count): batch_size=1942.0/639  batch_size=1942.0/639  reth_consensus_engine_beacon_persistence_duration=59.1/639  duration_seconds=56.1/639  total=51.2/639  scope=45.8/639  sf=44.4/639  sf_transactions=44.2/639  qmdb_persisted=26.3/639  sf_account_changesets=20.1/639
el binary: /data/n42-build/target-n42-rs/native/release/n42 env: N42_IMPORT_ONCE=1 N42_SETTLEMENT_TAGS=legacy N42_BUILD_THROTTLE_SOFT=48 F7_EL_MAP=0,0,0,0,0,0,0,0,0,0,0,0,0,0,0,0,0,0,0,0,0 N42_FIELDS_AT_SEAL=1 N42_FREEZE_AFTER_SEAL=1 N42_FRAME_BLOCKS=1 N42_TX_INGEST_RECOVER_PARALLEL=24 N42_FREEZE_POOL=own N42_PARALLEL_BUILD_THREADS=32 N42_PLAN_AHEAD=1 N42_HASHED_TABLES=off F7_FLOOD_RATE=6000000 N42_COMPACT_BODY=1 N42_BUILD_BATCHES=128 MALLOC_CONF=thp:always,oversize_threshold:0,dirty_decay_ms:2000,background_thread:true N42_SEAL_ON_COUNTERS=1 N42_ACCOUNT_HISTORY=off N42_TAKE_COMPACT=1 N42_SF_EARLY_WRITEBACK=1 F7_VAL_NO_MALLOC_CONF=1 N42_ROAD_RUNTIME=1 N42_TX_INGEST_HIGH_WATER=2500000 F7_BENCH_POOL_SLOTS=3000000 N42_PLAN_AHEAD_BODY=1 N42_SEAL_AT_EXEC=1 N42_TX_QUEUE_DRAIN_CHUNK=8192 N42_ANSWER_LAYOUT_ONLY=1 N42_PULL_BY_FRAMES=1 N42_SF_PARALLEL_ENCODE=1 N42_BUILD_THROTTLE_HARD=80 N42_LIVE_INDEX_DEFER=1 RAYON_NUM_THREADS=16 F7_VAL_CPUS=32 N42_ROOT_OPS_AHEAD=1 TOKIO_WORKER_THREADS=16 N42_QMDB_READS=on N42_LEADER_LAYERS=3 N42_PERSIST_QMDB_IN_SCOPE=1 F7_BLOCK_INTERVAL_MS=60 F7_MEASURE_FROM_LOG=1
validator env: N42_IMPORT_ONCE=1 N42_SETTLEMENT_TAGS=legacy N42_BUILD_THROTTLE_SOFT=48 F7_EL_MAP=0,0,0,0,0,0,0,0,0,0,0,0,0,0,0,0,0,0,0,0,0 N42_FIELDS_AT_SEAL=1 N42_FREEZE_AFTER_SEAL=1 N42_FRAME_BLOCKS=1 N42_TX_INGEST_RECOVER_PARALLEL=24 N42_FREEZE_POOL=own N42_PARALLEL_BUILD_THREADS=32 N42_PLAN_AHEAD=1 N42_HASHED_TABLES=off F7_FLOOD_RATE=6000000 N42_COMPACT_BODY=1 N42_BUILD_BATCHES=128 N42_SEAL_ON_COUNTERS=1 N42_ACCOUNT_HISTORY=off N42_TAKE_COMPACT=1 N42_SF_EARLY_WRITEBACK=1 N42_ROAD_RUNTIME=1 N42_TX_INGEST_HIGH_WATER=2500000 F7_BENCH_POOL_SLOTS=3000000 N42_PLAN_AHEAD_BODY=1 N42_SEAL_AT_EXEC=1 N42_TX_QUEUE_DRAIN_CHUNK=8192 N42_ANSWER_LAYOUT_ONLY=1 N42_PULL_BY_FRAMES=1 N42_SF_PARALLEL_ENCODE=1 N42_BUILD_THROTTLE_HARD=80 N42_LIVE_INDEX_DEFER=1 RAYON_NUM_THREADS=16 F7_VAL_CPUS=32 N42_ROOT_OPS_AHEAD=1 TOKIO_WORKER_THREADS=16 N42_QMDB_READS=on N42_LEADER_LAYERS=3 N42_PERSIST_QMDB_IN_SCOPE=1 F7_MEASURE_FROM_LOG=1
loop348K21A once: start-up lines import_once=true 1; last direct-import counters 
loop348K21A imports: layers=1 direct_imports=0 canonical_blocks=3985 import_once_lines=1 (per layer: direct imports should equal canonical blocks for one execution per block)
grep: /data/blockchain/rust-fleet7-bench/node1/el.log: No such file or directory
grep: /data/blockchain/rust-fleet7-bench/node2/el.log: No such file or directory
grep: /data/blockchain/rust-fleet7-bench/node3/el.log: No such file or directory
grep: /data/blockchain/rust-fleet7-bench/node1/el.log: No such file or directory
grep: /data/blockchain/rust-fleet7-bench/node2/el.log: No such file or directory
grep: /data/blockchain/rust-fleet7-bench/node3/el.log: No such file or directory
cat: /data/blockchain/rust-fleet7-bench/node2/el.log: No such file or directory
cat: /data/blockchain/rust-fleet7-bench/node2/el.log: No such file or directory
cat: /data/blockchain/rust-fleet7-bench/node2/el.log: No such file or directory
cat: /data/blockchain/rust-fleet7-bench/node1/el.log: No such file or directory
cat: /data/blockchain/rust-fleet7-bench/node2/el.log: No such file or directory
cat: /data/blockchain/rust-fleet7-bench/node3/el.log: No such file or directory
Traceback (most recent call last):
  File [35m"<stdin>"[0m, line [35m4[0m, in [35m<module>[0m
[1;35mIndexError[0m: [35mlist index out of range[0m
loop348K21A no_variant=0 own_not_committed=0 tc=0 invalid_blocks=0 incomplete=0 gas_mismatch=0 direct_imports_failed=0 stuck_at_hashed_state=0 engine_idles_over_5s=1 proposals_given_up=0 tables_off_nodes=1 unanswered_reads=0 seal_first_total=1441 seal_first_direct=1441 direct_guard_errors=0 commit_ms_median=0 fold_ms_median=7 sealed_at_ms_median=53 state_ready_ms_median=100 build_total_ms_median=176 recover_us_median=0 par_exec_ms_median=22 par_exec_ms_median=22 giveback_filtered=0 giveback_offered_max=200000 seal_first=1441 reader_lag_max=10 reader_lag_warns=0 view_invalidated=0 el_sum_peak_g=40.3 el_max_peak_g=40.3 val_sum_peak_g=5.8 flood_peak_g=0.6 two_roads_blocks=0 two_roads_overlap_ms_median=- exec_on_output_declined=0 r1_collect_ms_median=7 proposal_at_ms_median=46 view_total_ms_median=61 import_exec_ms_median=- import_total_ms_median=- import_senders_ms_median=- import_convert_ms_median=- import_groups_median=- imports_over_600ms=0 min_avail_g=69.9 road_foreign_body_recv_ms=- road_foreign_body_decode_ms=- road_foreign_body_senders_ms=- road_foreign_body_parent_wait_ms=- road_foreign_body_check_ms=- road_foreign_body_total_ms=- road_new_payload_recv_ms=- road_new_payload_decode_ms=- road_new_payload_senders_ms=- road_new_payload_parent_wait_ms=- road_new_payload_check_ms=- road_new_payload_total_ms=- road_foreign_body_blocks=0 road_new_payload_blocks=0 fcu_answered=1842 fcu_in_flight_ms_median=0 fcu_queued_ms_median=0 fcu_queued_ms_max=92 fcu_refused=0 fcu_slow=2080 bodies_held=0 road_reuse_ms=- road_prepare_ms=- road_dispatch_ms=- road_convert_ms=- road_remember_ms=- road_header_ms=- road_fields_ms=- road_other_ms=- import_engine_ms_median=- gate_forced=0 gate_warns=0 flood_timeouts=0 canonical_min=4058 canonical_max=4059 chained_builds=2532 chain_lead_ms_median=57 chain_wait_ms_median=0 chain_started=2535 chain_discarded=2 chain_discard_reasons=_1_reason="no_,_1_reason="the_chained_build_produced_nothing,_1_reason="the_execution_layer_produced_nothing chain_alias_warns=0 el_chained=2558 bodies_held_warns=0 el_build_refused=2 el_build_refused_reasons=_2_no_QMDB_tree_for_parent_block_0x queued_p5=2316000 queued_p50=2466500 road_compact_blocks=0 road_compact_recv_ms=- road_compact_assemble_ms=- road_compact_root_ms=- road_compact_miss_wait_ms=- road_compact_senders_ms=- road_compact_check_ms=- road_compact_other_ms=- road_compact_total_ms=- road_compact_misses_total= compact_refused_el=0 compact_fallbacks=0 compact_bytes_median=1776804 pool_order9=14063 par_pull_ms_median=0 build_total_ms_median2=55 road_compact_filled_blocks=0 road_compact_filled_median=- road_compact_fill_ms_median=- need_txns=0 fill_failed=0 ingest_rate_gate_open_median=- ingest_gate_open_intervals=0 ingest_slots_busy_median=- flood_rate= fill_asked_proposer=0 fill_asked_other=0 loop_lines=2921 loop_unnamed_ms_median=44 loop_body_served_ms_median=- loop_txns_served_ms_median=- import_exec_ms_median2=- pip_partition_ms=- pip_env_ms=- pip_batch_ms=- pip_groups_ms=- pip_gas_ms=- pip_merge_ms=- pip_receipts_ms=- pip_drop_ms=- pip_other_ms=- pip_total_ms=- senders_indexed_median=- road_senders_ms_median=- road_total_ms_median=- pew_ms_median=- pew_ms_p90= gate_ms_median=- gate_ms_p90= root_ms_p50=- root_ms_p90= two_roads=0 not_on_output=0 not_on_output_why= ckpt_ms_first_q=2 ckpt_ms_last_q=51 ckpt_bytes_last=34223340 parent_still_importing=2 root_wait_ms_p50=- root_wait_ms_p90= tenures_low_seal=23 seal_first_share=0.99 empty_over_deep=0 near_empty_warns=0 no_seal_why= par_skipped_median=- usable_p5=2316000 ckpt_replay_ms_last_q=15 candidates_zero=0 dropped_ingest=0 let_go_warns=0 let_go_reasons= parked_p50=0 parked_max=0 held_warns=0 park_capped_total=0 superseded_builds=0 empty_not_superseded=0 mass_park_warns=0 heads_lines=0 holes_lines=0 stale_parent_refusals=0 par_groups_p5=0 cancelled_decided=1 heads_nonce0=0 stale_unconfirmed= handovers=2 el_panics=0 decided_cancelled=1 min_window_blocks=446 road_desc_blocks=0 road_desc_total_ms=- road_desc_copy_ms=- desc_misses=0 fill_failed2=0 sf_par_collect_ms=0 sf_par_commit_ms=0 sf_par_fold_ms=7 sf_par_graft_ms=0 sf_par_prefault_ms=0 sf_par_exec_ms=22 sf_sealed_at_ms=53 sf_roots_ms=35 sf_state_ready_ms=100 sf_total_ms=176 ba_find_ms=0 ba_queue_ms=0 ba_total_ms=55 ba_on_output=1439 queue_fold_us=0 queue_lock_us=125 sf_par_exec_ms=22 sf_par_fold_ms=7 pip_groups_ms=- import_exec_ms_median2=- reads_d0=0 reads_hist=0 f_reads_d0=- f_reads_hist=- f_overlay_depth=- L_read_set_ms=0 read_set_accounts=0 read_set_unresolved=0 read_set_hits=0 read_set_misses=0 start_best_ms=- par_prep_ms=- gap_before_exec_ms=- gap_after_exec_ms=- gap_before_seal_ms=- index_ms=- road_copy_aside_ms=- road_copy_wait_ms=- road_total_ms=- queue_first_miss=queue_first_miss=0:2532,queue_first_miss=18446744073709551615:1451 root_append_behind=0 populate_lag_mb=0 swap_used_g=0 root_faults=- root_faults_p90= root_faults_entries=0 root_faults_offsets=0 root_faults_index=0 root_faults_bits=0 root_faults_twigs=0 root_faults_undo=0 root_faults_tmp=0 root_append_faults=6 root_twig_pool_misses=0 batch_max_ms=9 batch_min_ms=2 batch_median_ms=4 batch_cpu_max_ms=8 batch_txs_max=2000 batch_txs_min=1500 batch_start_skew_ms=16 batch_wait_ms=0 loop_fetch_ns=0 loop_check_ns=0 loop_transfer_ns=0 loop_receipt_ns=0 loop_gas_ns=0 loop_sink_ns=0 loop_other_ns=0 batch_setup_ns=0 batch_close_ns=0 imp_exec_part_ms=- imp_exec_batches_ms=- imp_exec_graft_ms=- imp_exec_batches=- imp_exec_threads=- imp_exec_batch_max_ms=- imp_exec_batch_median_ms=- imp_parent_output_wait_ms=- road_parent_output_wait_ms=- next_start_gap_ms=1 next_entry_gap_ms=0 commit_body_ahead_used=- imp_exec_keys_ms=- imp_keys_ahead=- imp_exec_sink_ms=- imp_exec_pre_ms=- imp_exec_post_ms=- imp_exec_receipts_ms=- imp_exec_drop_ms=- root_gap_ms=- queue_whole=queue_whole=false:2532,queue_whole=true:1451 tick_tick_late_us=1009 tick_preamble_us=345 tick_take_sealed_us=3 tick_sign_us=1 tick_cache_us=0 tick_presealed=- tick_describe_us=21 tick_publish_us=658 tick_tick_to_send_us=2101 road_check_ms=- road_check_include_us=- road_check_scan_us=- road_check_fold_us=- road_check_senders_us=- road_check_frames_summarized=- road_check_frames_scanned=- imp_exec_start_gap_us=- imp_gap_road_us=- imp_gap_header_us=- imp_gap_senders_us=- imp_gap_parent_us=- imp_gap_setup_us=- imp_gap_keys_wait_us=- sealed_at_p90= sealed_over_130=0 roots_ms=- cycle_p90= batch_max_ms=- batch_median_ms=- imp_batch_max=- forest_lock_warns=1731 root_seal_ms=1 root_seals=40 root_majflt=16293 roots_p90= gp_layer=1450 ggp_missing=230 state_wait_split=0/0/0/0:445,9/0/0/0:84,8/0/0/0:79 qmdb_releases=0 state_wait_on= imp_road_end_ms=- imp_exec_start_ms=- imp_exec_end_ms=- imp_root_end_ms=- imp_fields_ready_ms=- imp_parent_fields_wait_ms=- imp_exec_ms=- imp_root_ms=- imp_checks_ms=- imp_engine_ms=- imp_total_ms=- road_parent_fields_wait_ms=- exec_read_ms=0 L_exec_evm_ms=0 L_exec_write_ms=0 L_exec_other_ms=0 L_reads_cache=0 L_reads_provider=0 L_reads_view=0 L_graft_base_ms=0 L_graft_reserve_ms=0 L_graft_insert_ms=0 L_graft_reverts_ms=0 L_graft_other_ms=0 L_par_exec_ms=22 L_par_graft_ms=0 F_exec_read_ms=- F_exec_evm_ms=- F_exec_write_ms=- F_exec_other_ms=- F_reads_cache=- F_reads_provider=- F_reads_view=- F_groups_ms=- L_tx_root_wait_ms=0 L_par_exec_ms=22 L_par_graft_ms=0 L_par_fold_ms=7 L_sealed_ms=10 L_state_ready_ms=100 L_roots_ms=35 L_finish_ms=109 L_total_ms=176 L_setup_ms=0 L_par_pull_ms=0 L_give_back_ms=0 L_state_wait_ms=6 L_state_after_pull=1441 L_seal_at_exec=1441 L_tx_root_ahead=1 flood_w1=3154828 txs_p10=200000 acq_us=475 slots_busy=13 ingest_rate=3158357 L_scope_join_ms=0 L_par_release_ms=0 L_commit_body_ms=0 L_par_commit_ms=0 L_give_back_ms=0 L_sealed_ms=10 L_par_exec_ms=22 L_state_wait_ms=6 L_par_pull_ms=0 L_par_prep_ms=0 L_par_start_ms=4 L_pre_exec_ms=0 L_par_run_ms=29 L_sealed_at_ms=53 F_partition_ms=- F_env_ms=- F_groups_ms=- F_merge_ms=- F_reverts_wait_ms=- F_ahead_wait_ms=- F_total_ms=- I_engine_ms=- I_root_ms=- I_total_ms=- H_engine_remember_ms=- H_engine_listing_ms=- H_engine_new_payload_ms=- busy_us=1 L_par_start_ms=4 L_start_handoff_ms=0 L_start_best_ms=4 L_start_puller_ms=0 L_par_pull_ms=0 L_par_prep_ms=0 L_state_wait_ms=6 L_par_exec_ms=22 L_par_commit_ms=0 L_sealed_ms=10 L_sealed_at_ms=53 L_par_graft_ms=0 L_graft_insert_ms=0 L_graft_reverts_ms=0 L_graft_split_us=0 L_graft_build_us=0 L_graft_merge_us=0 L_state_ready_ms=100 Q_queue_ms=0 R_dispatch_wait_ms=- R_total_ms=- R_road_runtime=1 gate_holds=0 peer_fetch=0 pool_limit=limit=4 gate_opened=gate_opened_for_block=0 I_root_ms=- flood_rate_hdr=rate=6000000/s fills=0 fill_waited=- slots_busy=13 acq_us=475 busy_us=1 converged=0 fallbacks=0 busy_us=1 recover_us=0 tf_on_output=3 tf_fallback=0 still_importing=2 busy_us=1 slots_busy=13 batches=altsig_txs=0 altsig_batches=0 tf_on_output=3 tf_fallback=0 gate_holds=0 sign_s=sign 0s replay_note=replay       : 64 files from /data/n42-pregen/g900000-400m, 400000000 transactio sign_s=sign 0s shard=shard_verified=0 shard_claimed=0 road_verified=- slots_busy=13 gate_us=7040 reply_us=7614 queued=2466500 assemble_ms=- road_take_ms=- road_body_ms=- road_encode_ms=- shards=16 shard_insert_ms=0 shard_wait_ms=0 shard_fold_ms=14 shard_append_ms=17 shard_merge_ms=60 state_ready_ms=100 roots_ms=35 exec_read_ms=0 exec_evm_ms=0 exec_write_ms=0 exec_other_ms=0 reads_cache=0 reads_provider=0 reads_view=0 par_run_ms=29 fold_task_cpu_max_us=13644 fold_task_minflt_max=1 fold_task_minflt_sum=1 fold_task_migrated=0 fold_task_nivcsw_max=0 fold_index=1 fold_index_build_ms=13 fold_index_conflicts=8101 fold_queue_us=62 fold_skew_us=35 fold_task_max_us=13642 fold_tail_us=18 start_best_ms=4 start_select_ms=0 start_walk_ms=0 start_walk_check_ms=0 start_best_other_ms=0 start_frames_by_ref=0 start_frames_slow=0 start_pull_ms=0 start_other_ms=0 start_handoff_ms=0 par_start_ms=4 par_prep_ms=0 par_commit_ms=0 commit_body_ms=0 par_fold_ms=7 sealed_ms=10 copy_ms=- prune_ms=0 frames=- frames_missing=- frame_root_ms=- root_ms=- frames_admitted=frames_admitted=575408 frames_unaligned=0 frame_root_indexed=- seal_layout_ms=0 seal_root_ms=0 attested= busy_us=1 slots_busy=13 reply_us=7614 prune_ms=0 body_refused=0 body_failed_late=0
loop348K21A win1 tps=3,166,667 txs=95,000,000 blocks= 475 cycle=0.063s occupancy=100.0% full(>=95%)=474/475 basefee=n/a (from the layer's log)
loop348K21A win2 tps=3,126,667 txs=93,800,000 blocks= 469 cycle=0.064s occupancy=100.0% full(>=95%)=469/469 basefee=n/a (from the layer's log)
loop348K21A win3 tps=2,973,333 txs=89,200,000 blocks= 446 cycle=0.067s occupancy=100.0% full(>=95%)=446/446 basefee=n/a (from the layer's log)
loop348K21A tps=3,166,667 round_txs=278000000 cycles_w1=
loop348K21A imp_fields_p90= b_p75=9
loop348K21A overlay: filter_skips=0 probes=0 ratio=- (ratio = skips/(skips+probes))
loop348K21A overlay_manager:       1 state_trie_overlay=false  state-ovly_cpu=0
loop348K21A verify: written to /data/blockchain/rust-fleet7-bench/bench-loop348K21A/verify.json
== validator memory at flood +70 s (loop348K21A)
validators 21: RSS sum 4.7 G, max 0.24 G, mean 0.22 G; threads 1155 (mean 55)
one validator (pid 227013):
VmHWM:	  226292 kB
VmRSS:	  226292 kB
RssAnon:	  210192 kB
RssFile:	   16100 kB
RssShmem:	       0 kB
Threads:	55
Rss:              226292 kB
Private_Dirty:    210192 kB
Anonymous:        210192 kB
AnonHugePages:         0 kB
threads by name:
     49 h2_validator
      4 tokio-rt-worker
      1 n42-qmdb-prefau
      1 futures-timer
largest mappings by Rss:
43520  780c4f200000-780c54a00000
37956  780c4b900000-780c4ee00000
34368  780c49180000-780c4b800000
23860  780c45c00000-780c49000000
15528  780c61000000-780c62200000
13192  780c62300000-780c63000000
11944  780c66100000-780c68800000
11832  780c63080000-780c64000000
RSS of all validators, sorted:
min 218.936 MB median 224.36 MB max 240.268 MB
== many-keys report loop348K21A
== loop348K21A: 21 validator logs, f=6, quorum 15
1. the leaders' commit lines
  R1_collect (proposal -> prepare QC): n=4354 p50 7.0 p90 36.0 p99 82.0 max 5778.0 ms
  R2_collect (prepare QC -> commit QC): n=4354 p50 6.0 p90 7.0 p99 13.0 max 24.0 ms
  total (proposal -> commit): n=4354 p50 61.0 p90 75.0 p99 124.0 max 5836.0 ms
  votes at formation: R1 median 15 max 15 (quorum 15); R2 median 15 max 15
2. vote collection at the traced leaders (first vote -> quorum -> last vote)
 R1 (vote), 3071 views:
    proposal -> first vote: n=3071 p50 3.0 p90 38.1 p99 84.6 max 253.6 ms
    first vote -> quorum: n=3071 p50 1.6 p90 2.3 p99 3.3 max 5764.8 ms
    quorum -> last vote: n=3071 p50 3.6 p90 4.0 p99 9.8 max 55.0 ms
    proposal -> last vote (the slowest key): n=3071 p50 8.4 p90 42.6 p99 88.9 max 5778.7 ms
   views with fewer than 20 votes received: 0
 R2 (commit_vote), 3071 views:
    proposal -> first vote: n=3071 p50 10.1 p90 45.4 p99 92.1 max 5780.2 ms
    first vote -> quorum: n=3071 p50 1.7 p90 2.3 p99 3.2 max 6.4 ms
    quorum -> last vote: n=3071 p50 5.9 p90 7.0 p99 15.5 max 51.0 ms
    proposal -> last vote (the slowest key): n=3071 p50 17.7 p90 53.3 p99 102.3 max 5789.7 ms
   views with fewer than 20 votes received: 0
3. the straggler rule and the loop
  proposal interval (same leader, consecutive views): n=4349 p50 61.4 p90 62.3 p99 97.3 max 5789.1 ms; >= 500 ms: 1
  no `slow step` lines
4. gossip propagation (proposal sent -> received at a traced follower)
    proposal arrival delay: n=9991 p50 0.3 p90 0.6 p99 1.2 max 16.5 ms
4b. the new fields (docs/E1_MANY_KEYS.md section 6), leaders' `block committed!` and `proposal sent` lines
    verify_us: n=4354 p50 5514.0 p90 5922.0 p99 6256.0 max 7140.0 us
    verify_n: n=4354 p50 37.0 p90 41.0 p99 45.0 max 46.0 
    verify_batches: n=4354 p50 3.0 p90 3.0 p99 3.0 max 5.0 
  verify_fallbacks: total 0 over 4354 blocks
    inbound_queue_max: n=4354 p50 0.0 p90 0.0 p99 0.0 max 0.0 
    gossip_poll_us: n=4354 p50 1849.5 p90 2306.0 p99 3042.0 max 4209.0 us
  straggler_waits (cumulative per leader log, summed over 5 leaders): 1; waits with straggler_wait_us > 0: 1 of 4354 proposals, p50 44.4 p90 44.4 max 44.4 ms, total 0.04 s
  direct votes at the leaders: received 0 (duplicates dropped 0); sent by those nodes 0, fallbacks to gossip 0; leaders led 4354 views = 174160 vote messages expected (2 rounds x 20); direct share of those 0.0%
5. validators
validators n=21: cpu total 6.04 cores, per key mean 0.287 median 0.279 max 0.341 (key 1) min 0.250; rss per key peak mean 0.277 max 0.292 G, sum of peaks 5.8 G; threads per key mean 55, total 1155
libp2p connections (last census of 5): 420 in all (a full mesh of 21 is 210); sockets per process min 20 median 20 max 20
== loop348K21A  (E=1: seven validator keys on one execution layer)
  window 1: canonical 476 blocks, 95.2M tx = 3,171,867/s (100.0% of window 1), full 474/476 (100%); cycle mean/median/p90 63.0/61.3/67.0 ms
    leader builds 475: sealed_at median/p90/p99 50/67/89; phases median/p90 ms: gap_before_exec 6/28, state_wait 6/28, par 51/76, par_exec 22/27, roots 32/45, parent_fields 7/22, sealed 8/23
    state_wait_on {'output': 276, 'none': 145, 'grandparent': 51, 'open': 3}; builds with state_wait > 20 ms: 66 ([('grandparent', 45), ('output', 21)]); gp_layer {1.0: 475}, ggp_missing {0.0: 419, 1.0: 56}
    queue at the builds min/median 784,500/2,515,500
    new field batch_cpu_sum_us: median/p90/max 603936.0/728293.0/1483361, nonzero 475
    new field batch_dispatch_us: median/p90/max 222.0/304.0/487, nonzero 475
    new field batch_first_start_us: median/p90/max 80.0/122.0/307, nonzero 475
    new field batch_ivcsw: median/p90/max 1.0/7.0/31, nonzero 301
    new field batch_last_end_us: median/p90/max 22443.0/27449.0/48586, nonzero 475
    new field batch_last_start_us: median/p90/max 17108.0/20629.0/44743, nonzero 475
    new field batch_live_deferred: median/p90/max 72.0/79.0/86, nonzero 475
    new field batch_live_lock_hold_us: median/p90/max 10491.0/12111.0/15092, nonzero 475
    new field batch_live_lock_wait_us: median/p90/max 0.0/0.0/0, nonzero 0
    new field batch_live_lock_waits: median/p90/max 0.0/0.0/0, nonzero 0
    new field batch_majflt: median/p90/max 0.0/0.0/0, nonzero 0
    new field batch_minflt: median/p90/max 745.0/8720.0/26113, nonzero 475
    new field batch_open_max_us: median/p90/max 433.0/512.0/3848, nonzero 475
    new field batch_open_sum_us: median/p90/max 10580.0/12560.0/16721, nonzero 475
    new field batch_threads: median/p90/max 32.0/32.0/32, nonzero 475
    new field batch_vcsw: median/p90/max 176.0/509.0/871, nonzero 475
    new field batch_view_index_wait_us: median/p90/max 0.0/20408.0/49818, nonzero 112
    new field batch_view_index_waits: median/p90/max 0.0/271.0/584, nonzero 112
    new field batch_view_slot_wait_us: median/p90/max 0.0/2165.0/8719, nonzero 121
    new field batch_view_slot_waits: median/p90/max 0.0/57.0/131, nonzero 121
    new field batch_wall_sum_us: median/p90/max 616582.0/741947.0/1486473, nonzero 475
    new field batches: median/p90/max 128.0/128.0/128, nonzero 475
    new field build_batches: median/p90/max 128.0/128.0/128, nonzero 475
    new field carried_depth: median/p90/max 1.0/1.0/1, nonzero 475
    new field exec_end_to_seal_us: median/p90/max 99.0/152.0/395, nonzero 475
    new field exec_partition_us: median/p90/max 6.0/9.0/1621, nonzero 475
    new field exec_prepared_groups: {'true': 468, 'false': 7}
    new field exec_prepared_slots: {'true': 468, 'false': 7}
    new field exec_slots_us: median/p90/max 0.0/0.0/1449, nonzero 8
    new field freeze_join_wait_us: median/p90/max 7750.0/17700.0/36636, nonzero 474
    new field freeze_late: {'true': 475}
    new field freeze_pool_own: {'true': 475}
    new field live_index_defer: {'true': 475}
    new field merge_accounts: median/p90/max 192129.0/195780.0/198996, nonzero 475
    new field merge_append_us: median/p90/max 3752.0/7443.0/18461, nonzero 475
    new field merge_early: {'false': 475}
    new field merge_join_wait_us: median/p90/max 0.0/0.0/0, nonzero 0
    new field merge_reverts: median/p90/max 192129.0/195780.0/198996, nonzero 475
    new field merge_reverts_us: median/p90/max 15853.0/21175.0/35060, nonzero 475
    new field merge_state_us: median/p90/max 40120.0/47264.0/57986, nonzero 475
    new field merge_tail_us: median/p90/max 0.0/0.0/1, nonzero 5
    new field merge_threads: median/p90/max 1.0/1.0/1, nonzero 475
    new field one_wave: {'false': 475}
    new field open_engine_us: median/p90/max 0.0/20162.0/91826, nonzero 56
    new field open_fallback: {'false': 419, 'true': 56}
    new field open_keep_us: median/p90/max 6.0/10.0/31, nonzero 475
    new field open_kept_accounts: median/p90/max 576933.0/585455.0/591218, nonzero 475
    new field open_layers: median/p90/max 3.0/3.0/3, nonzero 475
    new field open_provider_us: median/p90/max 98.0/165.0/645, nonzero 475
    new field plan_age_us: median/p90/max 47022.0/99300.0/151702, nonzero 475
    new field plan_ahead: median/p90/max 1.0/1.0/2, nonzero 475
    new field plan_body: median/p90/max 1.0/1.0/2, nonzero 473
    new field plan_body_us: median/p90/max 14719.0/19034.0/23566, nonzero 468
    new field plan_discard: {'': 475}
    new field plan_prep_us: median/p90/max 7397.0/13299.0/29158, nonzero 475
    new field plan_topup_txs: median/p90/max 0.0/0.0/194500, nonzero 2
    new field prep_from_plan: {'true': 468, 'false': 7}
    new field prev_seal_to_answer_us: median/p90/max 1779.0/3088.0/5417, nonzero 475
    new field prev_seal_to_entry_us: median/p90/max 0.0/0.0/0, nonzero 0
    new field prev_seal_to_header_us: median/p90/max 194.0/313.0/514, nonzero 475
    new field prev_seal_to_import_us: median/p90/max 118475.0/148447.0/200889, nonzero 452
    new field prev_seal_to_request_us: median/p90/max 1019.0/66086.0/86761, nonzero 475
    new field prev_seal_to_start_us: median/p90/max 1321.0/66402.0/87105, nonzero 475
    new field pull_bulk_txs: median/p90/max 200000.0/200000.0/200000, nonzero 475
    new field pull_bulk_us: median/p90/max 6.0/10.0/1373, nonzero 475
    new field receipts_late: {'false': 475}
    new field receipts_late_wait_us: median/p90/max 0.0/0.0/0, nonzero 0
    new field rename_fallbacks: median/p90/max 0.0/0.0/0, nonzero 0
    new field rename_record_waits: median/p90/max 0.0/0.0/0, nonzero 0
    new field root_apply_gap_us: median/p90/max 10.0/12.0/19, nonzero 475
    new field root_apply_total_us: median/p90/max 21445.0/30286.0/47511, nonzero 475
    new field root_compute_us: median/p90/max 23459.0/33205.0/51817, nonzero 475
    new field root_delta_us: median/p90/max 1171.0/3416.0/10818, nonzero 475
    new field root_index_us: median/p90/max 2933.0/5845.0/16808, nonzero 475
    new field root_leaves_us: median/p90/max 7035.0/11315.0/23672, nonzero 475
    new field root_note_us: median/p90/max 154.0/245.0/1212, nonzero 475
    new field root_ops_ahead: {'true': 475}
    new field root_ops_ahead_wait_us: median/p90/max 3890.0/10801.0/29911, nonzero 475
    new field root_ops_concat_us: median/p90/max 0.0/0.0/0, nonzero 0
    new field root_ops_encode_us: median/p90/max 5976.0/10796.0/30231, nonzero 475
    new field root_ops_finish_us: median/p90/max 2123.0/2938.0/9726, nonzero 475
    new field root_ops_sort_us: median/p90/max 3395.0/7278.0/14100, nonzero 475
    new field root_ops_us: median/p90/max 6396.0/13281.0/32804, nonzero 475
    new field root_rehash_us: median/p90/max 1418.0/1946.0/18910, nonzero 475
    new field root_retire_us: median/p90/max 1629.0/2531.0/8154, nonzero 475
    new field root_sort_us: median/p90/max 212.0/427.0/3925, nonzero 475
    new field root_undo_us: median/p90/max 366.0/646.0/2862, nonzero 475
    new field root_writes_us: median/p90/max 7089.0/10068.0/19721, nonzero 475
    new field seal_hashes_ahead: {'true': 475}
    new field seal_on_counters: {'true': 475}
    new field seal_to_complete_us: median/p90/max 112426.0/128776.0/149511, nonzero 475
    new field seal_to_frozen_us: median/p90/max 7715.0/17688.0/36589, nonzero 319
    new field seal_to_merge_end_us: median/p90/max 112321.0/128664.0/149435, nonzero 475
    new field seal_to_merge_start_us: median/p90/max 51370.0/64719.0/82117, nonzero 475
    new field seal_to_ops_ahead_us: median/p90/max 21420.0/31625.0/46606, nonzero 475
    new field seal_to_shards_ready_us: median/p90/max 13601.0/21529.0/39899, nonzero 475
    new field seal_to_state_ready_us: median/p90/max 112329.0/128675.0/149446, nonzero 475
    new field sealed_unix_us: median/p90/max 1791446953211953.0/1791446965216484.0/1791446968086567, nonzero 475
    new field start_walk_check_us: median/p90/max 0.0/0.0/128, nonzero 2
    new field start_walk_ids_us: median/p90/max 0.0/0.0/60, nonzero 2
    new field start_walk_settle_us: median/p90/max 0.0/0.0/0, nonzero 0
    new field start_walk_us: median/p90/max 0.0/0.0/4305, nonzero 2
    new field state_wait_us: median/p90/max 6714.0/28194.0/99793, nonzero 475
    new field view_journal_reads: median/p90/max 8192.0/77824.0/147456, nonzero 241
    new field view_journal_searches: median/p90/max 21195.0/220274.0/409051, nonzero 241
    new field view_journal_skips: median/p90/max 0.0/0.0/0, nonzero 0
    new field whole_take_noted: {'true': 475}
    binding wait (tick / quorum / seal share, mean cycle): tick 99% (63); quorum 1% (115); seal 0%; feed-bound (blocks under 95% of the tier): 2 of 476
    slowest key vote delay median/p90 11.5/42.2 ms
    engine own-import total_ms per block median/p90/max 36/53/77 (n=475)
    layer RSS 4.7 -> 27.3 G (max 27.3), in-memory blocks max 10
    execution layer cores busy 35.4    validators cores busy 6.1
    flood delivered (median per 5 s over the leg) 3,156,564/s
  window 2: canonical 469 blocks, 93.8M tx = 3,126,667/s (98.6% of window 1), full 469/469 (100%); cycle mean/median/p90 62.2/61.4/66.0 ms
    leader builds 471: sealed_at median/p90/p99 53/72/98; phases median/p90 ms: gap_before_exec 5/31, state_wait 5/31, par 53/74, par_exec 22/28, roots 34/50, parent_fields 8/27, sealed 9/28
    state_wait_on {'none': 144, 'output': 247, 'grandparent': 78, 'open': 2}; builds with state_wait > 20 ms: 71 ([('grandparent', 65), ('output', 6)]); gp_layer {1.0: 471}, ggp_missing {0.0: 387, 1.0: 84}
    queue at the builds min/median 2,253,000/2,515,500
    new field batch_cpu_sum_us: median/p90/max 598893.0/727920.0/2388699, nonzero 471
    new field batch_dispatch_us: median/p90/max 232.0/339.0/1737, nonzero 471
    new field batch_first_start_us: median/p90/max 81.0/138.0/267, nonzero 471
    new field batch_ivcsw: median/p90/max 1.0/7.0/32, nonzero 287
    new field batch_last_end_us: median/p90/max 22105.0/28191.0/81613, nonzero 471
    new field batch_last_start_us: median/p90/max 17104.0/20823.0/67269, nonzero 471
    new field batch_live_deferred: median/p90/max 73.0/81.0/186, nonzero 471
    new field batch_live_lock_hold_us: median/p90/max 10783.0/12662.0/26291, nonzero 471
    new field batch_live_lock_wait_us: median/p90/max 0.0/0.0/0, nonzero 0
    new field batch_live_lock_waits: median/p90/max 0.0/0.0/0, nonzero 0
    new field batch_majflt: median/p90/max 0.0/0.0/5, nonzero 1
    new field batch_minflt: median/p90/max 928.0/10010.0/29077, nonzero 471
    new field batch_open_max_us: median/p90/max 442.0/542.0/3820, nonzero 471
    new field batch_open_sum_us: median/p90/max 10989.0/13371.0/16816, nonzero 471
    new field batch_threads: median/p90/max 32.0/32.0/32, nonzero 471
    new field batch_vcsw: median/p90/max 186.0/537.0/1144, nonzero 471
    new field batch_view_index_wait_us: median/p90/max 0.0/24443.0/65974, nonzero 126
    new field batch_view_index_waits: median/p90/max 0.0/313.0/846, nonzero 126
    new field batch_view_slot_wait_us: median/p90/max 0.0/2346.0/27616, nonzero 137
    new field batch_view_slot_waits: median/p90/max 0.0/57.0/131, nonzero 137
    new field batch_wall_sum_us: median/p90/max 608640.0/747033.0/2390838, nonzero 471
    new field batches: median/p90/max 128.0/128.0/128, nonzero 471
    new field build_batches: median/p90/max 128.0/128.0/128, nonzero 471
    new field carried_depth: median/p90/max 1.0/1.0/1, nonzero 471
    new field exec_end_to_seal_us: median/p90/max 99.0/151.0/483, nonzero 471
    new field exec_partition_us: median/p90/max 6.0/9.0/3386, nonzero 471
    new field exec_prepared_groups: {'true': 468, 'false': 3}
    new field exec_prepared_slots: {'true': 468, 'false': 3}
    new field exec_slots_us: median/p90/max 0.0/0.0/1864, nonzero 3
    new field freeze_join_wait_us: median/p90/max 5806.0/14688.0/25558, nonzero 471
    new field freeze_late: {'true': 471}
    new field freeze_pool_own: {'true': 471}
    new field live_index_defer: {'true': 471}
    new field merge_accounts: median/p90/max 192266.0/195097.0/198347, nonzero 471
    new field merge_append_us: median/p90/max 3490.0/8187.0/17735, nonzero 471
    new field merge_early: {'false': 471}
    new field merge_join_wait_us: median/p90/max 0.0/0.0/0, nonzero 0
    new field merge_reverts: median/p90/max 192266.0/195097.0/198347, nonzero 471
    new field merge_reverts_us: median/p90/max 15246.0/20719.0/28743, nonzero 471
    new field merge_state_us: median/p90/max 40011.0/47811.0/67682, nonzero 471
    new field merge_tail_us: median/p90/max 0.0/0.0/1, nonzero 4
    new field merge_threads: median/p90/max 1.0/1.0/1, nonzero 471
    new field one_wave: {'false': 471}
    new field open_engine_us: median/p90/max 0.0/20248.0/65031, nonzero 84
    new field open_fallback: {'false': 387, 'true': 84}
    new field open_keep_us: median/p90/max 6.0/10.0/35, nonzero 471
    new field open_kept_accounts: median/p90/max 576667.0/582215.0/588044, nonzero 471
    new field open_layers: median/p90/max 3.0/3.0/3, nonzero 471
    new field open_provider_us: median/p90/max 97.0/165.0/347, nonzero 471
    new field plan_age_us: median/p90/max 50133.0/94794.0/151925, nonzero 470
    new field plan_ahead: median/p90/max 1.0/1.0/1, nonzero 470
    new field plan_body: median/p90/max 1.0/1.0/2, nonzero 470
    new field plan_body_us: median/p90/max 15922.0/19521.0/25330, nonzero 468
    new field plan_discard: {'': 470, 'not_on_its_parent': 1}
    new field plan_prep_us: median/p90/max 7402.0/13861.0/25028, nonzero 470
    new field plan_topup_txs: median/p90/max 0.0/0.0/0, nonzero 0
    new field prep_from_plan: {'true': 468, 'false': 3}
    new field prev_seal_to_answer_us: median/p90/max 1768.0/2765.0/5294, nonzero 471
    new field prev_seal_to_entry_us: median/p90/max 0.0/0.0/0, nonzero 0
    new field prev_seal_to_header_us: median/p90/max 207.0/331.0/2408, nonzero 471
    new field prev_seal_to_import_us: median/p90/max 120972.0/150256.0/214881, nonzero 440
    new field prev_seal_to_request_us: median/p90/max 1026.0/63548.0/119460, nonzero 471
    new field prev_seal_to_start_us: median/p90/max 1307.0/63880.0/119653, nonzero 471
    new field pull_bulk_txs: median/p90/max 200000.0/200000.0/200000, nonzero 471
    new field pull_bulk_us: median/p90/max 6.0/9.0/2981, nonzero 471
    new field receipts_late: {'false': 471}
    new field receipts_late_wait_us: median/p90/max 0.0/0.0/0, nonzero 0
    new field rename_fallbacks: median/p90/max 0.0/0.0/0, nonzero 0
    new field rename_record_waits: median/p90/max 0.0/0.0/0, nonzero 0
    new field root_apply_gap_us: median/p90/max 11.0/14.0/35, nonzero 471
    new field root_apply_total_us: median/p90/max 23898.0/33464.0/53605, nonzero 471
    new field root_compute_us: median/p90/max 26334.0/36573.0/79107, nonzero 471
    new field root_delta_us: median/p90/max 1218.0/3593.0/16916, nonzero 471
    new field root_index_us: median/p90/max 3010.0/6992.0/16287, nonzero 471
    new field root_leaves_us: median/p90/max 7409.0/12470.0/22828, nonzero 471
    new field root_note_us: median/p90/max 147.0/247.0/2044, nonzero 471
    new field root_ops_ahead: {'true': 471}
    new field root_ops_ahead_wait_us: median/p90/max 3134.0/10296.0/24371, nonzero 471
    new field root_ops_concat_us: median/p90/max 0.0/0.0/0, nonzero 0
    new field root_ops_encode_us: median/p90/max 5983.0/11277.0/23393, nonzero 471
    new field root_ops_finish_us: median/p90/max 2210.0/3381.0/10231, nonzero 471
    new field root_ops_sort_us: median/p90/max 3311.0/7494.0/13188, nonzero 471
    new field root_ops_us: median/p90/max 5678.0/13136.0/26292, nonzero 471
    new field root_rehash_us: median/p90/max 2104.0/3352.0/18039, nonzero 471
    new field root_retire_us: median/p90/max 1873.0/2907.0/7577, nonzero 471
    new field root_sort_us: median/p90/max 205.0/486.0/3718, nonzero 471
    new field root_undo_us: median/p90/max 366.0/718.0/3589, nonzero 471
    new field root_writes_us: median/p90/max 7226.0/11759.0/31602, nonzero 471
    new field seal_hashes_ahead: {'true': 471}
    new field seal_on_counters: {'true': 471}
    new field seal_to_complete_us: median/p90/max 114388.0/131906.0/166262, nonzero 471
    new field seal_to_frozen_us: median/p90/max 5779.0/14659.0/25461, nonzero 292
    new field seal_to_merge_end_us: median/p90/max 114266.0/131815.0/166101, nonzero 471
    new field seal_to_merge_start_us: median/p90/max 53382.0/67436.0/100417, nonzero 471
    new field seal_to_ops_ahead_us: median/p90/max 20733.0/28831.0/46256, nonzero 471
    new field seal_to_shards_ready_us: median/p90/max 13404.0/20039.0/30705, nonzero 471
    new field seal_to_state_ready_us: median/p90/max 114272.0/131823.0/166112, nonzero 471
    new field sealed_unix_us: median/p90/max 1791446983092726.0/1791446995048312.0/1791446998122776, nonzero 471
    new field start_walk_check_us: median/p90/max 0.0/0.0/141, nonzero 1
    new field start_walk_ids_us: median/p90/max 0.0/0.0/511, nonzero 1
    new field start_walk_settle_us: median/p90/max 0.0/0.0/0, nonzero 0
    new field start_walk_us: median/p90/max 0.0/0.0/4550, nonzero 1
    new field state_wait_us: median/p90/max 5787.0/31342.0/82121, nonzero 471
    new field view_journal_reads: median/p90/max 0.0/73728.0/139264, nonzero 231
    new field view_journal_searches: median/p90/max 0.0/202673.0/405293, nonzero 231
    new field view_journal_skips: median/p90/max 0.0/0.0/0, nonzero 0
    new field whole_take_noted: {'true': 471}
    binding wait (tick / quorum / seal share, mean cycle): tick 100% (62); quorum 0%; seal 0%; feed-bound (blocks under 95% of the tier): 0 of 469
    slowest key vote delay median/p90 13.0/38.3 ms
    engine own-import total_ms per block median/p90/max 41/59/93 (n=469)
    layer RSS 26.1 -> 33.9 G (max 33.9), in-memory blocks max 11
    execution layer cores busy 35.6    validators cores busy 6.0
  window 3: canonical 446 blocks, 89.2M tx = 2,973,333/s (93.7% of window 1), full 446/446 (100%); cycle -
    leader builds 447: sealed_at median/p90/p99 56/80/125; phases median/p90 ms: gap_before_exec 7/33, state_wait 7/33, par 56/84, par_exec 22/27, roots 37/58, parent_fields 11/35, sealed 12/36
    state_wait_on {'output': 229, 'none': 133, 'grandparent': 84, 'open': 1}; builds with state_wait > 20 ms: 69 ([('grandparent', 61), ('output', 8)]); gp_layer {1.0: 447}, ggp_missing {0.0: 360, 1.0: 87}
    queue at the builds min/median 2,284,000/2,515,500
    new field batch_cpu_sum_us: median/p90/max 580859.0/706117.0/1553140, nonzero 447
    new field batch_dispatch_us: median/p90/max 231.0/313.0/3933, nonzero 447
    new field batch_first_start_us: median/p90/max 78.0/134.0/266, nonzero 447
    new field batch_ivcsw: median/p90/max 1.0/6.0/30, nonzero 266
    new field batch_last_end_us: median/p90/max 22078.0/27417.0/126322, nonzero 447
    new field batch_last_start_us: median/p90/max 16866.0/20871.0/113456, nonzero 447
    new field batch_live_deferred: median/p90/max 74.0/83.0/309, nonzero 447
    new field batch_live_lock_hold_us: median/p90/max 10821.0/13321.0/38889, nonzero 447
    new field batch_live_lock_wait_us: median/p90/max 0.0/0.0/0, nonzero 0
    new field batch_live_lock_waits: median/p90/max 0.0/0.0/0, nonzero 0
    new field batch_majflt: median/p90/max 0.0/0.0/22470, nonzero 43
    new field batch_minflt: median/p90/max 1002.0/9965.0/37080, nonzero 447
    new field batch_open_max_us: median/p90/max 413.0/505.0/3350, nonzero 447
    new field batch_open_sum_us: median/p90/max 10105.0/12720.0/34322, nonzero 447
    new field batch_threads: median/p90/max 32.0/32.0/32, nonzero 447
    new field batch_vcsw: median/p90/max 185.0/667.0/22756, nonzero 447
    new field batch_view_index_wait_us: median/p90/max 0.0/25582.0/219635, nonzero 119
    new field batch_view_index_waits: median/p90/max 0.0/325.0/740, nonzero 119
    new field batch_view_slot_wait_us: median/p90/max 0.0/2080.0/45302, nonzero 123
    new field batch_view_slot_waits: median/p90/max 0.0/60.0/144, nonzero 123
    new field batch_wall_sum_us: median/p90/max 605381.0/742537.0/3860837, nonzero 447
    new field batches: median/p90/max 128.0/128.0/128, nonzero 447
    new field build_batches: median/p90/max 128.0/128.0/128, nonzero 447
    new field carried_depth: median/p90/max 1.0/1.0/1, nonzero 447
    new field exec_end_to_seal_us: median/p90/max 91.0/141.0/794, nonzero 447
    new field exec_partition_us: median/p90/max 6.0/9.0/25, nonzero 447
    new field exec_prepared_groups: {'true': 447}
    new field exec_prepared_slots: {'true': 447}
    new field exec_slots_us: median/p90/max 0.0/0.0/0, nonzero 0
    new field freeze_join_wait_us: median/p90/max 2014.0/15553.0/23541, nonzero 445
    new field freeze_late: {'true': 447}
    new field freeze_pool_own: {'true': 447}
    new field live_index_defer: {'true': 447}
    new field merge_accounts: median/p90/max 191743.0/194979.0/197866, nonzero 447
    new field merge_append_us: median/p90/max 3685.0/8193.0/22767, nonzero 447
    new field merge_early: {'false': 447}
    new field merge_join_wait_us: median/p90/max 0.0/0.0/0, nonzero 0
    new field merge_reverts: median/p90/max 191743.0/194979.0/197866, nonzero 447
    new field merge_reverts_us: median/p90/max 16719.0/24576.0/170053, nonzero 447
    new field merge_state_us: median/p90/max 40221.0/49616.0/64666, nonzero 447
    new field merge_tail_us: median/p90/max 0.0/0.0/1, nonzero 2
    new field merge_threads: median/p90/max 1.0/1.0/1, nonzero 447
    new field one_wave: {'false': 447}
    new field open_engine_us: median/p90/max 0.0/20533.0/236120, nonzero 87
    new field open_fallback: {'false': 360, 'true': 87}
    new field open_keep_us: median/p90/max 6.0/10.0/20, nonzero 447
    new field open_kept_accounts: median/p90/max 575365.0/581864.0/590355, nonzero 447
    new field open_layers: median/p90/max 3.0/3.0/3, nonzero 447
    new field open_provider_us: median/p90/max 98.0/183.0/1396, nonzero 447
    new field plan_age_us: median/p90/max 53338.0/89080.0/164671, nonzero 447
    new field plan_ahead: median/p90/max 1.0/1.0/1, nonzero 447
    new field plan_body: median/p90/max 1.0/1.0/1, nonzero 447
    new field plan_body_us: median/p90/max 15330.0/19469.0/22497, nonzero 447
    new field plan_discard: {'': 447}
    new field plan_prep_us: median/p90/max 7302.0/15470.0/189702, nonzero 447
    new field plan_topup_txs: median/p90/max 0.0/0.0/0, nonzero 0
    new field prep_from_plan: {'true': 447}
    new field prev_seal_to_answer_us: median/p90/max 1778.0/3100.0/5279, nonzero 447
    new field prev_seal_to_entry_us: median/p90/max 0.0/0.0/0, nonzero 0
    new field prev_seal_to_header_us: median/p90/max 188.0/304.0/1650, nonzero 447
    new field prev_seal_to_import_us: median/p90/max 130479.0/163844.0/332601, nonzero 420
    new field prev_seal_to_request_us: median/p90/max 988.0/61808.0/86050, nonzero 447
    new field prev_seal_to_start_us: median/p90/max 1289.0/62192.0/86363, nonzero 447
    new field pull_bulk_txs: median/p90/max 200000.0/200000.0/200000, nonzero 447
    new field pull_bulk_us: median/p90/max 6.0/8.0/27, nonzero 447
    new field receipts_late: {'false': 447}
    new field receipts_late_wait_us: median/p90/max 0.0/0.0/0, nonzero 0
    new field rename_fallbacks: median/p90/max 0.0/0.0/0, nonzero 0
    new field rename_record_waits: median/p90/max 0.0/0.0/0, nonzero 0
    new field root_apply_gap_us: median/p90/max 11.0/14.0/21, nonzero 447
    new field root_apply_total_us: median/p90/max 24602.0/36798.0/141356, nonzero 447
    new field root_compute_us: median/p90/max 27497.0/40743.0/143245, nonzero 447
    new field root_delta_us: median/p90/max 1351.0/3713.0/23661, nonzero 447
    new field root_index_us: median/p90/max 3148.0/8360.0/25950, nonzero 447
    new field root_leaves_us: median/p90/max 7353.0/12764.0/127393, nonzero 447
    new field root_note_us: median/p90/max 141.0/239.0/1604, nonzero 447
    new field root_ops_ahead: {'true': 447}
    new field root_ops_ahead_wait_us: median/p90/max 3653.0/11035.0/195976, nonzero 447
    new field root_ops_concat_us: median/p90/max 0.0/0.0/0, nonzero 0
    new field root_ops_encode_us: median/p90/max 5891.0/11291.0/195611, nonzero 447
    new field root_ops_finish_us: median/p90/max 2388.0/3809.0/8261, nonzero 447
    new field root_ops_sort_us: median/p90/max 3727.0/8300.0/23258, nonzero 447
    new field root_ops_us: median/p90/max 6366.0/14338.0/197875, nonzero 447
    new field root_rehash_us: median/p90/max 2655.0/5024.0/16525, nonzero 447
    new field root_retire_us: median/p90/max 1942.0/3082.0/8491, nonzero 447
    new field root_sort_us: median/p90/max 193.0/481.0/4028, nonzero 447
    new field root_undo_us: median/p90/max 367.0/712.0/3618, nonzero 447
    new field root_writes_us: median/p90/max 7288.0/11460.0/26973, nonzero 447
    new field seal_hashes_ahead: {'true': 447}
    new field seal_on_counters: {'true': 447}
    new field seal_to_complete_us: median/p90/max 119727.0/143837.0/302892, nonzero 447
    new field seal_to_frozen_us: median/p90/max 1995.0/15504.0/23507, nonzero 243
    new field seal_to_merge_end_us: median/p90/max 119656.0/143744.0/302786, nonzero 447
    new field seal_to_merge_start_us: median/p90/max 55018.0/76961.0/248178, nonzero 447
    new field seal_to_ops_ahead_us: median/p90/max 20800.0/31009.0/209710, nonzero 447
    new field seal_to_shards_ready_us: median/p90/max 12583.0/19840.0/27563, nonzero 447
    new field seal_to_state_ready_us: median/p90/max 119662.0/143753.0/302796, nonzero 447
    new field sealed_unix_us: median/p90/max 1791447012219913.0/1791447024413391.0/1791447028117014, nonzero 447
    new field start_walk_check_us: median/p90/max 0.0/0.0/0, nonzero 0
    new field start_walk_ids_us: median/p90/max 0.0/0.0/0, nonzero 0
    new field start_walk_settle_us: median/p90/max 0.0/0.0/0, nonzero 0
    new field start_walk_us: median/p90/max 0.0/0.0/0, nonzero 0
    new field state_wait_us: median/p90/max 7563.0/33456.0/246739, nonzero 447
    new field view_journal_reads: median/p90/max 0.0/73728.0/143360, nonzero 211
    new field view_journal_searches: median/p90/max 0.0/193788.0/412936, nonzero 211
    new field view_journal_skips: median/p90/max 0.0/0.0/0, nonzero 0
    new field whole_take_noted: {'true': 447}
    engine own-import total_ms per block median/p90/max 44/69/226 (n=446)
    layer RSS 33.6 -> 40.9 G (max 40.9), in-memory blocks max 11
    execution layer cores busy 34.7    validators cores busy 5.9
  round total (3 windows, canonical): 278.2M tx
  layer peak RSS 40.9 G; in-memory blocks max 11
  fields at seal: mode "early", verified 0, unchecked 0, mismatches 0 (last build line, cumulative)
  own_executed_again (built here and also directly imported): 0 of 1440 built blocks
== loop348K21A
  layer-0 leader window-1 builds 476: txs mean 199908, share >= 95% of the tier 100% (max 200000); sealed_at_ms 50.0/67.0; par_ms 51.0/76.0; par_exec_ms 22.0/27.0; roots_ms 32.0/45.0; parent_fields_ms 7.0/22.0; sealed_ms 8.0/23.0
  proposal cycle window 1 (n=492): mean 63.0 median 61.4 p90 67.0 ms; blocks in the 30 s: 492
  binding wait (tick / quorum / seal, share and mean cycle): tick 98.9% (62.5); quorum 1.1% (114.6); seal 0%
  vote delay after the proposal, slowest key per block: median 11.5 p90 42.2 ms (slowest minus the median key: median 0.2); last key: {1: 95, 2: 101, 3: 67, 4: 85, 5: 54, 6: 74} of 476 blocks
  CPU in window 1 (cores busy): execution layers 35.4 over 1 process(es); validators 6.1 over 21 process(es)
  execution layer peak RSS 40.9 G; in-memory blocks max 11 (node0 and others, all layers)
  blocks built here 1440; none also directly imported
  import-once counters at the last direct import: ; start-up lines with import_once=true: 1; queue-lock lines 0
  layer-0 queue (queued after canonical prune), median per 10 s: t+0:2489500 t+20:2474000 t+40:2449500 t+60:2481750 t+80:2451500
  flood: median per 5 s 3156564/s, final -
  timeout / given-up lines: 0; 
loop348K21A page_faults_per_s_median: node0=177130 
feedcheck loop348K21A: ok (block 200,000 tx)
== loop348K21A: feed check (acq_us / gate_us / reply_us are per frame of 500; rate per 5 s `ingest` line)
  window 1: ingest lines 6; acq_us 471 (max 3761); gate_us 6904; reply_us 7474; slots_busy 13%; delivered median 3,159,637/s max 3,241,728/s; queue at builds median 2,515,500 min 784,500; full 100% of 476 blocks
  window 2: ingest lines 6; acq_us 476 (max 485); gate_us 7014; reply_us 7589; slots_busy 13%; delivered median 3,196,633/s max 3,272,050/s; queue at builds median 2,515,500 min 2,253,000; full 100% of 469 blocks
  window 3: ingest lines 6; acq_us 474 (max 479); gate_us 7199; reply_us 7768; slots_busy 13%; delivered median 3,075,662/s max 3,199,896/s; queue at builds median 2,515,500 min 2,284,000; full 100% of 446 blocks
  flood.log (+15..+100 s): rate per 5 s median 3,153,026/s max 3,275,328/s; reply latency median 60.7 ms max 74.3 ms
== loop348K21A: lanes lock, drain and pruner (new fields)
  window 1: lock duty 56.5% (max 59.0); holds/5s 2,330; longest hold 24.90 ms median, 29.16 ms max by crates/n42/tx-queue/src/lib.rs:2692 (most frequent holders [('crates/n42/tx-queue/src/lib.rs:2046', 5), ('crates/n42/tx-queue/src/lib.rs:2692', 1)]); lock wait 2368.6 ms/5s, longest 26.75 ms; drains/5s 1,062 of 14905 tx, mean 1234 us, max 17.20 ms
           prune (457 blocks): prune_ms 31/50; fold 0.5 ms, lock 0.0 ms, remove(hold) 8.3 ms, free 0.0 ms; frames_swept 400; coalesced on 457 of 457; prune_wait_ms 0/0; pruner busy 49% of a thread, lock held by it 1.4%
  window 2: lock duty 59.0% (max 62.0); holds/5s 2,129; longest hold 25.60 ms median, 38.28 ms max by crates/n42/tx-queue/src/lib.rs:2576 (most frequent holders [('crates/n42/tx-queue/src/lib.rs:2046', 4), ('crates/n42/tx-queue/src/lib.rs:2576', 1)]); lock wait 2955.8 ms/5s, longest 37.23 ms; drains/5s 888 of 18073 tx, mean 1614 us, max 21.39 ms
           prune (444 blocks): prune_ms 35/52; fold 0.5 ms, lock 0.0 ms, remove(hold) 10.0 ms, free 0.0 ms; frames_swept 400; coalesced on 444 of 444; prune_wait_ms 0/0; pruner busy 52% of a thread, lock held by it 1.8%
  window 3: lock duty 59.0% (max 61.0); holds/5s 2,029; longest hold 31.07 ms median, 36.14 ms max by crates/n42/tx-queue/src/lib.rs:2692 (most frequent holders [('crates/n42/tx-queue/src/lib.rs:2046', 4), ('crates/n42/tx-queue/src/lib.rs:2692', 2)]); lock wait 2937.7 ms/5s, longest 36.17 ms; drains/5s 849 of 18119 tx, mean 1658 us, max 26.41 ms
           prune (428 blocks): prune_ms 34/54; fold 0.5 ms, lock 0.0 ms, remove(hold) 10.6 ms, free 0.0 ms; frames_swept 400; coalesced on 428 of 428; prune_wait_ms 0/0; pruner busy 52% of a thread, lock held by it 1.3%
== loop348K21A: pruner (per block; busy = sum prune_ms / 30 s, lock = sum (remove_us + settle_us) / 30 s)
  window 1: 457 prunes; prune_ms 31/50; remove_us 8.3/17.8 ms; forget_us 2.8/4.6 ms; settle_us 3.0 ms; pruner busy 49% of a worker; lanes lock held for removal 22%
  window 2: 444 prunes; prune_ms 35/52; remove_us 10.0/20.3 ms; forget_us 2.9/4.8 ms; settle_us 3.3 ms; pruner busy 52% of a worker; lanes lock held for removal 24%
  window 3: 428 prunes; prune_ms 34/54; remove_us 10.6/22.3 ms; forget_us 3.0/4.8 ms; settle_us 3.0 ms; pruner busy 52% of a worker; lanes lock held for removal 23%
== loop348K21A: seal start / pull, prepared plan, answer, chunked drain
  window 1: 475 builds; start_best_ms 3/13; start_walk_us 0/0; start_pull_ms 0/0; par_pull_ms 0/0; par_start_ms 3/13; par_ms 51/76; sealed_at_ms 50/67; pull_bulk_us 6/10; pull_bulk_txs 200000/200000; plan_age_us 47022/99300; plan_prep_us 7397/13299; plan_topup_txs 0/0
           plan_ahead {'2': 2, '1': 473}; plan_discard {'': 475}
           answer: built-ahead bytes median/max 15,243/15,245, layout_only {'true': 475}; proposal sent bytes median/max 15,243/15,245, layout_only {'true': 475}
           drain: chunks/5s 902, chunk max 8,192 tx, finished by others/5s 60; plan_discards (last ingest line) -
  window 2: 471 builds; start_best_ms 5/16; start_walk_us 0/0; start_pull_ms 0/0; par_pull_ms 0/0; par_start_ms 5/16; par_ms 53/74; sealed_at_ms 53/72; pull_bulk_us 6/9; pull_bulk_txs 200000/200000; plan_age_us 50133/94794; plan_prep_us 7402/13861; plan_topup_txs 0/0
           plan_ahead {'1': 470, '0': 1}; plan_discard {'': 470, 'not_on_its_parent': 1}
           answer: built-ahead bytes median/max 15,245/15,245, layout_only {'true': 471}; proposal sent bytes median/max 15,245/15,245, layout_only {'true': 471}
           drain: chunks/5s 736, chunk max 8,192 tx, finished by others/5s 66; plan_discards (last ingest line) -
  window 3: 447 builds; start_best_ms 5/17; start_walk_us 0/0; start_pull_ms 0/0; par_pull_ms 0/0; par_start_ms 5/17; par_ms 56/84; sealed_at_ms 56/80; pull_bulk_us 6/8; pull_bulk_txs 200000/200000; plan_age_us 53338/89080; plan_prep_us 7302/15470; plan_topup_txs 0/0
           plan_ahead {'1': 447}; plan_discard {'': 447}
           answer: built-ahead bytes median/max 15,245/15,245, layout_only {'true': 446}; proposal sent bytes median/max 15,245/15,245, layout_only {'true': 446}
           drain: chunks/5s 690, chunk max 8,192 tx, finished by others/5s 59; plan_discards (last ingest line) -
== loop348K21A: persistence per window (ms per block = part sum / blocks persisted)
  window 1: persisted 478 of 476 produced (100%); total 34.0, sf_tx 30.2, sf_rcpt 6.6, sf_acct 14.0, sf_send 11.5, scope 30.3, qmdb 15.4, post 0.0, pre 3.7, plain_rev 3.7, commit_sf 0.8, commit_mdbx 0.1, commit_rocks 0.1; longest task sf_tx 30.2; in-memory 10 -> 8 (max 10); RSS 16.5 -> 27.3 G; lag 10 -> 8 = -4.0 blocks/min; bp max 0
  window 2: persisted 467 of 469 produced (100%); total 34.2, sf_tx 30.6, sf_rcpt 6.7, sf_acct 14.1, sf_send 11.2, scope 30.8, qmdb 17.6, post 0.0, pre 3.4, plain_rev 3.4, commit_sf 0.8, commit_mdbx 0.1, commit_rocks 0.1; longest task sf_tx 30.6; in-memory 8 -> 10 (max 11); RSS 27.3 -> 33.9 G; lag 8 -> 9 = +2.0 blocks/min; bp max 0
  window 3: persisted 448 of 446 produced (100%); total 38.6, sf_tx 31.6, sf_rcpt 6.6, sf_acct 13.4, sf_send 10.4, scope 34.3, qmdb 21.8, post 0.0, pre 4.2, plain_rev 4.2, commit_sf 0.8, commit_mdbx 0.1, commit_rocks 0.1; longest task sf_tx 31.6; in-memory 10 -> 10 (max 11); RSS 33.9 -> 40.9 G; lag 9 -> 10 = +2.0 blocks/min; bp max 0
  leg end: in-memory 8, max over the sampler 11, backpressure stalls 0
== loop348K21A: execution and root fields (median / p90 per block); over 1439 full builds: rename_fallbacks total 0, rename_record_waits total 0, carried_depth values ['1']
    folded lines 476: pending_max max 86 (median 72); pending_us_max max 18,845; drops_max max 71980
    flags: seal_on_counters true:475; freeze_pool_own true:475; plan_body 0:2/1:468/2:5; prep_from_plan false:7/true:468; plan_ahead 1:473/2:2; seal per 1,000 transfers 0.250 ms
  window 1 (475 builds): on-CPU share 1.00/1.00; CPU per transfer 3.02/3.64 us; sealed_at_ms 50/67; par_exec_ms 22/27; par_fold_ms 8/17; index_ms 14/21; par_start_ms 3/13; gap_before_exec_ms 6/28; state_wait_us 6,714/28,194; parent_fields_ms 7/22; roots_ms 32/45; seal_to_fields_us 51,253/64,550; seal_to_complete_us 112,426/128,776; rename_fallbacks 0/0; rename_record_waits 0/0; carried_depth 1/1; plan_body_us 14,719/19,034; batch_max_ms 9/12; tx_root_ms 1/1; sealed_ms 8/23
    folded lines 471: pending_max max 85 (median 72); pending_us_max max 17,303; drops_max max 31261
    flags: seal_on_counters true:471; freeze_pool_own true:471; plan_body 0:1/1:468/2:2; prep_from_plan false:3/true:468; plan_ahead 0:1/1:470; seal per 1,000 transfers 0.265 ms
  window 2 (471 builds): on-CPU share 1.00/1.00; CPU per transfer 2.99/3.64 us; sealed_at_ms 53/72; par_exec_ms 22/28; par_fold_ms 7/14; index_ms 14/19; par_start_ms 5/16; gap_before_exec_ms 5/31; state_wait_us 5,787/31,342; parent_fields_ms 8/27; roots_ms 34/50; seal_to_fields_us 53,241/67,136; seal_to_complete_us 114,388/131,906; rename_fallbacks 0/0; rename_record_waits 0/0; carried_depth 1/1; plan_body_us 15,922/19,521; batch_max_ms 9/13; tx_root_ms 1/1; sealed_ms 9/28
    folded lines 447: pending_max max 90 (median 73); pending_us_max max 18,246; drops_max max 35075
    flags: seal_on_counters true:447; freeze_pool_own true:447; plan_body 1:447; prep_from_plan true:447; plan_ahead 1:447; seal per 1,000 transfers 0.280 ms
  window 3 (447 builds): on-CPU share 1.00/1.00; CPU per transfer 2.90/3.53 us; sealed_at_ms 56/80; par_exec_ms 22/27; par_fold_ms 7/15; index_ms 14/19; par_start_ms 5/17; gap_before_exec_ms 7/33; state_wait_us 7,563/33,456; parent_fields_ms 11/35; roots_ms 37/58; seal_to_fields_us 54,922/76,843; seal_to_complete_us 119,727/143,837; rename_fallbacks 0/0; rename_record_waits 0/0; carried_depth 1/1; plan_body_us 15,330/19,469; batch_max_ms 8/14; tx_root_ms 1/1; sealed_ms 12/36
== loop348K21A: 4354 proposals; proposal -> quorum (leader's commit) median 14.7 / p90 43.6 / max 264.6 ms; proposal interval median 61.5 / p90 62.3 ms; TC formed lines 0; leader views timed out 0; ParentUnknown lines 0
   handover at view 1024: proposal intervals (view, ms) [(1023, 101), (1024, 137), (1025, 100), (1026, 61), (1027, 62)] against the median 61 ms
   handover at view 2048: proposal intervals (view, ms) [(2047, 61), (2048, 62), (2049, 61), (2050, 61), (2051, 61)] against the median 61 ms
   handover at view 3072: proposal intervals (view, ms) [(3071, 61), (3072, 62), (3073, 61), (3074, 62), (3075, 62)] against the median 61 ms
   handover at view 4096: proposal intervals (view, ms) [(4095, 61), (4096, 62), (4097, 61), (4098, 61), (4099, 61)] against the median 61 ms
     block 1025 (view 1024): sealed_at_ms 99, gap_before_exec_ms 11, parent_fields_ms 70, rename_fallbacks 0, rename_record_waits 0, carried_depth 1
     block 1026 (view 1025): sealed_at_ms 32, gap_before_exec_ms 7, parent_fields_ms 5, rename_fallbacks 0, rename_record_waits 0, carried_depth 1
     block 1027 (view 1026): sealed_at_ms 44, gap_before_exec_ms 0, parent_fields_ms 11, rename_fallbacks 0, rename_record_waits 0, carried_depth 1
     block 1028 (view 1027): sealed_at_ms 53, gap_before_exec_ms 1, parent_fields_ms 22, rename_fallbacks 0, rename_record_waits 0, carried_depth 1
flood span 95 s; tokio-rt threads alive throughout 34 of 72; group 9.8 cores busy over them (all threads incl. short-lived 12.7)
  per-thread cores busy, top 12: 0.64 0.59 0.59 0.58 0.58 0.58 0.57 0.57 0.56 0.56 0.56 0.56; threads over 0.9 core: 0, over 0.7: 0
== loop348K21A: 1393 full builds in the 3 windows
  par_exec_ms 22/27; par_run_ms 29/56; batch_start_skew_ms 16/20; batch_median_ms 4/5; batch_max_ms 9/13; batch_first_start_us 80/129; batch_last_start_us 17032/20750; batch_dispatch_us 227/320; batch_last_end_us 22161/27684; batches 128/128; batch_threads 32/32; batch_txs_max 2000/2000; batch_txs_min 1500/1500; start_walk_ms 0/0; start_walk_check_ms 0/0; par_start_ms 4/16; sealed_at_ms 53/74; prev_seal_to_answer_us 1776/2935; prev_seal_to_entry_us 0/0; prev_seal_to_header_us 195/321; prev_seal_to_import_us 122680/154852; prev_seal_to_request_us 1015/64180; prev_seal_to_start_us 1303/64438; start_walk_check_us 0/0; start_walk_ids_us 0/0; start_walk_settle_us 0/0; start_walk_us 0/0
  one_wave {'false': 1393}
  batches == batch_threads on 0 of 1393 builds
  last - first batch start (ms) median/p90 16.96/20.66; under 2 ms on 0 of 1393 builds
bodygate loop348K21A: invalid_blocks=0 gas_mismatch=0 fields_mismatches=0 own_not_committed=0 proposals_given_up=0
leg loop348K7b: /data free 514G (needs 120 G)
load 8.21 at 04:13:27, waiting
plan loop348K7b: exit 0 (7 validators, 1 layer(s)): # validators 7, execution layers 1, 208 CPUs a layer, import-once 1, shared 1; # validators : 16 CPUs set aside, taskset -c 104-111,232-239; # fleet    : 7 nodes, quorum 5 of 7 (f = 2); 0 refusals
leg loop348K7b start 04:13:57 load 4.98
round loop348K7b exit 0 at 04:16:58
loop348K7b save stages (node0, seconds summed over the leg / count): batch_size=1948.0/638  batch_size=1948.0/638  reth_consensus_engine_beacon_persistence_duration=57.8/638  duration_seconds=54.2/638  total=49.5/638  scope=44.5/638  sf=43.8/638  sf_transactions=43.6/638  qmdb_persisted=22.5/638  sf_account_changesets=19.9/638
el binary: /data/n42-build/target-n42-rs/native/release/n42 env: N42_IMPORT_ONCE=1 N42_SETTLEMENT_TAGS=legacy N42_BUILD_THROTTLE_SOFT=48 F7_EL_MAP=0,0,0,0,0,0,0 N42_FIELDS_AT_SEAL=1 N42_FREEZE_AFTER_SEAL=1 N42_FRAME_BLOCKS=1 N42_TX_INGEST_RECOVER_PARALLEL=24 N42_FREEZE_POOL=own N42_PARALLEL_BUILD_THREADS=32 N42_PLAN_AHEAD=1 N42_HASHED_TABLES=off F7_FLOOD_RATE=6000000 N42_COMPACT_BODY=1 N42_BUILD_BATCHES=128 MALLOC_CONF=thp:always,oversize_threshold:0,dirty_decay_ms:2000,background_thread:true N42_SEAL_ON_COUNTERS=1 N42_ACCOUNT_HISTORY=off N42_TAKE_COMPACT=1 N42_SF_EARLY_WRITEBACK=1 F7_VAL_NO_MALLOC_CONF=1 N42_ROAD_RUNTIME=1 N42_TX_INGEST_HIGH_WATER=2500000 F7_BENCH_POOL_SLOTS=3000000 N42_PLAN_AHEAD_BODY=1 N42_SEAL_AT_EXEC=1 N42_TX_QUEUE_DRAIN_CHUNK=8192 N42_ANSWER_LAYOUT_ONLY=1 N42_PULL_BY_FRAMES=1 N42_SF_PARALLEL_ENCODE=1 N42_BUILD_THROTTLE_HARD=80 N42_LIVE_INDEX_DEFER=1 RAYON_NUM_THREADS=16 F7_VAL_CPUS=16 N42_ROOT_OPS_AHEAD=1 TOKIO_WORKER_THREADS=16 N42_QMDB_READS=on N42_LEADER_LAYERS=3 N42_PERSIST_QMDB_IN_SCOPE=1 F7_BLOCK_INTERVAL_MS=60 F7_MEASURE_FROM_LOG=1
validator env: N42_IMPORT_ONCE=1 N42_SETTLEMENT_TAGS=legacy N42_BUILD_THROTTLE_SOFT=48 F7_EL_MAP=0,0,0,0,0,0,0 N42_FIELDS_AT_SEAL=1 N42_FREEZE_AFTER_SEAL=1 N42_FRAME_BLOCKS=1 N42_TX_INGEST_RECOVER_PARALLEL=24 N42_FREEZE_POOL=own N42_PARALLEL_BUILD_THREADS=32 N42_PLAN_AHEAD=1 N42_HASHED_TABLES=off F7_FLOOD_RATE=6000000 N42_COMPACT_BODY=1 N42_BUILD_BATCHES=128 N42_SEAL_ON_COUNTERS=1 N42_ACCOUNT_HISTORY=off N42_TAKE_COMPACT=1 N42_SF_EARLY_WRITEBACK=1 N42_ROAD_RUNTIME=1 N42_TX_INGEST_HIGH_WATER=2500000 F7_BENCH_POOL_SLOTS=3000000 N42_PLAN_AHEAD_BODY=1 N42_SEAL_AT_EXEC=1 N42_TX_QUEUE_DRAIN_CHUNK=8192 N42_ANSWER_LAYOUT_ONLY=1 N42_PULL_BY_FRAMES=1 N42_SF_PARALLEL_ENCODE=1 N42_BUILD_THROTTLE_HARD=80 N42_LIVE_INDEX_DEFER=1 RAYON_NUM_THREADS=16 F7_VAL_CPUS=16 N42_ROOT_OPS_AHEAD=1 TOKIO_WORKER_THREADS=16 N42_QMDB_READS=on N42_LEADER_LAYERS=3 N42_PERSIST_QMDB_IN_SCOPE=1 F7_MEASURE_FROM_LOG=1
loop348K7b once: start-up lines import_once=true 1; last direct-import counters 
loop348K7b imports: layers=1 direct_imports=0 canonical_blocks=4013 import_once_lines=1 (per layer: direct imports should equal canonical blocks for one execution per block)
grep: /data/blockchain/rust-fleet7-bench/node1/el.log: No such file or directory
grep: /data/blockchain/rust-fleet7-bench/node2/el.log: No such file or directory
grep: /data/blockchain/rust-fleet7-bench/node3/el.log: No such file or directory
grep: /data/blockchain/rust-fleet7-bench/node1/el.log: No such file or directory
grep: /data/blockchain/rust-fleet7-bench/node2/el.log: No such file or directory
grep: /data/blockchain/rust-fleet7-bench/node3/el.log: No such file or directory
cat: /data/blockchain/rust-fleet7-bench/node2/el.log: No such file or directory
cat: /data/blockchain/rust-fleet7-bench/node2/el.log: No such file or directory
cat: /data/blockchain/rust-fleet7-bench/node2/el.log: No such file or directory
cat: /data/blockchain/rust-fleet7-bench/node1/el.log: No such file or directory
cat: /data/blockchain/rust-fleet7-bench/node2/el.log: No such file or directory
cat: /data/blockchain/rust-fleet7-bench/node3/el.log: No such file or directory
Traceback (most recent call last):
  File [35m"<stdin>"[0m, line [35m4[0m, in [35m<module>[0m
[1;35mIndexError[0m: [35mlist index out of range[0m
loop348K7b no_variant=0 own_not_committed=0 tc=1 invalid_blocks=0 incomplete=0 gas_mismatch=0 direct_imports_failed=0 stuck_at_hashed_state=0 engine_idles_over_5s=1 proposals_given_up=0 tables_off_nodes=1 unanswered_reads=0 seal_first_total=1458 seal_first_direct=1458 direct_guard_errors=0 commit_ms_median=0 fold_ms_median=8 sealed_at_ms_median=49 state_ready_ms_median=94 build_total_ms_median=166 recover_us_median=0 par_exec_ms_median=21 par_exec_ms_median=21 giveback_filtered=0 giveback_offered_max=200000 seal_first=1458 reader_lag_max=10 reader_lag_warns=0 view_invalidated=0 el_sum_peak_g=41.4 el_max_peak_g=41.4 val_sum_peak_g=0.9 flood_peak_g=0.6 two_roads_blocks=0 two_roads_overlap_ms_median=- exec_on_output_declined=0 r1_collect_ms_median=5 proposal_at_ms_median=49 view_total_ms_median=61 import_exec_ms_median=- import_total_ms_median=- import_senders_ms_median=- import_convert_ms_median=- import_groups_median=- imports_over_600ms=0 min_avail_g=72.0 road_foreign_body_recv_ms=- road_foreign_body_decode_ms=- road_foreign_body_senders_ms=- road_foreign_body_parent_wait_ms=- road_foreign_body_check_ms=- road_foreign_body_total_ms=- road_new_payload_recv_ms=- road_new_payload_decode_ms=- road_new_payload_senders_ms=- road_new_payload_parent_wait_ms=- road_new_payload_check_ms=- road_new_payload_total_ms=- road_foreign_body_blocks=0 road_new_payload_blocks=0 fcu_answered=1850 fcu_in_flight_ms_median=0 fcu_queued_ms_median=0 fcu_queued_ms_max=97 fcu_refused=0 fcu_slow=2239 bodies_held=0 road_reuse_ms=- road_prepare_ms=- road_dispatch_ms=- road_convert_ms=- road_remember_ms=- road_header_ms=- road_fields_ms=- road_other_ms=- import_engine_ms_median=- gate_forced=0 gate_warns=0 flood_timeouts=0 canonical_min=4067 canonical_max=4067 chained_builds=2491 chain_lead_ms_median=57 chain_wait_ms_median=0 chain_started=2495 chain_discarded=4 chain_discard_reasons=_1_reason="no_,_1_reason="the_build_was_aborted,_1_reason="the_chained_build_produced_nothing,_2_reason="the_execution_layer_produced_nothing,_1_reason="the_request_names_another_parent chain_alias_warns=0 el_chained=2514 bodies_held_warns=0 el_build_refused=5 el_build_refused_reasons=_2_the_build_was_aborted,_2_no_QMDB_tree_for_parent_block_0x,_1_2026-10-08T08:15:57.887484Z_WARN_build_on_own_blo queued_p5=2316500 queued_p50=2478000 road_compact_blocks=0 road_compact_recv_ms=- road_compact_assemble_ms=- road_compact_root_ms=- road_compact_miss_wait_ms=- road_compact_senders_ms=- road_compact_check_ms=- road_compact_other_ms=- road_compact_total_ms=- road_compact_misses_total= compact_refused_el=0 compact_fallbacks=0 compact_bytes_median=- pool_order9=14336 par_pull_ms_median=0 build_total_ms_median2=52 road_compact_filled_blocks=0 road_compact_filled_median=- road_compact_fill_ms_median=- need_txns=0 fill_failed=0 ingest_rate_gate_open_median=- ingest_gate_open_intervals=0 ingest_slots_busy_median=- flood_rate= fill_asked_proposer=0 fill_asked_other=0 loop_lines=3240 loop_unnamed_ms_median=48 loop_body_served_ms_median=- loop_txns_served_ms_median=- import_exec_ms_median2=- pip_partition_ms=- pip_env_ms=- pip_batch_ms=- pip_groups_ms=- pip_gas_ms=- pip_merge_ms=- pip_receipts_ms=- pip_drop_ms=- pip_other_ms=- pip_total_ms=- senders_indexed_median=- road_senders_ms_median=- road_total_ms_median=- pew_ms_median=- pew_ms_p90= gate_ms_median=- gate_ms_p90= root_ms_p50=- root_ms_p90= two_roads=0 not_on_output=0 not_on_output_why= ckpt_ms_first_q=2 ckpt_ms_last_q=49 ckpt_bytes_last=34821804 parent_still_importing=1 root_wait_ms_p50=- root_wait_ms_p90= tenures_low_seal=23 seal_first_share=0.99 empty_over_deep=0 near_empty_warns=0 no_seal_why=_1_why="the_parallel_step_built_nothing" par_skipped_median=- usable_p5=2316500 ckpt_replay_ms_last_q=14 candidates_zero=0 dropped_ingest=0 let_go_warns=0 let_go_reasons= parked_p50=0 parked_max=0 held_warns=0 park_capped_total=0 superseded_builds=1 empty_not_superseded=0 mass_park_warns=0 heads_lines=0 holes_lines=0 stale_parent_refusals=1 par_groups_p5=0 cancelled_decided=0 heads_nonce0=0 stale_unconfirmed= handovers=1 el_panics=0 decided_cancelled=0 min_window_blocks=464 road_desc_blocks=0 road_desc_total_ms=- road_desc_copy_ms=- desc_misses=0 fill_failed2=0 sf_par_collect_ms=0 sf_par_commit_ms=0 sf_par_fold_ms=8 sf_par_graft_ms=0 sf_par_prefault_ms=0 sf_par_exec_ms=21 sf_sealed_at_ms=49 sf_roots_ms=31 sf_state_ready_ms=94 sf_total_ms=166 ba_find_ms=0 ba_queue_ms=0 ba_total_ms=52 ba_on_output=1456 queue_fold_us=0 queue_lock_us=89 sf_par_exec_ms=21 sf_par_fold_ms=8 pip_groups_ms=- import_exec_ms_median2=- reads_d0=0 reads_hist=0 f_reads_d0=- f_reads_hist=- f_overlay_depth=- L_read_set_ms=0 read_set_accounts=0 read_set_unresolved=0 read_set_hits=0 read_set_misses=0 start_best_ms=- par_prep_ms=- gap_before_exec_ms=- gap_after_exec_ms=- gap_before_seal_ms=- index_ms=- road_copy_aside_ms=- road_copy_wait_ms=- road_total_ms=- queue_first_miss=queue_first_miss=0:2543,queue_first_miss=18446744073709551615:1468 root_append_behind=0 populate_lag_mb=0 swap_used_g=0 root_faults=- root_faults_p90= root_faults_entries=0 root_faults_offsets=0 root_faults_index=0 root_faults_bits=0 root_faults_twigs=0 root_faults_undo=0 root_faults_tmp=0 root_append_faults=6 root_twig_pool_misses=0 batch_max_ms=8 batch_min_ms=2 batch_median_ms=4 batch_cpu_max_ms=8 batch_txs_max=2000 batch_txs_min=1500 batch_start_skew_ms=16 batch_wait_ms=0 loop_fetch_ns=0 loop_check_ns=0 loop_transfer_ns=0 loop_receipt_ns=0 loop_gas_ns=0 loop_sink_ns=0 loop_other_ns=0 batch_setup_ns=0 batch_close_ns=0 imp_exec_part_ms=- imp_exec_batches_ms=- imp_exec_graft_ms=- imp_exec_batches=- imp_exec_threads=- imp_exec_batch_max_ms=- imp_exec_batch_median_ms=- imp_parent_output_wait_ms=- road_parent_output_wait_ms=- next_start_gap_ms=1 next_entry_gap_ms=0 commit_body_ahead_used=- imp_exec_keys_ms=- imp_keys_ahead=- imp_exec_sink_ms=- imp_exec_pre_ms=- imp_exec_post_ms=- imp_exec_receipts_ms=- imp_exec_drop_ms=- root_gap_ms=- queue_whole=queue_whole=false:2543,queue_whole=true:1468 tick_tick_late_us=979 tick_preamble_us=340 tick_take_sealed_us=1 tick_sign_us=0 tick_cache_us=0 tick_presealed=- tick_describe_us=9 tick_publish_us=601 tick_tick_to_send_us=2000 road_check_ms=- road_check_include_us=- road_check_scan_us=- road_check_fold_us=- road_check_senders_us=- road_check_frames_summarized=- road_check_frames_scanned=- imp_exec_start_gap_us=- imp_gap_road_us=- imp_gap_header_us=- imp_gap_senders_us=- imp_gap_parent_us=- imp_gap_setup_us=- imp_gap_keys_wait_us=- sealed_at_p90= sealed_over_130=0 roots_ms=- cycle_p90= batch_max_ms=- batch_median_ms=- imp_batch_max=- forest_lock_warns=1471 root_seal_ms=1 root_seals=40 root_majflt=2538 roots_p90= gp_layer=1467 ggp_missing=227 state_wait_split=0/0/0/0:476,9/0/0/0:73,10/0/0/0:72 qmdb_releases=0 state_wait_on= imp_road_end_ms=- imp_exec_start_ms=- imp_exec_end_ms=- imp_root_end_ms=- imp_fields_ready_ms=- imp_parent_fields_wait_ms=- imp_exec_ms=- imp_root_ms=- imp_checks_ms=- imp_engine_ms=- imp_total_ms=- road_parent_fields_wait_ms=- exec_read_ms=0 L_exec_evm_ms=0 L_exec_write_ms=0 L_exec_other_ms=0 L_reads_cache=0 L_reads_provider=0 L_reads_view=0 L_graft_base_ms=0 L_graft_reserve_ms=0 L_graft_insert_ms=0 L_graft_reverts_ms=0 L_graft_other_ms=0 L_par_exec_ms=21 L_par_graft_ms=0 F_exec_read_ms=- F_exec_evm_ms=- F_exec_write_ms=- F_exec_other_ms=- F_reads_cache=- F_reads_provider=- F_reads_view=- F_groups_ms=- L_tx_root_wait_ms=0 L_par_exec_ms=21 L_par_graft_ms=0 L_par_fold_ms=8 L_sealed_ms=7 L_state_ready_ms=94 L_roots_ms=31 L_finish_ms=102 L_total_ms=166 L_setup_ms=0 L_par_pull_ms=0 L_give_back_ms=0 L_state_wait_ms=6 L_state_after_pull=1458 L_seal_at_exec=1458 L_tx_root_ahead=0 flood_w1=3200591 txs_p10=200000 acq_us=465 slots_busy=13 ingest_rate=3180093 L_scope_join_ms=0 L_par_release_ms=0 L_commit_body_ms=0 L_par_commit_ms=0 L_give_back_ms=0 L_sealed_ms=7 L_par_exec_ms=21 L_state_wait_ms=6 L_par_pull_ms=0 L_par_prep_ms=0 L_par_start_ms=4 L_pre_exec_ms=0 L_par_run_ms=29 L_sealed_at_ms=49 F_partition_ms=- F_env_ms=- F_groups_ms=- F_merge_ms=- F_reverts_wait_ms=- F_ahead_wait_ms=- F_total_ms=- I_engine_ms=- I_root_ms=- I_total_ms=- H_engine_remember_ms=- H_engine_listing_ms=- H_engine_new_payload_ms=- busy_us=1 L_par_start_ms=4 L_start_handoff_ms=0 L_start_best_ms=4 L_start_puller_ms=0 L_par_pull_ms=0 L_par_prep_ms=0 L_state_wait_ms=6 L_par_exec_ms=21 L_par_commit_ms=0 L_sealed_ms=7 L_sealed_at_ms=49 L_par_graft_ms=0 L_graft_insert_ms=0 L_graft_reverts_ms=0 L_graft_split_us=0 L_graft_build_us=0 L_graft_merge_us=0 L_state_ready_ms=94 Q_queue_ms=0 R_dispatch_wait_ms=- R_total_ms=- R_road_runtime=1 gate_holds=0 peer_fetch=0 pool_limit=limit=4 gate_opened=gate_opened_for_block=0 I_root_ms=- flood_rate_hdr=rate=6000000/s fills=0 fill_waited=- slots_busy=13 acq_us=465 busy_us=1 converged=0 fallbacks=0 busy_us=1 recover_us=0 tf_on_output=3 tf_fallback=0 still_importing=1 busy_us=1 slots_busy=13 batches=altsig_txs=0 altsig_batches=0 tf_on_output=3 tf_fallback=0 gate_holds=0 sign_s=sign 0s replay_note=replay       : 64 files from /data/n42-pregen/g900000-400m, 400000000 transactio sign_s=sign 0s shard=shard_verified=0 shard_claimed=0 road_verified=- slots_busy=13 gate_us=7012 reply_us=7569 queued=2478000 assemble_ms=- road_take_ms=- road_body_ms=- road_encode_ms=- shards=16 shard_insert_ms=0 shard_wait_ms=0 shard_fold_ms=13 shard_append_ms=16 shard_merge_ms=58 state_ready_ms=94 roots_ms=31 exec_read_ms=0 exec_evm_ms=0 exec_write_ms=0 exec_other_ms=0 reads_cache=0 reads_provider=0 reads_view=0 par_run_ms=29 fold_task_cpu_max_us=13355 fold_task_minflt_max=1 fold_task_minflt_sum=1 fold_task_migrated=0 fold_task_nivcsw_max=0 fold_index=1 fold_index_build_ms=13 fold_index_conflicts=8279 fold_queue_us=63 fold_skew_us=36 fold_task_max_us=13351 fold_tail_us=18 start_best_ms=4 start_select_ms=0 start_walk_ms=0 start_walk_check_ms=0 start_best_other_ms=0 start_frames_by_ref=0 start_frames_slow=0 start_pull_ms=0 start_other_ms=0 start_handoff_ms=0 par_start_ms=4 par_prep_ms=0 par_commit_ms=0 commit_body_ms=0 par_fold_ms=8 sealed_ms=7 copy_ms=- prune_ms=0 frames=- frames_missing=- frame_root_ms=- root_ms=- frames_admitted=frames_admitted=582726 frames_unaligned=0 frame_root_indexed=- seal_layout_ms=0 seal_root_ms=0 attested= busy_us=1 slots_busy=13 reply_us=7569 prune_ms=0 body_refused=0 body_failed_late=0
loop348K7b win1 tps=3,193,333 txs=95,800,000 blocks= 479 cycle=0.063s occupancy=100.0% full(>=95%)=478/479 basefee=n/a (from the layer's log)
loop348K7b win2 tps=3,106,667 txs=93,200,000 blocks= 466 cycle=0.064s occupancy=100.0% full(>=95%)=466/466 basefee=n/a (from the layer's log)
loop348K7b win3 tps=3,093,333 txs=92,800,000 blocks= 464 cycle=0.065s occupancy=100.0% full(>=95%)=464/464 basefee=n/a (from the layer's log)
loop348K7b tps=3,193,333 round_txs=281800000 cycles_w1=
loop348K7b imp_fields_p90= b_p75=5
loop348K7b overlay: filter_skips=0 probes=0 ratio=- (ratio = skips/(skips+probes))
loop348K7b overlay_manager:       1 state_trie_overlay=false  state-ovly_cpu=0
loop348K7b verify: written to /data/blockchain/rust-fleet7-bench/bench-loop348K7b/verify.json
== validator memory at flood +70 s (loop348K7b)
validators 7: RSS sum 0.9 G, max 0.16 G, mean 0.13 G; threads 273 (mean 39)
one validator (pid 277192):
VmHWM:	  122700 kB
VmRSS:	  122700 kB
RssAnon:	  106812 kB
RssFile:	   15888 kB
RssShmem:	       0 kB
Threads:	39
Rss:              122700 kB
Private_Dirty:    106812 kB
Anonymous:        106812 kB
AnonHugePages:         0 kB
threads by name:
     33 h2_validator
      4 tokio-rt-worker
      1 n42-qmdb-prefau
      1 futures-timer
largest mappings by Rss:
32672  736a99800000-736a9d400000
20244  736aa4300000-736aa5800000
12624  736aa6280000-736aa7800000
11020 /data/n42-build/target-n42-rs/native/release/examples/h2_validator 5f21fb23d000-5f21fc0d5000
10380  736a9d800000-736a9e800000
9108  736aa5900000-736aa6200000
8864  736aa1200000-736aa2c00000
2812  736aa9200000-736aab000000
RSS of all validators, sorted:
min 122.32 MB median 122.608 MB max 155.828 MB
== many-keys report loop348K7b
== loop348K7b: 7 validator logs, f=2, quorum 5
1. the leaders' commit lines
  R1_collect (proposal -> prepare QC): n=4351 p50 5.0 p90 27.0 p99 77.0 max 144.0 ms
  R2_collect (prepare QC -> commit QC): n=4351 p50 5.0 p90 6.0 p99 12.0 max 18.0 ms
  total (proposal -> commit): n=4351 p50 61.0 p90 71.0 p99 125.0 max 677.0 ms
  votes at formation: R1 median 5 max 5 (quorum 5); R2 median 5 max 5
2. vote collection at the traced leaders (first vote -> quorum -> last vote)
 R1 (vote), 3071 views:
    proposal -> first vote: n=3071 p50 2.2 p90 32.0 p99 79.5 max 141.9 ms
    first vote -> quorum: n=3070 p50 2.2 p90 2.4 p99 2.8 max 5.3 ms
    quorum -> last vote: n=3070 p50 1.8 p90 2.0 p99 7.7 max 10.8 ms
    proposal -> last vote (the slowest key): n=3071 p50 6.3 p90 36.5 p99 84.2 max 145.8 ms
   views with fewer than 6 votes received: 1
 R2 (commit_vote), 3070 views:
    proposal -> first vote: n=3070 p50 8.3 p90 39.1 p99 86.6 max 147.8 ms
    first vote -> quorum: n=3070 p50 2.2 p90 2.3 p99 2.5 max 6.7 ms
    quorum -> last vote: n=3070 p50 0.9 p90 0.9 p99 1.1 max 11.0 ms
    proposal -> last vote (the slowest key): n=3070 p50 11.4 p90 42.2 p99 89.7 max 151.1 ms
   views with fewer than 6 votes received: 0
3. the straggler rule and the loop
  proposal interval (same leader, consecutive views): n=4347 p50 61.4 p90 62.2 p99 88.3 max 6050.0 ms; >= 500 ms: 2
  no `slow step` lines
4. gossip propagation (proposal sent -> received at a traced follower)
    proposal arrival delay: n=9985 p50 0.2 p90 0.3 p99 0.7 max 10.1 ms
4b. the new fields (docs/E1_MANY_KEYS.md section 6), leaders' `block committed!` and `proposal sent` lines
    verify_us: n=4351 p50 6562.0 p90 6804.0 p99 7092.0 max 10967.0 us
    verify_n: n=4351 p50 10.0 p90 10.0 p99 10.0 max 10.0 
    verify_batches: n=4351 p50 0.0 p90 0.0 p99 0.0 max 0.0 
  verify_fallbacks: total 0 over 4351 blocks
    inbound_queue_max: n=4351 p50 0.0 p90 0.0 p99 0.0 max 0.0 
    gossip_poll_us: n=4351 p50 382.0 p90 412.0 p99 628.0 max 1239.0 us
  straggler_waits (cumulative per leader log, summed over 5 leaders): 0; waits with straggler_wait_us > 0: 0 of 4352 proposals, none
  direct votes at the leaders: received 0 (duplicates dropped 0); sent by those nodes 0, fallbacks to gossip 0; leaders led 4352 views = 52224 vote messages expected (2 rounds x 6); direct share of those 0.0%
5. validators
validators n=7: cpu total 1.23 cores, per key mean 0.176 median 0.157 max 0.217 (key 1) min 0.157; rss per key peak mean 0.133 max 0.195 G, sum of peaks 0.9 G; threads per key mean 39, total 273
libp2p connections (last census of 5): 42 in all (a full mesh of 7 is 21); sockets per process min 6 median 6 max 6
== loop348K7b  (E=1: seven validator keys on one execution layer)
  window 1: canonical 480 blocks, 96.0M tx = 3,198,933/s (100.0% of window 1), full 478/480 (100%); cycle mean/median/p90 62.3/61.4/66.7 ms
    leader builds 481: sealed_at median/p90/p99 48/66/91; phases median/p90 ms: gap_before_exec 7/25, state_wait 6/25, par 50/74, par_exec 22/27, roots 29/41, parent_fields 4/18, sealed 5/19
    state_wait_on {'output': 277, 'none': 161, 'grandparent': 43}; builds with state_wait > 20 ms: 63 ([('grandparent', 40), ('output', 23)]); gp_layer {1.0: 481}, ggp_missing {0.0: 431, 1.0: 50}
    queue at the builds min/median 972,500/2,517,500
    new field batch_cpu_sum_us: median/p90/max 594335.0/731037.0/1611974, nonzero 481
    new field batch_dispatch_us: median/p90/max 224.0/321.0/533, nonzero 481
    new field batch_first_start_us: median/p90/max 79.0/121.0/296, nonzero 481
    new field batch_ivcsw: median/p90/max 1.0/6.0/22, nonzero 294
    new field batch_last_end_us: median/p90/max 22072.0/27511.0/54197, nonzero 481
    new field batch_last_start_us: median/p90/max 16889.0/20465.0/47910, nonzero 481
    new field batch_live_deferred: median/p90/max 71.0/79.0/86, nonzero 481
    new field batch_live_lock_hold_us: median/p90/max 10299.0/12004.0/15884, nonzero 481
    new field batch_live_lock_wait_us: median/p90/max 0.0/0.0/0, nonzero 0
    new field batch_live_lock_waits: median/p90/max 0.0/0.0/0, nonzero 0
    new field batch_majflt: median/p90/max 0.0/0.0/0, nonzero 0
    new field batch_minflt: median/p90/max 795.0/7251.0/25417, nonzero 481
    new field batch_open_max_us: median/p90/max 420.0/502.0/1210, nonzero 481
    new field batch_open_sum_us: median/p90/max 9988.0/12521.0/16327, nonzero 481
    new field batch_threads: median/p90/max 32.0/32.0/32, nonzero 481
    new field batch_vcsw: median/p90/max 162.0/474.0/866, nonzero 481
    new field batch_view_index_wait_us: median/p90/max 0.0/19862.0/55970, nonzero 107
    new field batch_view_index_waits: median/p90/max 0.0/274.0/629, nonzero 107
    new field batch_view_slot_wait_us: median/p90/max 0.0/2006.0/4860, nonzero 116
    new field batch_view_slot_waits: median/p90/max 0.0/53.0/112, nonzero 116
    new field batch_wall_sum_us: median/p90/max 605335.0/738294.0/1614407, nonzero 481
    new field batches: median/p90/max 128.0/128.0/128, nonzero 481
    new field build_batches: median/p90/max 128.0/128.0/128, nonzero 481
    new field carried_depth: median/p90/max 1.0/1.0/1, nonzero 481
    new field exec_end_to_seal_us: median/p90/max 91.0/139.0/291, nonzero 481
    new field exec_partition_us: median/p90/max 6.0/9.0/1409, nonzero 481
    new field exec_prepared_groups: {'true': 477, 'false': 4}
    new field exec_prepared_slots: {'true': 477, 'false': 4}
    new field exec_slots_us: median/p90/max 0.0/0.0/1371, nonzero 5
    new field freeze_join_wait_us: median/p90/max 9663.0/19268.0/31204, nonzero 481
    new field freeze_late: {'true': 481}
    new field freeze_pool_own: {'true': 481}
    new field live_index_defer: {'true': 481}
    new field merge_accounts: median/p90/max 191176.0/194464.0/198184, nonzero 481
    new field merge_append_us: median/p90/max 3719.0/6896.0/17182, nonzero 481
    new field merge_early: {'false': 481}
    new field merge_join_wait_us: median/p90/max 0.0/0.0/0, nonzero 0
    new field merge_reverts: median/p90/max 191176.0/194464.0/198184, nonzero 481
    new field merge_reverts_us: median/p90/max 14503.0/19407.0/36188, nonzero 481
    new field merge_state_us: median/p90/max 38194.0/46196.0/75250, nonzero 481
    new field merge_tail_us: median/p90/max 0.0/0.0/1, nonzero 12
    new field merge_threads: median/p90/max 1.0/1.0/1, nonzero 481
    new field one_wave: {'false': 481}
    new field open_engine_us: median/p90/max 0.0/3279.0/66842, nonzero 50
    new field open_fallback: {'false': 431, 'true': 50}
    new field open_keep_us: median/p90/max 6.0/10.0/35, nonzero 481
    new field open_kept_accounts: median/p90/max 572834.0/581120.0/588466, nonzero 481
    new field open_layers: median/p90/max 3.0/3.0/3, nonzero 481
    new field open_provider_us: median/p90/max 97.0/170.0/499, nonzero 481
    new field plan_age_us: median/p90/max 46244.0/97254.0/120989, nonzero 481
    new field plan_ahead: median/p90/max 1.0/1.0/2, nonzero 481
    new field plan_body: median/p90/max 1.0/1.0/2, nonzero 480
    new field plan_body_us: median/p90/max 16142.0/19147.0/22107, nonzero 477
    new field plan_discard: {'': 481}
    new field plan_prep_us: median/p90/max 6762.0/12541.0/28051, nonzero 481
    new field plan_topup_txs: median/p90/max 0.0/0.0/92000, nonzero 1
    new field prep_from_plan: {'true': 477, 'false': 4}
    new field prev_seal_to_answer_us: median/p90/max 1613.0/2599.0/5270, nonzero 481
    new field prev_seal_to_entry_us: median/p90/max 0.0/0.0/0, nonzero 0
    new field prev_seal_to_header_us: median/p90/max 189.0/287.0/1748, nonzero 481
    new field prev_seal_to_import_us: median/p90/max 108790.0/141806.0/187455, nonzero 464
    new field prev_seal_to_request_us: median/p90/max 935.0/66690.0/85477, nonzero 481
    new field prev_seal_to_start_us: median/p90/max 1224.0/66943.0/85691, nonzero 481
    new field pull_bulk_txs: median/p90/max 200000.0/200000.0/200000, nonzero 481
    new field pull_bulk_us: median/p90/max 5.0/8.0/1322, nonzero 481
    new field receipts_late: {'false': 481}
    new field receipts_late_wait_us: median/p90/max 0.0/0.0/0, nonzero 0
    new field rename_fallbacks: median/p90/max 0.0/0.0/0, nonzero 0
    new field rename_record_waits: median/p90/max 0.0/0.0/0, nonzero 0
    new field root_apply_gap_us: median/p90/max 10.0/12.0/30, nonzero 481
    new field root_apply_total_us: median/p90/max 20389.0/28906.0/44111, nonzero 481
    new field root_compute_us: median/p90/max 22181.0/31910.0/46884, nonzero 481
    new field root_delta_us: median/p90/max 1105.0/2350.0/13236, nonzero 481
    new field root_index_us: median/p90/max 2583.0/4723.0/14038, nonzero 481
    new field root_leaves_us: median/p90/max 6716.0/11089.0/24645, nonzero 481
    new field root_note_us: median/p90/max 146.0/207.0/1543, nonzero 481
    new field root_ops_ahead: {'true': 481}
    new field root_ops_ahead_wait_us: median/p90/max 2804.0/8789.0/26921, nonzero 481
    new field root_ops_concat_us: median/p90/max 0.0/0.0/0, nonzero 0
    new field root_ops_encode_us: median/p90/max 5277.0/9408.0/26067, nonzero 481
    new field root_ops_finish_us: median/p90/max 2282.0/2950.0/9330, nonzero 481
    new field root_ops_sort_us: median/p90/max 3052.0/6726.0/16729, nonzero 481
    new field root_ops_us: median/p90/max 5168.0/11217.0/29682, nonzero 481
    new field root_rehash_us: median/p90/max 1382.0/1867.0/12075, nonzero 481
    new field root_retire_us: median/p90/max 1621.0/2651.0/7821, nonzero 481
    new field root_sort_us: median/p90/max 197.0/443.0/5132, nonzero 481
    new field root_undo_us: median/p90/max 349.0/613.0/3073, nonzero 481
    new field root_writes_us: median/p90/max 6721.0/9360.0/18447, nonzero 481
    new field seal_hashes_ahead: {'true': 481}
    new field seal_on_counters: {'true': 481}
    new field seal_to_complete_us: median/p90/max 107364.0/125695.0/150243, nonzero 481
    new field seal_to_frozen_us: median/p90/max 9606.0/19194.0/31165, nonzero 373
    new field seal_to_merge_end_us: median/p90/max 107268.0/125600.0/150117, nonzero 481
    new field seal_to_merge_start_us: median/p90/max 49833.0/61530.0/74359, nonzero 481
    new field seal_to_ops_ahead_us: median/p90/max 21426.0/31480.0/44840, nonzero 481
    new field seal_to_shards_ready_us: median/p90/max 14734.0/23514.0/35130, nonzero 481
    new field seal_to_state_ready_us: median/p90/max 107278.0/125608.0/150126, nonzero 481
    new field sealed_unix_us: median/p90/max 1791447336816738.0/1791447348882384.0/1791447351930150, nonzero 481
    new field start_walk_check_us: median/p90/max 0.0/0.0/149, nonzero 1
    new field start_walk_ids_us: median/p90/max 0.0/0.0/184, nonzero 1
    new field start_walk_settle_us: median/p90/max 0.0/0.0/1, nonzero 1
    new field start_walk_us: median/p90/max 0.0/0.0/2576, nonzero 1
    new field state_wait_us: median/p90/max 6807.0/25510.0/76619, nonzero 481
    new field view_journal_reads: median/p90/max 4096.0/86016.0/184320, nonzero 241
    new field view_journal_searches: median/p90/max 10960.0/242677.0/425652, nonzero 241
    new field view_journal_skips: median/p90/max 0.0/0.0/0, nonzero 0
    new field whole_take_noted: {'true': 481}
    binding wait (tick / quorum / seal share, mean cycle): tick 100% (62); quorum 0%; seal 0% (80); feed-bound (blocks under 95% of the tier): 2 of 480
    slowest key vote delay median/p90 3.5/38.1 ms
    engine own-import total_ms per block median/p90/max 34/51/83 (n=479)
    layer RSS 5.5 -> 27.4 G (max 27.4), in-memory blocks max 10
    execution layer cores busy 35.2    validators cores busy 1.2
    flood delivered (median per 5 s over the leg) 3,198,823/s
  window 2: canonical 466 blocks, 93.2M tx = 3,106,667/s (97.1% of window 1), full 466/466 (100%); cycle mean/median/p90 61.9/61.2/65.9 ms
    leader builds 466: sealed_at median/p90/p99 50/69/102; phases median/p90 ms: gap_before_exec 5/31, state_wait 5/31, par 50/71, par_exec 21/27, roots 31/47, parent_fields 6/22, sealed 7/23
    state_wait_on {'output': 232, 'none': 161, 'grandparent': 71, 'layer_release': 2}; builds with state_wait > 20 ms: 62 ([('grandparent', 58), ('output', 4)]); gp_layer {1.0: 466}, ggp_missing {0.0: 391, 1.0: 75}
    queue at the builds min/median 2,207,000/2,515,000
    new field batch_cpu_sum_us: median/p90/max 576415.0/696383.0/2458394, nonzero 466
    new field batch_dispatch_us: median/p90/max 235.0/328.0/1175, nonzero 466
    new field batch_first_start_us: median/p90/max 76.0/121.0/289, nonzero 466
    new field batch_ivcsw: median/p90/max 1.0/6.0/17, nonzero 263
    new field batch_last_end_us: median/p90/max 21546.0/26977.0/83797, nonzero 466
    new field batch_last_start_us: median/p90/max 16464.5/19815.0/69270, nonzero 466
    new field batch_live_deferred: median/p90/max 72.5/80.0/184, nonzero 466
    new field batch_live_lock_hold_us: median/p90/max 10169.5/12043.0/25448, nonzero 466
    new field batch_live_lock_wait_us: median/p90/max 0.0/0.0/0, nonzero 0
    new field batch_live_lock_waits: median/p90/max 0.0/0.0/0, nonzero 0
    new field batch_majflt: median/p90/max 0.0/0.0/0, nonzero 0
    new field batch_minflt: median/p90/max 791.5/10888.0/35063, nonzero 466
    new field batch_open_max_us: median/p90/max 420.5/509.0/974, nonzero 466
    new field batch_open_sum_us: median/p90/max 10259.0/12761.0/29165, nonzero 466
    new field batch_threads: median/p90/max 32.0/32.0/32, nonzero 466
    new field batch_vcsw: median/p90/max 168.0/549.0/980, nonzero 466
    new field batch_view_index_wait_us: median/p90/max 0.0/23396.0/59013, nonzero 128
    new field batch_view_index_waits: median/p90/max 0.0/314.0/721, nonzero 128
    new field batch_view_slot_wait_us: median/p90/max 0.0/2040.0/4080, nonzero 129
    new field batch_view_slot_waits: median/p90/max 0.0/64.0/140, nonzero 130
    new field batch_wall_sum_us: median/p90/max 587196.5/714688.0/2460179, nonzero 466
    new field batches: median/p90/max 128.0/128.0/128, nonzero 466
    new field build_batches: median/p90/max 128.0/128.0/128, nonzero 466
    new field carried_depth: median/p90/max 1.0/1.0/1, nonzero 466
    new field exec_end_to_seal_us: median/p90/max 90.0/139.0/391, nonzero 466
    new field exec_partition_us: median/p90/max 6.0/9.0/2784, nonzero 466
    new field exec_prepared_groups: {'true': 463, 'false': 3}
    new field exec_prepared_slots: {'true': 463, 'false': 3}
    new field exec_slots_us: median/p90/max 0.0/0.0/1584, nonzero 3
    new field freeze_join_wait_us: median/p90/max 6926.5/14655.0/18760, nonzero 465
    new field freeze_late: {'true': 466}
    new field freeze_pool_own: {'true': 466}
    new field live_index_defer: {'true': 466}
    new field merge_accounts: median/p90/max 192458.5/195565.0/198861, nonzero 466
    new field merge_append_us: median/p90/max 3640.0/7388.0/16535, nonzero 466
    new field merge_early: {'false': 466}
    new field merge_join_wait_us: median/p90/max 0.0/0.0/0, nonzero 0
    new field merge_reverts: median/p90/max 192458.5/195565.0/198861, nonzero 466
    new field merge_reverts_us: median/p90/max 14846.5/19791.0/30600, nonzero 466
    new field merge_state_us: median/p90/max 38932.5/48009.0/74633, nonzero 466
    new field merge_tail_us: median/p90/max 0.0/0.0/1, nonzero 19
    new field merge_threads: median/p90/max 1.0/1.0/1, nonzero 466
    new field one_wave: {'false': 466}
    new field open_engine_us: median/p90/max 0.0/20221.0/70595, nonzero 75
    new field open_fallback: {'false': 391, 'true': 75}
    new field open_keep_us: median/p90/max 6.0/9.0/5387, nonzero 466
    new field open_kept_accounts: median/p90/max 576843.0/584325.0/591267, nonzero 466
    new field open_layers: median/p90/max 3.0/3.0/3, nonzero 466
    new field open_provider_us: median/p90/max 97.0/158.0/448, nonzero 466
    new field plan_age_us: median/p90/max 47016.0/97673.0/343204, nonzero 465
    new field plan_ahead: median/p90/max 1.0/1.0/1, nonzero 465
    new field plan_body: median/p90/max 1.0/1.0/2, nonzero 465
    new field plan_body_us: median/p90/max 16264.5/20050.0/25086, nonzero 463
    new field plan_discard: {'': 465, 'not_on_its_parent': 1}
    new field plan_prep_us: median/p90/max 7162.5/13847.0/32926, nonzero 465
    new field plan_topup_txs: median/p90/max 0.0/0.0/0, nonzero 0
    new field prep_from_plan: {'true': 463, 'false': 3}
    new field prev_seal_to_answer_us: median/p90/max 1976.5/3288.0/8978, nonzero 465
    new field prev_seal_to_entry_us: median/p90/max 0.0/0.0/0, nonzero 0
    new field prev_seal_to_header_us: median/p90/max 225.0/358.0/1758, nonzero 465
    new field prev_seal_to_import_us: median/p90/max 120417.0/148090.0/190995, nonzero 438
    new field prev_seal_to_request_us: median/p90/max 1007.0/65961.0/80546, nonzero 465
    new field prev_seal_to_start_us: median/p90/max 1323.0/66279.0/80909, nonzero 465
    new field pull_bulk_txs: median/p90/max 200000.0/200000.0/200000, nonzero 466
    new field pull_bulk_us: median/p90/max 5.0/9.0/2448, nonzero 466
    new field receipts_late: {'false': 466}
    new field receipts_late_wait_us: median/p90/max 0.0/0.0/0, nonzero 0
    new field rename_fallbacks: median/p90/max 0.0/0.0/0, nonzero 0
    new field rename_record_waits: median/p90/max 0.0/0.0/0, nonzero 0
    new field root_apply_gap_us: median/p90/max 10.0/13.0/23, nonzero 466
    new field root_apply_total_us: median/p90/max 21803.5/31660.0/49109, nonzero 466
    new field root_compute_us: median/p90/max 23948.5/34376.0/78467, nonzero 466
    new field root_delta_us: median/p90/max 1161.5/2170.0/11313, nonzero 466
    new field root_index_us: median/p90/max 2744.5/6149.0/17848, nonzero 466
    new field root_leaves_us: median/p90/max 6906.5/11176.0/22788, nonzero 466
    new field root_note_us: median/p90/max 146.0/207.0/1053, nonzero 466
    new field root_ops_ahead: {'true': 466}
    new field root_ops_ahead_wait_us: median/p90/max 2506.0/9246.0/23922, nonzero 466
    new field root_ops_concat_us: median/p90/max 0.0/0.0/0, nonzero 0
    new field root_ops_encode_us: median/p90/max 5427.5/9931.0/22615, nonzero 466
    new field root_ops_finish_us: median/p90/max 2332.5/3328.0/8335, nonzero 466
    new field root_ops_sort_us: median/p90/max 3074.0/7024.0/21871, nonzero 466
    new field root_ops_us: median/p90/max 5039.5/11664.0/25770, nonzero 466
    new field root_rehash_us: median/p90/max 2056.5/2807.0/18218, nonzero 466
    new field root_retire_us: median/p90/max 1503.0/2631.0/7768, nonzero 466
    new field root_sort_us: median/p90/max 192.0/419.0/4102, nonzero 466
    new field root_undo_us: median/p90/max 329.5/668.0/3108, nonzero 466
    new field root_writes_us: median/p90/max 6861.0/10115.0/23553, nonzero 466
    new field seal_hashes_ahead: {'true': 466}
    new field seal_on_counters: {'true': 466}
    new field seal_to_complete_us: median/p90/max 110455.0/129008.0/175615, nonzero 466
    new field seal_to_frozen_us: median/p90/max 6883.0/14612.0/18695, nonzero 318
    new field seal_to_merge_end_us: median/p90/max 110354.5/128922.0/175470, nonzero 466
    new field seal_to_merge_start_us: median/p90/max 49824.0/64126.0/99421, nonzero 466
    new field seal_to_ops_ahead_us: median/p90/max 20088.5/28322.0/44991, nonzero 466
    new field seal_to_shards_ready_us: median/p90/max 13652.0/19692.0/24817, nonzero 466
    new field seal_to_state_ready_us: median/p90/max 110359.5/128932.0/175478, nonzero 466
    new field sealed_unix_us: median/p90/max 1791447367340758.0/1791447379087353.0/1791447381904771, nonzero 466
    new field start_walk_check_us: median/p90/max 0.0/0.0/117, nonzero 1
    new field start_walk_ids_us: median/p90/max 0.0/0.0/406, nonzero 1
    new field start_walk_settle_us: median/p90/max 0.0/0.0/0, nonzero 0
    new field start_walk_us: median/p90/max 0.0/0.0/4445, nonzero 1
    new field state_wait_us: median/p90/max 5119.0/31277.0/78645, nonzero 466
    new field view_journal_reads: median/p90/max 0.0/77824.0/143360, nonzero 224
    new field view_journal_searches: median/p90/max 0.0/216689.0/429716, nonzero 224
    new field view_journal_skips: median/p90/max 0.0/0.0/0, nonzero 0
    new field whole_take_noted: {'true': 466}
    binding wait (tick / quorum / seal share, mean cycle): tick 99% (61); quorum 1% (114); seal 0%; feed-bound (blocks under 95% of the tier): 0 of 466
    slowest key vote delay median/p90 11.1/38.7 ms
    engine own-import total_ms per block median/p90/max 43/66/90 (n=466)
    layer RSS 26.6 -> 35.0 G (max 35.0), in-memory blocks max 10
    execution layer cores busy 34.3    validators cores busy 1.2
  window 3: canonical 464 blocks, 92.8M tx = 3,093,333/s (96.7% of window 1), full 464/464 (100%); cycle -
    leader builds 463: sealed_at median/p90/p99 50/79/99; phases median/p90 ms: gap_before_exec 8/49, state_wait 7/49, par 53/86, par_exec 22/27, roots 31/46, parent_fields 6/25, sealed 7/26
    state_wait_on {'none': 129, 'grandparent': 91, 'output': 242, 'open': 1}; builds with state_wait > 20 ms: 87 ([('grandparent', 81), ('output', 6)]); gp_layer {1.0: 463}, ggp_missing {0.0: 367, 1.0: 96}
    queue at the builds min/median 2,251,500/2,516,000
    new field batch_cpu_sum_us: median/p90/max 593775.0/724964.0/1402565, nonzero 463
    new field batch_dispatch_us: median/p90/max 223.0/326.0/1671, nonzero 463
    new field batch_first_start_us: median/p90/max 76.0/119.0/222, nonzero 463
    new field batch_ivcsw: median/p90/max 1.0/7.0/30, nonzero 265
    new field batch_last_end_us: median/p90/max 22135.0/27129.0/51543, nonzero 463
    new field batch_last_start_us: median/p90/max 16881.0/20575.0/40211, nonzero 463
    new field batch_live_deferred: median/p90/max 74.0/86.0/436, nonzero 463
    new field batch_live_lock_hold_us: median/p90/max 10891.0/13491.0/76415, nonzero 463
    new field batch_live_lock_wait_us: median/p90/max 0.0/0.0/0, nonzero 0
    new field batch_live_lock_waits: median/p90/max 0.0/0.0/0, nonzero 0
    new field batch_majflt: median/p90/max 0.0/0.0/1, nonzero 2
    new field batch_minflt: median/p90/max 943.0/10563.0/29864, nonzero 463
    new field batch_open_max_us: median/p90/max 431.0/534.0/2505, nonzero 463
    new field batch_open_sum_us: median/p90/max 10527.0/13094.0/22917, nonzero 463
    new field batch_threads: median/p90/max 32.0/32.0/32, nonzero 463
    new field batch_vcsw: median/p90/max 175.0/473.0/838, nonzero 463
    new field batch_view_index_wait_us: median/p90/max 0.0/17779.0/50414, nonzero 116
    new field batch_view_index_waits: median/p90/max 0.0/260.0/566, nonzero 116
    new field batch_view_slot_wait_us: median/p90/max 0.0/1818.0/3548, nonzero 119
    new field batch_view_slot_waits: median/p90/max 0.0/52.0/104, nonzero 119
    new field batch_wall_sum_us: median/p90/max 601914.0/737249.0/1404851, nonzero 463
    new field batches: median/p90/max 128.0/128.0/128, nonzero 463
    new field build_batches: median/p90/max 128.0/128.0/128, nonzero 463
    new field carried_depth: median/p90/max 1.0/1.0/1, nonzero 463
    new field exec_end_to_seal_us: median/p90/max 94.0/149.0/520, nonzero 463
    new field exec_partition_us: median/p90/max 6.0/9.0/1349, nonzero 463
    new field exec_prepared_groups: {'true': 459, 'false': 4}
    new field exec_prepared_slots: {'true': 459, 'false': 4}
    new field exec_slots_us: median/p90/max 0.0/0.0/2238, nonzero 4
    new field freeze_join_wait_us: median/p90/max 7874.0/15428.0/27475, nonzero 463
    new field freeze_late: {'true': 463}
    new field freeze_pool_own: {'true': 463}
    new field live_index_defer: {'true': 463}
    new field merge_accounts: median/p90/max 192030.0/195144.0/198218, nonzero 463
    new field merge_append_us: median/p90/max 3556.0/8265.0/17682, nonzero 463
    new field merge_early: {'false': 463}
    new field merge_join_wait_us: median/p90/max 0.0/0.0/0, nonzero 0
    new field merge_reverts: median/p90/max 192030.0/195144.0/198218, nonzero 463
    new field merge_reverts_us: median/p90/max 15063.0/19663.0/30568, nonzero 463
    new field merge_state_us: median/p90/max 40044.0/48510.0/64450, nonzero 463
    new field merge_tail_us: median/p90/max 0.0/0.0/1, nonzero 19
    new field merge_threads: median/p90/max 1.0/1.0/1, nonzero 463
    new field one_wave: {'false': 463}
    new field open_engine_us: median/p90/max 0.0/40228.0/80280, nonzero 96
    new field open_fallback: {'false': 367, 'true': 96}
    new field open_keep_us: median/p90/max 6.0/9.0/26, nonzero 463
    new field open_kept_accounts: median/p90/max 576276.0/582264.0/587594, nonzero 463
    new field open_layers: median/p90/max 3.0/3.0/3, nonzero 463
    new field open_provider_us: median/p90/max 96.0/184.0/2052, nonzero 463
    new field plan_age_us: median/p90/max 50003.0/97309.0/145381, nonzero 463
    new field plan_ahead: median/p90/max 1.0/1.0/1, nonzero 463
    new field plan_body: median/p90/max 1.0/1.0/2, nonzero 463
    new field plan_body_us: median/p90/max 17348.0/20346.0/25261, nonzero 459
    new field plan_discard: {'': 463}
    new field plan_prep_us: median/p90/max 7049.0/13494.0/28325, nonzero 463
    new field plan_topup_txs: median/p90/max 0.0/0.0/0, nonzero 0
    new field prep_from_plan: {'true': 459, 'false': 4}
    new field prev_seal_to_answer_us: median/p90/max 1792.0/3111.0/7057, nonzero 463
    new field prev_seal_to_entry_us: median/p90/max 0.0/0.0/0, nonzero 0
    new field prev_seal_to_header_us: median/p90/max 191.0/338.0/1646, nonzero 463
    new field prev_seal_to_import_us: median/p90/max 119788.0/154422.0/200863, nonzero 412
    new field prev_seal_to_request_us: median/p90/max 930.0/64231.0/89817, nonzero 463
    new field prev_seal_to_start_us: median/p90/max 1246.0/64591.0/90104, nonzero 463
    new field pull_bulk_txs: median/p90/max 200000.0/200000.0/200000, nonzero 463
    new field pull_bulk_us: median/p90/max 5.0/8.0/1273, nonzero 463
    new field receipts_late: {'false': 463}
    new field receipts_late_wait_us: median/p90/max 0.0/0.0/0, nonzero 0
    new field rename_fallbacks: median/p90/max 0.0/0.0/0, nonzero 0
    new field rename_record_waits: median/p90/max 0.0/0.0/0, nonzero 0
    new field root_apply_gap_us: median/p90/max 10.0/13.0/21, nonzero 463
    new field root_apply_total_us: median/p90/max 22021.0/30491.0/57451, nonzero 463
    new field root_compute_us: median/p90/max 24304.0/33304.0/58948, nonzero 463
    new field root_delta_us: median/p90/max 1195.0/2377.0/8792, nonzero 463
    new field root_index_us: median/p90/max 2754.0/4399.0/16533, nonzero 463
    new field root_leaves_us: median/p90/max 6907.0/11091.0/26321, nonzero 463
    new field root_note_us: median/p90/max 140.0/205.0/442, nonzero 463
    new field root_ops_ahead: {'true': 463}
    new field root_ops_ahead_wait_us: median/p90/max 2611.0/8771.0/20995, nonzero 462
    new field root_ops_concat_us: median/p90/max 0.0/0.0/0, nonzero 0
    new field root_ops_encode_us: median/p90/max 5263.0/9415.0/16990, nonzero 463
    new field root_ops_finish_us: median/p90/max 2327.0/3516.0/7502, nonzero 463
    new field root_ops_sort_us: median/p90/max 3475.0/6823.0/18017, nonzero 463
    new field root_ops_us: median/p90/max 4965.0/11237.0/25295, nonzero 463
    new field root_rehash_us: median/p90/max 2615.0/3669.0/33161, nonzero 463
    new field root_retire_us: median/p90/max 1700.0/2587.0/8912, nonzero 463
    new field root_sort_us: median/p90/max 195.0/394.0/2919, nonzero 463
    new field root_undo_us: median/p90/max 345.0/660.0/2727, nonzero 463
    new field root_writes_us: median/p90/max 6933.0/9482.0/26845, nonzero 463
    new field seal_hashes_ahead: {'true': 463}
    new field seal_on_counters: {'true': 463}
    new field seal_to_complete_us: median/p90/max 111144.0/131780.0/198013, nonzero 463
    new field seal_to_frozen_us: median/p90/max 7859.0/15338.0/27377, nonzero 320
    new field seal_to_merge_end_us: median/p90/max 111087.0/131702.0/197887, nonzero 463
    new field seal_to_merge_start_us: median/p90/max 49633.0/68733.0/111126, nonzero 463
    new field seal_to_ops_ahead_us: median/p90/max 20062.0/29266.0/40087, nonzero 463
    new field seal_to_shards_ready_us: median/p90/max 13734.0/20196.0/30829, nonzero 463
    new field seal_to_state_ready_us: median/p90/max 111092.0/131707.0/197896, nonzero 463
    new field sealed_unix_us: median/p90/max 1791447396820967.0/1791447408700623.0/1791447411868096, nonzero 463
    new field start_walk_check_us: median/p90/max 0.0/0.0/0, nonzero 0
    new field start_walk_ids_us: median/p90/max 0.0/0.0/0, nonzero 0
    new field start_walk_settle_us: median/p90/max 0.0/0.0/0, nonzero 0
    new field start_walk_us: median/p90/max 0.0/0.0/0, nonzero 0
    new field state_wait_us: median/p90/max 7924.0/49558.0/80378, nonzero 463
    new field view_journal_reads: median/p90/max 0.0/73728.0/139264, nonzero 228
    new field view_journal_searches: median/p90/max 0.0/212720.0/479800, nonzero 228
    new field view_journal_skips: median/p90/max 0.0/0.0/0, nonzero 0
    new field whole_take_noted: {'true': 463}
    engine own-import total_ms per block median/p90/max 44/66/109 (n=464)
    layer RSS 33.7 -> 41.9 G (max 41.9), in-memory blocks max 10
    execution layer cores busy 34.8    validators cores busy 1.2
  round total (3 windows, canonical): 282.0M tx
  layer peak RSS 41.9 G; in-memory blocks max 10
  fields at seal: mode "early", verified 0, unchecked 0, mismatches 0 (last build line, cumulative)
  own_executed_again (built here and also directly imported): 0 of 1457 built blocks
== loop348K7b
  layer-0 leader window-1 builds 481: txs mean 199933, share >= 95% of the tier 100% (max 200000); sealed_at_ms 48.0/66.0; par_ms 50.0/74.0; par_exec_ms 22.0/27.0; roots_ms 29.0/41.0; parent_fields_ms 4.0/18.0; sealed_ms 5.0/18.0
  proposal cycle window 1 (n=498): mean 62.3 median 61.4 p90 66.7 ms; blocks in the 30 s: 498
  binding wait (tick / quorum / seal, share and mean cycle): tick 99.8% (62.3); quorum 0%; seal 0.2% (80.2)
  vote delay after the proposal, slowest key per block: median 3.5 p90 38.1 ms (slowest minus the median key: median 0.2); last key: {1: 88, 2: 93, 3: 61, 4: 98, 5: 72, 6: 70} of 482 blocks
  CPU in window 1 (cores busy): execution layers 35.2 over 1 process(es); validators 1.2 over 7 process(es)
  execution layer peak RSS 41.9 G; in-memory blocks max 10 (node0 and others, all layers)
  blocks built here 1457; none also directly imported
  import-once counters at the last direct import: ; start-up lines with import_once=true: 1; queue-lock lines 0
  layer-0 queue (queued after canonical prune), median per 10 s: t+0:2491500 t+20:2473500 t+40:2515000 t+60:2483000 t+80:2439250
  flood: median per 5 s 3198823/s, final -
  timeout / given-up lines: 1; 08:14:54 v0 INFO process_event{view=1 kind="message"}: n42::cl::timeout: TC formed
loop348K7b page_faults_per_s_median: node0=184290 
feedcheck loop348K7b: ok (block 200,000 tx)
== loop348K7b: feed check (acq_us / gate_us / reply_us are per frame of 500; rate per 5 s `ingest` line)
  window 1: ingest lines 6; acq_us 460 (max 2912); gate_us 6860; reply_us 7408; slots_busy 13%; delivered median 3,194,616/s max 3,243,988/s; queue at builds median 2,517,500 min 972,500; full 100% of 480 blocks
  window 2: ingest lines 6; acq_us 466 (max 472); gate_us 6952; reply_us 7502; slots_busy 13%; delivered median 3,201,656/s max 3,240,876/s; queue at builds median 2,515,000 min 2,207,000; full 100% of 466 blocks
  window 3: ingest lines 6; acq_us 464 (max 471); gate_us 7110; reply_us 7680; slots_busy 13%; delivered median 3,138,569/s max 3,245,723/s; queue at builds median 2,516,000 min 2,251,500; full 100% of 464 blocks
  flood.log (+15..+100 s): rate per 5 s median 3,195,618/s max 3,263,114/s; reply latency median 60.0 ms max 72.7 ms
== loop348K7b: lanes lock, drain and pruner (new fields)
  window 1: lock duty 55.5% (max 57.0); holds/5s 2,339; longest hold 22.80 ms median, 29.16 ms max by crates/n42/tx-queue/src/lib.rs:1766 (most frequent holders [('crates/n42/tx-queue/src/lib.rs:2046', 3), ('crates/n42/tx-queue/src/lib.rs:1766', 2)]); lock wait 2322.6 ms/5s, longest 29.20 ms; drains/5s 1,006 of 15907 tx, mean 1226 us, max 21.23 ms
           prune (457 blocks): prune_ms 30/49; fold 0.5 ms, lock 0.0 ms, remove(hold) 8.3 ms, free 0.0 ms; frames_swept 400; coalesced on 457 of 457; prune_wait_ms 0/0; pruner busy 47% of a thread, lock held by it 1.3%
  window 2: lock duty 58.0% (max 60.0); holds/5s 2,118; longest hold 28.87 ms median, 79.32 ms max by crates/n42/tx-queue/src/lib.rs:2576 (most frequent holders [('crates/n42/tx-queue/src/lib.rs:2046', 4), ('crates/n42/tx-queue/src/lib.rs:2692', 1)]); lock wait 2813.6 ms/5s, longest 66.82 ms; drains/5s 882 of 18161 tx, mean 1602 us, max 21.89 ms
           prune (438 blocks): prune_ms 33/51; fold 0.5 ms, lock 0.0 ms, remove(hold) 9.8 ms, free 0.0 ms; frames_swept 400; coalesced on 438 of 438; prune_wait_ms 0/0; pruner busy 50% of a thread, lock held by it 1.7%
  window 3: lock duty 58.0% (max 59.0); holds/5s 2,160; longest hold 28.62 ms median, 32.69 ms max by crates/n42/tx-queue/src/lib.rs:2046 (most frequent holders [('crates/n42/tx-queue/src/lib.rs:2046', 4), ('crates/n42/tx-queue/src/lib.rs:1766', 2)]); lock wait 2873.5 ms/5s, longest 32.72 ms; drains/5s 925 of 17035 tx, mean 1528 us, max 24.93 ms
           prune (429 blocks): prune_ms 33/52; fold 0.5 ms, lock 0.0 ms, remove(hold) 9.9 ms, free 0.0 ms; frames_swept 400; coalesced on 429 of 429; prune_wait_ms 0/0; pruner busy 49% of a thread, lock held by it 1.4%
== loop348K7b: pruner (per block; busy = sum prune_ms / 30 s, lock = sum (remove_us + settle_us) / 30 s)
  window 1: 457 prunes; prune_ms 30/49; remove_us 8.3/17.9 ms; forget_us 2.6/4.4 ms; settle_us 2.8 ms; pruner busy 47% of a worker; lanes lock held for removal 21%
  window 2: 438 prunes; prune_ms 33/51; remove_us 9.8/19.6 ms; forget_us 2.7/4.6 ms; settle_us 3.0 ms; pruner busy 50% of a worker; lanes lock held for removal 23%
  window 3: 429 prunes; prune_ms 33/52; remove_us 9.9/19.4 ms; forget_us 3.0/4.7 ms; settle_us 3.0 ms; pruner busy 49% of a worker; lanes lock held for removal 22%
== loop348K7b: seal start / pull, prepared plan, answer, chunked drain
  window 1: 481 builds; start_best_ms 3/14; start_walk_us 0/0; start_pull_ms 0/0; par_pull_ms 0/0; par_start_ms 3/15; par_ms 50/74; sealed_at_ms 48/66; pull_bulk_us 5/8; pull_bulk_txs 200000/200000; plan_age_us 46244/97254; plan_prep_us 6762/12541; plan_topup_txs 0/0
           plan_ahead {'2': 1, '1': 480}; plan_discard {'': 481}
           answer: built-ahead bytes median/max 15,243/15,245, layout_only {'true': 481}; proposal sent bytes median/max 15,243/15,245, layout_only {'true': 481}
           drain: chunks/5s 833, chunk max 8,192 tx, finished by others/5s 54; plan_discards (last ingest line) -
  window 2: 466 builds; start_best_ms 4/16; start_walk_us 0/0; start_pull_ms 0/0; par_pull_ms 0/0; par_start_ms 4/17; par_ms 50/71; sealed_at_ms 50/69; pull_bulk_us 5/9; pull_bulk_txs 200000/200000; plan_age_us 47016/97673; plan_prep_us 7162/13847; plan_topup_txs 0/0
           plan_ahead {'1': 465, '0': 1}; plan_discard {'': 465, 'not_on_its_parent': 1}
           answer: built-ahead bytes median/max 15,245/15,245, layout_only {'true': 465}; proposal sent bytes median/max 15,245/15,245, layout_only {'true': 464, 'false': 1}
           drain: chunks/5s 722, chunk max 8,192 tx, finished by others/5s 64; plan_discards (last ingest line) -
  window 3: 463 builds; start_best_ms 4/15; start_walk_us 0/0; start_pull_ms 0/0; par_pull_ms 0/0; par_start_ms 4/15; par_ms 53/86; sealed_at_ms 50/79; pull_bulk_us 5/8; pull_bulk_txs 200000/200000; plan_age_us 50003/97309; plan_prep_us 7049/13494; plan_topup_txs 0/0
           plan_ahead {'1': 463}; plan_discard {'': 463}
           answer: built-ahead bytes median/max 15,245/15,245, layout_only {'true': 464}; proposal sent bytes median/max 15,245/15,245, layout_only {'true': 464}
           drain: chunks/5s 764, chunk max 8,192 tx, finished by others/5s 60; plan_discards (last ingest line) -
== loop348K7b: persistence per window (ms per block = part sum / blocks persisted)
  window 1: persisted 476 of 480 produced (99%); total 32.2, sf_tx 28.9, sf_rcpt 6.7, sf_acct 13.7, sf_send 11.0, scope 29.0, qmdb 13.5, post 0.0, pre 3.2, plain_rev 3.2, commit_sf 0.6, commit_mdbx 0.1, commit_rocks 0.0; longest task sf_tx 28.9; in-memory 6 -> 9 (max 10); RSS 5.5 -> 26.6 G; lag 8 -> 9 = +3.0 blocks/min; bp max 0
  window 2: persisted 467 of 466 produced (100%); total 33.5, sf_tx 29.3, sf_rcpt 6.4, sf_acct 13.4, sf_send 11.3, scope 30.1, qmdb 15.7, post 0.0, pre 3.4, plain_rev 3.4, commit_sf 0.8, commit_mdbx 0.1, commit_rocks 0.1; longest task sf_tx 29.3; in-memory 9 -> 10 (max 10); RSS 26.6 -> 33.7 G; lag 9 -> 10 = +2.0 blocks/min; bp max 0
  window 3: persisted 462 of 464 produced (100%); total 34.7, sf_tx 31.0, sf_rcpt 6.5, sf_acct 13.4, sf_send 10.4, scope 31.1, qmdb 15.1, post 0.0, pre 3.7, plain_rev 3.7, commit_sf 0.7, commit_mdbx 0.1, commit_rocks 0.0; longest task sf_tx 31.0; in-memory 10 -> 9 (max 10); RSS 33.7 -> 41.6 G; lag 10 -> 9 = -2.0 blocks/min; bp max 0
  leg end: in-memory 6, max over the sampler 10, backpressure stalls 0
== loop348K7b: execution and root fields (median / p90 per block); over 1457 full builds: rename_fallbacks total 0, rename_record_waits total 0, carried_depth values ['1']
    folded lines 482: pending_max max 86 (median 71); pending_us_max max 23,854; drops_max max 47338
    flags: seal_on_counters true:481; freeze_pool_own true:481; plan_body 0:1/1:477/2:3; prep_from_plan false:4/true:477; plan_ahead 1:480/2:1; seal per 1,000 transfers 0.240 ms
  window 1 (481 builds): on-CPU share 1.00/1.00; CPU per transfer 2.97/3.66 us; sealed_at_ms 48/66; par_exec_ms 22/27; par_fold_ms 9/19; index_ms 15/21; par_start_ms 3/15; gap_before_exec_ms 7/25; state_wait_us 6,807/25,510; parent_fields_ms 4/18; roots_ms 29/41; seal_to_fields_us 49,599/61,381; seal_to_complete_us 107,364/125,695; rename_fallbacks 0/0; rename_record_waits 0/0; carried_depth 1/1; plan_body_us 16,142/19,147; batch_max_ms 8/12; tx_root_ms 1/1; sealed_ms 5/19
    folded lines 469: pending_max max 85 (median 72); pending_us_max max 13,841; drops_max max 32681
    flags: seal_on_counters true:466; freeze_pool_own true:466; plan_body 0:1/1:463/2:2; prep_from_plan false:3/true:463; plan_ahead 0:1/1:465; seal per 1,000 transfers 0.247 ms
  window 2 (466 builds): on-CPU share 1.00/1.00; CPU per transfer 2.88/3.48 us; sealed_at_ms 50/69; par_exec_ms 21/27; par_fold_ms 7/14; index_ms 13/17; par_start_ms 4/17; gap_before_exec_ms 5/31; state_wait_us 5,119/31,277; parent_fields_ms 6/22; roots_ms 31/47; seal_to_fields_us 49,697/63,946; seal_to_complete_us 110,455/129,008; rename_fallbacks 0/0; rename_record_waits 0/0; carried_depth 1/1; plan_body_us 16,264/20,050; batch_max_ms 8/12; tx_root_ms 1/1; sealed_ms 7/23
    folded lines 465: pending_max max 92 (median 73); pending_us_max max 16,368; drops_max max 31893
    flags: seal_on_counters true:463; freeze_pool_own true:463; plan_body 1:459/2:4; prep_from_plan false:4/true:459; plan_ahead 1:463; seal per 1,000 transfers 0.250 ms
  window 3 (463 builds): on-CPU share 1.00/1.00; CPU per transfer 2.97/3.62 us; sealed_at_ms 50/79; par_exec_ms 22/27; par_fold_ms 8/15; index_ms 13/17; par_start_ms 4/15; gap_before_exec_ms 8/49; state_wait_us 7,924/49,558; parent_fields_ms 6/25; roots_ms 31/46; seal_to_fields_us 49,518/68,562; seal_to_complete_us 111,144/131,780; rename_fallbacks 0/0; rename_record_waits 0/0; carried_depth 1/1; plan_body_us 17,348/20,346; batch_max_ms 9/13; tx_root_ms 1/1; sealed_ms 7/26
== loop348K7b: 4352 proposals; proposal -> quorum (leader's commit) median 11.2 / p90 33.7 / max 151.0 ms; proposal interval median 61.4 / p90 62.2 ms; TC formed lines 1; leader views timed out 1; ParentUnknown lines 0
   handover at view 1024: proposal intervals (view, ms) [(1023, 54), (1024, 180), (1025, 674), (1026, 53), (1027, 61)] against the median 61 ms
   handover at view 2048: proposal intervals (view, ms) [(2047, 62), (2048, 62), (2049, 61), (2050, 62), (2051, 61)] against the median 61 ms
   handover at view 3072: proposal intervals (view, ms) [(3071, 62), (3072, 62), (3073, 62), (3074, 62), (3075, 60)] against the median 61 ms
   handover at view 4096: proposal intervals (view, ms) [(4095, 61), (4096, 60), (4097, 61), (4098, 62), (4099, 62)] against the median 61 ms
     block 1025 (view 1025): sealed_at_ms 23, gap_before_exec_ms 5, parent_fields_ms 0, rename_fallbacks 0, rename_record_waits 0, carried_depth 1
     block 1027 (view 1027): sealed_at_ms 49, gap_before_exec_ms 1, parent_fields_ms 23, rename_fallbacks 0, rename_record_waits 0, carried_depth 1
flood span 95 s; tokio-rt threads alive throughout 33 of 66; group 9.5 cores busy over them (all threads incl. short-lived 12.5)
  per-thread cores busy, top 12: 0.60 0.58 0.58 0.57 0.57 0.56 0.56 0.56 0.56 0.56 0.55 0.55; threads over 0.9 core: 0, over 0.7: 0
== loop348K7b: 1410 full builds in the 3 windows
  par_exec_ms 21/27; par_run_ms 29/56; batch_start_skew_ms 16/20; batch_median_ms 4/5; batch_max_ms 8/12; batch_first_start_us 77/120; batch_last_start_us 16724/20439; batch_dispatch_us 228/325; batch_last_end_us 21903/27283; batches 128/128; batch_threads 32/32; batch_txs_max 2000/2000; batch_txs_min 1500/1500; start_walk_ms 0/0; start_walk_check_ms 0/0; par_start_ms 4/15; sealed_at_ms 49/72; prev_seal_to_answer_us 1791/3013; prev_seal_to_entry_us 0/0; prev_seal_to_header_us 200/328; prev_seal_to_import_us 115307/148890; prev_seal_to_request_us 954/66040; prev_seal_to_start_us 1262/66302; start_walk_check_us 0/0; start_walk_ids_us 0/0; start_walk_settle_us 0/0; start_walk_us 0/0
  one_wave {'false': 1410}
  batches == batch_threads on 0 of 1410 builds
  last - first batch start (ms) median/p90 16.65/20.34; under 2 ms on 0 of 1410 builds
bodygate loop348K7b: invalid_blocks=0 gas_mismatch=0 fields_mismatches=0 own_not_committed=0 proposals_given_up=0
leg loop348K7Ab: /data free 513G (needs 120 G)
plan loop348K7Ab: exit 0 (7 validators, 1 layer(s)): # validators 7, execution layers 1, 208 CPUs a layer, import-once 1, shared 1; # validators : 16 CPUs set aside, taskset -c 104-111,232-239; # fleet    : 7 nodes, quorum 5 of 7 (f = 2); 0 refusals
leg loop348K7Ab start 04:19:40 load 4.91
round loop348K7Ab exit 0 at 04:22:40
loop348K7Ab save stages (node0, seconds summed over the leg / count): batch_size=2022.0/651  batch_size=2022.0/651  reth_consensus_engine_beacon_persistence_duration=58.3/651  duration_seconds=53.1/651  total=48.3/651  scope=43.4/651  sf=43.3/651  sf_transactions=43.0/651  qmdb_persisted=21.5/651  sf_account_changesets=19.6/651
el binary: /data/n42-build/target-n42-rs/native/release/n42 env: N42_IMPORT_ONCE=1 N42_SETTLEMENT_TAGS=legacy N42_BUILD_THROTTLE_SOFT=48 F7_EL_MAP=0,0,0,0,0,0,0 N42_FIELDS_AT_SEAL=1 N42_FREEZE_AFTER_SEAL=1 N42_FRAME_BLOCKS=1 N42_TX_INGEST_RECOVER_PARALLEL=24 N42_FREEZE_POOL=own N42_PARALLEL_BUILD_THREADS=32 N42_PLAN_AHEAD=1 N42_HASHED_TABLES=off F7_FLOOD_RATE=6000000 N42_COMPACT_BODY=1 N42_BUILD_BATCHES=128 MALLOC_CONF=thp:always,oversize_threshold:0,dirty_decay_ms:2000,background_thread:true N42_SEAL_ON_COUNTERS=1 N42_ACCOUNT_HISTORY=off N42_TAKE_COMPACT=1 N42_SF_EARLY_WRITEBACK=1 F7_VAL_NO_MALLOC_CONF=1 N42_ROAD_RUNTIME=1 N42_TX_INGEST_HIGH_WATER=2500000 F7_BENCH_POOL_SLOTS=3000000 N42_PLAN_AHEAD_BODY=1 N42_SEAL_AT_EXEC=1 N42_TX_QUEUE_DRAIN_CHUNK=8192 N42_ANSWER_LAYOUT_ONLY=1 N42_PULL_BY_FRAMES=1 N42_SF_PARALLEL_ENCODE=1 N42_BUILD_THROTTLE_HARD=80 N42_LIVE_INDEX_DEFER=1 RAYON_NUM_THREADS=16 F7_VAL_CPUS=16 N42_ROOT_OPS_AHEAD=1 TOKIO_WORKER_THREADS=16 N42_QMDB_READS=on N42_LEADER_LAYERS=3 N42_PERSIST_QMDB_IN_SCOPE=1 F7_BLOCK_INTERVAL_MS=60 F7_MEASURE_FROM_LOG=1
validator env: N42_IMPORT_ONCE=1 N42_SETTLEMENT_TAGS=legacy N42_BUILD_THROTTLE_SOFT=48 F7_EL_MAP=0,0,0,0,0,0,0 N42_FIELDS_AT_SEAL=1 N42_FREEZE_AFTER_SEAL=1 N42_FRAME_BLOCKS=1 N42_TX_INGEST_RECOVER_PARALLEL=24 N42_FREEZE_POOL=own N42_PARALLEL_BUILD_THREADS=32 N42_PLAN_AHEAD=1 N42_HASHED_TABLES=off F7_FLOOD_RATE=6000000 N42_COMPACT_BODY=1 N42_BUILD_BATCHES=128 N42_SEAL_ON_COUNTERS=1 N42_ACCOUNT_HISTORY=off N42_TAKE_COMPACT=1 N42_SF_EARLY_WRITEBACK=1 N42_ROAD_RUNTIME=1 N42_TX_INGEST_HIGH_WATER=2500000 F7_BENCH_POOL_SLOTS=3000000 N42_PLAN_AHEAD_BODY=1 N42_SEAL_AT_EXEC=1 N42_TX_QUEUE_DRAIN_CHUNK=8192 N42_ANSWER_LAYOUT_ONLY=1 N42_PULL_BY_FRAMES=1 N42_SF_PARALLEL_ENCODE=1 N42_BUILD_THROTTLE_HARD=80 N42_LIVE_INDEX_DEFER=1 RAYON_NUM_THREADS=16 F7_VAL_CPUS=16 N42_ROOT_OPS_AHEAD=1 TOKIO_WORKER_THREADS=16 N42_QMDB_READS=on N42_LEADER_LAYERS=3 N42_PERSIST_QMDB_IN_SCOPE=1 F7_MEASURE_FROM_LOG=1
loop348K7Ab once: start-up lines import_once=true 1; last direct-import counters 
loop348K7Ab imports: layers=1 direct_imports=0 canonical_blocks=4069 import_once_lines=1 (per layer: direct imports should equal canonical blocks for one execution per block)
grep: /data/blockchain/rust-fleet7-bench/node1/el.log: No such file or directory
grep: /data/blockchain/rust-fleet7-bench/node2/el.log: No such file or directory
grep: /data/blockchain/rust-fleet7-bench/node3/el.log: No such file or directory
grep: /data/blockchain/rust-fleet7-bench/node1/el.log: No such file or directory
grep: /data/blockchain/rust-fleet7-bench/node2/el.log: No such file or directory
grep: /data/blockchain/rust-fleet7-bench/node3/el.log: No such file or directory
cat: /data/blockchain/rust-fleet7-bench/node2/el.log: No such file or directory
cat: /data/blockchain/rust-fleet7-bench/node2/el.log: No such file or directory
cat: /data/blockchain/rust-fleet7-bench/node2/el.log: No such file or directory
cat: /data/blockchain/rust-fleet7-bench/node1/el.log: No such file or directory
cat: /data/blockchain/rust-fleet7-bench/node2/el.log: No such file or directory
cat: /data/blockchain/rust-fleet7-bench/node3/el.log: No such file or directory
Traceback (most recent call last):
  File [35m"<stdin>"[0m, line [35m4[0m, in [35m<module>[0m
[1;35mIndexError[0m: [35mlist index out of range[0m
loop348K7Ab no_variant=0 own_not_committed=0 tc=0 invalid_blocks=0 incomplete=0 gas_mismatch=0 direct_imports_failed=0 stuck_at_hashed_state=0 engine_idles_over_5s=0 proposals_given_up=0 tables_off_nodes=1 unanswered_reads=0 seal_first_total=1435 seal_first_direct=1435 direct_guard_errors=0 commit_ms_median=0 fold_ms_median=9 sealed_at_ms_median=53 state_ready_ms_median=93 build_total_ms_median=170 recover_us_median=0 par_exec_ms_median=21 par_exec_ms_median=21 giveback_filtered=0 giveback_offered_max=200000 seal_first=1435 reader_lag_max=10 reader_lag_warns=0 view_invalidated=0 el_sum_peak_g=41.0 el_max_peak_g=41.0 val_sum_peak_g=0.9 flood_peak_g=0.6 two_roads_blocks=0 two_roads_overlap_ms_median=- exec_on_output_declined=0 r1_collect_ms_median=4 proposal_at_ms_median=53 view_total_ms_median=61 import_exec_ms_median=- import_total_ms_median=- import_senders_ms_median=- import_convert_ms_median=- import_groups_median=- imports_over_600ms=0 min_avail_g=72.8 road_foreign_body_recv_ms=- road_foreign_body_decode_ms=- road_foreign_body_senders_ms=- road_foreign_body_parent_wait_ms=- road_foreign_body_check_ms=- road_foreign_body_total_ms=- road_new_payload_recv_ms=- road_new_payload_decode_ms=- road_new_payload_senders_ms=- road_new_payload_parent_wait_ms=- road_new_payload_check_ms=- road_new_payload_total_ms=- road_foreign_body_blocks=0 road_new_payload_blocks=0 fcu_answered=1868 fcu_in_flight_ms_median=0 fcu_queued_ms_median=0 fcu_queued_ms_max=98 fcu_refused=0 fcu_slow=2751 bodies_held=0 road_reuse_ms=- road_prepare_ms=- road_dispatch_ms=- road_convert_ms=- road_remember_ms=- road_header_ms=- road_fields_ms=- road_other_ms=- import_engine_ms_median=- gate_forced=0 gate_warns=0 flood_timeouts=0 canonical_min=4123 canonical_max=4123 chained_builds=2576 chain_lead_ms_median=58 chain_wait_ms_median=0 chain_started=2578 chain_discarded=1 chain_discard_reasons=_1_reason="no_,_1_reason="the_execution_layer_produced_nothing chain_alias_warns=0 el_chained=2597 bodies_held_warns=0 el_build_refused=1 el_build_refused_reasons=_1_no_QMDB_tree_for_parent_block_0x queued_p5=2316000 queued_p50=2450000 road_compact_blocks=0 road_compact_recv_ms=- road_compact_assemble_ms=- road_compact_root_ms=- road_compact_miss_wait_ms=- road_compact_senders_ms=- road_compact_check_ms=- road_compact_other_ms=- road_compact_total_ms=- road_compact_misses_total= compact_refused_el=0 compact_fallbacks=0 compact_bytes_median=- pool_order9=14436 par_pull_ms_median=0 build_total_ms_median2=56 road_compact_filled_blocks=0 road_compact_filled_median=- road_compact_fill_ms_median=- need_txns=0 fill_failed=0 ingest_rate_gate_open_median=- ingest_gate_open_intervals=0 ingest_slots_busy_median=- flood_rate= fill_asked_proposer=0 fill_asked_other=0 loop_lines=3270 loop_unnamed_ms_median=52 loop_body_served_ms_median=- loop_txns_served_ms_median=- import_exec_ms_median2=- pip_partition_ms=- pip_env_ms=- pip_batch_ms=- pip_groups_ms=- pip_gas_ms=- pip_merge_ms=- pip_receipts_ms=- pip_drop_ms=- pip_other_ms=- pip_total_ms=- senders_indexed_median=- road_senders_ms_median=- road_total_ms_median=- pew_ms_median=- pew_ms_p90= gate_ms_median=- gate_ms_p90= root_ms_p50=- root_ms_p90= two_roads=0 not_on_output=0 not_on_output_why= ckpt_ms_first_q=2 ckpt_ms_last_q=48 ckpt_bytes_last=34293172 parent_still_importing=0 root_wait_ms_p50=- root_wait_ms_p90= tenures_low_seal=23 seal_first_share=0.99 empty_over_deep=0 near_empty_warns=0 no_seal_why= par_skipped_median=- usable_p5=2316000 ckpt_replay_ms_last_q=15 candidates_zero=0 dropped_ingest=0 let_go_warns=0 let_go_reasons= parked_p50=0 parked_max=0 held_warns=0 park_capped_total=0 superseded_builds=0 empty_not_superseded=0 mass_park_warns=0 heads_lines=0 holes_lines=0 stale_parent_refusals=0 par_groups_p5=0 cancelled_decided=0 heads_nonce0=0 stale_unconfirmed= handovers=0 el_panics=0 decided_cancelled=0 min_window_blocks=450 road_desc_blocks=0 road_desc_total_ms=- road_desc_copy_ms=- desc_misses=0 fill_failed2=0 sf_par_collect_ms=0 sf_par_commit_ms=0 sf_par_fold_ms=9 sf_par_graft_ms=0 sf_par_prefault_ms=0 sf_par_exec_ms=21 sf_sealed_at_ms=53 sf_roots_ms=31 sf_state_ready_ms=93 sf_total_ms=170 ba_find_ms=0 ba_queue_ms=0 ba_total_ms=56 ba_on_output=1433 queue_fold_us=0 queue_lock_us=63 sf_par_exec_ms=21 sf_par_fold_ms=9 pip_groups_ms=- import_exec_ms_median2=- reads_d0=0 reads_hist=0 f_reads_d0=- f_reads_hist=- f_overlay_depth=- L_read_set_ms=0 read_set_accounts=0 read_set_unresolved=0 read_set_hits=0 read_set_misses=0 start_best_ms=- par_prep_ms=- gap_before_exec_ms=- gap_after_exec_ms=- gap_before_seal_ms=- index_ms=- road_copy_aside_ms=- road_copy_wait_ms=- road_total_ms=- queue_first_miss=queue_first_miss=0:2623,queue_first_miss=18446744073709551615:1445 root_append_behind=0 populate_lag_mb=0 swap_used_g=0 root_faults=- root_faults_p90= root_faults_entries=0 root_faults_offsets=0 root_faults_index=0 root_faults_bits=0 root_faults_twigs=0 root_faults_undo=0 root_faults_tmp=0 root_append_faults=0 root_twig_pool_misses=0 batch_max_ms=9 batch_min_ms=2 batch_median_ms=4 batch_cpu_max_ms=8 batch_txs_max=2000 batch_txs_min=1500 batch_start_skew_ms=16 batch_wait_ms=0 loop_fetch_ns=0 loop_check_ns=0 loop_transfer_ns=0 loop_receipt_ns=0 loop_gas_ns=0 loop_sink_ns=0 loop_other_ns=0 batch_setup_ns=0 batch_close_ns=0 imp_exec_part_ms=- imp_exec_batches_ms=- imp_exec_graft_ms=- imp_exec_batches=- imp_exec_threads=- imp_exec_batch_max_ms=- imp_exec_batch_median_ms=- imp_parent_output_wait_ms=- road_parent_output_wait_ms=- next_start_gap_ms=1 next_entry_gap_ms=0 commit_body_ahead_used=- imp_exec_keys_ms=- imp_keys_ahead=- imp_exec_sink_ms=- imp_exec_pre_ms=- imp_exec_post_ms=- imp_exec_receipts_ms=- imp_exec_drop_ms=- root_gap_ms=- queue_whole=queue_whole=false:2623,queue_whole=true:1445 tick_tick_late_us=1037 tick_preamble_us=340 tick_take_sealed_us=1 tick_sign_us=0 tick_cache_us=0 tick_presealed=- tick_describe_us=9 tick_publish_us=599 tick_tick_to_send_us=2063 road_check_ms=- road_check_include_us=- road_check_scan_us=- road_check_fold_us=- road_check_senders_us=- road_check_frames_summarized=- road_check_frames_scanned=- imp_exec_start_gap_us=- imp_gap_road_us=- imp_gap_header_us=- imp_gap_senders_us=- imp_gap_parent_us=- imp_gap_setup_us=- imp_gap_keys_wait_us=- sealed_at_p90= sealed_over_130=0 roots_ms=- cycle_p90= batch_max_ms=- batch_median_ms=- imp_batch_max=- forest_lock_warns=1337 root_seal_ms=1 root_seals=39 root_majflt=6 roots_p90= gp_layer=1444 ggp_missing=400 state_wait_split=0/0/0/0:393,9/0/0/0:70,5/0/0/0:58 qmdb_releases=0 state_wait_on= imp_road_end_ms=- imp_exec_start_ms=- imp_exec_end_ms=- imp_root_end_ms=- imp_fields_ready_ms=- imp_parent_fields_wait_ms=- imp_exec_ms=- imp_root_ms=- imp_checks_ms=- imp_engine_ms=- imp_total_ms=- road_parent_fields_wait_ms=- exec_read_ms=0 L_exec_evm_ms=0 L_exec_write_ms=0 L_exec_other_ms=0 L_reads_cache=0 L_reads_provider=0 L_reads_view=0 L_graft_base_ms=0 L_graft_reserve_ms=0 L_graft_insert_ms=0 L_graft_reverts_ms=0 L_graft_other_ms=0 L_par_exec_ms=21 L_par_graft_ms=0 F_exec_read_ms=- F_exec_evm_ms=- F_exec_write_ms=- F_exec_other_ms=- F_reads_cache=- F_reads_provider=- F_reads_view=- F_groups_ms=- L_tx_root_wait_ms=0 L_par_exec_ms=21 L_par_graft_ms=0 L_par_fold_ms=9 L_sealed_ms=4 L_state_ready_ms=93 L_roots_ms=31 L_finish_ms=101 L_total_ms=170 L_setup_ms=0 L_par_pull_ms=0 L_give_back_ms=0 L_state_wait_ms=8 L_state_after_pull=1435 L_seal_at_exec=1435 L_tx_root_ahead=0 flood_w1=3104322 txs_p10=200000 acq_us=469 slots_busy=13 ingest_rate=3079993 L_scope_join_ms=0 L_par_release_ms=0 L_commit_body_ms=0 L_par_commit_ms=0 L_give_back_ms=0 L_sealed_ms=4 L_par_exec_ms=21 L_state_wait_ms=8 L_par_pull_ms=0 L_par_prep_ms=0 L_par_start_ms=3 L_pre_exec_ms=0 L_par_run_ms=33 L_sealed_at_ms=53 F_partition_ms=- F_env_ms=- F_groups_ms=- F_merge_ms=- F_reverts_wait_ms=- F_ahead_wait_ms=- F_total_ms=- I_engine_ms=- I_root_ms=- I_total_ms=- H_engine_remember_ms=- H_engine_listing_ms=- H_engine_new_payload_ms=- busy_us=1 L_par_start_ms=3 L_start_handoff_ms=0 L_start_best_ms=3 L_start_puller_ms=0 L_par_pull_ms=0 L_par_prep_ms=0 L_state_wait_ms=8 L_par_exec_ms=21 L_par_commit_ms=0 L_sealed_ms=4 L_sealed_at_ms=53 L_par_graft_ms=0 L_graft_insert_ms=0 L_graft_reverts_ms=0 L_graft_split_us=0 L_graft_build_us=0 L_graft_merge_us=0 L_state_ready_ms=93 Q_queue_ms=0 R_dispatch_wait_ms=- R_total_ms=- R_road_runtime=1 gate_holds=0 peer_fetch=0 pool_limit=limit=4 gate_opened=gate_opened_for_block=0 I_root_ms=- flood_rate_hdr=rate=6000000/s fills=0 fill_waited=- slots_busy=13 acq_us=469 busy_us=1 converged=0 fallbacks=0 busy_us=1 recover_us=0 tf_on_output=3 tf_fallback=0 still_importing=0 busy_us=1 slots_busy=13 batches=altsig_txs=0 altsig_batches=0 tf_on_output=3 tf_fallback=0 gate_holds=0 sign_s=sign 0s replay_note=replay       : 64 files from /data/n42-pregen/g900000-400m, 400000000 transactio sign_s=sign 0s shard=shard_verified=0 shard_claimed=0 road_verified=- slots_busy=13 gate_us=7376 reply_us=7938 queued=2450000 assemble_ms=- road_take_ms=- road_body_ms=- road_encode_ms=- shards=16 shard_insert_ms=0 shard_wait_ms=0 shard_fold_ms=13 shard_append_ms=17 shard_merge_ms=57 state_ready_ms=93 roots_ms=31 exec_read_ms=0 exec_evm_ms=0 exec_write_ms=0 exec_other_ms=0 reads_cache=0 reads_provider=0 reads_view=0 par_run_ms=33 fold_task_cpu_max_us=13316 fold_task_minflt_max=2 fold_task_minflt_sum=2 fold_task_migrated=0 fold_task_nivcsw_max=0 fold_index=1 fold_index_build_ms=13 fold_index_conflicts=7967 fold_queue_us=61 fold_skew_us=39 fold_task_max_us=13314 fold_tail_us=18 start_best_ms=3 start_select_ms=0 start_walk_ms=0 start_walk_check_ms=0 start_best_other_ms=0 start_frames_by_ref=0 start_frames_slow=0 start_pull_ms=0 start_other_ms=0 start_handoff_ms=0 par_start_ms=3 par_prep_ms=0 par_commit_ms=0 commit_body_ms=0 par_fold_ms=9 sealed_ms=4 copy_ms=- prune_ms=0 frames=- frames_missing=- frame_root_ms=- root_ms=- frames_admitted=frames_admitted=573069 frames_unaligned=0 frame_root_indexed=- seal_layout_ms=0 seal_root_ms=0 attested= busy_us=1 slots_busy=13 reply_us=7938 prune_ms=0 body_refused=0 body_failed_late=0
loop348K7Ab win1 tps=3,106,667 txs=93,200,000 blocks= 466 cycle=0.064s occupancy= 99.9% full(>=95%)=465/466 basefee=n/a (from the layer's log)
loop348K7Ab win2 tps=3,113,333 txs=93,400,000 blocks= 467 cycle=0.064s occupancy=100.0% full(>=95%)=467/467 basefee=n/a (from the layer's log)
loop348K7Ab win3 tps=3,000,000 txs=90,000,000 blocks= 450 cycle=0.067s occupancy=100.0% full(>=95%)=450/450 basefee=n/a (from the layer's log)
loop348K7Ab tps=3,106,667 round_txs=276600000 cycles_w1=
loop348K7Ab imp_fields_p90= b_p75=5
loop348K7Ab overlay: filter_skips=0 probes=0 ratio=- (ratio = skips/(skips+probes))
loop348K7Ab overlay_manager:       1 state_trie_overlay=false  state-ovly_cpu=0
loop348K7Ab verify: written to /data/blockchain/rust-fleet7-bench/bench-loop348K7Ab/verify.json
== validator memory at flood +70 s (loop348K7Ab)
validators 7: RSS sum 0.9 G, max 0.12 G, mean 0.12 G; threads 273 (mean 39)
one validator (pid 324865):
VmHWM:	  122220 kB
VmRSS:	  122220 kB
RssAnon:	  106516 kB
RssFile:	   15704 kB
RssShmem:	       0 kB
Threads:	39
Rss:              122220 kB
Private_Dirty:    106516 kB
Anonymous:        106516 kB
AnonHugePages:         0 kB
threads by name:
     33 h2_validator
      4 tokio-rt-worker
      1 n42-qmdb-prefau
      1 futures-timer
largest mappings by Rss:
55500  7e02e5a00000-7e02ee400000
15248  7e02f3e80000-7e02f6e00000
13140  7e02f1a00000-7e02f2800000
10828 /data/n42-build/target-n42-rs/native/release/examples/h2_validator 60cd90418000-60cd912b0000
9736  7e02f2900000-7e02f3e00000
7592  7e02ee500000-7e02ef800000
2472  7e02fcc00000-7e02fd000000
2016 /data/n42-build/target-n42-rs/native/release/examples/h2_validator 60cd8fe99000-60cd90418000
RSS of all validators, sorted:
min 121.932 MB median 122.568 MB max 122.924 MB
== many-keys report loop348K7Ab
== loop348K7Ab: 7 validator logs, f=2, quorum 5
1. the leaders' commit lines
  R1_collect (proposal -> prepare QC): n=4406 p50 4.0 p90 34.0 p99 87.0 max 128.0 ms
  R2_collect (prepare QC -> commit QC): n=4406 p50 3.0 p90 3.0 p99 9.0 max 13.0 ms
  total (proposal -> commit): n=4406 p50 61.0 p90 77.0 p99 138.0 max 178.0 ms
  votes at formation: R1 median 5 max 5 (quorum 5); R2 median 5 max 5
2. vote collection at the traced leaders (first vote -> quorum -> last vote)
 R1 (vote), 3071 views:
    proposal -> first vote: n=3071 p50 2.3 p90 44.2 p99 90.7 max 126.9 ms
    first vote -> quorum: n=3071 p50 0.3 p90 0.7 p99 1.6 max 4.4 ms
    quorum -> last vote: n=3071 p50 1.7 p90 1.8 p99 6.4 max 13.7 ms
    proposal -> last vote (the slowest key): n=3071 p50 4.4 p90 46.2 p99 92.6 max 129.0 ms
   views with fewer than 6 votes received: 0
 R2 (commit_vote), 3071 views:
    proposal -> first vote: n=3071 p50 5.8 p90 48.0 p99 94.7 max 130.2 ms
    first vote -> quorum: n=3071 p50 0.3 p90 0.6 p99 1.0 max 3.8 ms
    quorum -> last vote: n=3071 p50 3.1 p90 4.1 p99 11.8 max 17.5 ms
    proposal -> last vote (the slowest key): n=3071 p50 9.3 p90 51.5 p99 100.1 max 135.7 ms
   views with fewer than 6 votes received: 0
3. the straggler rule and the loop
  proposal interval (same leader, consecutive views): n=4401 p50 61.5 p90 62.4 p99 95.8 max 135.1 ms; >= 500 ms: 0
  no `slow step` lines
4. gossip propagation (proposal sent -> received at a traced follower)
    proposal arrival delay: n=10147 p50 0.2 p90 0.3 p99 0.8 max 9.1 ms
4b. the new fields (docs/E1_MANY_KEYS.md section 6), leaders' `block committed!` and `proposal sent` lines
    verify_us: n=4406 p50 2993.0 p90 3232.0 p99 3425.0 max 5240.0 us
    verify_n: n=4406 p50 10.0 p90 12.0 p99 14.0 max 14.0 
    verify_batches: n=4406 p50 3.0 p90 3.0 p99 3.0 max 5.0 
  verify_fallbacks: total 3 over 4406 blocks
    inbound_queue_max: n=4406 p50 0.0 p90 0.0 p99 0.0 max 0.0 
    gossip_poll_us: n=4406 p50 217.0 p90 305.0 p99 413.0 max 727.0 us
  straggler_waits (cumulative per leader log, summed over 5 leaders): 5; waits with straggler_wait_us > 0: 5 of 4406 proposals, p50 48.8 p90 57.0 max 57.0 ms, total 0.18 s
  direct votes at the leaders: received 0 (duplicates dropped 0); sent by those nodes 0, fallbacks to gossip 0; leaders led 4406 views = 52872 vote messages expected (2 rounds x 6); direct share of those 0.0%
5. validators
validators n=7: cpu total 1.07 cores, per key mean 0.154 median 0.153 max 0.160 (key 1) min 0.150; rss per key peak mean 0.123 max 0.124 G, sum of peaks 0.9 G; threads per key mean 39, total 273
libp2p connections (last census of 5): 36 in all (a full mesh of 7 is 21); sockets per process min 4 median 6 max 6
== loop348K7Ab  (E=1: seven validator keys on one execution layer)
  window 1: canonical 467 blocks, 93.3M tx = 3,110,500/s (100.0% of window 1), full 465/467 (100%); cycle mean/median/p90 64.0/61.5/72.8 ms
    leader builds 467: sealed_at median/p90/p99 50/75/101; phases median/p90 ms: gap_before_exec 8/53, state_wait 8/53, par 51/87, par_exec 21/27, roots 29/42, parent_fields 2/18, sealed 3/19
    state_wait_on {'none': 128, 'output': 246, 'grandparent': 90, 'open': 3}; builds with state_wait > 20 ms: 103 ([('grandparent', 84), ('output', 19)]); gp_layer {1.0: 467}, ggp_missing {0.0: 366, 1.0: 101}
    queue at the builds min/median 593,000/2,517,000
    new field batch_cpu_sum_us: median/p90/max 587712.0/745154.0/1982740, nonzero 467
    new field batch_dispatch_us: median/p90/max 209.0/295.0/965, nonzero 467
    new field batch_first_start_us: median/p90/max 81.0/126.0/371, nonzero 467
    new field batch_ivcsw: median/p90/max 1.0/7.0/34, nonzero 266
    new field batch_last_end_us: median/p90/max 21422.0/27487.0/63720, nonzero 467
    new field batch_last_start_us: median/p90/max 16583.0/21237.0/59491, nonzero 467
    new field batch_live_deferred: median/p90/max 72.0/80.0/90, nonzero 467
    new field batch_live_lock_hold_us: median/p90/max 10443.0/12263.0/16884, nonzero 467
    new field batch_live_lock_wait_us: median/p90/max 0.0/0.0/0, nonzero 0
    new field batch_live_lock_waits: median/p90/max 0.0/0.0/0, nonzero 0
    new field batch_majflt: median/p90/max 0.0/0.0/0, nonzero 0
    new field batch_minflt: median/p90/max 722.0/9565.0/28319, nonzero 466
    new field batch_open_max_us: median/p90/max 427.0/516.0/2184, nonzero 467
    new field batch_open_sum_us: median/p90/max 10407.0/12723.0/35260, nonzero 467
    new field batch_threads: median/p90/max 32.0/32.0/32, nonzero 467
    new field batch_vcsw: median/p90/max 178.0/502.0/964, nonzero 467
    new field batch_view_index_wait_us: median/p90/max 0.0/20407.0/55046, nonzero 107
    new field batch_view_index_waits: median/p90/max 0.0/273.0/736, nonzero 107
    new field batch_view_slot_wait_us: median/p90/max 0.0/1964.0/5346, nonzero 116
    new field batch_view_slot_waits: median/p90/max 0.0/55.0/124, nonzero 116
    new field batch_wall_sum_us: median/p90/max 595284.0/752509.0/1984709, nonzero 467
    new field batches: median/p90/max 128.0/128.0/128, nonzero 467
    new field build_batches: median/p90/max 128.0/128.0/128, nonzero 467
    new field carried_depth: median/p90/max 1.0/1.0/1, nonzero 467
    new field exec_end_to_seal_us: median/p90/max 100.0/155.0/255, nonzero 467
    new field exec_partition_us: median/p90/max 6.0/9.0/979, nonzero 467
    new field exec_prepared_groups: {'true': 465, 'false': 2}
    new field exec_prepared_slots: {'true': 465, 'false': 2}
    new field exec_slots_us: median/p90/max 0.0/0.0/754, nonzero 2
    new field freeze_join_wait_us: median/p90/max 9414.0/16714.0/34409, nonzero 466
    new field freeze_late: {'true': 467}
    new field freeze_pool_own: {'true': 467}
    new field live_index_defer: {'true': 467}
    new field merge_accounts: median/p90/max 192140.0/195516.0/198162, nonzero 467
    new field merge_append_us: median/p90/max 2557.0/7106.0/22088, nonzero 467
    new field merge_early: {'false': 467}
    new field merge_join_wait_us: median/p90/max 0.0/0.0/0, nonzero 0
    new field merge_reverts: median/p90/max 192140.0/195516.0/198162, nonzero 467
    new field merge_reverts_us: median/p90/max 15678.0/20415.0/29415, nonzero 467
    new field merge_state_us: median/p90/max 37936.0/46579.0/71608, nonzero 467
    new field merge_tail_us: median/p90/max 0.0/0.0/1, nonzero 3
    new field merge_threads: median/p90/max 1.0/1.0/1, nonzero 467
    new field one_wave: {'false': 467}
    new field open_engine_us: median/p90/max 0.0/40268.0/77267, nonzero 101
    new field open_fallback: {'false': 366, 'true': 101}
    new field open_keep_us: median/p90/max 6.0/10.0/31, nonzero 467
    new field open_kept_accounts: median/p90/max 575961.0/583967.0/590020, nonzero 467
    new field open_layers: median/p90/max 3.0/3.0/3, nonzero 467
    new field open_provider_us: median/p90/max 98.0/178.0/544, nonzero 467
    new field plan_age_us: median/p90/max 48957.0/97946.0/146685, nonzero 467
    new field plan_ahead: median/p90/max 1.0/1.0/2, nonzero 467
    new field plan_body: median/p90/max 1.0/1.0/1, nonzero 465
    new field plan_body_us: median/p90/max 12955.0/16400.0/19918, nonzero 465
    new field plan_discard: {'': 467}
    new field plan_prep_us: median/p90/max 6847.0/12429.0/27647, nonzero 467
    new field plan_topup_txs: median/p90/max 0.0/0.0/155000, nonzero 2
    new field prep_from_plan: {'true': 465, 'false': 2}
    new field prev_seal_to_answer_us: median/p90/max 1827.0/3702.0/6576, nonzero 467
    new field prev_seal_to_entry_us: median/p90/max 0.0/0.0/0, nonzero 0
    new field prev_seal_to_header_us: median/p90/max 215.0/345.0/2040, nonzero 467
    new field prev_seal_to_import_us: median/p90/max 117206.0/152622.0/207646, nonzero 422
    new field prev_seal_to_request_us: median/p90/max 973.0/65497.0/85614, nonzero 467
    new field prev_seal_to_start_us: median/p90/max 1291.0/65811.0/85906, nonzero 467
    new field pull_bulk_txs: median/p90/max 200000.0/200000.0/200000, nonzero 467
    new field pull_bulk_us: median/p90/max 5.0/9.0/1012, nonzero 467
    new field receipts_late: {'false': 467}
    new field receipts_late_wait_us: median/p90/max 0.0/0.0/0, nonzero 0
    new field rename_fallbacks: median/p90/max 0.0/0.0/0, nonzero 0
    new field rename_record_waits: median/p90/max 0.0/0.0/0, nonzero 0
    new field root_apply_gap_us: median/p90/max 10.0/12.0/25, nonzero 467
    new field root_apply_total_us: median/p90/max 19969.0/27714.0/42234, nonzero 467
    new field root_compute_us: median/p90/max 22035.0/32008.0/45251, nonzero 467
    new field root_delta_us: median/p90/max 1175.0/3728.0/15087, nonzero 467
    new field root_index_us: median/p90/max 2625.0/4333.0/18616, nonzero 467
    new field root_leaves_us: median/p90/max 6742.0/10494.0/21158, nonzero 467
    new field root_note_us: median/p90/max 150.0/206.0/1010, nonzero 467
    new field root_ops_ahead: {'true': 467}
    new field root_ops_ahead_wait_us: median/p90/max 2708.0/9557.0/22980, nonzero 467
    new field root_ops_concat_us: median/p90/max 0.0/0.0/0, nonzero 0
    new field root_ops_encode_us: median/p90/max 5501.0/9834.0/21390, nonzero 467
    new field root_ops_finish_us: median/p90/max 2328.0/2939.0/8017, nonzero 467
    new field root_ops_sort_us: median/p90/max 3255.0/7331.0/21028, nonzero 467
    new field root_ops_us: median/p90/max 5060.0/11767.0/25377, nonzero 467
    new field root_rehash_us: median/p90/max 1390.0/1754.0/17532, nonzero 467
    new field root_retire_us: median/p90/max 1528.0/2412.0/6185, nonzero 467
    new field root_sort_us: median/p90/max 172.0/346.0/3122, nonzero 467
    new field root_undo_us: median/p90/max 341.0/633.0/3175, nonzero 467
    new field root_writes_us: median/p90/max 6564.0/8985.0/25003, nonzero 467
    new field seal_hashes_ahead: {'true': 467}
    new field seal_on_counters: {'true': 467}
    new field seal_to_complete_us: median/p90/max 107547.0/125822.0/148961, nonzero 467
    new field seal_to_frozen_us: median/p90/max 9399.0/16628.0/34358, nonzero 344
    new field seal_to_merge_end_us: median/p90/max 107461.0/125705.0/148872, nonzero 467
    new field seal_to_merge_start_us: median/p90/max 48417.0/61035.0/73821, nonzero 467
    new field seal_to_ops_ahead_us: median/p90/max 21261.0/31067.0/45615, nonzero 467
    new field seal_to_shards_ready_us: median/p90/max 15013.0/21278.0/38545, nonzero 467
    new field seal_to_state_ready_us: median/p90/max 107466.0/125712.0/148881, nonzero 467
    new field sealed_unix_us: median/p90/max 1791447678569336.0/1791447690410308.0/1791447693602027, nonzero 467
    new field start_walk_check_us: median/p90/max 0.0/0.0/812, nonzero 2
    new field start_walk_ids_us: median/p90/max 0.0/0.0/211, nonzero 2
    new field start_walk_settle_us: median/p90/max 0.0/0.0/84, nonzero 2
    new field start_walk_us: median/p90/max 0.0/0.0/4277, nonzero 2
    new field state_wait_us: median/p90/max 8522.0/53715.0/92417, nonzero 467
    new field view_journal_reads: median/p90/max 0.0/86016.0/143360, nonzero 213
    new field view_journal_searches: median/p90/max 0.0/226236.0/435924, nonzero 213
    new field view_journal_skips: median/p90/max 0.0/0.0/0, nonzero 0
    new field whole_take_noted: {'true': 467}
    binding wait (tick / quorum / seal share, mean cycle): tick 98% (64); quorum 1% (117); seal 1% (79); feed-bound (blocks under 95% of the tier): 2 of 467
    slowest key vote delay median/p90 12.7/61.6 ms
    engine own-import total_ms per block median/p90/max 40/66/86 (n=466)
    layer RSS 4.8 -> 26.4 G (max 26.4), in-memory blocks max 10
    execution layer cores busy 34.0    validators cores busy 1.1
    flood delivered (median per 5 s over the leg) 3,096,322/s
  window 2: canonical 467 blocks, 93.4M tx = 3,113,333/s (100.1% of window 1), full 467/467 (100%); cycle mean/median/p90 70.1/61.7/100.7 ms
    leader builds 468: sealed_at median/p90/p99 53/78/105; phases median/p90 ms: gap_before_exec 8/50, state_wait 7/49, par 54/87, par_exec 22/28, roots 31/46, parent_fields 4/22, sealed 5/23
    state_wait_on {'output': 224, 'none': 141, 'grandparent': 102, 'open': 1}; builds with state_wait > 20 ms: 109 ([('grandparent', 95), ('output', 14)]); gp_layer {1.0: 468}, ggp_missing {0.0: 355, 1.0: 113}
    queue at the builds min/median 2,311,500/2,515,500
    new field batch_cpu_sum_us: median/p90/max 622445.5/767095.0/2020527, nonzero 468
    new field batch_dispatch_us: median/p90/max 236.0/335.0/522, nonzero 468
    new field batch_first_start_us: median/p90/max 81.0/132.0/288, nonzero 468
    new field batch_ivcsw: median/p90/max 1.0/8.0/21, nonzero 287
    new field batch_last_end_us: median/p90/max 22899.0/28611.0/69665, nonzero 468
    new field batch_last_start_us: median/p90/max 17789.0/21686.0/56226, nonzero 468
    new field batch_live_deferred: median/p90/max 72.5/80.0/94, nonzero 468
    new field batch_live_lock_hold_us: median/p90/max 10970.5/13024.0/16880, nonzero 468
    new field batch_live_lock_wait_us: median/p90/max 0.0/0.0/0, nonzero 0
    new field batch_live_lock_waits: median/p90/max 0.0/0.0/0, nonzero 0
    new field batch_majflt: median/p90/max 0.0/0.0/6, nonzero 1
    new field batch_minflt: median/p90/max 933.5/9757.0/32432, nonzero 468
    new field batch_open_max_us: median/p90/max 433.0/529.0/2566, nonzero 468
    new field batch_open_sum_us: median/p90/max 10312.0/13086.0/17716, nonzero 468
    new field batch_threads: median/p90/max 32.0/32.0/32, nonzero 468
    new field batch_vcsw: median/p90/max 176.5/500.0/1139, nonzero 468
    new field batch_view_index_wait_us: median/p90/max 0.0/21430.0/60308, nonzero 110
    new field batch_view_index_waits: median/p90/max 0.0/281.0/836, nonzero 110
    new field batch_view_slot_wait_us: median/p90/max 0.0/2182.0/5129, nonzero 118
    new field batch_view_slot_waits: median/p90/max 0.0/54.0/147, nonzero 118
    new field batch_wall_sum_us: median/p90/max 631829.0/778876.0/2022779, nonzero 468
    new field batches: median/p90/max 128.0/128.0/128, nonzero 468
    new field build_batches: median/p90/max 128.0/128.0/128, nonzero 468
    new field carried_depth: median/p90/max 1.0/1.0/1, nonzero 468
    new field exec_end_to_seal_us: median/p90/max 94.0/150.0/319, nonzero 468
    new field exec_partition_us: median/p90/max 6.0/8.0/1605, nonzero 468
    new field exec_prepared_groups: {'true': 466, 'false': 2}
    new field exec_prepared_slots: {'true': 466, 'false': 2}
    new field exec_slots_us: median/p90/max 0.0/0.0/1609, nonzero 3
    new field freeze_join_wait_us: median/p90/max 8918.0/17203.0/31706, nonzero 468
    new field freeze_late: {'true': 468}
    new field freeze_pool_own: {'true': 468}
    new field live_index_defer: {'true': 468}
    new field merge_accounts: median/p90/max 193116.5/195963.0/198469, nonzero 468
    new field merge_append_us: median/p90/max 3609.0/7098.0/12920, nonzero 468
    new field merge_early: {'false': 468}
    new field merge_join_wait_us: median/p90/max 0.0/0.0/0, nonzero 0
    new field merge_reverts: median/p90/max 193116.5/195963.0/198469, nonzero 468
    new field merge_reverts_us: median/p90/max 14806.5/19595.0/29351, nonzero 468
    new field merge_state_us: median/p90/max 38003.5/45113.0/66760, nonzero 468
    new field merge_tail_us: median/p90/max 0.0/0.0/0, nonzero 0
    new field merge_threads: median/p90/max 1.0/1.0/1, nonzero 468
    new field one_wave: {'false': 468}
    new field open_engine_us: median/p90/max 0.0/40295.0/87004, nonzero 113
    new field open_fallback: {'false': 355, 'true': 113}
    new field open_keep_us: median/p90/max 6.0/10.0/25, nonzero 468
    new field open_kept_accounts: median/p90/max 579037.5/585453.0/592140, nonzero 468
    new field open_layers: median/p90/max 3.0/3.0/3, nonzero 468
    new field open_provider_us: median/p90/max 95.0/150.0/433, nonzero 468
    new field plan_age_us: median/p90/max 51002.5/92911.0/131510, nonzero 467
    new field plan_ahead: median/p90/max 1.0/1.0/1, nonzero 467
    new field plan_body: median/p90/max 1.0/1.0/2, nonzero 467
    new field plan_body_us: median/p90/max 15853.5/18962.0/22925, nonzero 466
    new field plan_discard: {'': 467, 'not_on_its_parent': 1}
    new field plan_prep_us: median/p90/max 6866.0/12279.0/22995, nonzero 467
    new field plan_topup_txs: median/p90/max 0.0/0.0/0, nonzero 0
    new field prep_from_plan: {'true': 466, 'false': 2}
    new field prev_seal_to_answer_us: median/p90/max 1809.0/3167.0/6548, nonzero 468
    new field prev_seal_to_entry_us: median/p90/max 0.0/0.0/0, nonzero 0
    new field prev_seal_to_header_us: median/p90/max 217.5/345.0/1029, nonzero 468
    new field prev_seal_to_import_us: median/p90/max 119263.0/151836.0/203706, nonzero 416
    new field prev_seal_to_request_us: median/p90/max 966.0/62695.0/117930, nonzero 468
    new field prev_seal_to_start_us: median/p90/max 1245.0/63037.0/118078, nonzero 468
    new field pull_bulk_txs: median/p90/max 200000.0/200000.0/200000, nonzero 468
    new field pull_bulk_us: median/p90/max 5.0/8.0/1156, nonzero 468
    new field receipts_late: {'false': 468}
    new field receipts_late_wait_us: median/p90/max 0.0/0.0/0, nonzero 0
    new field rename_fallbacks: median/p90/max 0.0/0.0/0, nonzero 0
    new field rename_record_waits: median/p90/max 0.0/0.0/0, nonzero 0
    new field root_apply_gap_us: median/p90/max 10.0/13.0/28, nonzero 468
    new field root_apply_total_us: median/p90/max 21707.0/31810.0/46990, nonzero 468
    new field root_compute_us: median/p90/max 23874.0/35213.0/82611, nonzero 468
    new field root_delta_us: median/p90/max 1121.0/2851.0/14996, nonzero 468
    new field root_index_us: median/p90/max 2851.0/6614.0/16873, nonzero 468
    new field root_leaves_us: median/p90/max 6808.0/11428.0/23335, nonzero 468
    new field root_note_us: median/p90/max 143.0/204.0/1313, nonzero 468
    new field root_ops_ahead: {'true': 468}
    new field root_ops_ahead_wait_us: median/p90/max 3068.0/8640.0/26311, nonzero 468
    new field root_ops_concat_us: median/p90/max 0.0/0.0/0, nonzero 0
    new field root_ops_encode_us: median/p90/max 5535.0/9615.0/25134, nonzero 468
    new field root_ops_finish_us: median/p90/max 2326.5/3248.0/10421, nonzero 468
    new field root_ops_sort_us: median/p90/max 3023.0/6845.0/12064, nonzero 468
    new field root_ops_us: median/p90/max 5429.5/11524.0/29518, nonzero 468
    new field root_rehash_us: median/p90/max 2014.5/3690.0/16398, nonzero 468
    new field root_retire_us: median/p90/max 1517.0/2350.0/6519, nonzero 468
    new field root_sort_us: median/p90/max 192.0/390.0/3135, nonzero 468
    new field root_undo_us: median/p90/max 334.5/618.0/3062, nonzero 468
    new field root_writes_us: median/p90/max 6744.0/9765.0/28232, nonzero 468
    new field seal_hashes_ahead: {'true': 468}
    new field seal_on_counters: {'true': 468}
    new field seal_to_complete_us: median/p90/max 109706.0/128148.0/163141, nonzero 468
    new field seal_to_frozen_us: median/p90/max 8907.0/17166.0/31657, nonzero 357
    new field seal_to_merge_end_us: median/p90/max 109622.5/128031.0/163059, nonzero 468
    new field seal_to_merge_start_us: median/p90/max 50598.5/66385.0/105176, nonzero 468
    new field seal_to_ops_ahead_us: median/p90/max 20381.5/30242.0/49494, nonzero 468
    new field seal_to_shards_ready_us: median/p90/max 14116.5/21769.0/34895, nonzero 468
    new field seal_to_state_ready_us: median/p90/max 109629.5/128043.0/163068, nonzero 468
    new field sealed_unix_us: median/p90/max 1791447708675559.0/1791447720797267.0/1791447723627066, nonzero 468
    new field start_walk_check_us: median/p90/max 0.0/0.0/133, nonzero 1
    new field start_walk_ids_us: median/p90/max 0.0/0.0/623, nonzero 1
    new field start_walk_settle_us: median/p90/max 0.0/0.0/0, nonzero 0
    new field start_walk_us: median/p90/max 0.0/0.0/5086, nonzero 1
    new field state_wait_us: median/p90/max 7687.5/49703.0/91348, nonzero 468
    new field view_journal_reads: median/p90/max 4096.0/77824.0/155648, nonzero 235
    new field view_journal_searches: median/p90/max 9860.0/218095.0/384505, nonzero 235
    new field view_journal_skips: median/p90/max 0.0/0.0/0, nonzero 0
    new field whole_take_noted: {'true': 468}
    binding wait (tick / quorum / seal share, mean cycle): tick 90% (64); quorum 10% (116); seal 0%; feed-bound (blocks under 95% of the tier): 0 of 467
    slowest key vote delay median/p90 16.3/109.2 ms
    engine own-import total_ms per block median/p90/max 39/57/82 (n=467)
    layer RSS 26.4 -> 34.1 G (max 34.1), in-memory blocks max 11
    execution layer cores busy 35.7    validators cores busy 1.1
  window 3: canonical 450 blocks, 90.0M tx = 3,000,000/s (96.4% of window 1), full 450/450 (100%); cycle -
    leader builds 450: sealed_at median/p90/p99 57/83/103; phases median/p90 ms: gap_before_exec 10/60, state_wait 10/60, par 58/95, par_exec 21/27, roots 31/48, parent_fields 2/22, sealed 2/24
    state_wait_on {'none': 99, 'output': 186, 'grandparent': 165}; builds with state_wait > 20 ms: 163 ([('grandparent', 153), ('output', 10)]); gp_layer {1.0: 450}, ggp_missing {0.0: 276, 1.0: 174}
    queue at the builds min/median 2,273,000/2,513,500
    new field batch_cpu_sum_us: median/p90/max 587580.0/739432.0/2280399, nonzero 450
    new field batch_dispatch_us: median/p90/max 214.0/304.0/1444, nonzero 450
    new field batch_first_start_us: median/p90/max 74.0/113.0/264, nonzero 450
    new field batch_ivcsw: median/p90/max 1.0/6.0/24, nonzero 269
    new field batch_last_end_us: median/p90/max 21421.5/27803.0/78778, nonzero 450
    new field batch_last_start_us: median/p90/max 16537.5/21406.0/64249, nonzero 450
    new field batch_live_deferred: median/p90/max 74.0/83.0/177, nonzero 450
    new field batch_live_lock_hold_us: median/p90/max 10684.0/13454.0/26483, nonzero 450
    new field batch_live_lock_wait_us: median/p90/max 0.0/0.0/0, nonzero 0
    new field batch_live_lock_waits: median/p90/max 0.0/0.0/0, nonzero 0
    new field batch_majflt: median/p90/max 0.0/0.0/3, nonzero 1
    new field batch_minflt: median/p90/max 866.0/10648.0/33432, nonzero 450
    new field batch_open_max_us: median/p90/max 441.5/539.0/2482, nonzero 450
    new field batch_open_sum_us: median/p90/max 10737.0/13360.0/18404, nonzero 450
    new field batch_threads: median/p90/max 32.0/32.0/32, nonzero 450
    new field batch_vcsw: median/p90/max 183.0/496.0/973, nonzero 450
    new field batch_view_index_wait_us: median/p90/max 0.0/20798.0/56022, nonzero 106
    new field batch_view_index_waits: median/p90/max 0.0/282.0/697, nonzero 106
    new field batch_view_slot_wait_us: median/p90/max 0.0/2030.0/16826, nonzero 111
    new field batch_view_slot_waits: median/p90/max 0.0/54.0/149, nonzero 111
    new field batch_wall_sum_us: median/p90/max 595294.0/758509.0/2282241, nonzero 450
    new field batches: median/p90/max 128.0/128.0/128, nonzero 450
    new field build_batches: median/p90/max 128.0/128.0/128, nonzero 450
    new field carried_depth: median/p90/max 1.0/1.0/1, nonzero 450
    new field exec_end_to_seal_us: median/p90/max 91.0/144.0/721, nonzero 450
    new field exec_partition_us: median/p90/max 6.0/8.0/1266, nonzero 450
    new field exec_prepared_groups: {'true': 448, 'false': 2}
    new field exec_prepared_slots: {'true': 448, 'false': 2}
    new field exec_slots_us: median/p90/max 0.0/0.0/1853, nonzero 2
    new field freeze_join_wait_us: median/p90/max 9075.0/15888.0/23944, nonzero 450
    new field freeze_late: {'true': 450}
    new field freeze_pool_own: {'true': 450}
    new field live_index_defer: {'true': 450}
    new field merge_accounts: median/p90/max 191646.0/195166.0/198659, nonzero 450
    new field merge_append_us: median/p90/max 3380.5/7708.0/14830, nonzero 450
    new field merge_early: {'false': 450}
    new field merge_join_wait_us: median/p90/max 0.0/0.0/0, nonzero 0
    new field merge_reverts: median/p90/max 191646.0/195166.0/198659, nonzero 450
    new field merge_reverts_us: median/p90/max 15291.0/20013.0/30648, nonzero 450
    new field merge_state_us: median/p90/max 37590.0/44648.0/62690, nonzero 450
    new field merge_tail_us: median/p90/max 0.0/0.0/4, nonzero 1
    new field merge_threads: median/p90/max 1.0/1.0/1, nonzero 450
    new field one_wave: {'false': 450}
    new field open_engine_us: median/p90/max 0.0/45769.0/101534, nonzero 174
    new field open_fallback: {'false': 276, 'true': 174}
    new field open_keep_us: median/p90/max 6.0/9.0/33, nonzero 450
    new field open_kept_accounts: median/p90/max 575124.0/581822.0/591857, nonzero 450
    new field open_layers: median/p90/max 3.0/3.0/3, nonzero 450
    new field open_provider_us: median/p90/max 83.0/144.0/564, nonzero 450
    new field plan_age_us: median/p90/max 54723.0/86485.0/153509, nonzero 450
    new field plan_ahead: median/p90/max 1.0/1.0/1, nonzero 450
    new field plan_body: median/p90/max 1.0/1.0/2, nonzero 450
    new field plan_body_us: median/p90/max 15402.5/19320.0/27512, nonzero 448
    new field plan_discard: {'': 450}
    new field plan_prep_us: median/p90/max 6680.0/13007.0/26276, nonzero 450
    new field plan_topup_txs: median/p90/max 0.0/0.0/0, nonzero 0
    new field prep_from_plan: {'true': 448, 'false': 2}
    new field prev_seal_to_answer_us: median/p90/max 1680.5/3275.0/6836, nonzero 450
    new field prev_seal_to_entry_us: median/p90/max 0.0/0.0/0, nonzero 0
    new field prev_seal_to_header_us: median/p90/max 195.0/339.0/2091, nonzero 450
    new field prev_seal_to_import_us: median/p90/max 122164.0/156285.0/204597, nonzero 356
    new field prev_seal_to_request_us: median/p90/max 918.5/1346.0/81050, nonzero 450
    new field prev_seal_to_start_us: median/p90/max 1210.0/1811.0/81354, nonzero 450
    new field pull_bulk_txs: median/p90/max 200000.0/200000.0/200000, nonzero 450
    new field pull_bulk_us: median/p90/max 5.0/8.0/837, nonzero 450
    new field receipts_late: {'false': 450}
    new field receipts_late_wait_us: median/p90/max 0.0/0.0/0, nonzero 0
    new field rename_fallbacks: median/p90/max 0.0/0.0/0, nonzero 0
    new field rename_record_waits: median/p90/max 0.0/0.0/0, nonzero 0
    new field root_apply_gap_us: median/p90/max 10.0/13.0/20, nonzero 450
    new field root_apply_total_us: median/p90/max 22215.0/32151.0/49380, nonzero 450
    new field root_compute_us: median/p90/max 24235.0/36056.0/53514, nonzero 450
    new field root_delta_us: median/p90/max 1128.5/2439.0/16963, nonzero 450
    new field root_index_us: median/p90/max 2859.5/6175.0/19840, nonzero 450
    new field root_leaves_us: median/p90/max 7004.5/11225.0/27570, nonzero 450
    new field root_note_us: median/p90/max 138.0/218.0/1179, nonzero 450
    new field root_ops_ahead: {'true': 450}
    new field root_ops_ahead_wait_us: median/p90/max 2358.0/7888.0/22965, nonzero 450
    new field root_ops_concat_us: median/p90/max 0.0/0.0/0, nonzero 0
    new field root_ops_encode_us: median/p90/max 5148.0/9105.0/21944, nonzero 450
    new field root_ops_finish_us: median/p90/max 2266.5/3408.0/5331, nonzero 450
    new field root_ops_sort_us: median/p90/max 3161.0/6644.0/16419, nonzero 450
    new field root_ops_us: median/p90/max 4971.0/10658.0/25458, nonzero 450
    new field root_rehash_us: median/p90/max 2553.5/3680.0/18439, nonzero 450
    new field root_retire_us: median/p90/max 1790.0/2691.0/5691, nonzero 450
    new field root_sort_us: median/p90/max 183.0/401.0/5539, nonzero 450
    new field root_undo_us: median/p90/max 343.0/640.0/2941, nonzero 450
    new field root_writes_us: median/p90/max 6561.0/9972.0/36473, nonzero 450
    new field seal_hashes_ahead: {'true': 450}
    new field seal_on_counters: {'true': 450}
    new field seal_to_complete_us: median/p90/max 109206.0/126633.0/169300, nonzero 450
    new field seal_to_frozen_us: median/p90/max 9042.0/15844.0/23920, nonzero 335
    new field seal_to_merge_end_us: median/p90/max 109118.0/126539.0/169195, nonzero 450
    new field seal_to_merge_start_us: median/p90/max 49672.5/66432.0/98645, nonzero 450
    new field seal_to_ops_ahead_us: median/p90/max 20454.5/28604.0/40166, nonzero 450
    new field seal_to_shards_ready_us: median/p90/max 14502.5/20846.0/28277, nonzero 450
    new field seal_to_state_ready_us: median/p90/max 109124.0/126544.0/169203, nonzero 450
    new field sealed_unix_us: median/p90/max 1791447738969194.0/1791447750746675.0/1791447753597199, nonzero 450
    new field start_walk_check_us: median/p90/max 0.0/0.0/0, nonzero 0
    new field start_walk_ids_us: median/p90/max 0.0/0.0/0, nonzero 0
    new field start_walk_settle_us: median/p90/max 0.0/0.0/0, nonzero 0
    new field start_walk_us: median/p90/max 0.0/0.0/0, nonzero 0
    new field state_wait_us: median/p90/max 10183.0/60015.0/112766, nonzero 450
    new field view_journal_reads: median/p90/max 0.0/73728.0/139264, nonzero 210
    new field view_journal_searches: median/p90/max 0.0/216428.0/424146, nonzero 210
    new field view_journal_skips: median/p90/max 0.0/0.0/0, nonzero 0
    new field whole_take_noted: {'true': 450}
    engine own-import total_ms per block median/p90/max 45/71/96 (n=451)
    layer RSS 33.7 -> 41.5 G (max 41.5), in-memory blocks max 12
    execution layer cores busy 33.5    validators cores busy 1.0
  round total (3 windows, canonical): 276.7M tx
  layer peak RSS 41.5 G; in-memory blocks max 12
  fields at seal: mode "early", verified 0, unchecked 0, mismatches 0 (last build line, cumulative)
  own_executed_again (built here and also directly imported): 0 of 1434 built blocks
== loop348K7Ab
  layer-0 leader window-1 builds 468: txs mean 199818, share >= 95% of the tier 100% (max 200000); sealed_at_ms 50.0/75.0; par_ms 51.0/87.0; par_exec_ms 21.0/27.0; roots_ms 29.0/42.0; parent_fields_ms 2.0/18.0; sealed_ms 3.0/19.0
  proposal cycle window 1 (n=484): mean 64.0 median 61.5 p90 72.8 ms; blocks in the 30 s: 484
  binding wait (tick / quorum / seal, share and mean cycle): tick 98.3% (63.6); quorum 0.6% (117.4); seal 1.1% (78.7)
  vote delay after the proposal, slowest key per block: median 12.6 p90 61.6 ms (slowest minus the median key: median 0.2); last key: {1: 96, 2: 95, 3: 53, 4: 90, 5: 71, 6: 63} of 468 blocks
  CPU in window 1 (cores busy): execution layers 34.0 over 1 process(es); validators 1.1 over 7 process(es)
  execution layer peak RSS 41.5 G; in-memory blocks max 12 (node0 and others, all layers)
  blocks built here 1434; none also directly imported
  import-once counters at the last direct import: ; start-up lines with import_once=true: 1; queue-lock lines 0
  layer-0 queue (queued after canonical prune), median per 10 s: t+0:2457000 t+20:2466750 t+40:2410000 t+60:2449500 t+80:2424500
  flood: median per 5 s 3096322/s, final -
  timeout / given-up lines: 0; 
loop348K7Ab page_faults_per_s_median: node0=182599 
feedcheck loop348K7Ab: ok (block 200,000 tx)
== loop348K7Ab: feed check (acq_us / gate_us / reply_us are per frame of 500; rate per 5 s `ingest` line)
  window 1: ingest lines 6; acq_us 468 (max 495); gate_us 6950; reply_us 7518; slots_busy 13%; delivered median 3,116,064/s max 3,280,241/s; queue at builds median 2,517,000 min 593,000; full 100% of 467 blocks
  window 2: ingest lines 6; acq_us 468 (max 472); gate_us 7458; reply_us 8024; slots_busy 12%; delivered median 3,094,114/s max 3,168,362/s; queue at builds median 2,515,500 min 2,311,500; full 100% of 467 blocks
  window 3: ingest lines 6; acq_us 469 (max 481); gate_us 7430; reply_us 7998; slots_busy 12%; delivered median 3,063,686/s max 3,245,335/s; queue at builds median 2,513,500 min 2,273,000; full 100% of 450 blocks
  flood.log (+15..+100 s): rate per 5 s median 3,079,725/s max 3,237,931/s; reply latency median 62.0 ms max 70.3 ms
== loop348K7Ab: lanes lock, drain and pruner (new fields)
  window 1: lock duty 53.5% (max 57.0); holds/5s 2,252; longest hold 23.86 ms median, 30.75 ms max by crates/n42/tx-queue/src/lib.rs:2046 (most frequent holders [('crates/n42/tx-queue/src/lib.rs:2046', 3), ('crates/n42/tx-queue/src/lib.rs:2576', 1)]); lock wait 2082.4 ms/5s, longest 30.78 ms; drains/5s 1,026 of 15204 tx, mean 1212 us, max 22.23 ms
           prune (425 blocks): prune_ms 31/56; fold 0.5 ms, lock 0.0 ms, remove(hold) 9.0 ms, free 0.0 ms; frames_swept 400; coalesced on 425 of 425; prune_wait_ms 0/0; pruner busy 48% of a thread, lock held by it 1.5%
  window 2: lock duty 55.5% (max 57.0); holds/5s 2,133; longest hold 25.28 ms median, 41.99 ms max by crates/n42/tx-queue/src/lib.rs:2576 (most frequent holders [('crates/n42/tx-queue/src/lib.rs:2046', 4), ('crates/n42/tx-queue/src/lib.rs:2692', 1)]); lock wait 2383.0 ms/5s, longest 40.67 ms; drains/5s 949 of 16281 tx, mean 1416 us, max 17.23 ms
           prune (417 blocks): prune_ms 35/52; fold 0.6 ms, lock 0.0 ms, remove(hold) 10.4 ms, free 0.0 ms; frames_swept 400; coalesced on 417 of 417; prune_wait_ms 0/0; pruner busy 49% of a thread, lock held by it 1.5%
  window 3: lock duty 56.5% (max 60.0); holds/5s 2,122; longest hold 27.94 ms median, 32.40 ms max by crates/n42/tx-queue/src/lib.rs:2046 (most frequent holders [('crates/n42/tx-queue/src/lib.rs:2046', 6)]); lock wait 2462.6 ms/5s, longest 29.60 ms; drains/5s 974 of 15747 tx, mean 1355 us, max 23.96 ms
           prune (380 blocks): prune_ms 38/59; fold 0.7 ms, lock 0.0 ms, remove(hold) 11.5 ms, free 0.0 ms; frames_swept 400; coalesced on 380 of 380; prune_wait_ms 0/0; pruner busy 49% of a thread, lock held by it 1.7%
== loop348K7Ab: pruner (per block; busy = sum prune_ms / 30 s, lock = sum (remove_us + settle_us) / 30 s)
  window 1: 425 prunes; prune_ms 31/56; remove_us 9.0/19.8 ms; forget_us 2.8/5.3 ms; settle_us 2.9 ms; pruner busy 48% of a worker; lanes lock held for removal 21%
  window 2: 417 prunes; prune_ms 35/52; remove_us 10.4/20.0 ms; forget_us 2.9/5.7 ms; settle_us 3.4 ms; pruner busy 49% of a worker; lanes lock held for removal 22%
  window 3: 380 prunes; prune_ms 38/59; remove_us 11.5/22.0 ms; forget_us 3.3/6.5 ms; settle_us 3.7 ms; pruner busy 49% of a worker; lanes lock held for removal 22%
== loop348K7Ab: seal start / pull, prepared plan, answer, chunked drain
  window 1: 467 builds; start_best_ms 3/13; start_walk_us 0/0; start_pull_ms 0/0; par_pull_ms 0/0; par_start_ms 3/13; par_ms 51/87; sealed_at_ms 50/75; pull_bulk_us 5/9; pull_bulk_txs 200000/200000; plan_age_us 48957/97946; plan_prep_us 6847/12429; plan_topup_txs 0/0
           plan_ahead {'2': 2, '1': 465}; plan_discard {'': 467}
           answer: built-ahead bytes median/max 15,243/15,245, layout_only {'true': 468}; proposal sent bytes median/max 15,243/15,245, layout_only {'true': 468}
           drain: chunks/5s 854, chunk max 8,192 tx, finished by others/5s 52; plan_discards (last ingest line) -
  window 2: 468 builds; start_best_ms 4/16; start_walk_us 0/0; start_pull_ms 0/0; par_pull_ms 0/0; par_start_ms 4/16; par_ms 54/87; sealed_at_ms 53/78; pull_bulk_us 5/8; pull_bulk_txs 200000/200000; plan_age_us 51002/92911; plan_prep_us 6866/12279; plan_topup_txs 0/0
           plan_ahead {'1': 467, '0': 1}; plan_discard {'': 467, 'not_on_its_parent': 1}
           answer: built-ahead bytes median/max 15,245/15,245, layout_only {'true': 468}; proposal sent bytes median/max 15,245/15,245, layout_only {'true': 466}
           drain: chunks/5s 815, chunk max 8,192 tx, finished by others/5s 50; plan_discards (last ingest line) -
  window 3: 450 builds; start_best_ms 2/15; start_walk_us 0/0; start_pull_ms 0/0; par_pull_ms 0/0; par_start_ms 2/15; par_ms 58/95; sealed_at_ms 57/83; pull_bulk_us 5/8; pull_bulk_txs 200000/200000; plan_age_us 54723/86485; plan_prep_us 6680/13007; plan_topup_txs 0/0
           plan_ahead {'1': 450}; plan_discard {'': 450}
           answer: built-ahead bytes median/max 15,245/15,245, layout_only {'true': 449}; proposal sent bytes median/max 15,245/15,245, layout_only {'true': 450}
           drain: chunks/5s 830, chunk max 8,192 tx, finished by others/5s 50; plan_discards (last ingest line) -
== loop348K7Ab: persistence per window (ms per block = part sum / blocks persisted)
  window 1: persisted 464 of 467 produced (99%); total 31.1, sf_tx 27.4, sf_rcpt 6.1, sf_acct 12.9, sf_send 10.7, scope 27.6, qmdb 13.6, post 0.0, pre 3.5, plain_rev 3.5, commit_sf 0.8, commit_mdbx 0.1, commit_rocks 0.0; longest task sf_tx 27.4; in-memory 7 -> 10 (max 10); RSS 4.8 -> 26.4 G; lag 8 -> 8 = +0.0 blocks/min; bp max 0
  window 2: persisted 465 of 467 produced (100%); total 33.6, sf_tx 30.3, sf_rcpt 6.7, sf_acct 13.9, sf_send 11.2, scope 30.3, qmdb 15.1, post 0.0, pre 3.2, plain_rev 3.2, commit_sf 0.8, commit_mdbx 0.1, commit_rocks 0.1; longest task sf_tx 30.3; in-memory 10 -> 10 (max 11); RSS 26.4 -> 33.7 G; lag 8 -> 10 = +4.0 blocks/min; bp max 0
  window 3: persisted 452 of 450 produced (100%); total 34.3, sf_tx 30.9, sf_rcpt 6.3, sf_acct 13.3, sf_send 10.9, scope 31.0, qmdb 15.0, post 0.0, pre 3.3, plain_rev 3.3, commit_sf 0.8, commit_mdbx 0.1, commit_rocks 0.1; longest task sf_tx 30.9; in-memory 10 -> 9 (max 10); RSS 33.7 -> 41.2 G; lag 10 -> 10 = +0.0 blocks/min; bp max 0
  leg end: in-memory 8, max over the sampler 12, backpressure stalls 0
== loop348K7Ab: execution and root fields (median / p90 per block); over 1434 full builds: rename_fallbacks total 0, rename_record_waits total 0, carried_depth values ['1']
    folded lines 469: pending_max max 86 (median 71); pending_us_max max 16,547; drops_max max 52423
    flags: seal_on_counters true:467; freeze_pool_own true:467; plan_body 0:2/1:465; prep_from_plan false:2/true:465; plan_ahead 1:465/2:2; seal per 1,000 transfers 0.250 ms
  window 1 (467 builds): on-CPU share 1.00/1.00; CPU per transfer 2.94/3.73 us; sealed_at_ms 50/75; par_exec_ms 21/27; par_fold_ms 9/16; index_ms 13/18; par_start_ms 3/13; gap_before_exec_ms 8/53; state_wait_us 8,522/53,715; parent_fields_ms 2/18; roots_ms 29/42; seal_to_fields_us 48,268/60,881; seal_to_complete_us 107,547/125,822; rename_fallbacks 0/0; rename_record_waits 0/0; carried_depth 1/1; plan_body_us 12,955/16,400; batch_max_ms 8/12; tx_root_ms 1/1; sealed_ms 3/19
    folded lines 467: pending_max max 86 (median 71); pending_us_max max 23,946; drops_max max 37039
    flags: seal_on_counters true:468; freeze_pool_own true:468; plan_body 0:1/1:466/2:1; prep_from_plan false:2/true:466; plan_ahead 0:1/1:467; seal per 1,000 transfers 0.265 ms
  window 2 (468 builds): on-CPU share 1.00/1.00; CPU per transfer 3.11/3.84 us; sealed_at_ms 53/78; par_exec_ms 22/28; par_fold_ms 9/17; index_ms 14/21; par_start_ms 4/16; gap_before_exec_ms 8/50; state_wait_us 7,688/49,703; parent_fields_ms 4/22; roots_ms 31/46; seal_to_fields_us 50,408/66,084; seal_to_complete_us 109,706/128,148; rename_fallbacks 0/0; rename_record_waits 0/0; carried_depth 1/1; plan_body_us 15,854/18,962; batch_max_ms 9/13; tx_root_ms 1/1; sealed_ms 5/23
    folded lines 449: pending_max max 87 (median 72); pending_us_max max 16,805; drops_max max 42627
    flags: seal_on_counters true:450; freeze_pool_own true:450; plan_body 1:448/2:2; prep_from_plan false:2/true:448; plan_ahead 1:450; seal per 1,000 transfers 0.285 ms
  window 3 (450 builds): on-CPU share 1.00/1.00; CPU per transfer 2.94/3.70 us; sealed_at_ms 57/83; par_exec_ms 21/27; par_fold_ms 9/15; index_ms 13/18; par_start_ms 2/15; gap_before_exec_ms 10/60; state_wait_us 10,183/60,015; parent_fields_ms 2/22; roots_ms 31/48; seal_to_fields_us 49,550/66,295; seal_to_complete_us 109,206/126,633; rename_fallbacks 0/0; rename_record_waits 0/0; carried_depth 1/1; plan_body_us 15,402/19,320; batch_max_ms 9/13; tx_root_ms 1/1; sealed_ms 2/24
== loop348K7Ab: 4406 proposals; proposal -> quorum (leader's commit) median 7.3 / p90 38.7 / max 131.7 ms; proposal interval median 61.5 / p90 62.5 ms; TC formed lines 0; leader views timed out 0; ParentUnknown lines 0
   handover at view 1024: proposal intervals (view, ms) [(1023, 61), (1024, 141), (1025, 105), (1026, 62), (1027, 62)] against the median 61 ms
   handover at view 2048: proposal intervals (view, ms) [(2047, 61), (2048, 62), (2049, 62), (2050, 61), (2051, 61)] against the median 61 ms
   handover at view 3072: proposal intervals (view, ms) [(3071, 61), (3072, 62), (3073, 62), (3074, 61), (3075, 62)] against the median 61 ms
   handover at view 4096: proposal intervals (view, ms) [(4095, 62), (4096, 62), (4097, 62), (4098, 62), (4099, 62)] against the median 61 ms
     block 1025 (view 1024): sealed_at_ms 104, gap_before_exec_ms 14, parent_fields_ms 64, rename_fallbacks 0, rename_record_waits 0, carried_depth 1
     block 1026 (view 1025): sealed_at_ms 35, gap_before_exec_ms 7, parent_fields_ms 7, rename_fallbacks 0, rename_record_waits 0, carried_depth 1
     block 1027 (view 1026): sealed_at_ms 49, gap_before_exec_ms 0, parent_fields_ms 10, rename_fallbacks 0, rename_record_waits 0, carried_depth 1
     block 1028 (view 1027): sealed_at_ms 50, gap_before_exec_ms 5, parent_fields_ms 23, rename_fallbacks 0, rename_record_waits 0, carried_depth 1
flood span 95 s; tokio-rt threads alive throughout 34 of 75; group 9.5 cores busy over them (all threads incl. short-lived 12.4)
  per-thread cores busy, top 12: 0.58 0.58 0.58 0.57 0.57 0.57 0.56 0.56 0.55 0.55 0.55 0.55; threads over 0.9 core: 0, over 0.7: 0
== loop348K7Ab: 1385 full builds in the 3 windows
  par_exec_ms 21/28; par_run_ms 33/76; batch_start_skew_ms 16/21; batch_median_ms 4/5; batch_max_ms 9/13; batch_first_start_us 78/124; batch_last_start_us 16880/21467; batch_dispatch_us 219/312; batch_last_end_us 21904/28316; batches 128/128; batch_threads 32/32; batch_txs_max 2000/2000; batch_txs_min 1500/1500; start_walk_ms 0/0; start_walk_check_ms 0/0; par_start_ms 3/15; sealed_at_ms 53/79; prev_seal_to_answer_us 1771/3373; prev_seal_to_entry_us 0/0; prev_seal_to_header_us 209/341; prev_seal_to_import_us 119253/152622; prev_seal_to_request_us 953/62998; prev_seal_to_start_us 1246/63246; start_walk_check_us 0/0; start_walk_ids_us 0/0; start_walk_settle_us 0/0; start_walk_us 0/0
  one_wave {'false': 1385}
  batches == batch_threads on 0 of 1385 builds
  last - first batch start (ms) median/p90 16.80/21.33; under 2 ms on 0 of 1385 builds
bodygate loop348K7Ab: invalid_blocks=0 gas_mismatch=0 fields_mismatches=0 own_not_committed=0 proposals_given_up=0
datadirs of this round wiped; /data free 598G
released at 04:25
ALLDONE
