/data free 645G at launch
tree at 9cff510c8 (test(fleet7): loop345 runner and launcher quartet); box free at 15:54; builds:
built at 15:54; ingest/tx-types tests:
test result: ok. 65 passed; 0 failed; 0 ignored; 0 measured; 0 filtered out; finished in 1.07s
test result: ok. 21 passed; 0 failed; 4 ignored; 0 measured; 0 filtered out; finished in 8.90s
flood tests:
test result: ok. 8 passed; 0 failed; 1 ignored; 0 measured; 0 filtered out; finished in 0.81s
tests from 15:55 (no claim)
tests passed at 16:06: 1378 tests
built 9cff510c8+tree at 16:06
waiting for a quiet box from 16:06
claimed at 16:56 (1791406547): avail 99G load 9.81
tip 9cff510c8 tree: 2 changed files; native n42 built 13:07:10, h2_validator 13:04:38, deferred n42 13:27:48; last source change 13:03:57 (crates/n42/tx-queue/src/lib.rs)
replay set for every leg: /data/n42-pregen/g900000-400m (senders 12500)
leg loop345W4: /data free 682G (needs 120 G)
load 9.81 at 16:56:22, waiting
leg loop345W4 start 16:56:52 load 5.94
round loop345W4 exit 0 at 16:59:53
loop345W4 save stages (node0, seconds summed over the leg / count): batch_size=996.0/330  batch_size=996.0/330  reth_consensus_engine_beacon_persistence_duration=61.8/330  duration_seconds=59.1/330  total=54.4/330  scope=49.5/330  sf=49.4/330  sf_transactions=49.1/330  qmdb_persisted=23.0/330  sf_account_changesets=21.1/330
el binary: /data/n42-build/target-n42-rs/native/release/n42 env: N42_IMPORT_ONCE=1 N42_SETTLEMENT_TAGS=legacy N42_BUILD_THROTTLE_SOFT=48 F7_EL_MAP=0,0,0,0,0,0,0 N42_FIELDS_AT_SEAL=1 N42_FREEZE_AFTER_SEAL=1 N42_FRAME_BLOCKS=1 N42_TX_INGEST_RECOVER_PARALLEL=24 N42_PARALLEL_BUILD_THREADS=32 N42_PLAN_AHEAD=1 N42_HASHED_TABLES=off F7_FLOOD_RATE=6000000 N42_COMPACT_BODY=1 MALLOC_CONF=thp:always,oversize_threshold:0,dirty_decay_ms:2000,background_thread:true N42_ACCOUNT_HISTORY=off N42_TAKE_COMPACT=1 N42_SF_EARLY_WRITEBACK=1 N42_ROAD_RUNTIME=1 N42_TX_INGEST_HIGH_WATER=2500000 F7_BENCH_POOL_SLOTS=3000000 N42_SEAL_AT_EXEC=1 N42_TX_QUEUE_DRAIN_CHUNK=8192 N42_ANSWER_LAYOUT_ONLY=1 N42_PULL_BY_FRAMES=1 N42_SF_PARALLEL_ENCODE=1 N42_BUILD_THROTTLE_HARD=80 N42_LIVE_INDEX_DEFER=1 RAYON_NUM_THREADS=16 N42_ROOT_OPS_AHEAD=1 TOKIO_WORKER_THREADS=16 N42_QMDB_READS=on N42_LEADER_LAYERS=3 N42_PERSIST_QMDB_IN_SCOPE=1 F7_BLOCK_INTERVAL_MS=120 F7_MEASURE_FROM_LOG=1
validator env: N42_IMPORT_ONCE=1 N42_SETTLEMENT_TAGS=legacy N42_BUILD_THROTTLE_SOFT=48 F7_EL_MAP=0,0,0,0,0,0,0 N42_FIELDS_AT_SEAL=1 N42_FREEZE_AFTER_SEAL=1 N42_FRAME_BLOCKS=1 N42_TX_INGEST_RECOVER_PARALLEL=24 N42_PARALLEL_BUILD_THREADS=32 N42_PLAN_AHEAD=1 N42_HASHED_TABLES=off F7_FLOOD_RATE=6000000 N42_COMPACT_BODY=1 N42_ACCOUNT_HISTORY=off N42_TAKE_COMPACT=1 N42_SF_EARLY_WRITEBACK=1 N42_ROAD_RUNTIME=1 N42_TX_INGEST_HIGH_WATER=2500000 F7_BENCH_POOL_SLOTS=3000000 N42_SEAL_AT_EXEC=1 N42_TX_QUEUE_DRAIN_CHUNK=8192 N42_ANSWER_LAYOUT_ONLY=1 N42_PULL_BY_FRAMES=1 N42_SF_PARALLEL_ENCODE=1 N42_BUILD_THROTTLE_HARD=80 N42_LIVE_INDEX_DEFER=1 RAYON_NUM_THREADS=16 N42_ROOT_OPS_AHEAD=1 TOKIO_WORKER_THREADS=16 N42_QMDB_READS=on N42_LEADER_LAYERS=3 N42_PERSIST_QMDB_IN_SCOPE=1 F7_MEASURE_FROM_LOG=1
loop345W4 once: start-up lines import_once=true 1; last direct-import counters 
loop345W4 imports: layers=1 direct_imports=0 canonical_blocks=1348 import_once_lines=1 (per layer: direct imports should equal canonical blocks for one execution per block)
grep: /data/blockchain/rust-fleet7-bench/node1/el.log: No such file or directory
grep: /data/blockchain/rust-fleet7-bench/node2/el.log: No such file or directory
grep: /data/blockchain/rust-fleet7-bench/node3/el.log: No such file or directory
grep: /data/blockchain/rust-fleet7-bench/node1/el.log: No such file or directory
grep: /data/blockchain/rust-fleet7-bench/node2/el.log: No such file or directory
grep: /data/blockchain/rust-fleet7-bench/node3/el.log: No such file or directory
cat: /data/blockchain/rust-fleet7-bench/node2/el.log: No such file or directory
cat: /data/blockchain/rust-fleet7-bench/node2/el.log: No such file or directory
cat: /data/blockchain/rust-fleet7-bench/node2/el.log: No such file or directory
cat: /data/blockchain/rust-fleet7-bench/node1/el.log: No such file or directory
cat: /data/blockchain/rust-fleet7-bench/node2/el.log: No such file or directory
cat: /data/blockchain/rust-fleet7-bench/node3/el.log: No such file or directory
loop345W4 no_variant=0 own_not_committed=0 tc=1 invalid_blocks=0 incomplete=0 gas_mismatch=0 direct_imports_failed=0 stuck_at_hashed_state=0 engine_idles_over_5s=1 proposals_given_up=0 tables_off_nodes=1 unanswered_reads=0 seal_first_total=755 seal_first_direct=755 direct_guard_errors=0 commit_ms_median=47 fold_ms_median=58 sealed_at_ms_median=116 state_ready_ms_median=194 build_total_ms_median=345 recover_us_median=0 par_exec_ms_median=40 par_exec_ms_median=40 giveback_filtered=0 giveback_offered_max=0 seal_first=755 reader_lag_max=9 reader_lag_warns=0 view_invalidated=0 el_sum_peak_g=47.4 el_max_peak_g=47.4 val_sum_peak_g=1.9 flood_peak_g=0.6 two_roads_blocks=0 two_roads_overlap_ms_median=- exec_on_output_declined=0 r1_collect_ms_median=5 proposal_at_ms_median=109 view_total_ms_median=121 import_exec_ms_median=- import_total_ms_median=- import_senders_ms_median=- import_convert_ms_median=- import_groups_median=- imports_over_600ms=0 min_avail_g=65.7 road_foreign_body_recv_ms=- road_foreign_body_decode_ms=- road_foreign_body_senders_ms=- road_foreign_body_parent_wait_ms=- road_foreign_body_check_ms=- road_foreign_body_total_ms=- road_new_payload_recv_ms=- road_new_payload_decode_ms=- road_new_payload_senders_ms=- road_new_payload_parent_wait_ms=- road_new_payload_check_ms=- road_new_payload_total_ms=- road_foreign_body_blocks=0 road_new_payload_blocks=0 fcu_answered=635 fcu_in_flight_ms_median=33 fcu_queued_ms_median=0 fcu_queued_ms_max=67 fcu_refused=0 fcu_slow=868 bodies_held=0 road_reuse_ms=- road_prepare_ms=- road_dispatch_ms=- road_convert_ms=- road_remember_ms=- road_header_ms=- road_fields_ms=- road_other_ms=- import_engine_ms_median=- gate_forced=0 gate_warns=0 flood_timeouts=0 canonical_min=1357 canonical_max=1357 chained_builds=1029 chain_lead_ms_median=83 chain_wait_ms_median=39 chain_started=1031 chain_discarded=2 chain_discard_reasons=_1_reason="no_,_1_reason="the_execution_layer_produced_nothing,_1_reason="the_request_names_another_parent chain_alias_warns=0 el_chained=1035 bodies_held_warns=0 el_build_refused=2 el_build_refused_reasons=_2_no_QMDB_tree_for_parent_block_0x queued_p5=2121000 queued_p50=2512000 road_compact_blocks=0 road_compact_recv_ms=- road_compact_assemble_ms=- road_compact_root_ms=- road_compact_miss_wait_ms=- road_compact_senders_ms=- road_compact_check_ms=- road_compact_other_ms=- road_compact_total_ms=- road_compact_misses_total= compact_refused_el=0 compact_fallbacks=0 compact_bytes_median=- pool_order9=14993 par_pull_ms_median=- build_total_ms_median2=- road_compact_filled_blocks=0 road_compact_filled_median=- road_compact_fill_ms_median=- need_txns=0 fill_failed=0 ingest_rate_gate_open_median=- ingest_gate_open_intervals=0 ingest_slots_busy_median=- flood_rate= fill_asked_proposer=0 fill_asked_other=0 loop_lines=1159 loop_unnamed_ms_median=106 loop_body_served_ms_median=- loop_txns_served_ms_median=- import_exec_ms_median2=- pip_partition_ms=- pip_env_ms=- pip_batch_ms=- pip_groups_ms=- pip_gas_ms=- pip_merge_ms=- pip_receipts_ms=- pip_drop_ms=- pip_other_ms=- pip_total_ms=- senders_indexed_median=- road_senders_ms_median=- road_total_ms_median=- pew_ms_median=- pew_ms_p90= gate_ms_median=- gate_ms_p90= root_ms_p50=- root_ms_p90= two_roads=0 not_on_output=0 not_on_output_why= ckpt_ms_first_q=4 ckpt_ms_last_q=52 ckpt_bytes_last=34651100 parent_still_importing=10 root_wait_ms_p50=- root_wait_ms_p90= tenures_low_seal=13 seal_first_share=0.99 empty_over_deep=0 near_empty_warns=0 no_seal_why= par_skipped_median=- usable_p5=2121000 ckpt_replay_ms_last_q=17 candidates_zero=0 dropped_ingest=0 let_go_warns=0 let_go_reasons= parked_p50=0 parked_max=0 held_warns=0 park_capped_total=0 superseded_builds=0 empty_not_superseded=0 mass_park_warns=0 heads_lines=0 holes_lines=0 stale_parent_refusals=0 par_groups_p5=0 cancelled_decided=0 heads_nonce0=0 stale_unconfirmed= handovers=10 el_panics=0 decided_cancelled=0 min_window_blocks=238 road_desc_blocks=0 road_desc_total_ms=- road_desc_copy_ms=- desc_misses=0 fill_failed2=0 sf_par_collect_ms=- sf_par_commit_ms=- sf_par_fold_ms=- sf_par_graft_ms=- sf_par_prefault_ms=- sf_par_exec_ms=- sf_sealed_at_ms=- sf_roots_ms=- sf_state_ready_ms=- sf_total_ms=- ba_find_ms=- ba_queue_ms=- ba_total_ms=- ba_on_output=0 queue_fold_us=- queue_lock_us=- sf_par_exec_ms=- sf_par_fold_ms=- pip_groups_ms=- import_exec_ms_median2=- reads_d0=0 reads_hist=0 f_reads_d0=- f_reads_hist=- f_overlay_depth=- L_read_set_ms=0 read_set_accounts=0 read_set_unresolved=0 read_set_hits=0 read_set_misses=0 start_best_ms=- par_prep_ms=- gap_before_exec_ms=- gap_after_exec_ms=- gap_before_seal_ms=- index_ms=- road_copy_aside_ms=- road_copy_wait_ms=- road_total_ms=- queue_first_miss=queue_first_miss=18446744073709551615:761,queue_first_miss=0:587 root_append_behind=0 populate_lag_mb=0 swap_used_g=0 root_faults=- root_faults_p90= root_faults_entries=0 root_faults_offsets=0 root_faults_index=0 root_faults_bits=0 root_faults_twigs=0 root_faults_undo=0 root_faults_tmp=0 root_append_faults=0 root_twig_pool_misses=0 batch_max_ms=22 batch_min_ms=8 batch_median_ms=15 batch_cpu_max_ms=22 batch_txs_max=6500 batch_txs_min=3500 batch_start_skew_ms=20 batch_wait_ms=0 loop_fetch_ns=0 loop_check_ns=0 loop_transfer_ns=0 loop_receipt_ns=0 loop_gas_ns=0 loop_sink_ns=0 loop_other_ns=0 batch_setup_ns=0 batch_close_ns=0 imp_exec_part_ms=- imp_exec_batches_ms=- imp_exec_graft_ms=- imp_exec_batches=- imp_exec_threads=- imp_exec_batch_max_ms=- imp_exec_batch_median_ms=- imp_parent_output_wait_ms=- road_parent_output_wait_ms=- next_start_gap_ms=1 next_entry_gap_ms=0 commit_body_ahead_used=- imp_exec_keys_ms=- imp_keys_ahead=- imp_exec_sink_ms=- imp_exec_pre_ms=- imp_exec_post_ms=- imp_exec_receipts_ms=- imp_exec_drop_ms=- root_gap_ms=- queue_whole=queue_whole=true:761,queue_whole=false:587 tick_tick_late_us=1022 tick_preamble_us=345 tick_take_sealed_us=1 tick_sign_us=0 tick_cache_us=0 tick_presealed=- tick_describe_us=13 tick_publish_us=608 tick_tick_to_send_us=2114 road_check_ms=- road_check_include_us=- road_check_scan_us=- road_check_fold_us=- road_check_senders_us=- road_check_frames_summarized=- road_check_frames_scanned=- imp_exec_start_gap_us=- imp_gap_road_us=- imp_gap_header_us=- imp_gap_senders_us=- imp_gap_parent_us=- imp_gap_setup_us=- imp_gap_keys_wait_us=- sealed_at_p90= sealed_over_130=0 roots_ms=- cycle_p90=121/129/123 batch_max_ms=- batch_median_ms=- imp_batch_max=- forest_lock_warns=1524 root_seal_ms=1 root_seals=40 root_majflt=10523 roots_p90= gp_layer=761 ggp_missing=50 state_wait_split=0/0/0/0:491,1/0/0/0:42,2/0/0/0:38 qmdb_releases=0 state_wait_on= imp_road_end_ms=- imp_exec_start_ms=- imp_exec_end_ms=- imp_root_end_ms=- imp_fields_ready_ms=- imp_parent_fields_wait_ms=- imp_exec_ms=- imp_root_ms=- imp_checks_ms=- imp_engine_ms=- imp_total_ms=- road_parent_fields_wait_ms=- exec_read_ms=- L_exec_evm_ms=- L_exec_write_ms=- L_exec_other_ms=- L_reads_cache=- L_reads_provider=- L_reads_view=- L_graft_base_ms=- L_graft_reserve_ms=- L_graft_insert_ms=- L_graft_reverts_ms=- L_graft_other_ms=- L_par_exec_ms=- L_par_graft_ms=- F_exec_read_ms=- F_exec_evm_ms=- F_exec_write_ms=- F_exec_other_ms=- F_reads_cache=- F_reads_provider=- F_reads_view=- F_groups_ms=- L_tx_root_wait_ms=- L_par_exec_ms=- L_par_graft_ms=- L_par_fold_ms=- L_sealed_ms=- L_state_ready_ms=- L_roots_ms=- L_finish_ms=- L_total_ms=- L_setup_ms=- L_par_pull_ms=- L_give_back_ms=- L_state_wait_ms=- L_state_after_pull=755 L_seal_at_exec=755 L_tx_root_ahead=0 flood_w1=3265913 txs_p10=400000 acq_us=462 slots_busy=13 ingest_rate=3241533 L_scope_join_ms=- L_par_release_ms=- L_commit_body_ms=- L_par_commit_ms=- L_give_back_ms=- L_sealed_ms=- L_par_exec_ms=- L_state_wait_ms=- L_par_pull_ms=- L_par_prep_ms=- L_par_start_ms=- L_pre_exec_ms=- L_par_run_ms=- L_sealed_at_ms=- F_partition_ms=- F_env_ms=- F_groups_ms=- F_merge_ms=- F_reverts_wait_ms=- F_ahead_wait_ms=- F_total_ms=- I_engine_ms=- I_root_ms=- I_total_ms=- H_engine_remember_ms=- H_engine_listing_ms=- H_engine_new_payload_ms=- busy_us=1 L_par_start_ms=- L_start_handoff_ms=- L_start_best_ms=- L_start_puller_ms=- L_par_pull_ms=- L_par_prep_ms=- L_state_wait_ms=- L_par_exec_ms=- L_par_commit_ms=- L_sealed_ms=- L_sealed_at_ms=- L_par_graft_ms=- L_graft_insert_ms=- L_graft_reverts_ms=- L_graft_split_us=- L_graft_build_us=- L_graft_merge_us=- L_state_ready_ms=- Q_queue_ms=3 R_dispatch_wait_ms=- R_total_ms=- R_road_runtime=1 gate_holds=0 peer_fetch=0 pool_limit=limit=8 gate_opened=gate_opened_for_block=0 I_root_ms=- flood_rate_hdr=rate=6000000/s fills=0 fill_waited=- slots_busy=13 acq_us=462 busy_us=1 converged=0 fallbacks=0 busy_us=1 recover_us=0 tf_on_output=1 tf_fallback=0 still_importing=10 busy_us=1 slots_busy=13 batches=altsig_txs=0 altsig_batches=0 tf_on_output=1 tf_fallback=0 gate_holds=0 sign_s=sign 0s replay_note=replay       : 64 files from /data/n42-pregen/g900000-400m, 400000000 transactio sign_s=sign 0s shard=shard_verified=0 shard_claimed=0 road_verified=- slots_busy=13 gate_us=5761 reply_us=6318 queued=2512000 assemble_ms=- road_take_ms=- road_body_ms=- road_encode_ms=- shards=16 shard_insert_ms=0 shard_wait_ms=0 shard_fold_ms=45 shard_append_ms=44 shard_merge_ms=124 state_ready_ms=194 roots_ms=61 exec_read_ms=0 exec_evm_ms=0 exec_write_ms=0 exec_other_ms=0 reads_cache=0 reads_provider=0 reads_view=0 par_run_ms=44 fold_task_cpu_max_us=43515 fold_task_minflt_max=1576 fold_task_minflt_sum=1576 fold_task_migrated=0 fold_task_nivcsw_max=0 fold_index=1 fold_index_build_ms=44 fold_index_conflicts=30794 fold_queue_us=687 fold_skew_us=5 fold_task_max_us=43519 fold_tail_us=35 start_best_ms=7 start_select_ms=0 start_walk_ms=0 start_walk_check_ms=0 start_best_other_ms=1 start_frames_by_ref=0 start_frames_slow=0 start_pull_ms=0 start_other_ms=0 start_handoff_ms=5 par_start_ms=7 par_prep_ms=9 par_commit_ms=47 commit_body_ms=1 par_fold_ms=58 sealed_ms=1 copy_ms=- prune_ms=0 frames=- frames_missing=- frame_root_ms=- root_ms=- frames_admitted=frames_admitted=603935 frames_unaligned=0 frame_root_indexed=- seal_layout_ms=1 seal_root_ms=0 attested= busy_us=1 slots_busy=13 reply_us=6318 prune_ms=0 body_refused=0 body_failed_late=0
loop345W4 win1 tps=2,966,667 txs=89,000,000 blocks= 445 cycle=0.067s occupancy=100.0% full(>=95%)=445/445 basefee=n/a (from the layer's log)
loop345W4 win2 tps=3,033,333 txs=91,000,000 blocks= 455 cycle=0.066s occupancy=100.0% full(>=95%)=455/455 basefee=n/a (from the layer's log)
loop345W4 win3 tps=3,140,000 txs=94,200,000 blocks= 471 cycle=0.064s occupancy=100.0% full(>=95%)=471/471 basefee=n/a (from the layer's log)
loop345W4 win1 tps=3,126,667 txs=93,800,000 blocks= 469 cycle=0.064s occupancy=100.0% full(>=95%)=469/469 basefee=n/a (from the layer's log)
loop345W4 win2 tps=3,153,333 txs=94,600,000 blocks= 473 cycle=0.063s occupancy=100.0% full(>=95%)=473/473 basefee=n/a (from the layer's log)
loop345W4 win3 tps=3,046,667 txs=91,400,000 blocks= 457 cycle=0.066s occupancy=100.0% full(>=95%)=457/457 basefee=n/a (from the layer's log)
loop345W4 win1 tps=3,266,667 txs=98,000,000 blocks= 245 cycle=0.122s occupancy= 99.6% full(>=95%)=244/245 basefee=n/a (from the layer's log)
loop345W4 win2 tps=3,253,333 txs=97,600,000 blocks= 244 cycle=0.123s occupancy=100.0% full(>=95%)=244/244 basefee=n/a (from the layer's log)
loop345W4 win3 tps=3,173,333 txs=95,200,000 blocks= 238 cycle=0.126s occupancy=100.0% full(>=95%)=238/238 basefee=n/a (from the layer's log)
loop345W4 win1 tps=3,253,333 txs=97,600,000 blocks= 244 cycle=0.123s occupancy=100.0% full(>=95%)=244/244 basefee=n/a (from the layer's log)
loop345W4 win2 tps=3,266,667 txs=98,000,000 blocks= 245 cycle=0.122s occupancy=100.0% full(>=95%)=245/245 basefee=n/a (from the layer's log)
loop345W4 win3 tps=3,173,333 txs=95,200,000 blocks= 238 cycle=0.126s occupancy=100.0% full(>=95%)=238/238 basefee=n/a (from the layer's log)
loop345W4 tps=2,966,667
tps=3,126,667
tps=3,266,667
tps=3,253,333 round_txs=1135600000 cycles_w1=
loop345W4 imp_fields_p90= b_p75=46
loop345W4 overlay: filter_skips=0 probes=0 ratio=- (ratio = skips/(skips+probes))
loop345W4 overlay_manager:       1 state_trie_overlay=false  state-ovly_cpu=0
loop345W4 verify: written to /data/blockchain/rust-fleet7-bench/bench-loop345W4/verify.json
== loop345W4  (E=1: seven validator keys on one execution layer)
  window 1: canonical 245 blocks, 98.0M tx = 3,266,667/s (100.0% of window 1), full 244/245 (100%); cycle mean/median/p90 122.7/121.5/129.2 ms
    leader builds 245: sealed_at median/p90/p99 114/130/154; phases median/p90 ms: gap_before_exec 5/12, state_wait 0/8, par 117/134, par_exec 40/47, roots 59/78, parent_fields 0/0, sealed 1/3
    state_wait_on {'none': 149, 'output': 91, 'grandparent': 4, 'open': 1}; builds with state_wait > 20 ms: 4 ([('output', 2), ('grandparent', 2)]); gp_layer {1.0: 245}, ggp_missing {0.0: 241, 1.0: 4}
    queue at the builds min/median 2,105,500/2,517,500
    new field batch_cpu_sum_us: median/p90/max 972462.0/1117763.0/1785012, nonzero 245
    new field batch_dispatch_us: median/p90/max 48.0/84.0/10474, nonzero 245
    new field batch_first_start_us: median/p90/max 22.0/35.0/52, nonzero 245
    new field batch_ivcsw: median/p90/max 0.0/6.0/28, nonzero 119
    new field batch_last_end_us: median/p90/max 38580.0/46011.0/65755, nonzero 245
    new field batch_last_start_us: median/p90/max 20245.0/23697.0/45338, nonzero 245
    new field batch_live_deferred: median/p90/max 41.0/44.0/49, nonzero 245
    new field batch_live_lock_hold_us: median/p90/max 16615.0/19451.0/25307, nonzero 245
    new field batch_live_lock_wait_us: median/p90/max 0.0/0.0/0, nonzero 0
    new field batch_live_lock_waits: median/p90/max 0.0/0.0/0, nonzero 0
    new field batch_majflt: median/p90/max 0.0/0.0/0, nonzero 0
    new field batch_minflt: median/p90/max 1308.0/8617.0/20330, nonzero 245
    new field batch_open_max_us: median/p90/max 512.0/611.0/1267, nonzero 245
    new field batch_open_sum_us: median/p90/max 13392.0/16412.0/37867, nonzero 245
    new field batch_threads: median/p90/max 32.0/32.0/32, nonzero 245
    new field batch_vcsw: median/p90/max 201.0/382.0/871, nonzero 245
    new field batch_view_index_wait_us: median/p90/max 0.0/18879.0/74252, nonzero 47
    new field batch_view_index_waits: median/p90/max 0.0/165.0/624, nonzero 48
    new field batch_view_slot_wait_us: median/p90/max 0.0/471.0/3980, nonzero 49
    new field batch_view_slot_waits: median/p90/max 0.0/21.0/171, nonzero 49
    new field batch_wall_sum_us: median/p90/max 978164.0/1127863.0/1808656, nonzero 245
    new field batches: median/p90/max 62.0/62.0/62, nonzero 245
    new field build_batches: median/p90/max 0.0/0.0/0, nonzero 0
    new field exec_end_to_seal_us: median/p90/max 47174.0/59903.0/71399, nonzero 245
    new field exec_partition_us: median/p90/max 2217.0/3030.0/5284, nonzero 245
    new field exec_prepared_groups: {'false': 245}
    new field exec_prepared_slots: {'false': 245}
    new field exec_slots_us: median/p90/max 1413.0/1802.0/2409, nonzero 245
    new field freeze_join_wait_us: median/p90/max 3.0/4.0/45108, nonzero 245
    new field freeze_late: {'true': 245}
    new field freeze_pool_own: {'false': 245}
    new field live_index_defer: {'true': 245}
    new field merge_accounts: median/p90/max 366752.0/377182.0/385275, nonzero 245
    new field merge_append_us: median/p90/max 5894.0/15707.0/22257, nonzero 245
    new field merge_reverts: median/p90/max 366752.0/377182.0/385275, nonzero 245
    new field merge_reverts_us: median/p90/max 31891.0/40381.0/58708, nonzero 245
    new field merge_state_us: median/p90/max 81771.0/92325.0/118536, nonzero 245
    new field merge_tail_us: median/p90/max 0.0/0.0/1, nonzero 1
    new field merge_threads: median/p90/max 1.0/1.0/1, nonzero 245
    new field one_wave: {'false': 245}
    new field open_engine_us: median/p90/max 0.0/0.0/75378, nonzero 4
    new field open_fallback: {'false': 241, 'true': 4}
    new field open_keep_us: median/p90/max 4.0/6.0/32, nonzero 245
    new field open_layers: median/p90/max 3.0/3.0/3, nonzero 245
    new field open_provider_us: median/p90/max 134.0/191.0/494, nonzero 245
    new field plan_age_us: median/p90/max 103393.0/124189.0/234491, nonzero 245
    new field plan_ahead: median/p90/max 1.0/1.0/1, nonzero 245
    new field plan_body: median/p90/max 0.0/0.0/0, nonzero 0
    new field plan_body_us: median/p90/max 0.0/0.0/0, nonzero 0
    new field plan_discard: {'': 245}
    new field plan_prep_us: median/p90/max 12267.0/18406.0/32000, nonzero 245
    new field plan_topup_txs: median/p90/max 0.0/0.0/0, nonzero 0
    new field prep_from_plan: {'false': 245}
    new field prev_seal_to_answer_us: median/p90/max 3120.0/6722.0/10580, nonzero 245
    new field prev_seal_to_entry_us: median/p90/max 0.0/0.0/0, nonzero 0
    new field prev_seal_to_header_us: median/p90/max 168.0/256.0/434, nonzero 245
    new field prev_seal_to_import_us: median/p90/max 214686.0/254560.0/347006, nonzero 243
    new field prev_seal_to_request_us: median/p90/max 879.0/1125.0/140407, nonzero 245
    new field prev_seal_to_start_us: median/p90/max 1139.0/1450.0/140686, nonzero 245
    new field pull_bulk_txs: median/p90/max 400000.0/400000.0/400000, nonzero 245
    new field pull_bulk_us: median/p90/max 1387.0/1981.0/7507, nonzero 245
    new field root_apply_gap_us: median/p90/max 11.0/13.0/35, nonzero 245
    new field root_apply_total_us: median/p90/max 42257.0/56534.0/72220, nonzero 245
    new field root_compute_us: median/p90/max 46290.0/60431.0/74717, nonzero 245
    new field root_delta_us: median/p90/max 2012.0/3172.0/18518, nonzero 245
    new field root_index_us: median/p90/max 5205.0/13306.0/30006, nonzero 245
    new field root_leaves_us: median/p90/max 12875.0/22400.0/43877, nonzero 245
    new field root_note_us: median/p90/max 294.0/482.0/3241, nonzero 245
    new field root_ops_ahead: {'true': 245}
    new field root_ops_ahead_wait_us: median/p90/max 3795.0/16670.0/49554, nonzero 245
    new field root_ops_concat_us: median/p90/max 0.0/0.0/0, nonzero 0
    new field root_ops_encode_us: median/p90/max 9672.0/18113.0/38981, nonzero 245
    new field root_ops_finish_us: median/p90/max 4371.0/5235.0/8432, nonzero 245
    new field root_ops_sort_us: median/p90/max 6809.0/12985.0/30694, nonzero 245
    new field root_ops_us: median/p90/max 8157.0/21300.0/54430, nonzero 245
    new field root_rehash_us: median/p90/max 1605.0/2032.0/11883, nonzero 245
    new field root_retire_us: median/p90/max 1642.0/3141.0/10961, nonzero 245
    new field root_sort_us: median/p90/max 601.0/1075.0/4809, nonzero 245
    new field root_undo_us: median/p90/max 690.0/1288.0/7649, nonzero 245
    new field root_writes_us: median/p90/max 16867.0/22058.0/34486, nonzero 245
    new field seal_hashes_ahead: {'true': 245}
    new field seal_on_counters: {'false': 245}
    new field seal_to_complete_us: median/p90/max 210952.0/238412.0/265487, nonzero 245
    new field seal_to_frozen_us: median/p90/max 0.0/0.0/44948, nonzero 7
    new field seal_to_merge_end_us: median/p90/max 210871.0/238325.0/265366, nonzero 245
    new field seal_to_merge_start_us: median/p90/max 87271.0/109007.0/132065, nonzero 245
    new field seal_to_ops_ahead_us: median/p90/max 31154.0/48773.0/76895, nonzero 245
    new field seal_to_state_ready_us: median/p90/max 210877.0/238331.0/265377, nonzero 245
    new field sealed_unix_us: median/p90/max 1791406713220247.0/1791406725210957.0/1791406728085795, nonzero 245
    new field start_walk_check_us: median/p90/max 0.0/0.0/0, nonzero 0
    new field start_walk_ids_us: median/p90/max 0.0/0.0/0, nonzero 0
    new field start_walk_settle_us: median/p90/max 0.0/0.0/0, nonzero 0
    new field start_walk_us: median/p90/max 0.0/0.0/0, nonzero 0
    new field state_wait_us: median/p90/max 294.0/8996.0/75524, nonzero 245
    new field view_journal_reads: median/p90/max 0.0/45056.0/90112, nonzero 112
    new field view_journal_searches: median/p90/max 0.0/111544.0/242976, nonzero 112
    new field view_journal_skips: median/p90/max 0.0/0.0/0, nonzero 0
    new field whole_take_noted: {'false': 245}
    binding wait (tick / quorum / seal share, mean cycle): tick 95% (121); quorum 2% (138); seal 3% (142); feed-bound (blocks under 95% of the tier): 1 of 245
    slowest key vote delay median/p90 24.4/63.6 ms
    engine own-import total_ms per block median/p90/max 69/98/148 (n=244)
    layer RSS 4.9 -> 35.2 G (max 35.2), in-memory blocks max 10
    execution layer cores busy 34.3    validators cores busy 0.7
    flood delivered (median per 5 s over the leg) 3,257,072/s
  window 2: canonical 245 blocks, 98.0M tx = 3,266,667/s (100.0% of window 1), full 245/245 (100%); cycle mean/median/p90 122.4/121.4/128.2 ms
    leader builds 245: sealed_at median/p90/p99 117/134/173; phases median/p90 ms: gap_before_exec 4/13, state_wait 0/9, par 118/133, par_exec 40/45, roots 61/84, parent_fields 0/2, sealed 1/4
    state_wait_on {'output': 46, 'none': 183, 'grandparent': 14, 'open': 2}; builds with state_wait > 20 ms: 9 ([('grandparent', 8), ('output', 1)]); gp_layer {1.0: 245}, ggp_missing {0.0: 231, 1.0: 14}
    queue at the builds min/median 2,112,500/2,517,500
    new field batch_cpu_sum_us: median/p90/max 985677.0/1105484.0/1406948, nonzero 245
    new field batch_dispatch_us: median/p90/max 48.0/77.0/5439, nonzero 245
    new field batch_first_start_us: median/p90/max 22.0/35.0/52, nonzero 245
    new field batch_ivcsw: median/p90/max 1.0/6.0/25, nonzero 124
    new field batch_last_end_us: median/p90/max 38876.0/44479.0/61064, nonzero 245
    new field batch_last_start_us: median/p90/max 20469.0/23059.0/36548, nonzero 245
    new field batch_live_deferred: median/p90/max 41.0/44.0/59, nonzero 245
    new field batch_live_lock_hold_us: median/p90/max 17242.0/20729.0/25254, nonzero 245
    new field batch_live_lock_wait_us: median/p90/max 0.0/0.0/0, nonzero 0
    new field batch_live_lock_waits: median/p90/max 0.0/0.0/0, nonzero 0
    new field batch_majflt: median/p90/max 0.0/0.0/0, nonzero 0
    new field batch_minflt: median/p90/max 1249.0/11742.0/52130, nonzero 245
    new field batch_open_max_us: median/p90/max 510.0/584.0/1977, nonzero 245
    new field batch_open_sum_us: median/p90/max 13464.0/15649.0/23506, nonzero 245
    new field batch_threads: median/p90/max 32.0/32.0/32, nonzero 245
    new field batch_vcsw: median/p90/max 206.0/360.0/571, nonzero 245
    new field batch_view_index_wait_us: median/p90/max 0.0/17223.0/44488, nonzero 49
    new field batch_view_index_waits: median/p90/max 0.0/138.0/372, nonzero 49
    new field batch_view_slot_wait_us: median/p90/max 0.0/489.0/1408, nonzero 56
    new field batch_view_slot_waits: median/p90/max 0.0/19.0/38, nonzero 56
    new field batch_wall_sum_us: median/p90/max 991795.0/1114552.0/1409641, nonzero 245
    new field batches: median/p90/max 62.0/62.0/62, nonzero 245
    new field build_batches: median/p90/max 0.0/0.0/0, nonzero 0
    new field exec_end_to_seal_us: median/p90/max 49100.0/59750.0/71633, nonzero 245
    new field exec_partition_us: median/p90/max 2355.0/3190.0/5007, nonzero 245
    new field exec_prepared_groups: {'false': 245}
    new field exec_prepared_slots: {'false': 245}
    new field exec_slots_us: median/p90/max 1521.0/1873.0/3373, nonzero 245
    new field freeze_join_wait_us: median/p90/max 3.0/5.0/53608, nonzero 245
    new field freeze_late: {'true': 245}
    new field freeze_pool_own: {'false': 245}
    new field live_index_defer: {'true': 245}
    new field merge_accounts: median/p90/max 367617.0/375383.0/385343, nonzero 245
    new field merge_append_us: median/p90/max 10358.0/14837.0/31646, nonzero 245
    new field merge_reverts: median/p90/max 367617.0/375383.0/385343, nonzero 245
    new field merge_reverts_us: median/p90/max 32619.0/41174.0/52666, nonzero 245
    new field merge_state_us: median/p90/max 80641.0/98963.0/121993, nonzero 245
    new field merge_tail_us: median/p90/max 0.0/0.0/1, nonzero 2
    new field merge_threads: median/p90/max 1.0/1.0/1, nonzero 245
    new field one_wave: {'false': 245}
    new field open_engine_us: median/p90/max 0.0/0.0/101979, nonzero 14
    new field open_fallback: {'false': 231, 'true': 14}
    new field open_keep_us: median/p90/max 4.0/5.0/14, nonzero 245
    new field open_layers: median/p90/max 3.0/3.0/3, nonzero 245
    new field open_provider_us: median/p90/max 130.0/179.0/252, nonzero 245
    new field plan_age_us: median/p90/max 104641.0/121336.0/224590, nonzero 245
    new field plan_ahead: median/p90/max 1.0/1.0/1, nonzero 245
    new field plan_body: median/p90/max 0.0/0.0/0, nonzero 0
    new field plan_body_us: median/p90/max 0.0/0.0/0, nonzero 0
    new field plan_discard: {'': 245}
    new field plan_prep_us: median/p90/max 13184.0/19522.0/29223, nonzero 245
    new field plan_topup_txs: median/p90/max 0.0/0.0/0, nonzero 0
    new field prep_from_plan: {'false': 245}
    new field prev_seal_to_answer_us: median/p90/max 4154.0/7001.0/10557, nonzero 245
    new field prev_seal_to_entry_us: median/p90/max 0.0/0.0/0, nonzero 0
    new field prev_seal_to_header_us: median/p90/max 195.0/297.0/564, nonzero 245
    new field prev_seal_to_import_us: median/p90/max 230641.0/269496.0/364234, nonzero 240
    new field prev_seal_to_request_us: median/p90/max 907.0/1151.0/147768, nonzero 245
    new field prev_seal_to_start_us: median/p90/max 1214.0/1541.0/148042, nonzero 245
    new field pull_bulk_txs: median/p90/max 400000.0/400000.0/400000, nonzero 245
    new field pull_bulk_us: median/p90/max 1381.0/1914.0/10078, nonzero 245
    new field root_apply_gap_us: median/p90/max 12.0/14.0/32, nonzero 245
    new field root_apply_total_us: median/p90/max 43218.0/58163.0/90703, nonzero 245
    new field root_compute_us: median/p90/max 47608.0/62333.0/94747, nonzero 245
    new field root_delta_us: median/p90/max 2151.0/7551.0/14301, nonzero 245
    new field root_index_us: median/p90/max 5204.0/12716.0/27151, nonzero 245
    new field root_leaves_us: median/p90/max 12778.0/22419.0/39892, nonzero 245
    new field root_note_us: median/p90/max 300.0/475.0/2084, nonzero 245
    new field root_ops_ahead: {'true': 245}
    new field root_ops_ahead_wait_us: median/p90/max 4584.0/13878.0/57098, nonzero 245
    new field root_ops_concat_us: median/p90/max 0.0/0.0/0, nonzero 0
    new field root_ops_encode_us: median/p90/max 9403.0/16264.0/44664, nonzero 245
    new field root_ops_finish_us: median/p90/max 4326.0/6368.0/10369, nonzero 245
    new field root_ops_sort_us: median/p90/max 6636.0/11772.0/54949, nonzero 245
    new field root_ops_us: median/p90/max 9052.0/19684.0/60502, nonzero 245
    new field root_rehash_us: median/p90/max 2236.0/3064.0/16407, nonzero 245
    new field root_retire_us: median/p90/max 1662.0/3258.0/24059, nonzero 245
    new field root_sort_us: median/p90/max 663.0/1203.0/4792, nonzero 245
    new field root_undo_us: median/p90/max 667.0/1382.0/5456, nonzero 245
    new field root_writes_us: median/p90/max 17056.0/23495.0/49517, nonzero 245
    new field seal_hashes_ahead: {'true': 245}
    new field seal_on_counters: {'false': 245}
    new field seal_to_complete_us: median/p90/max 215167.0/241957.0/286774, nonzero 245
    new field seal_to_frozen_us: median/p90/max 0.0/0.0/53623, nonzero 10
    new field seal_to_merge_end_us: median/p90/max 215067.0/241846.0/286653, nonzero 245
    new field seal_to_merge_start_us: median/p90/max 88463.0/112545.0/144462, nonzero 245
    new field seal_to_ops_ahead_us: median/p90/max 30238.0/45045.0/82794, nonzero 245
    new field seal_to_state_ready_us: median/p90/max 215080.0/241857.0/286663, nonzero 245
    new field sealed_unix_us: median/p90/max 1791406743104506.0/1791406755176627.0/1791406758123726, nonzero 245
    new field start_walk_check_us: median/p90/max 0.0/0.0/0, nonzero 0
    new field start_walk_ids_us: median/p90/max 0.0/0.0/0, nonzero 0
    new field start_walk_settle_us: median/p90/max 0.0/0.0/0, nonzero 0
    new field start_walk_us: median/p90/max 0.0/0.0/0, nonzero 0
    new field state_wait_us: median/p90/max 214.0/9135.0/102057, nonzero 245
    new field view_journal_reads: median/p90/max 4096.0/32768.0/73728, nonzero 128
    new field view_journal_searches: median/p90/max 12288.0/96231.0/180131, nonzero 128
    new field view_journal_skips: median/p90/max 0.0/0.0/0, nonzero 0
    new field whole_take_noted: {'false': 245}
    binding wait (tick / quorum / seal share, mean cycle): tick 91% (121); quorum 9% (133); seal 0% (129); feed-bound (blocks under 95% of the tier): 0 of 245
    slowest key vote delay median/p90 45.7/96.0 ms
    engine own-import total_ms per block median/p90/max 78/114/170 (n=245)
    layer RSS 33.4 -> 42.0 G (max 42.0), in-memory blocks max 10
    execution layer cores busy 34.7    validators cores busy 0.7
  window 3: canonical 238 blocks, 95.2M tx = 3,173,333/s (97.1% of window 1), full 238/238 (100%); cycle mean/median/p90 126.2/121.4/143.0 ms
    leader builds 238: sealed_at median/p90/p99 118/151/196; phases median/p90 ms: gap_before_exec 5/26, state_wait 0/21, par 121/161, par_exec 39/45, roots 64/91, parent_fields 0/12, sealed 1/13
    state_wait_on {'output': 71, 'none': 133, 'grandparent': 31, 'open': 2, 'provider_open': 1}; builds with state_wait > 20 ms: 26 ([('grandparent', 23), ('output', 3)]); gp_layer {1.0: 238}, ggp_missing {0.0: 206, 1.0: 32}
    queue at the builds min/median 2,111,000/2,519,500
    new field batch_cpu_sum_us: median/p90/max 959446.5/1072703.0/1431486, nonzero 238
    new field batch_dispatch_us: median/p90/max 48.0/85.0/5282, nonzero 238
    new field batch_first_start_us: median/p90/max 21.0/33.0/58, nonzero 238
    new field batch_ivcsw: median/p90/max 1.0/6.0/36, nonzero 122
    new field batch_last_end_us: median/p90/max 37840.5/44046.0/82992, nonzero 238
    new field batch_last_start_us: median/p90/max 19840.5/23277.0/52883, nonzero 238
    new field batch_live_deferred: median/p90/max 42.0/48.0/100, nonzero 238
    new field batch_live_lock_hold_us: median/p90/max 17065.0/21211.0/36015, nonzero 238
    new field batch_live_lock_wait_us: median/p90/max 0.0/0.0/0, nonzero 0
    new field batch_live_lock_waits: median/p90/max 0.0/0.0/0, nonzero 0
    new field batch_majflt: median/p90/max 0.0/0.0/13129, nonzero 9
    new field batch_minflt: median/p90/max 1668.5/16928.0/54102, nonzero 238
    new field batch_open_max_us: median/p90/max 518.0/600.0/11650, nonzero 238
    new field batch_open_sum_us: median/p90/max 13462.5/15884.0/97043, nonzero 238
    new field batch_threads: median/p90/max 32.0/32.0/32, nonzero 238
    new field batch_vcsw: median/p90/max 209.0/392.0/13366, nonzero 238
    new field batch_view_index_wait_us: median/p90/max 0.0/23150.0/199568, nonzero 57
    new field batch_view_index_waits: median/p90/max 0.0/176.0/418, nonzero 57
    new field batch_view_slot_wait_us: median/p90/max 0.0/495.0/1180, nonzero 63
    new field batch_view_slot_waits: median/p90/max 0.0/19.0/38, nonzero 63
    new field batch_wall_sum_us: median/p90/max 972034.0/1094002.0/2116431, nonzero 238
    new field batches: median/p90/max 62.0/62.0/62, nonzero 238
    new field build_batches: median/p90/max 0.0/0.0/0, nonzero 0
    new field exec_end_to_seal_us: median/p90/max 46945.5/57391.0/76163, nonzero 238
    new field exec_partition_us: median/p90/max 2467.0/3350.0/7651, nonzero 238
    new field exec_prepared_groups: {'false': 238}
    new field exec_prepared_slots: {'false': 238}
    new field exec_slots_us: median/p90/max 1452.0/1860.0/7949, nonzero 238
    new field freeze_join_wait_us: median/p90/max 3.0/5.0/63632, nonzero 238
    new field freeze_late: {'true': 238}
    new field freeze_pool_own: {'false': 238}
    new field live_index_defer: {'true': 238}
    new field merge_accounts: median/p90/max 370616.0/376020.0/382229, nonzero 238
    new field merge_append_us: median/p90/max 10972.5/20059.0/31670, nonzero 238
    new field merge_reverts: median/p90/max 370616.0/376020.0/382229, nonzero 238
    new field merge_reverts_us: median/p90/max 32051.5/41945.0/49291, nonzero 238
    new field merge_state_us: median/p90/max 84281.0/103250.0/119099, nonzero 238
    new field merge_tail_us: median/p90/max 0.0/0.0/1, nonzero 2
    new field merge_threads: median/p90/max 1.0/1.0/1, nonzero 238
    new field one_wave: {'false': 238}
    new field open_engine_us: median/p90/max 0.0/20205.0/91441, nonzero 32
    new field open_fallback: {'false': 206, 'true': 32}
    new field open_keep_us: median/p90/max 4.0/6.0/18, nonzero 238
    new field open_layers: median/p90/max 3.0/3.0/3, nonzero 238
    new field open_provider_us: median/p90/max 131.5/203.0/1212, nonzero 238
    new field plan_age_us: median/p90/max 105808.5/136801.0/226967, nonzero 238
    new field plan_ahead: median/p90/max 1.0/1.0/1, nonzero 238
    new field plan_body: median/p90/max 0.0/0.0/0, nonzero 0
    new field plan_body_us: median/p90/max 0.0/0.0/0, nonzero 0
    new field plan_discard: {'': 238}
    new field plan_prep_us: median/p90/max 13226.0/19735.0/47240, nonzero 238
    new field plan_topup_txs: median/p90/max 0.0/0.0/0, nonzero 0
    new field prep_from_plan: {'false': 238}
    new field prev_seal_to_answer_us: median/p90/max 3498.0/5760.0/8124, nonzero 238
    new field prev_seal_to_entry_us: median/p90/max 0.0/0.0/0, nonzero 0
    new field prev_seal_to_header_us: median/p90/max 188.5/342.0/1254, nonzero 238
    new field prev_seal_to_import_us: median/p90/max 239011.5/297226.0/357503, nonzero 230
    new field prev_seal_to_request_us: median/p90/max 926.0/1238.0/150380, nonzero 238
    new field prev_seal_to_start_us: median/p90/max 1273.5/1762.0/150989, nonzero 238
    new field pull_bulk_txs: median/p90/max 400000.0/400000.0/400000, nonzero 238
    new field pull_bulk_us: median/p90/max 1410.5/2087.0/8319, nonzero 238
    new field root_apply_gap_us: median/p90/max 12.0/14.0/23, nonzero 238
    new field root_apply_total_us: median/p90/max 41845.0/61076.0/78912, nonzero 238
    new field root_compute_us: median/p90/max 46166.5/65895.0/83155, nonzero 238
    new field root_delta_us: median/p90/max 2382.5/7087.0/23005, nonzero 238
    new field root_index_us: median/p90/max 5268.5/11307.0/31184, nonzero 238
    new field root_leaves_us: median/p90/max 12593.0/24088.0/50405, nonzero 238
    new field root_note_us: median/p90/max 273.5/432.0/1107, nonzero 238
    new field root_ops_ahead: {'true': 238}
    new field root_ops_ahead_wait_us: median/p90/max 5512.0/16268.0/70305, nonzero 238
    new field root_ops_concat_us: median/p90/max 0.0/0.0/0, nonzero 0
    new field root_ops_encode_us: median/p90/max 9958.5/17925.0/44460, nonzero 238
    new field root_ops_finish_us: median/p90/max 4711.0/7667.0/16148, nonzero 238
    new field root_ops_sort_us: median/p90/max 6671.0/13113.0/52053, nonzero 238
    new field root_ops_us: median/p90/max 10964.5/22133.0/77790, nonzero 238
    new field root_rehash_us: median/p90/max 2839.5/3698.0/32686, nonzero 238
    new field root_retire_us: median/p90/max 1849.0/2759.0/7190, nonzero 238
    new field root_sort_us: median/p90/max 660.5/1191.0/3305, nonzero 238
    new field root_undo_us: median/p90/max 744.0/1313.0/4566, nonzero 238
    new field root_writes_us: median/p90/max 16130.5/23302.0/46689, nonzero 238
    new field seal_hashes_ahead: {'true': 238}
    new field seal_on_counters: {'false': 238}
    new field seal_to_complete_us: median/p90/max 225510.5/258939.0/305590, nonzero 238
    new field seal_to_frozen_us: median/p90/max 0.0/0.0/64176, nonzero 7
    new field seal_to_merge_end_us: median/p90/max 225388.5/258837.0/305447, nonzero 238
    new field seal_to_merge_start_us: median/p90/max 93139.5/123330.0/177374, nonzero 238
    new field seal_to_ops_ahead_us: median/p90/max 33133.5/47701.0/116979, nonzero 238
    new field seal_to_state_ready_us: median/p90/max 225402.5/258847.0/305458, nonzero 238
    new field sealed_unix_us: median/p90/max 1791406772956322.5/1791406785313483.0/1791406788127881, nonzero 238
    new field start_walk_check_us: median/p90/max 0.0/0.0/0, nonzero 0
    new field start_walk_ids_us: median/p90/max 0.0/0.0/0, nonzero 0
    new field start_walk_settle_us: median/p90/max 0.0/0.0/0, nonzero 0
    new field start_walk_us: median/p90/max 0.0/0.0/0, nonzero 0
    new field state_wait_us: median/p90/max 516.5/21615.0/100564, nonzero 238
    new field view_journal_reads: median/p90/max 8192.0/32768.0/77824, nonzero 129
    new field view_journal_searches: median/p90/max 20244.5/88791.0/207106, nonzero 129
    new field view_journal_skips: median/p90/max 0.0/0.0/0, nonzero 0
    new field whole_take_noted: {'false': 238}
    binding wait (tick / quorum / seal share, mean cycle): tick 79% (122); quorum 18% (142); seal 2% (151); feed-bound (blocks under 95% of the tier): 0 of 238
    slowest key vote delay median/p90 53.4/125.2 ms
    engine own-import total_ms per block median/p90/max 87/118/171 (n=238)
    layer RSS 41.8 -> 39.0 G (max 48.5), in-memory blocks max 11
    execution layer cores busy 33.9    validators cores busy 0.6
  round total (3 windows, canonical): 291.2M tx
  layer peak RSS 48.5 G; in-memory blocks max 11
  fields at seal: mode "early", verified 0, unchecked 0, mismatches 0 (last build line, cumulative)
  own_executed_again (built here and also directly imported): 0 of 755 built blocks
== loop345W4
  layer-0 leader window-1 builds 246: txs mean 400000, share >= 95% of the tier 100% (max 400000); sealed_at_ms 114.0/130.0; par_ms 117.0/135.0; par_exec_ms 40.0/47.0; roots_ms 59.0/78.0; parent_fields_ms 0.0/0.0; sealed_ms 1.0/3.0
  proposal cycle window 1 (n=253): mean 122.7 median 121.5 p90 129.2 ms; blocks in the 30 s: 253
  binding wait (tick / quorum / seal, share and mean cycle): tick 94.3% (121.4); quorum 2.4% (137.6); seal 3.3% (143.8)
  vote delay after the proposal, slowest key per block: median 23.7 p90 63.6 ms (slowest minus the median key: median 0.2); last key: {1: 47, 2: 47, 3: 39, 4: 34, 5: 39, 6: 40} of 246 blocks
  CPU in window 1 (cores busy): execution layers 34.3 over 1 process(es); validators 0.7 over 7 process(es)
  execution layer peak RSS 48.5 G; in-memory blocks max 11 (node0 and others, all layers)
  blocks built here 755; none also directly imported
  import-once counters at the last direct import: ; start-up lines with import_once=true: 1; queue-lock lines 0
  layer-0 queue (queued after canonical prune), median per 10 s: t+0:2469000 t+20:2483500 t+40:2516500 t+60:2513000 t+80:2516500
  flood: median per 5 s 3257072/s, final -
  timeout / given-up lines: 1; 20:57:49 v0 INFO process_event{view=1 kind="message"}: n42::cl::timeout: TC formed
loop345W4 page_faults_per_s_median: node0=164492 
leg loop345W4b: /data free 601G (needs 120 G)
load 13.92 at 17:00:48, waiting
load 8.43 at 17:01:18, waiting
leg loop345W4b start 17:01:49 load 5.16
round loop345W4b exit 0 at 17:04:55
loop345W4b save stages (node0, seconds summed over the leg / count): batch_size=1000.0/333  batch_size=1000.0/333  reth_consensus_engine_beacon_persistence_duration=62.3/333  duration_seconds=59.5/333  total=55.0/333  scope=50.0/333  sf=49.7/333  sf_transactions=49.5/333  qmdb_persisted=23.7/333  sf_account_changesets=21.4/333
el binary: /data/n42-build/target-n42-rs/native/release/n42 env: N42_IMPORT_ONCE=1 N42_SETTLEMENT_TAGS=legacy N42_BUILD_THROTTLE_SOFT=48 F7_EL_MAP=0,0,0,0,0,0,0 N42_FIELDS_AT_SEAL=1 N42_FREEZE_AFTER_SEAL=1 N42_FRAME_BLOCKS=1 N42_TX_INGEST_RECOVER_PARALLEL=24 N42_PARALLEL_BUILD_THREADS=32 N42_PLAN_AHEAD=1 N42_HASHED_TABLES=off F7_FLOOD_RATE=6000000 N42_COMPACT_BODY=1 MALLOC_CONF=thp:always,oversize_threshold:0,dirty_decay_ms:2000,background_thread:true N42_ACCOUNT_HISTORY=off N42_TAKE_COMPACT=1 N42_SF_EARLY_WRITEBACK=1 N42_ROAD_RUNTIME=1 N42_TX_INGEST_HIGH_WATER=2500000 F7_BENCH_POOL_SLOTS=3000000 N42_SEAL_AT_EXEC=1 N42_TX_QUEUE_DRAIN_CHUNK=8192 N42_ANSWER_LAYOUT_ONLY=1 N42_PULL_BY_FRAMES=1 N42_SF_PARALLEL_ENCODE=1 N42_BUILD_THROTTLE_HARD=80 N42_LIVE_INDEX_DEFER=1 RAYON_NUM_THREADS=16 N42_ROOT_OPS_AHEAD=1 TOKIO_WORKER_THREADS=16 N42_QMDB_READS=on N42_LEADER_LAYERS=3 N42_PERSIST_QMDB_IN_SCOPE=1 F7_BLOCK_INTERVAL_MS=120 F7_MEASURE_FROM_LOG=1
validator env: N42_IMPORT_ONCE=1 N42_SETTLEMENT_TAGS=legacy N42_BUILD_THROTTLE_SOFT=48 F7_EL_MAP=0,0,0,0,0,0,0 N42_FIELDS_AT_SEAL=1 N42_FREEZE_AFTER_SEAL=1 N42_FRAME_BLOCKS=1 N42_TX_INGEST_RECOVER_PARALLEL=24 N42_PARALLEL_BUILD_THREADS=32 N42_PLAN_AHEAD=1 N42_HASHED_TABLES=off F7_FLOOD_RATE=6000000 N42_COMPACT_BODY=1 N42_ACCOUNT_HISTORY=off N42_TAKE_COMPACT=1 N42_SF_EARLY_WRITEBACK=1 N42_ROAD_RUNTIME=1 N42_TX_INGEST_HIGH_WATER=2500000 F7_BENCH_POOL_SLOTS=3000000 N42_SEAL_AT_EXEC=1 N42_TX_QUEUE_DRAIN_CHUNK=8192 N42_ANSWER_LAYOUT_ONLY=1 N42_PULL_BY_FRAMES=1 N42_SF_PARALLEL_ENCODE=1 N42_BUILD_THROTTLE_HARD=80 N42_LIVE_INDEX_DEFER=1 RAYON_NUM_THREADS=16 N42_ROOT_OPS_AHEAD=1 TOKIO_WORKER_THREADS=16 N42_QMDB_READS=on N42_LEADER_LAYERS=3 N42_PERSIST_QMDB_IN_SCOPE=1 F7_MEASURE_FROM_LOG=1
loop345W4b once: start-up lines import_once=true 1; last direct-import counters 
loop345W4b imports: layers=1 direct_imports=0 canonical_blocks=1305 import_once_lines=1 (per layer: direct imports should equal canonical blocks for one execution per block)
grep: /data/blockchain/rust-fleet7-bench/node1/el.log: No such file or directory
grep: /data/blockchain/rust-fleet7-bench/node2/el.log: No such file or directory
grep: /data/blockchain/rust-fleet7-bench/node3/el.log: No such file or directory
grep: /data/blockchain/rust-fleet7-bench/node1/el.log: No such file or directory
grep: /data/blockchain/rust-fleet7-bench/node2/el.log: No such file or directory
grep: /data/blockchain/rust-fleet7-bench/node3/el.log: No such file or directory
cat: /data/blockchain/rust-fleet7-bench/node2/el.log: No such file or directory
cat: /data/blockchain/rust-fleet7-bench/node2/el.log: No such file or directory
cat: /data/blockchain/rust-fleet7-bench/node2/el.log: No such file or directory
cat: /data/blockchain/rust-fleet7-bench/node1/el.log: No such file or directory
cat: /data/blockchain/rust-fleet7-bench/node2/el.log: No such file or directory
cat: /data/blockchain/rust-fleet7-bench/node3/el.log: No such file or directory
loop345W4b no_variant=0 own_not_committed=0 tc=1 invalid_blocks=0 incomplete=0 gas_mismatch=0 direct_imports_failed=0 stuck_at_hashed_state=0 engine_idles_over_5s=1 proposals_given_up=0 tables_off_nodes=1 unanswered_reads=0 seal_first_total=760 seal_first_direct=760 direct_guard_errors=0 commit_ms_median=47 fold_ms_median=59 sealed_at_ms_median=116 state_ready_ms_median=197 build_total_ms_median=347 recover_us_median=0 par_exec_ms_median=39 par_exec_ms_median=39 giveback_filtered=0 giveback_offered_max=0 seal_first=760 reader_lag_max=9 reader_lag_warns=0 view_invalidated=0 el_sum_peak_g=47.1 el_max_peak_g=47.1 val_sum_peak_g=1.9 flood_peak_g=0.6 two_roads_blocks=0 two_roads_overlap_ms_median=- exec_on_output_declined=0 r1_collect_ms_median=5 proposal_at_ms_median=108 view_total_ms_median=121 import_exec_ms_median=- import_total_ms_median=- import_senders_ms_median=- import_convert_ms_median=- import_groups_median=- imports_over_600ms=0 min_avail_g=65.7 road_foreign_body_recv_ms=- road_foreign_body_decode_ms=- road_foreign_body_senders_ms=- road_foreign_body_parent_wait_ms=- road_foreign_body_check_ms=- road_foreign_body_total_ms=- road_new_payload_recv_ms=- road_new_payload_decode_ms=- road_new_payload_senders_ms=- road_new_payload_parent_wait_ms=- road_new_payload_check_ms=- road_new_payload_total_ms=- road_foreign_body_blocks=0 road_new_payload_blocks=0 fcu_answered=614 fcu_in_flight_ms_median=32 fcu_queued_ms_median=0 fcu_queued_ms_max=146 fcu_refused=0 fcu_slow=811 bodies_held=0 road_reuse_ms=- road_prepare_ms=- road_dispatch_ms=- road_convert_ms=- road_remember_ms=- road_header_ms=- road_fields_ms=- road_other_ms=- import_engine_ms_median=- gate_forced=0 gate_warns=0 flood_timeouts=0 canonical_min=1314 canonical_max=1314 chained_builds=1007 chain_lead_ms_median=77 chain_wait_ms_median=44 chain_started=1010 chain_discarded=2 chain_discard_reasons=_1_reason="no_,_1_reason="the_execution_layer_produced_nothing,_1_reason="the_request_names_another_parent chain_alias_warns=0 el_chained=1013 bodies_held_warns=0 el_build_refused=2 el_build_refused_reasons=_2_no_QMDB_tree_for_parent_block_0x queued_p5=2121500 queued_p50=2475000 road_compact_blocks=0 road_compact_recv_ms=- road_compact_assemble_ms=- road_compact_root_ms=- road_compact_miss_wait_ms=- road_compact_senders_ms=- road_compact_check_ms=- road_compact_other_ms=- road_compact_total_ms=- road_compact_misses_total= compact_refused_el=0 compact_fallbacks=0 compact_bytes_median=- pool_order9=15197 par_pull_ms_median=- build_total_ms_median2=- road_compact_filled_blocks=0 road_compact_filled_median=- road_compact_fill_ms_median=- need_txns=0 fill_failed=0 ingest_rate_gate_open_median=- ingest_gate_open_intervals=0 ingest_slots_busy_median=- flood_rate= fill_asked_proposer=0 fill_asked_other=0 loop_lines=1141 loop_unnamed_ms_median=106 loop_body_served_ms_median=- loop_txns_served_ms_median=- import_exec_ms_median2=- pip_partition_ms=- pip_env_ms=- pip_batch_ms=- pip_groups_ms=- pip_gas_ms=- pip_merge_ms=- pip_receipts_ms=- pip_drop_ms=- pip_other_ms=- pip_total_ms=- senders_indexed_median=- road_senders_ms_median=- road_total_ms_median=- pew_ms_median=- pew_ms_p90= gate_ms_median=- gate_ms_p90= root_ms_p50=- root_ms_p90= two_roads=0 not_on_output=0 not_on_output_why= ckpt_ms_first_q=3 ckpt_ms_last_q=53 ckpt_bytes_last=34600356 parent_still_importing=0 root_wait_ms_p50=- root_wait_ms_p90= tenures_low_seal=13 seal_first_share=0.99 empty_over_deep=0 near_empty_warns=0 no_seal_why= par_skipped_median=- usable_p5=2121500 ckpt_replay_ms_last_q=17 candidates_zero=0 dropped_ingest=0 let_go_warns=0 let_go_reasons= parked_p50=0 parked_max=0 held_warns=0 park_capped_total=0 superseded_builds=0 empty_not_superseded=0 mass_park_warns=0 heads_lines=0 holes_lines=0 stale_parent_refusals=0 par_groups_p5=0 cancelled_decided=0 heads_nonce0=0 stale_unconfirmed= handovers=0 el_panics=0 decided_cancelled=0 min_window_blocks=239 road_desc_blocks=0 road_desc_total_ms=- road_desc_copy_ms=- desc_misses=0 fill_failed2=0 sf_par_collect_ms=- sf_par_commit_ms=- sf_par_fold_ms=- sf_par_graft_ms=- sf_par_prefault_ms=- sf_par_exec_ms=- sf_sealed_at_ms=- sf_roots_ms=- sf_state_ready_ms=- sf_total_ms=- ba_find_ms=- ba_queue_ms=- ba_total_ms=- ba_on_output=0 queue_fold_us=- queue_lock_us=- sf_par_exec_ms=- sf_par_fold_ms=- pip_groups_ms=- import_exec_ms_median2=- reads_d0=0 reads_hist=0 f_reads_d0=- f_reads_hist=- f_overlay_depth=- L_read_set_ms=0 read_set_accounts=0 read_set_unresolved=0 read_set_hits=0 read_set_misses=0 start_best_ms=- par_prep_ms=- gap_before_exec_ms=- gap_after_exec_ms=- gap_before_seal_ms=- index_ms=- road_copy_aside_ms=- road_copy_wait_ms=- road_total_ms=- queue_first_miss=queue_first_miss=18446744073709551615:766,queue_first_miss=0:538 root_append_behind=0 populate_lag_mb=0 swap_used_g=0 root_faults=- root_faults_p90= root_faults_entries=0 root_faults_offsets=0 root_faults_index=0 root_faults_bits=0 root_faults_twigs=0 root_faults_undo=0 root_faults_tmp=0 root_append_faults=0 root_twig_pool_misses=0 batch_max_ms=22 batch_min_ms=8 batch_median_ms=15 batch_cpu_max_ms=22 batch_txs_max=6500 batch_txs_min=3500 batch_start_skew_ms=20 batch_wait_ms=0 loop_fetch_ns=0 loop_check_ns=0 loop_transfer_ns=0 loop_receipt_ns=0 loop_gas_ns=0 loop_sink_ns=0 loop_other_ns=0 batch_setup_ns=0 batch_close_ns=0 imp_exec_part_ms=- imp_exec_batches_ms=- imp_exec_graft_ms=- imp_exec_batches=- imp_exec_threads=- imp_exec_batch_max_ms=- imp_exec_batch_median_ms=- imp_parent_output_wait_ms=- road_parent_output_wait_ms=- next_start_gap_ms=1 next_entry_gap_ms=0 commit_body_ahead_used=- imp_exec_keys_ms=- imp_keys_ahead=- imp_exec_sink_ms=- imp_exec_pre_ms=- imp_exec_post_ms=- imp_exec_receipts_ms=- imp_exec_drop_ms=- root_gap_ms=- queue_whole=queue_whole=true:766,queue_whole=false:538 tick_tick_late_us=1027 tick_preamble_us=346 tick_take_sealed_us=1 tick_sign_us=1 tick_cache_us=0 tick_presealed=- tick_describe_us=13 tick_publish_us=610 tick_tick_to_send_us=2105 road_check_ms=- road_check_include_us=- road_check_scan_us=- road_check_fold_us=- road_check_senders_us=- road_check_frames_summarized=- road_check_frames_scanned=- imp_exec_start_gap_us=- imp_gap_road_us=- imp_gap_header_us=- imp_gap_senders_us=- imp_gap_parent_us=- imp_gap_setup_us=- imp_gap_keys_wait_us=- sealed_at_p90= sealed_over_130=0 roots_ms=- cycle_p90=121/128/124 batch_max_ms=- batch_median_ms=- imp_batch_max=- forest_lock_warns=1558 root_seal_ms=1 root_seals=40 root_majflt=3505 roots_p90= gp_layer=766 ggp_missing=22 state_wait_split=0/0/0/0:520,1/0/0/0:36,2/0/0/0:34 qmdb_releases=0 state_wait_on= imp_road_end_ms=- imp_exec_start_ms=- imp_exec_end_ms=- imp_root_end_ms=- imp_fields_ready_ms=- imp_parent_fields_wait_ms=- imp_exec_ms=- imp_root_ms=- imp_checks_ms=- imp_engine_ms=- imp_total_ms=- road_parent_fields_wait_ms=- exec_read_ms=- L_exec_evm_ms=- L_exec_write_ms=- L_exec_other_ms=- L_reads_cache=- L_reads_provider=- L_reads_view=- L_graft_base_ms=- L_graft_reserve_ms=- L_graft_insert_ms=- L_graft_reverts_ms=- L_graft_other_ms=- L_par_exec_ms=- L_par_graft_ms=- F_exec_read_ms=- F_exec_evm_ms=- F_exec_write_ms=- F_exec_other_ms=- F_reads_cache=- F_reads_provider=- F_reads_view=- F_groups_ms=- L_tx_root_wait_ms=- L_par_exec_ms=- L_par_graft_ms=- L_par_fold_ms=- L_sealed_ms=- L_state_ready_ms=- L_roots_ms=- L_finish_ms=- L_total_ms=- L_setup_ms=- L_par_pull_ms=- L_give_back_ms=- L_state_wait_ms=- L_state_after_pull=760 L_seal_at_exec=760 L_tx_root_ahead=0 flood_w1=3278805 txs_p10=400000 acq_us=460 slots_busy=13 ingest_rate=3276902 L_scope_join_ms=- L_par_release_ms=- L_commit_body_ms=- L_par_commit_ms=- L_give_back_ms=- L_sealed_ms=- L_par_exec_ms=- L_state_wait_ms=- L_par_pull_ms=- L_par_prep_ms=- L_par_start_ms=- L_pre_exec_ms=- L_par_run_ms=- L_sealed_at_ms=- F_partition_ms=- F_env_ms=- F_groups_ms=- F_merge_ms=- F_reverts_wait_ms=- F_ahead_wait_ms=- F_total_ms=- I_engine_ms=- I_root_ms=- I_total_ms=- H_engine_remember_ms=- H_engine_listing_ms=- H_engine_new_payload_ms=- busy_us=1 L_par_start_ms=- L_start_handoff_ms=- L_start_best_ms=- L_start_puller_ms=- L_par_pull_ms=- L_par_prep_ms=- L_state_wait_ms=- L_par_exec_ms=- L_par_commit_ms=- L_sealed_ms=- L_sealed_at_ms=- L_par_graft_ms=- L_graft_insert_ms=- L_graft_reverts_ms=- L_graft_split_us=- L_graft_build_us=- L_graft_merge_us=- L_state_ready_ms=- Q_queue_ms=3 R_dispatch_wait_ms=- R_total_ms=- R_road_runtime=1 gate_holds=0 peer_fetch=0 pool_limit=limit=8 gate_opened=gate_opened_for_block=0 I_root_ms=- flood_rate_hdr=rate=6000000/s fills=0 fill_waited=- slots_busy=13 acq_us=460 busy_us=1 converged=0 fallbacks=0 busy_us=1 recover_us=0 tf_on_output=1 tf_fallback=0 still_importing=0 busy_us=1 slots_busy=13 batches=altsig_txs=0 altsig_batches=0 tf_on_output=1 tf_fallback=0 gate_holds=0 sign_s=sign 0s replay_note=replay       : 64 files from /data/n42-pregen/g900000-400m, 400000000 transactio sign_s=sign 0s shard=shard_verified=0 shard_claimed=0 road_verified=- slots_busy=13 gate_us=5599 reply_us=6162 queued=2475000 assemble_ms=- road_take_ms=- road_body_ms=- road_encode_ms=- shards=16 shard_insert_ms=0 shard_wait_ms=0 shard_fold_ms=46 shard_append_ms=42 shard_merge_ms=127 state_ready_ms=197 roots_ms=61 exec_read_ms=0 exec_evm_ms=0 exec_write_ms=0 exec_other_ms=0 reads_cache=0 reads_provider=0 reads_view=0 par_run_ms=43 fold_task_cpu_max_us=44201 fold_task_minflt_max=1553 fold_task_minflt_sum=1553 fold_task_migrated=0 fold_task_nivcsw_max=0 fold_index=1 fold_index_build_ms=44 fold_index_conflicts=31801 fold_queue_us=684 fold_skew_us=5 fold_task_max_us=44196 fold_tail_us=35 start_best_ms=7 start_select_ms=0 start_walk_ms=0 start_walk_check_ms=0 start_best_other_ms=1 start_frames_by_ref=0 start_frames_slow=0 start_pull_ms=0 start_other_ms=0 start_handoff_ms=6 par_start_ms=8 par_prep_ms=8 par_commit_ms=47 commit_body_ms=1 par_fold_ms=59 sealed_ms=1 copy_ms=- prune_ms=1 frames=- frames_missing=- frame_root_ms=- root_ms=- frames_admitted=frames_admitted=607867 frames_unaligned=0 frame_root_indexed=- seal_layout_ms=1 seal_root_ms=0 attested= busy_us=1 slots_busy=13 reply_us=6162 prune_ms=1 body_refused=0 body_failed_late=0
loop345W4b win1 tps=3,220,000 txs=96,600,000 blocks= 483 cycle=0.062s occupancy= 99.8% full(>=95%)=482/483 basefee=n/a (from the layer's log)
loop345W4b win2 tps=3,033,333 txs=91,000,000 blocks= 455 cycle=0.066s occupancy=100.0% full(>=95%)=455/455 basefee=n/a (from the layer's log)
loop345W4b win3 tps=3,060,000 txs=91,800,000 blocks= 459 cycle=0.065s occupancy=100.0% full(>=95%)=459/459 basefee=n/a (from the layer's log)
loop345W4b win1 tps=2,966,583 txs=88,997,500 blocks= 445 cycle=0.067s occupancy= 99.8% full(>=95%)=444/445 basefee=n/a (from the layer's log)
loop345W4b win2 tps=3,140,000 txs=94,200,000 blocks= 471 cycle=0.064s occupancy=100.0% full(>=95%)=471/471 basefee=n/a (from the layer's log)
loop345W4b win3 tps=2,960,000 txs=88,800,000 blocks= 444 cycle=0.068s occupancy=100.0% full(>=95%)=444/444 basefee=n/a (from the layer's log)
loop345W4b win1 tps=3,200,000 txs=96,000,000 blocks= 240 cycle=0.125s occupancy= 99.6% full(>=95%)=239/240 basefee=n/a (from the layer's log)
loop345W4b win2 tps=3,226,667 txs=96,800,000 blocks= 242 cycle=0.124s occupancy=100.0% full(>=95%)=242/242 basefee=n/a (from the layer's log)
loop345W4b win3 tps=3,186,667 txs=95,600,000 blocks= 239 cycle=0.126s occupancy=100.0% full(>=95%)=239/239 basefee=n/a (from the layer's log)
loop345W4b win1 tps=3,266,667 txs=98,000,000 blocks= 245 cycle=0.122s occupancy=100.0% full(>=95%)=245/245 basefee=n/a (from the layer's log)
loop345W4b win2 tps=3,280,000 txs=98,400,000 blocks= 246 cycle=0.122s occupancy=100.0% full(>=95%)=246/246 basefee=n/a (from the layer's log)
loop345W4b win3 tps=3,186,667 txs=95,600,000 blocks= 239 cycle=0.126s occupancy=100.0% full(>=95%)=239/239 basefee=n/a (from the layer's log)
loop345W4b tps=3,220,000
tps=2,966,583
tps=3,200,000
tps=3,266,667 round_txs=1131797500 cycles_w1=
loop345W4b imp_fields_p90= b_p75=46
loop345W4b overlay: filter_skips=0 probes=0 ratio=- (ratio = skips/(skips+probes))
loop345W4b overlay_manager:       1 state_trie_overlay=false  state-ovly_cpu=0
loop345W4b verify: written to /data/blockchain/rust-fleet7-bench/bench-loop345W4b/verify.json
== loop345W4b  (E=1: seven validator keys on one execution layer)
  window 1: canonical 246 blocks, 98.4M tx = 3,280,000/s (100.0% of window 1), full 245/246 (100%); cycle mean/median/p90 122.3/121.4/127.6 ms
    leader builds 246: sealed_at median/p90/p99 112/129/161; phases median/p90 ms: gap_before_exec 5/12, state_wait 0/7, par 117/133, par_exec 38/46, roots 58/79, parent_fields 0/0, sealed 1/3
    state_wait_on {'none': 135, 'output': 107, 'open': 1, 'grandparent': 3}; builds with state_wait > 20 ms: 7 ([('output', 6), ('grandparent', 1)]); gp_layer {1.0: 246}, ggp_missing {0.0: 242, 1.0: 4}
    queue at the builds min/median 2,112,000/2,519,500
    new field batch_cpu_sum_us: median/p90/max 921407.5/1083390.0/1833161, nonzero 246
    new field batch_dispatch_us: median/p90/max 43.0/77.0/2756, nonzero 246
    new field batch_first_start_us: median/p90/max 20.0/35.0/66, nonzero 246
    new field batch_ivcsw: median/p90/max 0.0/5.0/22, nonzero 117
    new field batch_last_end_us: median/p90/max 37496.5/45271.0/69750, nonzero 246
    new field batch_last_start_us: median/p90/max 19611.0/23479.0/49828, nonzero 246
    new field batch_live_deferred: median/p90/max 41.0/44.0/48, nonzero 246
    new field batch_live_lock_hold_us: median/p90/max 15996.5/19279.0/24235, nonzero 246
    new field batch_live_lock_wait_us: median/p90/max 0.0/0.0/0, nonzero 0
    new field batch_live_lock_waits: median/p90/max 0.0/0.0/0, nonzero 0
    new field batch_majflt: median/p90/max 0.0/0.0/0, nonzero 0
    new field batch_minflt: median/p90/max 936.5/7918.0/21017, nonzero 246
    new field batch_open_max_us: median/p90/max 518.0/588.0/663, nonzero 246
    new field batch_open_sum_us: median/p90/max 13673.0/15777.0/18045, nonzero 246
    new field batch_threads: median/p90/max 32.0/32.0/32, nonzero 246
    new field batch_vcsw: median/p90/max 198.0/367.0/608, nonzero 246
    new field batch_view_index_wait_us: median/p90/max 0.0/18960.0/44952, nonzero 52
    new field batch_view_index_waits: median/p90/max 0.0/151.0/356, nonzero 52
    new field batch_view_slot_wait_us: median/p90/max 0.0/477.0/2009, nonzero 55
    new field batch_view_slot_waits: median/p90/max 0.0/21.0/99, nonzero 55
    new field batch_wall_sum_us: median/p90/max 931598.0/1095947.0/1835649, nonzero 246
    new field batches: median/p90/max 62.0/62.0/62, nonzero 246
    new field build_batches: median/p90/max 0.0/0.0/0, nonzero 0
    new field exec_end_to_seal_us: median/p90/max 47959.0/59046.0/76629, nonzero 246
    new field exec_partition_us: median/p90/max 2172.5/3101.0/5638, nonzero 246
    new field exec_prepared_groups: {'false': 246}
    new field exec_prepared_slots: {'false': 246}
    new field exec_slots_us: median/p90/max 1432.0/1722.0/2148, nonzero 246
    new field freeze_join_wait_us: median/p90/max 3.0/5.0/77035, nonzero 246
    new field freeze_late: {'true': 246}
    new field freeze_pool_own: {'false': 246}
    new field live_index_defer: {'true': 246}
    new field merge_accounts: median/p90/max 365733.5/375111.0/381912, nonzero 246
    new field merge_append_us: median/p90/max 10895.0/15340.0/34936, nonzero 246
    new field merge_reverts: median/p90/max 365733.5/375111.0/381912, nonzero 246
    new field merge_reverts_us: median/p90/max 31498.5/40479.0/56741, nonzero 246
    new field merge_state_us: median/p90/max 81642.5/93837.0/121045, nonzero 246
    new field merge_tail_us: median/p90/max 0.0/0.0/1, nonzero 1
    new field merge_threads: median/p90/max 1.0/1.0/1, nonzero 246
    new field one_wave: {'false': 246}
    new field open_engine_us: median/p90/max 0.0/0.0/90161, nonzero 4
    new field open_fallback: {'false': 242, 'true': 4}
    new field open_keep_us: median/p90/max 4.0/5.0/12, nonzero 246
    new field open_layers: median/p90/max 3.0/3.0/3, nonzero 246
    new field open_provider_us: median/p90/max 122.0/174.0/475, nonzero 246
    new field plan_age_us: median/p90/max 101372.0/124468.0/234536, nonzero 246
    new field plan_ahead: median/p90/max 1.0/1.0/1, nonzero 246
    new field plan_body: median/p90/max 0.0/0.0/0, nonzero 0
    new field plan_body_us: median/p90/max 0.0/0.0/0, nonzero 0
    new field plan_discard: {'': 246}
    new field plan_prep_us: median/p90/max 12934.5/17689.0/41708, nonzero 246
    new field plan_topup_txs: median/p90/max 0.0/0.0/0, nonzero 0
    new field prep_from_plan: {'false': 246}
    new field prev_seal_to_answer_us: median/p90/max 3380.5/6033.0/9202, nonzero 246
    new field prev_seal_to_entry_us: median/p90/max 0.0/0.0/0, nonzero 0
    new field prev_seal_to_header_us: median/p90/max 186.0/288.0/536, nonzero 246
    new field prev_seal_to_import_us: median/p90/max 215648.0/254565.0/309003, nonzero 244
    new field prev_seal_to_request_us: median/p90/max 909.5/1205.0/143167, nonzero 246
    new field prev_seal_to_start_us: median/p90/max 1189.0/1550.0/143404, nonzero 246
    new field pull_bulk_txs: median/p90/max 400000.0/400000.0/400000, nonzero 246
    new field pull_bulk_us: median/p90/max 1308.5/1726.0/5475, nonzero 246
    new field root_apply_gap_us: median/p90/max 11.0/14.0/25, nonzero 246
    new field root_apply_total_us: median/p90/max 41605.5/54740.0/76912, nonzero 246
    new field root_compute_us: median/p90/max 44764.0/59508.0/79055, nonzero 246
    new field root_delta_us: median/p90/max 1986.5/4450.0/16798, nonzero 246
    new field root_index_us: median/p90/max 5319.5/12535.0/24512, nonzero 246
    new field root_leaves_us: median/p90/max 12589.0/18997.0/46088, nonzero 246
    new field root_note_us: median/p90/max 284.0/561.0/2984, nonzero 246
    new field root_ops_ahead: {'true': 246}
    new field root_ops_ahead_wait_us: median/p90/max 5218.0/13438.0/51312, nonzero 246
    new field root_ops_concat_us: median/p90/max 0.0/0.0/0, nonzero 0
    new field root_ops_encode_us: median/p90/max 9069.0/15104.0/48003, nonzero 246
    new field root_ops_finish_us: median/p90/max 4263.5/5525.0/13199, nonzero 246
    new field root_ops_sort_us: median/p90/max 6573.0/11493.0/31997, nonzero 246
    new field root_ops_us: median/p90/max 9403.5/18479.0/56311, nonzero 246
    new field root_rehash_us: median/p90/max 1591.5/2262.0/14601, nonzero 246
    new field root_retire_us: median/p90/max 1640.5/2975.0/9217, nonzero 246
    new field root_sort_us: median/p90/max 627.0/1086.0/6761, nonzero 246
    new field root_undo_us: median/p90/max 662.5/1205.0/6903, nonzero 246
    new field root_writes_us: median/p90/max 16345.5/22768.0/33102, nonzero 246
    new field seal_hashes_ahead: {'true': 246}
    new field seal_on_counters: {'false': 246}
    new field seal_to_complete_us: median/p90/max 213013.0/237180.0/274733, nonzero 246
    new field seal_to_frozen_us: median/p90/max 0.0/0.0/77012, nonzero 15
    new field seal_to_merge_end_us: median/p90/max 212942.0/237089.0/274651, nonzero 246
    new field seal_to_merge_start_us: median/p90/max 86784.0/108491.0/149778, nonzero 246
    new field seal_to_ops_ahead_us: median/p90/max 30041.0/43871.0/91791, nonzero 246
    new field seal_to_state_ready_us: median/p90/max 212949.0/237094.0/274664, nonzero 246
    new field sealed_unix_us: median/p90/max 1791407015347458.0/1791407027318883.0/1791407030219906, nonzero 246
    new field start_walk_check_us: median/p90/max 0.0/0.0/0, nonzero 0
    new field start_walk_ids_us: median/p90/max 0.0/0.0/0, nonzero 0
    new field start_walk_settle_us: median/p90/max 0.0/0.0/0, nonzero 0
    new field start_walk_us: median/p90/max 0.0/0.0/0, nonzero 0
    new field state_wait_us: median/p90/max 524.0/7718.0/101895, nonzero 246
    new field view_journal_reads: median/p90/max 0.0/40960.0/102400, nonzero 116
    new field view_journal_searches: median/p90/max 0.0/119522.0/306663, nonzero 116
    new field view_journal_skips: median/p90/max 0.0/0.0/0, nonzero 0
    new field whole_take_noted: {'false': 246}
    binding wait (tick / quorum / seal share, mean cycle): tick 97% (121); quorum 1% (129); seal 2% (148); feed-bound (blocks under 95% of the tier): 1 of 246
    slowest key vote delay median/p90 21.8/63.1 ms
    engine own-import total_ms per block median/p90/max 69/100/130 (n=245)
    layer RSS 4.9 -> 35.1 G (max 35.1), in-memory blocks max 10

    flood delivered (median per 5 s over the leg) 3,279,103/s
  window 2: canonical 246 blocks, 98.4M tx = 3,280,000/s (100.0% of window 1), full 246/246 (100%); cycle mean/median/p90 121.7/121.4/126.2 ms
    leader builds 246: sealed_at median/p90/p99 118/131/147; phases median/p90 ms: gap_before_exec 5/11, state_wait 0/5, par 120/137, par_exec 40/45, roots 62/84, parent_fields 0/8, sealed 1/9
    state_wait_on {'none': 176, 'output': 66, 'open': 3, 'grandparent': 1}; builds with state_wait > 20 ms: 3 ([('output', 3)]); gp_layer {1.0: 246}, ggp_missing {0.0: 245, 1.0: 1}
    queue at the builds min/median 2,114,000/2,519,750
    new field batch_cpu_sum_us: median/p90/max 987019.0/1093828.0/1389752, nonzero 246
    new field batch_dispatch_us: median/p90/max 50.0/87.0/10800, nonzero 246
    new field batch_first_start_us: median/p90/max 20.0/33.0/71, nonzero 246
    new field batch_ivcsw: median/p90/max 0.0/6.0/31, nonzero 115
    new field batch_last_end_us: median/p90/max 38399.0/43920.0/59383, nonzero 246
    new field batch_last_start_us: median/p90/max 20177.0/23483.0/34076, nonzero 246
    new field batch_live_deferred: median/p90/max 42.0/45.0/83, nonzero 246
    new field batch_live_lock_hold_us: median/p90/max 16768.0/20405.0/28344, nonzero 246
    new field batch_live_lock_wait_us: median/p90/max 0.0/0.0/0, nonzero 0
    new field batch_live_lock_waits: median/p90/max 0.0/0.0/0, nonzero 0
    new field batch_majflt: median/p90/max 0.0/0.0/0, nonzero 0
    new field batch_minflt: median/p90/max 1213.5/12424.0/32025, nonzero 246
    new field batch_open_max_us: median/p90/max 504.5/590.0/1077, nonzero 246
    new field batch_open_sum_us: median/p90/max 13322.5/15770.0/31953, nonzero 246
    new field batch_threads: median/p90/max 32.0/32.0/32, nonzero 246
    new field batch_vcsw: median/p90/max 202.0/391.0/701, nonzero 246
    new field batch_view_index_wait_us: median/p90/max 0.0/23050.0/62285, nonzero 59
    new field batch_view_index_waits: median/p90/max 0.0/177.0/442, nonzero 59
    new field batch_view_slot_wait_us: median/p90/max 0.0/441.0/1011, nonzero 65
    new field batch_view_slot_waits: median/p90/max 0.0/20.0/44, nonzero 65
    new field batch_wall_sum_us: median/p90/max 994461.5/1114507.0/1398866, nonzero 246
    new field batches: median/p90/max 62.0/62.0/62, nonzero 246
    new field build_batches: median/p90/max 0.0/0.0/0, nonzero 0
    new field exec_end_to_seal_us: median/p90/max 49928.0/60409.0/75064, nonzero 246
    new field exec_partition_us: median/p90/max 2407.0/3481.0/9307, nonzero 246
    new field exec_prepared_groups: {'false': 246}
    new field exec_prepared_slots: {'false': 246}
    new field exec_slots_us: median/p90/max 1550.5/2052.0/3523, nonzero 246
    new field freeze_join_wait_us: median/p90/max 3.0/5.0/55157, nonzero 246
    new field freeze_late: {'true': 246}
    new field freeze_pool_own: {'false': 246}
    new field live_index_defer: {'true': 246}
    new field merge_accounts: median/p90/max 366249.0/374661.0/383663, nonzero 246
    new field merge_append_us: median/p90/max 6821.0/18232.0/27638, nonzero 246
    new field merge_reverts: median/p90/max 366249.0/374661.0/383663, nonzero 246
    new field merge_reverts_us: median/p90/max 33363.0/42693.0/57110, nonzero 246
    new field merge_state_us: median/p90/max 87573.5/103404.0/124479, nonzero 246
    new field merge_tail_us: median/p90/max 0.0/0.0/1, nonzero 4
    new field merge_threads: median/p90/max 1.0/1.0/1, nonzero 246
    new field one_wave: {'false': 246}
    new field open_engine_us: median/p90/max 0.0/0.0/20200, nonzero 1
    new field open_fallback: {'false': 245, 'true': 1}
    new field open_keep_us: median/p90/max 4.0/6.0/10, nonzero 246
    new field open_layers: median/p90/max 3.0/3.0/3, nonzero 246
    new field open_provider_us: median/p90/max 138.0/202.0/386, nonzero 246
    new field plan_age_us: median/p90/max 104346.0/121638.0/234743, nonzero 246
    new field plan_ahead: median/p90/max 1.0/1.0/1, nonzero 246
    new field plan_body: median/p90/max 0.0/0.0/0, nonzero 0
    new field plan_body_us: median/p90/max 0.0/0.0/0, nonzero 0
    new field plan_discard: {'': 246}
    new field plan_prep_us: median/p90/max 13075.0/18484.0/33674, nonzero 246
    new field plan_topup_txs: median/p90/max 0.0/0.0/0, nonzero 0
    new field prep_from_plan: {'false': 246}
    new field prev_seal_to_answer_us: median/p90/max 4864.5/7752.0/12610, nonzero 246
    new field prev_seal_to_entry_us: median/p90/max 0.0/0.0/0, nonzero 0
    new field prev_seal_to_header_us: median/p90/max 159.5/260.0/474, nonzero 246
    new field prev_seal_to_import_us: median/p90/max 226527.5/252861.0/303746, nonzero 246
    new field prev_seal_to_request_us: median/p90/max 878.0/1196.0/143122, nonzero 246
    new field prev_seal_to_start_us: median/p90/max 1166.0/1563.0/143387, nonzero 246
    new field pull_bulk_txs: median/p90/max 400000.0/400000.0/400000, nonzero 246
    new field pull_bulk_us: median/p90/max 1460.5/2039.0/7604, nonzero 246
    new field root_apply_gap_us: median/p90/max 12.0/14.0/21, nonzero 246
    new field root_apply_total_us: median/p90/max 43073.0/57940.0/76640, nonzero 246
    new field root_compute_us: median/p90/max 47420.0/63742.0/83299, nonzero 246
    new field root_delta_us: median/p90/max 2177.5/7371.0/15064, nonzero 246
    new field root_index_us: median/p90/max 5294.5/11714.0/21356, nonzero 246
    new field root_leaves_us: median/p90/max 13102.5/22063.0/44052, nonzero 246
    new field root_note_us: median/p90/max 291.5/437.0/789, nonzero 246
    new field root_ops_ahead: {'true': 246}
    new field root_ops_ahead_wait_us: median/p90/max 5970.0/17129.0/40106, nonzero 246
    new field root_ops_concat_us: median/p90/max 0.0/0.0/0, nonzero 0
    new field root_ops_encode_us: median/p90/max 10033.5/16129.0/35326, nonzero 246
    new field root_ops_finish_us: median/p90/max 4434.0/6070.0/16363, nonzero 246
    new field root_ops_sort_us: median/p90/max 7354.5/13325.0/24952, nonzero 246
    new field root_ops_us: median/p90/max 10560.5/21351.0/44890, nonzero 246
    new field root_rehash_us: median/p90/max 2183.5/2779.0/16175, nonzero 246
    new field root_retire_us: median/p90/max 1713.5/2843.0/9215, nonzero 246
    new field root_sort_us: median/p90/max 729.0/1276.0/5537, nonzero 246
    new field root_undo_us: median/p90/max 699.5/1183.0/3249, nonzero 246
    new field root_writes_us: median/p90/max 17475.0/22395.0/44702, nonzero 246
    new field seal_hashes_ahead: {'true': 246}
    new field seal_on_counters: {'false': 246}
    new field seal_to_complete_us: median/p90/max 223412.0/253137.0/297621, nonzero 246
    new field seal_to_frozen_us: median/p90/max 0.0/0.0/55115, nonzero 12
    new field seal_to_merge_end_us: median/p90/max 223303.5/253045.0/297470, nonzero 246
    new field seal_to_merge_start_us: median/p90/max 90433.5/117172.0/143177, nonzero 246
    new field seal_to_ops_ahead_us: median/p90/max 32432.5/46108.0/77120, nonzero 246
    new field seal_to_state_ready_us: median/p90/max 223311.0/253053.0/297482, nonzero 246
    new field sealed_unix_us: median/p90/max 1791407045243764.0/1791407057223848.0/1791407060215201, nonzero 246
    new field start_walk_check_us: median/p90/max 0.0/0.0/0, nonzero 0
    new field start_walk_ids_us: median/p90/max 0.0/0.0/0, nonzero 0
    new field start_walk_settle_us: median/p90/max 0.0/0.0/0, nonzero 0
    new field start_walk_us: median/p90/max 0.0/0.0/0, nonzero 0
    new field state_wait_us: median/p90/max 239.0/5943.0/23481, nonzero 246
    new field view_journal_reads: median/p90/max 4096.0/36864.0/81920, nonzero 127
    new field view_journal_searches: median/p90/max 10752.5/91709.0/177236, nonzero 127
    new field view_journal_skips: median/p90/max 0.0/0.0/0, nonzero 0
    new field whole_take_noted: {'false': 246}
    binding wait (tick / quorum / seal share, mean cycle): tick 98% (121); quorum 2% (139); seal 0%; feed-bound (blocks under 95% of the tier): 0 of 246
    slowest key vote delay median/p90 34.1/77.6 ms
    engine own-import total_ms per block median/p90/max 74/106/156 (n=246)
    layer RSS 33.6 -> 42.8 G (max 42.8), in-memory blocks max 10

  window 3: canonical 239 blocks, 95.6M tx = 3,186,667/s (97.2% of window 1), full 239/239 (100%); cycle mean/median/p90 125.3/121.5/135.4 ms
    leader builds 240: sealed_at median/p90/p99 117/143/202; phases median/p90 ms: gap_before_exec 5/22, state_wait 0/15, par 119/145, par_exec 40/47, roots 64/95, parent_fields 0/13, sealed 2/14
    state_wait_on {'output': 47, 'none': 175, 'provider_open': 1, 'open': 1, 'grandparent': 16}; builds with state_wait > 20 ms: 19 ([('grandparent', 12), ('output', 7)]); gp_layer {1.0: 240}, ggp_missing {0.0: 223, 1.0: 17}
    queue at the builds min/median 2,115,500/2,517,000
    new field batch_cpu_sum_us: median/p90/max 988205.5/1087527.0/1682578, nonzero 240
    new field batch_dispatch_us: median/p90/max 40.0/84.0/4114, nonzero 240
    new field batch_first_start_us: median/p90/max 20.0/31.0/59, nonzero 240
    new field batch_ivcsw: median/p90/max 0.0/5.0/16, nonzero 108
    new field batch_last_end_us: median/p90/max 38424.0/45066.0/74240, nonzero 240
    new field batch_last_start_us: median/p90/max 20442.5/24084.0/58269, nonzero 240
    new field batch_live_deferred: median/p90/max 42.0/50.0/115, nonzero 240
    new field batch_live_lock_hold_us: median/p90/max 17313.5/21382.0/55357, nonzero 240
    new field batch_live_lock_wait_us: median/p90/max 0.0/0.0/0, nonzero 0
    new field batch_live_lock_waits: median/p90/max 0.0/0.0/0, nonzero 0
    new field batch_majflt: median/p90/max 0.0/0.0/3701, nonzero 18
    new field batch_minflt: median/p90/max 1547.0/12600.0/35607, nonzero 240
    new field batch_open_max_us: median/p90/max 496.5/559.0/3129, nonzero 240
    new field batch_open_sum_us: median/p90/max 13249.0/15191.0/27697, nonzero 240
    new field batch_threads: median/p90/max 32.0/32.0/32, nonzero 240
    new field batch_vcsw: median/p90/max 205.5/441.0/3902, nonzero 240
    new field batch_view_index_wait_us: median/p90/max 0.0/22801.0/558258, nonzero 51
    new field batch_view_index_waits: median/p90/max 0.0/165.0/399, nonzero 51
    new field batch_view_slot_wait_us: median/p90/max 0.0/522.0/5444, nonzero 58
    new field batch_view_slot_waits: median/p90/max 0.0/19.0/39, nonzero 58
    new field batch_wall_sum_us: median/p90/max 1003475.5/1118227.0/2067331, nonzero 240
    new field batches: median/p90/max 62.0/62.0/62, nonzero 240
    new field build_batches: median/p90/max 0.0/0.0/0, nonzero 0
    new field exec_end_to_seal_us: median/p90/max 46855.0/56376.0/68412, nonzero 240
    new field exec_partition_us: median/p90/max 2457.5/3357.0/6673, nonzero 240
    new field exec_prepared_groups: {'false': 240}
    new field exec_prepared_slots: {'false': 240}
    new field exec_slots_us: median/p90/max 1488.0/2017.0/15471, nonzero 240
    new field freeze_join_wait_us: median/p90/max 3.0/5.0/46395, nonzero 240
    new field freeze_late: {'true': 240}
    new field freeze_pool_own: {'false': 240}
    new field live_index_defer: {'true': 240}
    new field merge_accounts: median/p90/max 368514.0/375894.0/381539, nonzero 240
    new field merge_append_us: median/p90/max 11020.0/20038.0/39541, nonzero 240
    new field merge_reverts: median/p90/max 368514.0/375894.0/381539, nonzero 240
    new field merge_reverts_us: median/p90/max 32727.5/42275.0/58198, nonzero 240
    new field merge_state_us: median/p90/max 86121.0/106224.0/137515, nonzero 240
    new field merge_tail_us: median/p90/max 0.0/0.0/1, nonzero 1
    new field merge_threads: median/p90/max 1.0/1.0/1, nonzero 240
    new field one_wave: {'false': 240}
    new field open_engine_us: median/p90/max 0.0/0.0/99215, nonzero 17
    new field open_fallback: {'false': 223, 'true': 17}
    new field open_keep_us: median/p90/max 4.0/5.0/10, nonzero 240
    new field open_layers: median/p90/max 3.0/3.0/3, nonzero 240
    new field open_provider_us: median/p90/max 133.0/239.0/1149, nonzero 240
    new field plan_age_us: median/p90/max 105056.0/130733.0/224766, nonzero 240
    new field plan_ahead: median/p90/max 1.0/1.0/1, nonzero 240
    new field plan_body: median/p90/max 0.0/0.0/0, nonzero 0
    new field plan_body_us: median/p90/max 0.0/0.0/0, nonzero 0
    new field plan_discard: {'': 240}
    new field plan_prep_us: median/p90/max 13517.0/19586.0/125310, nonzero 240
    new field plan_topup_txs: median/p90/max 0.0/0.0/0, nonzero 0
    new field prep_from_plan: {'false': 240}
    new field prev_seal_to_answer_us: median/p90/max 4664.0/8164.0/10339, nonzero 240
    new field prev_seal_to_entry_us: median/p90/max 0.0/0.0/0, nonzero 0
    new field prev_seal_to_header_us: median/p90/max 185.0/273.0/460, nonzero 240
    new field prev_seal_to_import_us: median/p90/max 234165.5/279542.0/403746, nonzero 236
    new field prev_seal_to_request_us: median/p90/max 909.5/1226.0/125702, nonzero 240
    new field prev_seal_to_start_us: median/p90/max 1237.0/1675.0/126090, nonzero 240
    new field pull_bulk_txs: median/p90/max 400000.0/400000.0/400000, nonzero 240
    new field pull_bulk_us: median/p90/max 1469.5/2481.0/7038, nonzero 240
    new field root_apply_gap_us: median/p90/max 12.0/14.0/20, nonzero 240
    new field root_apply_total_us: median/p90/max 43950.5/62086.0/92376, nonzero 240
    new field root_compute_us: median/p90/max 47519.5/66703.0/94563, nonzero 240
    new field root_delta_us: median/p90/max 2197.0/7464.0/14835, nonzero 240
    new field root_index_us: median/p90/max 5191.0/11872.0/40820, nonzero 240
    new field root_leaves_us: median/p90/max 12832.5/24006.0/43818, nonzero 240
    new field root_note_us: median/p90/max 286.0/441.0/1738, nonzero 240
    new field root_ops_ahead: {'true': 240}
    new field root_ops_ahead_wait_us: median/p90/max 5500.0/18334.0/103132, nonzero 240
    new field root_ops_concat_us: median/p90/max 0.0/0.0/0, nonzero 0
    new field root_ops_encode_us: median/p90/max 10481.5/18787.0/51853, nonzero 240
    new field root_ops_finish_us: median/p90/max 4552.0/6744.0/10797, nonzero 240
    new field root_ops_sort_us: median/p90/max 6553.0/12329.0/65151, nonzero 240
    new field root_ops_us: median/p90/max 10375.0/22967.0/107030, nonzero 240
    new field root_rehash_us: median/p90/max 2706.5/3659.0/17151, nonzero 240
    new field root_retire_us: median/p90/max 1867.0/3157.0/11887, nonzero 240
    new field root_sort_us: median/p90/max 694.5/1220.0/4481, nonzero 240
    new field root_undo_us: median/p90/max 755.5/1333.0/3940, nonzero 240
    new field root_writes_us: median/p90/max 17055.5/23464.0/58502, nonzero 240
    new field seal_hashes_ahead: {'true': 240}
    new field seal_on_counters: {'false': 240}
    new field seal_to_complete_us: median/p90/max 228090.0/273365.0/385017, nonzero 240
    new field seal_to_frozen_us: median/p90/max 0.0/0.0/46357, nonzero 10
    new field seal_to_merge_end_us: median/p90/max 228015.0/273269.0/384927, nonzero 240
    new field seal_to_merge_start_us: median/p90/max 92688.5/129740.0/267148, nonzero 240
    new field seal_to_ops_ahead_us: median/p90/max 33403.0/53665.0/199368, nonzero 240
    new field seal_to_state_ready_us: median/p90/max 228023.0/273278.0/384934, nonzero 240
    new field sealed_unix_us: median/p90/max 1791407075071527.5/1791407087407856.0/1791407090240312, nonzero 240
    new field start_walk_check_us: median/p90/max 0.0/0.0/0, nonzero 0
    new field start_walk_ids_us: median/p90/max 0.0/0.0/0, nonzero 0
    new field start_walk_settle_us: median/p90/max 0.0/0.0/0, nonzero 0
    new field start_walk_us: median/p90/max 0.0/0.0/0, nonzero 0
    new field state_wait_us: median/p90/max 225.5/15827.0/116753, nonzero 240
    new field view_journal_reads: median/p90/max 8192.0/36864.0/65536, nonzero 129
    new field view_journal_searches: median/p90/max 17823.0/95597.0/162596, nonzero 129
    new field view_journal_skips: median/p90/max 0.0/0.0/0, nonzero 0
    new field whole_take_noted: {'false': 240}
    binding wait (tick / quorum / seal share, mean cycle): tick 83% (122); quorum 15% (138); seal 2% (169); feed-bound (blocks under 95% of the tier): 0 of 239
    slowest key vote delay median/p90 60.8/121.5 ms
    engine own-import total_ms per block median/p90/max 81/115/156 (n=240)
    layer RSS 41.2 -> 37.1 G (max 46.9), in-memory blocks max 10

  round total (3 windows, canonical): 292.4M tx
  layer peak RSS 46.9 G; in-memory blocks max 12
  fields at seal: mode "early", verified 0, unchecked 0, mismatches 0 (last build line, cumulative)
  own_executed_again (built here and also directly imported): 0 of 760 built blocks
== loop345W4b
  layer-0 leader window-1 builds 246: txs mean 400000, share >= 95% of the tier 100% (max 400000); sealed_at_ms 112.5/129.0; par_ms 117.0/134.0; par_exec_ms 38.0/46.0; roots_ms 58.0/78.0; parent_fields_ms 0.0/0.0; sealed_ms 1.0/3.0
  proposal cycle window 1 (n=254): mean 122.3 median 121.4 p90 127.6 ms; blocks in the 30 s: 254
  binding wait (tick / quorum / seal, share and mean cycle): tick 96.7% (121.4); quorum 1.2% (128.7); seal 2.0% (148.3)
  vote delay after the proposal, slowest key per block: median 21.8 p90 63.1 ms (slowest minus the median key: median 0.2); last key: {1: 52, 2: 37, 3: 50, 4: 39, 5: 34, 6: 34} of 246 blocks
  CPU in window 1 (cores busy): execution layers 0.0 over 0 process(es); validators 0.0 over 0 process(es)
  execution layer peak RSS 46.9 G; in-memory blocks max 12 (node0 and others, all layers)
  blocks built here 760; none also directly imported
  import-once counters at the last direct import: ; start-up lines with import_once=true: 1; queue-lock lines 0
  layer-0 queue (queued after canonical prune), median per 10 s: t+0:2454250 t+20:2483500 t+40:2463000 t+60:2481000 t+80:2510750
  flood: median per 5 s 3279103/s, final -
  timeout / given-up lines: 1; 21:02:51 v0 INFO process_event{view=1 kind="message"}: n42::cl::timeout: TC formed
loop345W4b page_faults_per_s_median: node0=150281 
S400ALL sealed_at median 99.0 ms: first pacing 104 ms
leg loop345S400ALLP104: /data free 600G (needs 120 G)
load 14.97 at 17:05:45, waiting
load 9.21 at 17:06:15, waiting
leg loop345S400ALLP104 start 17:06:45 load 5.65
round loop345S400ALLP104 exit 0 at 17:09:42
loop345S400ALLP104 save stages (node0, seconds summed over the leg / count): batch_size=1056.0/347  batch_size=1056.0/347  reth_consensus_engine_beacon_persistence_duration=65.3/347  duration_seconds=61.3/347  total=56.4/347  scope=51.5/347  sf=51.4/347  sf_transactions=51.1/347  qmdb_persisted=24.6/347  sf_account_changesets=21.4/347
el binary: /data/n42-build/target-n42-rs/native/release/n42 env: N42_IMPORT_ONCE=1 N42_SETTLEMENT_TAGS=legacy N42_BUILD_THROTTLE_SOFT=48 F7_EL_MAP=0,0,0,0,0,0,0 N42_FIELDS_AT_SEAL=1 N42_FREEZE_AFTER_SEAL=1 N42_FRAME_BLOCKS=1 N42_TX_INGEST_RECOVER_PARALLEL=24 N42_FREEZE_POOL=own N42_PARALLEL_BUILD_THREADS=32 N42_PLAN_AHEAD=1 N42_HASHED_TABLES=off F7_FLOOD_RATE=6000000 N42_COMPACT_BODY=1 N42_BUILD_BATCHES=128 MALLOC_CONF=thp:always,oversize_threshold:0,dirty_decay_ms:2000,background_thread:true N42_SEAL_ON_COUNTERS=1 N42_ACCOUNT_HISTORY=off N42_TAKE_COMPACT=1 N42_SF_EARLY_WRITEBACK=1 N42_ROAD_RUNTIME=1 N42_TX_INGEST_HIGH_WATER=2500000 F7_BENCH_POOL_SLOTS=3000000 N42_PLAN_AHEAD_BODY=1 N42_SEAL_AT_EXEC=1 N42_TX_QUEUE_DRAIN_CHUNK=8192 N42_ANSWER_LAYOUT_ONLY=1 N42_PULL_BY_FRAMES=1 N42_SF_PARALLEL_ENCODE=1 N42_BUILD_THROTTLE_HARD=80 N42_LIVE_INDEX_DEFER=1 RAYON_NUM_THREADS=16 N42_ROOT_OPS_AHEAD=1 TOKIO_WORKER_THREADS=16 N42_QMDB_READS=on N42_LEADER_LAYERS=3 N42_PERSIST_QMDB_IN_SCOPE=1 F7_BLOCK_INTERVAL_MS=104 F7_MEASURE_FROM_LOG=1
validator env: N42_IMPORT_ONCE=1 N42_SETTLEMENT_TAGS=legacy N42_BUILD_THROTTLE_SOFT=48 F7_EL_MAP=0,0,0,0,0,0,0 N42_FIELDS_AT_SEAL=1 N42_FREEZE_AFTER_SEAL=1 N42_FRAME_BLOCKS=1 N42_TX_INGEST_RECOVER_PARALLEL=24 N42_FREEZE_POOL=own N42_PARALLEL_BUILD_THREADS=32 N42_PLAN_AHEAD=1 N42_HASHED_TABLES=off F7_FLOOD_RATE=6000000 N42_COMPACT_BODY=1 N42_BUILD_BATCHES=128 N42_SEAL_ON_COUNTERS=1 N42_ACCOUNT_HISTORY=off N42_TAKE_COMPACT=1 N42_SF_EARLY_WRITEBACK=1 N42_ROAD_RUNTIME=1 N42_TX_INGEST_HIGH_WATER=2500000 F7_BENCH_POOL_SLOTS=3000000 N42_PLAN_AHEAD_BODY=1 N42_SEAL_AT_EXEC=1 N42_TX_QUEUE_DRAIN_CHUNK=8192 N42_ANSWER_LAYOUT_ONLY=1 N42_PULL_BY_FRAMES=1 N42_SF_PARALLEL_ENCODE=1 N42_BUILD_THROTTLE_HARD=80 N42_LIVE_INDEX_DEFER=1 RAYON_NUM_THREADS=16 N42_ROOT_OPS_AHEAD=1 TOKIO_WORKER_THREADS=16 N42_QMDB_READS=on N42_LEADER_LAYERS=3 N42_PERSIST_QMDB_IN_SCOPE=1 F7_MEASURE_FROM_LOG=1
loop345S400ALLP104 once: start-up lines import_once=true 1; last direct-import counters 
loop345S400ALLP104 imports: layers=1 direct_imports=0 canonical_blocks=2264 import_once_lines=1 (per layer: direct imports should equal canonical blocks for one execution per block)
grep: /data/blockchain/rust-fleet7-bench/node1/el.log: No such file or directory
grep: /data/blockchain/rust-fleet7-bench/node2/el.log: No such file or directory
grep: /data/blockchain/rust-fleet7-bench/node3/el.log: No such file or directory
grep: /data/blockchain/rust-fleet7-bench/node1/el.log: No such file or directory
grep: /data/blockchain/rust-fleet7-bench/node2/el.log: No such file or directory
grep: /data/blockchain/rust-fleet7-bench/node3/el.log: No such file or directory
cat: /data/blockchain/rust-fleet7-bench/node2/el.log: No such file or directory
cat: /data/blockchain/rust-fleet7-bench/node2/el.log: No such file or directory
cat: /data/blockchain/rust-fleet7-bench/node2/el.log: No such file or directory
cat: /data/blockchain/rust-fleet7-bench/node1/el.log: No such file or directory
cat: /data/blockchain/rust-fleet7-bench/node2/el.log: No such file or directory
cat: /data/blockchain/rust-fleet7-bench/node3/el.log: No such file or directory
Traceback (most recent call last):
  File [35m"<stdin>"[0m, line [35m4[0m, in [35m<module>[0m
[1;35mIndexError[0m: [35mlist index out of range[0m
loop345S400ALLP104 no_variant=0 own_not_committed=0 tc=1 invalid_blocks=0 incomplete=0 gas_mismatch=0 direct_imports_failed=0 stuck_at_hashed_state=0 engine_idles_over_5s=1 proposals_given_up=0 tables_off_nodes=1 unanswered_reads=0 seal_first_total=776 seal_first_direct=776 direct_guard_errors=0 commit_ms_median=0 fold_ms_median=21 sealed_at_ms_median=113 state_ready_ms_median=203 build_total_ms_median=360 recover_us_median=0 par_exec_ms_median=36 par_exec_ms_median=36 giveback_filtered=0 giveback_offered_max=400000 seal_first=776 reader_lag_max=9 reader_lag_warns=0 view_invalidated=0 el_sum_peak_g=44.8 el_max_peak_g=44.8 val_sum_peak_g=1.9 flood_peak_g=0.6 two_roads_blocks=0 two_roads_overlap_ms_median=- exec_on_output_declined=0 r1_collect_ms_median=5 proposal_at_ms_median=93 view_total_ms_median=105 import_exec_ms_median=- import_total_ms_median=- import_senders_ms_median=- import_convert_ms_median=- import_groups_median=- imports_over_600ms=0 min_avail_g=65.6 road_foreign_body_recv_ms=- road_foreign_body_decode_ms=- road_foreign_body_senders_ms=- road_foreign_body_parent_wait_ms=- road_foreign_body_check_ms=- road_foreign_body_total_ms=- road_new_payload_recv_ms=- road_new_payload_decode_ms=- road_new_payload_senders_ms=- road_new_payload_parent_wait_ms=- road_new_payload_check_ms=- road_new_payload_total_ms=- road_foreign_body_blocks=0 road_new_payload_blocks=0 fcu_answered=1033 fcu_in_flight_ms_median=0 fcu_queued_ms_median=0 fcu_queued_ms_max=83 fcu_refused=0 fcu_slow=1201 bodies_held=0 road_reuse_ms=- road_prepare_ms=- road_dispatch_ms=- road_convert_ms=- road_remember_ms=- road_header_ms=- road_fields_ms=- road_other_ms=- import_engine_ms_median=- gate_forced=0 gate_warns=0 flood_timeouts=0 canonical_min=2278 canonical_max=2279 chained_builds=1496 chain_lead_ms_median=101 chain_wait_ms_median=0 chain_started=1499 chain_discarded=2 chain_discard_reasons=_1_reason="no_,_1_reason="the_execution_layer_produced_nothing,_1_reason="the_request_names_another_parent chain_alias_warns=0 el_chained=1505 bodies_held_warns=0 el_build_refused=1 el_build_refused_reasons=_1_no_QMDB_tree_for_parent_block_0x queued_p5=2115000 queued_p50=2316500 road_compact_blocks=0 road_compact_recv_ms=- road_compact_assemble_ms=- road_compact_root_ms=- road_compact_miss_wait_ms=- road_compact_senders_ms=- road_compact_check_ms=- road_compact_other_ms=- road_compact_total_ms=- road_compact_misses_total= compact_refused_el=0 compact_fallbacks=0 compact_bytes_median=- pool_order9=14646 par_pull_ms_median=- build_total_ms_median2=- road_compact_filled_blocks=0 road_compact_filled_median=- road_compact_fill_ms_median=- need_txns=0 fill_failed=0 ingest_rate_gate_open_median=- ingest_gate_open_intervals=0 ingest_slots_busy_median=- flood_rate= fill_asked_proposer=0 fill_asked_other=0 loop_lines=1776 loop_unnamed_ms_median=91 loop_body_served_ms_median=- loop_txns_served_ms_median=- import_exec_ms_median2=- pip_partition_ms=- pip_env_ms=- pip_batch_ms=- pip_groups_ms=- pip_gas_ms=- pip_merge_ms=- pip_receipts_ms=- pip_drop_ms=- pip_other_ms=- pip_total_ms=- senders_indexed_median=- road_senders_ms_median=- road_total_ms_median=- pew_ms_median=- pew_ms_p90= gate_ms_median=- gate_ms_p90= root_ms_p50=- root_ms_p90= two_roads=0 not_on_output=0 not_on_output_why= ckpt_ms_first_q=4 ckpt_ms_last_q=64 ckpt_bytes_last=35224988 parent_still_importing=0 root_wait_ms_p50=- root_wait_ms_p90= tenures_low_seal=13 seal_first_share=0.99 empty_over_deep=0 near_empty_warns=0 no_seal_why= par_skipped_median=- usable_p5=2115000 ckpt_replay_ms_last_q=19 candidates_zero=0 dropped_ingest=0 let_go_warns=0 let_go_reasons= parked_p50=0 parked_max=0 held_warns=0 park_capped_total=0 superseded_builds=0 empty_not_superseded=0 mass_park_warns=0 heads_lines=0 holes_lines=0 stale_parent_refusals=0 par_groups_p5=0 cancelled_decided=0 heads_nonce0=0 stale_unconfirmed= handovers=0 el_panics=0 decided_cancelled=0 min_window_blocks=248 road_desc_blocks=0 road_desc_total_ms=- road_desc_copy_ms=- desc_misses=0 fill_failed2=0 sf_par_collect_ms=- sf_par_commit_ms=- sf_par_fold_ms=- sf_par_graft_ms=- sf_par_prefault_ms=- sf_par_exec_ms=- sf_sealed_at_ms=- sf_roots_ms=- sf_state_ready_ms=- sf_total_ms=- ba_find_ms=- ba_queue_ms=- ba_total_ms=- ba_on_output=0 queue_fold_us=- queue_lock_us=- sf_par_exec_ms=- sf_par_fold_ms=- pip_groups_ms=- import_exec_ms_median2=- reads_d0=0 reads_hist=0 f_reads_d0=- f_reads_hist=- f_overlay_depth=- L_read_set_ms=0 read_set_accounts=0 read_set_unresolved=0 read_set_hits=0 read_set_misses=0 start_best_ms=- par_prep_ms=- gap_before_exec_ms=- gap_after_exec_ms=- gap_before_seal_ms=- index_ms=- road_copy_aside_ms=- road_copy_wait_ms=- road_total_ms=- queue_first_miss=queue_first_miss=0:1484,queue_first_miss=18446744073709551615:782 root_append_behind=0 populate_lag_mb=0 swap_used_g=0 root_faults=- root_faults_p90= root_faults_entries=0 root_faults_offsets=0 root_faults_index=0 root_faults_bits=0 root_faults_twigs=0 root_faults_undo=0 root_faults_tmp=0 root_append_faults=11 root_twig_pool_misses=0 batch_max_ms=13 batch_min_ms=4 batch_median_ms=7 batch_cpu_max_ms=13 batch_txs_max=3500 batch_txs_min=3000 batch_start_skew_ms=28 batch_wait_ms=0 loop_fetch_ns=0 loop_check_ns=0 loop_transfer_ns=0 loop_receipt_ns=0 loop_gas_ns=0 loop_sink_ns=0 loop_other_ns=0 batch_setup_ns=0 batch_close_ns=0 imp_exec_part_ms=- imp_exec_batches_ms=- imp_exec_graft_ms=- imp_exec_batches=- imp_exec_threads=- imp_exec_batch_max_ms=- imp_exec_batch_median_ms=- imp_parent_output_wait_ms=- road_parent_output_wait_ms=- next_start_gap_ms=1 next_entry_gap_ms=0 commit_body_ahead_used=- imp_exec_keys_ms=- imp_keys_ahead=- imp_exec_sink_ms=- imp_exec_pre_ms=- imp_exec_post_ms=- imp_exec_receipts_ms=- imp_exec_drop_ms=- root_gap_ms=- queue_whole=queue_whole=false:1484,queue_whole=true:782 tick_tick_late_us=679 tick_preamble_us=348 tick_take_sealed_us=1 tick_sign_us=0 tick_cache_us=0 tick_presealed=- tick_describe_us=10 tick_publish_us=608 tick_tick_to_send_us=1722 road_check_ms=- road_check_include_us=- road_check_scan_us=- road_check_fold_us=- road_check_senders_us=- road_check_frames_summarized=- road_check_frames_scanned=- imp_exec_start_gap_us=- imp_gap_road_us=- imp_gap_header_us=- imp_gap_senders_us=- imp_gap_parent_us=- imp_gap_setup_us=- imp_gap_keys_wait_us=- sealed_at_p90= sealed_over_130=0 roots_ms=- cycle_p90= batch_max_ms=- batch_median_ms=- imp_batch_max=- forest_lock_warns=1443 root_seal_ms=2 root_seals=41 root_majflt=3562 roots_p90= gp_layer=783 ggp_missing=291 state_wait_split=0/0/0/0:56,17/0/0/0:27,16/0/0/0:27 qmdb_releases=0 state_wait_on= imp_road_end_ms=- imp_exec_start_ms=- imp_exec_end_ms=- imp_root_end_ms=- imp_fields_ready_ms=- imp_parent_fields_wait_ms=- imp_exec_ms=- imp_root_ms=- imp_checks_ms=- imp_engine_ms=- imp_total_ms=- road_parent_fields_wait_ms=- exec_read_ms=- L_exec_evm_ms=- L_exec_write_ms=- L_exec_other_ms=- L_reads_cache=- L_reads_provider=- L_reads_view=- L_graft_base_ms=- L_graft_reserve_ms=- L_graft_insert_ms=- L_graft_reverts_ms=- L_graft_other_ms=- L_par_exec_ms=- L_par_graft_ms=- F_exec_read_ms=- F_exec_evm_ms=- F_exec_write_ms=- F_exec_other_ms=- F_reads_cache=- F_reads_provider=- F_reads_view=- F_groups_ms=- L_tx_root_wait_ms=- L_par_exec_ms=- L_par_graft_ms=- L_par_fold_ms=- L_sealed_ms=- L_state_ready_ms=- L_roots_ms=- L_finish_ms=- L_total_ms=- L_setup_ms=- L_par_pull_ms=- L_give_back_ms=- L_state_wait_ms=- L_state_after_pull=776 L_seal_at_exec=776 L_tx_root_ahead=0 flood_w1=3409112 txs_p10=400000 acq_us=465 slots_busy=14 ingest_rate=3311204 L_scope_join_ms=- L_par_release_ms=- L_commit_body_ms=- L_par_commit_ms=- L_give_back_ms=- L_sealed_ms=- L_par_exec_ms=- L_state_wait_ms=- L_par_pull_ms=- L_par_prep_ms=- L_par_start_ms=- L_pre_exec_ms=- L_par_run_ms=- L_sealed_at_ms=- F_partition_ms=- F_env_ms=- F_groups_ms=- F_merge_ms=- F_reverts_wait_ms=- F_ahead_wait_ms=- F_total_ms=- I_engine_ms=- I_root_ms=- I_total_ms=- H_engine_remember_ms=- H_engine_listing_ms=- H_engine_new_payload_ms=- busy_us=1 L_par_start_ms=- L_start_handoff_ms=- L_start_best_ms=- L_start_puller_ms=- L_par_pull_ms=- L_par_prep_ms=- L_state_wait_ms=- L_par_exec_ms=- L_par_commit_ms=- L_sealed_ms=- L_sealed_at_ms=- L_par_graft_ms=- L_graft_insert_ms=- L_graft_reverts_ms=- L_graft_split_us=- L_graft_build_us=- L_graft_merge_us=- L_state_ready_ms=- Q_queue_ms=0 R_dispatch_wait_ms=- R_total_ms=- R_road_runtime=1 gate_holds=0 peer_fetch=0 pool_limit=limit=8 gate_opened=gate_opened_for_block=0 I_root_ms=- flood_rate_hdr=rate=6000000/s fills=0 fill_waited=- slots_busy=14 acq_us=465 busy_us=1 converged=0 fallbacks=0 busy_us=1 recover_us=0 tf_on_output=2 tf_fallback=0 still_importing=0 busy_us=1 slots_busy=14 batches=altsig_txs=0 altsig_batches=0 tf_on_output=2 tf_fallback=0 gate_holds=0 sign_s=sign 0s replay_note=replay       : 64 files from /data/n42-pregen/g900000-400m, 400000000 transactio sign_s=sign 0s shard=shard_verified=0 shard_claimed=0 road_verified=- slots_busy=14 gate_us=5453 reply_us=6017 queued=2316500 assemble_ms=- road_take_ms=- road_body_ms=- road_encode_ms=- shards=16 shard_insert_ms=0 shard_wait_ms=0 shard_fold_ms=47 shard_append_ms=33 shard_merge_ms=127 state_ready_ms=203 roots_ms=66 exec_read_ms=0 exec_evm_ms=0 exec_write_ms=0 exec_other_ms=0 reads_cache=0 reads_provider=0 reads_view=0 par_run_ms=69 fold_task_cpu_max_us=45687 fold_task_minflt_max=45 fold_task_minflt_sum=49 fold_task_migrated=0 fold_task_nivcsw_max=0 fold_index=1 fold_index_build_ms=45 fold_index_conflicts=31154 fold_queue_us=70 fold_skew_us=36 fold_task_max_us=45682 fold_tail_us=34 start_best_ms=0 start_select_ms=0 start_walk_ms=0 start_walk_check_ms=0 start_best_other_ms=0 start_frames_by_ref=0 start_frames_slow=0 start_pull_ms=0 start_other_ms=0 start_handoff_ms=0 par_start_ms=0 par_prep_ms=0 par_commit_ms=0 commit_body_ms=0 par_fold_ms=21 sealed_ms=26 copy_ms=- prune_ms=0 frames=- frames_missing=- frame_root_ms=- root_ms=- frames_admitted=frames_admitted=619456 frames_unaligned=0 frame_root_indexed=- seal_layout_ms=1 seal_root_ms=0 attested= busy_us=1 slots_busy=14 reply_us=6017 prune_ms=0 body_refused=0 body_failed_late=0
loop345S400ALLP104 win1 tps=3,333,333 txs=100,000,000 blocks= 250 cycle=0.120s occupancy= 99.6% full(>=95%)=249/250 basefee=n/a (from the layer's log)
loop345S400ALLP104 win2 tps=3,320,000 txs=99,600,000 blocks= 249 cycle=0.120s occupancy=100.0% full(>=95%)=249/249 basefee=n/a (from the layer's log)
loop345S400ALLP104 win3 tps=3,306,667 txs=99,200,000 blocks= 248 cycle=0.121s occupancy=100.0% full(>=95%)=248/248 basefee=n/a (from the layer's log)
loop345S400ALLP104 tps=3,333,333 round_txs=298800000 cycles_w1=
loop345S400ALLP104 imp_fields_p90= b_p75=44
loop345S400ALLP104 overlay: filter_skips=0 probes=0 ratio=- (ratio = skips/(skips+probes))
loop345S400ALLP104 overlay_manager:       1 state_trie_overlay=false  state-ovly_cpu=0
loop345S400ALLP104 verify: written to /data/blockchain/rust-fleet7-bench/bench-loop345S400ALLP104/verify.json
== loop345S400ALLP104  (E=1: seven validator keys on one execution layer)
  window 1: canonical 250 blocks, 100.0M tx = 3,333,333/s (100.0% of window 1), full 249/250 (100%); cycle mean/median/p90 119.8/106.2/161.8 ms
    leader builds 250: sealed_at median/p90/p99 113/152/198; phases median/p90 ms: gap_before_exec 42/103, state_wait 41/102, par 131/192, par_exec 36/41, roots 65/85, parent_fields 22/44, sealed 24/46
    state_wait_on {'output': 160, 'grandparent': 82, 'none': 8}; builds with state_wait > 20 ms: 191 ([('output', 110), ('grandparent', 81)]); gp_layer {1.0: 250}, ggp_missing {0.0: 136, 1.0: 114}
    queue at the builds min/median 2,109,500/2,384,750
    new field batch_cpu_sum_us: median/p90/max 982460.5/1144664.0/1877228, nonzero 250
    new field batch_dispatch_us: median/p90/max 290.0/397.0/3297, nonzero 250
    new field batch_first_start_us: median/p90/max 105.0/174.0/359, nonzero 250
    new field batch_ivcsw: median/p90/max 2.0/10.0/32, nonzero 207
    new field batch_last_end_us: median/p90/max 35984.0/41127.0/64512, nonzero 250
    new field batch_last_start_us: median/p90/max 27890.0/32756.0/52292, nonzero 250
    new field batch_live_deferred: median/p90/max 83.0/89.0/128, nonzero 250
    new field batch_live_lock_hold_us: median/p90/max 18415.0/22024.0/28091, nonzero 250
    new field batch_live_lock_wait_us: median/p90/max 0.0/0.0/0, nonzero 0
    new field batch_live_lock_waits: median/p90/max 0.0/0.0/0, nonzero 0
    new field batch_majflt: median/p90/max 0.0/0.0/0, nonzero 0
    new field batch_minflt: median/p90/max 1755.5/20003.0/43625, nonzero 250
    new field batch_open_max_us: median/p90/max 527.0/629.0/788, nonzero 250
    new field batch_open_sum_us: median/p90/max 12895.5/15844.0/18799, nonzero 250
    new field batch_threads: median/p90/max 32.0/32.0/32, nonzero 250
    new field batch_vcsw: median/p90/max 189.0/375.0/681, nonzero 250
    new field batch_view_index_wait_us: median/p90/max 0.0/25736.0/71954, nonzero 58
    new field batch_view_index_waits: median/p90/max 0.0/170.0/460, nonzero 58
    new field batch_view_slot_wait_us: median/p90/max 0.0/546.0/1562, nonzero 63
    new field batch_view_slot_waits: median/p90/max 0.0/20.0/44, nonzero 63
    new field batch_wall_sum_us: median/p90/max 991960.5/1171461.0/1879672, nonzero 250
    new field batches: median/p90/max 128.0/128.0/128, nonzero 250
    new field build_batches: median/p90/max 128.0/128.0/128, nonzero 250
    new field exec_end_to_seal_us: median/p90/max 117.0/156.0/553, nonzero 250
    new field exec_partition_us: median/p90/max 12.0/16.0/2332, nonzero 250
    new field exec_prepared_groups: {'true': 249, 'false': 1}
    new field exec_prepared_slots: {'true': 249, 'false': 1}
    new field exec_slots_us: median/p90/max 0.0/0.0/2186, nonzero 2
    new field freeze_join_wait_us: median/p90/max 22187.5/53651.0/105541, nonzero 250
    new field freeze_late: {'true': 250}
    new field freeze_pool_own: {'true': 250}
    new field live_index_defer: {'true': 250}
    new field merge_accounts: median/p90/max 369692.5/377299.0/382307, nonzero 250
    new field merge_append_us: median/p90/max 5445.5/16505.0/29992, nonzero 250
    new field merge_reverts: median/p90/max 369692.5/377299.0/382307, nonzero 250
    new field merge_reverts_us: median/p90/max 31179.0/43443.0/81078, nonzero 250
    new field merge_state_us: median/p90/max 83818.5/97758.0/124308, nonzero 250
    new field merge_tail_us: median/p90/max 0.0/0.0/1, nonzero 6
    new field merge_threads: median/p90/max 1.0/1.0/1, nonzero 250
    new field one_wave: {'false': 250}
    new field open_engine_us: median/p90/max 0.0/80428.0/148105, nonzero 114
    new field open_fallback: {'false': 136, 'true': 114}
    new field open_keep_us: median/p90/max 6.0/10.0/23, nonzero 250
    new field open_layers: median/p90/max 3.0/3.0/3, nonzero 250
    new field open_provider_us: median/p90/max 107.0/203.0/543, nonzero 250
    new field plan_age_us: median/p90/max 101233.0/146308.0/220713, nonzero 250
    new field plan_ahead: median/p90/max 1.0/1.0/1, nonzero 250
    new field plan_body: median/p90/max 1.0/1.0/2, nonzero 250
    new field plan_body_us: median/p90/max 27724.5/39142.0/47552, nonzero 249
    new field plan_discard: {'': 250}
    new field plan_prep_us: median/p90/max 11715.5/18625.0/51725, nonzero 250
    new field plan_topup_txs: median/p90/max 0.0/0.0/0, nonzero 0
    new field prep_from_plan: {'true': 249, 'false': 1}
    new field prev_seal_to_answer_us: median/p90/max 3029.0/5195.0/9280, nonzero 250
    new field prev_seal_to_entry_us: median/p90/max 0.0/0.0/0, nonzero 0
    new field prev_seal_to_header_us: median/p90/max 237.0/373.0/954, nonzero 250
    new field prev_seal_to_import_us: median/p90/max 252582.0/312565.0/364939, nonzero 230
    new field prev_seal_to_request_us: median/p90/max 956.5/1316.0/118846, nonzero 250
    new field prev_seal_to_start_us: median/p90/max 1262.0/1690.0/119125, nonzero 250
    new field pull_bulk_txs: median/p90/max 400000.0/400000.0/400000, nonzero 250
    new field pull_bulk_us: median/p90/max 8.0/12.0/1787, nonzero 250
    new field root_apply_gap_us: median/p90/max 11.0/14.0/28, nonzero 250
    new field root_apply_total_us: median/p90/max 40735.0/54970.0/73468, nonzero 250
    new field root_compute_us: median/p90/max 43855.0/60570.0/76962, nonzero 250
    new field root_delta_us: median/p90/max 2164.0/3758.0/21912, nonzero 250
    new field root_index_us: median/p90/max 4856.0/9294.0/31559, nonzero 250
    new field root_leaves_us: median/p90/max 12836.5/20336.0/38558, nonzero 250
    new field root_note_us: median/p90/max 256.5/437.0/3713, nonzero 250
    new field root_ops_ahead: {'true': 250}
    new field root_ops_ahead_wait_us: median/p90/max 11178.0/26034.0/45708, nonzero 250
    new field root_ops_concat_us: median/p90/max 0.0/0.0/0, nonzero 0
    new field root_ops_encode_us: median/p90/max 12482.5/23497.0/36446, nonzero 250
    new field root_ops_finish_us: median/p90/max 4559.0/5605.0/9449, nonzero 250
    new field root_ops_sort_us: median/p90/max 7648.0/17115.0/36277, nonzero 250
    new field root_ops_us: median/p90/max 15808.5/30576.0/49494, nonzero 250
    new field root_rehash_us: median/p90/max 1548.0/2048.0/30388, nonzero 250
    new field root_retire_us: median/p90/max 1779.5/3340.0/11337, nonzero 250
    new field root_sort_us: median/p90/max 522.0/1293.0/2771, nonzero 250
    new field root_undo_us: median/p90/max 712.5/1225.0/5495, nonzero 250
    new field root_writes_us: median/p90/max 16572.0/22699.0/45522, nonzero 250
    new field seal_hashes_ahead: {'true': 250}
    new field seal_on_counters: {'true': 250}
    new field seal_to_complete_us: median/p90/max 229963.5/270700.0/343889, nonzero 250
    new field seal_to_frozen_us: median/p90/max 22152.0/53566.0/105493, nonzero 204
    new field seal_to_merge_end_us: median/p90/max 229847.5/270607.0/343751, nonzero 250
    new field seal_to_merge_start_us: median/p90/max 104601.0/138358.0/164442, nonzero 250
    new field seal_to_ops_ahead_us: median/p90/max 49813.0/86313.0/118644, nonzero 250
    new field seal_to_state_ready_us: median/p90/max 229856.0/270618.0/343761, nonzero 250
    new field sealed_unix_us: median/p90/max 1791407301238405.0/1791407313745107.0/1791407316556613, nonzero 250
    new field start_walk_check_us: median/p90/max 0.0/0.0/0, nonzero 0
    new field start_walk_ids_us: median/p90/max 0.0/0.0/0, nonzero 0
    new field start_walk_settle_us: median/p90/max 0.0/0.0/0, nonzero 0
    new field start_walk_us: median/p90/max 0.0/0.0/0, nonzero 0
    new field state_wait_us: median/p90/max 41863.5/102272.0/194874, nonzero 250
    new field view_journal_reads: median/p90/max 0.0/36864.0/114688, nonzero 118
    new field view_journal_searches: median/p90/max 0.0/95124.0/327115, nonzero 118
    new field view_journal_skips: median/p90/max 0.0/0.0/0, nonzero 0
    new field whole_take_noted: {'true': 250}
    binding wait (tick / quorum / seal share, mean cycle): tick 57% (108); quorum 37% (135); seal 5% (142); feed-bound (blocks under 95% of the tier): 1 of 250
    slowest key vote delay median/p90 73.1/142.1 ms
    engine own-import total_ms per block median/p90/max 71/109/152 (n=249)
    layer RSS 4.8 -> 36.2 G (max 36.2), in-memory blocks max 11
    execution layer cores busy 34.1    validators cores busy 0.7
    flood delivered (median per 5 s over the leg) 3,368,764/s
  window 2: canonical 249 blocks, 99.6M tx = 3,320,000/s (99.6% of window 1), full 249/249 (100%); cycle mean/median/p90 120.1/106.1/158.7 ms
    leader builds 249: sealed_at median/p90/p99 110/154/183; phases median/p90 ms: gap_before_exec 29/93, state_wait 28/93, par 120/180, par_exec 36/41, roots 66/97, parent_fields 25/59, sealed 28/61
    state_wait_on {'output': 157, 'grandparent': 71, 'none': 20, 'open': 1}; builds with state_wait > 20 ms: 147 ([('output', 80), ('grandparent', 67)]); gp_layer {1.0: 249}, ggp_missing {0.0: 162, 1.0: 87}
    queue at the builds min/median 2,089,500/2,358,000
    new field batch_cpu_sum_us: median/p90/max 1019684.0/1144827.0/1431989, nonzero 249
    new field batch_dispatch_us: median/p90/max 285.0/389.0/1989, nonzero 249
    new field batch_first_start_us: median/p90/max 100.0/155.0/256, nonzero 249
    new field batch_ivcsw: median/p90/max 3.0/9.0/35, nonzero 202
    new field batch_last_end_us: median/p90/max 36851.0/40946.0/50313, nonzero 249
    new field batch_last_start_us: median/p90/max 28907.0/32722.0/37157, nonzero 249
    new field batch_live_deferred: median/p90/max 84.0/94.0/216, nonzero 249
    new field batch_live_lock_hold_us: median/p90/max 19558.0/23569.0/43091, nonzero 249
    new field batch_live_lock_wait_us: median/p90/max 0.0/0.0/0, nonzero 0
    new field batch_live_lock_waits: median/p90/max 0.0/0.0/0, nonzero 0
    new field batch_majflt: median/p90/max 0.0/0.0/0, nonzero 0
    new field batch_minflt: median/p90/max 2765.0/20815.0/70665, nonzero 249
    new field batch_open_max_us: median/p90/max 494.0/593.0/1295, nonzero 249
    new field batch_open_sum_us: median/p90/max 12196.0/14664.0/17654, nonzero 249
    new field batch_threads: median/p90/max 32.0/32.0/32, nonzero 249
    new field batch_vcsw: median/p90/max 187.0/368.0/636, nonzero 249
    new field batch_view_index_wait_us: median/p90/max 0.0/26109.0/61856, nonzero 66
    new field batch_view_index_waits: median/p90/max 0.0/174.0/433, nonzero 66
    new field batch_view_slot_wait_us: median/p90/max 0.0/381.0/2039, nonzero 68
    new field batch_view_slot_waits: median/p90/max 0.0/17.0/50, nonzero 68
    new field batch_wall_sum_us: median/p90/max 1026938.0/1156587.0/1433466, nonzero 249
    new field batches: median/p90/max 128.0/128.0/128, nonzero 249
    new field build_batches: median/p90/max 128.0/128.0/128, nonzero 249
    new field exec_end_to_seal_us: median/p90/max 129.0/189.0/460, nonzero 249
    new field exec_partition_us: median/p90/max 12.0/16.0/2524, nonzero 249
    new field exec_prepared_groups: {'true': 248, 'false': 1}
    new field exec_prepared_slots: {'true': 248, 'false': 1}
    new field exec_slots_us: median/p90/max 0.0/0.0/1665, nonzero 1
    new field freeze_join_wait_us: median/p90/max 21566.0/49265.0/66297, nonzero 249
    new field freeze_late: {'true': 249}
    new field freeze_pool_own: {'true': 249}
    new field live_index_defer: {'true': 249}
    new field merge_accounts: median/p90/max 366538.0/375599.0/383769, nonzero 249
    new field merge_append_us: median/p90/max 7446.0/20606.0/30315, nonzero 249
    new field merge_reverts: median/p90/max 366538.0/375599.0/383769, nonzero 249
    new field merge_reverts_us: median/p90/max 32026.0/42940.0/65140, nonzero 249
    new field merge_state_us: median/p90/max 86834.0/106036.0/125069, nonzero 249
    new field merge_tail_us: median/p90/max 0.0/0.0/1, nonzero 9
    new field merge_threads: median/p90/max 1.0/1.0/1, nonzero 249
    new field one_wave: {'false': 249}
    new field open_engine_us: median/p90/max 0.0/80386.0/179644, nonzero 87
    new field open_fallback: {'false': 162, 'true': 87}
    new field open_keep_us: median/p90/max 5.0/8.0/17, nonzero 249
    new field open_layers: median/p90/max 3.0/3.0/3, nonzero 249
    new field open_provider_us: median/p90/max 116.0/228.0/761, nonzero 249
    new field plan_age_us: median/p90/max 98449.0/147416.0/256214, nonzero 249
    new field plan_ahead: median/p90/max 1.0/1.0/1, nonzero 249
    new field plan_body: median/p90/max 1.0/1.0/2, nonzero 249
    new field plan_body_us: median/p90/max 27276.0/34039.0/41280, nonzero 248
    new field plan_discard: {'': 249}
    new field plan_prep_us: median/p90/max 12464.0/20440.0/48373, nonzero 249
    new field plan_topup_txs: median/p90/max 0.0/0.0/0, nonzero 0
    new field prep_from_plan: {'true': 248, 'false': 1}
    new field prev_seal_to_answer_us: median/p90/max 3044.0/5303.0/7969, nonzero 249
    new field prev_seal_to_entry_us: median/p90/max 0.0/0.0/0, nonzero 0
    new field prev_seal_to_header_us: median/p90/max 247.0/374.0/991, nonzero 249
    new field prev_seal_to_import_us: median/p90/max 256025.0/312943.0/409676, nonzero 230
    new field prev_seal_to_request_us: median/p90/max 990.0/1368.0/139641, nonzero 249
    new field prev_seal_to_start_us: median/p90/max 1322.0/1770.0/140150, nonzero 249
    new field pull_bulk_txs: median/p90/max 400000.0/400000.0/400000, nonzero 249
    new field pull_bulk_us: median/p90/max 8.0/13.0/1892, nonzero 249
    new field root_apply_gap_us: median/p90/max 11.0/14.0/19, nonzero 249
    new field root_apply_total_us: median/p90/max 42154.0/55355.0/76172, nonzero 249
    new field root_compute_us: median/p90/max 45902.0/61596.0/83375, nonzero 249
    new field root_delta_us: median/p90/max 2233.0/3617.0/21495, nonzero 249
    new field root_index_us: median/p90/max 4965.0/7774.0/32402, nonzero 249
    new field root_leaves_us: median/p90/max 12965.0/22257.0/34275, nonzero 249
    new field root_note_us: median/p90/max 268.0/405.0/1564, nonzero 249
    new field root_ops_ahead: {'true': 249}
    new field root_ops_ahead_wait_us: median/p90/max 10635.0/25621.0/50766, nonzero 249
    new field root_ops_concat_us: median/p90/max 0.0/0.0/0, nonzero 0
    new field root_ops_encode_us: median/p90/max 12752.0/23679.0/49572, nonzero 249
    new field root_ops_finish_us: median/p90/max 4601.0/6429.0/11360, nonzero 249
    new field root_ops_sort_us: median/p90/max 7685.0/14880.0/32299, nonzero 249
    new field root_ops_us: median/p90/max 15434.0/31059.0/55634, nonzero 249
    new field root_rehash_us: median/p90/max 2160.0/2694.0/16180, nonzero 249
    new field root_retire_us: median/p90/max 1760.0/2811.0/10119, nonzero 249
    new field root_sort_us: median/p90/max 600.0/1218.0/5233, nonzero 249
    new field root_undo_us: median/p90/max 681.0/1205.0/2517, nonzero 249
    new field root_writes_us: median/p90/max 16592.0/22881.0/37728, nonzero 249
    new field seal_hashes_ahead: {'true': 249}
    new field seal_on_counters: {'true': 249}
    new field seal_to_complete_us: median/p90/max 239071.0/281463.0/329323, nonzero 249
    new field seal_to_frozen_us: median/p90/max 21516.0/49215.0/66241, nonzero 202
    new field seal_to_merge_end_us: median/p90/max 238893.0/281345.0/329179, nonzero 249
    new field seal_to_merge_start_us: median/p90/max 105872.0/142510.0/180167, nonzero 249
    new field seal_to_ops_ahead_us: median/p90/max 48351.0/76714.0/116302, nonzero 249
    new field seal_to_state_ready_us: median/p90/max 238906.0/281352.0/329195, nonzero 249
    new field sealed_unix_us: median/p90/max 1791407331447226.0/1791407343250317.0/1791407346501257, nonzero 249
    new field start_walk_check_us: median/p90/max 0.0/0.0/0, nonzero 0
    new field start_walk_ids_us: median/p90/max 0.0/0.0/0, nonzero 0
    new field start_walk_settle_us: median/p90/max 0.0/0.0/0, nonzero 0
    new field start_walk_us: median/p90/max 0.0/0.0/0, nonzero 0
    new field state_wait_us: median/p90/max 28664.0/93642.0/230468, nonzero 249
    new field view_journal_reads: median/p90/max 0.0/32768.0/69632, nonzero 124
    new field view_journal_searches: median/p90/max 0.0/85488.0/181505, nonzero 124
    new field view_journal_skips: median/p90/max 0.0/0.0/0, nonzero 0
    new field whole_take_noted: {'true': 249}
    binding wait (tick / quorum / seal share, mean cycle): tick 62% (108); quorum 37% (140); seal 2% (165); feed-bound (blocks under 95% of the tier): 0 of 249
    slowest key vote delay median/p90 72.0/146.3 ms
    engine own-import total_ms per block median/p90/max 79/112/169 (n=249)
    layer RSS 36.1 -> 43.2 G (max 43.2), in-memory blocks max 11
    execution layer cores busy 34.3    validators cores busy 0.7
  window 3: canonical 248 blocks, 99.2M tx = 3,306,667/s (99.2% of window 1), full 248/248 (100%); cycle mean/median/p90 120.9/107.1/159.4 ms
    leader builds 249: sealed_at median/p90/p99 114/155/196; phases median/p90 ms: gap_before_exec 27/95, state_wait 27/93, par 123/181, par_exec 37/42, roots 69/97, parent_fields 26/60, sealed 29/61
    state_wait_on {'output': 161, 'grandparent': 72, 'none': 16}; builds with state_wait > 20 ms: 145 ([('output', 77), ('grandparent', 68)]); gp_layer {1.0: 249}, ggp_missing {0.0: 166, 1.0: 83}
    queue at the builds min/median 2,050,000/2,375,000
    new field batch_cpu_sum_us: median/p90/max 1031136.0/1173190.0/1500646, nonzero 249
    new field batch_dispatch_us: median/p90/max 290.0/406.0/1184, nonzero 249
    new field batch_first_start_us: median/p90/max 94.0/200.0/297, nonzero 249
    new field batch_ivcsw: median/p90/max 3.0/10.0/39, nonzero 196
    new field batch_last_end_us: median/p90/max 37176.0/42678.0/67192, nonzero 249
    new field batch_last_start_us: median/p90/max 28984.0/33554.0/59274, nonzero 249
    new field batch_live_deferred: median/p90/max 84.0/110.0/352, nonzero 249
    new field batch_live_lock_hold_us: median/p90/max 19984.0/27036.0/87933, nonzero 249
    new field batch_live_lock_wait_us: median/p90/max 0.0/0.0/0, nonzero 0
    new field batch_live_lock_waits: median/p90/max 0.0/0.0/0, nonzero 0
    new field batch_majflt: median/p90/max 0.0/0.0/3575, nonzero 20
    new field batch_minflt: median/p90/max 2494.0/24233.0/50060, nonzero 249
    new field batch_open_max_us: median/p90/max 483.0/585.0/2428, nonzero 249
    new field batch_open_sum_us: median/p90/max 11728.0/14357.0/20115, nonzero 249
    new field batch_threads: median/p90/max 32.0/32.0/32, nonzero 249
    new field batch_vcsw: median/p90/max 190.0/427.0/3789, nonzero 249
    new field batch_view_index_wait_us: median/p90/max 0.0/23904.0/281559, nonzero 57
    new field batch_view_index_waits: median/p90/max 0.0/168.0/359, nonzero 57
    new field batch_view_slot_wait_us: median/p90/max 0.0/485.0/1320, nonzero 66
    new field batch_view_slot_waits: median/p90/max 0.0/21.0/48, nonzero 66
    new field batch_wall_sum_us: median/p90/max 1039239.0/1201904.0/2026050, nonzero 249
    new field batches: median/p90/max 128.0/128.0/128, nonzero 249
    new field build_batches: median/p90/max 128.0/128.0/128, nonzero 249
    new field exec_end_to_seal_us: median/p90/max 124.0/182.0/817, nonzero 249
    new field exec_partition_us: median/p90/max 12.0/16.0/86, nonzero 249
    new field exec_prepared_groups: {'true': 249}
    new field exec_prepared_slots: {'true': 249}
    new field exec_slots_us: median/p90/max 0.0/0.0/0, nonzero 0
    new field freeze_join_wait_us: median/p90/max 17878.0/49086.0/70180, nonzero 249
    new field freeze_late: {'true': 249}
    new field freeze_pool_own: {'true': 249}
    new field live_index_defer: {'true': 249}
    new field merge_accounts: median/p90/max 368296.0/375991.0/388253, nonzero 249
    new field merge_append_us: median/p90/max 5475.0/19909.0/36577, nonzero 249
    new field merge_reverts: median/p90/max 368296.0/375991.0/388253, nonzero 249
    new field merge_reverts_us: median/p90/max 32445.0/43146.0/72411, nonzero 249
    new field merge_state_us: median/p90/max 88301.0/109329.0/126195, nonzero 249
    new field merge_tail_us: median/p90/max 0.0/0.0/1, nonzero 7
    new field merge_threads: median/p90/max 1.0/1.0/1, nonzero 249
    new field one_wave: {'false': 249}
    new field open_engine_us: median/p90/max 0.0/80457.0/120726, nonzero 83
    new field open_fallback: {'false': 166, 'true': 83}
    new field open_keep_us: median/p90/max 5.0/9.0/21, nonzero 249
    new field open_layers: median/p90/max 3.0/3.0/3, nonzero 249
    new field open_provider_us: median/p90/max 126.0/248.0/2037, nonzero 249
    new field plan_age_us: median/p90/max 99961.0/145865.0/251116, nonzero 249
    new field plan_ahead: median/p90/max 1.0/1.0/1, nonzero 249
    new field plan_body: median/p90/max 1.0/1.0/1, nonzero 249
    new field plan_body_us: median/p90/max 28700.0/34585.0/43153, nonzero 249
    new field plan_discard: {'': 249}
    new field plan_prep_us: median/p90/max 12489.0/20943.0/89070, nonzero 249
    new field plan_topup_txs: median/p90/max 0.0/0.0/0, nonzero 0
    new field prep_from_plan: {'true': 249}
    new field prev_seal_to_answer_us: median/p90/max 2928.0/5774.0/9450, nonzero 249
    new field prev_seal_to_entry_us: median/p90/max 0.0/0.0/0, nonzero 0
    new field prev_seal_to_header_us: median/p90/max 226.0/413.0/2641, nonzero 249
    new field prev_seal_to_import_us: median/p90/max 263128.0/317598.0/368789, nonzero 234
    new field prev_seal_to_request_us: median/p90/max 972.0/1322.0/136022, nonzero 249
    new field prev_seal_to_start_us: median/p90/max 1283.0/1804.0/136313, nonzero 249
    new field pull_bulk_txs: median/p90/max 400000.0/400000.0/400000, nonzero 249
    new field pull_bulk_us: median/p90/max 9.0/13.0/47, nonzero 249
    new field root_apply_gap_us: median/p90/max 12.0/15.0/18, nonzero 249
    new field root_apply_total_us: median/p90/max 44059.0/58769.0/87406, nonzero 249
    new field root_compute_us: median/p90/max 47637.0/62875.0/92392, nonzero 249
    new field root_delta_us: median/p90/max 2311.0/5414.0/25113, nonzero 249
    new field root_index_us: median/p90/max 5008.0/9387.0/48128, nonzero 249
    new field root_leaves_us: median/p90/max 12977.0/22047.0/65707, nonzero 249
    new field root_note_us: median/p90/max 276.0/450.0/2908, nonzero 249
    new field root_ops_ahead: {'true': 249}
    new field root_ops_ahead_wait_us: median/p90/max 10857.0/24446.0/64565, nonzero 249
    new field root_ops_concat_us: median/p90/max 0.0/0.0/0, nonzero 0
    new field root_ops_encode_us: median/p90/max 13420.0/22857.0/73280, nonzero 249
    new field root_ops_finish_us: median/p90/max 4732.0/6927.0/16938, nonzero 249
    new field root_ops_sort_us: median/p90/max 8591.0/14765.0/22995, nonzero 249
    new field root_ops_us: median/p90/max 16210.0/30164.0/70211, nonzero 249
    new field root_rehash_us: median/p90/max 2658.0/3700.0/32042, nonzero 249
    new field root_retire_us: median/p90/max 1876.0/3333.0/6912, nonzero 249
    new field root_sort_us: median/p90/max 615.0/1319.0/5515, nonzero 249
    new field root_undo_us: median/p90/max 729.0/1404.0/3987, nonzero 249
    new field root_writes_us: median/p90/max 17192.0/24346.0/40026, nonzero 249
    new field seal_hashes_ahead: {'true': 249}
    new field seal_on_counters: {'true': 249}
    new field seal_to_complete_us: median/p90/max 238895.0/291333.0/367950, nonzero 249
    new field seal_to_frozen_us: median/p90/max 18582.0/49038.0/70184, nonzero 187
    new field seal_to_merge_end_us: median/p90/max 238777.0/291209.0/367864, nonzero 249
    new field seal_to_merge_start_us: median/p90/max 105902.0/148192.0/214856, nonzero 249
    new field seal_to_ops_ahead_us: median/p90/max 46534.0/78058.0/117204, nonzero 249
    new field seal_to_state_ready_us: median/p90/max 238785.0/291221.0/367873, nonzero 249
    new field sealed_unix_us: median/p90/max 1791407361964822.0/1791407373848123.0/1791407376592988, nonzero 249
    new field start_walk_check_us: median/p90/max 0.0/0.0/0, nonzero 0
    new field start_walk_ids_us: median/p90/max 0.0/0.0/0, nonzero 0
    new field start_walk_settle_us: median/p90/max 0.0/0.0/0, nonzero 0
    new field start_walk_us: median/p90/max 0.0/0.0/0, nonzero 0
    new field state_wait_us: median/p90/max 27245.0/93995.0/145905, nonzero 249
    new field view_journal_reads: median/p90/max 4096.0/32768.0/69632, nonzero 126
    new field view_journal_searches: median/p90/max 10712.0/82190.0/193901, nonzero 126
    new field view_journal_skips: median/p90/max 0.0/0.0/0, nonzero 0
    new field whole_take_noted: {'true': 249}
    binding wait (tick / quorum / seal share, mean cycle): tick 59% (109); quorum 39% (139); seal 2% (128); feed-bound (blocks under 95% of the tier): 0 of 248
    slowest key vote delay median/p90 78.3/145.3 ms
    engine own-import total_ms per block median/p90/max 80/115/161 (n=248)
    layer RSS 42.4 -> 36.2 G (max 45.4), in-memory blocks max 11
    execution layer cores busy 34.1    validators cores busy 0.6
  round total (3 windows, canonical): 298.8M tx
  layer peak RSS 45.4 G; in-memory blocks max 11
  fields at seal: mode "early", verified 0, unchecked 0, mismatches 0 (last build line, cumulative)
  own_executed_again (built here and also directly imported): 0 of 775 built blocks
== loop345S400ALLP104
  layer-0 leader window-1 builds 250: txs mean 400000, share >= 95% of the tier 100% (max 400000); sealed_at_ms 113.0/152.0; par_ms 131.5/192.0; par_exec_ms 36.0/41.0; roots_ms 65.0/85.0; parent_fields_ms 22.0/44.0; sealed_ms 24.0/46.0
  proposal cycle window 1 (n=259): mean 119.8 median 106.2 p90 161.8 ms; blocks in the 30 s: 259
  binding wait (tick / quorum / seal, share and mean cycle): tick 57.2% (108.1); quorum 37.6% (135.5); seal 5.2% (142.0)
  vote delay after the proposal, slowest key per block: median 72.5 p90 142.9 ms (slowest minus the median key: median 0.2); last key: {1: 50, 2: 48, 3: 29, 4: 31, 5: 37, 6: 55} of 250 blocks
  CPU in window 1 (cores busy): execution layers 34.1 over 1 process(es); validators 0.7 over 7 process(es)
  execution layer peak RSS 45.4 G; in-memory blocks max 11 (node0 and others, all layers)
  blocks built here 775; none also directly imported
  import-once counters at the last direct import: ; start-up lines with import_once=true: 1; queue-lock lines 0
  layer-0 queue (queued after canonical prune), median per 10 s: t+0:2382500 t+20:2291000 t+40:2344750 t+60:2329250 t+80:2283750
  flood: median per 5 s 3368764/s, final -
  timeout / given-up lines: 1; 21:07:38 v0 INFO process_event{view=1 kind="message"}: n42::cl::timeout: TC formed
loop345S400ALLP104 page_faults_per_s_median: node0=244821 
feedcheck loop345S400ALLP104: ok (block 400,000 tx)
== loop345S400ALLP104: feed check (acq_us / gate_us / reply_us are per frame of 500; rate per 5 s `ingest` line)
  window 1: ingest lines 6; acq_us 464 (max 1125); gate_us 5383; reply_us 5949; slots_busy 14%; delivered median 3,294,006/s max 3,597,113/s; queue at builds median 2,384,750 min 2,109,500; full 100% of 250 blocks
  window 2: ingest lines 6; acq_us 467 (max 478); gate_us 5380; reply_us 5939; slots_busy 14%; delivered median 3,341,231/s max 3,520,497/s; queue at builds median 2,358,000 min 2,089,500; full 100% of 249 blocks
  window 3: ingest lines 6; acq_us 466 (max 471); gate_us 5440; reply_us 5995; slots_busy 14%; delivered median 3,329,383/s max 3,467,962/s; queue at builds median 2,375,000 min 2,050,000; full 100% of 248 blocks
  flood.log (+15..+100 s): rate per 5 s median 3,351,922/s max 3,523,920/s; reply latency median 57.0 ms max 62.5 ms
== loop345S400ALLP104: lanes lock, drain and pruner (new fields)
  window 1: lock duty 56.5% (max 63.0); holds/5s 2,084; longest hold 43.00 ms median, 48.73 ms max by crates/n42/tx-queue/src/lib.rs:2692 (most frequent holders [('crates/n42/tx-queue/src/lib.rs:2046', 5), ('crates/n42/tx-queue/src/lib.rs:2692', 1)]); lock wait 1684.5 ms/5s, longest 52.99 ms; drains/5s 1,398 of 11729 tx, mean 1128 us, max 29.09 ms
           prune (230 blocks): prune_ms 55/85; fold 1.1 ms, lock 0.0 ms, remove(hold) 15.4 ms, free 0.0 ms; frames_swept 800; coalesced on 230 of 230; prune_wait_ms 0/0; pruner busy 44% of a thread, lock held by it 1.0%
  window 2: lock duty 63.5% (max 67.0); holds/5s 1,906; longest hold 46.45 ms median, 51.05 ms max by crates/n42/tx-queue/src/lib.rs:1766 (most frequent holders [('crates/n42/tx-queue/src/lib.rs:2046', 4), ('crates/n42/tx-queue/src/lib.rs:1766', 1)]); lock wait 2457.5 ms/5s, longest 51.10 ms; drains/5s 1,214 of 13832 tx, mean 1428 us, max 30.18 ms
           prune (238 blocks): prune_ms 60/93; fold 1.1 ms, lock 0.0 ms, remove(hold) 17.1 ms, free 0.0 ms; frames_swept 800; coalesced on 238 of 238; prune_wait_ms 0/0; pruner busy 50% of a thread, lock held by it 1.5%
  window 3: lock duty 61.0% (max 67.0); holds/5s 1,872; longest hold 51.62 ms median, 89.07 ms max by crates/n42/tx-queue/src/lib.rs:2692 (most frequent holders [('crates/n42/tx-queue/src/lib.rs:2046', 4), ('crates/n42/tx-queue/src/lib.rs:1766', 1)]); lock wait 2293.5 ms/5s, longest 70.27 ms; drains/5s 1,182 of 14169 tx, mean 1456 us, max 38.98 ms
           prune (239 blocks): prune_ms 58/86; fold 0.9 ms, lock 0.0 ms, remove(hold) 17.0 ms, free 0.0 ms; frames_swept 800; coalesced on 239 of 239; prune_wait_ms 0/0; pruner busy 48% of a thread, lock held by it 1.2%
== loop345S400ALLP104: pruner (per block; busy = sum prune_ms / 30 s, lock = sum (remove_us + settle_us) / 30 s)
  window 1: 230 prunes; prune_ms 55/85; remove_us 15.4/30.3 ms; forget_us 5.3/9.1 ms; settle_us 5.8 ms; pruner busy 44% of a worker; lanes lock held for removal 19%
  window 2: 238 prunes; prune_ms 60/93; remove_us 17.1/32.9 ms; forget_us 5.7/9.4 ms; settle_us 6.3 ms; pruner busy 50% of a worker; lanes lock held for removal 22%
  window 3: 239 prunes; prune_ms 58/86; remove_us 17.0/34.0 ms; forget_us 5.7/9.1 ms; settle_us 5.8 ms; pruner busy 48% of a worker; lanes lock held for removal 22%
== loop345S400ALLP104: seal start / pull, prepared plan, answer, chunked drain
  window 1: 250 builds; start_best_ms 0/16; start_walk_us 0/0; start_pull_ms 0/0; par_pull_ms 0/0; par_start_ms 0/16; par_ms 131/192; sealed_at_ms 113/152; pull_bulk_us 8/12; pull_bulk_txs 400000/400000; plan_age_us 101233/146308; plan_prep_us 11716/18625; plan_topup_txs 0/0
           plan_ahead {'1': 250}; plan_discard {'': 250}
           answer: built-ahead bytes median/max 29,642/29,645, layout_only {'true': 251}; proposal sent bytes median/max 29,642/29,645, layout_only {'true': 251}
           drain: chunks/5s 1,326, chunk max 8,192 tx, finished by others/5s 21; plan_discards (last ingest line) -
  window 2: 249 builds; start_best_ms 1/23; start_walk_us 0/0; start_pull_ms 0/0; par_pull_ms 0/0; par_start_ms 1/23; par_ms 120/180; sealed_at_ms 110/154; pull_bulk_us 8/13; pull_bulk_txs 400000/400000; plan_age_us 98449/147416; plan_prep_us 12464/20440; plan_topup_txs 0/0
           plan_ahead {'1': 249}; plan_discard {'': 249}
           answer: built-ahead bytes median/max 29,647/29,647, layout_only {'true': 250}; proposal sent bytes median/max 29,647/29,647, layout_only {'true': 249}
           drain: chunks/5s 1,134, chunk max 8,192 tx, finished by others/5s 36; plan_discards (last ingest line) -
  window 3: 249 builds; start_best_ms 2/25; start_walk_us 0/0; start_pull_ms 0/0; par_pull_ms 0/0; par_start_ms 2/25; par_ms 123/181; sealed_at_ms 114/155; pull_bulk_us 9/13; pull_bulk_txs 400000/400000; plan_age_us 99961/145865; plan_prep_us 12489/20943; plan_topup_txs 0/0
           plan_ahead {'1': 249}; plan_discard {'': 249}
           answer: built-ahead bytes median/max 29,647/29,647, layout_only {'true': 248}; proposal sent bytes median/max 29,647/29,647, layout_only {'true': 248}
           drain: chunks/5s 1,108, chunk max 8,192 tx, finished by others/5s 32; plan_discards (last ingest line) -
== loop345S400ALLP104: persistence per window (ms per block = part sum / blocks persisted)
  window 1: persisted 251 of 250 produced (100%); total 70.0, sf_tx 63.6, sf_rcpt 12.1, sf_acct 26.8, sf_send 22.2, scope 63.7, qmdb 28.4, post 0.0, pre 6.3, plain_rev 6.3, commit_sf 1.4, commit_mdbx 0.1, commit_rocks 0.1; longest task sf_tx 63.6; in-memory 8 -> 8 (max 11); RSS 18.0 -> 36.2 G; lag 8 -> 8 = +0.0 blocks/min; bp max 0
  window 2: persisted 249 of 249 produced (100%); total 73.7, sf_tx 67.5, sf_rcpt 13.1, sf_acct 27.6, sf_send 21.3, scope 67.6, qmdb 33.5, post 0.0, pre 6.1, plain_rev 6.1, commit_sf 1.2, commit_mdbx 0.1, commit_rocks 0.1; longest task sf_tx 67.5; in-memory 8 -> 8 (max 11); RSS 36.2 -> 43.2 G; lag 8 -> 8 = +0.0 blocks/min; bp max 0
  window 3: persisted 248 of 248 produced (100%); total 74.5, sf_tx 67.4, sf_rcpt 12.7, sf_acct 27.8, sf_send 21.0, scope 67.9, qmdb 34.8, post 0.0, pre 6.6, plain_rev 6.6, commit_sf 1.4, commit_mdbx 0.1, commit_rocks 0.1; longest task sf_tx 67.4; in-memory 8 -> 7 (max 11); RSS 43.2 -> 36.2 G; lag 8 -> 9 = +2.0 blocks/min; bp max 0
  leg end: in-memory 7, max over the sampler 11, backpressure stalls 0
== loop345S400ALLP104: execution and root fields (median / p90 per block)
    folded lines 251: pending_max max 90 (median 82); pending_us_max max 43,762; drops_max max 235364
    flags: seal_on_counters true:250; freeze_pool_own true:250; plan_body 1:249/2:1; prep_from_plan false:1/true:249; whole_take_noted true:250; seal_hashes_ahead true:250; plan_ahead 1:250; seal per 1,000 transfers 0.282 ms
  window 1 (250 builds): on-CPU share 1.00/1.00; CPU per transfer 2.46/2.86 us; sealed_at_ms 113/152; exec_end_to_seal_us 117/156; par_exec_ms 36/41; commit_refs_ms 0/0; par_commit_ms 0/0; par_fold_ms 22/53; index_ms 46/59; par_start_ms 0/16; par_prep_ms 0/0; gap_before_exec_ms 42/103; plan_body_us 27,724/39,142; build_batches 128/128; parent_fields_ms 22/44; seal_to_fields_us 104,394/138,200; roots_ms 65/85; exec_partition_us 12/16; exec_slots_us 0/0; tx_root_ms 2/2; sealed_ms 24/46; seal_to_complete_us 229,964/270,700; shard_fold_ms 46/59; batch_max_ms 14/18; state_wait_us 41,864/102,272
    folded lines 250: pending_max max 90 (median 82); pending_us_max max 44,677; drops_max max 94236
    flags: seal_on_counters true:249; freeze_pool_own true:249; plan_body 1:248/2:1; prep_from_plan false:1/true:248; whole_take_noted true:249; seal_hashes_ahead true:249; plan_ahead 1:249; seal per 1,000 transfers 0.275 ms
  window 2 (249 builds): on-CPU share 1.00/1.00; CPU per transfer 2.55/2.86 us; sealed_at_ms 110/154; exec_end_to_seal_us 129/189; par_exec_ms 36/41; commit_refs_ms 0/0; par_commit_ms 0/0; par_fold_ms 21/49; index_ms 48/59; par_start_ms 1/23; par_prep_ms 0/0; gap_before_exec_ms 29/93; plan_body_us 27,276/34,039; build_batches 128/128; parent_fields_ms 25/59; seal_to_fields_us 105,701/142,340; roots_ms 66/97; exec_partition_us 12/16; exec_slots_us 0/0; tx_root_ms 2/3; sealed_ms 28/61; seal_to_complete_us 239,071/281,463; shard_fold_ms 48/59; batch_max_ms 13/17; state_wait_us 28,664/93,642
    folded lines 248: pending_max max 92 (median 82); pending_us_max max 43,470; drops_max max 96000
    flags: seal_on_counters true:249; freeze_pool_own true:249; plan_body 1:249; prep_from_plan true:249; whole_take_noted true:249; seal_hashes_ahead true:249; plan_ahead 1:249; seal per 1,000 transfers 0.285 ms
  window 3 (249 builds): on-CPU share 1.00/1.00; CPU per transfer 2.58/2.93 us; sealed_at_ms 114/155; exec_end_to_seal_us 124/182; par_exec_ms 37/42; commit_refs_ms 0/0; par_commit_ms 0/0; par_fold_ms 18/49; index_ms 47/56; par_start_ms 2/25; par_prep_ms 0/0; gap_before_exec_ms 27/95; plan_body_us 28,700/34,585; build_batches 128/128; parent_fields_ms 26/60; seal_to_fields_us 105,747/148,020; roots_ms 69/97; exec_partition_us 12/16; exec_slots_us 0/0; tx_root_ms 2/3; sealed_ms 29/61; seal_to_complete_us 238,895/291,333; shard_fold_ms 47/56; batch_max_ms 13/17; state_wait_us 27,245/93,995
flood span 95 s; tokio-rt threads alive throughout 34 of 72; group 9.9 cores busy over them (all threads incl. short-lived 13.2)
  per-thread cores busy, top 12: 0.65 0.62 0.62 0.59 0.58 0.58 0.58 0.58 0.57 0.57 0.57 0.57; threads over 0.9 core: 0, over 0.7: 0
== loop345S400ALLP104: 748 full builds in the 3 windows
  par_exec_ms 36/41; par_run_ms 70/130; batch_start_skew_ms 28/32; batch_median_ms 7/8; batch_max_ms 13/17; batch_first_start_us 100/176; batch_last_start_us 28616/33004; batch_dispatch_us 288/395; batch_last_end_us 36654/41444; batches 128/128; batch_threads 32/32; batch_txs_max 3500/3500; batch_txs_min 3000/3000; start_walk_ms 0/0; start_walk_check_ms 0/0; par_start_ms 0/22; sealed_at_ms 113/154; prev_seal_to_answer_us 3021/5398; prev_seal_to_entry_us 0/0; prev_seal_to_header_us 236/385; prev_seal_to_import_us 257348/313893; prev_seal_to_request_us 974/1326; prev_seal_to_start_us 1294/1739; start_walk_check_us 0/0; start_walk_ids_us 0/0; start_walk_settle_us 0/0; start_walk_us 0/0
  one_wave {'false': 748}
  batches == batch_threads on 0 of 748 builds
  last - first batch start (ms) median/p90 28.54/32.88; under 2 ms on 0 of 748 builds
bodygate loop345S400ALLP104: invalid_blocks=0 gas_mismatch=0 fields_mismatches=0 own_not_committed=0 proposals_given_up=0
S400ALLP gate at 104 ms: ok cycle median 106.4 ms against 104 (limit 107); in-memory blocks end of w1 8, end of w3 7, max in w3 11 (loop345S400ALLP104)
leg loop345S400ALLP94: /data free 598G (needs 120 G)
leg loop345S400ALLP94 start 17:12:05 load 3.64
round loop345S400ALLP94 exit 0 at 17:15:02
loop345S400ALLP94 save stages (node0, seconds summed over the leg / count): batch_size=1072.0/352  batch_size=1072.0/352  reth_consensus_engine_beacon_persistence_duration=64.8/352  duration_seconds=60.2/352  total=55.7/352  scope=51.1/352  sf=50.5/352  sf_transactions=50.2/352  qmdb_persisted=23.0/352  sf_account_changesets=21.3/352
el binary: /data/n42-build/target-n42-rs/native/release/n42 env: N42_IMPORT_ONCE=1 N42_SETTLEMENT_TAGS=legacy N42_BUILD_THROTTLE_SOFT=48 F7_EL_MAP=0,0,0,0,0,0,0 N42_FIELDS_AT_SEAL=1 N42_FREEZE_AFTER_SEAL=1 N42_FRAME_BLOCKS=1 N42_TX_INGEST_RECOVER_PARALLEL=24 N42_FREEZE_POOL=own N42_PARALLEL_BUILD_THREADS=32 N42_PLAN_AHEAD=1 N42_HASHED_TABLES=off F7_FLOOD_RATE=6000000 N42_COMPACT_BODY=1 N42_BUILD_BATCHES=128 MALLOC_CONF=thp:always,oversize_threshold:0,dirty_decay_ms:2000,background_thread:true N42_SEAL_ON_COUNTERS=1 N42_ACCOUNT_HISTORY=off N42_TAKE_COMPACT=1 N42_SF_EARLY_WRITEBACK=1 N42_ROAD_RUNTIME=1 N42_TX_INGEST_HIGH_WATER=2500000 F7_BENCH_POOL_SLOTS=3000000 N42_PLAN_AHEAD_BODY=1 N42_SEAL_AT_EXEC=1 N42_TX_QUEUE_DRAIN_CHUNK=8192 N42_ANSWER_LAYOUT_ONLY=1 N42_PULL_BY_FRAMES=1 N42_SF_PARALLEL_ENCODE=1 N42_BUILD_THROTTLE_HARD=80 N42_LIVE_INDEX_DEFER=1 RAYON_NUM_THREADS=16 N42_ROOT_OPS_AHEAD=1 TOKIO_WORKER_THREADS=16 N42_QMDB_READS=on N42_LEADER_LAYERS=3 N42_PERSIST_QMDB_IN_SCOPE=1 F7_BLOCK_INTERVAL_MS=94 F7_MEASURE_FROM_LOG=1
validator env: N42_IMPORT_ONCE=1 N42_SETTLEMENT_TAGS=legacy N42_BUILD_THROTTLE_SOFT=48 F7_EL_MAP=0,0,0,0,0,0,0 N42_FIELDS_AT_SEAL=1 N42_FREEZE_AFTER_SEAL=1 N42_FRAME_BLOCKS=1 N42_TX_INGEST_RECOVER_PARALLEL=24 N42_FREEZE_POOL=own N42_PARALLEL_BUILD_THREADS=32 N42_PLAN_AHEAD=1 N42_HASHED_TABLES=off F7_FLOOD_RATE=6000000 N42_COMPACT_BODY=1 N42_BUILD_BATCHES=128 N42_SEAL_ON_COUNTERS=1 N42_ACCOUNT_HISTORY=off N42_TAKE_COMPACT=1 N42_SF_EARLY_WRITEBACK=1 N42_ROAD_RUNTIME=1 N42_TX_INGEST_HIGH_WATER=2500000 F7_BENCH_POOL_SLOTS=3000000 N42_PLAN_AHEAD_BODY=1 N42_SEAL_AT_EXEC=1 N42_TX_QUEUE_DRAIN_CHUNK=8192 N42_ANSWER_LAYOUT_ONLY=1 N42_PULL_BY_FRAMES=1 N42_SF_PARALLEL_ENCODE=1 N42_BUILD_THROTTLE_HARD=80 N42_LIVE_INDEX_DEFER=1 RAYON_NUM_THREADS=16 N42_ROOT_OPS_AHEAD=1 TOKIO_WORKER_THREADS=16 N42_QMDB_READS=on N42_LEADER_LAYERS=3 N42_PERSIST_QMDB_IN_SCOPE=1 F7_MEASURE_FROM_LOG=1
loop345S400ALLP94 once: start-up lines import_once=true 1; last direct-import counters 
loop345S400ALLP94 imports: layers=1 direct_imports=0 canonical_blocks=2406 import_once_lines=1 (per layer: direct imports should equal canonical blocks for one execution per block)
grep: /data/blockchain/rust-fleet7-bench/node1/el.log: No such file or directory
grep: /data/blockchain/rust-fleet7-bench/node2/el.log: No such file or directory
grep: /data/blockchain/rust-fleet7-bench/node3/el.log: No such file or directory
grep: /data/blockchain/rust-fleet7-bench/node1/el.log: No such file or directory
grep: /data/blockchain/rust-fleet7-bench/node2/el.log: No such file or directory
grep: /data/blockchain/rust-fleet7-bench/node3/el.log: No such file or directory
cat: /data/blockchain/rust-fleet7-bench/node2/el.log: No such file or directory
cat: /data/blockchain/rust-fleet7-bench/node2/el.log: No such file or directory
cat: /data/blockchain/rust-fleet7-bench/node2/el.log: No such file or directory
cat: /data/blockchain/rust-fleet7-bench/node1/el.log: No such file or directory
cat: /data/blockchain/rust-fleet7-bench/node2/el.log: No such file or directory
cat: /data/blockchain/rust-fleet7-bench/node3/el.log: No such file or directory
Traceback (most recent call last):
  File [35m"<stdin>"[0m, line [35m4[0m, in [35m<module>[0m
[1;35mIndexError[0m: [35mlist index out of range[0m
loop345S400ALLP94 no_variant=0 own_not_committed=0 tc=1 invalid_blocks=0 incomplete=0 gas_mismatch=0 direct_imports_failed=0 stuck_at_hashed_state=0 engine_idles_over_5s=1 proposals_given_up=0 tables_off_nodes=1 unanswered_reads=0 seal_first_total=757 seal_first_direct=757 direct_guard_errors=0 commit_ms_median=0 fold_ms_median=24 sealed_at_ms_median=115 state_ready_ms_median=200 build_total_ms_median=362 recover_us_median=0 par_exec_ms_median=36 par_exec_ms_median=36 giveback_filtered=0 giveback_offered_max=400000 seal_first=757 reader_lag_max=10 reader_lag_warns=0 view_invalidated=0 el_sum_peak_g=42.3 el_max_peak_g=42.3 val_sum_peak_g=1.9 flood_peak_g=0.6 two_roads_blocks=0 two_roads_overlap_ms_median=- exec_on_output_declined=0 r1_collect_ms_median=5 proposal_at_ms_median=83 view_total_ms_median=95 import_exec_ms_median=- import_total_ms_median=- import_senders_ms_median=- import_convert_ms_median=- import_groups_median=- imports_over_600ms=0 min_avail_g=66.9 road_foreign_body_recv_ms=- road_foreign_body_decode_ms=- road_foreign_body_senders_ms=- road_foreign_body_parent_wait_ms=- road_foreign_body_check_ms=- road_foreign_body_total_ms=- road_new_payload_recv_ms=- road_new_payload_decode_ms=- road_new_payload_senders_ms=- road_new_payload_parent_wait_ms=- road_new_payload_check_ms=- road_new_payload_total_ms=- road_foreign_body_blocks=0 road_new_payload_blocks=0 fcu_answered=1094 fcu_in_flight_ms_median=0 fcu_queued_ms_median=0 fcu_queued_ms_max=181 fcu_refused=0 fcu_slow=1291 bodies_held=0 road_reuse_ms=- road_prepare_ms=- road_dispatch_ms=- road_convert_ms=- road_remember_ms=- road_header_ms=- road_fields_ms=- road_other_ms=- import_engine_ms_median=- gate_forced=0 gate_warns=0 flood_timeouts=0 canonical_min=2423 canonical_max=2423 chained_builds=1563 chain_lead_ms_median=91 chain_wait_ms_median=0 chain_started=1567 chain_discarded=4 chain_discard_reasons=_1_reason="no_,_1_reason="the_build_was_aborted,_1_reason="the_chained_build_produced_nothing,_2_reason="the_execution_layer_produced_nothing,_1_reason="the_request_names_another_parent chain_alias_warns=0 el_chained=1573 bodies_held_warns=0 el_build_refused=4 el_build_refused_reasons=_2_the_build_was_aborted,_1_no_QMDB_tree_for_parent_block_0x,_1_2026-10-07T21:14:55.467754Z_WARN_build_on_own_blo queued_p5=2115000 queued_p50=2326000 road_compact_blocks=0 road_compact_recv_ms=- road_compact_assemble_ms=- road_compact_root_ms=- road_compact_miss_wait_ms=- road_compact_senders_ms=- road_compact_check_ms=- road_compact_other_ms=- road_compact_total_ms=- road_compact_misses_total= compact_refused_el=0 compact_fallbacks=0 compact_bytes_median=- pool_order9=13495 par_pull_ms_median=0 build_total_ms_median2=98 road_compact_filled_blocks=0 road_compact_filled_median=- road_compact_fill_ms_median=- need_txns=0 fill_failed=0 ingest_rate_gate_open_median=- ingest_gate_open_intervals=0 ingest_slots_busy_median=- flood_rate= fill_asked_proposer=0 fill_asked_other=0 loop_lines=1860 loop_unnamed_ms_median=81 loop_body_served_ms_median=- loop_txns_served_ms_median=- import_exec_ms_median2=- pip_partition_ms=- pip_env_ms=- pip_batch_ms=- pip_groups_ms=- pip_gas_ms=- pip_merge_ms=- pip_receipts_ms=- pip_drop_ms=- pip_other_ms=- pip_total_ms=- senders_indexed_median=- road_senders_ms_median=- road_total_ms_median=- pew_ms_median=- pew_ms_p90= gate_ms_median=- gate_ms_p90= root_ms_p50=- root_ms_p90= two_roads=0 not_on_output=0 not_on_output_why= ckpt_ms_first_q=5 ckpt_ms_last_q=77 ckpt_bytes_last=34702012 parent_still_importing=0 root_wait_ms_p50=- root_wait_ms_p90= tenures_low_seal=13 seal_first_share=0.99 empty_over_deep=0 near_empty_warns=0 no_seal_why=_1_why="the_parallel_step_built_nothing" par_skipped_median=- usable_p5=2115000 ckpt_replay_ms_last_q=18 candidates_zero=0 dropped_ingest=0 let_go_warns=0 let_go_reasons= parked_p50=0 parked_max=0 held_warns=0 park_capped_total=0 superseded_builds=1 empty_not_superseded=0 mass_park_warns=0 heads_lines=0 holes_lines=0 stale_parent_refusals=1 par_groups_p5=0 cancelled_decided=0 heads_nonce0=0 stale_unconfirmed= handovers=0 el_panics=0 decided_cancelled=0 min_window_blocks=225 road_desc_blocks=0 road_desc_total_ms=- road_desc_copy_ms=- desc_misses=0 fill_failed2=0 sf_par_collect_ms=0 sf_par_commit_ms=0 sf_par_fold_ms=3 sf_par_graft_ms=0 sf_par_prefault_ms=0 sf_par_exec_ms=12 sf_sealed_at_ms=97 sf_roots_ms=18 sf_state_ready_ms=57 sf_total_ms=163 ba_find_ms=0 ba_queue_ms=0 ba_total_ms=98 ba_on_output=1 queue_fold_us=0 queue_lock_us=1 sf_par_exec_ms=12 sf_par_fold_ms=3 pip_groups_ms=- import_exec_ms_median2=- reads_d0=0 reads_hist=0 f_reads_d0=- f_reads_hist=- f_overlay_depth=- L_read_set_ms=0 read_set_accounts=0 read_set_unresolved=0 read_set_hits=0 read_set_misses=0 start_best_ms=- par_prep_ms=- gap_before_exec_ms=- gap_after_exec_ms=- gap_before_seal_ms=- index_ms=- road_copy_aside_ms=- road_copy_wait_ms=- road_total_ms=- queue_first_miss=queue_first_miss=0:1644,queue_first_miss=18446744073709551615:763 root_append_behind=0 populate_lag_mb=0 swap_used_g=0 root_faults=- root_faults_p90= root_faults_entries=0 root_faults_offsets=0 root_faults_index=0 root_faults_bits=0 root_faults_twigs=0 root_faults_undo=0 root_faults_tmp=0 root_append_faults=0 root_twig_pool_misses=0 batch_max_ms=13 batch_min_ms=5 batch_median_ms=7 batch_cpu_max_ms=13 batch_txs_max=3500 batch_txs_min=3000 batch_start_skew_ms=28 batch_wait_ms=0 loop_fetch_ns=0 loop_check_ns=0 loop_transfer_ns=0 loop_receipt_ns=0 loop_gas_ns=0 loop_sink_ns=0 loop_other_ns=0 batch_setup_ns=0 batch_close_ns=0 imp_exec_part_ms=- imp_exec_batches_ms=- imp_exec_graft_ms=- imp_exec_batches=- imp_exec_threads=- imp_exec_batch_max_ms=- imp_exec_batch_median_ms=- imp_parent_output_wait_ms=- road_parent_output_wait_ms=- next_start_gap_ms=1 next_entry_gap_ms=0 commit_body_ahead_used=- imp_exec_keys_ms=- imp_keys_ahead=- imp_exec_sink_ms=- imp_exec_pre_ms=- imp_exec_post_ms=- imp_exec_receipts_ms=- imp_exec_drop_ms=- root_gap_ms=- queue_whole=queue_whole=false:1645,queue_whole=true:762 tick_tick_late_us=833 tick_preamble_us=343 tick_take_sealed_us=1 tick_sign_us=0 tick_cache_us=0 tick_presealed=- tick_describe_us=9 tick_publish_us=601 tick_tick_to_send_us=1858 road_check_ms=- road_check_include_us=- road_check_scan_us=- road_check_fold_us=- road_check_senders_us=- road_check_frames_summarized=- road_check_frames_scanned=- imp_exec_start_gap_us=- imp_gap_road_us=- imp_gap_header_us=- imp_gap_senders_us=- imp_gap_parent_us=- imp_gap_setup_us=- imp_gap_keys_wait_us=- sealed_at_p90= sealed_over_130=0 roots_ms=- cycle_p90= batch_max_ms=- batch_median_ms=- imp_batch_max=- forest_lock_warns=1347 root_seal_ms=2 root_seals=40 root_majflt=17404 roots_p90= gp_layer=765 ggp_missing=272 state_wait_split=0/0/0/0:60,15/0/0/0:23,16/0/0/0:22 qmdb_releases=0 state_wait_on= imp_road_end_ms=- imp_exec_start_ms=- imp_exec_end_ms=- imp_root_end_ms=- imp_fields_ready_ms=- imp_parent_fields_wait_ms=- imp_exec_ms=- imp_root_ms=- imp_checks_ms=- imp_engine_ms=- imp_total_ms=- road_parent_fields_wait_ms=- exec_read_ms=0 L_exec_evm_ms=0 L_exec_write_ms=0 L_exec_other_ms=0 L_reads_cache=0 L_reads_provider=0 L_reads_view=0 L_graft_base_ms=0 L_graft_reserve_ms=0 L_graft_insert_ms=0 L_graft_reverts_ms=0 L_graft_other_ms=0 L_par_exec_ms=12 L_par_graft_ms=0 F_exec_read_ms=- F_exec_evm_ms=- F_exec_write_ms=- F_exec_other_ms=- F_reads_cache=- F_reads_provider=- F_reads_view=- F_groups_ms=- L_tx_root_wait_ms=0 L_par_exec_ms=12 L_par_graft_ms=0 L_par_fold_ms=3 L_sealed_ms=36 L_state_ready_ms=57 L_roots_ms=18 L_finish_ms=58 L_total_ms=163 L_setup_ms=0 L_par_pull_ms=0 L_give_back_ms=0 L_state_wait_ms=47 L_state_after_pull=757 L_seal_at_exec=757 L_tx_root_ahead=0 flood_w1=3360930 txs_p10=400000 acq_us=464 slots_busy=13 ingest_rate=3264529 L_scope_join_ms=0 L_par_release_ms=0 L_commit_body_ms=0 L_par_commit_ms=0 L_give_back_ms=0 L_sealed_ms=36 L_par_exec_ms=12 L_state_wait_ms=47 L_par_pull_ms=0 L_par_prep_ms=0 L_par_start_ms=1 L_pre_exec_ms=0 L_par_run_ms=59 L_sealed_at_ms=97 F_partition_ms=- F_env_ms=- F_groups_ms=- F_merge_ms=- F_reverts_wait_ms=- F_ahead_wait_ms=- F_total_ms=- I_engine_ms=- I_root_ms=- I_total_ms=- H_engine_remember_ms=- H_engine_listing_ms=- H_engine_new_payload_ms=- busy_us=1 L_par_start_ms=1 L_start_handoff_ms=0 L_start_best_ms=1 L_start_puller_ms=0 L_par_pull_ms=0 L_par_prep_ms=0 L_state_wait_ms=47 L_par_exec_ms=12 L_par_commit_ms=0 L_sealed_ms=36 L_sealed_at_ms=97 L_par_graft_ms=0 L_graft_insert_ms=0 L_graft_reverts_ms=0 L_graft_split_us=0 L_graft_build_us=0 L_graft_merge_us=0 L_state_ready_ms=57 Q_queue_ms=0 R_dispatch_wait_ms=- R_total_ms=- R_road_runtime=1 gate_holds=0 peer_fetch=0 pool_limit=limit=8 gate_opened=gate_opened_for_block=0 I_root_ms=- flood_rate_hdr=rate=6000000/s fills=0 fill_waited=- slots_busy=13 acq_us=464 busy_us=1 converged=0 fallbacks=0 busy_us=1 recover_us=0 tf_on_output=2 tf_fallback=0 still_importing=0 busy_us=1 slots_busy=13 batches=altsig_txs=0 altsig_batches=0 tf_on_output=2 tf_fallback=0 gate_holds=0 sign_s=sign 0s replay_note=replay       : 64 files from /data/n42-pregen/g900000-400m, 400000000 transactio sign_s=sign 0s shard=shard_verified=0 shard_claimed=0 road_verified=- slots_busy=13 gate_us=5495 reply_us=6096 queued=2326000 assemble_ms=- road_take_ms=- road_body_ms=- road_encode_ms=- shards=16 shard_insert_ms=0 shard_wait_ms=0 shard_fold_ms=48 shard_append_ms=36 shard_merge_ms=125 state_ready_ms=200 roots_ms=63 exec_read_ms=0 exec_evm_ms=0 exec_write_ms=0 exec_other_ms=0 reads_cache=0 reads_provider=0 reads_view=0 par_run_ms=74 fold_task_cpu_max_us=47006 fold_task_minflt_max=101 fold_task_minflt_sum=101 fold_task_migrated=0 fold_task_nivcsw_max=0 fold_index=1 fold_index_build_ms=47 fold_index_conflicts=30632 fold_queue_us=65 fold_skew_us=44 fold_task_max_us=47003 fold_tail_us=32 start_best_ms=0 start_select_ms=0 start_walk_ms=0 start_walk_check_ms=0 start_best_other_ms=0 start_frames_by_ref=0 start_frames_slow=0 start_pull_ms=0 start_other_ms=0 start_handoff_ms=0 par_start_ms=0 par_prep_ms=0 par_commit_ms=0 commit_body_ms=0 par_fold_ms=24 sealed_ms=24 copy_ms=- prune_ms=0 frames=- frames_missing=- frame_root_ms=- root_ms=- frames_admitted=frames_admitted=605112 frames_unaligned=0 frame_root_indexed=- seal_layout_ms=1 seal_root_ms=0 attested= busy_us=1 slots_busy=13 reply_us=6096 prune_ms=0 body_refused=0 body_failed_late=0
loop345S400ALLP94 win1 tps=3,373,333 txs=101,200,000 blocks= 253 cycle=0.119s occupancy=100.0% full(>=95%)=253/253 basefee=n/a (from the layer's log)
loop345S400ALLP94 win2 tps=3,320,000 txs=99,600,000 blocks= 249 cycle=0.120s occupancy=100.0% full(>=95%)=249/249 basefee=n/a (from the layer's log)
loop345S400ALLP94 win3 tps=3,000,000 txs=90,000,000 blocks= 225 cycle=0.133s occupancy=100.0% full(>=95%)=225/225 basefee=n/a (from the layer's log)
loop345S400ALLP94 tps=3,373,333 round_txs=290800000 cycles_w1=
loop345S400ALLP94 imp_fields_p90= b_p75=34
loop345S400ALLP94 overlay: filter_skips=0 probes=0 ratio=- (ratio = skips/(skips+probes))
loop345S400ALLP94 overlay_manager:       1 state_trie_overlay=false  state-ovly_cpu=0
loop345S400ALLP94 verify: written to /data/blockchain/rust-fleet7-bench/bench-loop345S400ALLP94/verify.json
== loop345S400ALLP94  (E=1: seven validator keys on one execution layer)
  window 1: canonical 254 blocks, 101.6M tx = 3,386,667/s (100.0% of window 1), full 253/254 (100%); cycle mean/median/p90 117.8/102.7/159.1 ms
    leader builds 253: sealed_at median/p90/p99 111/147/198; phases median/p90 ms: gap_before_exec 42/94, state_wait 42/93, par 131/193, par_exec 36/42, roots 62/84, parent_fields 21/45, sealed 23/47
    state_wait_on {'output': 166, 'grandparent': 65, 'none': 22}; builds with state_wait > 20 ms: 172 ([('output', 108), ('grandparent', 64)]); gp_layer {1.0: 253}, ggp_missing {0.0: 165, 1.0: 88}
    queue at the builds min/median 2,104,500/2,362,000
    new field batch_cpu_sum_us: median/p90/max 996813.0/1163550.0/1848988, nonzero 253
    new field batch_dispatch_us: median/p90/max 275.0/384.0/515, nonzero 253
    new field batch_first_start_us: median/p90/max 100.0/183.0/284, nonzero 253
    new field batch_ivcsw: median/p90/max 3.0/10.0/28, nonzero 195
    new field batch_last_end_us: median/p90/max 36321.0/42791.0/63585, nonzero 253
    new field batch_last_start_us: median/p90/max 28501.0/33402.0/51893, nonzero 253
    new field batch_live_deferred: median/p90/max 83.0/90.0/127, nonzero 253
    new field batch_live_lock_hold_us: median/p90/max 18664.0/22145.0/29543, nonzero 253
    new field batch_live_lock_wait_us: median/p90/max 0.0/0.0/0, nonzero 0
    new field batch_live_lock_waits: median/p90/max 0.0/0.0/0, nonzero 0
    new field batch_majflt: median/p90/max 0.0/0.0/0, nonzero 0
    new field batch_minflt: median/p90/max 1747.0/18133.0/48822, nonzero 253
    new field batch_open_max_us: median/p90/max 531.0/615.0/1309, nonzero 253
    new field batch_open_sum_us: median/p90/max 13032.0/15400.0/23963, nonzero 253
    new field batch_threads: median/p90/max 32.0/32.0/32, nonzero 253
    new field batch_vcsw: median/p90/max 191.0/387.0/641, nonzero 253
    new field batch_view_index_wait_us: median/p90/max 0.0/25376.0/54801, nonzero 58
    new field batch_view_index_waits: median/p90/max 0.0/181.0/435, nonzero 58
    new field batch_view_slot_wait_us: median/p90/max 0.0/558.0/1745, nonzero 60
    new field batch_view_slot_waits: median/p90/max 0.0/21.0/65, nonzero 60
    new field batch_wall_sum_us: median/p90/max 1012482.0/1182911.0/1853075, nonzero 253
    new field batches: median/p90/max 128.0/128.0/128, nonzero 253
    new field build_batches: median/p90/max 128.0/128.0/128, nonzero 253
    new field exec_end_to_seal_us: median/p90/max 134.0/180.0/284, nonzero 253
    new field exec_partition_us: median/p90/max 12.0/18.0/42, nonzero 253
    new field exec_prepared_groups: {'true': 253}
    new field exec_prepared_slots: {'true': 253}
    new field exec_slots_us: median/p90/max 0.0/0.0/0, nonzero 0
    new field freeze_join_wait_us: median/p90/max 25903.0/54632.0/90702, nonzero 253
    new field freeze_late: {'true': 253}
    new field freeze_pool_own: {'true': 253}
    new field live_index_defer: {'true': 253}
    new field merge_accounts: median/p90/max 367454.0/376554.0/384608, nonzero 253
    new field merge_append_us: median/p90/max 8325.0/16897.0/30815, nonzero 253
    new field merge_reverts: median/p90/max 367454.0/376554.0/384608, nonzero 253
    new field merge_reverts_us: median/p90/max 32303.0/43834.0/59965, nonzero 253
    new field merge_state_us: median/p90/max 85184.0/101080.0/150429, nonzero 253
    new field merge_tail_us: median/p90/max 0.0/0.0/1, nonzero 5
    new field merge_threads: median/p90/max 1.0/1.0/1, nonzero 253
    new field one_wave: {'false': 253}
    new field open_engine_us: median/p90/max 0.0/63810.0/133298, nonzero 88
    new field open_fallback: {'false': 165, 'true': 88}
    new field open_keep_us: median/p90/max 6.0/9.0/20, nonzero 253
    new field open_layers: median/p90/max 3.0/3.0/3, nonzero 253
    new field open_provider_us: median/p90/max 115.0/203.0/611, nonzero 253
    new field plan_age_us: median/p90/max 100641.0/137843.0/209970, nonzero 253
    new field plan_ahead: median/p90/max 1.0/1.0/1, nonzero 253
    new field plan_body: median/p90/max 1.0/1.0/1, nonzero 253
    new field plan_body_us: median/p90/max 26609.0/32605.0/42583, nonzero 253
    new field plan_discard: {'': 253}
    new field plan_prep_us: median/p90/max 12481.0/19401.0/52255, nonzero 253
    new field plan_topup_txs: median/p90/max 0.0/0.0/0, nonzero 0
    new field prep_from_plan: {'true': 253}
    new field prev_seal_to_answer_us: median/p90/max 3011.0/4507.0/7650, nonzero 253
    new field prev_seal_to_entry_us: median/p90/max 0.0/0.0/0, nonzero 0
    new field prev_seal_to_header_us: median/p90/max 236.0/337.0/577, nonzero 253
    new field prev_seal_to_import_us: median/p90/max 247349.0/305677.0/342692, nonzero 226
    new field prev_seal_to_request_us: median/p90/max 969.0/1262.0/124544, nonzero 253
    new field prev_seal_to_start_us: median/p90/max 1290.0/1633.0/124798, nonzero 253
    new field pull_bulk_txs: median/p90/max 400000.0/400000.0/400000, nonzero 253
    new field pull_bulk_us: median/p90/max 9.0/14.0/40, nonzero 253
    new field root_apply_gap_us: median/p90/max 11.0/13.0/65, nonzero 253
    new field root_apply_total_us: median/p90/max 39176.0/53027.0/79822, nonzero 253
    new field root_compute_us: median/p90/max 42844.0/57233.0/83164, nonzero 253
    new field root_delta_us: median/p90/max 2041.0/3063.0/17544, nonzero 253
    new field root_index_us: median/p90/max 4548.0/7258.0/20867, nonzero 253
    new field root_leaves_us: median/p90/max 12435.0/19031.0/37345, nonzero 253
    new field root_note_us: median/p90/max 279.0/512.0/2003, nonzero 253
    new field root_ops_ahead: {'true': 253}
    new field root_ops_ahead_wait_us: median/p90/max 9354.0/23849.0/42447, nonzero 253
    new field root_ops_concat_us: median/p90/max 0.0/0.0/0, nonzero 0
    new field root_ops_encode_us: median/p90/max 10754.0/20967.0/35660, nonzero 253
    new field root_ops_finish_us: median/p90/max 4589.0/5796.0/14029, nonzero 253
    new field root_ops_sort_us: median/p90/max 7828.0/16080.0/37440, nonzero 253
    new field root_ops_us: median/p90/max 14222.0/28651.0/47600, nonzero 253
    new field root_rehash_us: median/p90/max 1533.0/2147.0/13870, nonzero 253
    new field root_retire_us: median/p90/max 1746.0/2886.0/6171, nonzero 253
    new field root_sort_us: median/p90/max 556.0/1232.0/5557, nonzero 253
    new field root_undo_us: median/p90/max 722.0/1299.0/2437, nonzero 253
    new field root_writes_us: median/p90/max 16880.0/22526.0/40286, nonzero 253
    new field seal_hashes_ahead: {'true': 253}
    new field seal_on_counters: {'true': 253}
    new field seal_to_complete_us: median/p90/max 233513.0/272835.0/305963, nonzero 253
    new field seal_to_frozen_us: median/p90/max 25852.0/54671.0/90646, nonzero 223
    new field seal_to_merge_end_us: median/p90/max 233411.0/272667.0/305839, nonzero 253
    new field seal_to_merge_start_us: median/p90/max 103056.0/133368.0/165956, nonzero 253
    new field seal_to_ops_ahead_us: median/p90/max 50861.0/81647.0/107501, nonzero 253
    new field seal_to_state_ready_us: median/p90/max 233419.0/272680.0/305850, nonzero 253
    new field sealed_unix_us: median/p90/max 1791407622390654.0/1791407633881390.0/1791407636878823, nonzero 253
    new field start_walk_check_us: median/p90/max 0.0/0.0/0, nonzero 0
    new field start_walk_ids_us: median/p90/max 0.0/0.0/0, nonzero 0
    new field start_walk_settle_us: median/p90/max 0.0/0.0/0, nonzero 0
    new field start_walk_us: median/p90/max 0.0/0.0/0, nonzero 0
    new field state_wait_us: median/p90/max 42099.0/93869.0/166293, nonzero 253
    new field view_journal_reads: median/p90/max 4096.0/45056.0/102400, nonzero 133
    new field view_journal_searches: median/p90/max 11235.0/112486.0/300965, nonzero 133
    new field view_journal_skips: median/p90/max 0.0/0.0/0, nonzero 0
    new field whole_take_noted: {'true': 253}
    binding wait (tick / quorum / seal share, mean cycle): tick 56% (98); quorum 41% (144); seal 4% (139); feed-bound (blocks under 95% of the tier): 1 of 254
    slowest key vote delay median/p90 81.3/147.2 ms
    engine own-import total_ms per block median/p90/max 69/101/132 (n=253)
    layer RSS 4.8 -> 34.2 G (max 34.4), in-memory blocks max 10
    execution layer cores busy 35.1    validators cores busy 0.7
    flood delivered (median per 5 s over the leg) 3,326,370/s
  window 2: canonical 249 blocks, 99.6M tx = 3,320,000/s (98.0% of window 1), full 249/249 (100%); cycle mean/median/p90 120.3/103.0/171.1 ms
    leader builds 249: sealed_at median/p90/p99 117/150/182; phases median/p90 ms: gap_before_exec 31/101, state_wait 30/100, par 131/185, par_exec 36/41, roots 64/99, parent_fields 24/63, sealed 26/65
    state_wait_on {'none': 12, 'output': 173, 'grandparent': 64}; builds with state_wait > 20 ms: 158 ([('output', 97), ('grandparent', 61)]); gp_layer {1.0: 249}, ggp_missing {0.0: 165, 1.0: 84}
    queue at the builds min/median 2,114,000/2,397,000
    new field batch_cpu_sum_us: median/p90/max 1022049.0/1141608.0/1502174, nonzero 249
    new field batch_dispatch_us: median/p90/max 269.0/373.0/619, nonzero 249
    new field batch_first_start_us: median/p90/max 98.0/165.0/331, nonzero 249
    new field batch_ivcsw: median/p90/max 2.0/10.0/50, nonzero 192
    new field batch_last_end_us: median/p90/max 36784.0/41416.0/50957, nonzero 249
    new field batch_last_start_us: median/p90/max 28757.0/32438.0/43957, nonzero 249
    new field batch_live_deferred: median/p90/max 85.0/117.0/278, nonzero 249
    new field batch_live_lock_hold_us: median/p90/max 19950.0/26063.0/52402, nonzero 249
    new field batch_live_lock_wait_us: median/p90/max 0.0/0.0/0, nonzero 0
    new field batch_live_lock_waits: median/p90/max 0.0/0.0/0, nonzero 0
    new field batch_majflt: median/p90/max 0.0/0.0/1607, nonzero 6
    new field batch_minflt: median/p90/max 2649.0/24026.0/77503, nonzero 249
    new field batch_open_max_us: median/p90/max 481.0/578.0/2045, nonzero 249
    new field batch_open_sum_us: median/p90/max 11816.0/14260.0/26057, nonzero 249
    new field batch_threads: median/p90/max 32.0/32.0/32, nonzero 249
    new field batch_vcsw: median/p90/max 193.0/396.0/1819, nonzero 249
    new field batch_view_index_wait_us: median/p90/max 0.0/27771.0/61012, nonzero 66
    new field batch_view_index_waits: median/p90/max 0.0/183.0/344, nonzero 66
    new field batch_view_slot_wait_us: median/p90/max 0.0/516.0/1695, nonzero 68
    new field batch_view_slot_waits: median/p90/max 0.0/22.0/49, nonzero 68
    new field batch_wall_sum_us: median/p90/max 1027235.0/1153814.0/1504950, nonzero 249
    new field batches: median/p90/max 128.0/128.0/128, nonzero 249
    new field build_batches: median/p90/max 128.0/128.0/128, nonzero 249
    new field exec_end_to_seal_us: median/p90/max 134.0/202.0/531, nonzero 249
    new field exec_partition_us: median/p90/max 12.0/16.0/32, nonzero 249
    new field exec_prepared_groups: {'true': 249}
    new field exec_prepared_slots: {'true': 249}
    new field exec_slots_us: median/p90/max 0.0/0.0/0, nonzero 0
    new field freeze_join_wait_us: median/p90/max 22858.0/54120.0/71992, nonzero 249
    new field freeze_late: {'true': 249}
    new field freeze_pool_own: {'true': 249}
    new field live_index_defer: {'true': 249}
    new field merge_accounts: median/p90/max 369382.0/377004.0/381741, nonzero 249
    new field merge_append_us: median/p90/max 7611.0/23565.0/32289, nonzero 249
    new field merge_reverts: median/p90/max 369382.0/377004.0/381741, nonzero 249
    new field merge_reverts_us: median/p90/max 31729.0/44074.0/66217, nonzero 249
    new field merge_state_us: median/p90/max 86319.0/107864.0/139472, nonzero 249
    new field merge_tail_us: median/p90/max 0.0/0.0/1, nonzero 5
    new field merge_threads: median/p90/max 1.0/1.0/1, nonzero 249
    new field one_wave: {'false': 249}
    new field open_engine_us: median/p90/max 0.0/80400.0/130436, nonzero 84
    new field open_fallback: {'false': 165, 'true': 84}
    new field open_keep_us: median/p90/max 6.0/9.0/388, nonzero 249
    new field open_layers: median/p90/max 3.0/3.0/3, nonzero 249
    new field open_provider_us: median/p90/max 129.0/303.0/1392, nonzero 249
    new field plan_age_us: median/p90/max 103635.0/139953.0/245455, nonzero 249
    new field plan_ahead: median/p90/max 1.0/1.0/1, nonzero 249
    new field plan_body: median/p90/max 1.0/1.0/1, nonzero 249
    new field plan_body_us: median/p90/max 33369.0/41139.0/48652, nonzero 249
    new field plan_discard: {'': 249}
    new field plan_prep_us: median/p90/max 12026.0/20479.0/47444, nonzero 249
    new field plan_topup_txs: median/p90/max 0.0/0.0/0, nonzero 0
    new field prep_from_plan: {'true': 249}
    new field prev_seal_to_answer_us: median/p90/max 2927.0/4341.0/8698, nonzero 249
    new field prev_seal_to_entry_us: median/p90/max 0.0/0.0/0, nonzero 0
    new field prev_seal_to_header_us: median/p90/max 233.0/356.0/781, nonzero 249
    new field prev_seal_to_import_us: median/p90/max 256095.0/318992.0/394726, nonzero 237
    new field prev_seal_to_request_us: median/p90/max 980.0/1328.0/117585, nonzero 249
    new field prev_seal_to_start_us: median/p90/max 1349.0/1859.0/117865, nonzero 249
    new field pull_bulk_txs: median/p90/max 400000.0/400000.0/400000, nonzero 249
    new field pull_bulk_us: median/p90/max 8.0/13.0/39, nonzero 249
    new field root_apply_gap_us: median/p90/max 12.0/14.0/26, nonzero 249
    new field root_apply_total_us: median/p90/max 40962.0/55738.0/82778, nonzero 249
    new field root_compute_us: median/p90/max 44296.0/61287.0/90089, nonzero 249
    new field root_delta_us: median/p90/max 2197.0/3847.0/20890, nonzero 249
    new field root_index_us: median/p90/max 4691.0/8410.0/20631, nonzero 249
    new field root_leaves_us: median/p90/max 12758.0/22250.0/43619, nonzero 249
    new field root_note_us: median/p90/max 276.0/412.0/1792, nonzero 249
    new field root_ops_ahead: {'true': 249}
    new field root_ops_ahead_wait_us: median/p90/max 8153.0/24755.0/51896, nonzero 249
    new field root_ops_concat_us: median/p90/max 0.0/0.0/0, nonzero 0
    new field root_ops_encode_us: median/p90/max 11318.0/20882.0/56886, nonzero 249
    new field root_ops_finish_us: median/p90/max 4922.0/7726.0/14097, nonzero 249
    new field root_ops_sort_us: median/p90/max 6608.0/15828.0/31899, nonzero 249
    new field root_ops_us: median/p90/max 13178.0/31003.0/58040, nonzero 249
    new field root_rehash_us: median/p90/max 2134.0/2829.0/17095, nonzero 249
    new field root_retire_us: median/p90/max 1755.0/3200.0/9747, nonzero 249
    new field root_sort_us: median/p90/max 705.0/1426.0/9318, nonzero 249
    new field root_undo_us: median/p90/max 689.0/1365.0/5473, nonzero 249
    new field root_writes_us: median/p90/max 16532.0/24099.0/56270, nonzero 249
    new field seal_hashes_ahead: {'true': 249}
    new field seal_on_counters: {'true': 249}
    new field seal_to_complete_us: median/p90/max 238283.0/286088.0/349979, nonzero 249
    new field seal_to_frozen_us: median/p90/max 22832.0/54098.0/71965, nonzero 202
    new field seal_to_merge_end_us: median/p90/max 238207.0/285927.0/349845, nonzero 249
    new field seal_to_merge_start_us: median/p90/max 106682.0/143390.0/183506, nonzero 249
    new field seal_to_ops_ahead_us: median/p90/max 46294.0/81823.0/122479, nonzero 249
    new field seal_to_state_ready_us: median/p90/max 238214.0/285940.0/349855, nonzero 249
    new field sealed_unix_us: median/p90/max 1791407651470586.0/1791407663721216.0/1791407666867849, nonzero 249
    new field start_walk_check_us: median/p90/max 0.0/0.0/0, nonzero 0
    new field start_walk_ids_us: median/p90/max 0.0/0.0/0, nonzero 0
    new field start_walk_settle_us: median/p90/max 0.0/0.0/0, nonzero 0
    new field start_walk_us: median/p90/max 0.0/0.0/0, nonzero 0
    new field state_wait_us: median/p90/max 30661.0/100992.0/208578, nonzero 249
    new field view_journal_reads: median/p90/max 4096.0/36864.0/65536, nonzero 139
    new field view_journal_searches: median/p90/max 11813.0/97218.0/189922, nonzero 139
    new field view_journal_skips: median/p90/max 0.0/0.0/0, nonzero 0
    new field whole_take_noted: {'true': 249}
    binding wait (tick / quorum / seal share, mean cycle): tick 55% (99); quorum 43% (148); seal 3% (124); feed-bound (blocks under 95% of the tier): 0 of 249
    slowest key vote delay median/p90 85.1/155.7 ms
    engine own-import total_ms per block median/p90/max 82/121/164 (n=249)
    layer RSS 34.4 -> 42.8 G (max 42.8), in-memory blocks max 11
    execution layer cores busy 34.3    validators cores busy 0.7
  window 3: canonical 225 blocks, 90.0M tx = 3,000,000/s (88.6% of window 1), full 225/225 (100%); cycle mean/median/p90 127.5/104.1/194.5 ms
    leader builds 226: sealed_at median/p90/p99 117/166/265; phases median/p90 ms: gap_before_exec 40/120, state_wait 40/119, par 136/209, par_exec 36/43, roots 62/94, parent_fields 20/55, sealed 22/58
    state_wait_on {'grandparent': 75, 'output': 137, 'none': 13, 'layer_release': 1}; builds with state_wait > 20 ms: 156 ([('output', 83), ('grandparent', 73)]); gp_layer {1.0: 226}, ggp_missing {1.0: 95, 0.0: 131}
    queue at the builds min/median 2,012,000/2,435,000
    new field batch_cpu_sum_us: median/p90/max 996309.0/1140709.0/1385551, nonzero 226
    new field batch_dispatch_us: median/p90/max 278.0/370.0/520, nonzero 226
    new field batch_first_start_us: median/p90/max 92.5/137.0/243, nonzero 226
    new field batch_ivcsw: median/p90/max 3.0/11.0/41, nonzero 174
    new field batch_last_end_us: median/p90/max 36455.0/43171.0/152099, nonzero 226
    new field batch_last_start_us: median/p90/max 28391.0/33692.0/62456, nonzero 226
    new field batch_live_deferred: median/p90/max 83.0/113.0/297, nonzero 226
    new field batch_live_lock_hold_us: median/p90/max 19946.0/25849.0/62724, nonzero 226
    new field batch_live_lock_wait_us: median/p90/max 0.0/0.0/0, nonzero 0
    new field batch_live_lock_waits: median/p90/max 0.0/0.0/0, nonzero 0
    new field batch_majflt: median/p90/max 0.0/45.0/6443, nonzero 39
    new field batch_minflt: median/p90/max 2158.0/29614.0/62227, nonzero 226
    new field batch_open_max_us: median/p90/max 504.5/589.0/4204, nonzero 226
    new field batch_open_sum_us: median/p90/max 12315.0/14903.0/58378, nonzero 226
    new field batch_threads: median/p90/max 32.0/32.0/32, nonzero 226
    new field batch_vcsw: median/p90/max 203.0/498.0/6646, nonzero 226
    new field batch_view_index_wait_us: median/p90/max 0.0/20417.0/215020, nonzero 59
    new field batch_view_index_waits: median/p90/max 0.0/151.0/460, nonzero 59
    new field batch_view_slot_wait_us: median/p90/max 0.0/408.0/98151, nonzero 61
    new field batch_view_slot_waits: median/p90/max 0.0/17.0/43, nonzero 61
    new field batch_wall_sum_us: median/p90/max 1014187.5/1210600.0/2075165, nonzero 226
    new field batches: median/p90/max 128.0/128.0/128, nonzero 226
    new field build_batches: median/p90/max 128.0/128.0/128, nonzero 226
    new field exec_end_to_seal_us: median/p90/max 124.0/204.0/2066, nonzero 226
    new field exec_partition_us: median/p90/max 12.0/16.0/2082, nonzero 226
    new field exec_prepared_groups: {'true': 225, 'false': 1}
    new field exec_prepared_slots: {'true': 225, 'false': 1}
    new field exec_slots_us: median/p90/max 0.0/0.0/2980, nonzero 1
    new field freeze_join_wait_us: median/p90/max 27132.0/51325.0/76964, nonzero 226
    new field freeze_late: {'true': 226}
    new field freeze_pool_own: {'true': 226}
    new field live_index_defer: {'true': 226}
    new field merge_accounts: median/p90/max 369527.5/376742.0/383082, nonzero 226
    new field merge_append_us: median/p90/max 4808.5/17404.0/37334, nonzero 226
    new field merge_reverts: median/p90/max 369527.5/376742.0/383082, nonzero 226
    new field merge_reverts_us: median/p90/max 30568.0/43124.0/174919, nonzero 226
    new field merge_state_us: median/p90/max 82437.5/101271.0/138932, nonzero 226
    new field merge_tail_us: median/p90/max 0.0/0.0/1, nonzero 4
    new field merge_threads: median/p90/max 1.0/1.0/1, nonzero 226
    new field one_wave: {'false': 226}
    new field open_engine_us: median/p90/max 0.0/80887.0/183857, nonzero 95
    new field open_fallback: {'false': 131, 'true': 95}
    new field open_keep_us: median/p90/max 6.0/9.0/8973, nonzero 226
    new field open_layers: median/p90/max 3.0/3.0/3, nonzero 226
    new field open_provider_us: median/p90/max 116.5/262.0/2148, nonzero 226
    new field plan_age_us: median/p90/max 103095.5/166025.0/730904, nonzero 225
    new field plan_ahead: median/p90/max 1.0/1.0/1, nonzero 225
    new field plan_body: median/p90/max 1.0/1.0/1, nonzero 225
    new field plan_body_us: median/p90/max 26336.5/32582.0/38023, nonzero 225
    new field plan_discard: {'': 225, 'not_on_its_parent': 1}
    new field plan_prep_us: median/p90/max 12012.5/23907.0/89901, nonzero 225
    new field plan_topup_txs: median/p90/max 0.0/0.0/0, nonzero 0
    new field prep_from_plan: {'true': 225, 'false': 1}
    new field prev_seal_to_answer_us: median/p90/max 2850.5/4760.0/7513, nonzero 225
    new field prev_seal_to_entry_us: median/p90/max 0.0/0.0/0, nonzero 0
    new field prev_seal_to_header_us: median/p90/max 214.5/351.0/1106, nonzero 225
    new field prev_seal_to_import_us: median/p90/max 254858.5/318545.0/417065, nonzero 202
    new field prev_seal_to_request_us: median/p90/max 958.0/1350.0/119103, nonzero 225
    new field prev_seal_to_start_us: median/p90/max 1267.5/1985.0/119380, nonzero 225
    new field pull_bulk_txs: median/p90/max 400000.0/400000.0/400000, nonzero 226
    new field pull_bulk_us: median/p90/max 8.0/12.0/1389, nonzero 226
    new field root_apply_gap_us: median/p90/max 11.0/13.0/41, nonzero 226
    new field root_apply_total_us: median/p90/max 39423.5/55035.0/225047, nonzero 226
    new field root_compute_us: median/p90/max 42801.0/62297.0/227651, nonzero 226
    new field root_delta_us: median/p90/max 2143.5/4493.0/14531, nonzero 226
    new field root_index_us: median/p90/max 4537.0/8681.0/141790, nonzero 226
    new field root_leaves_us: median/p90/max 12201.0/19267.0/119557, nonzero 226
    new field root_note_us: median/p90/max 257.5/418.0/42289, nonzero 226
    new field root_ops_ahead: {'true': 226}
    new field root_ops_ahead_wait_us: median/p90/max 10092.5/21821.0/120268, nonzero 226
    new field root_ops_concat_us: median/p90/max 0.0/0.0/0, nonzero 0
    new field root_ops_encode_us: median/p90/max 11266.0/20529.0/75409, nonzero 226
    new field root_ops_finish_us: median/p90/max 4772.5/7358.0/12855, nonzero 226
    new field root_ops_sort_us: median/p90/max 8180.5/15461.0/56717, nonzero 226
    new field root_ops_us: median/p90/max 14793.0/27821.0/126065, nonzero 226
    new field root_rehash_us: median/p90/max 2492.5/3383.0/12376, nonzero 226
    new field root_retire_us: median/p90/max 1713.5/2921.0/4685, nonzero 226
    new field root_sort_us: median/p90/max 566.0/1009.0/3252, nonzero 226
    new field root_undo_us: median/p90/max 701.5/1270.0/2271, nonzero 226
    new field root_writes_us: median/p90/max 16046.5/22406.0/41490, nonzero 226
    new field seal_hashes_ahead: {'true': 226}
    new field seal_on_counters: {'true': 226}
    new field seal_to_complete_us: median/p90/max 234501.5/275927.0/407678, nonzero 226
    new field seal_to_frozen_us: median/p90/max 27075.5/51307.0/76951, nonzero 193
    new field seal_to_merge_end_us: median/p90/max 234381.5/275775.0/407583, nonzero 226
    new field seal_to_merge_start_us: median/p90/max 105528.0/140586.0/287031, nonzero 226
    new field seal_to_ops_ahead_us: median/p90/max 52185.0/79741.0/162911, nonzero 226
    new field seal_to_state_ready_us: median/p90/max 234393.0/275785.0/407592, nonzero 226
    new field sealed_unix_us: median/p90/max 1791407680975066.5/1791407692600291.0/1791407696899392, nonzero 226
    new field start_walk_check_us: median/p90/max 0.0/0.0/163, nonzero 1
    new field start_walk_ids_us: median/p90/max 0.0/0.0/740, nonzero 1
    new field start_walk_settle_us: median/p90/max 0.0/0.0/0, nonzero 0
    new field start_walk_us: median/p90/max 0.0/0.0/8479, nonzero 1
    new field state_wait_us: median/p90/max 39954.5/119501.0/228610, nonzero 226
    new field view_journal_reads: median/p90/max 4096.0/32768.0/94208, nonzero 123
    new field view_journal_searches: median/p90/max 11819.0/86322.0/268622, nonzero 123
    new field view_journal_skips: median/p90/max 0.0/0.0/0, nonzero 0
    new field whole_take_noted: {'true': 226}
    binding wait (tick / quorum / seal share, mean cycle): tick 54% (102); quorum 39% (158); seal 7% (151); feed-bound (blocks under 95% of the tier): 0 of 225
    slowest key vote delay median/p90 82.7/174.0 ms
    engine own-import total_ms per block median/p90/max 81/126/267 (n=225)
    layer RSS 41.9 -> 36.6 G (max 42.8), in-memory blocks max 11
    execution layer cores busy 30.3    validators cores busy 0.6
  round total (3 windows, canonical): 291.2M tx
  layer peak RSS 42.8 G; in-memory blocks max 11
  fields at seal: mode "early", verified 0, unchecked 0, mismatches 0 (last build line, cumulative)
  own_executed_again (built here and also directly imported): 0 of 756 built blocks
== loop345S400ALLP94
  layer-0 leader window-1 builds 254: txs mean 400000, share >= 95% of the tier 100% (max 400000); sealed_at_ms 111.0/147.0; par_ms 131.0/193.0; par_exec_ms 36.0/43.0; roots_ms 62.0/84.0; parent_fields_ms 21.0/45.0; sealed_ms 23.0/47.0
  proposal cycle window 1 (n=264): mean 117.7 median 102.7 p90 159.1 ms; blocks in the 30 s: 264
  binding wait (tick / quorum / seal, share and mean cycle): tick 55.9% (98.3); quorum 40.6% (144.0); seal 3.5% (139.3)
  vote delay after the proposal, slowest key per block: median 81.3 p90 147.2 ms (slowest minus the median key: median 0.2); last key: {1: 54, 2: 45, 3: 50, 4: 43, 5: 25, 6: 37} of 254 blocks
  CPU in window 1 (cores busy): execution layers 35.1 over 1 process(es); validators 0.7 over 7 process(es)
  execution layer peak RSS 42.8 G; in-memory blocks max 11 (node0 and others, all layers)
  blocks built here 756; none also directly imported
  import-once counters at the last direct import: ; start-up lines with import_once=true: 1; queue-lock lines 0
  layer-0 queue (queued after canonical prune), median per 10 s: t+0:2330500 t+20:2268000 t+40:2337500 t+60:2342000 t+80:2437500
  flood: median per 5 s 3326370/s, final -
  timeout / given-up lines: 1; 21:12:58 v0 INFO process_event{view=1 kind="message"}: n42::cl::timeout: TC formed
loop345S400ALLP94 page_faults_per_s_median: node0=336163 
feedcheck loop345S400ALLP94: ok (block 400,000 tx)
== loop345S400ALLP94: feed check (acq_us / gate_us / reply_us are per frame of 500; rate per 5 s `ingest` line)
  window 1: ingest lines 6; acq_us 463 (max 1187); gate_us 4876; reply_us 5542; slots_busy 14%; delivered median 3,450,367/s max 3,623,063/s; queue at builds median 2,362,000 min 2,104,500; full 100% of 254 blocks
  window 2: ingest lines 6; acq_us 464 (max 469); gate_us 5384; reply_us 5954; slots_busy 14%; delivered median 3,320,341/s max 3,492,454/s; queue at builds median 2,397,000 min 2,114,000; full 100% of 249 blocks
  window 3: ingest lines 6; acq_us 464 (max 558); gate_us 5972; reply_us 6530; slots_busy 13%; delivered median 3,146,634/s max 3,333,840/s; queue at builds median 2,435,000 min 2,012,000; full 100% of 225 blocks
  flood.log (+15..+100 s): rate per 5 s median 3,326,370/s max 3,578,805/s; reply latency median 57.5 ms max 80.9 ms
== loop345S400ALLP94: lanes lock, drain and pruner (new fields)
  window 1: lock duty 63.0% (max 65.0); holds/5s 2,016; longest hold 48.24 ms median, 56.50 ms max by crates/n42/tx-queue/src/lib.rs:2046 (most frequent holders [('crates/n42/tx-queue/src/lib.rs:2046', 5), ('crates/n42/tx-queue/src/lib.rs:2692', 1)]); lock wait 2643.0 ms/5s, longest 56.54 ms; drains/5s 1,312 of 13174 tx, mean 1311 us, max 38.30 ms
           prune (236 blocks): prune_ms 62/91; fold 1.1 ms, lock 0.0 ms, remove(hold) 18.1 ms, free 0.0 ms; frames_swept 800; coalesced on 236 of 236; prune_wait_ms 0/0; pruner busy 49% of a thread, lock held by it 1.5%
  window 2: lock duty 60.5% (max 63.0); holds/5s 1,889; longest hold 53.19 ms median, 62.72 ms max by crates/n42/tx-queue/src/lib.rs:2046 (most frequent holders [('crates/n42/tx-queue/src/lib.rs:2046', 6)]); lock wait 2395.8 ms/5s, longest 62.75 ms; drains/5s 1,210 of 13712 tx, mean 1381 us, max 36.89 ms
           prune (234 blocks): prune_ms 60/91; fold 1.1 ms, lock 0.0 ms, remove(hold) 17.9 ms, free 0.0 ms; frames_swept 800; coalesced on 234 of 234; prune_wait_ms 0/0; pruner busy 48% of a thread, lock held by it 1.1%
  window 3: lock duty 58.0% (max 62.0); holds/5s 1,948; longest hold 48.23 ms median, 91.17 ms max by crates/n42/tx-queue/src/lib.rs:2576 (most frequent holders [('crates/n42/tx-queue/src/lib.rs:2692', 2), ('crates/n42/tx-queue/src/lib.rs:2046', 2)]); lock wait 2129.5 ms/5s, longest 113.41 ms; drains/5s 1,254 of 12482 tx, mean 1303 us, max 35.61 ms
           prune (201 blocks): prune_ms 62/94; fold 1.1 ms, lock 0.0 ms, remove(hold) 18.0 ms, free 0.0 ms; frames_swept 800; coalesced on 201 of 201; prune_wait_ms 0/0; pruner busy 44% of a thread, lock held by it 0.8%
== loop345S400ALLP94: pruner (per block; busy = sum prune_ms / 30 s, lock = sum (remove_us + settle_us) / 30 s)
  window 1: 236 prunes; prune_ms 62/91; remove_us 18.1/33.9 ms; forget_us 5.5/10.1 ms; settle_us 6.2 ms; pruner busy 49% of a worker; lanes lock held for removal 22%
  window 2: 234 prunes; prune_ms 60/91; remove_us 17.9/36.1 ms; forget_us 5.6/9.2 ms; settle_us 6.1 ms; pruner busy 48% of a worker; lanes lock held for removal 22%
  window 3: 201 prunes; prune_ms 62/94; remove_us 18.0/32.4 ms; forget_us 6.1/11.8 ms; settle_us 6.2 ms; pruner busy 44% of a worker; lanes lock held for removal 19%
== loop345S400ALLP94: seal start / pull, prepared plan, answer, chunked drain
  window 1: 253 builds; start_best_ms 1/20; start_walk_us 0/0; start_pull_ms 0/0; par_pull_ms 0/0; par_start_ms 1/20; par_ms 131/193; sealed_at_ms 111/147; pull_bulk_us 9/14; pull_bulk_txs 400000/400000; plan_age_us 100641/137843; plan_prep_us 12481/19401; plan_topup_txs 0/0
           plan_ahead {'1': 253}; plan_discard {'': 253}
           answer: built-ahead bytes median/max 29,642/29,645, layout_only {'true': 254}; proposal sent bytes median/max 29,642/29,645, layout_only {'true': 254}
           drain: chunks/5s 1,228, chunk max 8,192 tx, finished by others/5s 35; plan_discards (last ingest line) -
  window 2: 249 builds; start_best_ms 0/20; start_walk_us 0/0; start_pull_ms 0/0; par_pull_ms 0/0; par_start_ms 0/20; par_ms 131/185; sealed_at_ms 117/150; pull_bulk_us 8/13; pull_bulk_txs 400000/400000; plan_age_us 103635/139953; plan_prep_us 12026/20479; plan_topup_txs 0/0
           plan_ahead {'1': 249}; plan_discard {'': 249}
           answer: built-ahead bytes median/max 29,647/29,647, layout_only {'true': 249}; proposal sent bytes median/max 29,647/29,647, layout_only {'true': 249}
           drain: chunks/5s 1,138, chunk max 8,192 tx, finished by others/5s 32; plan_discards (last ingest line) -
  window 3: 226 builds; start_best_ms 0/20; start_walk_us 0/0; start_pull_ms 0/0; par_pull_ms 0/0; par_start_ms 0/20; par_ms 136/209; sealed_at_ms 117/166; pull_bulk_us 8/12; pull_bulk_txs 400000/400000; plan_age_us 103096/166025; plan_prep_us 12012/23907; plan_topup_txs 0/0
           plan_ahead {'1': 225, '0': 1}; plan_discard {'': 225, 'not_on_its_parent': 1}
           answer: built-ahead bytes median/max 29,647/29,647, layout_only {'true': 226}; proposal sent bytes median/max 29,647/29,647, layout_only {'true': 225, 'false': 1}
           drain: chunks/5s 1,176, chunk max 8,192 tx, finished by others/5s 27; plan_discards (last ingest line) not_on_its_parent:5
== loop345S400ALLP94: persistence per window (ms per block = part sum / blocks persisted)
  window 1: persisted 249 of 254 produced (98%); total 67.5, sf_tx 61.4, sf_rcpt 11.6, sf_acct 25.9, sf_send 19.1, scope 61.6, qmdb 26.1, post 0.0, pre 6.1, plain_rev 6.1, commit_sf 1.1, commit_mdbx 0.1, commit_rocks 0.1; longest task sf_tx 61.4; in-memory 6 -> 9 (max 10); RSS 4.8 -> 34.4 G; lag 6 -> 9 = +5.0 blocks/min; bp max 0
  window 2: persisted 248 of 249 produced (100%); total 75.2, sf_tx 68.3, sf_rcpt 12.8, sf_acct 28.8, sf_send 21.9, scope 68.4, qmdb 31.2, post 0.0, pre 6.7, plain_rev 6.7, commit_sf 1.3, commit_mdbx 0.2, commit_rocks 0.1; longest task sf_tx 68.3; in-memory 9 -> 10 (max 11); RSS 34.4 -> 41.9 G; lag 9 -> 10 = +2.0 blocks/min; bp max 0
  window 3: persisted 233 of 225 produced (104%); total 74.6, sf_tx 66.8, sf_rcpt 11.1, sf_acct 27.5, sf_send 21.0, scope 69.3, qmdb 32.4, post 0.0, pre 5.1, plain_rev 5.1, commit_sf 1.4, commit_mdbx 0.1, commit_rocks 0.1; longest task sf_tx 66.8; in-memory 10 -> 8 (max 11); RSS 41.9 -> 32.1 G; lag 10 -> 9 = -2.0 blocks/min; bp max 0
  leg end: in-memory 6, max over the sampler 11, backpressure stalls 0
== loop345S400ALLP94: execution and root fields (median / p90 per block)
    folded lines 254: pending_max max 90 (median 82); pending_us_max max 53,263; drops_max max 234933
    flags: seal_on_counters true:253; freeze_pool_own true:253; plan_body 1:253; prep_from_plan true:253; whole_take_noted true:253; seal_hashes_ahead true:253; plan_ahead 1:253; seal per 1,000 transfers 0.278 ms
  window 1 (253 builds): on-CPU share 1.00/1.00; CPU per transfer 2.49/2.91 us; sealed_at_ms 111/147; exec_end_to_seal_us 134/180; par_exec_ms 36/42; commit_refs_ms 0/0; par_commit_ms 0/0; par_fold_ms 26/54; index_ms 49/64; par_start_ms 1/20; par_prep_ms 0/0; gap_before_exec_ms 42/94; plan_body_us 26,609/32,605; build_batches 128/128; parent_fields_ms 21/45; seal_to_fields_us 102,870/133,241; roots_ms 62/84; exec_partition_us 12/18; exec_slots_us 0/0; tx_root_ms 2/3; sealed_ms 23/47; seal_to_complete_us 233,513/272,835; shard_fold_ms 49/64; batch_max_ms 13/17; state_wait_us 42,099/93,869
    folded lines 249: pending_max max 90 (median 83); pending_us_max max 48,095; drops_max max 98683
    flags: seal_on_counters true:249; freeze_pool_own true:249; plan_body 1:249; prep_from_plan true:249; whole_take_noted true:249; seal_hashes_ahead true:249; plan_ahead 1:249; seal per 1,000 transfers 0.292 ms
  window 2 (249 builds): on-CPU share 1.00/1.00; CPU per transfer 2.56/2.85 us; sealed_at_ms 117/150; exec_end_to_seal_us 134/202; par_exec_ms 36/41; commit_refs_ms 0/0; par_commit_ms 0/0; par_fold_ms 23/54; index_ms 49/61; par_start_ms 0/20; par_prep_ms 0/0; gap_before_exec_ms 31/101; plan_body_us 33,369/41,139; build_batches 128/128; parent_fields_ms 24/63; seal_to_fields_us 106,584/143,228; roots_ms 64/99; exec_partition_us 12/16; exec_slots_us 0/0; tx_root_ms 2/3; sealed_ms 26/65; seal_to_complete_us 238,283/286,088; shard_fold_ms 49/61; batch_max_ms 13/18; state_wait_us 30,661/100,992
    folded lines 230: pending_max max 90 (median 82); pending_us_max max 44,555; drops_max max 98566
    flags: seal_on_counters true:226; freeze_pool_own true:226; plan_body 0:1/1:225; prep_from_plan false:1/true:225; whole_take_noted true:226; seal_hashes_ahead true:226; plan_ahead 0:1/1:225; seal per 1,000 transfers 0.292 ms
  window 3 (226 builds): on-CPU share 1.00/1.00; CPU per transfer 2.49/2.85 us; sealed_at_ms 117/166; exec_end_to_seal_us 124/204; par_exec_ms 36/43; commit_refs_ms 0/0; par_commit_ms 0/0; par_fold_ms 27/51; index_ms 47/60; par_start_ms 0/20; par_prep_ms 0/0; gap_before_exec_ms 40/120; plan_body_us 26,336/32,582; build_batches 128/128; parent_fields_ms 20/55; seal_to_fields_us 105,400/140,438; roots_ms 62/94; exec_partition_us 12/16; exec_slots_us 0/0; tx_root_ms 2/3; sealed_ms 22/58; seal_to_complete_us 234,502/275,927; shard_fold_ms 47/60; batch_max_ms 13/20; state_wait_us 39,954/119,501
flood span 95 s; tokio-rt threads alive throughout 33 of 66; group 9.7 cores busy over them (all threads incl. short-lived 13.0)
  per-thread cores busy, top 12: 0.63 0.61 0.59 0.59 0.58 0.57 0.57 0.57 0.57 0.57 0.57 0.56; threads over 0.9 core: 0, over 0.7: 0
== loop345S400ALLP94: 728 full builds in the 3 windows
  par_exec_ms 36/42; par_run_ms 75/138; batch_start_skew_ms 28/32; batch_median_ms 7/8; batch_max_ms 13/18; batch_first_start_us 97/162; batch_last_start_us 28552/33008; batch_dispatch_us 274/375; batch_last_end_us 36536/41960; batches 128/128; batch_threads 32/32; batch_txs_max 3500/3500; batch_txs_min 3000/3000; start_walk_ms 0/0; start_walk_check_ms 0/0; par_start_ms 0/20; sealed_at_ms 115/155; prev_seal_to_answer_us 2934/4507; prev_seal_to_entry_us 0/0; prev_seal_to_header_us 228/351; prev_seal_to_import_us 252823/315740; prev_seal_to_request_us 968/1320; prev_seal_to_start_us 1298/1786; start_walk_check_us 0/0; start_walk_ids_us 0/0; start_walk_settle_us 0/0; start_walk_us 0/0
  one_wave {'false': 728}
  batches == batch_threads on 0 of 728 builds
  last - first batch start (ms) median/p90 28.45/32.89; under 2 ms on 0 of 728 builds
bodygate loop345S400ALLP94: invalid_blocks=0 gas_mismatch=0 fields_mismatches=0 own_not_committed=0 proposals_given_up=0
S400ALLP steps stop after 94 ms: FAIL cycle cycle median 103.3 ms against 94 (limit 97); in-memory blocks end of w1 9, end of w3 8, max in w3 11 (loop345S400ALLP94)
BEST single leg: S400ALLP104
leg loop345BEST: /data free 600G (needs 120 G)
leg loop345BEST start 17:17:25 load 3.68
round loop345BEST exit 0 at 17:20:27
loop345BEST save stages (node0, seconds summed over the leg / count): batch_size=1064.0/349  batch_size=1064.0/349  reth_consensus_engine_beacon_persistence_duration=66.0/349  duration_seconds=62.9/349  total=57.6/349  scope=52.8/349  sf=52.6/349  sf_transactions=52.3/349  qmdb_persisted=24.4/349  sf_account_changesets=22.0/349
el binary: /data/n42-build/target-n42-rs/native/release/n42 env: N42_IMPORT_ONCE=1 N42_SETTLEMENT_TAGS=legacy N42_BUILD_THROTTLE_SOFT=48 F7_EL_MAP=0,0,0,0,0,0,0 N42_FIELDS_AT_SEAL=1 N42_FREEZE_AFTER_SEAL=1 N42_FRAME_BLOCKS=1 N42_TX_INGEST_RECOVER_PARALLEL=24 N42_FREEZE_POOL=own N42_PARALLEL_BUILD_THREADS=32 N42_PLAN_AHEAD=1 N42_HASHED_TABLES=off F7_FLOOD_RATE=6000000 N42_COMPACT_BODY=1 N42_BUILD_BATCHES=128 MALLOC_CONF=thp:always,oversize_threshold:0,dirty_decay_ms:2000,background_thread:true N42_SEAL_ON_COUNTERS=1 N42_ACCOUNT_HISTORY=off N42_TAKE_COMPACT=1 N42_SF_EARLY_WRITEBACK=1 N42_ROAD_RUNTIME=1 N42_TX_INGEST_HIGH_WATER=2500000 F7_BENCH_POOL_SLOTS=3000000 N42_PLAN_AHEAD_BODY=1 N42_SEAL_AT_EXEC=1 N42_TX_QUEUE_DRAIN_CHUNK=8192 N42_ANSWER_LAYOUT_ONLY=1 N42_PULL_BY_FRAMES=1 N42_SF_PARALLEL_ENCODE=1 N42_BUILD_THROTTLE_HARD=80 N42_LIVE_INDEX_DEFER=1 RAYON_NUM_THREADS=16 N42_ROOT_OPS_AHEAD=1 TOKIO_WORKER_THREADS=16 N42_QMDB_READS=on N42_LEADER_LAYERS=3 N42_PERSIST_QMDB_IN_SCOPE=1 F7_BLOCK_INTERVAL_MS=104 F7_MEASURE_FROM_LOG=1
validator env: N42_IMPORT_ONCE=1 N42_SETTLEMENT_TAGS=legacy N42_BUILD_THROTTLE_SOFT=48 F7_EL_MAP=0,0,0,0,0,0,0 N42_FIELDS_AT_SEAL=1 N42_FREEZE_AFTER_SEAL=1 N42_FRAME_BLOCKS=1 N42_TX_INGEST_RECOVER_PARALLEL=24 N42_FREEZE_POOL=own N42_PARALLEL_BUILD_THREADS=32 N42_PLAN_AHEAD=1 N42_HASHED_TABLES=off F7_FLOOD_RATE=6000000 N42_COMPACT_BODY=1 N42_BUILD_BATCHES=128 N42_SEAL_ON_COUNTERS=1 N42_ACCOUNT_HISTORY=off N42_TAKE_COMPACT=1 N42_SF_EARLY_WRITEBACK=1 N42_ROAD_RUNTIME=1 N42_TX_INGEST_HIGH_WATER=2500000 F7_BENCH_POOL_SLOTS=3000000 N42_PLAN_AHEAD_BODY=1 N42_SEAL_AT_EXEC=1 N42_TX_QUEUE_DRAIN_CHUNK=8192 N42_ANSWER_LAYOUT_ONLY=1 N42_PULL_BY_FRAMES=1 N42_SF_PARALLEL_ENCODE=1 N42_BUILD_THROTTLE_HARD=80 N42_LIVE_INDEX_DEFER=1 RAYON_NUM_THREADS=16 N42_ROOT_OPS_AHEAD=1 TOKIO_WORKER_THREADS=16 N42_QMDB_READS=on N42_LEADER_LAYERS=3 N42_PERSIST_QMDB_IN_SCOPE=1 F7_MEASURE_FROM_LOG=1
loop345BEST once: start-up lines import_once=true 1; last direct-import counters 
loop345BEST imports: layers=1 direct_imports=0 canonical_blocks=2269 import_once_lines=1 (per layer: direct imports should equal canonical blocks for one execution per block)
grep: /data/blockchain/rust-fleet7-bench/node1/el.log: No such file or directory
grep: /data/blockchain/rust-fleet7-bench/node2/el.log: No such file or directory
grep: /data/blockchain/rust-fleet7-bench/node3/el.log: No such file or directory
grep: /data/blockchain/rust-fleet7-bench/node1/el.log: No such file or directory
grep: /data/blockchain/rust-fleet7-bench/node2/el.log: No such file or directory
grep: /data/blockchain/rust-fleet7-bench/node3/el.log: No such file or directory
cat: /data/blockchain/rust-fleet7-bench/node2/el.log: No such file or directory
cat: /data/blockchain/rust-fleet7-bench/node2/el.log: No such file or directory
cat: /data/blockchain/rust-fleet7-bench/node2/el.log: No such file or directory
cat: /data/blockchain/rust-fleet7-bench/node1/el.log: No such file or directory
cat: /data/blockchain/rust-fleet7-bench/node2/el.log: No such file or directory
cat: /data/blockchain/rust-fleet7-bench/node3/el.log: No such file or directory
Traceback (most recent call last):
  File [35m"<stdin>"[0m, line [35m4[0m, in [35m<module>[0m
[1;35mIndexError[0m: [35mlist index out of range[0m
loop345BEST no_variant=0 own_not_committed=0 tc=1 invalid_blocks=0 incomplete=0 gas_mismatch=0 direct_imports_failed=0 stuck_at_hashed_state=0 engine_idles_over_5s=1 proposals_given_up=0 tables_off_nodes=1 unanswered_reads=0 seal_first_total=783 seal_first_direct=783 direct_guard_errors=0 commit_ms_median=0 fold_ms_median=21 sealed_at_ms_median=113 state_ready_ms_median=201 build_total_ms_median=357 recover_us_median=0 par_exec_ms_median=36 par_exec_ms_median=36 giveback_filtered=0 giveback_offered_max=400000 seal_first=783 reader_lag_max=9 reader_lag_warns=0 view_invalidated=0 el_sum_peak_g=47.4 el_max_peak_g=47.4 val_sum_peak_g=1.9 flood_peak_g=0.6 two_roads_blocks=0 two_roads_overlap_ms_median=- exec_on_output_declined=0 r1_collect_ms_median=5 proposal_at_ms_median=93 view_total_ms_median=105 import_exec_ms_median=- import_total_ms_median=- import_senders_ms_median=- import_convert_ms_median=- import_groups_median=- imports_over_600ms=0 min_avail_g=64.8 road_foreign_body_recv_ms=- road_foreign_body_decode_ms=- road_foreign_body_senders_ms=- road_foreign_body_parent_wait_ms=- road_foreign_body_check_ms=- road_foreign_body_total_ms=- road_new_payload_recv_ms=- road_new_payload_decode_ms=- road_new_payload_senders_ms=- road_new_payload_parent_wait_ms=- road_new_payload_check_ms=- road_new_payload_total_ms=- road_foreign_body_blocks=0 road_new_payload_blocks=0 fcu_answered=1038 fcu_in_flight_ms_median=0 fcu_queued_ms_median=0 fcu_queued_ms_max=178 fcu_refused=0 fcu_slow=1124 bodies_held=0 road_reuse_ms=- road_prepare_ms=- road_dispatch_ms=- road_convert_ms=- road_remember_ms=- road_header_ms=- road_fields_ms=- road_other_ms=- import_engine_ms_median=- gate_forced=0 gate_warns=0 flood_timeouts=0 canonical_min=2284 canonical_max=2284 chained_builds=1505 chain_lead_ms_median=101 chain_wait_ms_median=0 chain_started=1509 chain_discarded=3 chain_discard_reasons=_1_reason="no_,_1_reason="the_chained_build_produced_nothing,_1_reason="the_execution_layer_produced_nothing,_1_reason="the_request_names_another_parent chain_alias_warns=0 el_chained=1514 bodies_held_warns=0 el_build_refused=2 el_build_refused_reasons=_2_no_QMDB_tree_for_parent_block_0x queued_p5=2114500 queued_p50=2326000 road_compact_blocks=0 road_compact_recv_ms=- road_compact_assemble_ms=- road_compact_root_ms=- road_compact_miss_wait_ms=- road_compact_senders_ms=- road_compact_check_ms=- road_compact_other_ms=- road_compact_total_ms=- road_compact_misses_total= compact_refused_el=0 compact_fallbacks=0 compact_bytes_median=- pool_order9=14476 par_pull_ms_median=- build_total_ms_median2=- road_compact_filled_blocks=0 road_compact_filled_median=- road_compact_fill_ms_median=- need_txns=0 fill_failed=0 ingest_rate_gate_open_median=- ingest_gate_open_intervals=0 ingest_slots_busy_median=- flood_rate= fill_asked_proposer=0 fill_asked_other=0 loop_lines=1806 loop_unnamed_ms_median=91 loop_body_served_ms_median=- loop_txns_served_ms_median=- import_exec_ms_median2=- pip_partition_ms=- pip_env_ms=- pip_batch_ms=- pip_groups_ms=- pip_gas_ms=- pip_merge_ms=- pip_receipts_ms=- pip_drop_ms=- pip_other_ms=- pip_total_ms=- senders_indexed_median=- road_senders_ms_median=- road_total_ms_median=- pew_ms_median=- pew_ms_p90= gate_ms_median=- gate_ms_p90= root_ms_p50=- root_ms_p90= two_roads=0 not_on_output=0 not_on_output_why= ckpt_ms_first_q=4 ckpt_ms_last_q=67 ckpt_bytes_last=35542692 parent_still_importing=5 root_wait_ms_p50=- root_wait_ms_p90= tenures_low_seal=13 seal_first_share=0.99 empty_over_deep=0 near_empty_warns=0 no_seal_why= par_skipped_median=- usable_p5=2114500 ckpt_replay_ms_last_q=20 candidates_zero=0 dropped_ingest=0 let_go_warns=0 let_go_reasons= parked_p50=0 parked_max=0 held_warns=0 park_capped_total=0 superseded_builds=0 empty_not_superseded=0 mass_park_warns=0 heads_lines=0 holes_lines=0 stale_parent_refusals=0 par_groups_p5=0 cancelled_decided=1 heads_nonce0=0 stale_unconfirmed= handovers=5 el_panics=0 decided_cancelled=1 min_window_blocks=249 road_desc_blocks=0 road_desc_total_ms=- road_desc_copy_ms=- desc_misses=0 fill_failed2=0 sf_par_collect_ms=- sf_par_commit_ms=- sf_par_fold_ms=- sf_par_graft_ms=- sf_par_prefault_ms=- sf_par_exec_ms=- sf_sealed_at_ms=- sf_roots_ms=- sf_state_ready_ms=- sf_total_ms=- ba_find_ms=- ba_queue_ms=- ba_total_ms=- ba_on_output=0 queue_fold_us=- queue_lock_us=- sf_par_exec_ms=- sf_par_fold_ms=- pip_groups_ms=- import_exec_ms_median2=- reads_d0=0 reads_hist=0 f_reads_d0=- f_reads_hist=- f_overlay_depth=- L_read_set_ms=0 read_set_accounts=0 read_set_unresolved=0 read_set_hits=0 read_set_misses=0 start_best_ms=- par_prep_ms=- gap_before_exec_ms=- gap_after_exec_ms=- gap_before_seal_ms=- index_ms=- road_copy_aside_ms=- road_copy_wait_ms=- road_total_ms=- queue_first_miss=queue_first_miss=0:1480,queue_first_miss=18446744073709551615:789 root_append_behind=0 populate_lag_mb=0 swap_used_g=0 root_faults=- root_faults_p90= root_faults_entries=0 root_faults_offsets=0 root_faults_index=0 root_faults_bits=0 root_faults_twigs=0 root_faults_undo=0 root_faults_tmp=0 root_append_faults=0 root_twig_pool_misses=0 batch_max_ms=13 batch_min_ms=4 batch_median_ms=7 batch_cpu_max_ms=13 batch_txs_max=3500 batch_txs_min=3000 batch_start_skew_ms=28 batch_wait_ms=0 loop_fetch_ns=0 loop_check_ns=0 loop_transfer_ns=0 loop_receipt_ns=0 loop_gas_ns=0 loop_sink_ns=0 loop_other_ns=0 batch_setup_ns=0 batch_close_ns=0 imp_exec_part_ms=- imp_exec_batches_ms=- imp_exec_graft_ms=- imp_exec_batches=- imp_exec_threads=- imp_exec_batch_max_ms=- imp_exec_batch_median_ms=- imp_parent_output_wait_ms=- road_parent_output_wait_ms=- next_start_gap_ms=1 next_entry_gap_ms=0 commit_body_ahead_used=- imp_exec_keys_ms=- imp_keys_ahead=- imp_exec_sink_ms=- imp_exec_pre_ms=- imp_exec_post_ms=- imp_exec_receipts_ms=- imp_exec_drop_ms=- root_gap_ms=- queue_whole=queue_whole=false:1480,queue_whole=true:789 tick_tick_late_us=690 tick_preamble_us=343 tick_take_sealed_us=1 tick_sign_us=0 tick_cache_us=0 tick_presealed=- tick_describe_us=10 tick_publish_us=601 tick_tick_to_send_us=1725 road_check_ms=- road_check_include_us=- road_check_scan_us=- road_check_fold_us=- road_check_senders_us=- road_check_frames_summarized=- road_check_frames_scanned=- imp_exec_start_gap_us=- imp_gap_road_us=- imp_gap_header_us=- imp_gap_senders_us=- imp_gap_parent_us=- imp_gap_setup_us=- imp_gap_keys_wait_us=- sealed_at_p90= sealed_over_130=0 roots_ms=- cycle_p90= batch_max_ms=- batch_median_ms=- imp_batch_max=- forest_lock_warns=1406 root_seal_ms=2 root_seals=41 root_majflt=6457 roots_p90= gp_layer=789 ggp_missing=269 state_wait_split=0/0/0/0:59,17/0/0/0:29,16/0/0/0:23 qmdb_releases=0 state_wait_on= imp_road_end_ms=- imp_exec_start_ms=- imp_exec_end_ms=- imp_root_end_ms=- imp_fields_ready_ms=- imp_parent_fields_wait_ms=- imp_exec_ms=- imp_root_ms=- imp_checks_ms=- imp_engine_ms=- imp_total_ms=- road_parent_fields_wait_ms=- exec_read_ms=- L_exec_evm_ms=- L_exec_write_ms=- L_exec_other_ms=- L_reads_cache=- L_reads_provider=- L_reads_view=- L_graft_base_ms=- L_graft_reserve_ms=- L_graft_insert_ms=- L_graft_reverts_ms=- L_graft_other_ms=- L_par_exec_ms=- L_par_graft_ms=- F_exec_read_ms=- F_exec_evm_ms=- F_exec_write_ms=- F_exec_other_ms=- F_reads_cache=- F_reads_provider=- F_reads_view=- F_groups_ms=- L_tx_root_wait_ms=- L_par_exec_ms=- L_par_graft_ms=- L_par_fold_ms=- L_sealed_ms=- L_state_ready_ms=- L_roots_ms=- L_finish_ms=- L_total_ms=- L_setup_ms=- L_par_pull_ms=- L_give_back_ms=- L_state_wait_ms=- L_state_after_pull=783 L_seal_at_exec=783 L_tx_root_ahead=0 flood_w1=3358424 txs_p10=400000 acq_us=464 slots_busy=14 ingest_rate=3391352 L_scope_join_ms=- L_par_release_ms=- L_commit_body_ms=- L_par_commit_ms=- L_give_back_ms=- L_sealed_ms=- L_par_exec_ms=- L_state_wait_ms=- L_par_pull_ms=- L_par_prep_ms=- L_par_start_ms=- L_pre_exec_ms=- L_par_run_ms=- L_sealed_at_ms=- F_partition_ms=- F_env_ms=- F_groups_ms=- F_merge_ms=- F_reverts_wait_ms=- F_ahead_wait_ms=- F_total_ms=- I_engine_ms=- I_root_ms=- I_total_ms=- H_engine_remember_ms=- H_engine_listing_ms=- H_engine_new_payload_ms=- busy_us=1 L_par_start_ms=- L_start_handoff_ms=- L_start_best_ms=- L_start_puller_ms=- L_par_pull_ms=- L_par_prep_ms=- L_state_wait_ms=- L_par_exec_ms=- L_par_commit_ms=- L_sealed_ms=- L_sealed_at_ms=- L_par_graft_ms=- L_graft_insert_ms=- L_graft_reverts_ms=- L_graft_split_us=- L_graft_build_us=- L_graft_merge_us=- L_state_ready_ms=- Q_queue_ms=0 R_dispatch_wait_ms=- R_total_ms=- R_road_runtime=1 gate_holds=0 peer_fetch=0 pool_limit=limit=8 gate_opened=gate_opened_for_block=0 I_root_ms=- flood_rate_hdr=rate=6000000/s fills=0 fill_waited=- slots_busy=14 acq_us=464 busy_us=1 converged=0 fallbacks=0 busy_us=1 recover_us=0 tf_on_output=2 tf_fallback=0 still_importing=5 busy_us=1 slots_busy=14 batches=altsig_txs=0 altsig_batches=0 tf_on_output=2 tf_fallback=0 gate_holds=0 sign_s=sign 0s replay_note=replay       : 64 files from /data/n42-pregen/g900000-400m, 400000000 transactio sign_s=sign 0s shard=shard_verified=0 shard_claimed=0 road_verified=- slots_busy=14 gate_us=5311 reply_us=5873 queued=2326000 assemble_ms=- road_take_ms=- road_body_ms=- road_encode_ms=- shards=16 shard_insert_ms=0 shard_wait_ms=0 shard_fold_ms=47 shard_append_ms=32 shard_merge_ms=126 state_ready_ms=201 roots_ms=65 exec_read_ms=0 exec_evm_ms=0 exec_write_ms=0 exec_other_ms=0 reads_cache=0 reads_provider=0 reads_view=0 par_run_ms=68 fold_task_cpu_max_us=45780 fold_task_minflt_max=43 fold_task_minflt_sum=47 fold_task_migrated=0 fold_task_nivcsw_max=0 fold_index=1 fold_index_build_ms=45 fold_index_conflicts=31718 fold_queue_us=66 fold_skew_us=37 fold_task_max_us=45795 fold_tail_us=33 start_best_ms=0 start_select_ms=0 start_walk_ms=0 start_walk_check_ms=0 start_best_other_ms=0 start_frames_by_ref=0 start_frames_slow=0 start_pull_ms=0 start_other_ms=0 start_handoff_ms=0 par_start_ms=0 par_prep_ms=0 par_commit_ms=0 commit_body_ms=0 par_fold_ms=21 sealed_ms=27 copy_ms=- prune_ms=0 frames=- frames_missing=- frame_root_ms=- root_ms=- frames_admitted=frames_admitted=625431 frames_unaligned=0 frame_root_indexed=- seal_layout_ms=1 seal_root_ms=0 attested= busy_us=1 slots_busy=14 reply_us=5873 prune_ms=0 body_refused=0 body_failed_late=0
loop345BEST win1 tps=3,386,667 txs=101,600,000 blocks= 254 cycle=0.118s occupancy= 99.6% full(>=95%)=253/254 basefee=n/a (from the layer's log)
loop345BEST win2 tps=3,346,667 txs=100,400,000 blocks= 251 cycle=0.120s occupancy=100.0% full(>=95%)=251/251 basefee=n/a (from the layer's log)
loop345BEST win3 tps=3,320,000 txs=99,600,000 blocks= 249 cycle=0.120s occupancy=100.0% full(>=95%)=249/249 basefee=n/a (from the layer's log)
loop345BEST tps=3,386,667 round_txs=301600000 cycles_w1=
loop345BEST imp_fields_p90= b_p75=40
loop345BEST overlay: filter_skips=0 probes=0 ratio=- (ratio = skips/(skips+probes))
loop345BEST overlay_manager:       1 state_trie_overlay=false  state-ovly_cpu=0
loop345BEST verify: written to /data/blockchain/rust-fleet7-bench/bench-loop345BEST/verify.json
== loop345BEST  (E=1: seven validator keys on one execution layer)
  window 1: canonical 254 blocks, 101.6M tx = 3,386,667/s (100.0% of window 1), full 253/254 (100%); cycle mean/median/p90 118.2/106.0/154.2 ms
    leader builds 254: sealed_at median/p90/p99 112/149/174; phases median/p90 ms: gap_before_exec 39/101, state_wait 39/100, par 131/193, par_exec 35/42, roots 62/85, parent_fields 20/47, sealed 22/50
    state_wait_on {'output': 159, 'grandparent': 79, 'none': 16}; builds with state_wait > 20 ms: 187 ([('output', 111), ('grandparent', 76)]); gp_layer {1.0: 254}, ggp_missing {0.0: 155, 1.0: 99}
    queue at the builds min/median 2,037,500/2,416,250
    new field batch_cpu_sum_us: median/p90/max 970434.0/1148158.0/1839576, nonzero 254
    new field batch_dispatch_us: median/p90/max 276.0/369.0/1793, nonzero 254
    new field batch_first_start_us: median/p90/max 98.5/168.0/1610, nonzero 254
    new field batch_ivcsw: median/p90/max 3.0/8.0/25, nonzero 198
    new field batch_last_end_us: median/p90/max 35188.5/42306.0/62611, nonzero 254
    new field batch_last_start_us: median/p90/max 27418.5/32546.0/51828, nonzero 254
    new field batch_live_deferred: median/p90/max 82.0/88.0/94, nonzero 254
    new field batch_live_lock_hold_us: median/p90/max 18350.5/21463.0/27474, nonzero 254
    new field batch_live_lock_wait_us: median/p90/max 0.0/0.0/0, nonzero 0
    new field batch_live_lock_waits: median/p90/max 0.0/0.0/0, nonzero 0
    new field batch_majflt: median/p90/max 0.0/0.0/0, nonzero 0
    new field batch_minflt: median/p90/max 1811.5/16140.0/41223, nonzero 254
    new field batch_open_max_us: median/p90/max 522.0/624.0/1113, nonzero 254
    new field batch_open_sum_us: median/p90/max 13083.0/16265.0/24480, nonzero 254
    new field batch_threads: median/p90/max 32.0/32.0/32, nonzero 254
    new field batch_vcsw: median/p90/max 190.0/405.0/963, nonzero 254
    new field batch_view_index_wait_us: median/p90/max 0.0/24399.0/85844, nonzero 56
    new field batch_view_index_waits: median/p90/max 0.0/191.0/684, nonzero 56
    new field batch_view_slot_wait_us: median/p90/max 0.0/573.0/3831, nonzero 61
    new field batch_view_slot_waits: median/p90/max 0.0/22.0/95, nonzero 61
    new field batch_wall_sum_us: median/p90/max 977298.0/1162224.0/1846741, nonzero 254
    new field batches: median/p90/max 128.0/128.0/128, nonzero 254
    new field build_batches: median/p90/max 128.0/128.0/128, nonzero 254
    new field exec_end_to_seal_us: median/p90/max 123.0/176.0/281, nonzero 254
    new field exec_partition_us: median/p90/max 12.0/16.0/34, nonzero 254
    new field exec_prepared_groups: {'true': 254}
    new field exec_prepared_slots: {'true': 254}
    new field exec_slots_us: median/p90/max 0.0/0.0/1, nonzero 1
    new field freeze_join_wait_us: median/p90/max 25312.5/53576.0/88134, nonzero 254
    new field freeze_late: {'true': 254}
    new field freeze_pool_own: {'true': 254}
    new field live_index_defer: {'true': 254}
    new field merge_accounts: median/p90/max 368136.5/378085.0/389313, nonzero 254
    new field merge_append_us: median/p90/max 6080.5/15494.0/26949, nonzero 254
    new field merge_reverts: median/p90/max 368136.5/378085.0/389313, nonzero 254
    new field merge_reverts_us: median/p90/max 30322.0/42035.0/56430, nonzero 254
    new field merge_state_us: median/p90/max 84269.5/95822.0/109879, nonzero 254
    new field merge_tail_us: median/p90/max 0.0/0.0/1, nonzero 11
    new field merge_threads: median/p90/max 1.0/1.0/1, nonzero 254
    new field one_wave: {'false': 254}
    new field open_engine_us: median/p90/max 0.0/80435.0/114942, nonzero 99
    new field open_fallback: {'false': 155, 'true': 99}
    new field open_keep_us: median/p90/max 6.0/9.0/26, nonzero 254
    new field open_layers: median/p90/max 3.0/3.0/3, nonzero 254
    new field open_provider_us: median/p90/max 113.0/203.0/678, nonzero 254
    new field plan_age_us: median/p90/max 101616.0/141849.0/262129, nonzero 254
    new field plan_ahead: median/p90/max 1.0/1.0/1, nonzero 254
    new field plan_body: median/p90/max 1.0/1.0/1, nonzero 254
    new field plan_body_us: median/p90/max 28227.0/35966.0/47773, nonzero 254
    new field plan_discard: {'': 254}
    new field plan_prep_us: median/p90/max 11785.0/18064.0/37350, nonzero 254
    new field plan_topup_txs: median/p90/max 0.0/0.0/0, nonzero 0
    new field prep_from_plan: {'true': 254}
    new field prev_seal_to_answer_us: median/p90/max 2987.0/4957.0/7781, nonzero 254
    new field prev_seal_to_entry_us: median/p90/max 0.0/0.0/0, nonzero 0
    new field prev_seal_to_header_us: median/p90/max 236.0/383.0/586, nonzero 254
    new field prev_seal_to_import_us: median/p90/max 245223.5/311703.0/378003, nonzero 233
    new field prev_seal_to_request_us: median/p90/max 961.5/1314.0/130435, nonzero 254
    new field prev_seal_to_start_us: median/p90/max 1278.0/1681.0/130715, nonzero 254
    new field pull_bulk_txs: median/p90/max 400000.0/400000.0/400000, nonzero 254
    new field pull_bulk_us: median/p90/max 8.0/12.0/35, nonzero 254
    new field root_apply_gap_us: median/p90/max 11.0/14.0/44, nonzero 254
    new field root_apply_total_us: median/p90/max 38919.0/54074.0/79687, nonzero 254
    new field root_compute_us: median/p90/max 42238.0/57130.0/82504, nonzero 254
    new field root_delta_us: median/p90/max 2009.5/2996.0/21720, nonzero 254
    new field root_index_us: median/p90/max 4724.5/8837.0/22863, nonzero 254
    new field root_leaves_us: median/p90/max 12570.5/20882.0/41686, nonzero 254
    new field root_note_us: median/p90/max 257.0/401.0/2243, nonzero 254
    new field root_ops_ahead: {'true': 254}
    new field root_ops_ahead_wait_us: median/p90/max 10952.5/24325.0/45065, nonzero 254
    new field root_ops_concat_us: median/p90/max 0.0/0.0/0, nonzero 0
    new field root_ops_encode_us: median/p90/max 11877.0/21485.0/44944, nonzero 254
    new field root_ops_finish_us: median/p90/max 4676.0/5770.0/9061, nonzero 254
    new field root_ops_sort_us: median/p90/max 8180.0/15650.0/29633, nonzero 254
    new field root_ops_us: median/p90/max 15798.5/29371.0/52538, nonzero 254
    new field root_rehash_us: median/p90/max 1464.5/1978.0/13261, nonzero 254
    new field root_retire_us: median/p90/max 1663.0/2767.0/10475, nonzero 254
    new field root_sort_us: median/p90/max 517.5/1466.0/7479, nonzero 254
    new field root_undo_us: median/p90/max 690.0/1305.0/6085, nonzero 254
    new field root_writes_us: median/p90/max 16115.5/21806.0/32065, nonzero 254
    new field seal_hashes_ahead: {'true': 254}
    new field seal_on_counters: {'true': 254}
    new field seal_to_complete_us: median/p90/max 229336.0/261794.0/294534, nonzero 254
    new field seal_to_frozen_us: median/p90/max 25248.5/53539.0/88125, nonzero 215
    new field seal_to_merge_end_us: median/p90/max 229213.0/261712.0/294395, nonzero 254
    new field seal_to_merge_start_us: median/p90/max 103415.0/132170.0/158041, nonzero 254
    new field seal_to_ops_ahead_us: median/p90/max 50842.0/83306.0/103450, nonzero 254
    new field seal_to_state_ready_us: median/p90/max 229223.5/261722.0/294407, nonzero 254
    new field sealed_unix_us: median/p90/max 1791407947286870.0/1791407959562967.0/1791407962426798, nonzero 254
    new field start_walk_check_us: median/p90/max 0.0/0.0/0, nonzero 0
    new field start_walk_ids_us: median/p90/max 0.0/0.0/0, nonzero 0
    new field start_walk_settle_us: median/p90/max 0.0/0.0/0, nonzero 0
    new field start_walk_us: median/p90/max 0.0/0.0/0, nonzero 0
    new field state_wait_us: median/p90/max 39288.0/100489.0/148174, nonzero 254
    new field view_journal_reads: median/p90/max 4096.0/40960.0/90112, nonzero 131
    new field view_journal_searches: median/p90/max 10835.5/113164.0/232738, nonzero 131
    new field view_journal_skips: median/p90/max 0.0/0.0/0, nonzero 0
    new field whole_take_noted: {'true': 254}
    binding wait (tick / quorum / seal share, mean cycle): tick 61% (107); quorum 35% (136); seal 4% (147); feed-bound (blocks under 95% of the tier): 1 of 254
    slowest key vote delay median/p90 64.8/138.2 ms
    engine own-import total_ms per block median/p90/max 75/111/150 (n=253)
    layer RSS 4.8 -> 36.2 G (max 36.2), in-memory blocks max 11
    execution layer cores busy 34.0    validators cores busy 0.7
    flood delivered (median per 5 s over the leg) 3,360,390/s
  window 2: canonical 251 blocks, 100.4M tx = 3,346,667/s (98.8% of window 1), full 251/251 (100%); cycle mean/median/p90 118.9/106.0/162.2 ms
    leader builds 251: sealed_at median/p90/p99 112/149/172; phases median/p90 ms: gap_before_exec 28/99, state_wait 27/99, par 122/181, par_exec 37/42, roots 66/91, parent_fields 25/52, sealed 28/55
    state_wait_on {'grandparent': 70, 'none': 16, 'output': 165}; builds with state_wait > 20 ms: 150 ([('output', 83), ('grandparent', 67)]); gp_layer {1.0: 251}, ggp_missing {1.0: 85, 0.0: 166}
    queue at the builds min/median 2,108,500/2,408,500
    new field batch_cpu_sum_us: median/p90/max 1038092.0/1164102.0/1319514, nonzero 251
    new field batch_dispatch_us: median/p90/max 265.0/371.0/509, nonzero 251
    new field batch_first_start_us: median/p90/max 97.0/165.0/272, nonzero 251
    new field batch_ivcsw: median/p90/max 3.0/9.0/37, nonzero 194
    new field batch_last_end_us: median/p90/max 37215.0/42210.0/47899, nonzero 251
    new field batch_last_start_us: median/p90/max 29222.0/32752.0/38017, nonzero 251
    new field batch_live_deferred: median/p90/max 83.0/91.0/149, nonzero 251
    new field batch_live_lock_hold_us: median/p90/max 19798.0/23562.0/31939, nonzero 251
    new field batch_live_lock_wait_us: median/p90/max 0.0/0.0/0, nonzero 0
    new field batch_live_lock_waits: median/p90/max 0.0/0.0/0, nonzero 0
    new field batch_majflt: median/p90/max 0.0/0.0/2, nonzero 1
    new field batch_minflt: median/p90/max 2788.0/21553.0/74974, nonzero 251
    new field batch_open_max_us: median/p90/max 491.0/599.0/3629, nonzero 251
    new field batch_open_sum_us: median/p90/max 12371.0/15302.0/30417, nonzero 251
    new field batch_threads: median/p90/max 32.0/32.0/32, nonzero 251
    new field batch_vcsw: median/p90/max 193.0/349.0/613, nonzero 251
    new field batch_view_index_wait_us: median/p90/max 0.0/18982.0/54975, nonzero 60
    new field batch_view_index_waits: median/p90/max 0.0/144.0/393, nonzero 60
    new field batch_view_slot_wait_us: median/p90/max 0.0/437.0/1085, nonzero 64
    new field batch_view_slot_waits: median/p90/max 0.0/16.0/31, nonzero 65
    new field batch_wall_sum_us: median/p90/max 1043744.0/1170437.0/1340582, nonzero 251
    new field batches: median/p90/max 128.0/128.0/128, nonzero 251
    new field build_batches: median/p90/max 128.0/128.0/128, nonzero 251
    new field exec_end_to_seal_us: median/p90/max 132.0/185.0/841, nonzero 251
    new field exec_partition_us: median/p90/max 12.0/16.0/38, nonzero 251
    new field exec_prepared_groups: {'true': 251}
    new field exec_prepared_slots: {'true': 251}
    new field exec_slots_us: median/p90/max 0.0/0.0/0, nonzero 0
    new field freeze_join_wait_us: median/p90/max 21643.0/51305.0/76428, nonzero 251
    new field freeze_late: {'true': 251}
    new field freeze_pool_own: {'true': 251}
    new field live_index_defer: {'true': 251}
    new field merge_accounts: median/p90/max 367461.0/376411.0/382409, nonzero 251
    new field merge_append_us: median/p90/max 8021.0/18813.0/45358, nonzero 251
    new field merge_reverts: median/p90/max 367461.0/376411.0/382409, nonzero 251
    new field merge_reverts_us: median/p90/max 32014.0/44416.0/66657, nonzero 251
    new field merge_state_us: median/p90/max 85576.0/102280.0/121879, nonzero 251
    new field merge_tail_us: median/p90/max 0.0/0.0/5, nonzero 7
    new field merge_threads: median/p90/max 1.0/1.0/1, nonzero 251
    new field one_wave: {'false': 251}
    new field open_engine_us: median/p90/max 0.0/76694.0/137718, nonzero 85
    new field open_fallback: {'false': 166, 'true': 85}
    new field open_keep_us: median/p90/max 5.0/9.0/25, nonzero 251
    new field open_layers: median/p90/max 3.0/3.0/3, nonzero 251
    new field open_provider_us: median/p90/max 120.0/235.0/692, nonzero 251
    new field plan_age_us: median/p90/max 98305.0/141639.0/236647, nonzero 251
    new field plan_ahead: median/p90/max 1.0/1.0/1, nonzero 251
    new field plan_body: median/p90/max 1.0/1.0/1, nonzero 251
    new field plan_body_us: median/p90/max 31473.0/39121.0/45362, nonzero 251
    new field plan_discard: {'': 251}
    new field plan_prep_us: median/p90/max 12310.0/18233.0/54813, nonzero 251
    new field plan_topup_txs: median/p90/max 0.0/0.0/0, nonzero 0
    new field prep_from_plan: {'true': 251}
    new field prev_seal_to_answer_us: median/p90/max 3121.0/5524.0/9308, nonzero 251
    new field prev_seal_to_entry_us: median/p90/max 0.0/0.0/0, nonzero 0
    new field prev_seal_to_header_us: median/p90/max 238.0/336.0/598, nonzero 251
    new field prev_seal_to_import_us: median/p90/max 256864.0/309317.0/340651, nonzero 229
    new field prev_seal_to_request_us: median/p90/max 964.0/1297.0/132042, nonzero 251
    new field prev_seal_to_start_us: median/p90/max 1280.0/1696.0/132358, nonzero 251
    new field pull_bulk_txs: median/p90/max 400000.0/400000.0/400000, nonzero 251
    new field pull_bulk_us: median/p90/max 8.0/12.0/20, nonzero 251
    new field root_apply_gap_us: median/p90/max 11.0/14.0/31, nonzero 251
    new field root_apply_total_us: median/p90/max 41088.0/56819.0/75492, nonzero 251
    new field root_compute_us: median/p90/max 44665.0/60639.0/83372, nonzero 251
    new field root_delta_us: median/p90/max 2139.0/4426.0/13949, nonzero 251
    new field root_index_us: median/p90/max 4893.0/10072.0/23630, nonzero 251
    new field root_leaves_us: median/p90/max 13210.0/20680.0/40114, nonzero 251
    new field root_note_us: median/p90/max 260.0/387.0/2398, nonzero 251
    new field root_ops_ahead: {'true': 251}
    new field root_ops_ahead_wait_us: median/p90/max 11071.0/24914.0/45565, nonzero 251
    new field root_ops_concat_us: median/p90/max 0.0/0.0/0, nonzero 0
    new field root_ops_encode_us: median/p90/max 12461.0/22149.0/48693, nonzero 251
    new field root_ops_finish_us: median/p90/max 4764.0/6808.0/14727, nonzero 251
    new field root_ops_sort_us: median/p90/max 9508.0/16855.0/29322, nonzero 251
    new field root_ops_us: median/p90/max 16076.0/29976.0/51492, nonzero 251
    new field root_rehash_us: median/p90/max 2097.0/2736.0/24746, nonzero 251
    new field root_retire_us: median/p90/max 1715.0/3548.0/6349, nonzero 251
    new field root_sort_us: median/p90/max 624.0/1550.0/7271, nonzero 251
    new field root_undo_us: median/p90/max 669.0/1380.0/4278, nonzero 251
    new field root_writes_us: median/p90/max 16117.0/22474.0/45292, nonzero 251
    new field seal_hashes_ahead: {'true': 251}
    new field seal_on_counters: {'true': 251}
    new field seal_to_complete_us: median/p90/max 234399.0/275561.0/326981, nonzero 251
    new field seal_to_frozen_us: median/p90/max 21653.0/50921.0/76333, nonzero 198
    new field seal_to_merge_end_us: median/p90/max 234246.0/275415.0/326827, nonzero 251
    new field seal_to_merge_start_us: median/p90/max 105161.0/136368.0/166251, nonzero 251
    new field seal_to_ops_ahead_us: median/p90/max 49122.0/81897.0/118228, nonzero 251
    new field seal_to_state_ready_us: median/p90/max 234262.0/275421.0/326847, nonzero 251
    new field sealed_unix_us: median/p90/max 1791407977584821.0/1791407989276128.0/1791407992316327, nonzero 251
    new field start_walk_check_us: median/p90/max 0.0/0.0/0, nonzero 0
    new field start_walk_ids_us: median/p90/max 0.0/0.0/0, nonzero 0
    new field start_walk_settle_us: median/p90/max 0.0/0.0/0, nonzero 0
    new field start_walk_us: median/p90/max 0.0/0.0/0, nonzero 0
    new field state_wait_us: median/p90/max 27780.0/99083.0/201442, nonzero 251
    new field view_journal_reads: median/p90/max 4096.0/36864.0/86016, nonzero 138
    new field view_journal_searches: median/p90/max 12192.0/95543.0/256335, nonzero 138
    new field view_journal_skips: median/p90/max 0.0/0.0/0, nonzero 0
    new field whole_take_noted: {'true': 251}
    binding wait (tick / quorum / seal share, mean cycle): tick 62% (107); quorum 37% (138); seal 1% (162); feed-bound (blocks under 95% of the tier): 0 of 251
    slowest key vote delay median/p90 68.8/145.7 ms
    engine own-import total_ms per block median/p90/max 76/113/144 (n=251)
    layer RSS 34.9 -> 43.8 G (max 43.8), in-memory blocks max 11
    execution layer cores busy 34.7    validators cores busy 0.7
  window 3: canonical 249 blocks, 99.6M tx = 3,320,000/s (98.0% of window 1), full 249/249 (100%); cycle mean/median/p90 120.0/106.1/160.3 ms
    leader builds 250: sealed_at median/p90/p99 113/155/224; phases median/p90 ms: gap_before_exec 23/89, state_wait 22/88, par 124/175, par_exec 36/41, roots 69/102, parent_fields 30/68, sealed 32/70
    state_wait_on {'output': 167, 'grandparent': 64, 'none': 19}; builds with state_wait > 20 ms: 138 ([('output', 81), ('grandparent', 57)]); gp_layer {1.0: 250}, ggp_missing {0.0: 173, 1.0: 77}
    queue at the builds min/median 2,108,000/2,425,000
    new field batch_cpu_sum_us: median/p90/max 1019120.5/1138866.0/1460606, nonzero 250
    new field batch_dispatch_us: median/p90/max 279.0/382.0/639, nonzero 250
    new field batch_first_start_us: median/p90/max 98.0/177.0/278, nonzero 250
    new field batch_ivcsw: median/p90/max 3.0/9.0/32, nonzero 197
    new field batch_last_end_us: median/p90/max 36906.0/41871.0/73840, nonzero 250
    new field batch_last_start_us: median/p90/max 28918.5/32863.0/53185, nonzero 250
    new field batch_live_deferred: median/p90/max 85.0/138.0/313, nonzero 250
    new field batch_live_lock_hold_us: median/p90/max 20531.5/31570.0/82605, nonzero 250
    new field batch_live_lock_wait_us: median/p90/max 0.0/0.0/0, nonzero 0
    new field batch_live_lock_waits: median/p90/max 0.0/0.0/0, nonzero 0
    new field batch_majflt: median/p90/max 0.0/0.0/7953, nonzero 15
    new field batch_minflt: median/p90/max 2990.5/27095.0/79317, nonzero 250
    new field batch_open_max_us: median/p90/max 492.0/605.0/3364, nonzero 250
    new field batch_open_sum_us: median/p90/max 12183.5/15155.0/25936, nonzero 250
    new field batch_threads: median/p90/max 32.0/32.0/32, nonzero 250
    new field batch_vcsw: median/p90/max 201.0/409.0/8150, nonzero 250
    new field batch_view_index_wait_us: median/p90/max 0.0/26660.0/78358, nonzero 65
    new field batch_view_index_waits: median/p90/max 0.0/177.0/546, nonzero 65
    new field batch_view_slot_wait_us: median/p90/max 0.0/470.0/5435, nonzero 67
    new field batch_view_slot_waits: median/p90/max 0.0/20.0/53, nonzero 67
    new field batch_wall_sum_us: median/p90/max 1033042.5/1177952.0/1905170, nonzero 250
    new field batches: median/p90/max 128.0/128.0/128, nonzero 250
    new field build_batches: median/p90/max 128.0/128.0/128, nonzero 250
    new field exec_end_to_seal_us: median/p90/max 124.0/201.0/676, nonzero 250
    new field exec_partition_us: median/p90/max 12.0/17.0/5257, nonzero 250
    new field exec_prepared_groups: {'true': 248, 'false': 2}
    new field exec_prepared_slots: {'true': 248, 'false': 2}
    new field exec_slots_us: median/p90/max 0.0/0.0/1928, nonzero 5
    new field freeze_join_wait_us: median/p90/max 15910.5/48834.0/70235, nonzero 250
    new field freeze_late: {'true': 250}
    new field freeze_pool_own: {'true': 250}
    new field live_index_defer: {'true': 250}
    new field merge_accounts: median/p90/max 367399.5/374025.0/381337, nonzero 250
    new field merge_append_us: median/p90/max 6181.0/20697.0/51102, nonzero 250
    new field merge_reverts: median/p90/max 367399.5/374025.0/381337, nonzero 250
    new field merge_reverts_us: median/p90/max 31524.5/43344.0/60383, nonzero 250
    new field merge_state_us: median/p90/max 86070.5/107048.0/130316, nonzero 250
    new field merge_tail_us: median/p90/max 0.0/0.0/1, nonzero 5
    new field merge_threads: median/p90/max 1.0/1.0/1, nonzero 250
    new field one_wave: {'false': 250}
    new field open_engine_us: median/p90/max 0.0/60602.0/120776, nonzero 77
    new field open_fallback: {'false': 173, 'true': 77}
    new field open_keep_us: median/p90/max 5.0/9.0/595, nonzero 250
    new field open_layers: median/p90/max 3.0/3.0/3, nonzero 250
    new field open_provider_us: median/p90/max 120.0/310.0/2411, nonzero 250
    new field plan_age_us: median/p90/max 101594.0/138392.0/215265, nonzero 249
    new field plan_ahead: median/p90/max 1.0/1.0/1, nonzero 249
    new field plan_body: median/p90/max 1.0/1.0/2, nonzero 249
    new field plan_body_us: median/p90/max 29308.0/35078.0/42437, nonzero 248
    new field plan_discard: {'': 249, 'not_on_its_parent': 1}
    new field plan_prep_us: median/p90/max 12200.5/21588.0/128065, nonzero 249
    new field plan_topup_txs: median/p90/max 0.0/0.0/0, nonzero 0
    new field prep_from_plan: {'true': 248, 'false': 2}
    new field prev_seal_to_answer_us: median/p90/max 2866.0/4394.0/8424, nonzero 250
    new field prev_seal_to_entry_us: median/p90/max 0.0/0.0/0, nonzero 0
    new field prev_seal_to_header_us: median/p90/max 222.5/352.0/798, nonzero 250
    new field prev_seal_to_import_us: median/p90/max 256386.0/315771.0/417063, nonzero 240
    new field prev_seal_to_request_us: median/p90/max 971.0/1321.0/177350, nonzero 250
    new field prev_seal_to_start_us: median/p90/max 1319.0/1894.0/177600, nonzero 250
    new field pull_bulk_txs: median/p90/max 400000.0/400000.0/400000, nonzero 250
    new field pull_bulk_us: median/p90/max 8.0/13.0/1937, nonzero 250
    new field root_apply_gap_us: median/p90/max 12.0/15.0/22, nonzero 250
    new field root_apply_total_us: median/p90/max 42122.5/60397.0/95265, nonzero 250
    new field root_compute_us: median/p90/max 45927.0/68458.0/157394, nonzero 250
    new field root_delta_us: median/p90/max 2285.5/6217.0/23533, nonzero 250
    new field root_index_us: median/p90/max 4872.5/10102.0/36020, nonzero 250
    new field root_leaves_us: median/p90/max 13036.0/21454.0/61960, nonzero 250
    new field root_note_us: median/p90/max 258.5/411.0/1480, nonzero 250
    new field root_ops_ahead: {'true': 250}
    new field root_ops_ahead_wait_us: median/p90/max 11110.5/23160.0/128806, nonzero 250
    new field root_ops_concat_us: median/p90/max 0.0/0.0/0, nonzero 0
    new field root_ops_encode_us: median/p90/max 13354.0/21414.0/129445, nonzero 250
    new field root_ops_finish_us: median/p90/max 4880.5/7975.0/11373, nonzero 250
    new field root_ops_sort_us: median/p90/max 8164.5/16993.0/36609, nonzero 250
    new field root_ops_us: median/p90/max 16375.5/28618.0/137501, nonzero 250
    new field root_rehash_us: median/p90/max 2693.5/3564.0/33513, nonzero 250
    new field root_retire_us: median/p90/max 1786.5/3355.0/8111, nonzero 250
    new field root_sort_us: median/p90/max 698.0/1368.0/6478, nonzero 250
    new field root_undo_us: median/p90/max 721.5/1525.0/3870, nonzero 250
    new field root_writes_us: median/p90/max 16531.5/24246.0/51667, nonzero 250
    new field seal_hashes_ahead: {'true': 250}
    new field seal_on_counters: {'true': 250}
    new field seal_to_complete_us: median/p90/max 238530.5/290745.0/366076, nonzero 250
    new field seal_to_frozen_us: median/p90/max 15902.5/48822.0/70205, nonzero 177
    new field seal_to_merge_end_us: median/p90/max 238436.5/290656.0/365981, nonzero 250
    new field seal_to_merge_start_us: median/p90/max 106267.0/148802.0/242563, nonzero 250
    new field seal_to_ops_ahead_us: median/p90/max 44397.0/76316.0/148092, nonzero 250
    new field seal_to_state_ready_us: median/p90/max 238443.0/290663.0/365990, nonzero 250
    new field sealed_unix_us: median/p90/max 1791408007070426.5/1791408019469287.0/1791408022474430, nonzero 250
    new field start_walk_check_us: median/p90/max 0.0/0.0/147, nonzero 1
    new field start_walk_ids_us: median/p90/max 0.0/0.0/499, nonzero 1
    new field start_walk_settle_us: median/p90/max 0.0/0.0/0, nonzero 0
    new field start_walk_us: median/p90/max 0.0/0.0/8297, nonzero 1
    new field state_wait_us: median/p90/max 23086.0/88733.0/185334, nonzero 250
    new field view_journal_reads: median/p90/max 4096.0/32768.0/61440, nonzero 140
    new field view_journal_searches: median/p90/max 11590.0/82706.0/148243, nonzero 140
    new field view_journal_skips: median/p90/max 0.0/0.0/0, nonzero 0
    new field whole_take_noted: {'true': 250}
    binding wait (tick / quorum / seal share, mean cycle): tick 61% (108); quorum 37% (139); seal 2% (145); feed-bound (blocks under 95% of the tier): 0 of 249
    slowest key vote delay median/p90 73.3/148.6 ms
    engine own-import total_ms per block median/p90/max 80/118/162 (n=249)
    layer RSS 43.0 -> 36.5 G (max 47.6), in-memory blocks max 10
    execution layer cores busy 34.6    validators cores busy 0.7
  round total (3 windows, canonical): 301.6M tx
  layer peak RSS 47.6 G; in-memory blocks max 11
  fields at seal: mode "early", verified 0, unchecked 0, mismatches 0 (last build line, cumulative)
  own_executed_again (built here and also directly imported): 0 of 782 built blocks
== loop345BEST
  layer-0 leader window-1 builds 255: txs mean 400000, share >= 95% of the tier 100% (max 400000); sealed_at_ms 112.0/149.0; par_ms 131.0/193.0; par_exec_ms 35.0/42.0; roots_ms 62.0/85.0; parent_fields_ms 20.0/47.0; sealed_ms 22.0/50.0
  proposal cycle window 1 (n=263): mean 118.1 median 106.0 p90 154.2 ms; blocks in the 30 s: 263
  binding wait (tick / quorum / seal, share and mean cycle): tick 61.0% (106.5); quorum 35.4% (136.0); seal 3.5% (146.8)
  vote delay after the proposal, slowest key per block: median 64.8 p90 138.2 ms (slowest minus the median key: median 0.2); last key: {1: 57, 2: 54, 3: 39, 4: 41, 5: 29, 6: 34} of 254 blocks
  CPU in window 1 (cores busy): execution layers 34.0 over 1 process(es); validators 0.7 over 7 process(es)
  execution layer peak RSS 47.6 G; in-memory blocks max 11 (node0 and others, all layers)
  blocks built here 782; none also directly imported
  import-once counters at the last direct import: ; start-up lines with import_once=true: 1; queue-lock lines 0
  layer-0 queue (queued after canonical prune), median per 10 s: t+0:2339500 t+20:2321250 t+40:2328500 t+60:2319500 t+80:2380500
  flood: median per 5 s 3360390/s, final -
  timeout / given-up lines: 1; 21:18:24 v0 INFO process_event{view=1 kind="message"}: n42::cl::timeout: TC formed
loop345BEST page_faults_per_s_median: node0=222623 
feedcheck loop345BEST: ok (block 400,000 tx)
== loop345BEST: feed check (acq_us / gate_us / reply_us are per frame of 500; rate per 5 s `ingest` line)
  window 1: ingest lines 6; acq_us 462 (max 1095); gate_us 5293; reply_us 5854; slots_busy 14%; delivered median 3,380,826/s max 3,458,585/s; queue at builds median 2,416,250 min 2,037,500; full 100% of 254 blocks
  window 2: ingest lines 6; acq_us 464 (max 469); gate_us 5276; reply_us 5844; slots_busy 14%; delivered median 3,439,036/s max 3,510,310/s; queue at builds median 2,408,500 min 2,108,500; full 100% of 251 blocks
  window 3: ingest lines 6; acq_us 465 (max 469); gate_us 5380; reply_us 5938; slots_busy 14%; delivered median 3,365,184/s max 3,458,649/s; queue at builds median 2,425,000 min 2,108,000; full 100% of 249 blocks
  flood.log (+15..+100 s): rate per 5 s median 3,359,390/s max 3,503,009/s; reply latency median 56.9 ms max 62.0 ms
== loop345BEST: lanes lock, drain and pruner (new fields)
  window 1: lock duty 57.5% (max 59.0); holds/5s 2,116; longest hold 44.84 ms median, 54.73 ms max by crates/n42/tx-queue/src/lib.rs:2046 (most frequent holders [('crates/n42/tx-queue/src/lib.rs:2046', 6)]); lock wait 1866.6 ms/5s, longest 54.77 ms; drains/5s 1,416 of 11982 tx, mean 1124 us, max 34.70 ms
           prune (233 blocks): prune_ms 55/87; fold 1.0 ms, lock 0.0 ms, remove(hold) 15.7 ms, free 0.0 ms; frames_swept 800; coalesced on 233 of 233; prune_wait_ms 0/0; pruner busy 45% of a thread, lock held by it 1.0%
  window 2: lock duty 63.0% (max 65.0); holds/5s 1,910; longest hold 47.22 ms median, 48.79 ms max by crates/n42/tx-queue/src/lib.rs:2046 (most frequent holders [('crates/n42/tx-queue/src/lib.rs:2046', 5), ('crates/n42/tx-queue/src/lib.rs:2576', 1)]); lock wait 2416.3 ms/5s, longest 48.83 ms; drains/5s 1,233 of 13949 tx, mean 1437 us, max 40.34 ms
           prune (239 blocks): prune_ms 61/89; fold 1.0 ms, lock 0.0 ms, remove(hold) 18.2 ms, free 0.0 ms; frames_swept 800; coalesced on 239 of 239; prune_wait_ms 0/0; pruner busy 49% of a thread, lock held by it 1.1%
  window 3: lock duty 64.0% (max 69.0); holds/5s 1,820; longest hold 47.54 ms median, 128.06 ms max by crates/n42/tx-queue/src/lib.rs:2692 (most frequent holders [('crates/n42/tx-queue/src/lib.rs:2046', 5), ('crates/n42/tx-queue/src/lib.rs:2692', 1)]); lock wait 2672.2 ms/5s, longest 121.95 ms; drains/5s 1,138 of 14757 tx, mean 1466 us, max 38.66 ms
           prune (245 blocks): prune_ms 64/95; fold 1.1 ms, lock 0.0 ms, remove(hold) 17.9 ms, free 0.0 ms; frames_swept 800; coalesced on 245 of 245; prune_wait_ms 0/0; pruner busy 53% of a thread, lock held by it 0.9%
== loop345BEST: pruner (per block; busy = sum prune_ms / 30 s, lock = sum (remove_us + settle_us) / 30 s)
  window 1: 233 prunes; prune_ms 55/87; remove_us 15.7/31.0 ms; forget_us 5.5/9.3 ms; settle_us 5.3 ms; pruner busy 45% of a worker; lanes lock held for removal 20%
  window 2: 239 prunes; prune_ms 61/89; remove_us 18.2/32.2 ms; forget_us 5.7/9.6 ms; settle_us 5.7 ms; pruner busy 49% of a worker; lanes lock held for removal 22%
  window 3: 245 prunes; prune_ms 64/95; remove_us 17.9/36.1 ms; forget_us 5.8/9.7 ms; settle_us 6.0 ms; pruner busy 53% of a worker; lanes lock held for removal 23%
== loop345BEST: seal start / pull, prepared plan, answer, chunked drain
  window 1: 254 builds; start_best_ms 0/19; start_walk_us 0/0; start_pull_ms 0/0; par_pull_ms 0/0; par_start_ms 0/19; par_ms 131/193; sealed_at_ms 112/149; pull_bulk_us 8/12; pull_bulk_txs 400000/400000; plan_age_us 101616/141849; plan_prep_us 11785/18064; plan_topup_txs 0/0
           plan_ahead {'1': 254}; plan_discard {'': 254}
           answer: built-ahead bytes median/max 29,642/29,645, layout_only {'true': 255}; proposal sent bytes median/max 29,642/29,645, layout_only {'true': 254}
           drain: chunks/5s 1,348, chunk max 8,192 tx, finished by others/5s 28; plan_discards (last ingest line) -
  window 2: 251 builds; start_best_ms 2/26; start_walk_us 0/0; start_pull_ms 0/0; par_pull_ms 0/0; par_start_ms 2/26; par_ms 122/181; sealed_at_ms 112/149; pull_bulk_us 8/12; pull_bulk_txs 400000/400000; plan_age_us 98305/141639; plan_prep_us 12310/18233; plan_topup_txs 0/0
           plan_ahead {'1': 251}; plan_discard {'': 251}
           answer: built-ahead bytes median/max 29,647/29,647, layout_only {'true': 251}; proposal sent bytes median/max 29,647/29,647, layout_only {'true': 252}
           drain: chunks/5s 1,164, chunk max 8,192 tx, finished by others/5s 33; plan_discards (last ingest line) -
  window 3: 250 builds; start_best_ms 1/23; start_walk_us 0/0; start_pull_ms 0/0; par_pull_ms 0/0; par_start_ms 1/23; par_ms 124/175; sealed_at_ms 113/155; pull_bulk_us 8/13; pull_bulk_txs 400000/400000; plan_age_us 101594/138392; plan_prep_us 12200/21588; plan_topup_txs 0/0
           plan_ahead {'1': 249, '0': 1}; plan_discard {'': 249, 'not_on_its_parent': 1}
           answer: built-ahead bytes median/max 29,647/29,647, layout_only {'true': 250}; proposal sent bytes median/max 29,647/29,647, layout_only {'true': 248}
           drain: chunks/5s 1,070, chunk max 8,192 tx, finished by others/5s 38; plan_discards (last ingest line) -
== loop345BEST: persistence per window (ms per block = part sum / blocks persisted)
  window 1: persisted 252 of 254 produced (99%); total 69.9, sf_tx 63.9, sf_rcpt 12.7, sf_acct 27.3, sf_send 21.9, scope 64.0, qmdb 28.9, post 0.0, pre 6.0, plain_rev 6.0, commit_sf 1.3, commit_mdbx 0.1, commit_rocks 0.1; longest task sf_tx 63.9; in-memory 6 -> 9 (max 11); RSS 17.2 -> 36.2 G; lag 7 -> 9 = +4.0 blocks/min; bp max 0
  window 2: persisted 252 of 251 produced (100%); total 73.7, sf_tx 67.3, sf_rcpt 12.9, sf_acct 28.3, sf_send 21.8, scope 67.4, qmdb 29.6, post 0.0, pre 6.3, plain_rev 6.2, commit_sf 1.3, commit_mdbx 0.1, commit_rocks 0.1; longest task sf_tx 67.3; in-memory 9 -> 9 (max 11); RSS 36.2 -> 43.8 G; lag 9 -> 8 = -2.0 blocks/min; bp max 0
  window 3: persisted 247 of 249 produced (99%); total 77.0, sf_tx 70.0, sf_rcpt 13.5, sf_acct 28.0, sf_send 20.0, scope 70.8, qmdb 36.3, post 0.0, pre 6.2, plain_rev 6.2, commit_sf 1.5, commit_mdbx 0.2, commit_rocks 0.1; longest task sf_tx 70.0; in-memory 9 -> 9 (max 10); RSS 43.8 -> 36.5 G; lag 8 -> 9 = +2.0 blocks/min; bp max 0
  leg end: in-memory 11, max over the sampler 11, backpressure stalls 0
== loop345BEST: execution and root fields (median / p90 per block)
    folded lines 254: pending_max max 89 (median 82); pending_us_max max 47,257; drops_max max 231899
    flags: seal_on_counters true:254; freeze_pool_own true:254; plan_body 1:254; prep_from_plan true:254; whole_take_noted true:254; seal_hashes_ahead true:254; plan_ahead 1:254; seal per 1,000 transfers 0.281 ms
  window 1 (254 builds): on-CPU share 1.00/1.00; CPU per transfer 2.43/2.87 us; sealed_at_ms 112/149; exec_end_to_seal_us 123/176; par_exec_ms 35/42; commit_refs_ms 0/0; par_commit_ms 0/0; par_fold_ms 25/53; index_ms 47/59; par_start_ms 0/19; par_prep_ms 0/0; gap_before_exec_ms 39/101; plan_body_us 28,227/35,966; build_batches 128/128; parent_fields_ms 20/47; seal_to_fields_us 103,242/132,040; roots_ms 62/85; exec_partition_us 12/16; exec_slots_us 0/0; tx_root_ms 2/3; sealed_ms 22/50; seal_to_complete_us 229,336/261,794; shard_fold_ms 47/59; batch_max_ms 13/18; state_wait_us 39,288/100,489
    folded lines 253: pending_max max 90 (median 82); pending_us_max max 44,499; drops_max max 94362
    flags: seal_on_counters true:251; freeze_pool_own true:251; plan_body 1:251; prep_from_plan true:251; whole_take_noted true:251; seal_hashes_ahead true:251; plan_ahead 1:251; seal per 1,000 transfers 0.280 ms
  window 2 (251 builds): on-CPU share 1.00/1.00; CPU per transfer 2.60/2.91 us; sealed_at_ms 112/149; exec_end_to_seal_us 132/185; par_exec_ms 37/42; commit_refs_ms 0/0; par_commit_ms 0/0; par_fold_ms 21/51; index_ms 47/60; par_start_ms 2/26; par_prep_ms 0/0; gap_before_exec_ms 28/99; plan_body_us 31,473/39,121; build_batches 128/128; parent_fields_ms 25/52; seal_to_fields_us 105,040/136,194; roots_ms 66/91; exec_partition_us 12/16; exec_slots_us 0/0; tx_root_ms 2/3; sealed_ms 28/55; seal_to_complete_us 234,399/275,561; shard_fold_ms 47/60; batch_max_ms 13/16; state_wait_us 27,780/99,083
    folded lines 249: pending_max max 102 (median 82); pending_us_max max 52,015; drops_max max 99937
    flags: seal_on_counters true:250; freeze_pool_own true:250; plan_body 0:1/1:248/2:1; prep_from_plan false:2/true:248; whole_take_noted true:250; seal_hashes_ahead true:250; plan_ahead 0:1/1:249; seal per 1,000 transfers 0.282 ms
  window 3 (250 builds): on-CPU share 1.00/1.00; CPU per transfer 2.55/2.85 us; sealed_at_ms 113/155; exec_end_to_seal_us 124/201; par_exec_ms 36/41; commit_refs_ms 0/0; par_commit_ms 0/0; par_fold_ms 16/48; index_ms 48/57; par_start_ms 1/23; par_prep_ms 0/0; gap_before_exec_ms 23/89; plan_body_us 29,308/35,078; build_batches 128/128; parent_fields_ms 30/68; seal_to_fields_us 106,144/148,181; roots_ms 69/102; exec_partition_us 12/17; exec_slots_us 0/0; tx_root_ms 2/3; sealed_ms 32/70; seal_to_complete_us 238,530/290,745; shard_fold_ms 48/57; batch_max_ms 13/18; state_wait_us 23,086/88,733
flood span 95 s; tokio-rt threads alive throughout 33 of 69; group 10.0 cores busy over them (all threads incl. short-lived 13.3)
  per-thread cores busy, top 12: 0.64 0.63 0.61 0.61 0.59 0.58 0.58 0.58 0.58 0.58 0.57 0.57; threads over 0.9 core: 0, over 0.7: 0
== loop345BEST: 755 full builds in the 3 windows
  par_exec_ms 36/42; par_run_ms 68/130; batch_start_skew_ms 28/32; batch_median_ms 7/8; batch_max_ms 13/18; batch_first_start_us 98/172; batch_last_start_us 28591/32671; batch_dispatch_us 273/372; batch_last_end_us 36570/42195; batches 128/128; batch_threads 32/32; batch_txs_max 3500/3500; batch_txs_min 3000/3000; start_walk_ms 0/0; start_walk_check_ms 0/0; par_start_ms 0/23; sealed_at_ms 113/150; prev_seal_to_answer_us 2999/4882; prev_seal_to_entry_us 0/0; prev_seal_to_header_us 231/364; prev_seal_to_import_us 254666/311434; prev_seal_to_request_us 966/1305; prev_seal_to_start_us 1293/1763; start_walk_check_us 0/0; start_walk_ids_us 0/0; start_walk_settle_us 0/0; start_walk_us 0/0
  one_wave {'false': 755}
  batches == batch_threads on 0 of 755 builds
  last - first batch start (ms) median/p90 28.48/32.57; under 2 ms on 0 of 755 builds
bodygate loop345BEST: invalid_blocks=0 gas_mismatch=0 fields_mismatches=0 own_not_committed=0 proposals_given_up=0
leg loop345BESTb: /data free 597G (needs 120 G)
leg loop345BESTb start 17:22:50 load 3.04
round loop345BESTb exit 0 at 17:25:51
loop345BESTb save stages (node0, seconds summed over the leg / count): batch_size=1064.0/352  batch_size=1064.0/352  reth_consensus_engine_beacon_persistence_duration=65.3/352  duration_seconds=61.5/352  total=56.9/352  scope=51.9/352  sf=51.5/352  sf_transactions=51.3/352  qmdb_persisted=25.2/352  sf_account_changesets=21.9/352
el binary: /data/n42-build/target-n42-rs/native/release/n42 env: N42_IMPORT_ONCE=1 N42_SETTLEMENT_TAGS=legacy N42_BUILD_THROTTLE_SOFT=48 F7_EL_MAP=0,0,0,0,0,0,0 N42_FIELDS_AT_SEAL=1 N42_FREEZE_AFTER_SEAL=1 N42_FRAME_BLOCKS=1 N42_TX_INGEST_RECOVER_PARALLEL=24 N42_FREEZE_POOL=own N42_PARALLEL_BUILD_THREADS=32 N42_PLAN_AHEAD=1 N42_HASHED_TABLES=off F7_FLOOD_RATE=6000000 N42_COMPACT_BODY=1 N42_BUILD_BATCHES=128 MALLOC_CONF=thp:always,oversize_threshold:0,dirty_decay_ms:2000,background_thread:true N42_SEAL_ON_COUNTERS=1 N42_ACCOUNT_HISTORY=off N42_TAKE_COMPACT=1 N42_SF_EARLY_WRITEBACK=1 N42_ROAD_RUNTIME=1 N42_TX_INGEST_HIGH_WATER=2500000 F7_BENCH_POOL_SLOTS=3000000 N42_PLAN_AHEAD_BODY=1 N42_SEAL_AT_EXEC=1 N42_TX_QUEUE_DRAIN_CHUNK=8192 N42_ANSWER_LAYOUT_ONLY=1 N42_PULL_BY_FRAMES=1 N42_SF_PARALLEL_ENCODE=1 N42_BUILD_THROTTLE_HARD=80 N42_LIVE_INDEX_DEFER=1 RAYON_NUM_THREADS=16 N42_ROOT_OPS_AHEAD=1 TOKIO_WORKER_THREADS=16 N42_QMDB_READS=on N42_LEADER_LAYERS=3 N42_PERSIST_QMDB_IN_SCOPE=1 F7_BLOCK_INTERVAL_MS=104 F7_MEASURE_FROM_LOG=1
validator env: N42_IMPORT_ONCE=1 N42_SETTLEMENT_TAGS=legacy N42_BUILD_THROTTLE_SOFT=48 F7_EL_MAP=0,0,0,0,0,0,0 N42_FIELDS_AT_SEAL=1 N42_FREEZE_AFTER_SEAL=1 N42_FRAME_BLOCKS=1 N42_TX_INGEST_RECOVER_PARALLEL=24 N42_FREEZE_POOL=own N42_PARALLEL_BUILD_THREADS=32 N42_PLAN_AHEAD=1 N42_HASHED_TABLES=off F7_FLOOD_RATE=6000000 N42_COMPACT_BODY=1 N42_BUILD_BATCHES=128 N42_SEAL_ON_COUNTERS=1 N42_ACCOUNT_HISTORY=off N42_TAKE_COMPACT=1 N42_SF_EARLY_WRITEBACK=1 N42_ROAD_RUNTIME=1 N42_TX_INGEST_HIGH_WATER=2500000 F7_BENCH_POOL_SLOTS=3000000 N42_PLAN_AHEAD_BODY=1 N42_SEAL_AT_EXEC=1 N42_TX_QUEUE_DRAIN_CHUNK=8192 N42_ANSWER_LAYOUT_ONLY=1 N42_PULL_BY_FRAMES=1 N42_SF_PARALLEL_ENCODE=1 N42_BUILD_THROTTLE_HARD=80 N42_LIVE_INDEX_DEFER=1 RAYON_NUM_THREADS=16 N42_ROOT_OPS_AHEAD=1 TOKIO_WORKER_THREADS=16 N42_QMDB_READS=on N42_LEADER_LAYERS=3 N42_PERSIST_QMDB_IN_SCOPE=1 F7_MEASURE_FROM_LOG=1
loop345BESTb once: start-up lines import_once=true 1; last direct-import counters 
loop345BESTb imports: layers=1 direct_imports=0 canonical_blocks=2271 import_once_lines=1 (per layer: direct imports should equal canonical blocks for one execution per block)
grep: /data/blockchain/rust-fleet7-bench/node1/el.log: No such file or directory
grep: /data/blockchain/rust-fleet7-bench/node2/el.log: No such file or directory
grep: /data/blockchain/rust-fleet7-bench/node3/el.log: No such file or directory
grep: /data/blockchain/rust-fleet7-bench/node1/el.log: No such file or directory
grep: /data/blockchain/rust-fleet7-bench/node2/el.log: No such file or directory
grep: /data/blockchain/rust-fleet7-bench/node3/el.log: No such file or directory
cat: /data/blockchain/rust-fleet7-bench/node2/el.log: No such file or directory
cat: /data/blockchain/rust-fleet7-bench/node2/el.log: No such file or directory
cat: /data/blockchain/rust-fleet7-bench/node2/el.log: No such file or directory
cat: /data/blockchain/rust-fleet7-bench/node1/el.log: No such file or directory
cat: /data/blockchain/rust-fleet7-bench/node2/el.log: No such file or directory
cat: /data/blockchain/rust-fleet7-bench/node3/el.log: No such file or directory
Traceback (most recent call last):
  File [35m"<stdin>"[0m, line [35m4[0m, in [35m<module>[0m
[1;35mIndexError[0m: [35mlist index out of range[0m
loop345BESTb no_variant=0 own_not_committed=0 tc=1 invalid_blocks=0 incomplete=0 gas_mismatch=0 direct_imports_failed=0 stuck_at_hashed_state=0 engine_idles_over_5s=1 proposals_given_up=0 tables_off_nodes=1 unanswered_reads=0 seal_first_total=784 seal_first_direct=784 direct_guard_errors=0 commit_ms_median=0 fold_ms_median=20 sealed_at_ms_median=112 state_ready_ms_median=203 build_total_ms_median=363 recover_us_median=0 par_exec_ms_median=36 par_exec_ms_median=36 giveback_filtered=0 giveback_offered_max=400000 seal_first=784 reader_lag_max=9 reader_lag_warns=0 view_invalidated=0 el_sum_peak_g=44.5 el_max_peak_g=44.5 val_sum_peak_g=1.9 flood_peak_g=0.6 two_roads_blocks=0 two_roads_overlap_ms_median=- exec_on_output_declined=0 r1_collect_ms_median=5 proposal_at_ms_median=93 view_total_ms_median=105 import_exec_ms_median=- import_total_ms_median=- import_senders_ms_median=- import_convert_ms_median=- import_groups_median=- imports_over_600ms=0 min_avail_g=65.0 road_foreign_body_recv_ms=- road_foreign_body_decode_ms=- road_foreign_body_senders_ms=- road_foreign_body_parent_wait_ms=- road_foreign_body_check_ms=- road_foreign_body_total_ms=- road_new_payload_recv_ms=- road_new_payload_decode_ms=- road_new_payload_senders_ms=- road_new_payload_parent_wait_ms=- road_new_payload_check_ms=- road_new_payload_total_ms=- road_foreign_body_blocks=0 road_new_payload_blocks=0 fcu_answered=1039 fcu_in_flight_ms_median=0 fcu_queued_ms_median=0 fcu_queued_ms_max=177 fcu_refused=0 fcu_slow=1182 bodies_held=0 road_reuse_ms=- road_prepare_ms=- road_dispatch_ms=- road_convert_ms=- road_remember_ms=- road_header_ms=- road_fields_ms=- road_other_ms=- import_engine_ms_median=- gate_forced=0 gate_warns=0 flood_timeouts=0 canonical_min=2286 canonical_max=2286 chained_builds=1509 chain_lead_ms_median=101 chain_wait_ms_median=0 chain_started=1512 chain_discarded=1 chain_discard_reasons=_1_reason="the_request_names_another_parent chain_alias_warns=0 el_chained=1519 bodies_held_warns=0 el_build_refused=1 el_build_refused_reasons=_1_no_QMDB_tree_for_parent_block_0x queued_p5=2113500 queued_p50=2337500 road_compact_blocks=0 road_compact_recv_ms=- road_compact_assemble_ms=- road_compact_root_ms=- road_compact_miss_wait_ms=- road_compact_senders_ms=- road_compact_check_ms=- road_compact_other_ms=- road_compact_total_ms=- road_compact_misses_total= compact_refused_el=0 compact_fallbacks=0 compact_bytes_median=- pool_order9=14980 par_pull_ms_median=- build_total_ms_median2=- road_compact_filled_blocks=0 road_compact_filled_median=- road_compact_fill_ms_median=- need_txns=0 fill_failed=0 ingest_rate_gate_open_median=- ingest_gate_open_intervals=0 ingest_slots_busy_median=- flood_rate= fill_asked_proposer=0 fill_asked_other=0 loop_lines=1785 loop_unnamed_ms_median=91 loop_body_served_ms_median=- loop_txns_served_ms_median=- import_exec_ms_median2=- pip_partition_ms=- pip_env_ms=- pip_batch_ms=- pip_groups_ms=- pip_gas_ms=- pip_merge_ms=- pip_receipts_ms=- pip_drop_ms=- pip_other_ms=- pip_total_ms=- senders_indexed_median=- road_senders_ms_median=- road_total_ms_median=- pew_ms_median=- pew_ms_p90= gate_ms_median=- gate_ms_p90= root_ms_p50=- root_ms_p90= two_roads=0 not_on_output=0 not_on_output_why= ckpt_ms_first_q=4 ckpt_ms_last_q=62 ckpt_bytes_last=35639332 parent_still_importing=0 root_wait_ms_p50=- root_wait_ms_p90= tenures_low_seal=13 seal_first_share=0.99 empty_over_deep=0 near_empty_warns=0 no_seal_why= par_skipped_median=- usable_p5=2113500 ckpt_replay_ms_last_q=22 candidates_zero=0 dropped_ingest=0 let_go_warns=0 let_go_reasons= parked_p50=0 parked_max=0 held_warns=0 park_capped_total=0 superseded_builds=0 empty_not_superseded=0 mass_park_warns=0 heads_lines=0 holes_lines=0 stale_parent_refusals=0 par_groups_p5=0 cancelled_decided=1 heads_nonce0=0 stale_unconfirmed= handovers=0 el_panics=0 decided_cancelled=1 min_window_blocks=242 road_desc_blocks=0 road_desc_total_ms=- road_desc_copy_ms=- desc_misses=0 fill_failed2=0 sf_par_collect_ms=- sf_par_commit_ms=- sf_par_fold_ms=- sf_par_graft_ms=- sf_par_prefault_ms=- sf_par_exec_ms=- sf_sealed_at_ms=- sf_roots_ms=- sf_state_ready_ms=- sf_total_ms=- ba_find_ms=- ba_queue_ms=- ba_total_ms=- ba_on_output=0 queue_fold_us=- queue_lock_us=- sf_par_exec_ms=- sf_par_fold_ms=- pip_groups_ms=- import_exec_ms_median2=- reads_d0=0 reads_hist=0 f_reads_d0=- f_reads_hist=- f_overlay_depth=- L_read_set_ms=0 read_set_accounts=0 read_set_unresolved=0 read_set_hits=0 read_set_misses=0 start_best_ms=- par_prep_ms=- gap_before_exec_ms=- gap_after_exec_ms=- gap_before_seal_ms=- index_ms=- road_copy_aside_ms=- road_copy_wait_ms=- road_total_ms=- queue_first_miss=queue_first_miss=0:1481,queue_first_miss=18446744073709551615:790 root_append_behind=0 populate_lag_mb=0 swap_used_g=0 root_faults=- root_faults_p90= root_faults_entries=0 root_faults_offsets=0 root_faults_index=0 root_faults_bits=11 root_faults_twigs=0 root_faults_undo=0 root_faults_tmp=0 root_append_faults=11 root_twig_pool_misses=0 batch_max_ms=13 batch_min_ms=4 batch_median_ms=7 batch_cpu_max_ms=13 batch_txs_max=3500 batch_txs_min=3000 batch_start_skew_ms=28 batch_wait_ms=0 loop_fetch_ns=0 loop_check_ns=0 loop_transfer_ns=0 loop_receipt_ns=0 loop_gas_ns=0 loop_sink_ns=0 loop_other_ns=0 batch_setup_ns=0 batch_close_ns=0 imp_exec_part_ms=- imp_exec_batches_ms=- imp_exec_graft_ms=- imp_exec_batches=- imp_exec_threads=- imp_exec_batch_max_ms=- imp_exec_batch_median_ms=- imp_parent_output_wait_ms=- road_parent_output_wait_ms=- next_start_gap_ms=1 next_entry_gap_ms=0 commit_body_ahead_used=- imp_exec_keys_ms=- imp_keys_ahead=- imp_exec_sink_ms=- imp_exec_pre_ms=- imp_exec_post_ms=- imp_exec_receipts_ms=- imp_exec_drop_ms=- root_gap_ms=- queue_whole=queue_whole=false:1482,queue_whole=true:789 tick_tick_late_us=693 tick_preamble_us=343 tick_take_sealed_us=1 tick_sign_us=0 tick_cache_us=0 tick_presealed=- tick_describe_us=10 tick_publish_us=604 tick_tick_to_send_us=1704 road_check_ms=- road_check_include_us=- road_check_scan_us=- road_check_fold_us=- road_check_senders_us=- road_check_frames_summarized=- road_check_frames_scanned=- imp_exec_start_gap_us=- imp_gap_road_us=- imp_gap_header_us=- imp_gap_senders_us=- imp_gap_parent_us=- imp_gap_setup_us=- imp_gap_keys_wait_us=- sealed_at_p90= sealed_over_130=0 roots_ms=- cycle_p90= batch_max_ms=- batch_median_ms=- imp_batch_max=- forest_lock_warns=1437 root_seal_ms=2 root_seals=41 root_majflt=10786 roots_p90= gp_layer=791 ggp_missing=276 state_wait_split=0/0/0/0:76,17/0/0/0:23,15/0/0/0:23 qmdb_releases=0 state_wait_on= imp_road_end_ms=- imp_exec_start_ms=- imp_exec_end_ms=- imp_root_end_ms=- imp_fields_ready_ms=- imp_parent_fields_wait_ms=- imp_exec_ms=- imp_root_ms=- imp_checks_ms=- imp_engine_ms=- imp_total_ms=- road_parent_fields_wait_ms=- exec_read_ms=- L_exec_evm_ms=- L_exec_write_ms=- L_exec_other_ms=- L_reads_cache=- L_reads_provider=- L_reads_view=- L_graft_base_ms=- L_graft_reserve_ms=- L_graft_insert_ms=- L_graft_reverts_ms=- L_graft_other_ms=- L_par_exec_ms=- L_par_graft_ms=- F_exec_read_ms=- F_exec_evm_ms=- F_exec_write_ms=- F_exec_other_ms=- F_reads_cache=- F_reads_provider=- F_reads_view=- F_groups_ms=- L_tx_root_wait_ms=- L_par_exec_ms=- L_par_graft_ms=- L_par_fold_ms=- L_sealed_ms=- L_state_ready_ms=- L_roots_ms=- L_finish_ms=- L_total_ms=- L_setup_ms=- L_par_pull_ms=- L_give_back_ms=- L_state_wait_ms=- L_state_after_pull=784 L_seal_at_exec=784 L_tx_root_ahead=0 flood_w1=3351912 txs_p10=400000 acq_us=464 slots_busy=15 ingest_rate=3361096 L_scope_join_ms=- L_par_release_ms=- L_commit_body_ms=- L_par_commit_ms=- L_give_back_ms=- L_sealed_ms=- L_par_exec_ms=- L_state_wait_ms=- L_par_pull_ms=- L_par_prep_ms=- L_par_start_ms=- L_pre_exec_ms=- L_par_run_ms=- L_sealed_at_ms=- F_partition_ms=- F_env_ms=- F_groups_ms=- F_merge_ms=- F_reverts_wait_ms=- F_ahead_wait_ms=- F_total_ms=- I_engine_ms=- I_root_ms=- I_total_ms=- H_engine_remember_ms=- H_engine_listing_ms=- H_engine_new_payload_ms=- busy_us=1 L_par_start_ms=- L_start_handoff_ms=- L_start_best_ms=- L_start_puller_ms=- L_par_pull_ms=- L_par_prep_ms=- L_state_wait_ms=- L_par_exec_ms=- L_par_commit_ms=- L_sealed_ms=- L_sealed_at_ms=- L_par_graft_ms=- L_graft_insert_ms=- L_graft_reverts_ms=- L_graft_split_us=- L_graft_build_us=- L_graft_merge_us=- L_state_ready_ms=- Q_queue_ms=0 R_dispatch_wait_ms=- R_total_ms=- R_road_runtime=1 gate_holds=0 peer_fetch=0 pool_limit=limit=8 gate_opened=gate_opened_for_block=0 I_root_ms=- flood_rate_hdr=rate=6000000/s fills=0 fill_waited=- slots_busy=15 acq_us=464 busy_us=1 converged=0 fallbacks=0 busy_us=1 recover_us=0 tf_on_output=2 tf_fallback=0 still_importing=0 busy_us=1 slots_busy=15 batches=altsig_txs=0 altsig_batches=0 tf_on_output=2 tf_fallback=0 gate_holds=0 sign_s=sign 0s replay_note=replay       : 64 files from /data/n42-pregen/g900000-400m, 400000000 transactio sign_s=sign 0s shard=shard_verified=0 shard_claimed=0 road_verified=- slots_busy=15 gate_us=5272 reply_us=5849 queued=2337500 assemble_ms=- road_take_ms=- road_body_ms=- road_encode_ms=- shards=16 shard_insert_ms=0 shard_wait_ms=0 shard_fold_ms=46 shard_append_ms=33 shard_merge_ms=127 state_ready_ms=203 roots_ms=66 exec_read_ms=0 exec_evm_ms=0 exec_write_ms=0 exec_other_ms=0 reads_cache=0 reads_provider=0 reads_view=0 par_run_ms=71 fold_task_cpu_max_us=44558 fold_task_minflt_max=41 fold_task_minflt_sum=45 fold_task_migrated=0 fold_task_nivcsw_max=0 fold_index=1 fold_index_build_ms=44 fold_index_conflicts=29365 fold_queue_us=69 fold_skew_us=35 fold_task_max_us=44555 fold_tail_us=34 start_best_ms=1 start_select_ms=0 start_walk_ms=0 start_walk_check_ms=0 start_best_other_ms=0 start_frames_by_ref=0 start_frames_slow=0 start_pull_ms=0 start_other_ms=0 start_handoff_ms=0 par_start_ms=2 par_prep_ms=0 par_commit_ms=0 commit_body_ms=0 par_fold_ms=20 sealed_ms=27 copy_ms=- prune_ms=0 frames=- frames_missing=- frame_root_ms=- root_ms=- frames_admitted=frames_admitted=626287 frames_unaligned=0 frame_root_indexed=- seal_layout_ms=1 seal_root_ms=0 attested= busy_us=1 slots_busy=15 reply_us=5849 prune_ms=0 body_refused=0 body_failed_late=0
loop345BESTb win1 tps=3,480,000 txs=104,400,000 blocks= 261 cycle=0.115s occupancy= 99.6% full(>=95%)=260/261 basefee=n/a (from the layer's log)
loop345BESTb win2 tps=3,226,667 txs=96,800,000 blocks= 242 cycle=0.124s occupancy=100.0% full(>=95%)=242/242 basefee=n/a (from the layer's log)
loop345BESTb win3 tps=3,333,333 txs=100,000,000 blocks= 250 cycle=0.120s occupancy=100.0% full(>=95%)=250/250 basefee=n/a (from the layer's log)
loop345BESTb tps=3,480,000 round_txs=301200000 cycles_w1=
loop345BESTb imp_fields_p90= b_p75=42
loop345BESTb overlay: filter_skips=0 probes=0 ratio=- (ratio = skips/(skips+probes))
loop345BESTb overlay_manager:       1 state_trie_overlay=false  state-ovly_cpu=0
loop345BESTb verify: written to /data/blockchain/rust-fleet7-bench/bench-loop345BESTb/verify.json
== loop345BESTb  (E=1: seven validator keys on one execution layer)
  window 1: canonical 261 blocks, 104.4M tx = 3,480,000/s (100.0% of window 1), full 260/261 (100%); cycle mean/median/p90 115.4/106.0/146.0 ms
    leader builds 261: sealed_at median/p90/p99 110/139/157; phases median/p90 ms: gap_before_exec 34/90, state_wait 34/89, par 126/176, par_exec 36/42, roots 63/83, parent_fields 24/47, sealed 26/49
    state_wait_on {'output': 180, 'grandparent': 63, 'none': 18}; builds with state_wait > 20 ms: 177 ([('output', 117), ('grandparent', 60)]); gp_layer {1.0: 261}, ggp_missing {0.0: 180, 1.0: 81}
    queue at the builds min/median 2,100,000/2,393,000
    new field batch_cpu_sum_us: median/p90/max 1008199.0/1176898.0/1855583, nonzero 261
    new field batch_dispatch_us: median/p90/max 302.0/399.0/647, nonzero 261
    new field batch_first_start_us: median/p90/max 105.0/193.0/317, nonzero 261
    new field batch_ivcsw: median/p90/max 3.0/8.0/37, nonzero 211
    new field batch_last_end_us: median/p90/max 36827.0/42503.0/63150, nonzero 261
    new field batch_last_start_us: median/p90/max 28409.0/33598.0/51500, nonzero 261
    new field batch_live_deferred: median/p90/max 82.0/87.0/121, nonzero 261
    new field batch_live_lock_hold_us: median/p90/max 19024.0/22034.0/26517, nonzero 261
    new field batch_live_lock_wait_us: median/p90/max 0.0/0.0/0, nonzero 0
    new field batch_live_lock_waits: median/p90/max 0.0/0.0/0, nonzero 0
    new field batch_majflt: median/p90/max 0.0/0.0/0, nonzero 0
    new field batch_minflt: median/p90/max 1873.0/16029.0/55183, nonzero 261
    new field batch_open_max_us: median/p90/max 519.0/625.0/1313, nonzero 261
    new field batch_open_sum_us: median/p90/max 12826.0/15601.0/19758, nonzero 261
    new field batch_threads: median/p90/max 32.0/32.0/32, nonzero 261
    new field batch_vcsw: median/p90/max 192.0/373.0/869, nonzero 261
    new field batch_view_index_wait_us: median/p90/max 0.0/23113.0/93216, nonzero 60
    new field batch_view_index_waits: median/p90/max 0.0/167.0/548, nonzero 60
    new field batch_view_slot_wait_us: median/p90/max 0.0/540.0/2021, nonzero 68
    new field batch_view_slot_waits: median/p90/max 0.0/22.0/59, nonzero 68
    new field batch_wall_sum_us: median/p90/max 1018289.0/1196509.0/1857343, nonzero 261
    new field batches: median/p90/max 128.0/128.0/128, nonzero 261
    new field build_batches: median/p90/max 128.0/128.0/128, nonzero 261
    new field exec_end_to_seal_us: median/p90/max 129.0/177.0/447, nonzero 261
    new field exec_partition_us: median/p90/max 12.0/16.0/42, nonzero 261
    new field exec_prepared_groups: {'true': 261}
    new field exec_prepared_slots: {'true': 261}
    new field exec_slots_us: median/p90/max 0.0/0.0/1, nonzero 1
    new field freeze_join_wait_us: median/p90/max 22056.0/49981.0/90597, nonzero 261
    new field freeze_late: {'true': 261}
    new field freeze_pool_own: {'true': 261}
    new field live_index_defer: {'true': 261}
    new field merge_accounts: median/p90/max 367703.0/376823.0/382838, nonzero 261
    new field merge_append_us: median/p90/max 7092.0/15983.0/29325, nonzero 261
    new field merge_reverts: median/p90/max 367703.0/376823.0/382838, nonzero 261
    new field merge_reverts_us: median/p90/max 30432.0/42886.0/62874, nonzero 261
    new field merge_state_us: median/p90/max 87631.0/102854.0/140243, nonzero 261
    new field merge_tail_us: median/p90/max 0.0/0.0/1, nonzero 12
    new field merge_threads: median/p90/max 1.0/1.0/1, nonzero 261
    new field one_wave: {'false': 261}
    new field open_engine_us: median/p90/max 0.0/60399.0/114894, nonzero 81
    new field open_fallback: {'false': 180, 'true': 81}
    new field open_keep_us: median/p90/max 6.0/9.0/130, nonzero 261
    new field open_layers: median/p90/max 3.0/3.0/3, nonzero 261
    new field open_provider_us: median/p90/max 135.0/247.0/1698, nonzero 261
    new field plan_age_us: median/p90/max 98957.0/128254.0/235843, nonzero 261
    new field plan_ahead: median/p90/max 1.0/1.0/1, nonzero 261
    new field plan_body: median/p90/max 1.0/1.0/1, nonzero 261
    new field plan_body_us: median/p90/max 29206.0/35230.0/51419, nonzero 261
    new field plan_discard: {'': 261}
    new field plan_prep_us: median/p90/max 11745.0/17986.0/37425, nonzero 261
    new field plan_topup_txs: median/p90/max 0.0/0.0/0, nonzero 0
    new field prep_from_plan: {'true': 261}
    new field prev_seal_to_answer_us: median/p90/max 2993.0/4476.0/8306, nonzero 261
    new field prev_seal_to_entry_us: median/p90/max 0.0/0.0/0, nonzero 0
    new field prev_seal_to_header_us: median/p90/max 233.0/335.0/2398, nonzero 261
    new field prev_seal_to_import_us: median/p90/max 251261.0/311324.0/366602, nonzero 254
    new field prev_seal_to_request_us: median/p90/max 962.0/1247.0/122348, nonzero 261
    new field prev_seal_to_start_us: median/p90/max 1270.0/1611.0/122587, nonzero 261
    new field pull_bulk_txs: median/p90/max 400000.0/400000.0/400000, nonzero 261
    new field pull_bulk_us: median/p90/max 9.0/13.0/105, nonzero 261
    new field root_apply_gap_us: median/p90/max 11.0/14.0/26, nonzero 261
    new field root_apply_total_us: median/p90/max 40007.0/54532.0/70592, nonzero 261
    new field root_compute_us: median/p90/max 43220.0/59038.0/76206, nonzero 261
    new field root_delta_us: median/p90/max 2082.0/3165.0/18837, nonzero 261
    new field root_index_us: median/p90/max 4706.0/7615.0/28451, nonzero 261
    new field root_leaves_us: median/p90/max 12436.0/20166.0/36443, nonzero 261
    new field root_note_us: median/p90/max 277.0/449.0/2888, nonzero 261
    new field root_ops_ahead: {'true': 261}
    new field root_ops_ahead_wait_us: median/p90/max 11205.0/23989.0/49569, nonzero 261
    new field root_ops_concat_us: median/p90/max 0.0/0.0/0, nonzero 0
    new field root_ops_encode_us: median/p90/max 13247.0/22621.0/46654, nonzero 261
    new field root_ops_finish_us: median/p90/max 4688.0/6027.0/11018, nonzero 261
    new field root_ops_sort_us: median/p90/max 7785.0/16002.0/33339, nonzero 261
    new field root_ops_us: median/p90/max 15919.0/28827.0/57121, nonzero 261
    new field root_rehash_us: median/p90/max 1556.0/2155.0/21346, nonzero 261
    new field root_retire_us: median/p90/max 1722.0/3348.0/7683, nonzero 261
    new field root_sort_us: median/p90/max 592.0/1445.0/6951, nonzero 261
    new field root_undo_us: median/p90/max 707.0/1336.0/4437, nonzero 261
    new field root_writes_us: median/p90/max 16714.0/22726.0/38428, nonzero 261
    new field seal_hashes_ahead: {'true': 261}
    new field seal_on_counters: {'true': 261}
    new field seal_to_complete_us: median/p90/max 236428.0/270187.0/306406, nonzero 261
    new field seal_to_frozen_us: median/p90/max 22023.0/49961.0/90581, nonzero 224
    new field seal_to_merge_end_us: median/p90/max 236266.0/270088.0/306253, nonzero 261
    new field seal_to_merge_start_us: median/p90/max 104591.0/134011.0/167968, nonzero 261
    new field seal_to_ops_ahead_us: median/p90/max 50569.0/77664.0/106202, nonzero 261
    new field seal_to_state_ready_us: median/p90/max 236276.0/270096.0/306263, nonzero 261
    new field sealed_unix_us: median/p90/max 1791408271110023.0/1791408282798074.0/1791408285913143, nonzero 261
    new field start_walk_check_us: median/p90/max 0.0/0.0/0, nonzero 0
    new field start_walk_ids_us: median/p90/max 0.0/0.0/0, nonzero 0
    new field start_walk_settle_us: median/p90/max 0.0/0.0/0, nonzero 0
    new field start_walk_us: median/p90/max 0.0/0.0/0, nonzero 0
    new field state_wait_us: median/p90/max 34475.0/89742.0/139488, nonzero 261
    new field view_journal_reads: median/p90/max 4096.0/40960.0/81920, nonzero 140
    new field view_journal_searches: median/p90/max 10876.0/106166.0/213087, nonzero 140
    new field view_journal_skips: median/p90/max 0.0/0.0/0, nonzero 0
    new field whole_take_noted: {'true': 261}
    binding wait (tick / quorum / seal share, mean cycle): tick 65% (107); quorum 33% (131); seal 3% (145); feed-bound (blocks under 95% of the tier): 1 of 261
    slowest key vote delay median/p90 68.7/130.8 ms
    engine own-import total_ms per block median/p90/max 70/103/140 (n=260)
    layer RSS 4.8 -> 38.5 G (max 38.5), in-memory blocks max 11
    execution layer cores busy 36.2    validators cores busy 0.7
    flood delivered (median per 5 s over the leg) 3,364,365/s
  window 2: canonical 242 blocks, 96.8M tx = 3,226,667/s (92.7% of window 1), full 242/242 (100%); cycle mean/median/p90 122.7/106.4/168.0 ms
    leader builds 243: sealed_at median/p90/p99 116/160/193; phases median/p90 ms: gap_before_exec 28/95, state_wait 28/95, par 127/184, par_exec 37/43, roots 68/103, parent_fields 27/64, sealed 29/66
    state_wait_on {'grandparent': 65, 'none': 20, 'output': 158}; builds with state_wait > 20 ms: 139 ([('output', 76), ('grandparent', 63)]); gp_layer {1.0: 243}, ggp_missing {1.0: 75, 0.0: 168}
    queue at the builds min/median 2,111,000/2,460,500
    new field batch_cpu_sum_us: median/p90/max 1020375.0/1165948.0/1292557, nonzero 243
    new field batch_dispatch_us: median/p90/max 283.0/374.0/1401, nonzero 243
    new field batch_first_start_us: median/p90/max 100.0/183.0/712, nonzero 243
    new field batch_ivcsw: median/p90/max 3.0/10.0/41, nonzero 204
    new field batch_last_end_us: median/p90/max 37121.0/43126.0/94520, nonzero 243
    new field batch_last_start_us: median/p90/max 28888.0/33413.0/61567, nonzero 243
    new field batch_live_deferred: median/p90/max 86.0/131.0/252, nonzero 243
    new field batch_live_lock_hold_us: median/p90/max 21232.0/29781.0/75367, nonzero 243
    new field batch_live_lock_wait_us: median/p90/max 0.0/0.0/0, nonzero 0
    new field batch_live_lock_waits: median/p90/max 0.0/0.0/0, nonzero 0
    new field batch_majflt: median/p90/max 0.0/0.0/8370, nonzero 17
    new field batch_minflt: median/p90/max 3039.0/25481.0/56532, nonzero 243
    new field batch_open_max_us: median/p90/max 514.0/631.0/2558, nonzero 243
    new field batch_open_sum_us: median/p90/max 12866.0/16013.0/39035, nonzero 243
    new field batch_threads: median/p90/max 32.0/32.0/32, nonzero 243
    new field batch_vcsw: median/p90/max 197.0/394.0/8661, nonzero 243
    new field batch_view_index_wait_us: median/p90/max 0.0/22248.0/386992, nonzero 71
    new field batch_view_index_waits: median/p90/max 0.0/150.0/331, nonzero 71
    new field batch_view_slot_wait_us: median/p90/max 0.0/516.0/27947, nonzero 74
    new field batch_view_slot_waits: median/p90/max 0.0/19.0/41, nonzero 74
    new field batch_wall_sum_us: median/p90/max 1034138.0/1207282.0/2177395, nonzero 243
    new field batches: median/p90/max 128.0/128.0/128, nonzero 243
    new field build_batches: median/p90/max 128.0/128.0/128, nonzero 243
    new field exec_end_to_seal_us: median/p90/max 132.0/199.0/1389, nonzero 243
    new field exec_partition_us: median/p90/max 12.0/17.0/4090, nonzero 243
    new field exec_prepared_groups: {'true': 241, 'false': 2}
    new field exec_prepared_slots: {'true': 241, 'false': 2}
    new field exec_slots_us: median/p90/max 0.0/0.0/3956, nonzero 2
    new field freeze_join_wait_us: median/p90/max 19502.0/50975.0/70357, nonzero 243
    new field freeze_late: {'true': 243}
    new field freeze_pool_own: {'true': 243}
    new field live_index_defer: {'true': 243}
    new field merge_accounts: median/p90/max 369191.0/375567.0/383911, nonzero 243
    new field merge_append_us: median/p90/max 7250.0/22725.0/37957, nonzero 243
    new field merge_reverts: median/p90/max 369191.0/375567.0/383911, nonzero 243
    new field merge_reverts_us: median/p90/max 32501.0/49517.0/153225, nonzero 243
    new field merge_state_us: median/p90/max 85907.0/111210.0/133137, nonzero 243
    new field merge_tail_us: median/p90/max 0.0/0.0/1, nonzero 8
    new field merge_threads: median/p90/max 1.0/1.0/1, nonzero 243
    new field one_wave: {'false': 243}
    new field open_engine_us: median/p90/max 0.0/80466.0/127648, nonzero 75
    new field open_fallback: {'false': 168, 'true': 75}
    new field open_keep_us: median/p90/max 5.0/9.0/36, nonzero 243
    new field open_layers: median/p90/max 3.0/3.0/3, nonzero 243
    new field open_provider_us: median/p90/max 135.0/297.0/967, nonzero 243
    new field plan_age_us: median/p90/max 102825.0/145889.0/229980, nonzero 243
    new field plan_ahead: median/p90/max 1.0/1.0/1, nonzero 243
    new field plan_body: median/p90/max 1.0/1.0/2, nonzero 243
    new field plan_body_us: median/p90/max 30593.0/37586.0/45149, nonzero 241
    new field plan_discard: {'': 243}
    new field plan_prep_us: median/p90/max 12034.0/19058.0/118978, nonzero 243
    new field plan_topup_txs: median/p90/max 0.0/0.0/0, nonzero 0
    new field prep_from_plan: {'true': 241, 'false': 2}
    new field prev_seal_to_answer_us: median/p90/max 2849.0/4353.0/7145, nonzero 243
    new field prev_seal_to_entry_us: median/p90/max 0.0/0.0/0, nonzero 0
    new field prev_seal_to_header_us: median/p90/max 212.0/334.0/1812, nonzero 243
    new field prev_seal_to_import_us: median/p90/max 255771.0/318127.0/465585, nonzero 224
    new field prev_seal_to_request_us: median/p90/max 956.0/1317.0/125185, nonzero 243
    new field prev_seal_to_start_us: median/p90/max 1317.0/1778.0/125465, nonzero 243
    new field pull_bulk_txs: median/p90/max 400000.0/400000.0/400000, nonzero 243
    new field pull_bulk_us: median/p90/max 8.0/13.0/3397, nonzero 243
    new field root_apply_gap_us: median/p90/max 11.0/14.0/37, nonzero 243
    new field root_apply_total_us: median/p90/max 41042.0/59186.0/150078, nonzero 243
    new field root_compute_us: median/p90/max 44468.0/64028.0/155514, nonzero 243
    new field root_delta_us: median/p90/max 2168.0/3789.0/23268, nonzero 243
    new field root_index_us: median/p90/max 4692.0/7162.0/45308, nonzero 243
    new field root_leaves_us: median/p90/max 13462.0/21201.0/128487, nonzero 243
    new field root_note_us: median/p90/max 269.0/457.0/2671, nonzero 243
    new field root_ops_ahead: {'true': 243}
    new field root_ops_ahead_wait_us: median/p90/max 9871.0/25361.0/124566, nonzero 243
    new field root_ops_concat_us: median/p90/max 0.0/0.0/0, nonzero 0
    new field root_ops_encode_us: median/p90/max 12075.0/23564.0/126366, nonzero 243
    new field root_ops_finish_us: median/p90/max 4846.0/8016.0/15129, nonzero 243
    new field root_ops_sort_us: median/p90/max 8230.0/17122.0/35130, nonzero 243
    new field root_ops_us: median/p90/max 15120.0/31345.0/129236, nonzero 243
    new field root_rehash_us: median/p90/max 2152.0/2783.0/16273, nonzero 243
    new field root_retire_us: median/p90/max 1847.0/3644.0/8250, nonzero 243
    new field root_sort_us: median/p90/max 679.0/1340.0/4372, nonzero 243
    new field root_undo_us: median/p90/max 728.0/1431.0/3590, nonzero 243
    new field root_writes_us: median/p90/max 16876.0/24025.0/59528, nonzero 243
    new field seal_hashes_ahead: {'true': 243}
    new field seal_on_counters: {'true': 243}
    new field seal_to_complete_us: median/p90/max 241635.0/299486.0/362453, nonzero 243
    new field seal_to_frozen_us: median/p90/max 19503.0/50924.0/70305, nonzero 174
    new field seal_to_merge_end_us: median/p90/max 241515.0/299379.0/362297, nonzero 243
    new field seal_to_merge_start_us: median/p90/max 105698.0/151667.0/234584, nonzero 243
    new field seal_to_ops_ahead_us: median/p90/max 45448.0/82074.0/160212, nonzero 243
    new field seal_to_state_ready_us: median/p90/max 241521.0/299389.0/362306, nonzero 243
    new field sealed_unix_us: median/p90/max 1791408300940547.0/1791408312665104.0/1791408315761841, nonzero 243
    new field start_walk_check_us: median/p90/max 0.0/0.0/0, nonzero 0
    new field start_walk_ids_us: median/p90/max 0.0/0.0/0, nonzero 0
    new field start_walk_settle_us: median/p90/max 0.0/0.0/0, nonzero 0
    new field start_walk_us: median/p90/max 0.0/0.0/0, nonzero 0
    new field state_wait_us: median/p90/max 28309.0/95126.0/158210, nonzero 243
    new field view_journal_reads: median/p90/max 4096.0/36864.0/61440, nonzero 126
    new field view_journal_searches: median/p90/max 10386.0/88232.0/160713, nonzero 126
    new field view_journal_skips: median/p90/max 0.0/0.0/0, nonzero 0
    new field whole_take_noted: {'true': 243}
    binding wait (tick / quorum / seal share, mean cycle): tick 59% (107); quorum 40% (145); seal 0% (130); feed-bound (blocks under 95% of the tier): 0 of 242
    slowest key vote delay median/p90 75.2/157.5 ms
    engine own-import total_ms per block median/p90/max 80/117/174 (n=242)
    layer RSS 37.7 -> 43.5 G (max 44.7), in-memory blocks max 10
    execution layer cores busy 34.2    validators cores busy 0.6
  window 3: canonical 250 blocks, 100.0M tx = 3,333,333/s (95.8% of window 1), full 250/250 (100%); cycle mean/median/p90 119.9/105.9/164.1 ms
    leader builds 250: sealed_at median/p90/p99 114/147/178; phases median/p90 ms: gap_before_exec 35/95, state_wait 34/94, par 123/176, par_exec 36/41, roots 66/92, parent_fields 24/48, sealed 26/50
    state_wait_on {'grandparent': 84, 'output': 137, 'none': 29}; builds with state_wait > 20 ms: 156 ([('output', 79), ('grandparent', 77)]); gp_layer {1.0: 250}, ggp_missing {1.0: 107, 0.0: 143}
    queue at the builds min/median 2,109,000/2,461,500
    new field batch_cpu_sum_us: median/p90/max 1004036.0/1120016.0/1415450, nonzero 250
    new field batch_dispatch_us: median/p90/max 263.0/351.0/3499, nonzero 250
    new field batch_first_start_us: median/p90/max 93.0/144.0/297, nonzero 250
    new field batch_ivcsw: median/p90/max 2.0/11.0/41, nonzero 184
    new field batch_last_end_us: median/p90/max 36231.5/41322.0/51769, nonzero 250
    new field batch_last_start_us: median/p90/max 28222.5/32032.0/40104, nonzero 250
    new field batch_live_deferred: median/p90/max 82.0/87.0/328, nonzero 250
    new field batch_live_lock_hold_us: median/p90/max 19063.5/21519.0/67308, nonzero 250
    new field batch_live_lock_wait_us: median/p90/max 0.0/0.0/0, nonzero 0
    new field batch_live_lock_waits: median/p90/max 0.0/0.0/0, nonzero 0
    new field batch_majflt: median/p90/max 0.0/0.0/3070, nonzero 10
    new field batch_minflt: median/p90/max 2174.0/21952.0/47209, nonzero 250
    new field batch_open_max_us: median/p90/max 489.0/596.0/1765, nonzero 250
    new field batch_open_sum_us: median/p90/max 12210.5/15341.0/26882, nonzero 250
    new field batch_threads: median/p90/max 32.0/32.0/32, nonzero 250
    new field batch_vcsw: median/p90/max 193.0/377.0/3279, nonzero 250
    new field batch_view_index_wait_us: median/p90/max 0.0/20472.0/69833, nonzero 64
    new field batch_view_index_waits: median/p90/max 0.0/154.0/460, nonzero 64
    new field batch_view_slot_wait_us: median/p90/max 0.0/484.0/1447, nonzero 69
    new field batch_view_slot_waits: median/p90/max 0.0/19.0/47, nonzero 70
    new field batch_wall_sum_us: median/p90/max 1013633.5/1145652.0/1418157, nonzero 250
    new field batches: median/p90/max 128.0/128.0/128, nonzero 250
    new field build_batches: median/p90/max 128.0/128.0/128, nonzero 250
    new field exec_end_to_seal_us: median/p90/max 121.5/187.0/523, nonzero 250
    new field exec_partition_us: median/p90/max 12.0/17.0/2874, nonzero 250
    new field exec_prepared_groups: {'true': 248, 'false': 2}
    new field exec_prepared_slots: {'true': 248, 'false': 2}
    new field exec_slots_us: median/p90/max 0.0/0.0/1838, nonzero 2
    new field freeze_join_wait_us: median/p90/max 20278.0/47117.0/64139, nonzero 250
    new field freeze_late: {'true': 250}
    new field freeze_pool_own: {'true': 250}
    new field live_index_defer: {'true': 250}
    new field merge_accounts: median/p90/max 371437.5/377341.0/383705, nonzero 250
    new field merge_append_us: median/p90/max 6727.5/16901.0/31747, nonzero 250
    new field merge_reverts: median/p90/max 371437.5/377341.0/383705, nonzero 250
    new field merge_reverts_us: median/p90/max 32073.5/44938.0/70552, nonzero 250
    new field merge_state_us: median/p90/max 85695.0/99509.0/120363, nonzero 250
    new field merge_tail_us: median/p90/max 0.0/0.0/1, nonzero 13
    new field merge_threads: median/p90/max 1.0/1.0/1, nonzero 250
    new field one_wave: {'false': 250}
    new field open_engine_us: median/p90/max 0.0/80432.0/128022, nonzero 107
    new field open_fallback: {'false': 143, 'true': 107}
    new field open_keep_us: median/p90/max 5.0/9.0/16, nonzero 250
    new field open_layers: median/p90/max 3.0/3.0/3, nonzero 250
    new field open_provider_us: median/p90/max 100.5/199.0/356, nonzero 250
    new field plan_age_us: median/p90/max 101546.0/138808.0/213523, nonzero 249
    new field plan_ahead: median/p90/max 1.0/1.0/1, nonzero 249
    new field plan_body: median/p90/max 1.0/1.0/2, nonzero 249
    new field plan_body_us: median/p90/max 28336.0/34768.0/42691, nonzero 248
    new field plan_discard: {'': 249, 'not_on_its_parent': 1}
    new field plan_prep_us: median/p90/max 12325.5/24357.0/70662, nonzero 249
    new field plan_topup_txs: median/p90/max 0.0/0.0/0, nonzero 0
    new field prep_from_plan: {'true': 248, 'false': 2}
    new field prev_seal_to_answer_us: median/p90/max 3371.0/5859.0/9111, nonzero 250
    new field prev_seal_to_entry_us: median/p90/max 0.0/0.0/0, nonzero 0
    new field prev_seal_to_header_us: median/p90/max 215.0/340.0/530, nonzero 250
    new field prev_seal_to_import_us: median/p90/max 264404.0/322735.0/432454, nonzero 236
    new field prev_seal_to_request_us: median/p90/max 955.0/1304.0/154963, nonzero 250
    new field prev_seal_to_start_us: median/p90/max 1229.5/1624.0/155262, nonzero 250
    new field pull_bulk_txs: median/p90/max 400000.0/400000.0/400000, nonzero 250
    new field pull_bulk_us: median/p90/max 8.0/13.0/2080, nonzero 250
    new field root_apply_gap_us: median/p90/max 12.0/15.0/21, nonzero 250
    new field root_apply_total_us: median/p90/max 42799.0/58674.0/136625, nonzero 250
    new field root_compute_us: median/p90/max 46011.5/64494.0/144004, nonzero 250
    new field root_delta_us: median/p90/max 2151.5/3449.0/16397, nonzero 250
    new field root_index_us: median/p90/max 4868.5/8216.0/38879, nonzero 250
    new field root_leaves_us: median/p90/max 13134.0/20325.0/86067, nonzero 250
    new field root_note_us: median/p90/max 270.0/419.0/1740, nonzero 250
    new field root_ops_ahead: {'true': 250}
    new field root_ops_ahead_wait_us: median/p90/max 10772.5/24196.0/47108, nonzero 250
    new field root_ops_concat_us: median/p90/max 0.0/0.0/0, nonzero 0
    new field root_ops_encode_us: median/p90/max 11850.0/21729.0/41872, nonzero 250
    new field root_ops_finish_us: median/p90/max 4805.5/6963.0/17869, nonzero 250
    new field root_ops_sort_us: median/p90/max 8573.5/15918.0/38385, nonzero 250
    new field root_ops_us: median/p90/max 15644.0/29595.0/52031, nonzero 250
    new field root_rehash_us: median/p90/max 2690.0/3661.0/31905, nonzero 250
    new field root_retire_us: median/p90/max 1858.5/3203.0/6120, nonzero 250
    new field root_sort_us: median/p90/max 623.0/1326.0/7231, nonzero 250
    new field root_undo_us: median/p90/max 698.0/1277.0/3674, nonzero 250
    new field root_writes_us: median/p90/max 16992.5/23437.0/45713, nonzero 250
    new field seal_hashes_ahead: {'true': 250}
    new field seal_on_counters: {'true': 250}
    new field seal_to_complete_us: median/p90/max 233789.0/268753.0/361517, nonzero 250
    new field seal_to_frozen_us: median/p90/max 20252.5/47070.0/64142, nonzero 192
    new field seal_to_merge_end_us: median/p90/max 233666.0/268611.0/361415, nonzero 250
    new field seal_to_merge_start_us: median/p90/max 104083.5/139273.0/226545, nonzero 250
    new field seal_to_ops_ahead_us: median/p90/max 47778.0/79652.0/103803, nonzero 250
    new field seal_to_state_ready_us: median/p90/max 233678.0/268620.0/361427, nonzero 250
    new field sealed_unix_us: median/p90/max 1791408330926215.5/1791408342915729.0/1791408345739057, nonzero 250
    new field start_walk_check_us: median/p90/max 0.0/0.0/283, nonzero 1
    new field start_walk_ids_us: median/p90/max 0.0/0.0/449, nonzero 1
    new field start_walk_settle_us: median/p90/max 0.0/0.0/0, nonzero 0
    new field start_walk_us: median/p90/max 0.0/0.0/7761, nonzero 1
    new field state_wait_us: median/p90/max 34479.0/94708.0/185650, nonzero 250
    new field view_journal_reads: median/p90/max 8192.0/32768.0/69632, nonzero 136
    new field view_journal_searches: median/p90/max 19638.0/86155.0/176379, nonzero 136
    new field view_journal_skips: median/p90/max 0.0/0.0/0, nonzero 0
    new field whole_take_noted: {'true': 250}
    binding wait (tick / quorum / seal share, mean cycle): tick 64% (106); quorum 36% (143); seal 1% (141); feed-bound (blocks under 95% of the tier): 0 of 250
    slowest key vote delay median/p90 69.5/146.9 ms
    engine own-import total_ms per block median/p90/max 83/120/156 (n=250)
    layer RSS 44.1 -> 39.4 G (max 44.1), in-memory blocks max 12
    execution layer cores busy 35.2    validators cores busy 0.6
  round total (3 windows, canonical): 301.2M tx
  layer peak RSS 44.7 G; in-memory blocks max 12
  fields at seal: mode "early", verified 0, unchecked 0, mismatches 0 (last build line, cumulative)
  own_executed_again (built here and also directly imported): 0 of 783 built blocks
== loop345BESTb
  layer-0 leader window-1 builds 261: txs mean 400000, share >= 95% of the tier 100% (max 400000); sealed_at_ms 110.0/139.0; par_ms 126.0/176.0; par_exec_ms 36.0/42.0; roots_ms 63.0/83.0; parent_fields_ms 23.0/47.0; sealed_ms 26.0/49.0
  proposal cycle window 1 (n=269): mean 115.4 median 106.0 p90 146.0 ms; blocks in the 30 s: 269
  binding wait (tick / quorum / seal, share and mean cycle): tick 64.6% (106.7); quorum 32.7% (130.6); seal 2.7% (145.0)
  vote delay after the proposal, slowest key per block: median 68.7 p90 130.8 ms (slowest minus the median key: median 0.2); last key: {1: 35, 2: 57, 3: 44, 4: 43, 5: 45, 6: 36} of 260 blocks
  CPU in window 1 (cores busy): execution layers 36.2 over 1 process(es); validators 0.7 over 7 process(es)
  execution layer peak RSS 44.7 G; in-memory blocks max 12 (node0 and others, all layers)
  blocks built here 783; none also directly imported
  import-once counters at the last direct import: ; start-up lines with import_once=true: 1; queue-lock lines 0
  layer-0 queue (queued after canonical prune), median per 10 s: t+0:2370250 t+20:2390500 t+40:2325500 t+60:2362500 t+80:2344000
  flood: median per 5 s 3364365/s, final -
  timeout / given-up lines: 1; 21:23:47 v0 INFO process_event{view=1 kind="message"}: n42::cl::timeout: TC formed
loop345BESTb page_faults_per_s_median: node0=322170 
feedcheck loop345BESTb: ok (block 400,000 tx)
== loop345BESTb: feed check (acq_us / gate_us / reply_us are per frame of 500; rate per 5 s `ingest` line)
  window 1: ingest lines 6; acq_us 464 (max 1110); gate_us 4891; reply_us 5462; slots_busy 16%; delivered median 3,519,464/s max 3,532,537/s; queue at builds median 2,393,000 min 2,100,000; full 100% of 261 blocks
  window 2: ingest lines 6; acq_us 464 (max 556); gate_us 5802; reply_us 6363; slots_busy 14%; delivered median 3,238,889/s max 3,437,351/s; queue at builds median 2,460,500 min 2,111,000; full 100% of 242 blocks
  window 3: ingest lines 6; acq_us 464 (max 581); gate_us 5324; reply_us 5893; slots_busy 15%; delivered median 3,358,891/s max 3,492,116/s; queue at builds median 2,461,500 min 2,109,000; full 100% of 250 blocks
  flood.log (+15..+100 s): rate per 5 s median 3,360,258/s max 3,562,114/s; reply latency median 56.8 ms max 61.7 ms
== loop345BESTb: lanes lock, drain and pruner (new fields)
  window 1: lock duty 63.5% (max 68.0); holds/5s 1,998; longest hold 46.55 ms median, 59.91 ms max by crates/n42/tx-queue/src/lib.rs:2046 (most frequent holders [('crates/n42/tx-queue/src/lib.rs:2046', 6)]); lock wait 2234.0 ms/5s, longest 59.94 ms; drains/5s 1,317 of 13355 tx, mean 1342 us, max 38.58 ms
           prune (252 blocks): prune_ms 59/90; fold 1.1 ms, lock 0.0 ms, remove(hold) 16.0 ms, free 0.0 ms; frames_swept 800; coalesced on 252 of 252; prune_wait_ms 0/0; pruner busy 51% of a thread, lock held by it 1.2%
  window 2: lock duty 61.5% (max 66.0); holds/5s 1,744; longest hold 53.37 ms median, 118.98 ms max by crates/n42/tx-queue/src/lib.rs:2692 (most frequent holders [('crates/n42/tx-queue/src/lib.rs:2046', 4), ('crates/n42/tx-queue/src/lib.rs:1766', 1)]); lock wait 2565.0 ms/5s, longest 98.93 ms; drains/5s 1,062 of 15263 tx, mean 1564 us, max 39.07 ms
           prune (224 blocks): prune_ms 62/94; fold 0.9 ms, lock 0.0 ms, remove(hold) 20.0 ms, free 0.0 ms; frames_swept 800; coalesced on 224 of 224; prune_wait_ms 0/0; pruner busy 48% of a thread, lock held by it 0.9%
  window 3: lock duty 67.0% (max 70.0); holds/5s 1,788; longest hold 55.59 ms median, 70.66 ms max by crates/n42/tx-queue/src/lib.rs:2692 (most frequent holders [('crates/n42/tx-queue/src/lib.rs:2046', 4), ('crates/n42/tx-queue/src/lib.rs:2692', 1)]); lock wait 2832.2 ms/5s, longest 68.66 ms; drains/5s 1,111 of 15120 tx, mean 1622 us, max 36.82 ms
           prune (240 blocks): prune_ms 67/102; fold 1.1 ms, lock 0.0 ms, remove(hold) 18.3 ms, free 0.0 ms; frames_swept 800; coalesced on 240 of 240; prune_wait_ms 0/0; pruner busy 55% of a thread, lock held by it 1.7%
== loop345BESTb: pruner (per block; busy = sum prune_ms / 30 s, lock = sum (remove_us + settle_us) / 30 s)
  window 1: 252 prunes; prune_ms 59/90; remove_us 16.0/32.0 ms; forget_us 5.3/8.3 ms; settle_us 5.7 ms; pruner busy 51% of a worker; lanes lock held for removal 22%
  window 2: 224 prunes; prune_ms 62/94; remove_us 20.0/35.9 ms; forget_us 5.5/9.7 ms; settle_us 5.8 ms; pruner busy 48% of a worker; lanes lock held for removal 22%
  window 3: 240 prunes; prune_ms 67/102; remove_us 18.3/36.9 ms; forget_us 6.1/9.8 ms; settle_us 6.3 ms; pruner busy 55% of a worker; lanes lock held for removal 24%
== loop345BESTb: seal start / pull, prepared plan, answer, chunked drain
  window 1: 261 builds; start_best_ms 0/19; start_walk_us 0/0; start_pull_ms 0/0; par_pull_ms 0/0; par_start_ms 0/19; par_ms 126/176; sealed_at_ms 110/139; pull_bulk_us 9/13; pull_bulk_txs 400000/400000; plan_age_us 98957/128254; plan_prep_us 11745/17986; plan_topup_txs 0/0
           plan_ahead {'1': 261}; plan_discard {'': 261}
           answer: built-ahead bytes median/max 29,643/29,645, layout_only {'true': 261}; proposal sent bytes median/max 29,643/29,645, layout_only {'true': 260}
           drain: chunks/5s 1,250, chunk max 8,192 tx, finished by others/5s 32; plan_discards (last ingest line) -
  window 2: 243 builds; start_best_ms 0/24; start_walk_us 0/0; start_pull_ms 0/0; par_pull_ms 0/0; par_start_ms 0/24; par_ms 127/184; sealed_at_ms 116/160; pull_bulk_us 8/13; pull_bulk_txs 400000/400000; plan_age_us 102825/145889; plan_prep_us 12034/19058; plan_topup_txs 0/0
           plan_ahead {'1': 243}; plan_discard {'': 243}
           answer: built-ahead bytes median/max 29,647/29,647, layout_only {'true': 244}; proposal sent bytes median/max 29,647/29,647, layout_only {'true': 244}
           drain: chunks/5s 996, chunk max 8,192 tx, finished by others/5s 38; plan_discards (last ingest line) -
  window 3: 250 builds; start_best_ms 4/32; start_walk_us 0/0; start_pull_ms 0/0; par_pull_ms 0/0; par_start_ms 5/32; par_ms 123/176; sealed_at_ms 114/147; pull_bulk_us 8/13; pull_bulk_txs 400000/400000; plan_age_us 101546/138808; plan_prep_us 12326/24357; plan_topup_txs 0/0
           plan_ahead {'1': 249, '0': 1}; plan_discard {'': 249, 'not_on_its_parent': 1}
           answer: built-ahead bytes median/max 29,647/29,647, layout_only {'true': 250}; proposal sent bytes median/max 29,647/29,647, layout_only {'true': 250}
           drain: chunks/5s 1,030, chunk max 8,192 tx, finished by others/5s 36; plan_discards (last ingest line) -
== loop345BESTb: persistence per window (ms per block = part sum / blocks persisted)
  window 1: persisted 257 of 261 produced (98%); total 70.7, sf_tx 64.3, sf_rcpt 12.5, sf_acct 27.3, sf_send 21.4, scope 64.4, qmdb 28.8, post 0.0, pre 6.3, plain_rev 6.3, commit_sf 1.1, commit_mdbx 0.1, commit_rocks 0.1; longest task sf_tx 64.3; in-memory 6 -> 8 (max 11); RSS 17.3 -> 38.5 G; lag 7 -> 9 = +4.0 blocks/min; bp max 0
  window 2: persisted 245 of 242 produced (101%); total 74.4, sf_tx 67.0, sf_rcpt 12.9, sf_acct 27.5, sf_send 20.8, scope 68.2, qmdb 37.3, post 0.0, pre 6.2, plain_rev 6.2, commit_sf 1.1, commit_mdbx 0.1, commit_rocks 0.1; longest task sf_tx 67.0; in-memory 8 -> 10 (max 10); RSS 38.5 -> 43.5 G; lag 9 -> 10 = +2.0 blocks/min; bp max 0
  window 3: persisted 250 of 250 produced (100%); total 73.0, sf_tx 66.0, sf_rcpt 12.4, sf_acct 28.4, sf_send 20.7, scope 66.2, qmdb 32.0, post 0.0, pre 6.7, plain_rev 6.8, commit_sf 1.1, commit_mdbx 0.1, commit_rocks 0.1; longest task sf_tx 66.0; in-memory 10 -> 9 (max 12); RSS 43.5 -> 39.4 G; lag 10 -> 9 = -2.0 blocks/min; bp max 0
  leg end: in-memory 10, max over the sampler 12, backpressure stalls 0
== loop345BESTb: execution and root fields (median / p90 per block)
    folded lines 261: pending_max max 93 (median 81); pending_us_max max 51,341; drops_max max 212596
    flags: seal_on_counters true:261; freeze_pool_own true:261; plan_body 1:261; prep_from_plan true:261; whole_take_noted true:261; seal_hashes_ahead true:261; plan_ahead 1:261; seal per 1,000 transfers 0.275 ms
  window 1 (261 builds): on-CPU share 1.00/1.00; CPU per transfer 2.52/2.94 us; sealed_at_ms 110/139; exec_end_to_seal_us 129/177; par_exec_ms 36/42; commit_refs_ms 0/0; par_commit_ms 0/0; par_fold_ms 22/50; index_ms 47/62; par_start_ms 0/19; par_prep_ms 0/0; gap_before_exec_ms 34/90; plan_body_us 29,206/35,230; build_batches 128/128; parent_fields_ms 24/47; seal_to_fields_us 104,289/133,789; roots_ms 63/83; exec_partition_us 12/16; exec_slots_us 0/0; tx_root_ms 2/3; sealed_ms 26/49; seal_to_complete_us 236,428/270,187; shard_fold_ms 47/62; batch_max_ms 14/17; state_wait_us 34,475/89,742
    folded lines 244: pending_max max 94 (median 83); pending_us_max max 43,901; drops_max max 96128
    flags: seal_on_counters true:243; freeze_pool_own true:243; plan_body 1:241/2:2; prep_from_plan false:2/true:241; whole_take_noted true:243; seal_hashes_ahead true:243; plan_ahead 1:243; seal per 1,000 transfers 0.290 ms
  window 2 (243 builds): on-CPU share 1.00/1.00; CPU per transfer 2.55/2.91 us; sealed_at_ms 116/160; exec_end_to_seal_us 132/199; par_exec_ms 37/43; commit_refs_ms 0/0; par_commit_ms 0/0; par_fold_ms 19/51; index_ms 47/59; par_start_ms 0/24; par_prep_ms 0/0; gap_before_exec_ms 28/95; plan_body_us 30,593/37,586; build_batches 128/128; parent_fields_ms 27/64; seal_to_fields_us 105,543/151,260; roots_ms 68/103; exec_partition_us 12/17; exec_slots_us 0/0; tx_root_ms 2/3; sealed_ms 29/66; seal_to_complete_us 241,635/299,486; shard_fold_ms 47/59; batch_max_ms 13/17; state_wait_us 28,309/95,126
    folded lines 251: pending_max max 90 (median 81); pending_us_max max 39,812; drops_max max 79759
    flags: seal_on_counters true:250; freeze_pool_own true:250; plan_body 0:1/1:248/2:1; prep_from_plan false:2/true:248; whole_take_noted true:250; seal_hashes_ahead true:250; plan_ahead 0:1/1:249; seal per 1,000 transfers 0.285 ms
  window 3 (250 builds): on-CPU share 1.00/1.00; CPU per transfer 2.51/2.80 us; sealed_at_ms 114/147; exec_end_to_seal_us 122/187; par_exec_ms 36/41; commit_refs_ms 0/0; par_commit_ms 0/0; par_fold_ms 20/47; index_ms 45/53; par_start_ms 5/32; par_prep_ms 0/0; gap_before_exec_ms 35/95; plan_body_us 28,336/34,768; build_batches 128/128; parent_fields_ms 24/48; seal_to_fields_us 103,946/139,127; roots_ms 66/92; exec_partition_us 12/17; exec_slots_us 0/0; tx_root_ms 2/3; sealed_ms 26/50; seal_to_complete_us 233,789/268,753; shard_fold_ms 45/53; batch_max_ms 13/16; state_wait_us 34,479/94,708
flood span 95 s; tokio-rt threads alive throughout 33 of 70; group 10.1 cores busy over them (all threads incl. short-lived 13.7)
  per-thread cores busy, top 12: 0.80 0.64 0.63 0.59 0.58 0.58 0.58 0.58 0.58 0.58 0.58 0.57; threads over 0.9 core: 0, over 0.7: 1
== loop345BESTb: 754 full builds in the 3 windows
  par_exec_ms 36/42; par_run_ms 71/128; batch_start_skew_ms 28/33; batch_median_ms 7/8; batch_max_ms 13/17; batch_first_start_us 98/180; batch_last_start_us 28480/33118; batch_dispatch_us 279/377; batch_last_end_us 36762/42421; batches 128/128; batch_threads 32/32; batch_txs_max 3500/3500; batch_txs_min 3000/3000; start_walk_ms 0/0; start_walk_check_ms 0/0; par_start_ms 2/25; sealed_at_ms 112/149; prev_seal_to_answer_us 3008/5032; prev_seal_to_entry_us 0/0; prev_seal_to_header_us 221/335; prev_seal_to_import_us 256879/316873; prev_seal_to_request_us 957/1287; prev_seal_to_start_us 1268/1659; start_walk_check_us 0/0; start_walk_ids_us 0/0; start_walk_settle_us 0/0; start_walk_us 0/0
  one_wave {'false': 754}
  batches == batch_threads on 0 of 754 builds
  last - first batch start (ms) median/p90 28.38/33.03; under 2 ms on 0 of 754 builds
bodygate loop345BESTb: invalid_blocks=0 gas_mismatch=0 fields_mismatches=0 own_not_committed=0 proposals_given_up=0
datadirs of this round wiped; /data free 688G
released at 17:28
ALLDONE
