/data free 673G at launch
tree at bce4921b8 (test(fleet7): loop346 second claim a stopped by the settlement check (E=1 -38006); box free at 20:54; builds:
built at 20:54; ingest/tx-types tests:
test result: ok. 65 passed; 0 failed; 0 ignored; 0 measured; 0 filtered out; finished in 1.07s
test result: ok. 21 passed; 0 failed; 4 ignored; 0 measured; 0 filtered out; finished in 8.86s
flood tests:
test result: ok. 8 passed; 0 failed; 1 ignored; 0 measured; 0 filtered out; finished in 0.81s
tests from 20:54 (no claim)
tests passed at 21:09: 2089 tests
built bce4921b8+tree at 21:09
waiting for a quiet box from 21:09
claimed at 21:11 (1791421839): avail 98G load 2.27
tip bce4921b8 tree: 2 changed files; native n42 built 19:49:12, h2_validator 19:47:24, deferred n42 20:11:58; last source change 18:59:43 (crates/n42/n42-testing/src/dev.rs)
replay set for every leg: /data/n42-pregen/g900000-400m (senders 12500)
leg loop346W2: /data free 673G (needs 120 G)
leg loop346W2 start 21:11:14 load 2.27
round loop346W2 exit 0 at 21:14:10
loop346W2 save stages (node0, seconds summed over the leg / count): batch_size=1061.0/350  batch_size=1061.0/350  reth_consensus_engine_beacon_persistence_duration=65.8/350  duration_seconds=62.0/350  total=57.3/350  scope=52.6/350  sf=52.4/350  sf_transactions=52.1/350  qmdb_persisted=25.5/350  sf_account_changesets=21.8/350
el binary: /data/n42-build/target-n42-rs/native/release/n42 env: N42_IMPORT_ONCE=1 N42_SETTLEMENT_TAGS=legacy N42_BUILD_THROTTLE_SOFT=48 F7_EL_MAP=0,0,0,0,0,0,0 N42_FIELDS_AT_SEAL=1 N42_FREEZE_AFTER_SEAL=1 N42_FRAME_BLOCKS=1 N42_TX_INGEST_RECOVER_PARALLEL=24 N42_FREEZE_POOL=own N42_PARALLEL_BUILD_THREADS=32 N42_PLAN_AHEAD=1 N42_HASHED_TABLES=off F7_FLOOD_RATE=6000000 N42_COMPACT_BODY=1 N42_BUILD_BATCHES=128 MALLOC_CONF=thp:always,oversize_threshold:0,dirty_decay_ms:2000,background_thread:true N42_SEAL_ON_COUNTERS=1 N42_ACCOUNT_HISTORY=off N42_TAKE_COMPACT=1 N42_SF_EARLY_WRITEBACK=1 N42_ROAD_RUNTIME=1 N42_TX_INGEST_HIGH_WATER=2500000 F7_BENCH_POOL_SLOTS=3000000 N42_PLAN_AHEAD_BODY=1 N42_SEAL_AT_EXEC=1 N42_TX_QUEUE_DRAIN_CHUNK=8192 N42_ANSWER_LAYOUT_ONLY=1 N42_PULL_BY_FRAMES=1 N42_SF_PARALLEL_ENCODE=1 N42_BUILD_THROTTLE_HARD=80 N42_LIVE_INDEX_DEFER=1 RAYON_NUM_THREADS=16 N42_ROOT_OPS_AHEAD=1 TOKIO_WORKER_THREADS=16 N42_QMDB_READS=on N42_LEADER_LAYERS=3 N42_PERSIST_QMDB_IN_SCOPE=1 F7_BLOCK_INTERVAL_MS=104 F7_MEASURE_FROM_LOG=1
validator env: N42_IMPORT_ONCE=1 N42_SETTLEMENT_TAGS=legacy N42_BUILD_THROTTLE_SOFT=48 F7_EL_MAP=0,0,0,0,0,0,0 N42_FIELDS_AT_SEAL=1 N42_FREEZE_AFTER_SEAL=1 N42_FRAME_BLOCKS=1 N42_TX_INGEST_RECOVER_PARALLEL=24 N42_FREEZE_POOL=own N42_PARALLEL_BUILD_THREADS=32 N42_PLAN_AHEAD=1 N42_HASHED_TABLES=off F7_FLOOD_RATE=6000000 N42_COMPACT_BODY=1 N42_BUILD_BATCHES=128 N42_SEAL_ON_COUNTERS=1 N42_ACCOUNT_HISTORY=off N42_TAKE_COMPACT=1 N42_SF_EARLY_WRITEBACK=1 N42_ROAD_RUNTIME=1 N42_TX_INGEST_HIGH_WATER=2500000 F7_BENCH_POOL_SLOTS=3000000 N42_PLAN_AHEAD_BODY=1 N42_SEAL_AT_EXEC=1 N42_TX_QUEUE_DRAIN_CHUNK=8192 N42_ANSWER_LAYOUT_ONLY=1 N42_PULL_BY_FRAMES=1 N42_SF_PARALLEL_ENCODE=1 N42_BUILD_THROTTLE_HARD=80 N42_LIVE_INDEX_DEFER=1 RAYON_NUM_THREADS=16 N42_ROOT_OPS_AHEAD=1 TOKIO_WORKER_THREADS=16 N42_QMDB_READS=on N42_LEADER_LAYERS=3 N42_PERSIST_QMDB_IN_SCOPE=1 F7_MEASURE_FROM_LOG=1
loop346W2 once: start-up lines import_once=true 1; last direct-import counters 
loop346W2 imports: layers=1 direct_imports=0 canonical_blocks=1521 import_once_lines=1 (per layer: direct imports should equal canonical blocks for one execution per block)
grep: /data/blockchain/rust-fleet7-bench/node1/el.log: No such file or directory
grep: /data/blockchain/rust-fleet7-bench/node2/el.log: No such file or directory
grep: /data/blockchain/rust-fleet7-bench/node3/el.log: No such file or directory
grep: /data/blockchain/rust-fleet7-bench/node1/el.log: No such file or directory
grep: /data/blockchain/rust-fleet7-bench/node2/el.log: No such file or directory
grep: /data/blockchain/rust-fleet7-bench/node3/el.log: No such file or directory
cat: /data/blockchain/rust-fleet7-bench/node2/el.log: No such file or directory
cat: /data/blockchain/rust-fleet7-bench/node2/el.log: No such file or directory
cat: /data/blockchain/rust-fleet7-bench/node2/el.log: No such file or directory
cat: /data/blockchain/rust-fleet7-bench/node1/el.log: No such file or directory
cat: /data/blockchain/rust-fleet7-bench/node2/el.log: No such file or directory
cat: /data/blockchain/rust-fleet7-bench/node3/el.log: No such file or directory
loop346W2 no_variant=0 own_not_committed=0 tc=1 invalid_blocks=0 incomplete=0 gas_mismatch=0 direct_imports_failed=0 stuck_at_hashed_state=0 engine_idles_over_5s=1 proposals_given_up=0 tables_off_nodes=1 unanswered_reads=0 seal_first_total=785 seal_first_direct=785 direct_guard_errors=0 commit_ms_median=0 fold_ms_median=21 sealed_at_ms_median=112 state_ready_ms_median=205 build_total_ms_median=360 recover_us_median=0 par_exec_ms_median=37 par_exec_ms_median=37 giveback_filtered=0 giveback_offered_max=400000 seal_first=785 reader_lag_max=9 reader_lag_warns=0 view_invalidated=0 el_sum_peak_g=47.2 el_max_peak_g=47.2 val_sum_peak_g=1.9 flood_peak_g=0.6 two_roads_blocks=0 two_roads_overlap_ms_median=- exec_on_output_declined=0 r1_collect_ms_median=5 proposal_at_ms_median=92 view_total_ms_median=105 import_exec_ms_median=- import_total_ms_median=- import_senders_ms_median=- import_convert_ms_median=- import_groups_median=- imports_over_600ms=0 min_avail_g=65.1 road_foreign_body_recv_ms=- road_foreign_body_decode_ms=- road_foreign_body_senders_ms=- road_foreign_body_parent_wait_ms=- road_foreign_body_check_ms=- road_foreign_body_total_ms=- road_new_payload_recv_ms=- road_new_payload_decode_ms=- road_new_payload_senders_ms=- road_new_payload_parent_wait_ms=- road_new_payload_check_ms=- road_new_payload_total_ms=- road_foreign_body_blocks=0 road_new_payload_blocks=0 fcu_answered=711 fcu_in_flight_ms_median=0 fcu_queued_ms_median=0 fcu_queued_ms_max=166 fcu_refused=0 fcu_slow=1045 bodies_held=0 road_reuse_ms=- road_prepare_ms=- road_dispatch_ms=- road_convert_ms=- road_remember_ms=- road_header_ms=- road_fields_ms=- road_other_ms=- import_engine_ms_median=- gate_forced=0 gate_warns=0 flood_timeouts=0 canonical_min=1533 canonical_max=1533 chained_builds=1138 chain_lead_ms_median=88 chain_wait_ms_median=29 chain_started=1141 chain_discarded=3 chain_discard_reasons=_1_reason="no_,_1_reason="the_chained_build_produced_nothing,_1_reason="the_execution_layer_produced_nothing,_1_reason="the_request_names_another_parent chain_alias_warns=0 el_chained=1146 bodies_held_warns=0 el_build_refused=2 el_build_refused_reasons=_2_no_QMDB_tree_for_parent_block_0x queued_p5=2113500 queued_p50=2350500 road_compact_blocks=0 road_compact_recv_ms=- road_compact_assemble_ms=- road_compact_root_ms=- road_compact_miss_wait_ms=- road_compact_senders_ms=- road_compact_check_ms=- road_compact_other_ms=- road_compact_total_ms=- road_compact_misses_total= compact_refused_el=0 compact_fallbacks=0 compact_bytes_median=- pool_order9=14845 par_pull_ms_median=- build_total_ms_median2=- road_compact_filled_blocks=0 road_compact_filled_median=- road_compact_fill_ms_median=- need_txns=0 fill_failed=0 ingest_rate_gate_open_median=- ingest_gate_open_intervals=0 ingest_slots_busy_median=- flood_rate= fill_asked_proposer=0 fill_asked_other=0 loop_lines=1035 loop_unnamed_ms_median=90 loop_body_served_ms_median=- loop_txns_served_ms_median=- import_exec_ms_median2=- pip_partition_ms=- pip_env_ms=- pip_batch_ms=- pip_groups_ms=- pip_gas_ms=- pip_merge_ms=- pip_receipts_ms=- pip_drop_ms=- pip_other_ms=- pip_total_ms=- senders_indexed_median=- road_senders_ms_median=- road_total_ms_median=- pew_ms_median=- pew_ms_p90= gate_ms_median=- gate_ms_p90= root_ms_p50=- root_ms_p90= two_roads=0 not_on_output=0 not_on_output_why= ckpt_ms_first_q=4 ckpt_ms_last_q=60 ckpt_bytes_last=35307756 parent_still_importing=6 root_wait_ms_p50=- root_wait_ms_p90= tenures_low_seal=13 seal_first_share=0.99 empty_over_deep=0 near_empty_warns=0 no_seal_why= par_skipped_median=- usable_p5=2113000 ckpt_replay_ms_last_q=18 candidates_zero=0 dropped_ingest=0 let_go_warns=0 let_go_reasons= parked_p50=0 parked_max=0 held_warns=0 park_capped_total=0 superseded_builds=0 empty_not_superseded=0 mass_park_warns=0 heads_lines=0 holes_lines=0 stale_parent_refusals=0 par_groups_p5=0 cancelled_decided=0 heads_nonce0=0 stale_unconfirmed= handovers=6 el_panics=0 decided_cancelled=0 min_window_blocks=237 road_desc_blocks=0 road_desc_total_ms=- road_desc_copy_ms=- desc_misses=0 fill_failed2=0 sf_par_collect_ms=- sf_par_commit_ms=- sf_par_fold_ms=- sf_par_graft_ms=- sf_par_prefault_ms=- sf_par_exec_ms=- sf_sealed_at_ms=- sf_roots_ms=- sf_state_ready_ms=- sf_total_ms=- ba_find_ms=- ba_queue_ms=- ba_total_ms=- ba_on_output=0 queue_fold_us=- queue_lock_us=- sf_par_exec_ms=- sf_par_fold_ms=- pip_groups_ms=- import_exec_ms_median2=- reads_d0=0 reads_hist=0 f_reads_d0=- f_reads_hist=- f_overlay_depth=- L_read_set_ms=0 read_set_accounts=0 read_set_unresolved=0 read_set_hits=0 read_set_misses=0 start_best_ms=- par_prep_ms=- gap_before_exec_ms=- gap_after_exec_ms=- gap_before_seal_ms=- index_ms=- road_copy_aside_ms=- road_copy_wait_ms=- road_total_ms=- queue_first_miss=queue_first_miss=18446744073709551615:791,queue_first_miss=0:731 root_append_behind=0 populate_lag_mb=0 swap_used_g=0 root_faults=- root_faults_p90= root_faults_entries=0 root_faults_offsets=0 root_faults_index=0 root_faults_bits=0 root_faults_twigs=0 root_faults_undo=0 root_faults_tmp=0 root_append_faults=6 root_twig_pool_misses=0 batch_max_ms=14 batch_min_ms=4 batch_median_ms=7 batch_cpu_max_ms=14 batch_txs_max=3500 batch_txs_min=3000 batch_start_skew_ms=28 batch_wait_ms=0 loop_fetch_ns=0 loop_check_ns=0 loop_transfer_ns=0 loop_receipt_ns=0 loop_gas_ns=0 loop_sink_ns=0 loop_other_ns=0 batch_setup_ns=0 batch_close_ns=0 imp_exec_part_ms=- imp_exec_batches_ms=- imp_exec_graft_ms=- imp_exec_batches=- imp_exec_threads=- imp_exec_batch_max_ms=- imp_exec_batch_median_ms=- imp_parent_output_wait_ms=- road_parent_output_wait_ms=- next_start_gap_ms=1 next_entry_gap_ms=0 commit_body_ahead_used=- imp_exec_keys_ms=- imp_keys_ahead=- imp_exec_sink_ms=- imp_exec_pre_ms=- imp_exec_post_ms=- imp_exec_receipts_ms=- imp_exec_drop_ms=- root_gap_ms=- queue_whole=queue_whole=true:791,queue_whole=false:731 tick_tick_late_us=708 tick_preamble_us=344 tick_take_sealed_us=1 tick_sign_us=0 tick_cache_us=0 tick_presealed=- tick_describe_us=13 tick_publish_us=603 tick_tick_to_send_us=1784 road_check_ms=- road_check_include_us=- road_check_scan_us=- road_check_fold_us=- road_check_senders_us=- road_check_frames_summarized=- road_check_frames_scanned=- imp_exec_start_gap_us=- imp_gap_road_us=- imp_gap_header_us=- imp_gap_senders_us=- imp_gap_parent_us=- imp_gap_setup_us=- imp_gap_keys_wait_us=- sealed_at_p90= sealed_over_130=0 roots_ms=- cycle_p90=61/66/63 batch_max_ms=- batch_median_ms=- imp_batch_max=- forest_lock_warns=1469 root_seal_ms=1 root_seals=41 root_majflt=3213 roots_p90= gp_layer=791 ggp_missing=240 state_wait_split=0/0/0/0:57,17/0/0/0:32,15/0/0/0:32 qmdb_releases=0 state_wait_on= imp_road_end_ms=- imp_exec_start_ms=- imp_exec_end_ms=- imp_root_end_ms=- imp_fields_ready_ms=- imp_parent_fields_wait_ms=- imp_exec_ms=- imp_root_ms=- imp_checks_ms=- imp_engine_ms=- imp_total_ms=- road_parent_fields_wait_ms=- exec_read_ms=- L_exec_evm_ms=- L_exec_write_ms=- L_exec_other_ms=- L_reads_cache=- L_reads_provider=- L_reads_view=- L_graft_base_ms=- L_graft_reserve_ms=- L_graft_insert_ms=- L_graft_reverts_ms=- L_graft_other_ms=- L_par_exec_ms=- L_par_graft_ms=- F_exec_read_ms=- F_exec_evm_ms=- F_exec_write_ms=- F_exec_other_ms=- F_reads_cache=- F_reads_provider=- F_reads_view=- F_groups_ms=- L_tx_root_wait_ms=- L_par_exec_ms=- L_par_graft_ms=- L_par_fold_ms=- L_sealed_ms=- L_state_ready_ms=- L_roots_ms=- L_finish_ms=- L_total_ms=- L_setup_ms=- L_par_pull_ms=- L_give_back_ms=- L_state_wait_ms=- L_state_after_pull=785 L_seal_at_exec=785 L_tx_root_ahead=0 flood_w1=3496908 txs_p10=400000 acq_us=462 slots_busy=14 ingest_rate=3427613 L_scope_join_ms=- L_par_release_ms=- L_commit_body_ms=- L_par_commit_ms=- L_give_back_ms=- L_sealed_ms=- L_par_exec_ms=- L_state_wait_ms=- L_par_pull_ms=- L_par_prep_ms=- L_par_start_ms=- L_pre_exec_ms=- L_par_run_ms=- L_sealed_at_ms=- F_partition_ms=- F_env_ms=- F_groups_ms=- F_merge_ms=- F_reverts_wait_ms=- F_ahead_wait_ms=- F_total_ms=- I_engine_ms=- I_root_ms=- I_total_ms=- H_engine_remember_ms=- H_engine_listing_ms=- H_engine_new_payload_ms=- busy_us=1 L_par_start_ms=- L_start_handoff_ms=- L_start_best_ms=- L_start_puller_ms=- L_par_pull_ms=- L_par_prep_ms=- L_state_wait_ms=- L_par_exec_ms=- L_par_commit_ms=- L_sealed_ms=- L_sealed_at_ms=- L_par_graft_ms=- L_graft_insert_ms=- L_graft_reverts_ms=- L_graft_split_us=- L_graft_build_us=- L_graft_merge_us=- L_state_ready_ms=- Q_queue_ms=0 R_dispatch_wait_ms=- R_total_ms=- R_road_runtime=1 gate_holds=0 peer_fetch=0 pool_limit=limit=8 gate_opened=gate_opened_for_block=0 I_root_ms=- flood_rate_hdr=rate=6000000/s fills=0 fill_waited=- slots_busy=14 acq_us=462 busy_us=1 converged=0 fallbacks=0 busy_us=1 recover_us=0 tf_on_output=1 tf_fallback=0 still_importing=6 busy_us=1 slots_busy=14 batches=altsig_txs=0 altsig_batches=0 tf_on_output=1 tf_fallback=0 gate_holds=0 sign_s=sign 0s replay_note=replay       : 64 files from /data/n42-pregen/g900000-400m, 400000000 transactio sign_s=sign 0s shard=shard_verified=0 shard_claimed=0 road_verified=- slots_busy=14 gate_us=5321 reply_us=5882 queued=2350500 assemble_ms=- road_take_ms=- road_body_ms=- road_encode_ms=- shards=16 shard_insert_ms=0 shard_wait_ms=0 shard_fold_ms=49 shard_append_ms=33 shard_merge_ms=128 state_ready_ms=205 roots_ms=65 exec_read_ms=0 exec_evm_ms=0 exec_write_ms=0 exec_other_ms=0 reads_cache=0 reads_provider=0 reads_view=0 par_run_ms=66 fold_task_cpu_max_us=47704 fold_task_minflt_max=97 fold_task_minflt_sum=98 fold_task_migrated=0 fold_task_nivcsw_max=0 fold_index=1 fold_index_build_ms=47 fold_index_conflicts=32651 fold_queue_us=71 fold_skew_us=33 fold_task_max_us=47715 fold_tail_us=33 start_best_ms=0 start_select_ms=0 start_walk_ms=0 start_walk_check_ms=0 start_best_other_ms=0 start_frames_by_ref=0 start_frames_slow=0 start_pull_ms=0 start_other_ms=0 start_handoff_ms=0 par_start_ms=0 par_prep_ms=0 par_commit_ms=0 commit_body_ms=0 par_fold_ms=21 sealed_ms=28 copy_ms=- prune_ms=0 frames=- frames_missing=- frame_root_ms=- root_ms=- frames_admitted=frames_admitted=627092 frames_unaligned=0 frame_root_indexed=- seal_layout_ms=1 seal_root_ms=0 attested= busy_us=1 slots_busy=14 reply_us=5882 prune_ms=0 body_refused=0 body_failed_late=0
loop346W2 win1 tps=3,213,333 txs=96,400,000 blocks= 482 cycle=0.062s occupancy= 99.8% full(>=95%)=481/482 basefee=n/a (from the layer's log)
loop346W2 win2 tps=3,126,667 txs=93,800,000 blocks= 469 cycle=0.064s occupancy=100.0% full(>=95%)=469/469 basefee=n/a (from the layer's log)
loop346W2 win3 tps=3,073,333 txs=92,200,000 blocks= 461 cycle=0.065s occupancy=100.0% full(>=95%)=461/461 basefee=n/a (from the layer's log)
loop346W2 win1 tps=3,133,333 txs=94,000,000 blocks= 470 cycle=0.064s occupancy= 99.8% full(>=95%)=469/470 basefee=n/a (from the layer's log)
loop346W2 win2 tps=3,066,667 txs=92,000,000 blocks= 460 cycle=0.065s occupancy=100.0% full(>=95%)=460/460 basefee=n/a (from the layer's log)
loop346W2 win3 tps=3,033,333 txs=91,000,000 blocks= 455 cycle=0.066s occupancy=100.0% full(>=95%)=455/455 basefee=n/a (from the layer's log)
loop346W2 win1 tps=3,106,233 txs=93,187,000 blocks= 466 cycle=0.064s occupancy= 99.8% full(>=95%)=464/466 basefee=n/a (from the layer's log)
loop346W2 win2 tps=3,073,333 txs=92,200,000 blocks= 461 cycle=0.065s occupancy=100.0% full(>=95%)=461/461 basefee=n/a (from the layer's log)
loop346W2 win3 tps=3,106,667 txs=93,200,000 blocks= 466 cycle=0.064s occupancy=100.0% full(>=95%)=466/466 basefee=n/a (from the layer's log)
loop346W2 win1 tps=3,466,667 txs=104,000,000 blocks= 260 cycle=0.115s occupancy= 99.6% full(>=95%)=259/260 basefee=n/a (from the layer's log)
loop346W2 win2 tps=3,453,333 txs=103,600,000 blocks= 259 cycle=0.116s occupancy=100.0% full(>=95%)=259/259 basefee=n/a (from the layer's log)
loop346W2 win3 tps=3,160,000 txs=94,800,000 blocks= 237 cycle=0.127s occupancy=100.0% full(>=95%)=237/237 basefee=n/a (from the layer's log)
loop346W2 tps=3,213,333
tps=3,133,333
tps=3,106,233
tps=3,466,667 round_txs=1140387000 cycles_w1=
loop346W2 imp_fields_p90= b_p75=75
loop346W2 overlay: filter_skips=0 probes=0 ratio=- (ratio = skips/(skips+probes))
loop346W2 overlay_manager:       1 state_trie_overlay=false  state-ovly_cpu=0
loop346W2 verify: written to /data/blockchain/rust-fleet7-bench/bench-loop346W2/verify.json
== loop346W2  (E=1: seven validator keys on one execution layer)
  window 1: canonical 260 blocks, 104.0M tx = 3,466,667/s (100.0% of window 1), full 259/260 (100%); cycle mean/median/p90 115.1/105.8/149.2 ms
    leader builds 260: sealed_at median/p90/p99 110/142/172; phases median/p90 ms: gap_before_exec 27/85, state_wait 27/84, par 122/174, par_exec 38/43, roots 64/89, parent_fields 26/48, sealed 28/50
    state_wait_on {'output': 189, 'none': 14, 'grandparent': 57}; builds with state_wait > 20 ms: 149 ([('output', 98), ('grandparent', 51)]); gp_layer {1.0: 260}, ggp_missing {0.0: 194, 1.0: 66}
    queue at the builds min/median 2,098,000/2,287,250
    new field batch_cpu_sum_us: median/p90/max 1022907.5/1178759.0/1891121, nonzero 260
    new field batch_dispatch_us: median/p90/max 284.5/423.0/836, nonzero 260
    new field batch_first_start_us: median/p90/max 98.5/171.0/336, nonzero 260
    new field batch_ivcsw: median/p90/max 3.0/8.0/25, nonzero 199
    new field batch_last_end_us: median/p90/max 37935.5/43121.0/65279, nonzero 260
    new field batch_last_start_us: median/p90/max 29212.0/33467.0/53671, nonzero 260
    new field batch_live_deferred: median/p90/max 82.0/87.0/92, nonzero 260
    new field batch_live_lock_hold_us: median/p90/max 19235.5/22680.0/26432, nonzero 260
    new field batch_live_lock_wait_us: median/p90/max 0.0/0.0/0, nonzero 0
    new field batch_live_lock_waits: median/p90/max 0.0/0.0/0, nonzero 0
    new field batch_majflt: median/p90/max 0.0/0.0/0, nonzero 0
    new field batch_minflt: median/p90/max 1832.5/17815.0/46349, nonzero 260
    new field batch_open_max_us: median/p90/max 538.0/655.0/1407, nonzero 260
    new field batch_open_sum_us: median/p90/max 13284.5/16271.0/20498, nonzero 260
    new field batch_threads: median/p90/max 32.0/32.0/32, nonzero 260
    new field batch_vcsw: median/p90/max 189.0/396.0/592, nonzero 260
    new field batch_view_index_wait_us: median/p90/max 0.0/25726.0/56736, nonzero 66
    new field batch_view_index_waits: median/p90/max 0.0/194.0/377, nonzero 66
    new field batch_view_slot_wait_us: median/p90/max 0.0/729.0/1863, nonzero 72
    new field batch_view_slot_waits: median/p90/max 0.0/27.0/57, nonzero 72
    new field batch_wall_sum_us: median/p90/max 1038752.0/1195050.0/1894354, nonzero 260
    new field batches: median/p90/max 128.0/128.0/128, nonzero 260
    new field build_batches: median/p90/max 128.0/128.0/128, nonzero 260
    new field carried_depth: median/p90/max 1.0/1.0/1, nonzero 260
    new field exec_end_to_seal_us: median/p90/max 125.0/169.0/556, nonzero 260
    new field exec_partition_us: median/p90/max 12.0/17.0/37, nonzero 260
    new field exec_prepared_groups: {'true': 260}
    new field exec_prepared_slots: {'true': 260}
    new field exec_slots_us: median/p90/max 0.0/0.0/1, nonzero 5
    new field freeze_join_wait_us: median/p90/max 21957.5/51980.0/87857, nonzero 260
    new field freeze_late: {'true': 260}
    new field freeze_pool_own: {'true': 260}
    new field live_index_defer: {'true': 260}
    new field merge_accounts: median/p90/max 364959.0/373933.0/377908, nonzero 260
    new field merge_append_us: median/p90/max 8443.0/17914.0/41513, nonzero 260
    new field merge_reverts: median/p90/max 364959.0/373933.0/377908, nonzero 260
    new field merge_reverts_us: median/p90/max 29663.5/41482.0/58578, nonzero 260
    new field merge_state_us: median/p90/max 87115.5/99195.0/117072, nonzero 260
    new field merge_tail_us: median/p90/max 0.0/0.0/1, nonzero 4
    new field merge_threads: median/p90/max 1.0/1.0/1, nonzero 260
    new field one_wave: {'false': 260}
    new field open_engine_us: median/p90/max 0.0/60289.0/118144, nonzero 66
    new field open_fallback: {'false': 194, 'true': 66}
    new field open_keep_us: median/p90/max 6.0/9.0/16, nonzero 260
    new field open_layers: median/p90/max 3.0/3.0/3, nonzero 260
    new field open_provider_us: median/p90/max 124.0/206.0/372, nonzero 260
    new field plan_age_us: median/p90/max 97325.0/132293.0/222997, nonzero 260
    new field plan_ahead: median/p90/max 1.0/1.0/1, nonzero 260
    new field plan_body: median/p90/max 1.0/1.0/1, nonzero 260
    new field plan_body_us: median/p90/max 33017.5/40181.0/48634, nonzero 260
    new field plan_discard: {'': 260}
    new field plan_prep_us: median/p90/max 12811.5/19817.0/40014, nonzero 260
    new field plan_topup_txs: median/p90/max 0.0/0.0/0, nonzero 0
    new field prep_from_plan: {'true': 260}
    new field prev_seal_to_answer_us: median/p90/max 3262.5/5427.0/8558, nonzero 260
    new field prev_seal_to_entry_us: median/p90/max 0.0/0.0/0, nonzero 0
    new field prev_seal_to_header_us: median/p90/max 221.0/328.0/663, nonzero 260
    new field prev_seal_to_import_us: median/p90/max 248004.0/304678.0/351957, nonzero 258
    new field prev_seal_to_request_us: median/p90/max 951.0/1261.0/115495, nonzero 260
    new field prev_seal_to_start_us: median/p90/max 1240.0/1591.0/115777, nonzero 260
    new field pull_bulk_txs: median/p90/max 400000.0/400000.0/400000, nonzero 260
    new field pull_bulk_us: median/p90/max 9.0/12.0/86, nonzero 260
    new field rename_fallbacks: median/p90/max 0.0/0.0/0, nonzero 0
    new field rename_record_waits: median/p90/max 0.0/0.0/0, nonzero 0
    new field root_apply_gap_us: median/p90/max 11.0/13.0/29, nonzero 260
    new field root_apply_total_us: median/p90/max 40803.5/58882.0/82212, nonzero 260
    new field root_compute_us: median/p90/max 44145.0/63772.0/85436, nonzero 260
    new field root_delta_us: median/p90/max 2059.0/2937.0/21061, nonzero 260
    new field root_index_us: median/p90/max 4839.0/9117.0/32887, nonzero 260
    new field root_leaves_us: median/p90/max 12982.5/20137.0/38613, nonzero 260
    new field root_note_us: median/p90/max 281.0/477.0/2666, nonzero 260
    new field root_ops_ahead: {'true': 260}
    new field root_ops_ahead_wait_us: median/p90/max 9855.0/23947.0/43861, nonzero 260
    new field root_ops_concat_us: median/p90/max 0.0/0.0/0, nonzero 0
    new field root_ops_encode_us: median/p90/max 12545.5/21071.0/37077, nonzero 260
    new field root_ops_finish_us: median/p90/max 4665.0/6319.0/13691, nonzero 260
    new field root_ops_sort_us: median/p90/max 7780.0/15893.0/27808, nonzero 260
    new field root_ops_us: median/p90/max 14907.5/29222.0/50431, nonzero 260
    new field root_rehash_us: median/p90/max 1567.0/2016.0/17470, nonzero 260
    new field root_retire_us: median/p90/max 1783.5/3641.0/11725, nonzero 260
    new field root_sort_us: median/p90/max 600.5/1637.0/7282, nonzero 260
    new field root_undo_us: median/p90/max 733.5/1492.0/5697, nonzero 260
    new field root_writes_us: median/p90/max 16780.0/24613.0/41197, nonzero 260
    new field seal_hashes_ahead: {'true': 260}
    new field seal_on_counters: {'true': 260}
    new field seal_to_complete_us: median/p90/max 234186.0/270092.0/329609, nonzero 260
    new field seal_to_frozen_us: median/p90/max 21928.5/51939.0/87819, nonzero 222
    new field seal_to_merge_end_us: median/p90/max 234001.0/269928.0/329492, nonzero 260
    new field seal_to_merge_start_us: median/p90/max 105007.0/134740.0/175398, nonzero 260
    new field seal_to_ops_ahead_us: median/p90/max 48748.5/79891.0/138225, nonzero 260
    new field seal_to_state_ready_us: median/p90/max 234022.0/269941.0/329507, nonzero 260
    new field sealed_unix_us: median/p90/max 1791421969629786.0/1791421981644264.0/1791421984456932, nonzero 260
    new field start_walk_check_us: median/p90/max 0.0/0.0/0, nonzero 0
    new field start_walk_ids_us: median/p90/max 0.0/0.0/0, nonzero 0
    new field start_walk_settle_us: median/p90/max 0.0/0.0/0, nonzero 0
    new field start_walk_us: median/p90/max 0.0/0.0/0, nonzero 0
    new field state_wait_us: median/p90/max 27593.0/84426.0/171514, nonzero 260
    new field view_journal_reads: median/p90/max 8192.0/49152.0/106496, nonzero 146
    new field view_journal_searches: median/p90/max 21548.5/134517.0/311897, nonzero 146
    new field view_journal_skips: median/p90/max 0.0/0.0/0, nonzero 0
    new field whole_take_noted: {'true': 260}
    binding wait (tick / quorum / seal share, mean cycle): tick 65% (106); quorum 31% (131); seal 4% (146); feed-bound (blocks under 95% of the tier): 1 of 260
    slowest key vote delay median/p90 65.8/131.6 ms
    engine own-import total_ms per block median/p90/max 68/99/152 (n=259)
    layer RSS 4.8 -> 36.0 G (max 36.0), in-memory blocks max 10
    execution layer cores busy 36.0    validators cores busy 0.7
    flood delivered (median per 5 s over the leg) 3,395,952/s
  window 2: canonical 259 blocks, 103.6M tx = 3,453,333/s (99.6% of window 1), full 259/259 (100%); cycle mean/median/p90 115.7/106.1/149.1 ms
    leader builds 259: sealed_at median/p90/p99 111/142/176; phases median/p90 ms: gap_before_exec 25/91, state_wait 24/90, par 121/173, par_exec 37/41, roots 66/88, parent_fields 26/50, sealed 29/52
    state_wait_on {'none': 22, 'output': 174, 'grandparent': 63}; builds with state_wait > 20 ms: 147 ([('output', 88), ('grandparent', 59)]); gp_layer {1.0: 259}, ggp_missing {0.0: 185, 1.0: 74}
    queue at the builds min/median 2,060,000/2,365,500
    new field batch_cpu_sum_us: median/p90/max 1037364.0/1136760.0/1312458, nonzero 259
    new field batch_dispatch_us: median/p90/max 258.0/367.0/658, nonzero 259
    new field batch_first_start_us: median/p90/max 90.0/142.0/249, nonzero 259
    new field batch_ivcsw: median/p90/max 3.0/10.0/44, nonzero 207
    new field batch_last_end_us: median/p90/max 37111.0/41594.0/47469, nonzero 259
    new field batch_last_start_us: median/p90/max 28912.0/32168.0/37705, nonzero 259
    new field batch_live_deferred: median/p90/max 82.0/90.0/228, nonzero 259
    new field batch_live_lock_hold_us: median/p90/max 19671.0/22915.0/40427, nonzero 259
    new field batch_live_lock_wait_us: median/p90/max 0.0/0.0/0, nonzero 0
    new field batch_live_lock_waits: median/p90/max 0.0/0.0/0, nonzero 0
    new field batch_majflt: median/p90/max 0.0/0.0/1, nonzero 2
    new field batch_minflt: median/p90/max 2490.0/21597.0/70392, nonzero 259
    new field batch_open_max_us: median/p90/max 488.0/583.0/2429, nonzero 259
    new field batch_open_sum_us: median/p90/max 12175.0/15180.0/19627, nonzero 259
    new field batch_threads: median/p90/max 32.0/32.0/32, nonzero 259
    new field batch_vcsw: median/p90/max 183.0/358.0/624, nonzero 259
    new field batch_view_index_wait_us: median/p90/max 0.0/21941.0/52653, nonzero 73
    new field batch_view_index_waits: median/p90/max 0.0/165.0/375, nonzero 73
    new field batch_view_slot_wait_us: median/p90/max 0.0/466.0/1340, nonzero 77
    new field batch_view_slot_waits: median/p90/max 0.0/20.0/41, nonzero 77
    new field batch_wall_sum_us: median/p90/max 1041964.0/1159465.0/1314558, nonzero 259
    new field batches: median/p90/max 128.0/128.0/128, nonzero 259
    new field build_batches: median/p90/max 128.0/128.0/128, nonzero 259
    new field carried_depth: median/p90/max 1.0/1.0/1, nonzero 259
    new field exec_end_to_seal_us: median/p90/max 125.0/184.0/634, nonzero 259
    new field exec_partition_us: median/p90/max 12.0/16.0/3673, nonzero 259
    new field exec_prepared_groups: {'true': 258, 'false': 1}
    new field exec_prepared_slots: {'true': 258, 'false': 1}
    new field exec_slots_us: median/p90/max 0.0/0.0/2087, nonzero 9
    new field freeze_join_wait_us: median/p90/max 20630.0/48098.0/68357, nonzero 259
    new field freeze_late: {'true': 259}
    new field freeze_pool_own: {'true': 259}
    new field live_index_defer: {'true': 259}
    new field merge_accounts: median/p90/max 368789.0/375600.0/386853, nonzero 259
    new field merge_append_us: median/p90/max 8538.0/18964.0/46798, nonzero 259
    new field merge_reverts: median/p90/max 368789.0/375600.0/386853, nonzero 259
    new field merge_reverts_us: median/p90/max 31327.0/43827.0/59480, nonzero 259
    new field merge_state_us: median/p90/max 86819.0/105226.0/148113, nonzero 259
    new field merge_tail_us: median/p90/max 0.0/0.0/3, nonzero 3
    new field merge_threads: median/p90/max 1.0/1.0/1, nonzero 259
    new field one_wave: {'false': 259}
    new field open_engine_us: median/p90/max 0.0/61592.0/138316, nonzero 74
    new field open_fallback: {'false': 185, 'true': 74}
    new field open_keep_us: median/p90/max 6.0/9.0/25, nonzero 259
    new field open_layers: median/p90/max 3.0/3.0/3, nonzero 259
    new field open_provider_us: median/p90/max 118.0/208.0/752, nonzero 259
    new field plan_age_us: median/p90/max 96408.0/129014.0/228130, nonzero 259
    new field plan_ahead: median/p90/max 1.0/1.0/1, nonzero 259
    new field plan_body: median/p90/max 1.0/1.0/2, nonzero 259
    new field plan_body_us: median/p90/max 30861.0/40816.0/51738, nonzero 258
    new field plan_discard: {'': 259}
    new field plan_prep_us: median/p90/max 12785.0/20815.0/44843, nonzero 259
    new field plan_topup_txs: median/p90/max 0.0/0.0/0, nonzero 0
    new field prep_from_plan: {'true': 258, 'false': 1}
    new field prev_seal_to_answer_us: median/p90/max 3493.0/5596.0/10971, nonzero 259
    new field prev_seal_to_entry_us: median/p90/max 0.0/0.0/0, nonzero 0
    new field prev_seal_to_header_us: median/p90/max 212.0/310.0/638, nonzero 259
    new field prev_seal_to_import_us: median/p90/max 253355.0/309711.0/361623, nonzero 252
    new field prev_seal_to_request_us: median/p90/max 941.0/1268.0/138916, nonzero 259
    new field prev_seal_to_start_us: median/p90/max 1259.0/1643.0/139220, nonzero 259
    new field pull_bulk_txs: median/p90/max 400000.0/400000.0/400000, nonzero 259
    new field pull_bulk_us: median/p90/max 9.0/13.0/1786, nonzero 259
    new field rename_fallbacks: median/p90/max 0.0/0.0/0, nonzero 0
    new field rename_record_waits: median/p90/max 0.0/0.0/0, nonzero 0
    new field root_apply_gap_us: median/p90/max 11.0/14.0/30, nonzero 259
    new field root_apply_total_us: median/p90/max 41582.0/55198.0/83167, nonzero 259
    new field root_compute_us: median/p90/max 45085.0/59247.0/87755, nonzero 259
    new field root_delta_us: median/p90/max 2056.0/3730.0/16803, nonzero 259
    new field root_index_us: median/p90/max 4842.0/7552.0/21019, nonzero 259
    new field root_leaves_us: median/p90/max 13476.0/21441.0/31423, nonzero 259
    new field root_note_us: median/p90/max 268.0/465.0/2533, nonzero 259
    new field root_ops_ahead: {'true': 259}
    new field root_ops_ahead_wait_us: median/p90/max 10355.0/22507.0/48083, nonzero 259
    new field root_ops_concat_us: median/p90/max 0.0/0.0/0, nonzero 0
    new field root_ops_encode_us: median/p90/max 12546.0/22343.0/46356, nonzero 259
    new field root_ops_finish_us: median/p90/max 4775.0/6475.0/17315, nonzero 259
    new field root_ops_sort_us: median/p90/max 8238.0/16044.0/24251, nonzero 259
    new field root_ops_us: median/p90/max 15170.0/29191.0/54330, nonzero 259
    new field root_rehash_us: median/p90/max 2151.0/2813.0/25329, nonzero 259
    new field root_retire_us: median/p90/max 1893.0/3261.0/14141, nonzero 259
    new field root_sort_us: median/p90/max 681.0/1321.0/5506, nonzero 259
    new field root_undo_us: median/p90/max 755.0/1288.0/3896, nonzero 259
    new field root_writes_us: median/p90/max 16964.0/23572.0/46376, nonzero 259
    new field seal_hashes_ahead: {'true': 259}
    new field seal_on_counters: {'true': 259}
    new field seal_to_complete_us: median/p90/max 237819.0/279444.0/331258, nonzero 259
    new field seal_to_frozen_us: median/p90/max 20596.0/48070.0/68298, nonzero 218
    new field seal_to_merge_end_us: median/p90/max 237696.0/279335.0/331126, nonzero 259
    new field seal_to_merge_start_us: median/p90/max 103040.0/135961.0/181070, nonzero 259
    new field seal_to_ops_ahead_us: median/p90/max 46301.0/81996.0/104131, nonzero 259
    new field seal_to_state_ready_us: median/p90/max 237703.0/279342.0/331136, nonzero 259
    new field sealed_unix_us: median/p90/max 1791421999436070.0/1791422011454368.0/1791422014501215, nonzero 259
    new field start_walk_check_us: median/p90/max 0.0/0.0/0, nonzero 0
    new field start_walk_ids_us: median/p90/max 0.0/0.0/0, nonzero 0
    new field start_walk_settle_us: median/p90/max 0.0/0.0/0, nonzero 0
    new field start_walk_us: median/p90/max 0.0/0.0/0, nonzero 0
    new field state_wait_us: median/p90/max 24546.0/90548.0/189638, nonzero 259
    new field view_journal_reads: median/p90/max 8192.0/32768.0/73728, nonzero 149
    new field view_journal_searches: median/p90/max 19115.0/85320.0/198583, nonzero 149
    new field view_journal_skips: median/p90/max 0.0/0.0/0, nonzero 0
    new field whole_take_noted: {'true': 259}
    binding wait (tick / quorum / seal share, mean cycle): tick 64% (107); quorum 36% (132); seal 0% (164); feed-bound (blocks under 95% of the tier): 0 of 259
    slowest key vote delay median/p90 68.7/135.5 ms
    engine own-import total_ms per block median/p90/max 76/109/158 (n=259)
    layer RSS 35.1 -> 42.8 G (max 42.8), in-memory blocks max 11
    execution layer cores busy 36.0    validators cores busy 0.7
  window 3: canonical 237 blocks, 94.8M tx = 3,160,000/s (91.2% of window 1), full 237/237 (100%); cycle mean/median/p90 126.0/108.9/177.3 ms
    leader builds 238: sealed_at median/p90/p99 121/170/216; phases median/p90 ms: gap_before_exec 36/109, state_wait 35/109, par 135/197, par_exec 36/42, roots 67/103, parent_fields 26/63, sealed 28/65
    state_wait_on {'output': 159, 'grandparent': 68, 'none': 11}; builds with state_wait > 20 ms: 151 ([('output', 89), ('grandparent', 62)]); gp_layer {1.0: 238}, ggp_missing {0.0: 146, 1.0: 92}
    queue at the builds min/median 2,110,500/2,421,000
    new field batch_cpu_sum_us: median/p90/max 1017504.0/1162160.0/1448072, nonzero 238
    new field batch_dispatch_us: median/p90/max 263.0/369.0/1496, nonzero 238
    new field batch_first_start_us: median/p90/max 94.0/170.0/458, nonzero 238
    new field batch_ivcsw: median/p90/max 3.0/9.0/25, nonzero 192
    new field batch_last_end_us: median/p90/max 36874.0/42068.0/55258, nonzero 238
    new field batch_last_start_us: median/p90/max 28731.0/33210.0/41635, nonzero 238
    new field batch_live_deferred: median/p90/max 85.0/137.0/330, nonzero 238
    new field batch_live_lock_hold_us: median/p90/max 20544.5/31957.0/77880, nonzero 238
    new field batch_live_lock_wait_us: median/p90/max 0.0/0.0/0, nonzero 0
    new field batch_live_lock_waits: median/p90/max 0.0/0.0/0, nonzero 0
    new field batch_majflt: median/p90/max 0.0/0.0/3723, nonzero 14
    new field batch_minflt: median/p90/max 2772.0/27124.0/69695, nonzero 238
    new field batch_open_max_us: median/p90/max 486.5/601.0/3569, nonzero 238
    new field batch_open_sum_us: median/p90/max 11976.5/14637.0/40277, nonzero 238
    new field batch_threads: median/p90/max 32.0/32.0/32, nonzero 238
    new field batch_vcsw: median/p90/max 182.0/383.0/3904, nonzero 238
    new field batch_view_index_wait_us: median/p90/max 0.0/25815.0/54638, nonzero 60
    new field batch_view_index_waits: median/p90/max 0.0/167.0/345, nonzero 60
    new field batch_view_slot_wait_us: median/p90/max 0.0/342.0/1490, nonzero 61
    new field batch_view_slot_waits: median/p90/max 0.0/17.0/43, nonzero 61
    new field batch_wall_sum_us: median/p90/max 1034158.0/1191073.0/1450465, nonzero 238
    new field batches: median/p90/max 128.0/128.0/128, nonzero 238
    new field build_batches: median/p90/max 128.0/128.0/128, nonzero 238
    new field carried_depth: median/p90/max 1.0/1.0/1, nonzero 238
    new field exec_end_to_seal_us: median/p90/max 120.0/192.0/941, nonzero 238
    new field exec_partition_us: median/p90/max 12.0/16.0/2409, nonzero 238
    new field exec_prepared_groups: {'true': 237, 'false': 1}
    new field exec_prepared_slots: {'true': 237, 'false': 1}
    new field exec_slots_us: median/p90/max 0.0/0.0/1502, nonzero 3
    new field freeze_join_wait_us: median/p90/max 22614.0/51957.0/74774, nonzero 238
    new field freeze_late: {'true': 238}
    new field freeze_pool_own: {'true': 238}
    new field live_index_defer: {'true': 238}
    new field merge_accounts: median/p90/max 365624.0/372678.0/382312, nonzero 238
    new field merge_append_us: median/p90/max 7363.5/21615.0/34715, nonzero 238
    new field merge_reverts: median/p90/max 365624.0/372678.0/382312, nonzero 238
    new field merge_reverts_us: median/p90/max 32041.0/44105.0/56495, nonzero 238
    new field merge_state_us: median/p90/max 84955.0/104151.0/141823, nonzero 238
    new field merge_tail_us: median/p90/max 0.0/0.0/1, nonzero 1
    new field merge_threads: median/p90/max 1.0/1.0/1, nonzero 238
    new field one_wave: {'false': 238}
    new field open_engine_us: median/p90/max 0.0/80479.0/159180, nonzero 92
    new field open_fallback: {'false': 146, 'true': 92}
    new field open_keep_us: median/p90/max 5.0/8.0/20, nonzero 238
    new field open_layers: median/p90/max 3.0/3.0/3, nonzero 238
    new field open_provider_us: median/p90/max 114.0/383.0/1982, nonzero 238
    new field plan_age_us: median/p90/max 104164.5/149514.0/245349, nonzero 237
    new field plan_ahead: median/p90/max 1.0/1.0/1, nonzero 237
    new field plan_body: median/p90/max 1.0/1.0/1, nonzero 237
    new field plan_body_us: median/p90/max 28189.5/36176.0/45432, nonzero 237
    new field plan_discard: {'': 237, 'not_on_its_parent': 1}
    new field plan_prep_us: median/p90/max 12132.5/19918.0/99409, nonzero 237
    new field plan_topup_txs: median/p90/max 0.0/0.0/0, nonzero 0
    new field prep_from_plan: {'true': 237, 'false': 1}
    new field prev_seal_to_answer_us: median/p90/max 2962.5/4806.0/13889, nonzero 238
    new field prev_seal_to_entry_us: median/p90/max 0.0/0.0/0, nonzero 0
    new field prev_seal_to_header_us: median/p90/max 194.5/347.0/2370, nonzero 238
    new field prev_seal_to_import_us: median/p90/max 262650.0/320242.0/372028, nonzero 218
    new field prev_seal_to_request_us: median/p90/max 921.5/1358.0/200126, nonzero 238
    new field prev_seal_to_start_us: median/p90/max 1277.0/1876.0/200258, nonzero 238
    new field pull_bulk_txs: median/p90/max 400000.0/400000.0/400000, nonzero 238
    new field pull_bulk_us: median/p90/max 8.0/13.0/1671, nonzero 238
    new field rename_fallbacks: median/p90/max 0.0/0.0/0, nonzero 0
    new field rename_record_waits: median/p90/max 0.0/0.0/0, nonzero 0
    new field root_apply_gap_us: median/p90/max 11.0/13.0/21, nonzero 238
    new field root_apply_total_us: median/p90/max 40297.5/55105.0/79067, nonzero 238
    new field root_compute_us: median/p90/max 44296.5/58961.0/134509, nonzero 238
    new field root_delta_us: median/p90/max 2263.5/4380.0/17637, nonzero 238
    new field root_index_us: median/p90/max 4905.0/9954.0/38445, nonzero 238
    new field root_leaves_us: median/p90/max 12587.5/20019.0/36786, nonzero 238
    new field root_note_us: median/p90/max 256.5/394.0/830, nonzero 238
    new field root_ops_ahead: {'true': 238}
    new field root_ops_ahead_wait_us: median/p90/max 10839.0/26676.0/108814, nonzero 238
    new field root_ops_concat_us: median/p90/max 0.0/0.0/0, nonzero 0
    new field root_ops_encode_us: median/p90/max 12199.0/21805.0/82010, nonzero 238
    new field root_ops_finish_us: median/p90/max 4795.5/7461.0/16163, nonzero 238
    new field root_ops_sort_us: median/p90/max 8354.0/18477.0/46756, nonzero 238
    new field root_ops_us: median/p90/max 15903.5/32982.0/114306, nonzero 238
    new field root_rehash_us: median/p90/max 2609.5/3387.0/32555, nonzero 238
    new field root_retire_us: median/p90/max 1826.5/2809.0/12527, nonzero 238
    new field root_sort_us: median/p90/max 618.0/1106.0/3506, nonzero 238
    new field root_undo_us: median/p90/max 677.0/1262.0/6662, nonzero 238
    new field root_writes_us: median/p90/max 15862.0/22701.0/35540, nonzero 238
    new field seal_hashes_ahead: {'true': 238}
    new field seal_on_counters: {'true': 238}
    new field seal_to_complete_us: median/p90/max 236611.5/292549.0/398870, nonzero 238
    new field seal_to_frozen_us: median/p90/max 22579.5/51947.0/74692, nonzero 180
    new field seal_to_merge_end_us: median/p90/max 236495.5/292388.0/398766, nonzero 238
    new field seal_to_merge_start_us: median/p90/max 107172.0/155510.0/224040, nonzero 238
    new field seal_to_ops_ahead_us: median/p90/max 50891.5/84076.0/128944, nonzero 238
    new field seal_to_state_ready_us: median/p90/max 236506.5/292399.0/398782, nonzero 238
    new field sealed_unix_us: median/p90/max 1791422029837531.5/1791422041651533.0/1791422044534555, nonzero 238
    new field start_walk_check_us: median/p90/max 0.0/0.0/335, nonzero 1
    new field start_walk_ids_us: median/p90/max 0.0/0.0/764, nonzero 1
    new field start_walk_settle_us: median/p90/max 0.0/0.0/0, nonzero 0
    new field start_walk_us: median/p90/max 0.0/0.0/9615, nonzero 1
    new field state_wait_us: median/p90/max 35625.5/109175.0/222868, nonzero 238
    new field view_journal_reads: median/p90/max 0.0/32768.0/77824, nonzero 114
    new field view_journal_searches: median/p90/max 0.0/89640.0/183426, nonzero 114
    new field view_journal_skips: median/p90/max 0.0/0.0/0, nonzero 0
    new field whole_take_noted: {'true': 238}
    binding wait (tick / quorum / seal share, mean cycle): tick 52% (108); quorum 45% (146); seal 4% (139); feed-bound (blocks under 95% of the tier): 0 of 237
    slowest key vote delay median/p90 81.1/157.9 ms
    engine own-import total_ms per block median/p90/max 83/121/160 (n=237)
    layer RSS 42.8 -> 36.7 G (max 47.5), in-memory blocks max 12
    execution layer cores busy 32.8    validators cores busy 0.6
  round total (3 windows, canonical): 302.4M tx
  layer peak RSS 47.5 G; in-memory blocks max 12
  fields at seal: mode "early", verified 0, unchecked 0, mismatches 0 (last build line, cumulative)
  own_executed_again (built here and also directly imported): 0 of 784 built blocks
== loop346W2
  layer-0 leader window-1 builds 261: txs mean 400000, share >= 95% of the tier 100% (max 400000); sealed_at_ms 110.0/142.0; par_ms 122.0/173.0; par_exec_ms 38.0/43.0; roots_ms 64.0/89.0; parent_fields_ms 26.0/48.0; sealed_ms 28.0/50.0
  proposal cycle window 1 (n=269): mean 115.3 median 105.8 p90 149.6 ms; blocks in the 30 s: 269
  binding wait (tick / quorum / seal, share and mean cycle): tick 65.4% (106.3); quorum 30.8% (130.6); seal 3.8% (145.7)
  vote delay after the proposal, slowest key per block: median 65.8 p90 131.6 ms (slowest minus the median key: median 0.2); last key: {1: 61, 2: 45, 3: 45, 4: 38, 5: 38, 6: 33} of 260 blocks
  CPU in window 1 (cores busy): execution layers 36.0 over 1 process(es); validators 0.7 over 7 process(es)
  execution layer peak RSS 47.5 G; in-memory blocks max 12 (node0 and others, all layers)
  blocks built here 784; none also directly imported
  import-once counters at the last direct import: ; start-up lines with import_once=true: 1; queue-lock lines 0
  layer-0 queue (queued after canonical prune), median per 10 s: t+0:2332500 t+20:2227250 t+40:2343250 t+60:2368750 t+80:2414750
  flood: median per 5 s 3395952/s, final -
  timeout / given-up lines: 1; 01:12:06 v0 INFO process_event{view=1 kind="message"}: n42::cl::timeout: TC formed
loop346W2 page_faults_per_s_median: node0=180152 
leg loop346W2b: /data free 582G (needs 120 G)
load 10.31 at 21:15:11, waiting
leg loop346W2b start 21:15:41 load 6.25
round loop346W2b exit 0 at 21:18:43
loop346W2b save stages (node0, seconds summed over the leg / count): batch_size=1058.0/349  batch_size=1058.0/349  reth_consensus_engine_beacon_persistence_duration=63.8/349  duration_seconds=60.0/349  total=55.1/349  scope=50.2/349  sf=50.1/349  sf_transactions=49.8/349  qmdb_persisted=24.7/349  sf_account_changesets=21.4/349
el binary: /data/n42-build/target-n42-rs/native/release/n42 env: N42_IMPORT_ONCE=1 N42_SETTLEMENT_TAGS=legacy N42_BUILD_THROTTLE_SOFT=48 F7_EL_MAP=0,0,0,0,0,0,0 N42_FIELDS_AT_SEAL=1 N42_FREEZE_AFTER_SEAL=1 N42_FRAME_BLOCKS=1 N42_TX_INGEST_RECOVER_PARALLEL=24 N42_FREEZE_POOL=own N42_PARALLEL_BUILD_THREADS=32 N42_PLAN_AHEAD=1 N42_HASHED_TABLES=off F7_FLOOD_RATE=6000000 N42_COMPACT_BODY=1 N42_BUILD_BATCHES=128 MALLOC_CONF=thp:always,oversize_threshold:0,dirty_decay_ms:2000,background_thread:true N42_SEAL_ON_COUNTERS=1 N42_ACCOUNT_HISTORY=off N42_TAKE_COMPACT=1 N42_SF_EARLY_WRITEBACK=1 N42_ROAD_RUNTIME=1 N42_TX_INGEST_HIGH_WATER=2500000 F7_BENCH_POOL_SLOTS=3000000 N42_PLAN_AHEAD_BODY=1 N42_SEAL_AT_EXEC=1 N42_TX_QUEUE_DRAIN_CHUNK=8192 N42_ANSWER_LAYOUT_ONLY=1 N42_PULL_BY_FRAMES=1 N42_SF_PARALLEL_ENCODE=1 N42_BUILD_THROTTLE_HARD=80 N42_LIVE_INDEX_DEFER=1 RAYON_NUM_THREADS=16 N42_ROOT_OPS_AHEAD=1 TOKIO_WORKER_THREADS=16 N42_QMDB_READS=on N42_LEADER_LAYERS=3 N42_PERSIST_QMDB_IN_SCOPE=1 F7_BLOCK_INTERVAL_MS=104 F7_MEASURE_FROM_LOG=1
validator env: N42_IMPORT_ONCE=1 N42_SETTLEMENT_TAGS=legacy N42_BUILD_THROTTLE_SOFT=48 F7_EL_MAP=0,0,0,0,0,0,0 N42_FIELDS_AT_SEAL=1 N42_FREEZE_AFTER_SEAL=1 N42_FRAME_BLOCKS=1 N42_TX_INGEST_RECOVER_PARALLEL=24 N42_FREEZE_POOL=own N42_PARALLEL_BUILD_THREADS=32 N42_PLAN_AHEAD=1 N42_HASHED_TABLES=off F7_FLOOD_RATE=6000000 N42_COMPACT_BODY=1 N42_BUILD_BATCHES=128 N42_SEAL_ON_COUNTERS=1 N42_ACCOUNT_HISTORY=off N42_TAKE_COMPACT=1 N42_SF_EARLY_WRITEBACK=1 N42_ROAD_RUNTIME=1 N42_TX_INGEST_HIGH_WATER=2500000 F7_BENCH_POOL_SLOTS=3000000 N42_PLAN_AHEAD_BODY=1 N42_SEAL_AT_EXEC=1 N42_TX_QUEUE_DRAIN_CHUNK=8192 N42_ANSWER_LAYOUT_ONLY=1 N42_PULL_BY_FRAMES=1 N42_SF_PARALLEL_ENCODE=1 N42_BUILD_THROTTLE_HARD=80 N42_LIVE_INDEX_DEFER=1 RAYON_NUM_THREADS=16 N42_ROOT_OPS_AHEAD=1 TOKIO_WORKER_THREADS=16 N42_QMDB_READS=on N42_LEADER_LAYERS=3 N42_PERSIST_QMDB_IN_SCOPE=1 F7_MEASURE_FROM_LOG=1
loop346W2b once: start-up lines import_once=true 1; last direct-import counters 
loop346W2b imports: layers=1 direct_imports=0 canonical_blocks=1454 import_once_lines=1 (per layer: direct imports should equal canonical blocks for one execution per block)
grep: /data/blockchain/rust-fleet7-bench/node1/el.log: No such file or directory
grep: /data/blockchain/rust-fleet7-bench/node2/el.log: No such file or directory
grep: /data/blockchain/rust-fleet7-bench/node3/el.log: No such file or directory
grep: /data/blockchain/rust-fleet7-bench/node1/el.log: No such file or directory
grep: /data/blockchain/rust-fleet7-bench/node2/el.log: No such file or directory
grep: /data/blockchain/rust-fleet7-bench/node3/el.log: No such file or directory
cat: /data/blockchain/rust-fleet7-bench/node2/el.log: No such file or directory
cat: /data/blockchain/rust-fleet7-bench/node2/el.log: No such file or directory
cat: /data/blockchain/rust-fleet7-bench/node2/el.log: No such file or directory
cat: /data/blockchain/rust-fleet7-bench/node1/el.log: No such file or directory
cat: /data/blockchain/rust-fleet7-bench/node2/el.log: No such file or directory
cat: /data/blockchain/rust-fleet7-bench/node3/el.log: No such file or directory
loop346W2b no_variant=0 own_not_committed=0 tc=1 invalid_blocks=0 incomplete=0 gas_mismatch=0 direct_imports_failed=0 stuck_at_hashed_state=0 engine_idles_over_5s=1 proposals_given_up=0 tables_off_nodes=1 unanswered_reads=0 seal_first_total=775 seal_first_direct=775 direct_guard_errors=0 commit_ms_median=0 fold_ms_median=21 sealed_at_ms_median=111 state_ready_ms_median=204 build_total_ms_median=361 recover_us_median=0 par_exec_ms_median=36 par_exec_ms_median=36 giveback_filtered=0 giveback_offered_max=400000 seal_first=775 reader_lag_max=9 reader_lag_warns=0 view_invalidated=0 el_sum_peak_g=45.3 el_max_peak_g=45.3 val_sum_peak_g=1.9 flood_peak_g=0.6 two_roads_blocks=0 two_roads_overlap_ms_median=- exec_on_output_declined=0 r1_collect_ms_median=5 proposal_at_ms_median=92 view_total_ms_median=105 import_exec_ms_median=- import_total_ms_median=- import_senders_ms_median=- import_convert_ms_median=- import_groups_median=- imports_over_600ms=0 min_avail_g=65.0 road_foreign_body_recv_ms=- road_foreign_body_decode_ms=- road_foreign_body_senders_ms=- road_foreign_body_parent_wait_ms=- road_foreign_body_check_ms=- road_foreign_body_total_ms=- road_new_payload_recv_ms=- road_new_payload_decode_ms=- road_new_payload_senders_ms=- road_new_payload_parent_wait_ms=- road_new_payload_check_ms=- road_new_payload_total_ms=- road_foreign_body_blocks=0 road_new_payload_blocks=0 fcu_answered=680 fcu_in_flight_ms_median=4 fcu_queued_ms_median=0 fcu_queued_ms_max=184 fcu_refused=0 fcu_slow=1111 bodies_held=0 road_reuse_ms=- road_prepare_ms=- road_dispatch_ms=- road_convert_ms=- road_remember_ms=- road_header_ms=- road_fields_ms=- road_other_ms=- import_engine_ms_median=- gate_forced=0 gate_warns=0 flood_timeouts=0 canonical_min=1466 canonical_max=1466 chained_builds=1091 chain_lead_ms_median=86 chain_wait_ms_median=30 chain_started=1095 chain_discarded=4 chain_discard_reasons=_1_reason="no_,_1_reason="the_build_was_aborted,_1_reason="the_chained_build_produced_nothing,_2_reason="the_execution_layer_produced_nothing,_1_reason="the_request_names_another_parent chain_alias_warns=0 el_chained=1099 bodies_held_warns=0 el_build_refused=4 el_build_refused_reasons=_2_the_build_was_aborted,_2_no_QMDB_tree_for_parent_block_0x queued_p5=2114500 queued_p50=2353000 road_compact_blocks=0 road_compact_recv_ms=- road_compact_assemble_ms=- road_compact_root_ms=- road_compact_miss_wait_ms=- road_compact_senders_ms=- road_compact_check_ms=- road_compact_other_ms=- road_compact_total_ms=- road_compact_misses_total= compact_refused_el=0 compact_fallbacks=0 compact_bytes_median=- pool_order9=14633 par_pull_ms_median=0 build_total_ms_median2=127 road_compact_filled_blocks=0 road_compact_filled_median=- road_compact_fill_ms_median=- need_txns=0 fill_failed=0 ingest_rate_gate_open_median=- ingest_gate_open_intervals=0 ingest_slots_busy_median=- flood_rate= fill_asked_proposer=0 fill_asked_other=0 loop_lines=976 loop_unnamed_ms_median=90 loop_body_served_ms_median=- loop_txns_served_ms_median=- import_exec_ms_median2=- pip_partition_ms=- pip_env_ms=- pip_batch_ms=- pip_groups_ms=- pip_gas_ms=- pip_merge_ms=- pip_receipts_ms=- pip_drop_ms=- pip_other_ms=- pip_total_ms=- senders_indexed_median=- road_senders_ms_median=- road_total_ms_median=- pew_ms_median=- pew_ms_p90= gate_ms_median=- gate_ms_p90= root_ms_p50=- root_ms_p90= two_roads=0 not_on_output=0 not_on_output_why= ckpt_ms_first_q=4 ckpt_ms_last_q=62 ckpt_bytes_last=35048932 parent_still_importing=9 root_wait_ms_p50=- root_wait_ms_p90= tenures_low_seal=13 seal_first_share=0.99 empty_over_deep=0 near_empty_warns=0 no_seal_why=_1_why="the_parallel_step_built_nothing" par_skipped_median=- usable_p5=2114000 ckpt_replay_ms_last_q=18 candidates_zero=0 dropped_ingest=0 let_go_warns=0 let_go_reasons= parked_p50=0 parked_max=0 held_warns=0 park_capped_total=0 superseded_builds=1 empty_not_superseded=0 mass_park_warns=0 heads_lines=0 holes_lines=0 stale_parent_refusals=0 par_groups_p5=0 cancelled_decided=0 heads_nonce0=0 stale_unconfirmed= handovers=9 el_panics=0 decided_cancelled=0 min_window_blocks=242 road_desc_blocks=0 road_desc_total_ms=- road_desc_copy_ms=- desc_misses=0 fill_failed2=0 sf_par_collect_ms=0 sf_par_commit_ms=0 sf_par_fold_ms=12 sf_par_graft_ms=0 sf_par_prefault_ms=0 sf_par_exec_ms=14 sf_sealed_at_ms=124 sf_roots_ms=35 sf_state_ready_ms=84 sf_total_ms=225 ba_find_ms=0 ba_queue_ms=0 ba_total_ms=127 ba_on_output=1 queue_fold_us=0 queue_lock_us=0 sf_par_exec_ms=14 sf_par_fold_ms=12 pip_groups_ms=- import_exec_ms_median2=- reads_d0=0 reads_hist=0 f_reads_d0=- f_reads_hist=- f_overlay_depth=- L_read_set_ms=0 read_set_accounts=0 read_set_unresolved=0 read_set_hits=0 read_set_misses=0 start_best_ms=- par_prep_ms=- gap_before_exec_ms=- gap_after_exec_ms=- gap_before_seal_ms=- index_ms=- road_copy_aside_ms=- road_copy_wait_ms=- road_total_ms=- queue_first_miss=queue_first_miss=18446744073709551615:781,queue_first_miss=0:673 root_append_behind=0 populate_lag_mb=0 swap_used_g=0 root_faults=- root_faults_p90= root_faults_entries=0 root_faults_offsets=0 root_faults_index=0 root_faults_bits=0 root_faults_twigs=0 root_faults_undo=0 root_faults_tmp=0 root_append_faults=11 root_twig_pool_misses=0 batch_max_ms=13 batch_min_ms=4 batch_median_ms=7 batch_cpu_max_ms=13 batch_txs_max=3500 batch_txs_min=3000 batch_start_skew_ms=28 batch_wait_ms=0 loop_fetch_ns=0 loop_check_ns=0 loop_transfer_ns=0 loop_receipt_ns=0 loop_gas_ns=0 loop_sink_ns=0 loop_other_ns=0 batch_setup_ns=0 batch_close_ns=0 imp_exec_part_ms=- imp_exec_batches_ms=- imp_exec_graft_ms=- imp_exec_batches=- imp_exec_threads=- imp_exec_batch_max_ms=- imp_exec_batch_median_ms=- imp_parent_output_wait_ms=- road_parent_output_wait_ms=- next_start_gap_ms=1 next_entry_gap_ms=0 commit_body_ahead_used=- imp_exec_keys_ms=- imp_keys_ahead=- imp_exec_sink_ms=- imp_exec_pre_ms=- imp_exec_post_ms=- imp_exec_receipts_ms=- imp_exec_drop_ms=- root_gap_ms=- queue_whole=queue_whole=true:781,queue_whole=false:673 tick_tick_late_us=697 tick_preamble_us=344 tick_take_sealed_us=2 tick_sign_us=0 tick_cache_us=0 tick_presealed=- tick_describe_us=13 tick_publish_us=601 tick_tick_to_send_us=1756 road_check_ms=- road_check_include_us=- road_check_scan_us=- road_check_fold_us=- road_check_senders_us=- road_check_frames_summarized=- road_check_frames_scanned=- imp_exec_start_gap_us=- imp_gap_road_us=- imp_gap_header_us=- imp_gap_senders_us=- imp_gap_parent_us=- imp_gap_setup_us=- imp_gap_keys_wait_us=- sealed_at_p90= sealed_over_130=0 roots_ms=- cycle_p90=61/65/63 batch_max_ms=- batch_median_ms=- imp_batch_max=- forest_lock_warns=1465 root_seal_ms=1 root_seals=41 root_majflt=4535 roots_p90= gp_layer=782 ggp_missing=235 state_wait_split=0/0/0/0:85,15/0/0/0:27,16/0/0/0:24 qmdb_releases=0 state_wait_on= imp_road_end_ms=- imp_exec_start_ms=- imp_exec_end_ms=- imp_root_end_ms=- imp_fields_ready_ms=- imp_parent_fields_wait_ms=- imp_exec_ms=- imp_root_ms=- imp_checks_ms=- imp_engine_ms=- imp_total_ms=- road_parent_fields_wait_ms=- exec_read_ms=0 L_exec_evm_ms=0 L_exec_write_ms=0 L_exec_other_ms=0 L_reads_cache=0 L_reads_provider=0 L_reads_view=0 L_graft_base_ms=0 L_graft_reserve_ms=0 L_graft_insert_ms=0 L_graft_reverts_ms=0 L_graft_other_ms=0 L_par_exec_ms=14 L_par_graft_ms=0 F_exec_read_ms=- F_exec_evm_ms=- F_exec_write_ms=- F_exec_other_ms=- F_reads_cache=- F_reads_provider=- F_reads_view=- F_groups_ms=- L_tx_root_wait_ms=0 L_par_exec_ms=14 L_par_graft_ms=0 L_par_fold_ms=12 L_sealed_ms=0 L_state_ready_ms=84 L_roots_ms=35 L_finish_ms=84 L_total_ms=225 L_setup_ms=0 L_par_pull_ms=0 L_give_back_ms=0 L_state_wait_ms=107 L_state_after_pull=775 L_seal_at_exec=775 L_tx_root_ahead=0 flood_w1=3358727 txs_p10=400000 acq_us=465 slots_busy=14 ingest_rate=3359274 L_scope_join_ms=0 L_par_release_ms=0 L_commit_body_ms=0 L_par_commit_ms=0 L_give_back_ms=0 L_sealed_ms=0 L_par_exec_ms=14 L_state_wait_ms=107 L_par_pull_ms=0 L_par_prep_ms=0 L_par_start_ms=1 L_pre_exec_ms=0 L_par_run_ms=122 L_sealed_at_ms=124 F_partition_ms=- F_env_ms=- F_groups_ms=- F_merge_ms=- F_reverts_wait_ms=- F_ahead_wait_ms=- F_total_ms=- I_engine_ms=- I_root_ms=- I_total_ms=- H_engine_remember_ms=- H_engine_listing_ms=- H_engine_new_payload_ms=- busy_us=1 L_par_start_ms=1 L_start_handoff_ms=0 L_start_best_ms=1 L_start_puller_ms=0 L_par_pull_ms=0 L_par_prep_ms=0 L_state_wait_ms=107 L_par_exec_ms=14 L_par_commit_ms=0 L_sealed_ms=0 L_sealed_at_ms=124 L_par_graft_ms=0 L_graft_insert_ms=0 L_graft_reverts_ms=0 L_graft_split_us=0 L_graft_build_us=0 L_graft_merge_us=0 L_state_ready_ms=84 Q_queue_ms=0 R_dispatch_wait_ms=- R_total_ms=- R_road_runtime=1 gate_holds=0 peer_fetch=0 pool_limit=limit=8 gate_opened=gate_opened_for_block=0 I_root_ms=- flood_rate_hdr=rate=6000000/s fills=0 fill_waited=- slots_busy=14 acq_us=465 busy_us=1 converged=0 fallbacks=0 busy_us=1 recover_us=0 tf_on_output=1 tf_fallback=0 still_importing=9 busy_us=1 slots_busy=14 batches=altsig_txs=0 altsig_batches=0 tf_on_output=1 tf_fallback=0 gate_holds=0 sign_s=sign 0s replay_note=replay       : 64 files from /data/n42-pregen/g900000-400m, 400000000 transactio sign_s=sign 0s shard=shard_verified=0 shard_claimed=0 road_verified=- slots_busy=14 gate_us=5286 reply_us=5851 queued=2353000 assemble_ms=- road_take_ms=- road_body_ms=- road_encode_ms=- shards=16 shard_insert_ms=0 shard_wait_ms=0 shard_fold_ms=48 shard_append_ms=33 shard_merge_ms=128 state_ready_ms=204 roots_ms=65 exec_read_ms=0 exec_evm_ms=0 exec_write_ms=0 exec_other_ms=0 reads_cache=0 reads_provider=0 reads_view=0 par_run_ms=67 fold_task_cpu_max_us=46955 fold_task_minflt_max=43 fold_task_minflt_sum=48 fold_task_migrated=0 fold_task_nivcsw_max=0 fold_index=1 fold_index_build_ms=47 fold_index_conflicts=32037 fold_queue_us=69 fold_skew_us=37 fold_task_max_us=46974 fold_tail_us=32 start_best_ms=1 start_select_ms=0 start_walk_ms=0 start_walk_check_ms=0 start_best_other_ms=0 start_frames_by_ref=0 start_frames_slow=0 start_pull_ms=0 start_other_ms=0 start_handoff_ms=0 par_start_ms=1 par_prep_ms=0 par_commit_ms=0 commit_body_ms=0 par_fold_ms=21 sealed_ms=26 copy_ms=- prune_ms=0 frames=- frames_missing=- frame_root_ms=- root_ms=- frames_admitted=frames_admitted=619516 frames_unaligned=0 frame_root_indexed=- seal_layout_ms=1 seal_root_ms=0 attested= busy_us=1 slots_busy=14 reply_us=5851 prune_ms=0 body_refused=0 body_failed_late=0
loop346W2b win1 tps=3,159,867 txs=94,796,000 blocks= 474 cycle=0.063s occupancy= 99.9% full(>=95%)=473/474 basefee=n/a (from the layer's log)
loop346W2b win2 tps=3,100,000 txs=93,000,000 blocks= 465 cycle=0.065s occupancy=100.0% full(>=95%)=465/465 basefee=n/a (from the layer's log)
loop346W2b win3 tps=3,020,000 txs=90,600,000 blocks= 453 cycle=0.066s occupancy=100.0% full(>=95%)=453/453 basefee=n/a (from the layer's log)
loop346W2b win1 tps=3,186,667 txs=95,600,000 blocks= 478 cycle=0.063s occupancy=100.0% full(>=95%)=478/478 basefee=n/a (from the layer's log)
loop346W2b win2 tps=3,213,333 txs=96,400,000 blocks= 482 cycle=0.062s occupancy=100.0% full(>=95%)=482/482 basefee=n/a (from the layer's log)
loop346W2b win3 tps=3,033,333 txs=91,000,000 blocks= 455 cycle=0.066s occupancy=100.0% full(>=95%)=455/455 basefee=n/a (from the layer's log)
loop346W2b win1 tps=3,106,667 txs=93,200,000 blocks= 466 cycle=0.064s occupancy=100.0% full(>=95%)=466/466 basefee=n/a (from the layer's log)
loop346W2b win2 tps=3,146,667 txs=94,400,000 blocks= 472 cycle=0.064s occupancy=100.0% full(>=95%)=472/472 basefee=n/a (from the layer's log)
loop346W2b win3 tps=2,913,333 txs=87,400,000 blocks= 437 cycle=0.069s occupancy=100.0% full(>=95%)=437/437 basefee=n/a (from the layer's log)
loop346W2b win1 tps=3,440,000 txs=103,200,000 blocks= 258 cycle=0.116s occupancy= 99.6% full(>=95%)=257/258 basefee=n/a (from the layer's log)
loop346W2b win2 tps=3,386,667 txs=101,600,000 blocks= 254 cycle=0.118s occupancy=100.0% full(>=95%)=254/254 basefee=n/a (from the layer's log)
loop346W2b win3 tps=3,226,667 txs=96,800,000 blocks= 242 cycle=0.124s occupancy=100.0% full(>=95%)=242/242 basefee=n/a (from the layer's log)
loop346W2b tps=3,159,867
tps=3,186,667
tps=3,106,667
tps=3,440,000 round_txs=1137996000 cycles_w1=
loop346W2b imp_fields_p90= b_p75=75
loop346W2b overlay: filter_skips=0 probes=0 ratio=- (ratio = skips/(skips+probes))
loop346W2b overlay_manager:       1 state_trie_overlay=false  state-ovly_cpu=0
loop346W2b verify: written to /data/blockchain/rust-fleet7-bench/bench-loop346W2b/verify.json
== loop346W2b  (E=1: seven validator keys on one execution layer)
  window 1: canonical 258 blocks, 103.2M tx = 3,440,000/s (100.0% of window 1), full 257/258 (100%); cycle mean/median/p90 116.4/105.7/151.3 ms
    leader builds 258: sealed_at median/p90/p99 110/145/179; phases median/p90 ms: gap_before_exec 32/96, state_wait 30/95, par 126/181, par_exec 35/42, roots 63/87, parent_fields 25/52, sealed 27/54
    state_wait_on {'output': 182, 'grandparent': 57, 'none': 19}; builds with state_wait > 20 ms: 163 ([('output', 109), ('grandparent', 54)]); gp_layer {1.0: 258}, ggp_missing {0.0: 188, 1.0: 70}
    queue at the builds min/median 2,112,000/2,342,750
    new field batch_cpu_sum_us: median/p90/max 974223.0/1150659.0/1937923, nonzero 258
    new field batch_dispatch_us: median/p90/max 274.0/365.0/1264, nonzero 258
    new field batch_first_start_us: median/p90/max 93.0/144.0/279, nonzero 258
    new field batch_ivcsw: median/p90/max 3.0/10.0/30, nonzero 214
    new field batch_last_end_us: median/p90/max 35475.5/42120.0/65529, nonzero 258
    new field batch_last_start_us: median/p90/max 27375.5/32453.0/54089, nonzero 258
    new field batch_live_deferred: median/p90/max 83.0/87.0/92, nonzero 258
    new field batch_live_lock_hold_us: median/p90/max 18573.0/21442.0/25209, nonzero 258
    new field batch_live_lock_wait_us: median/p90/max 0.0/0.0/0, nonzero 0
    new field batch_live_lock_waits: median/p90/max 0.0/0.0/0, nonzero 0
    new field batch_majflt: median/p90/max 0.0/0.0/0, nonzero 0
    new field batch_minflt: median/p90/max 1550.0/18305.0/45810, nonzero 258
    new field batch_open_max_us: median/p90/max 505.0/610.0/2535, nonzero 258
    new field batch_open_sum_us: median/p90/max 12468.5/15147.0/18954, nonzero 258
    new field batch_threads: median/p90/max 32.0/32.0/32, nonzero 258
    new field batch_vcsw: median/p90/max 187.0/356.0/677, nonzero 258
    new field batch_view_index_wait_us: median/p90/max 0.0/21908.0/58302, nonzero 58
    new field batch_view_index_waits: median/p90/max 0.0/155.0/455, nonzero 58
    new field batch_view_slot_wait_us: median/p90/max 0.0/575.0/2462, nonzero 67
    new field batch_view_slot_waits: median/p90/max 0.0/21.0/107, nonzero 67
    new field batch_wall_sum_us: median/p90/max 982027.0/1165796.0/1942195, nonzero 258
    new field batches: median/p90/max 128.0/128.0/128, nonzero 258
    new field build_batches: median/p90/max 128.0/128.0/128, nonzero 258
    new field carried_depth: median/p90/max 1.0/1.0/1, nonzero 258
    new field exec_end_to_seal_us: median/p90/max 120.0/172.0/530, nonzero 258
    new field exec_partition_us: median/p90/max 12.0/16.0/26, nonzero 258
    new field exec_prepared_groups: {'true': 258}
    new field exec_prepared_slots: {'true': 258}
    new field exec_slots_us: median/p90/max 0.0/0.0/0, nonzero 0
    new field freeze_join_wait_us: median/p90/max 23115.5/51881.0/99825, nonzero 258
    new field freeze_late: {'true': 258}
    new field freeze_pool_own: {'true': 258}
    new field live_index_defer: {'true': 258}
    new field merge_accounts: median/p90/max 364331.5/374125.0/379973, nonzero 258
    new field merge_append_us: median/p90/max 8359.0/18033.0/33612, nonzero 258
    new field merge_reverts: median/p90/max 364331.5/374125.0/379973, nonzero 258
    new field merge_reverts_us: median/p90/max 32036.5/44126.0/63978, nonzero 258
    new field merge_state_us: median/p90/max 84415.0/98352.0/118122, nonzero 258
    new field merge_tail_us: median/p90/max 0.0/0.0/1, nonzero 1
    new field merge_threads: median/p90/max 1.0/1.0/1, nonzero 258
    new field one_wave: {'false': 258}
    new field open_engine_us: median/p90/max 0.0/60395.0/139186, nonzero 70
    new field open_fallback: {'false': 188, 'true': 70}
    new field open_keep_us: median/p90/max 6.0/9.0/30, nonzero 258
    new field open_layers: median/p90/max 3.0/3.0/3, nonzero 258
    new field open_provider_us: median/p90/max 121.0/208.0/758, nonzero 258
    new field plan_age_us: median/p90/max 98116.0/135490.0/217962, nonzero 258
    new field plan_ahead: median/p90/max 1.0/1.0/1, nonzero 258
    new field plan_body: median/p90/max 1.0/1.0/1, nonzero 258
    new field plan_body_us: median/p90/max 25254.5/30371.0/40250, nonzero 258
    new field plan_discard: {'': 258}
    new field plan_prep_us: median/p90/max 12430.5/18446.0/38532, nonzero 258
    new field plan_topup_txs: median/p90/max 0.0/0.0/0, nonzero 0
    new field prep_from_plan: {'true': 258}
    new field prev_seal_to_answer_us: median/p90/max 3350.5/4941.0/11926, nonzero 258
    new field prev_seal_to_entry_us: median/p90/max 0.0/0.0/0, nonzero 0
    new field prev_seal_to_header_us: median/p90/max 222.0/315.0/612, nonzero 258
    new field prev_seal_to_import_us: median/p90/max 245409.0/298798.0/341254, nonzero 244
    new field prev_seal_to_request_us: median/p90/max 949.0/1242.0/145080, nonzero 258
    new field prev_seal_to_start_us: median/p90/max 1230.5/1580.0/145448, nonzero 258
    new field pull_bulk_txs: median/p90/max 400000.0/400000.0/400000, nonzero 258
    new field pull_bulk_us: median/p90/max 8.0/12.0/46, nonzero 258
    new field rename_fallbacks: median/p90/max 0.0/0.0/0, nonzero 0
    new field rename_record_waits: median/p90/max 0.0/0.0/0, nonzero 0
    new field root_apply_gap_us: median/p90/max 11.0/13.0/28, nonzero 258
    new field root_apply_total_us: median/p90/max 39906.0/55174.0/77052, nonzero 258
    new field root_compute_us: median/p90/max 43334.5/59669.0/87376, nonzero 258
    new field root_delta_us: median/p90/max 2000.0/4280.0/32059, nonzero 258
    new field root_index_us: median/p90/max 4731.0/8926.0/31443, nonzero 258
    new field root_leaves_us: median/p90/max 12716.5/19620.0/47538, nonzero 258
    new field root_note_us: median/p90/max 265.0/418.0/2678, nonzero 258
    new field root_ops_ahead: {'true': 258}
    new field root_ops_ahead_wait_us: median/p90/max 11523.0/26013.0/46678, nonzero 258
    new field root_ops_concat_us: median/p90/max 0.0/0.0/0, nonzero 0
    new field root_ops_encode_us: median/p90/max 12897.0/23150.0/44222, nonzero 258
    new field root_ops_finish_us: median/p90/max 4576.5/5789.0/11664, nonzero 258
    new field root_ops_sort_us: median/p90/max 9077.0/16117.0/26287, nonzero 258
    new field root_ops_us: median/p90/max 16042.5/30536.0/51563, nonzero 258
    new field root_rehash_us: median/p90/max 1503.5/2028.0/32144, nonzero 258
    new field root_retire_us: median/p90/max 1748.5/2916.0/6245, nonzero 258
    new field root_sort_us: median/p90/max 598.5/1566.0/6270, nonzero 258
    new field root_undo_us: median/p90/max 739.5/1234.0/3659, nonzero 258
    new field root_writes_us: median/p90/max 16307.5/22317.0/39080, nonzero 258
    new field seal_hashes_ahead: {'true': 258}
    new field seal_on_counters: {'true': 258}
    new field seal_to_complete_us: median/p90/max 233626.0/273734.0/312715, nonzero 258
    new field seal_to_frozen_us: median/p90/max 23119.0/51834.0/99796, nonzero 208
    new field seal_to_merge_end_us: median/p90/max 233510.5/273597.0/312629, nonzero 258
    new field seal_to_merge_start_us: median/p90/max 103650.0/135005.0/156168, nonzero 258
    new field seal_to_ops_ahead_us: median/p90/max 50466.5/83520.0/109603, nonzero 258
    new field seal_to_state_ready_us: median/p90/max 233521.5/273608.0/312638, nonzero 258
    new field sealed_unix_us: median/p90/max 1791422242248171.0/1791422254547028.0/1791422257604913, nonzero 258
    new field start_walk_check_us: median/p90/max 0.0/0.0/0, nonzero 0
    new field start_walk_ids_us: median/p90/max 0.0/0.0/0, nonzero 0
    new field start_walk_settle_us: median/p90/max 0.0/0.0/0, nonzero 0
    new field start_walk_us: median/p90/max 0.0/0.0/0, nonzero 0
    new field state_wait_us: median/p90/max 31226.0/95568.0/190650, nonzero 258
    new field view_journal_reads: median/p90/max 0.0/49152.0/110592, nonzero 127
    new field view_journal_searches: median/p90/max 0.0/130286.0/250545, nonzero 127
    new field view_journal_skips: median/p90/max 0.0/0.0/0, nonzero 0
    new field whole_take_noted: {'true': 258}
    binding wait (tick / quorum / seal share, mean cycle): tick 63% (107); quorum 33% (131); seal 5% (149); feed-bound (blocks under 95% of the tier): 1 of 258
    slowest key vote delay median/p90 65.6/136.1 ms
    engine own-import total_ms per block median/p90/max 70/102/150 (n=257)
    layer RSS 11.6 -> 35.4 G (max 35.6), in-memory blocks max 11
    execution layer cores busy 34.8    validators cores busy 0.7
    flood delivered (median per 5 s over the leg) 3,361,568/s
  window 2: canonical 254 blocks, 101.6M tx = 3,386,667/s (98.4% of window 1), full 254/254 (100%); cycle mean/median/p90 118.0/105.9/155.4 ms
    leader builds 254: sealed_at median/p90/p99 111/141/171; phases median/p90 ms: gap_before_exec 26/89, state_wait 25/88, par 119/171, par_exec 37/42, roots 66/94, parent_fields 23/50, sealed 25/54
    state_wait_on {'grandparent': 60, 'none': 31, 'output': 163}; builds with state_wait > 20 ms: 147 ([('output', 91), ('grandparent', 56)]); gp_layer {1.0: 254}, ggp_missing {1.0: 76, 0.0: 178}
    queue at the builds min/median 1,998,000/2,358,250
    new field batch_cpu_sum_us: median/p90/max 1025120.0/1173232.0/1568883, nonzero 254
    new field batch_dispatch_us: median/p90/max 290.0/402.0/1161, nonzero 254
    new field batch_first_start_us: median/p90/max 98.5/183.0/296, nonzero 254
    new field batch_ivcsw: median/p90/max 3.0/10.0/36, nonzero 211
    new field batch_last_end_us: median/p90/max 36954.5/42665.0/53305, nonzero 254
    new field batch_last_start_us: median/p90/max 28768.5/33634.0/46246, nonzero 254
    new field batch_live_deferred: median/p90/max 83.0/95.0/232, nonzero 254
    new field batch_live_lock_hold_us: median/p90/max 19766.5/24614.0/48782, nonzero 254
    new field batch_live_lock_wait_us: median/p90/max 0.0/0.0/0, nonzero 0
    new field batch_live_lock_waits: median/p90/max 0.0/0.0/0, nonzero 0
    new field batch_majflt: median/p90/max 0.0/0.0/1, nonzero 1
    new field batch_minflt: median/p90/max 2343.5/23237.0/57919, nonzero 254
    new field batch_open_max_us: median/p90/max 502.5/622.0/1471, nonzero 254
    new field batch_open_sum_us: median/p90/max 12368.0/15757.0/18790, nonzero 254
    new field batch_threads: median/p90/max 32.0/32.0/32, nonzero 254
    new field batch_vcsw: median/p90/max 189.5/355.0/599, nonzero 254
    new field batch_view_index_wait_us: median/p90/max 0.0/20764.0/56623, nonzero 61
    new field batch_view_index_waits: median/p90/max 0.0/165.0/382, nonzero 61
    new field batch_view_slot_wait_us: median/p90/max 0.0/409.0/1300, nonzero 63
    new field batch_view_slot_waits: median/p90/max 0.0/20.0/50, nonzero 63
    new field batch_wall_sum_us: median/p90/max 1028925.0/1188063.0/1570511, nonzero 254
    new field batches: median/p90/max 128.0/128.0/128, nonzero 254
    new field build_batches: median/p90/max 128.0/128.0/128, nonzero 254
    new field carried_depth: median/p90/max 1.0/1.0/1, nonzero 254
    new field exec_end_to_seal_us: median/p90/max 125.0/194.0/586, nonzero 254
    new field exec_partition_us: median/p90/max 12.0/18.0/4584, nonzero 254
    new field exec_prepared_groups: {'true': 253, 'false': 1}
    new field exec_prepared_slots: {'true': 253, 'false': 1}
    new field exec_slots_us: median/p90/max 0.0/0.0/9537, nonzero 2
    new field freeze_join_wait_us: median/p90/max 21093.5/51319.0/94843, nonzero 254
    new field freeze_late: {'true': 254}
    new field freeze_pool_own: {'true': 254}
    new field live_index_defer: {'true': 254}
    new field merge_accounts: median/p90/max 368773.0/376530.0/384937, nonzero 254
    new field merge_append_us: median/p90/max 7021.0/20109.0/38324, nonzero 254
    new field merge_reverts: median/p90/max 368773.0/376530.0/384937, nonzero 254
    new field merge_reverts_us: median/p90/max 30537.5/42933.0/57920, nonzero 254
    new field merge_state_us: median/p90/max 89530.0/105594.0/127419, nonzero 254
    new field merge_tail_us: median/p90/max 0.0/0.0/1, nonzero 3
    new field merge_threads: median/p90/max 1.0/1.0/1, nonzero 254
    new field one_wave: {'false': 254}
    new field open_engine_us: median/p90/max 0.0/60380.0/179398, nonzero 76
    new field open_fallback: {'false': 178, 'true': 76}
    new field open_keep_us: median/p90/max 6.0/9.0/31, nonzero 254
    new field open_layers: median/p90/max 3.0/3.0/3, nonzero 254
    new field open_provider_us: median/p90/max 116.0/236.0/542, nonzero 254
    new field plan_age_us: median/p90/max 98460.0/131958.0/276316, nonzero 254
    new field plan_ahead: median/p90/max 1.0/1.0/1, nonzero 254
    new field plan_body: median/p90/max 1.0/1.0/2, nonzero 254
    new field plan_body_us: median/p90/max 28622.5/33744.0/40455, nonzero 253
    new field plan_discard: {'': 254}
    new field plan_prep_us: median/p90/max 12850.0/20434.0/47406, nonzero 254
    new field plan_topup_txs: median/p90/max 0.0/0.0/0, nonzero 0
    new field prep_from_plan: {'true': 253, 'false': 1}
    new field prev_seal_to_answer_us: median/p90/max 3140.5/5104.0/12618, nonzero 254
    new field prev_seal_to_entry_us: median/p90/max 0.0/0.0/0, nonzero 0
    new field prev_seal_to_header_us: median/p90/max 206.0/316.0/760, nonzero 254
    new field prev_seal_to_import_us: median/p90/max 256220.5/307418.0/354096, nonzero 243
    new field prev_seal_to_request_us: median/p90/max 951.5/1286.0/155042, nonzero 254
    new field prev_seal_to_start_us: median/p90/max 1277.0/1648.0/155329, nonzero 254
    new field pull_bulk_txs: median/p90/max 400000.0/400000.0/400000, nonzero 254
    new field pull_bulk_us: median/p90/max 8.0/13.0/2476, nonzero 254
    new field rename_fallbacks: median/p90/max 0.0/0.0/0, nonzero 0
    new field rename_record_waits: median/p90/max 0.0/0.0/0, nonzero 0
    new field root_apply_gap_us: median/p90/max 11.0/14.0/18, nonzero 254
    new field root_apply_total_us: median/p90/max 41493.0/55689.0/82386, nonzero 254
    new field root_compute_us: median/p90/max 45067.0/61382.0/87071, nonzero 254
    new field root_delta_us: median/p90/max 2207.0/4402.0/17308, nonzero 254
    new field root_index_us: median/p90/max 4710.5/8791.0/21377, nonzero 254
    new field root_leaves_us: median/p90/max 12489.0/20050.0/45855, nonzero 254
    new field root_note_us: median/p90/max 274.0/454.0/1873, nonzero 254
    new field root_ops_ahead: {'true': 254}
    new field root_ops_ahead_wait_us: median/p90/max 8869.0/23037.0/54305, nonzero 254
    new field root_ops_concat_us: median/p90/max 0.0/0.0/0, nonzero 0
    new field root_ops_encode_us: median/p90/max 12219.5/22207.0/49256, nonzero 254
    new field root_ops_finish_us: median/p90/max 4657.5/6963.0/12320, nonzero 254
    new field root_ops_sort_us: median/p90/max 7844.5/15495.0/29727, nonzero 254
    new field root_ops_us: median/p90/max 14121.0/29509.0/60928, nonzero 254
    new field root_rehash_us: median/p90/max 2095.5/2728.0/20836, nonzero 254
    new field root_retire_us: median/p90/max 1724.0/3222.0/9118, nonzero 254
    new field root_sort_us: median/p90/max 624.0/1517.0/5861, nonzero 254
    new field root_undo_us: median/p90/max 705.5/1318.0/3674, nonzero 254
    new field root_writes_us: median/p90/max 16828.5/24500.0/45393, nonzero 254
    new field seal_hashes_ahead: {'true': 254}
    new field seal_on_counters: {'true': 254}
    new field seal_to_complete_us: median/p90/max 238818.5/278880.0/345442, nonzero 254
    new field seal_to_frozen_us: median/p90/max 21127.5/51288.0/94782, nonzero 217
    new field seal_to_merge_end_us: median/p90/max 238718.5/278752.0/345334, nonzero 254
    new field seal_to_merge_start_us: median/p90/max 105500.0/139248.0/173524, nonzero 254
    new field seal_to_ops_ahead_us: median/p90/max 47097.0/81059.0/120453, nonzero 254
    new field seal_to_state_ready_us: median/p90/max 238727.0/278760.0/345341, nonzero 254
    new field sealed_unix_us: median/p90/max 1791422272472511.5/1791422284590500.0/1791422287570811, nonzero 254
    new field start_walk_check_us: median/p90/max 0.0/0.0/0, nonzero 0
    new field start_walk_ids_us: median/p90/max 0.0/0.0/0, nonzero 0
    new field start_walk_settle_us: median/p90/max 0.0/0.0/0, nonzero 0
    new field start_walk_us: median/p90/max 0.0/0.0/0, nonzero 0
    new field state_wait_us: median/p90/max 25621.5/88089.0/222452, nonzero 254
    new field view_journal_reads: median/p90/max 4096.0/40960.0/73728, nonzero 130
    new field view_journal_searches: median/p90/max 9998.0/108838.0/191965, nonzero 130
    new field view_journal_skips: median/p90/max 0.0/0.0/0, nonzero 0
    new field whole_take_noted: {'true': 254}
    binding wait (tick / quorum / seal share, mean cycle): tick 65% (107); quorum 35% (137); seal 0% (216); feed-bound (blocks under 95% of the tier): 0 of 254
    slowest key vote delay median/p90 65.9/143.8 ms
    engine own-import total_ms per block median/p90/max 78/112/158 (n=254)
    layer RSS 35.6 -> 42.9 G (max 42.9), in-memory blocks max 10
    execution layer cores busy 34.8    validators cores busy 0.7
  window 3: canonical 242 blocks, 96.8M tx = 3,226,667/s (93.8% of window 1), full 242/242 (100%); cycle mean/median/p90 121.5/107.2/162.6 ms
    leader builds 242: sealed_at median/p90/p99 112/155/192; phases median/p90 ms: gap_before_exec 30/93, state_wait 30/92, par 126/182, par_exec 36/41, roots 67/102, parent_fields 26/62, sealed 28/64
    state_wait_on {'output': 152, 'grandparent': 66, 'none': 24}; builds with state_wait > 20 ms: 141 ([('output', 77), ('grandparent', 64)]); gp_layer {1.0: 242}, ggp_missing {0.0: 161, 1.0: 81}
    queue at the builds min/median 2,108,500/2,470,500
    new field batch_cpu_sum_us: median/p90/max 1017118.5/1142402.0/1371112, nonzero 242
    new field batch_dispatch_us: median/p90/max 283.5/374.0/516, nonzero 242
    new field batch_first_start_us: median/p90/max 98.0/144.0/298, nonzero 242
    new field batch_ivcsw: median/p90/max 3.0/9.0/24, nonzero 194
    new field batch_last_end_us: median/p90/max 36529.0/41771.0/59432, nonzero 242
    new field batch_last_start_us: median/p90/max 28495.0/32939.0/43311, nonzero 242
    new field batch_live_deferred: median/p90/max 85.5/143.0/304, nonzero 242
    new field batch_live_lock_hold_us: median/p90/max 20337.5/33297.0/78700, nonzero 242
    new field batch_live_lock_wait_us: median/p90/max 0.0/0.0/0, nonzero 0
    new field batch_live_lock_waits: median/p90/max 0.0/0.0/0, nonzero 0
    new field batch_majflt: median/p90/max 0.0/0.0/5025, nonzero 15
    new field batch_minflt: median/p90/max 2702.5/24574.0/83321, nonzero 242
    new field batch_open_max_us: median/p90/max 501.0/612.0/2075, nonzero 242
    new field batch_open_sum_us: median/p90/max 12537.0/15318.0/30472, nonzero 242
    new field batch_threads: median/p90/max 32.0/32.0/32, nonzero 242
    new field batch_vcsw: median/p90/max 199.0/369.0/5309, nonzero 242
    new field batch_view_index_wait_us: median/p90/max 0.0/21976.0/53626, nonzero 68
    new field batch_view_index_waits: median/p90/max 0.0/156.0/348, nonzero 68
    new field batch_view_slot_wait_us: median/p90/max 0.0/517.0/1150, nonzero 74
    new field batch_view_slot_waits: median/p90/max 0.0/19.0/36, nonzero 74
    new field batch_wall_sum_us: median/p90/max 1025648.0/1173024.0/1587143, nonzero 242
    new field batches: median/p90/max 128.0/128.0/128, nonzero 242
    new field build_batches: median/p90/max 128.0/128.0/128, nonzero 242
    new field carried_depth: median/p90/max 1.0/1.0/1, nonzero 242
    new field exec_end_to_seal_us: median/p90/max 123.0/191.0/1227, nonzero 242
    new field exec_partition_us: median/p90/max 12.0/16.0/2650, nonzero 242
    new field exec_prepared_groups: {'true': 241, 'false': 1}
    new field exec_prepared_slots: {'true': 241, 'false': 1}
    new field exec_slots_us: median/p90/max 0.0/0.0/2000, nonzero 1
    new field freeze_join_wait_us: median/p90/max 20918.5/51508.0/72754, nonzero 242
    new field freeze_late: {'true': 242}
    new field freeze_pool_own: {'true': 242}
    new field live_index_defer: {'true': 242}
    new field merge_accounts: median/p90/max 369039.0/377377.0/385868, nonzero 242
    new field merge_append_us: median/p90/max 7277.5/20391.0/30579, nonzero 242
    new field merge_reverts: median/p90/max 369039.0/377377.0/385868, nonzero 242
    new field merge_reverts_us: median/p90/max 31409.0/44364.0/54951, nonzero 242
    new field merge_state_us: median/p90/max 87772.0/109795.0/138009, nonzero 242
    new field merge_tail_us: median/p90/max 0.0/0.0/0, nonzero 0
    new field merge_threads: median/p90/max 1.0/1.0/1, nonzero 242
    new field one_wave: {'false': 242}
    new field open_engine_us: median/p90/max 0.0/68023.0/147095, nonzero 81
    new field open_fallback: {'false': 161, 'true': 81}
    new field open_keep_us: median/p90/max 5.0/8.0/19, nonzero 242
    new field open_layers: median/p90/max 3.0/3.0/3, nonzero 242
    new field open_provider_us: median/p90/max 119.0/283.0/2851, nonzero 242
    new field plan_age_us: median/p90/max 100909.0/142201.0/345477, nonzero 241
    new field plan_ahead: median/p90/max 1.0/1.0/1, nonzero 241
    new field plan_body: median/p90/max 1.0/1.0/1, nonzero 241
    new field plan_body_us: median/p90/max 29808.5/35772.0/40781, nonzero 241
    new field plan_discard: {'': 241, 'not_on_its_parent': 1}
    new field plan_prep_us: median/p90/max 13111.5/20555.0/39408, nonzero 241
    new field plan_topup_txs: median/p90/max 0.0/0.0/0, nonzero 0
    new field prep_from_plan: {'true': 241, 'false': 1}
    new field prev_seal_to_answer_us: median/p90/max 2954.0/4974.0/10136, nonzero 242
    new field prev_seal_to_entry_us: median/p90/max 0.0/0.0/0, nonzero 0
    new field prev_seal_to_header_us: median/p90/max 206.0/336.0/1578, nonzero 242
    new field prev_seal_to_import_us: median/p90/max 261177.0/319648.0/356477, nonzero 227
    new field prev_seal_to_request_us: median/p90/max 952.0/1305.0/180304, nonzero 242
    new field prev_seal_to_start_us: median/p90/max 1306.0/1760.0/180616, nonzero 242
    new field pull_bulk_txs: median/p90/max 400000.0/400000.0/400000, nonzero 242
    new field pull_bulk_us: median/p90/max 8.0/14.0/1611, nonzero 242
    new field rename_fallbacks: median/p90/max 0.0/0.0/0, nonzero 0
    new field rename_record_waits: median/p90/max 0.0/0.0/0, nonzero 0
    new field root_apply_gap_us: median/p90/max 12.0/14.0/21, nonzero 242
    new field root_apply_total_us: median/p90/max 43180.0/59621.0/95744, nonzero 242
    new field root_compute_us: median/p90/max 46694.0/66450.0/153526, nonzero 242
    new field root_delta_us: median/p90/max 2209.5/7039.0/23177, nonzero 242
    new field root_index_us: median/p90/max 4947.0/10384.0/24774, nonzero 242
    new field root_leaves_us: median/p90/max 13129.0/21247.0/61973, nonzero 242
    new field root_note_us: median/p90/max 261.0/405.0/835, nonzero 242
    new field root_ops_ahead: {'true': 242}
    new field root_ops_ahead_wait_us: median/p90/max 8445.5/22051.0/50691, nonzero 242
    new field root_ops_concat_us: median/p90/max 0.0/0.0/0, nonzero 0
    new field root_ops_encode_us: median/p90/max 11857.5/22007.0/44133, nonzero 242
    new field root_ops_finish_us: median/p90/max 4689.0/7651.0/15563, nonzero 242
    new field root_ops_sort_us: median/p90/max 7151.0/15470.0/38413, nonzero 242
    new field root_ops_us: median/p90/max 13622.0/27389.0/54412, nonzero 242
    new field root_rehash_us: median/p90/max 2642.0/3599.0/35706, nonzero 242
    new field root_retire_us: median/p90/max 1838.0/3103.0/7410, nonzero 242
    new field root_sort_us: median/p90/max 709.0/1398.0/4878, nonzero 242
    new field root_undo_us: median/p90/max 716.5/1309.0/3690, nonzero 242
    new field root_writes_us: median/p90/max 17445.5/23945.0/35987, nonzero 242
    new field seal_hashes_ahead: {'true': 242}
    new field seal_on_counters: {'true': 242}
    new field seal_to_complete_us: median/p90/max 242343.0/297645.0/342255, nonzero 242
    new field seal_to_frozen_us: median/p90/max 20883.0/51462.0/72584, nonzero 188
    new field seal_to_merge_end_us: median/p90/max 242229.5/297553.0/342130, nonzero 242
    new field seal_to_merge_start_us: median/p90/max 109910.0/150270.0/227686, nonzero 242
    new field seal_to_ops_ahead_us: median/p90/max 45938.0/76647.0/101555, nonzero 242
    new field seal_to_state_ready_us: median/p90/max 242234.5/297560.0/342137, nonzero 242
    new field sealed_unix_us: median/p90/max 1791422302730660.5/1791422314006273.0/1791422317086456, nonzero 242
    new field start_walk_check_us: median/p90/max 0.0/0.0/215, nonzero 1
    new field start_walk_ids_us: median/p90/max 0.0/0.0/603, nonzero 1
    new field start_walk_settle_us: median/p90/max 0.0/0.0/0, nonzero 0
    new field start_walk_us: median/p90/max 0.0/0.0/8798, nonzero 1
    new field state_wait_us: median/p90/max 29683.5/92718.0/212159, nonzero 242
    new field view_journal_reads: median/p90/max 4096.0/32768.0/106496, nonzero 130
    new field view_journal_searches: median/p90/max 11057.5/81609.0/298450, nonzero 130
    new field view_journal_skips: median/p90/max 0.0/0.0/0, nonzero 0
    new field whole_take_noted: {'true': 242}
    binding wait (tick / quorum / seal share, mean cycle): tick 62% (109); quorum 36% (143); seal 1% (138); feed-bound (blocks under 95% of the tier): 0 of 242
    slowest key vote delay median/p90 73.4/152.0 ms
    engine own-import total_ms per block median/p90/max 84/118/179 (n=242)
    layer RSS 42.8 -> 36.5 G (max 45.5), in-memory blocks max 11
    execution layer cores busy 34.6    validators cores busy 0.6
  round total (3 windows, canonical): 301.6M tx
  layer peak RSS 45.5 G; in-memory blocks max 11
  fields at seal: mode "early", verified 0, unchecked 0, mismatches 0 (last build line, cumulative)
  own_executed_again (built here and also directly imported): 0 of 774 built blocks
== loop346W2b
  layer-0 leader window-1 builds 258: txs mean 400000, share >= 95% of the tier 100% (max 400000); sealed_at_ms 109.5/145.0; par_ms 126.0/181.0; par_exec_ms 35.0/42.0; roots_ms 63.0/87.0; parent_fields_ms 25.0/50.0; sealed_ms 27.0/54.0
  proposal cycle window 1 (n=267): mean 116.3 median 105.7 p90 151.3 ms; blocks in the 30 s: 267
  binding wait (tick / quorum / seal, share and mean cycle): tick 62.8% (106.6); quorum 32.6% (130.9); seal 4.7% (148.8)
  vote delay after the proposal, slowest key per block: median 65.6 p90 136.1 ms (slowest minus the median key: median 0.2); last key: {1: 31, 2: 38, 3: 55, 4: 56, 5: 32, 6: 46} of 258 blocks
  CPU in window 1 (cores busy): execution layers 34.8 over 1 process(es); validators 0.7 over 7 process(es)
  execution layer peak RSS 45.5 G; in-memory blocks max 11 (node0 and others, all layers)
  blocks built here 774; none also directly imported
  import-once counters at the last direct import: ; start-up lines with import_once=true: 1; queue-lock lines 0
  layer-0 queue (queued after canonical prune), median per 10 s: t+0:2307500 t+20:2379750 t+40:2362500 t+60:2394250 t+80:2355000
  flood: median per 5 s 3361568/s, final -
  timeout / given-up lines: 1; 01:16:39 v0 INFO process_event{view=1 kind="message"}: n42::cl::timeout: TC formed
loop346W2b page_faults_per_s_median: node0=177957 
leg loop346S400A1: /data free 583G (needs 120 G)
load 13.53 at 21:19:38, waiting
load 8.40 at 21:20:08, waiting
leg loop346S400A1 start 21:20:38 load 5.09
round loop346S400A1 exit 0 at 21:23:47
loop346S400A1 save stages (node0, seconds summed over the leg / count): batch_size=1053.0/345  batch_size=1053.0/345  reth_consensus_engine_beacon_persistence_duration=64.4/345  duration_seconds=59.7/345  total=54.9/345  scope=50.2/345  sf=50.0/345  sf_transactions=49.8/345  qmdb_persisted=23.1/345  sf_account_changesets=20.9/345
el binary: /data/n42-build/target-n42-rs/native/release/n42 env: N42_IMPORT_ONCE=1 N42_SETTLEMENT_TAGS=legacy N42_BUILD_THROTTLE_SOFT=48 F7_EL_MAP=0,0,0,0,0,0,0 N42_FIELDS_AT_SEAL=1 N42_FREEZE_AFTER_SEAL=1 N42_FRAME_BLOCKS=1 N42_TX_INGEST_RECOVER_PARALLEL=24 N42_FREEZE_POOL=own N42_PARALLEL_BUILD_THREADS=32 N42_PLAN_AHEAD=1 N42_HASHED_TABLES=off F7_FLOOD_RATE=6000000 N42_COMPACT_BODY=1 N42_BUILD_BATCHES=128 MALLOC_CONF=thp:always,oversize_threshold:0,dirty_decay_ms:2000,background_thread:true N42_SEAL_ON_COUNTERS=1 N42_ACCOUNT_HISTORY=off N42_TAKE_COMPACT=1 N42_SF_EARLY_WRITEBACK=1 N42_ROAD_RUNTIME=1 N42_TX_INGEST_HIGH_WATER=2500000 F7_BENCH_POOL_SLOTS=3000000 N42_PLAN_AHEAD_BODY=1 N42_SEAL_AT_EXEC=1 N42_TX_QUEUE_DRAIN_CHUNK=8192 N42_ANSWER_LAYOUT_ONLY=1 N42_PULL_BY_FRAMES=1 N42_SF_PARALLEL_ENCODE=1 N42_BUILD_THROTTLE_HARD=80 N42_LIVE_INDEX_DEFER=1 RAYON_NUM_THREADS=16 N42_ROOT_OPS_AHEAD=1 TOKIO_WORKER_THREADS=16 N42_QMDB_READS=on N42_LEADER_LAYERS=3 N42_PERSIST_QMDB_IN_SCOPE=1 F7_BLOCK_INTERVAL_MS=104 F7_MEASURE_FROM_LOG=1
validator env: N42_IMPORT_ONCE=1 N42_SETTLEMENT_TAGS=legacy N42_BUILD_THROTTLE_SOFT=48 F7_EL_MAP=0,0,0,0,0,0,0 N42_FIELDS_AT_SEAL=1 N42_FREEZE_AFTER_SEAL=1 N42_FRAME_BLOCKS=1 N42_TX_INGEST_RECOVER_PARALLEL=24 N42_FREEZE_POOL=own N42_PARALLEL_BUILD_THREADS=32 N42_PLAN_AHEAD=1 N42_HASHED_TABLES=off F7_FLOOD_RATE=6000000 N42_COMPACT_BODY=1 N42_BUILD_BATCHES=128 N42_SEAL_ON_COUNTERS=1 N42_ACCOUNT_HISTORY=off N42_TAKE_COMPACT=1 N42_SF_EARLY_WRITEBACK=1 N42_ROAD_RUNTIME=1 N42_TX_INGEST_HIGH_WATER=2500000 F7_BENCH_POOL_SLOTS=3000000 N42_PLAN_AHEAD_BODY=1 N42_SEAL_AT_EXEC=1 N42_TX_QUEUE_DRAIN_CHUNK=8192 N42_ANSWER_LAYOUT_ONLY=1 N42_PULL_BY_FRAMES=1 N42_SF_PARALLEL_ENCODE=1 N42_BUILD_THROTTLE_HARD=80 N42_LIVE_INDEX_DEFER=1 RAYON_NUM_THREADS=16 N42_ROOT_OPS_AHEAD=1 TOKIO_WORKER_THREADS=16 N42_QMDB_READS=on N42_LEADER_LAYERS=3 N42_PERSIST_QMDB_IN_SCOPE=1 F7_MEASURE_FROM_LOG=1
loop346S400A1 once: start-up lines import_once=true 1; last direct-import counters 
loop346S400A1 imports: layers=1 direct_imports=0 canonical_blocks=2261 import_once_lines=1 (per layer: direct imports should equal canonical blocks for one execution per block)
grep: /data/blockchain/rust-fleet7-bench/node1/el.log: No such file or directory
grep: /data/blockchain/rust-fleet7-bench/node2/el.log: No such file or directory
grep: /data/blockchain/rust-fleet7-bench/node3/el.log: No such file or directory
grep: /data/blockchain/rust-fleet7-bench/node1/el.log: No such file or directory
grep: /data/blockchain/rust-fleet7-bench/node2/el.log: No such file or directory
grep: /data/blockchain/rust-fleet7-bench/node3/el.log: No such file or directory
cat: /data/blockchain/rust-fleet7-bench/node2/el.log: No such file or directory
cat: /data/blockchain/rust-fleet7-bench/node2/el.log: No such file or directory
cat: /data/blockchain/rust-fleet7-bench/node2/el.log: No such file or directory
cat: /data/blockchain/rust-fleet7-bench/node1/el.log: No such file or directory
cat: /data/blockchain/rust-fleet7-bench/node2/el.log: No such file or directory
cat: /data/blockchain/rust-fleet7-bench/node3/el.log: No such file or directory
Traceback (most recent call last):
  File [35m"<stdin>"[0m, line [35m4[0m, in [35m<module>[0m
[1;35mIndexError[0m: [35mlist index out of range[0m
loop346S400A1 no_variant=0 own_not_committed=0 tc=1 invalid_blocks=0 incomplete=0 gas_mismatch=0 direct_imports_failed=0 stuck_at_hashed_state=0 engine_idles_over_5s=1 proposals_given_up=0 tables_off_nodes=1 unanswered_reads=0 seal_first_total=770 seal_first_direct=770 direct_guard_errors=0 commit_ms_median=0 fold_ms_median=25 sealed_at_ms_median=115 state_ready_ms_median=201 build_total_ms_median=374 recover_us_median=0 par_exec_ms_median=37 par_exec_ms_median=37 giveback_filtered=0 giveback_offered_max=400000 seal_first=770 reader_lag_max=10 reader_lag_warns=0 view_invalidated=0 el_sum_peak_g=45.4 el_max_peak_g=45.4 val_sum_peak_g=1.9 flood_peak_g=0.6 two_roads_blocks=0 two_roads_overlap_ms_median=- exec_on_output_declined=0 r1_collect_ms_median=5 proposal_at_ms_median=93 view_total_ms_median=105 import_exec_ms_median=- import_total_ms_median=- import_senders_ms_median=- import_convert_ms_median=- import_groups_median=- imports_over_600ms=0 min_avail_g=65.6 road_foreign_body_recv_ms=- road_foreign_body_decode_ms=- road_foreign_body_senders_ms=- road_foreign_body_parent_wait_ms=- road_foreign_body_check_ms=- road_foreign_body_total_ms=- road_new_payload_recv_ms=- road_new_payload_decode_ms=- road_new_payload_senders_ms=- road_new_payload_parent_wait_ms=- road_new_payload_check_ms=- road_new_payload_total_ms=- road_foreign_body_blocks=0 road_new_payload_blocks=0 fcu_answered=1033 fcu_in_flight_ms_median=0 fcu_queued_ms_median=0 fcu_queued_ms_max=180 fcu_refused=0 fcu_slow=1269 bodies_held=0 road_reuse_ms=- road_prepare_ms=- road_dispatch_ms=- road_convert_ms=- road_remember_ms=- road_header_ms=- road_fields_ms=- road_other_ms=- import_engine_ms_median=- gate_forced=0 gate_warns=0 flood_timeouts=0 canonical_min=2275 canonical_max=2275 chained_builds=1498 chain_lead_ms_median=101 chain_wait_ms_median=0 chain_started=1502 chain_discarded=3 chain_discard_reasons=_1_reason="no_state_found_for_block_,_1_reason="the_chained_build_produced_nothing,_1_reason="the_execution_layer_produced_nothing,_1_reason="the_request_names_another_parent chain_alias_warns=0 el_chained=1507 bodies_held_warns=0 el_build_refused=1 el_build_refused_reasons=_1_no_state_found_for_block_0x queued_p5=2114500 queued_p50=2372000 road_compact_blocks=0 road_compact_recv_ms=- road_compact_assemble_ms=- road_compact_root_ms=- road_compact_miss_wait_ms=- road_compact_senders_ms=- road_compact_check_ms=- road_compact_other_ms=- road_compact_total_ms=- road_compact_misses_total= compact_refused_el=0 compact_fallbacks=0 compact_bytes_median=- pool_order9=14969 par_pull_ms_median=- build_total_ms_median2=- road_compact_filled_blocks=0 road_compact_filled_median=- road_compact_fill_ms_median=- need_txns=0 fill_failed=0 ingest_rate_gate_open_median=- ingest_gate_open_intervals=0 ingest_slots_busy_median=- flood_rate= fill_asked_proposer=0 fill_asked_other=0 loop_lines=1775 loop_unnamed_ms_median=91 loop_body_served_ms_median=- loop_txns_served_ms_median=- import_exec_ms_median2=- pip_partition_ms=- pip_env_ms=- pip_batch_ms=- pip_groups_ms=- pip_gas_ms=- pip_merge_ms=- pip_receipts_ms=- pip_drop_ms=- pip_other_ms=- pip_total_ms=- senders_indexed_median=- road_senders_ms_median=- road_total_ms_median=- pew_ms_median=- pew_ms_p90= gate_ms_median=- gate_ms_p90= root_ms_p50=- root_ms_p90= two_roads=0 not_on_output=0 not_on_output_why= ckpt_ms_first_q=4 ckpt_ms_last_q=59 ckpt_bytes_last=34734004 parent_still_importing=0 root_wait_ms_p50=- root_wait_ms_p90= tenures_low_seal=12 seal_first_share=0.99 empty_over_deep=0 near_empty_warns=0 no_seal_why= par_skipped_median=- usable_p5=2114000 ckpt_replay_ms_last_q=19 candidates_zero=0 dropped_ingest=0 let_go_warns=0 let_go_reasons= parked_p50=0 parked_max=0 held_warns=0 park_capped_total=0 superseded_builds=0 empty_not_superseded=0 mass_park_warns=0 heads_lines=0 holes_lines=0 stale_parent_refusals=0 par_groups_p5=0 cancelled_decided=0 heads_nonce0=0 stale_unconfirmed= handovers=0 el_panics=0 decided_cancelled=0 min_window_blocks=242 road_desc_blocks=0 road_desc_total_ms=- road_desc_copy_ms=- desc_misses=0 fill_failed2=0 sf_par_collect_ms=- sf_par_commit_ms=- sf_par_fold_ms=- sf_par_graft_ms=- sf_par_prefault_ms=- sf_par_exec_ms=- sf_sealed_at_ms=- sf_roots_ms=- sf_state_ready_ms=- sf_total_ms=- ba_find_ms=- ba_queue_ms=- ba_total_ms=- ba_on_output=0 queue_fold_us=- queue_lock_us=- sf_par_exec_ms=- sf_par_fold_ms=- pip_groups_ms=- import_exec_ms_median2=- reads_d0=0 reads_hist=0 f_reads_d0=- f_reads_hist=- f_overlay_depth=- L_read_set_ms=0 read_set_accounts=0 read_set_unresolved=0 read_set_hits=0 read_set_misses=0 start_best_ms=- par_prep_ms=- gap_before_exec_ms=- gap_after_exec_ms=- gap_before_seal_ms=- index_ms=- road_copy_aside_ms=- road_copy_wait_ms=- road_total_ms=- queue_first_miss=queue_first_miss=0:1486,queue_first_miss=18446744073709551615:776 root_append_behind=0 populate_lag_mb=0 swap_used_g=0 root_faults=- root_faults_p90= root_faults_entries=0 root_faults_offsets=0 root_faults_index=0 root_faults_bits=0 root_faults_twigs=0 root_faults_undo=0 root_faults_tmp=0 root_append_faults=0 root_twig_pool_misses=0 batch_max_ms=13 batch_min_ms=5 batch_median_ms=7 batch_cpu_max_ms=13 batch_txs_max=3500 batch_txs_min=3000 batch_start_skew_ms=28 batch_wait_ms=0 loop_fetch_ns=0 loop_check_ns=0 loop_transfer_ns=0 loop_receipt_ns=0 loop_gas_ns=0 loop_sink_ns=0 loop_other_ns=0 batch_setup_ns=0 batch_close_ns=0 imp_exec_part_ms=- imp_exec_batches_ms=- imp_exec_graft_ms=- imp_exec_batches=- imp_exec_threads=- imp_exec_batch_max_ms=- imp_exec_batch_median_ms=- imp_parent_output_wait_ms=- road_parent_output_wait_ms=- next_start_gap_ms=1 next_entry_gap_ms=0 commit_body_ahead_used=- imp_exec_keys_ms=- imp_keys_ahead=- imp_exec_sink_ms=- imp_exec_pre_ms=- imp_exec_post_ms=- imp_exec_receipts_ms=- imp_exec_drop_ms=- root_gap_ms=- queue_whole=queue_whole=false:1487,queue_whole=true:775 tick_tick_late_us=671 tick_preamble_us=343 tick_take_sealed_us=1 tick_sign_us=0 tick_cache_us=0 tick_presealed=- tick_describe_us=10 tick_publish_us=600 tick_tick_to_send_us=1687 road_check_ms=- road_check_include_us=- road_check_scan_us=- road_check_fold_us=- road_check_senders_us=- road_check_frames_summarized=- road_check_frames_scanned=- imp_exec_start_gap_us=- imp_gap_road_us=- imp_gap_header_us=- imp_gap_senders_us=- imp_gap_parent_us=- imp_gap_setup_us=- imp_gap_keys_wait_us=- sealed_at_p90= sealed_over_130=0 roots_ms=- cycle_p90= batch_max_ms=- batch_median_ms=- imp_batch_max=- forest_lock_warns=1390 root_seal_ms=1 root_seals=40 root_majflt=3432 roots_p90= gp_layer=776 ggp_missing=252 state_wait_split=0/0/0/0:169,0/20/0/0:19,17/0/0/0:17 qmdb_releases=0 state_wait_on= imp_road_end_ms=- imp_exec_start_ms=- imp_exec_end_ms=- imp_root_end_ms=- imp_fields_ready_ms=- imp_parent_fields_wait_ms=- imp_exec_ms=- imp_root_ms=- imp_checks_ms=- imp_engine_ms=- imp_total_ms=- road_parent_fields_wait_ms=- exec_read_ms=- L_exec_evm_ms=- L_exec_write_ms=- L_exec_other_ms=- L_reads_cache=- L_reads_provider=- L_reads_view=- L_graft_base_ms=- L_graft_reserve_ms=- L_graft_insert_ms=- L_graft_reverts_ms=- L_graft_other_ms=- L_par_exec_ms=- L_par_graft_ms=- F_exec_read_ms=- F_exec_evm_ms=- F_exec_write_ms=- F_exec_other_ms=- F_reads_cache=- F_reads_provider=- F_reads_view=- F_groups_ms=- L_tx_root_wait_ms=- L_par_exec_ms=- L_par_graft_ms=- L_par_fold_ms=- L_sealed_ms=- L_state_ready_ms=- L_roots_ms=- L_finish_ms=- L_total_ms=- L_setup_ms=- L_par_pull_ms=- L_give_back_ms=- L_state_wait_ms=- L_state_after_pull=770 L_seal_at_exec=770 L_tx_root_ahead=0 flood_w1=3252720 txs_p10=400000 acq_us=461 slots_busy=13 ingest_rate=3280339 L_scope_join_ms=- L_par_release_ms=- L_commit_body_ms=- L_par_commit_ms=- L_give_back_ms=- L_sealed_ms=- L_par_exec_ms=- L_state_wait_ms=- L_par_pull_ms=- L_par_prep_ms=- L_par_start_ms=- L_pre_exec_ms=- L_par_run_ms=- L_sealed_at_ms=- F_partition_ms=- F_env_ms=- F_groups_ms=- F_merge_ms=- F_reverts_wait_ms=- F_ahead_wait_ms=- F_total_ms=- I_engine_ms=- I_root_ms=- I_total_ms=- H_engine_remember_ms=- H_engine_listing_ms=- H_engine_new_payload_ms=- busy_us=1 L_par_start_ms=- L_start_handoff_ms=- L_start_best_ms=- L_start_puller_ms=- L_par_pull_ms=- L_par_prep_ms=- L_state_wait_ms=- L_par_exec_ms=- L_par_commit_ms=- L_sealed_ms=- L_sealed_at_ms=- L_par_graft_ms=- L_graft_insert_ms=- L_graft_reverts_ms=- L_graft_split_us=- L_graft_build_us=- L_graft_merge_us=- L_state_ready_ms=- Q_queue_ms=0 R_dispatch_wait_ms=- R_total_ms=- R_road_runtime=1 gate_holds=0 peer_fetch=0 pool_limit=limit=8 gate_opened=gate_opened_for_block=0 I_root_ms=- flood_rate_hdr=rate=6000000/s fills=0 fill_waited=- slots_busy=13 acq_us=461 busy_us=1 converged=0 fallbacks=0 busy_us=1 recover_us=0 tf_on_output=2 tf_fallback=0 still_importing=0 busy_us=1 slots_busy=13 batches=altsig_txs=0 altsig_batches=0 tf_on_output=2 tf_fallback=0 gate_holds=0 sign_s=sign 0s replay_note=replay       : 64 files from /data/n42-pregen/g900000-400m, 400000000 transactio sign_s=sign 0s shard=shard_verified=0 shard_claimed=0 road_verified=- slots_busy=13 gate_us=5534 reply_us=6084 queued=2372000 assemble_ms=- road_take_ms=- road_body_ms=- road_encode_ms=- shards=16 shard_insert_ms=0 shard_wait_ms=0 shard_fold_ms=47 shard_append_ms=31 shard_merge_ms=127 state_ready_ms=201 roots_ms=62 exec_read_ms=0 exec_evm_ms=0 exec_write_ms=0 exec_other_ms=0 reads_cache=0 reads_provider=0 reads_view=0 par_run_ms=65 fold_task_cpu_max_us=45363 fold_task_minflt_max=106 fold_task_minflt_sum=110 fold_task_migrated=0 fold_task_nivcsw_max=0 fold_index=1 fold_index_build_ms=45 fold_index_conflicts=31653 fold_queue_us=69 fold_skew_us=40 fold_task_max_us=45360 fold_tail_us=34 start_best_ms=10 start_select_ms=0 start_walk_ms=0 start_walk_check_ms=0 start_best_other_ms=0 start_frames_by_ref=0 start_frames_slow=0 start_pull_ms=0 start_other_ms=0 start_handoff_ms=1 par_start_ms=10 par_prep_ms=0 par_commit_ms=0 commit_body_ms=0 par_fold_ms=25 sealed_ms=21 copy_ms=- prune_ms=0 frames=- frames_missing=- frame_root_ms=- root_ms=- frames_admitted=frames_admitted=614425 frames_unaligned=0 frame_root_indexed=- seal_layout_ms=1 seal_root_ms=0 attested= busy_us=1 slots_busy=13 reply_us=6084 prune_ms=0 body_refused=0 body_failed_late=0
loop346S400A1 win1 tps=3,426,667 txs=102,800,000 blocks= 257 cycle=0.117s occupancy= 99.6% full(>=95%)=256/257 basefee=n/a (from the layer's log)
loop346S400A1 win2 tps=3,226,667 txs=96,800,000 blocks= 242 cycle=0.124s occupancy=100.0% full(>=95%)=242/242 basefee=n/a (from the layer's log)
loop346S400A1 win3 tps=3,226,667 txs=96,800,000 blocks= 242 cycle=0.124s occupancy=100.0% full(>=95%)=242/242 basefee=n/a (from the layer's log)
loop346S400A1 tps=3,426,667 round_txs=296400000 cycles_w1=
loop346S400A1 imp_fields_p90= b_p75=43
loop346S400A1 overlay: filter_skips=0 probes=0 ratio=- (ratio = skips/(skips+probes))
loop346S400A1 overlay_manager:       1 state_trie_overlay=false  state-ovly_cpu=0
loop346S400A1 verify: written to /data/blockchain/rust-fleet7-bench/bench-loop346S400A1/verify.json
== loop346S400A1  (E=1: seven validator keys on one execution layer)
  window 1: canonical 257 blocks, 102.8M tx = 3,426,667/s (100.0% of window 1), full 256/257 (100%); cycle mean/median/p90 116.5/106.0/148.2 ms
    leader builds 258: sealed_at median/p90/p99 114/141/176; phases median/p90 ms: gap_before_exec 27/86, state_wait 26/85, par 117/167, par_exec 36/42, roots 61/84, parent_fields 18/44, sealed 21/46
    state_wait_on {'output': 145, 'grandparent': 56, 'none': 57}; builds with state_wait > 20 ms: 141 ([('output', 95), ('grandparent', 46)]); gp_layer {1.0: 258}, ggp_missing {0.0: 184, 1.0: 74}
    queue at the builds min/median 2,109,500/2,449,000
    new field batch_cpu_sum_us: median/p90/max 1023653.0/1178633.0/1858485, nonzero 258
    new field batch_dispatch_us: median/p90/max 277.5/375.0/1090, nonzero 258
    new field batch_first_start_us: median/p90/max 96.0/153.0/263, nonzero 258
    new field batch_ivcsw: median/p90/max 3.0/9.0/41, nonzero 201
    new field batch_last_end_us: median/p90/max 36808.0/42247.0/63875, nonzero 258
    new field batch_last_start_us: median/p90/max 28686.0/33753.0/51524, nonzero 258
    new field batch_live_deferred: median/p90/max 81.0/86.0/101, nonzero 258
    new field batch_live_lock_hold_us: median/p90/max 19152.0/21842.0/25800, nonzero 258
    new field batch_live_lock_wait_us: median/p90/max 0.0/0.0/0, nonzero 0
    new field batch_live_lock_waits: median/p90/max 0.0/0.0/0, nonzero 0
    new field batch_majflt: median/p90/max 0.0/0.0/1, nonzero 1
    new field batch_minflt: median/p90/max 1838.5/15379.0/53920, nonzero 258
    new field batch_open_max_us: median/p90/max 500.0/598.0/1022, nonzero 258
    new field batch_open_sum_us: median/p90/max 12287.5/15561.0/22381, nonzero 258
    new field batch_threads: median/p90/max 32.0/32.0/32, nonzero 258
    new field batch_vcsw: median/p90/max 175.5/382.0/582, nonzero 258
    new field batch_view_index_wait_us: median/p90/max 0.0/22842.0/50563, nonzero 55
    new field batch_view_index_waits: median/p90/max 0.0/185.0/384, nonzero 55
    new field batch_view_slot_wait_us: median/p90/max 0.0/469.0/5810, nonzero 62
    new field batch_view_slot_waits: median/p90/max 0.0/19.0/47, nonzero 62
    new field batch_wall_sum_us: median/p90/max 1032539.0/1196822.0/1863764, nonzero 258
    new field batches: median/p90/max 128.0/128.0/128, nonzero 258
    new field build_batches: median/p90/max 128.0/128.0/128, nonzero 258
    new field carried_depth: median/p90/max 1.0/1.0/1, nonzero 258
    new field exec_end_to_seal_us: median/p90/max 127.5/187.0/294, nonzero 258
    new field exec_partition_us: median/p90/max 12.0/17.0/3194, nonzero 258
    new field exec_prepared_groups: {'true': 255, 'false': 3}
    new field exec_prepared_slots: {'true': 255, 'false': 3}
    new field exec_slots_us: median/p90/max 0.0/0.0/2134, nonzero 4
    new field freeze_join_wait_us: median/p90/max 26264.0/53467.0/88763, nonzero 258
    new field freeze_late: {'true': 258}
    new field freeze_pool_own: {'true': 258}
    new field live_index_defer: {'true': 258}
    new field merge_accounts: median/p90/max 366343.5/375454.0/382138, nonzero 258
    new field merge_append_us: median/p90/max 7697.0/16551.0/35959, nonzero 258
    new field merge_reverts: median/p90/max 366343.5/375454.0/382138, nonzero 258
    new field merge_reverts_us: median/p90/max 31080.5/41777.0/55758, nonzero 258
    new field merge_state_us: median/p90/max 86687.0/102358.0/124282, nonzero 258
    new field merge_tail_us: median/p90/max 0.0/0.0/2, nonzero 7
    new field merge_threads: median/p90/max 1.0/1.0/1, nonzero 258
    new field one_wave: {'false': 258}
    new field open_engine_us: median/p90/max 0.0/60314.0/141493, nonzero 74
    new field open_fallback: {'false': 184, 'true': 74}
    new field open_keep_us: median/p90/max 5.0/9.0/16, nonzero 258
    new field open_layers: median/p90/max 3.0/3.0/3, nonzero 258
    new field open_provider_us: median/p90/max 120.0/224.0/474, nonzero 258
    new field plan_age_us: median/p90/max 101912.0/131938.0/199708, nonzero 258
    new field plan_ahead: median/p90/max 1.0/1.0/1, nonzero 258
    new field plan_body: median/p90/max 1.0/1.0/2, nonzero 258
    new field plan_body_us: median/p90/max 27977.0/33668.0/51189, nonzero 255
    new field plan_discard: {'': 258}
    new field plan_prep_us: median/p90/max 12938.5/24194.0/51414, nonzero 258
    new field plan_topup_txs: median/p90/max 0.0/0.0/0, nonzero 0
    new field prep_from_plan: {'true': 255, 'false': 3}
    new field prev_seal_to_answer_us: median/p90/max 3371.5/6019.0/10345, nonzero 258
    new field prev_seal_to_entry_us: median/p90/max 0.0/0.0/0, nonzero 0
    new field prev_seal_to_header_us: median/p90/max 244.5/374.0/850, nonzero 258
    new field prev_seal_to_import_us: median/p90/max 256966.5/305297.0/383587, nonzero 245
    new field prev_seal_to_request_us: median/p90/max 988.0/1330.0/145616, nonzero 258
    new field prev_seal_to_start_us: median/p90/max 1313.0/1732.0/145943, nonzero 258
    new field pull_bulk_txs: median/p90/max 400000.0/400000.0/400000, nonzero 258
    new field pull_bulk_us: median/p90/max 9.0/13.0/2866, nonzero 258
    new field rename_fallbacks: median/p90/max 0.0/0.0/0, nonzero 0
    new field rename_record_waits: median/p90/max 0.0/0.0/0, nonzero 0
    new field root_apply_gap_us: median/p90/max 11.0/14.0/32, nonzero 258
    new field root_apply_total_us: median/p90/max 41672.5/57162.0/81967, nonzero 258
    new field root_compute_us: median/p90/max 45028.5/61476.0/85516, nonzero 258
    new field root_delta_us: median/p90/max 1980.0/2884.0/24425, nonzero 258
    new field root_index_us: median/p90/max 4836.5/10396.0/30353, nonzero 258
    new field root_leaves_us: median/p90/max 12362.5/20526.0/44031, nonzero 258
    new field root_note_us: median/p90/max 293.5/454.0/2838, nonzero 258
    new field root_ops_ahead: {'true': 258}
    new field root_ops_ahead_wait_us: median/p90/max 6816.5/19541.0/42479, nonzero 258
    new field root_ops_concat_us: median/p90/max 0.0/0.0/0, nonzero 0
    new field root_ops_encode_us: median/p90/max 10513.0/19141.0/41167, nonzero 258
    new field root_ops_finish_us: median/p90/max 4497.0/5722.0/17707, nonzero 258
    new field root_ops_sort_us: median/p90/max 6335.0/14321.0/31391, nonzero 258
    new field root_ops_us: median/p90/max 11555.5/24607.0/48315, nonzero 258
    new field root_rehash_us: median/p90/max 1576.0/2050.0/15725, nonzero 258
    new field root_retire_us: median/p90/max 1808.0/3576.0/17033, nonzero 258
    new field root_sort_us: median/p90/max 546.5/1288.0/6006, nonzero 258
    new field root_undo_us: median/p90/max 732.0/1433.0/4504, nonzero 258
    new field root_writes_us: median/p90/max 17293.0/26999.0/44813, nonzero 258
    new field seal_hashes_ahead: {'true': 258}
    new field seal_on_counters: {'true': 258}
    new field seal_to_complete_us: median/p90/max 233279.5/270461.0/308972, nonzero 258
    new field seal_to_frozen_us: median/p90/max 26187.0/53374.0/88721, nonzero 235
    new field seal_to_merge_end_us: median/p90/max 233163.0/270306.0/308747, nonzero 258
    new field seal_to_merge_start_us: median/p90/max 105602.5/135543.0/177694, nonzero 258
    new field seal_to_ops_ahead_us: median/p90/max 48208.5/79979.0/107622, nonzero 258
    new field seal_to_state_ready_us: median/p90/max 233169.5/270323.0/308761, nonzero 258
    new field sealed_unix_us: median/p90/max 1791422547249385.5/1791422559227743.0/1791422562069072, nonzero 258
    new field start_walk_check_us: median/p90/max 0.0/0.0/0, nonzero 0
    new field start_walk_ids_us: median/p90/max 0.0/0.0/0, nonzero 0
    new field start_walk_settle_us: median/p90/max 0.0/0.0/0, nonzero 0
    new field start_walk_us: median/p90/max 0.0/0.0/0, nonzero 0
    new field state_wait_us: median/p90/max 26560.5/85210.0/152794, nonzero 258
    new field view_journal_reads: median/p90/max 4096.0/40960.0/126976, nonzero 138
    new field view_journal_searches: median/p90/max 11730.0/106136.0/403871, nonzero 138
    new field view_journal_skips: median/p90/max 0.0/0.0/0, nonzero 0
    new field whole_take_noted: {'true': 258}
    binding wait (tick / quorum / seal share, mean cycle): tick 63% (106); quorum 34% (134); seal 3% (145); feed-bound (blocks under 95% of the tier): 1 of 257
    slowest key vote delay median/p90 70.2/135.4 ms
    engine own-import total_ms per block median/p90/max 79/113/169 (n=256)
    layer RSS 4.8 -> 35.7 G (max 35.9), in-memory blocks max 12
    execution layer cores busy 35.3    validators cores busy 0.7
    flood delivered (median per 5 s over the leg) 3,288,154/s
  window 2: canonical 242 blocks, 96.8M tx = 3,226,667/s (94.2% of window 1), full 242/242 (100%); cycle mean/median/p90 123.2/106.4/173.8 ms
    leader builds 241: sealed_at median/p90/p99 118/156/193; phases median/p90 ms: gap_before_exec 30/110, state_wait 29/109, par 122/188, par_exec 37/43, roots 62/85, parent_fields 18/43, sealed 20/46
    state_wait_on {'output': 118, 'grandparent': 70, 'none': 52, 'layer_release': 1}; builds with state_wait > 20 ms: 138 ([('output', 73), ('grandparent', 65)]); gp_layer {1.0: 241}, ggp_missing {0.0: 149, 1.0: 92}
    queue at the builds min/median 2,087,000/2,514,000
    new field batch_cpu_sum_us: median/p90/max 1027818.0/1184843.0/1427216, nonzero 241
    new field batch_dispatch_us: median/p90/max 267.0/361.0/998, nonzero 241
    new field batch_first_start_us: median/p90/max 97.0/147.0/787, nonzero 241
    new field batch_ivcsw: median/p90/max 3.0/12.0/53, nonzero 196
    new field batch_last_end_us: median/p90/max 37491.0/43420.0/52860, nonzero 241
    new field batch_last_start_us: median/p90/max 29071.0/33611.0/40284, nonzero 241
    new field batch_live_deferred: median/p90/max 82.0/93.0/334, nonzero 241
    new field batch_live_lock_hold_us: median/p90/max 19940.0/23616.0/53725, nonzero 241
    new field batch_live_lock_wait_us: median/p90/max 0.0/0.0/0, nonzero 0
    new field batch_live_lock_waits: median/p90/max 0.0/0.0/0, nonzero 0
    new field batch_majflt: median/p90/max 0.0/0.0/4, nonzero 1
    new field batch_minflt: median/p90/max 2379.0/23332.0/67888, nonzero 241
    new field batch_open_max_us: median/p90/max 505.0/597.0/2454, nonzero 241
    new field batch_open_sum_us: median/p90/max 12772.0/15148.0/22874, nonzero 241
    new field batch_threads: median/p90/max 32.0/32.0/32, nonzero 241
    new field batch_vcsw: median/p90/max 176.0/351.0/559, nonzero 241
    new field batch_view_index_wait_us: median/p90/max 0.0/20560.0/42717, nonzero 52
    new field batch_view_index_waits: median/p90/max 0.0/151.0/341, nonzero 52
    new field batch_view_slot_wait_us: median/p90/max 0.0/380.0/1081, nonzero 54
    new field batch_view_slot_waits: median/p90/max 0.0/19.0/38, nonzero 54
    new field batch_wall_sum_us: median/p90/max 1036343.0/1198654.0/1429335, nonzero 241
    new field batches: median/p90/max 128.0/128.0/128, nonzero 241
    new field build_batches: median/p90/max 128.0/128.0/128, nonzero 241
    new field carried_depth: median/p90/max 1.0/1.0/1, nonzero 241
    new field exec_end_to_seal_us: median/p90/max 124.0/175.0/512, nonzero 241
    new field exec_partition_us: median/p90/max 12.0/16.0/2009, nonzero 241
    new field exec_prepared_groups: {'true': 240, 'false': 1}
    new field exec_prepared_slots: {'true': 240, 'false': 1}
    new field exec_slots_us: median/p90/max 0.0/0.0/1709, nonzero 1
    new field freeze_join_wait_us: median/p90/max 27619.0/51097.0/68410, nonzero 240
    new field freeze_late: {'true': 241}
    new field freeze_pool_own: {'true': 241}
    new field live_index_defer: {'true': 241}
    new field merge_accounts: median/p90/max 369538.0/376302.0/382535, nonzero 241
    new field merge_append_us: median/p90/max 7049.0/20719.0/39303, nonzero 241
    new field merge_reverts: median/p90/max 369538.0/376302.0/382535, nonzero 241
    new field merge_reverts_us: median/p90/max 32018.0/43213.0/62626, nonzero 241
    new field merge_state_us: median/p90/max 84905.0/103326.0/138810, nonzero 241
    new field merge_tail_us: median/p90/max 0.0/0.0/1, nonzero 2
    new field merge_threads: median/p90/max 1.0/1.0/1, nonzero 241
    new field one_wave: {'false': 241}
    new field open_engine_us: median/p90/max 0.0/80539.0/140781, nonzero 92
    new field open_fallback: {'false': 149, 'true': 92}
    new field open_keep_us: median/p90/max 5.0/8.0/10925, nonzero 241
    new field open_layers: median/p90/max 3.0/3.0/3, nonzero 241
    new field open_provider_us: median/p90/max 101.0/221.0/829, nonzero 241
    new field plan_age_us: median/p90/max 106119.0/144514.0/232687, nonzero 240
    new field plan_ahead: median/p90/max 1.0/1.0/1, nonzero 240
    new field plan_body: median/p90/max 1.0/1.0/1, nonzero 240
    new field plan_body_us: median/p90/max 26726.0/32284.0/38104, nonzero 240
    new field plan_discard: {'': 240, 'not_on_its_parent': 1}
    new field plan_prep_us: median/p90/max 12969.0/23813.0/57955, nonzero 240
    new field plan_topup_txs: median/p90/max 0.0/0.0/0, nonzero 0
    new field prep_from_plan: {'true': 240, 'false': 1}
    new field prev_seal_to_answer_us: median/p90/max 3294.0/5449.0/10341, nonzero 241
    new field prev_seal_to_entry_us: median/p90/max 0.0/0.0/0, nonzero 0
    new field prev_seal_to_header_us: median/p90/max 228.0/375.0/2202, nonzero 241
    new field prev_seal_to_import_us: median/p90/max 262584.0/318714.0/410677, nonzero 217
    new field prev_seal_to_request_us: median/p90/max 971.0/1295.0/150819, nonzero 241
    new field prev_seal_to_start_us: median/p90/max 1308.0/1689.0/151134, nonzero 241
    new field pull_bulk_txs: median/p90/max 400000.0/400000.0/400000, nonzero 241
    new field pull_bulk_us: median/p90/max 9.0/14.0/2457, nonzero 241
    new field rename_fallbacks: median/p90/max 0.0/0.0/0, nonzero 0
    new field rename_record_waits: median/p90/max 0.0/0.0/0, nonzero 0
    new field root_apply_gap_us: median/p90/max 11.0/14.0/42, nonzero 241
    new field root_apply_total_us: median/p90/max 41520.0/53913.0/71828, nonzero 241
    new field root_compute_us: median/p90/max 44755.0/60379.0/78208, nonzero 241
    new field root_delta_us: median/p90/max 2113.0/3314.0/18173, nonzero 241
    new field root_index_us: median/p90/max 4892.0/8601.0/21668, nonzero 241
    new field root_leaves_us: median/p90/max 12562.0/19375.0/39757, nonzero 241
    new field root_note_us: median/p90/max 286.0/430.0/1501, nonzero 241
    new field root_ops_ahead: {'true': 241}
    new field root_ops_ahead_wait_us: median/p90/max 8609.0/17303.0/40458, nonzero 241
    new field root_ops_concat_us: median/p90/max 0.0/0.0/0, nonzero 0
    new field root_ops_encode_us: median/p90/max 10533.0/16791.0/42934, nonzero 241
    new field root_ops_finish_us: median/p90/max 4698.0/7081.0/13710, nonzero 241
    new field root_ops_sort_us: median/p90/max 7635.0/13858.0/25386, nonzero 241
    new field root_ops_us: median/p90/max 13571.0/23547.0/45564, nonzero 241
    new field root_rehash_us: median/p90/max 2131.0/2915.0/20272, nonzero 241
    new field root_retire_us: median/p90/max 1778.0/3188.0/12166, nonzero 241
    new field root_sort_us: median/p90/max 619.0/1340.0/4805, nonzero 241
    new field root_undo_us: median/p90/max 675.0/1315.0/2576, nonzero 241
    new field root_writes_us: median/p90/max 16566.0/23507.0/47676, nonzero 241
    new field seal_hashes_ahead: {'true': 241}
    new field seal_on_counters: {'true': 241}
    new field seal_to_complete_us: median/p90/max 232337.0/274023.0/319497, nonzero 241
    new field seal_to_frozen_us: median/p90/max 27600.0/50987.0/68405, nonzero 211
    new field seal_to_merge_end_us: median/p90/max 232266.0/273880.0/319367, nonzero 241
    new field seal_to_merge_start_us: median/p90/max 105033.0/137077.0/160979, nonzero 241
    new field seal_to_ops_ahead_us: median/p90/max 50261.0/75113.0/102918, nonzero 241
    new field seal_to_state_ready_us: median/p90/max 232275.0/273891.0/319376, nonzero 241
    new field sealed_unix_us: median/p90/max 1791422576630431.0/1791422588863479.0/1791422591885228, nonzero 241
    new field start_walk_check_us: median/p90/max 0.0/0.0/241, nonzero 1
    new field start_walk_ids_us: median/p90/max 0.0/0.0/744, nonzero 1
    new field start_walk_settle_us: median/p90/max 0.0/0.0/0, nonzero 0
    new field start_walk_us: median/p90/max 0.0/0.0/9524, nonzero 1
    new field state_wait_us: median/p90/max 29982.0/109830.0/193640, nonzero 241
    new field view_journal_reads: median/p90/max 4096.0/40960.0/98304, nonzero 129
    new field view_journal_searches: median/p90/max 11636.0/106344.0/301740, nonzero 129
    new field view_journal_skips: median/p90/max 0.0/0.0/0, nonzero 0
    new field whole_take_noted: {'true': 241}
    binding wait (tick / quorum / seal share, mean cycle): tick 58% (108); quorum 40% (143); seal 2% (187); feed-bound (blocks under 95% of the tier): 0 of 242
    slowest key vote delay median/p90 77.9/157.7 ms
    engine own-import total_ms per block median/p90/max 86/130/177 (n=242)
    layer RSS 35.9 -> 42.7 G (max 42.7), in-memory blocks max 10
    execution layer cores busy 32.7    validators cores busy 0.6
  window 3: canonical 242 blocks, 96.8M tx = 3,226,667/s (94.2% of window 1), full 242/242 (100%); cycle mean/median/p90 124.3/106.2/170.2 ms
    leader builds 242: sealed_at median/p90/p99 115/165/207; phases median/p90 ms: gap_before_exec 24/92, state_wait 24/91, par 122/179, par_exec 37/44, roots 64/105, parent_fields 20/68, sealed 22/70
    state_wait_on {'output': 133, 'none': 46, 'grandparent': 63}; builds with state_wait > 20 ms: 129 ([('output', 70), ('grandparent', 59)]); gp_layer {1.0: 242}, ggp_missing {0.0: 160, 1.0: 82}
    queue at the builds min/median 1,925,500/2,515,000
    new field batch_cpu_sum_us: median/p90/max 1030000.5/1170976.0/1881470, nonzero 242
    new field batch_dispatch_us: median/p90/max 274.5/354.0/630, nonzero 242
    new field batch_first_start_us: median/p90/max 96.0/170.0/385, nonzero 242
    new field batch_ivcsw: median/p90/max 3.0/9.0/64, nonzero 188
    new field batch_last_end_us: median/p90/max 37069.5/44106.0/92540, nonzero 242
    new field batch_last_start_us: median/p90/max 28932.5/34169.0/66408, nonzero 242
    new field batch_live_deferred: median/p90/max 82.5/113.0/275, nonzero 242
    new field batch_live_lock_hold_us: median/p90/max 19916.0/28392.0/68822, nonzero 242
    new field batch_live_lock_wait_us: median/p90/max 0.0/0.0/0, nonzero 0
    new field batch_live_lock_waits: median/p90/max 0.0/0.0/0, nonzero 0
    new field batch_majflt: median/p90/max 0.0/0.0/8091, nonzero 11
    new field batch_minflt: median/p90/max 2586.0/23424.0/67320, nonzero 242
    new field batch_open_max_us: median/p90/max 489.0/591.0/3672, nonzero 242
    new field batch_open_sum_us: median/p90/max 12270.5/14974.0/27384, nonzero 242
    new field batch_threads: median/p90/max 32.0/32.0/32, nonzero 242
    new field batch_vcsw: median/p90/max 184.5/395.0/8291, nonzero 242
    new field batch_view_index_wait_us: median/p90/max 0.0/23718.0/91161, nonzero 52
    new field batch_view_index_waits: median/p90/max 0.0/163.0/397, nonzero 52
    new field batch_view_slot_wait_us: median/p90/max 0.0/490.0/1461, nonzero 60
    new field batch_view_slot_waits: median/p90/max 0.0/20.0/43, nonzero 60
    new field batch_wall_sum_us: median/p90/max 1039102.0/1215731.0/2311116, nonzero 242
    new field batches: median/p90/max 128.0/128.0/128, nonzero 242
    new field build_batches: median/p90/max 128.0/128.0/128, nonzero 242
    new field carried_depth: median/p90/max 1.0/1.0/1, nonzero 242
    new field exec_end_to_seal_us: median/p90/max 126.0/192.0/1742, nonzero 242
    new field exec_partition_us: median/p90/max 12.0/16.0/3356, nonzero 242
    new field exec_prepared_groups: {'true': 240, 'false': 2}
    new field exec_prepared_slots: {'true': 240, 'false': 2}
    new field exec_slots_us: median/p90/max 0.0/0.0/2819, nonzero 3
    new field freeze_join_wait_us: median/p90/max 25343.0/50213.0/61544, nonzero 242
    new field freeze_late: {'true': 242}
    new field freeze_pool_own: {'true': 242}
    new field live_index_defer: {'true': 242}
    new field merge_accounts: median/p90/max 366759.5/375003.0/380636, nonzero 242
    new field merge_append_us: median/p90/max 8297.0/19246.0/39564, nonzero 242
    new field merge_reverts: median/p90/max 366759.5/375003.0/380636, nonzero 242
    new field merge_reverts_us: median/p90/max 33174.0/43512.0/75734, nonzero 242
    new field merge_state_us: median/p90/max 85762.0/106564.0/130007, nonzero 242
    new field merge_tail_us: median/p90/max 0.0/0.0/6, nonzero 1
    new field merge_threads: median/p90/max 1.0/1.0/1, nonzero 242
    new field one_wave: {'false': 242}
    new field open_engine_us: median/p90/max 0.0/75108.0/173850, nonzero 82
    new field open_fallback: {'false': 160, 'true': 82}
    new field open_keep_us: median/p90/max 5.0/8.0/30, nonzero 242
    new field open_layers: median/p90/max 3.0/3.0/3, nonzero 242
    new field open_provider_us: median/p90/max 106.5/197.0/7986, nonzero 242
    new field plan_age_us: median/p90/max 104785.5/146778.0/257074, nonzero 242
    new field plan_ahead: median/p90/max 1.0/1.0/1, nonzero 242
    new field plan_body: median/p90/max 1.0/1.0/2, nonzero 242
    new field plan_body_us: median/p90/max 29373.0/35792.0/45350, nonzero 240
    new field plan_discard: {'': 242}
    new field plan_prep_us: median/p90/max 13443.0/29726.0/63298, nonzero 242
    new field plan_topup_txs: median/p90/max 0.0/0.0/0, nonzero 0
    new field prep_from_plan: {'true': 240, 'false': 2}
    new field prev_seal_to_answer_us: median/p90/max 3438.5/6160.0/11392, nonzero 242
    new field prev_seal_to_entry_us: median/p90/max 0.0/0.0/0, nonzero 0
    new field prev_seal_to_header_us: median/p90/max 229.0/379.0/1417, nonzero 242
    new field prev_seal_to_import_us: median/p90/max 271085.0/327947.0/434164, nonzero 224
    new field prev_seal_to_request_us: median/p90/max 955.5/1352.0/142754, nonzero 242
    new field prev_seal_to_start_us: median/p90/max 1286.5/1724.0/143476, nonzero 242
    new field pull_bulk_txs: median/p90/max 400000.0/400000.0/400000, nonzero 242
    new field pull_bulk_us: median/p90/max 9.0/14.0/3553, nonzero 242
    new field rename_fallbacks: median/p90/max 0.0/0.0/0, nonzero 0
    new field rename_record_waits: median/p90/max 0.0/0.0/0, nonzero 0
    new field root_apply_gap_us: median/p90/max 12.0/15.0/21, nonzero 242
    new field root_apply_total_us: median/p90/max 42294.5/56451.0/111103, nonzero 242
    new field root_compute_us: median/p90/max 46019.0/61527.0/116497, nonzero 242
    new field root_delta_us: median/p90/max 2195.0/3887.0/32481, nonzero 242
    new field root_index_us: median/p90/max 5041.0/8704.0/24885, nonzero 242
    new field root_leaves_us: median/p90/max 12758.5/19291.0/52207, nonzero 242
    new field root_note_us: median/p90/max 287.5/452.0/1707, nonzero 242
    new field root_ops_ahead: {'true': 242}
    new field root_ops_ahead_wait_us: median/p90/max 7944.5/24651.0/110904, nonzero 242
    new field root_ops_concat_us: median/p90/max 0.0/0.0/0, nonzero 0
    new field root_ops_encode_us: median/p90/max 11126.0/19097.0/64789, nonzero 242
    new field root_ops_finish_us: median/p90/max 4694.5/6765.0/13864, nonzero 242
    new field root_ops_sort_us: median/p90/max 6782.0/14467.0/88834, nonzero 242
    new field root_ops_us: median/p90/max 12900.5/28648.0/116197, nonzero 242
    new field root_rehash_us: median/p90/max 2800.0/3916.0/33045, nonzero 242
    new field root_retire_us: median/p90/max 1859.0/3395.0/9962, nonzero 242
    new field root_sort_us: median/p90/max 543.5/1245.0/5828, nonzero 242
    new field root_undo_us: median/p90/max 703.5/1357.0/3357, nonzero 242
    new field root_writes_us: median/p90/max 17155.0/25598.0/45831, nonzero 242
    new field seal_hashes_ahead: {'true': 242}
    new field seal_on_counters: {'true': 242}
    new field seal_to_complete_us: median/p90/max 239083.0/286813.0/352926, nonzero 242
    new field seal_to_frozen_us: median/p90/max 25288.0/50152.0/61596, nonzero 195
    new field seal_to_merge_end_us: median/p90/max 238979.0/286688.0/352780, nonzero 242
    new field seal_to_merge_start_us: median/p90/max 107500.5/152472.0/235921, nonzero 242
    new field seal_to_ops_ahead_us: median/p90/max 47902.0/75251.0/188531, nonzero 242
    new field seal_to_state_ready_us: median/p90/max 238987.0/286697.0/352789, nonzero 242
    new field sealed_unix_us: median/p90/max 1791422607364841.5/1791422619104767.0/1791422621925613, nonzero 242
    new field start_walk_check_us: median/p90/max 0.0/0.0/0, nonzero 0
    new field start_walk_ids_us: median/p90/max 0.0/0.0/0, nonzero 0
    new field start_walk_settle_us: median/p90/max 0.0/0.0/0, nonzero 0
    new field start_walk_us: median/p90/max 0.0/0.0/0, nonzero 0
    new field state_wait_us: median/p90/max 24742.5/91773.0/219824, nonzero 242
    new field view_journal_reads: median/p90/max 4096.0/36864.0/81920, nonzero 130
    new field view_journal_searches: median/p90/max 11531.0/100698.0/231180, nonzero 130
    new field view_journal_skips: median/p90/max 0.0/0.0/0, nonzero 0
    new field whole_take_noted: {'true': 242}
    binding wait (tick / quorum / seal share, mean cycle): tick 52% (107); quorum 45% (142); seal 2% (150); feed-bound (blocks under 95% of the tier): 0 of 242
    slowest key vote delay median/p90 81.9/154.7 ms
    engine own-import total_ms per block median/p90/max 91/130/187 (n=242)
    layer RSS 41.9 -> 37.3 G (max 44.5), in-memory blocks max 11
    execution layer cores busy 33.8    validators cores busy 0.6
  round total (3 windows, canonical): 296.4M tx
  layer peak RSS 44.5 G; in-memory blocks max 12
  fields at seal: mode "early", verified 0, unchecked 0, mismatches 0 (last build line, cumulative)
  own_executed_again (built here and also directly imported): 0 of 769 built blocks
== loop346S400A1
  layer-0 leader window-1 builds 257: txs mean 400000, share >= 95% of the tier 100% (max 400000); sealed_at_ms 114.0/141.0; par_ms 117.0/168.0; par_exec_ms 36.0/42.0; roots_ms 61.0/84.0; parent_fields_ms 19.0/44.0; sealed_ms 21.0/46.0
  proposal cycle window 1 (n=266): mean 116.5 median 106.0 p90 148.2 ms; blocks in the 30 s: 266
  binding wait (tick / quorum / seal, share and mean cycle): tick 63.0% (106.0); quorum 33.9% (134.0); seal 3.1% (144.8)
  vote delay after the proposal, slowest key per block: median 70.1 p90 133.9 ms (slowest minus the median key: median 0.2); last key: {1: 44, 2: 81, 3: 36, 4: 38, 5: 37, 6: 21} of 257 blocks
  CPU in window 1 (cores busy): execution layers 35.3 over 1 process(es); validators 0.7 over 7 process(es)
  execution layer peak RSS 44.5 G; in-memory blocks max 12 (node0 and others, all layers)
  blocks built here 769; none also directly imported
  import-once counters at the last direct import: ; start-up lines with import_once=true: 1; queue-lock lines 0
  layer-0 queue (queued after canonical prune), median per 10 s: t+0:2323000 t+20:2330000 t+40:2367250 t+60:2368500 t+80:2402000
  flood: median per 5 s 3288154/s, final -
  timeout / given-up lines: 1; 01:21:43 v0 INFO process_event{view=1 kind="message"}: n42::cl::timeout: TC formed
loop346S400A1 page_faults_per_s_median: node0=253765 
feedcheck loop346S400A1: ok (block 400,000 tx)
== loop346S400A1: feed check (acq_us / gate_us / reply_us are per frame of 500; rate per 5 s `ingest` line)
  window 1: ingest lines 6; acq_us 457 (max 1092); gate_us 4906; reply_us 5626; slots_busy 14%; delivered median 3,433,533/s max 3,523,437/s; queue at builds median 2,449,000 min 2,109,500; full 100% of 257 blocks
  window 2: ingest lines 6; acq_us 459 (max 464); gate_us 5742; reply_us 6296; slots_busy 13%; delivered median 3,234,264/s max 3,435,960/s; queue at builds median 2,514,000 min 2,087,000; full 100% of 242 blocks
  window 3: ingest lines 6; acq_us 465 (max 553); gate_us 5878; reply_us 6435; slots_busy 13%; delivered median 3,160,862/s max 3,441,127/s; queue at builds median 2,515,000 min 1,925,500; full 100% of 242 blocks
  flood.log (+15..+100 s): rate per 5 s median 3,265,601/s max 3,573,907/s; reply latency median 58.4 ms max 62.9 ms
== loop346S400A1: lanes lock, drain and pruner (new fields)
  window 1: lock duty 74.5% (max 82.0); holds/5s 1,658; longest hold 76.16 ms median, 92.99 ms max by crates/n42/tx-queue/src/lib.rs:1766 (most frequent holders [('crates/n42/tx-queue/src/lib.rs:2046', 4), ('crates/n42/tx-queue/src/lib.rs:1766', 2)]); lock wait 4257.9 ms/5s, longest 93.04 ms; drains/5s 955 of 18150 tx, mean 2240 us, max 61.23 ms
           prune (244 blocks): prune_ms 84/124; fold 1.1 ms, lock 0.0 ms, remove(hold) 23.2 ms, free 0.0 ms; frames_swept 800; coalesced on 244 of 244; prune_wait_ms 0/0; pruner busy 68% of a thread, lock held by it 1.9%
  window 2: lock duty 73.5% (max 75.0); holds/5s 1,518; longest hold 87.37 ms median, 100.55 ms max by crates/n42/tx-queue/src/lib.rs:2046 (most frequent holders [('crates/n42/tx-queue/src/lib.rs:2046', 5), ('crates/n42/tx-queue/src/lib.rs:1766', 1)]); lock wait 4878.2 ms/5s, longest 100.60 ms; drains/5s 878 of 18622 tx, mean 2437 us, max 68.58 ms
           prune (219 blocks): prune_ms 90/137; fold 1.2 ms, lock 0.0 ms, remove(hold) 24.7 ms, free 0.0 ms; frames_swept 800; coalesced on 219 of 219; prune_wait_ms 0/0; pruner busy 66% of a thread, lock held by it 1.8%
  window 3: lock duty 71.0% (max 79.0); holds/5s 1,603; longest hold 80.64 ms median, 105.24 ms max by crates/n42/tx-queue/src/lib.rs:1766 (most frequent holders [('crates/n42/tx-queue/src/lib.rs:2046', 4), ('crates/n42/tx-queue/src/lib.rs:1766', 2)]); lock wait 4339.4 ms/5s, longest 105.29 ms; drains/5s 950 of 16715 tx, mean 2228 us, max 65.69 ms
           prune (226 blocks): prune_ms 88/129; fold 1.1 ms, lock 0.0 ms, remove(hold) 22.5 ms, free 0.0 ms; frames_swept 800; coalesced on 226 of 226; prune_wait_ms 0/0; pruner busy 64% of a thread, lock held by it 1.5%
== loop346S400A1: pruner (per block; busy = sum prune_ms / 30 s, lock = sum (remove_us + settle_us) / 30 s)
  window 1: 244 prunes; prune_ms 84/124; remove_us 23.2/58.2 ms; forget_us 5.0/8.4 ms; settle_us 6.2 ms; pruner busy 68% of a worker; lanes lock held for removal 30%
  window 2: 219 prunes; prune_ms 90/137; remove_us 24.7/62.7 ms; forget_us 5.9/11.1 ms; settle_us 6.8 ms; pruner busy 66% of a worker; lanes lock held for removal 30%
  window 3: 226 prunes; prune_ms 88/129; remove_us 22.5/57.0 ms; forget_us 5.8/9.8 ms; settle_us 6.1 ms; pruner busy 64% of a worker; lanes lock held for removal 28%
== loop346S400A1: seal start / pull, prepared plan, answer, chunked drain
  window 1: 258 builds; start_best_ms 11/46; start_walk_us 0/0; start_pull_ms 0/0; par_pull_ms 0/0; par_start_ms 11/46; par_ms 117/167; sealed_at_ms 114/141; pull_bulk_us 9/13; pull_bulk_txs 400000/400000; plan_age_us 101912/131938; plan_prep_us 12938/24194; plan_topup_txs 0/0
           plan_ahead {'1': 258}; plan_discard {'': 258}
           answer: built-ahead bytes median/max 29,643/29,645, layout_only {'true': 258}; proposal sent bytes median/max 29,643/29,645, layout_only {'true': 258}
           drain: chunks/5s 870, chunk max 8,192 tx, finished by others/5s 44; plan_discards (last ingest line) -
  window 2: 241 builds; start_best_ms 11/52; start_walk_us 0/0; start_pull_ms 0/0; par_pull_ms 0/0; par_start_ms 11/52; par_ms 122/188; sealed_at_ms 118/156; pull_bulk_us 9/14; pull_bulk_txs 400000/400000; plan_age_us 106119/144514; plan_prep_us 12969/23813; plan_topup_txs 0/0
           plan_ahead {'1': 240, '0': 1}; plan_discard {'': 240, 'not_on_its_parent': 1}
           answer: built-ahead bytes median/max 29,647/29,647, layout_only {'true': 243}; proposal sent bytes median/max 29,647/29,647, layout_only {'true': 242}
           drain: chunks/5s 801, chunk max 8,192 tx, finished by others/5s 38; plan_discards (last ingest line) not_on_its_parent:1
  window 3: 242 builds; start_best_ms 8/45; start_walk_us 0/0; start_pull_ms 0/0; par_pull_ms 0/0; par_start_ms 8/45; par_ms 122/179; sealed_at_ms 115/165; pull_bulk_us 9/14; pull_bulk_txs 400000/400000; plan_age_us 104786/146778; plan_prep_us 13443/29726; plan_topup_txs 0/0
           plan_ahead {'1': 242}; plan_discard {'': 242}
           answer: built-ahead bytes median/max 29,647/29,647, layout_only {'true': 241}; proposal sent bytes median/max 29,647/29,647, layout_only {'true': 242}
           drain: chunks/5s 879, chunk max 8,192 tx, finished by others/5s 38; plan_discards (last ingest line) -
== loop346S400A1: persistence per window (ms per block = part sum / blocks persisted)
  window 1: persisted 256 of 257 produced (100%); total 70.0, sf_tx 64.2, sf_rcpt 12.9, sf_acct 27.4, sf_send 20.5, scope 64.3, qmdb 28.4, post 0.0, pre 5.7, plain_rev 5.7, commit_sf 1.0, commit_mdbx 0.1, commit_rocks 0.1; longest task sf_tx 64.2; in-memory 7 -> 8 (max 12); RSS 18.3 -> 35.7 G; lag 8 -> 8 = +0.0 blocks/min; bp max 0
  window 2: persisted 241 of 242 produced (100%); total 70.5, sf_tx 64.6, sf_rcpt 11.9, sf_acct 26.5, sf_send 20.2, scope 64.7, qmdb 27.5, post 0.0, pre 5.9, plain_rev 5.9, commit_sf 1.3, commit_mdbx 0.1, commit_rocks 0.1; longest task sf_tx 64.6; in-memory 8 -> 10 (max 10); RSS 35.7 -> 42.7 G; lag 8 -> 10 = +4.0 blocks/min; bp max 0
  window 3: persisted 243 of 242 produced (100%); total 73.7, sf_tx 66.1, sf_rcpt 13.1, sf_acct 27.3, sf_send 20.9, scope 66.6, qmdb 35.6, post 0.0, pre 7.1, plain_rev 7.1, commit_sf 1.2, commit_mdbx 0.1, commit_rocks 0.1; longest task sf_tx 66.1; in-memory 10 -> 10 (max 11); RSS 42.7 -> 37.3 G; lag 10 -> 10 = +0.0 blocks/min; bp max 0
  leg end: in-memory 7, max over the sampler 12, backpressure stalls 0
== loop346S400A1: execution and root fields (median / p90 per block); over 769 full builds: rename_fallbacks total 0, rename_record_waits total 0, carried_depth values ['1']
    folded lines 258: pending_max max 90 (median 80); pending_us_max max 55,836; drops_max max 219278
    flags: seal_on_counters true:258; freeze_pool_own true:258; plan_body 1:255/2:3; prep_from_plan false:3/true:255; plan_ahead 1:258; seal per 1,000 transfers 0.285 ms
  window 1 (258 builds): on-CPU share 1.00/1.00; CPU per transfer 2.56/2.95 us; sealed_at_ms 114/141; par_exec_ms 36/42; par_fold_ms 26/53; index_ms 47/63; par_start_ms 11/46; gap_before_exec_ms 27/86; state_wait_us 26,560/85,210; parent_fields_ms 18/44; roots_ms 61/84; seal_to_fields_us 105,426/135,350; seal_to_complete_us 233,280/270,461; rename_fallbacks 0/0; rename_record_waits 0/0; carried_depth 1/1; plan_body_us 27,977/33,668; batch_max_ms 13/17; tx_root_ms 2/3; sealed_ms 21/46
    folded lines 243: pending_max max 89 (median 80); pending_us_max max 40,955; drops_max max 94888
    flags: seal_on_counters true:241; freeze_pool_own true:241; plan_body 0:1/1:240; prep_from_plan false:1/true:240; plan_ahead 0:1/1:240; seal per 1,000 transfers 0.295 ms
  window 2 (241 builds): on-CPU share 1.00/1.00; CPU per transfer 2.57/2.96 us; sealed_at_ms 118/156; par_exec_ms 37/43; par_fold_ms 27/51; index_ms 46/56; par_start_ms 11/52; gap_before_exec_ms 30/110; state_wait_us 29,982/109,830; parent_fields_ms 18/43; roots_ms 62/85; seal_to_fields_us 104,934/136,991; seal_to_complete_us 232,337/274,023; rename_fallbacks 0/0; rename_record_waits 0/0; carried_depth 1/1; plan_body_us 26,726/32,284; batch_max_ms 13/17; tx_root_ms 2/3; sealed_ms 20/46
    folded lines 241: pending_max max 90 (median 80); pending_us_max max 46,131; drops_max max 98139
    flags: seal_on_counters true:242; freeze_pool_own true:242; plan_body 1:240/2:2; prep_from_plan false:2/true:240; plan_ahead 1:242; seal per 1,000 transfers 0.287 ms
  window 3 (242 builds): on-CPU share 1.00/1.00; CPU per transfer 2.58/2.93 us; sealed_at_ms 115/165; par_exec_ms 37/44; par_fold_ms 25/50; index_ms 47/57; par_start_ms 8/45; gap_before_exec_ms 24/92; state_wait_us 24,742/91,773; parent_fields_ms 20/68; roots_ms 64/105; seal_to_fields_us 107,340/152,313; seal_to_complete_us 239,083/286,813; rename_fallbacks 0/0; rename_record_waits 0/0; carried_depth 1/1; plan_body_us 29,373/35,792; batch_max_ms 13/18; tx_root_ms 2/3; sealed_ms 22/70
== loop346S400A1: 2339 proposals; proposal -> quorum (leader's commit) median 11.1 / p90 112.2 / max 247.8 ms; proposal interval median 105.2 / p90 120.8 ms; TC formed lines 1; leader views timed out 1; ParentUnknown lines 0
   handover at view 1024: proposal intervals (view, ms) [(1023, 105), (1024, 246), (1025, 228), (1026, 105), (1027, 106)] against the median 105 ms
   handover at view 2048: proposal intervals (view, ms) [(2047, 106), (2048, 105), (2049, 106), (2050, 105), (2051, 104)] against the median 105 ms
     block 1024 (view 1024): sealed_at_ms 227, gap_before_exec_ms 58, parent_fields_ms 126, rename_fallbacks 0, rename_record_waits 0, carried_depth 1
     block 1025 (view 1025): sealed_at_ms 63, gap_before_exec_ms 13, parent_fields_ms 16, rename_fallbacks 0, rename_record_waits 0, carried_depth 1
     block 1026 (view 1026): sealed_at_ms 100, gap_before_exec_ms 12, parent_fields_ms 29, rename_fallbacks 0, rename_record_waits 0, carried_depth 1
     block 1027 (view 1027): sealed_at_ms 86, gap_before_exec_ms 15, parent_fields_ms 30, rename_fallbacks 0, rename_record_waits 0, carried_depth 1
flood span 95 s; tokio-rt threads alive throughout 34 of 70; group 10.0 cores busy over them (all threads incl. short-lived 13.2)
  per-thread cores busy, top 12: 0.63 0.62 0.61 0.60 0.60 0.59 0.58 0.58 0.58 0.58 0.58 0.57; threads over 0.9 core: 0, over 0.7: 0
== loop346S400A1: 741 full builds in the 3 windows
  par_exec_ms 37/43; par_run_ms 66/130; batch_start_skew_ms 28/33; batch_median_ms 7/8; batch_max_ms 13/17; batch_first_start_us 96/153; batch_last_start_us 28911/33799; batch_dispatch_us 274/366; batch_last_end_us 37113/43420; batches 128/128; batch_threads 32/32; batch_txs_max 3500/3500; batch_txs_min 3000/3000; start_walk_ms 0/0; start_walk_check_ms 0/0; par_start_ms 10/47; sealed_at_ms 115/154; prev_seal_to_answer_us 3375/5909; prev_seal_to_entry_us 0/0; prev_seal_to_header_us 233/377; prev_seal_to_import_us 262584/318766; prev_seal_to_request_us 975/1327; prev_seal_to_start_us 1302/1715; start_walk_check_us 0/0; start_walk_ids_us 0/0; start_walk_settle_us 0/0; start_walk_us 0/0
  one_wave {'false': 741}
  batches == batch_threads on 0 of 741 builds
  last - first batch start (ms) median/p90 28.80/33.70; under 2 ms on 0 of 741 builds
bodygate loop346S400A1: invalid_blocks=0 gas_mismatch=0 fields_mismatches=0 own_not_committed=0 proposals_given_up=0
leg loop346S400A2: /data free 584G (needs 120 G)
leg loop346S400A2 start 21:26:10 load 2.62
round loop346S400A2 exit 0 at 21:29:09
loop346S400A2 save stages (node0, seconds summed over the leg / count): batch_size=1027.0/334  batch_size=1027.0/334  reth_consensus_engine_beacon_persistence_duration=62.8/334  duration_seconds=59.0/334  total=54.9/334  scope=50.0/334  sf=48.7/334  sf_transactions=48.4/334  qmdb_persisted=30.5/334  sf_account_changesets=20.5/334
el binary: /data/n42-build/target-n42-rs/native/release/n42 env: N42_IMPORT_ONCE=1 N42_SETTLEMENT_TAGS=legacy N42_BUILD_THROTTLE_SOFT=48 F7_EL_MAP=0,0,0,0,0,0,0 N42_FIELDS_AT_SEAL=1 N42_FREEZE_AFTER_SEAL=1 N42_FRAME_BLOCKS=1 N42_TX_INGEST_RECOVER_PARALLEL=24 N42_FREEZE_POOL=own N42_PARALLEL_BUILD_THREADS=32 N42_PLAN_AHEAD=1 N42_HASHED_TABLES=off F7_FLOOD_RATE=6000000 N42_COMPACT_BODY=1 N42_BUILD_BATCHES=128 MALLOC_CONF=thp:always,oversize_threshold:0,dirty_decay_ms:2000,background_thread:true N42_SEAL_ON_COUNTERS=1 N42_ACCOUNT_HISTORY=off N42_TAKE_COMPACT=1 N42_SF_EARLY_WRITEBACK=1 N42_ROAD_RUNTIME=1 N42_TX_INGEST_HIGH_WATER=2500000 F7_BENCH_POOL_SLOTS=3000000 N42_PLAN_AHEAD_BODY=1 N42_SEAL_AT_EXEC=1 N42_TX_QUEUE_DRAIN_CHUNK=8192 N42_ANSWER_LAYOUT_ONLY=1 N42_PULL_BY_FRAMES=1 N42_SF_PARALLEL_ENCODE=1 N42_BUILD_THROTTLE_HARD=80 N42_LIVE_INDEX_DEFER=1 RAYON_NUM_THREADS=16 N42_ROOT_OPS_AHEAD=1 TOKIO_WORKER_THREADS=16 N42_QMDB_READS=on N42_LEADER_LAYERS=3 N42_PERSIST_QMDB_IN_SCOPE=1 F7_BLOCK_INTERVAL_MS=104 F7_MEASURE_FROM_LOG=1
validator env: N42_IMPORT_ONCE=1 N42_SETTLEMENT_TAGS=legacy N42_BUILD_THROTTLE_SOFT=48 F7_EL_MAP=0,0,0,0,0,0,0 N42_FIELDS_AT_SEAL=1 N42_FREEZE_AFTER_SEAL=1 N42_FRAME_BLOCKS=1 N42_TX_INGEST_RECOVER_PARALLEL=24 N42_FREEZE_POOL=own N42_PARALLEL_BUILD_THREADS=32 N42_PLAN_AHEAD=1 N42_HASHED_TABLES=off F7_FLOOD_RATE=6000000 N42_COMPACT_BODY=1 N42_BUILD_BATCHES=128 N42_SEAL_ON_COUNTERS=1 N42_ACCOUNT_HISTORY=off N42_TAKE_COMPACT=1 N42_SF_EARLY_WRITEBACK=1 N42_ROAD_RUNTIME=1 N42_TX_INGEST_HIGH_WATER=2500000 F7_BENCH_POOL_SLOTS=3000000 N42_PLAN_AHEAD_BODY=1 N42_SEAL_AT_EXEC=1 N42_TX_QUEUE_DRAIN_CHUNK=8192 N42_ANSWER_LAYOUT_ONLY=1 N42_PULL_BY_FRAMES=1 N42_SF_PARALLEL_ENCODE=1 N42_BUILD_THROTTLE_HARD=80 N42_LIVE_INDEX_DEFER=1 RAYON_NUM_THREADS=16 N42_ROOT_OPS_AHEAD=1 TOKIO_WORKER_THREADS=16 N42_QMDB_READS=on N42_LEADER_LAYERS=3 N42_PERSIST_QMDB_IN_SCOPE=1 F7_MEASURE_FROM_LOG=1
loop346S400A2 once: start-up lines import_once=true 1; last direct-import counters 
loop346S400A2 imports: layers=1 direct_imports=0 canonical_blocks=2234 import_once_lines=1 (per layer: direct imports should equal canonical blocks for one execution per block)
grep: /data/blockchain/rust-fleet7-bench/node1/el.log: No such file or directory
grep: /data/blockchain/rust-fleet7-bench/node2/el.log: No such file or directory
grep: /data/blockchain/rust-fleet7-bench/node3/el.log: No such file or directory
grep: /data/blockchain/rust-fleet7-bench/node1/el.log: No such file or directory
grep: /data/blockchain/rust-fleet7-bench/node2/el.log: No such file or directory
grep: /data/blockchain/rust-fleet7-bench/node3/el.log: No such file or directory
cat: /data/blockchain/rust-fleet7-bench/node2/el.log: No such file or directory
cat: /data/blockchain/rust-fleet7-bench/node2/el.log: No such file or directory
cat: /data/blockchain/rust-fleet7-bench/node2/el.log: No such file or directory
cat: /data/blockchain/rust-fleet7-bench/node1/el.log: No such file or directory
cat: /data/blockchain/rust-fleet7-bench/node2/el.log: No such file or directory
cat: /data/blockchain/rust-fleet7-bench/node3/el.log: No such file or directory
Traceback (most recent call last):
  File [35m"<stdin>"[0m, line [35m4[0m, in [35m<module>[0m
[1;35mIndexError[0m: [35mlist index out of range[0m
loop346S400A2 no_variant=0 own_not_committed=0 tc=1 invalid_blocks=0 incomplete=0 gas_mismatch=0 direct_imports_failed=0 stuck_at_hashed_state=0 engine_idles_over_5s=1 proposals_given_up=0 tables_off_nodes=1 unanswered_reads=0 seal_first_total=740 seal_first_direct=740 direct_guard_errors=0 commit_ms_median=0 fold_ms_median=48 sealed_at_ms_median=105 state_ready_ms_median=211 build_total_ms_median=393 recover_us_median=0 par_exec_ms_median=35 par_exec_ms_median=35 giveback_filtered=0 giveback_offered_max=400000 seal_first=740 reader_lag_max=9 reader_lag_warns=0 view_invalidated=0 el_sum_peak_g=38.1 el_max_peak_g=38.1 val_sum_peak_g=1.9 flood_peak_g=0.6 two_roads_blocks=0 two_roads_overlap_ms_median=- exec_on_output_declined=0 r1_collect_ms_median=5 proposal_at_ms_median=93 view_total_ms_median=105 import_exec_ms_median=- import_total_ms_median=- import_senders_ms_median=- import_convert_ms_median=- import_groups_median=- imports_over_600ms=0 min_avail_g=67.6 road_foreign_body_recv_ms=- road_foreign_body_decode_ms=- road_foreign_body_senders_ms=- road_foreign_body_parent_wait_ms=- road_foreign_body_check_ms=- road_foreign_body_total_ms=- road_new_payload_recv_ms=- road_new_payload_decode_ms=- road_new_payload_senders_ms=- road_new_payload_parent_wait_ms=- road_new_payload_check_ms=- road_new_payload_total_ms=- road_foreign_body_blocks=0 road_new_payload_blocks=0 fcu_answered=1016 fcu_in_flight_ms_median=0 fcu_queued_ms_median=0 fcu_queued_ms_max=212 fcu_refused=0 fcu_slow=1344 bodies_held=0 road_reuse_ms=- road_prepare_ms=- road_dispatch_ms=- road_convert_ms=- road_remember_ms=- road_header_ms=- road_fields_ms=- road_other_ms=- import_engine_ms_median=- gate_forced=0 gate_warns=0 flood_timeouts=0 canonical_min=2248 canonical_max=2248 chained_builds=1414 chain_lead_ms_median=102 chain_wait_ms_median=0 chain_started=1417 chain_discarded=4 chain_discard_reasons=_1_reason="no_,_1_reason="no_state_found_for_block_,_1_reason="the_chained_build_produced_nothing,_2_reason="the_execution_layer_produced_nothing,_1_reason="the_request_names_another_parent chain_alias_warns=0 el_chained=1422 bodies_held_warns=0 el_build_refused=3 el_build_refused_reasons=_2_no_QMDB_tree_for_parent_block_0x,_1_no_state_found_for_block_0x queued_p5=2115500 queued_p50=2310500 road_compact_blocks=0 road_compact_recv_ms=- road_compact_assemble_ms=- road_compact_root_ms=- road_compact_miss_wait_ms=- road_compact_senders_ms=- road_compact_check_ms=- road_compact_other_ms=- road_compact_total_ms=- road_compact_misses_total= compact_refused_el=0 compact_fallbacks=0 compact_bytes_median=- pool_order9=13613 par_pull_ms_median=- build_total_ms_median2=- road_compact_filled_blocks=0 road_compact_filled_median=- road_compact_fill_ms_median=- need_txns=0 fill_failed=0 ingest_rate_gate_open_median=- ingest_gate_open_intervals=0 ingest_slots_busy_median=- flood_rate= fill_asked_proposer=0 fill_asked_other=0 loop_lines=1768 loop_unnamed_ms_median=91 loop_body_served_ms_median=- loop_txns_served_ms_median=- import_exec_ms_median2=- pip_partition_ms=- pip_env_ms=- pip_batch_ms=- pip_groups_ms=- pip_gas_ms=- pip_merge_ms=- pip_receipts_ms=- pip_drop_ms=- pip_other_ms=- pip_total_ms=- senders_indexed_median=- road_senders_ms_median=- road_total_ms_median=- pew_ms_median=- pew_ms_p90= gate_ms_median=- gate_ms_p90= root_ms_p50=- root_ms_p90= two_roads=0 not_on_output=0 not_on_output_why= ckpt_ms_first_q=4 ckpt_ms_last_q=96 ckpt_bytes_last=33656668 parent_still_importing=1 root_wait_ms_p50=- root_wait_ms_p90= tenures_low_seal=12 seal_first_share=0.99 empty_over_deep=0 near_empty_warns=0 no_seal_why= par_skipped_median=- usable_p5=2111000 ckpt_replay_ms_last_q=23 candidates_zero=0 dropped_ingest=0 let_go_warns=0 let_go_reasons= parked_p50=0 parked_max=0 held_warns=0 park_capped_total=0 superseded_builds=0 empty_not_superseded=0 mass_park_warns=0 heads_lines=0 holes_lines=0 stale_parent_refusals=0 par_groups_p5=0 cancelled_decided=0 heads_nonce0=0 stale_unconfirmed= handovers=1 el_panics=0 decided_cancelled=0 min_window_blocks=229 road_desc_blocks=0 road_desc_total_ms=- road_desc_copy_ms=- desc_misses=0 fill_failed2=0 sf_par_collect_ms=- sf_par_commit_ms=- sf_par_fold_ms=- sf_par_graft_ms=- sf_par_prefault_ms=- sf_par_exec_ms=- sf_sealed_at_ms=- sf_roots_ms=- sf_state_ready_ms=- sf_total_ms=- ba_find_ms=- ba_queue_ms=- ba_total_ms=- ba_on_output=0 queue_fold_us=- queue_lock_us=- sf_par_exec_ms=- sf_par_fold_ms=- pip_groups_ms=- import_exec_ms_median2=- reads_d0=0 reads_hist=0 f_reads_d0=- f_reads_hist=- f_overlay_depth=- L_read_set_ms=0 read_set_accounts=0 read_set_unresolved=0 read_set_hits=0 read_set_misses=0 start_best_ms=- par_prep_ms=- gap_before_exec_ms=- gap_after_exec_ms=- gap_before_seal_ms=- index_ms=- road_copy_aside_ms=- road_copy_wait_ms=- road_total_ms=- queue_first_miss=queue_first_miss=0:1487,queue_first_miss=18446744073709551615:746 root_append_behind=0 populate_lag_mb=0 swap_used_g=0 root_faults=- root_faults_p90= root_faults_entries=0 root_faults_offsets=0 root_faults_index=0 root_faults_bits=0 root_faults_twigs=0 root_faults_undo=0 root_faults_tmp=0 root_append_faults=0 root_twig_pool_misses=0 batch_max_ms=13 batch_min_ms=4 batch_median_ms=7 batch_cpu_max_ms=12 batch_txs_max=3500 batch_txs_min=3000 batch_start_skew_ms=27 batch_wait_ms=0 loop_fetch_ns=0 loop_check_ns=0 loop_transfer_ns=0 loop_receipt_ns=0 loop_gas_ns=0 loop_sink_ns=0 loop_other_ns=0 batch_setup_ns=0 batch_close_ns=0 imp_exec_part_ms=- imp_exec_batches_ms=- imp_exec_graft_ms=- imp_exec_batches=- imp_exec_threads=- imp_exec_batch_max_ms=- imp_exec_batch_median_ms=- imp_parent_output_wait_ms=- road_parent_output_wait_ms=- next_start_gap_ms=1 next_entry_gap_ms=0 commit_body_ahead_used=- imp_exec_keys_ms=- imp_keys_ahead=- imp_exec_sink_ms=- imp_exec_pre_ms=- imp_exec_post_ms=- imp_exec_receipts_ms=- imp_exec_drop_ms=- root_gap_ms=- queue_whole=queue_whole=false:1487,queue_whole=true:746 tick_tick_late_us=633 tick_preamble_us=343 tick_take_sealed_us=1 tick_sign_us=0 tick_cache_us=0 tick_presealed=- tick_describe_us=10 tick_publish_us=600 tick_tick_to_send_us=1655 road_check_ms=- road_check_include_us=- road_check_scan_us=- road_check_fold_us=- road_check_senders_us=- road_check_frames_summarized=- road_check_frames_scanned=- imp_exec_start_gap_us=- imp_gap_road_us=- imp_gap_header_us=- imp_gap_senders_us=- imp_gap_parent_us=- imp_gap_setup_us=- imp_gap_keys_wait_us=- sealed_at_p90= sealed_over_130=0 roots_ms=- cycle_p90= batch_max_ms=- batch_median_ms=- imp_batch_max=- forest_lock_warns=1639 root_seal_ms=2 root_seals=39 root_majflt=17185 roots_p90= gp_layer=746 ggp_missing=319 state_wait_split=0/0/0/0:82,54/0/0/0:14,53/0/0/0:14 qmdb_releases=0 state_wait_on= imp_road_end_ms=- imp_exec_start_ms=- imp_exec_end_ms=- imp_root_end_ms=- imp_fields_ready_ms=- imp_parent_fields_wait_ms=- imp_exec_ms=- imp_root_ms=- imp_checks_ms=- imp_engine_ms=- imp_total_ms=- road_parent_fields_wait_ms=- exec_read_ms=- L_exec_evm_ms=- L_exec_write_ms=- L_exec_other_ms=- L_reads_cache=- L_reads_provider=- L_reads_view=- L_graft_base_ms=- L_graft_reserve_ms=- L_graft_insert_ms=- L_graft_reverts_ms=- L_graft_other_ms=- L_par_exec_ms=- L_par_graft_ms=- F_exec_read_ms=- F_exec_evm_ms=- F_exec_write_ms=- F_exec_other_ms=- F_reads_cache=- F_reads_provider=- F_reads_view=- F_groups_ms=- L_tx_root_wait_ms=- L_par_exec_ms=- L_par_graft_ms=- L_par_fold_ms=- L_sealed_ms=- L_state_ready_ms=- L_roots_ms=- L_finish_ms=- L_total_ms=- L_setup_ms=- L_par_pull_ms=- L_give_back_ms=- L_state_wait_ms=- L_state_after_pull=740 L_seal_at_exec=740 L_tx_root_ahead=0 flood_w1=3187121 txs_p10=400000 acq_us=460 slots_busy=13 ingest_rate=3146294 L_scope_join_ms=- L_par_release_ms=- L_commit_body_ms=- L_par_commit_ms=- L_give_back_ms=- L_sealed_ms=- L_par_exec_ms=- L_state_wait_ms=- L_par_pull_ms=- L_par_prep_ms=- L_par_start_ms=- L_pre_exec_ms=- L_par_run_ms=- L_sealed_at_ms=- F_partition_ms=- F_env_ms=- F_groups_ms=- F_merge_ms=- F_reverts_wait_ms=- F_ahead_wait_ms=- F_total_ms=- I_engine_ms=- I_root_ms=- I_total_ms=- H_engine_remember_ms=- H_engine_listing_ms=- H_engine_new_payload_ms=- busy_us=1 L_par_start_ms=- L_start_handoff_ms=- L_start_best_ms=- L_start_puller_ms=- L_par_pull_ms=- L_par_prep_ms=- L_state_wait_ms=- L_par_exec_ms=- L_par_commit_ms=- L_sealed_ms=- L_sealed_at_ms=- L_par_graft_ms=- L_graft_insert_ms=- L_graft_reverts_ms=- L_graft_split_us=- L_graft_build_us=- L_graft_merge_us=- L_state_ready_ms=- Q_queue_ms=0 R_dispatch_wait_ms=- R_total_ms=- R_road_runtime=1 gate_holds=0 peer_fetch=0 pool_limit=limit=8 gate_opened=gate_opened_for_block=0 I_root_ms=- flood_rate_hdr=rate=6000000/s fills=0 fill_waited=- slots_busy=13 acq_us=460 busy_us=1 converged=0 fallbacks=0 busy_us=1 recover_us=0 tf_on_output=2 tf_fallback=0 still_importing=1 busy_us=1 slots_busy=13 batches=altsig_txs=0 altsig_batches=0 tf_on_output=2 tf_fallback=0 gate_holds=0 sign_s=sign 0s replay_note=replay       : 64 files from /data/n42-pregen/g900000-400m, 400000000 transactio sign_s=sign 0s shard=shard_verified=0 shard_claimed=0 road_verified=- slots_busy=13 gate_us=5737 reply_us=6302 queued=2310500 assemble_ms=- road_take_ms=- road_body_ms=- road_encode_ms=- shards=16 shard_insert_ms=0 shard_wait_ms=0 shard_fold_ms=50 shard_append_ms=31 shard_merge_ms=131 state_ready_ms=211 roots_ms=64 exec_read_ms=0 exec_evm_ms=0 exec_write_ms=0 exec_other_ms=0 reads_cache=0 reads_provider=0 reads_view=0 par_run_ms=95 fold_task_cpu_max_us=48831 fold_task_minflt_max=110 fold_task_minflt_sum=111 fold_task_migrated=0 fold_task_nivcsw_max=0 fold_index=1 fold_index_build_ms=48 fold_index_conflicts=32003 fold_queue_us=71 fold_skew_us=40 fold_task_max_us=48827 fold_tail_us=31 start_best_ms=2 start_select_ms=0 start_walk_ms=0 start_walk_check_ms=0 start_best_other_ms=0 start_frames_by_ref=0 start_frames_slow=0 start_pull_ms=0 start_other_ms=0 start_handoff_ms=0 par_start_ms=2 par_prep_ms=0 par_commit_ms=0 commit_body_ms=0 par_fold_ms=48 sealed_ms=2 copy_ms=- prune_ms=0 frames=- frames_missing=- frame_root_ms=- root_ms=- frames_admitted=frames_admitted=591838 frames_unaligned=0 frame_root_indexed=- seal_layout_ms=1 seal_root_ms=0 attested= busy_us=1 slots_busy=13 reply_us=6302 prune_ms=0 body_refused=0 body_failed_late=0
loop346S400A2 win1 tps=3,280,000 txs=98,400,000 blocks= 246 cycle=0.122s occupancy= 99.6% full(>=95%)=245/246 basefee=n/a (from the layer's log)
loop346S400A2 win2 tps=3,146,667 txs=94,400,000 blocks= 236 cycle=0.127s occupancy=100.0% full(>=95%)=236/236 basefee=n/a (from the layer's log)
loop346S400A2 win3 tps=3,053,333 txs=91,600,000 blocks= 229 cycle=0.131s occupancy=100.0% full(>=95%)=229/229 basefee=n/a (from the layer's log)
loop346S400A2 tps=3,280,000 round_txs=284400000 cycles_w1=
loop346S400A2 imp_fields_p90= b_p75=35
loop346S400A2 overlay: filter_skips=0 probes=0 ratio=- (ratio = skips/(skips+probes))
loop346S400A2 overlay_manager:       1 state_trie_overlay=false  state-ovly_cpu=0
loop346S400A2 verify: written to /data/blockchain/rust-fleet7-bench/bench-loop346S400A2/verify.json
== loop346S400A2  (E=1: seven validator keys on one execution layer)
  window 1: canonical 247 blocks, 98.8M tx = 3,293,333/s (100.0% of window 1), full 245/247 (99%); cycle mean/median/p90 121.5/107.2/157.3 ms
    leader builds 246: sealed_at median/p90/p99 104/157/185; phases median/p90 ms: gap_before_exec 59/118, state_wait 59/118, par 150/213, par_exec 34/41, roots 62/89, parent_fields 0/0, sealed 2/3
    state_wait_on {'output': 172, 'none': 24, 'grandparent': 50}; builds with state_wait > 20 ms: 217 ([('output', 167), ('grandparent', 50)]); gp_layer {1.0: 246}, ggp_missing {0.0: 151, 1.0: 95}
    queue at the builds min/median 1,983,500/2,417,500
    new field batch_cpu_sum_us: median/p90/max 953058.5/1102417.0/1889126, nonzero 246
    new field batch_dispatch_us: median/p90/max 265.0/357.0/493, nonzero 246
    new field batch_first_start_us: median/p90/max 99.0/155.0/293, nonzero 246
    new field batch_ivcsw: median/p90/max 3.0/11.0/24, nonzero 193
    new field batch_last_end_us: median/p90/max 34313.0/41335.0/65235, nonzero 246
    new field batch_last_start_us: median/p90/max 26744.0/31362.0/53281, nonzero 246
    new field batch_live_deferred: median/p90/max 83.0/89.0/228, nonzero 246
    new field batch_live_lock_hold_us: median/p90/max 17603.0/21602.0/45915, nonzero 246
    new field batch_live_lock_wait_us: median/p90/max 0.0/0.0/0, nonzero 0
    new field batch_live_lock_waits: median/p90/max 0.0/0.0/0, nonzero 0
    new field batch_majflt: median/p90/max 0.0/0.0/0, nonzero 0
    new field batch_minflt: median/p90/max 1975.5/20404.0/56949, nonzero 246
    new field batch_open_max_us: median/p90/max 474.5/576.0/3140, nonzero 246
    new field batch_open_sum_us: median/p90/max 11886.0/14177.0/17933, nonzero 246
    new field batch_threads: median/p90/max 32.0/32.0/32, nonzero 246
    new field batch_vcsw: median/p90/max 183.0/367.0/506, nonzero 246
    new field batch_view_index_wait_us: median/p90/max 0.0/21063.0/45054, nonzero 60
    new field batch_view_index_waits: median/p90/max 0.0/160.0/282, nonzero 60
    new field batch_view_slot_wait_us: median/p90/max 0.0/387.0/1538, nonzero 66
    new field batch_view_slot_waits: median/p90/max 0.0/17.0/36, nonzero 66
    new field batch_wall_sum_us: median/p90/max 959165.0/1122622.0/1898026, nonzero 246
    new field batches: median/p90/max 128.0/128.0/128, nonzero 246
    new field build_batches: median/p90/max 128.0/128.0/128, nonzero 246
    new field carried_depth: median/p90/max 2.0/2.0/2, nonzero 246
    new field exec_end_to_seal_us: median/p90/max 126.0/165.0/721, nonzero 246
    new field exec_partition_us: median/p90/max 12.0/15.0/2257, nonzero 246
    new field exec_prepared_groups: {'true': 245, 'false': 1}
    new field exec_prepared_slots: {'true': 245, 'false': 1}
    new field exec_slots_us: median/p90/max 0.0/0.0/2290, nonzero 1
    new field freeze_join_wait_us: median/p90/max 51272.0/61884.0/86864, nonzero 246
    new field freeze_late: {'true': 246}
    new field freeze_pool_own: {'true': 246}
    new field live_index_defer: {'true': 246}
    new field merge_accounts: median/p90/max 364119.0/372530.0/378723, nonzero 246
    new field merge_append_us: median/p90/max 6865.5/16655.0/30740, nonzero 246
    new field merge_reverts: median/p90/max 364119.0/372530.0/378723, nonzero 246
    new field merge_reverts_us: median/p90/max 35299.0/48921.0/72526, nonzero 246
    new field merge_state_us: median/p90/max 83637.0/100770.0/144507, nonzero 246
    new field merge_tail_us: median/p90/max 0.0/0.0/5, nonzero 9
    new field merge_threads: median/p90/max 1.0/1.0/1, nonzero 246
    new field one_wave: {'false': 246}
    new field open_engine_us: median/p90/max 0.0/68760.0/127471, nonzero 95
    new field open_fallback: {'false': 151, 'true': 95}
    new field open_keep_us: median/p90/max 6.0/9.0/113, nonzero 246
    new field open_layers: median/p90/max 3.0/3.0/3, nonzero 246
    new field open_provider_us: median/p90/max 106.0/223.0/450, nonzero 246
    new field plan_age_us: median/p90/max 98009.0/164854.0/228098, nonzero 246
    new field plan_ahead: median/p90/max 1.0/1.0/1, nonzero 246
    new field plan_body: median/p90/max 1.0/1.0/2, nonzero 246
    new field plan_body_us: median/p90/max 25249.5/29675.0/38808, nonzero 245
    new field plan_discard: {'': 246}
    new field plan_prep_us: median/p90/max 12183.5/20997.0/54881, nonzero 246
    new field plan_topup_txs: median/p90/max 0.0/0.0/0, nonzero 0
    new field prep_from_plan: {'true': 245, 'false': 1}
    new field prev_seal_to_answer_us: median/p90/max 2894.0/5973.0/9870, nonzero 246
    new field prev_seal_to_entry_us: median/p90/max 0.0/0.0/0, nonzero 0
    new field prev_seal_to_header_us: median/p90/max 200.5/326.0/475, nonzero 246
    new field prev_seal_to_import_us: median/p90/max 271464.0/344812.0/420073, nonzero 228
    new field prev_seal_to_request_us: median/p90/max 926.0/1508.0/154785, nonzero 246
    new field prev_seal_to_start_us: median/p90/max 1240.0/2229.0/155135, nonzero 246
    new field pull_bulk_txs: median/p90/max 400000.0/400000.0/400000, nonzero 246
    new field pull_bulk_us: median/p90/max 8.0/13.0/1734, nonzero 246
    new field rename_fallbacks: median/p90/max 0.0/0.0/0, nonzero 0
    new field rename_record_waits: median/p90/max 5.0/8.0/12, nonzero 181
    new field root_apply_gap_us: median/p90/max 11.0/13.0/23, nonzero 246
    new field root_apply_total_us: median/p90/max 39925.0/53544.0/71493, nonzero 246
    new field root_compute_us: median/p90/max 42673.5/59030.0/77109, nonzero 246
    new field root_delta_us: median/p90/max 2086.5/3458.0/16765, nonzero 246
    new field root_index_us: median/p90/max 4787.0/9608.0/30219, nonzero 246
    new field root_leaves_us: median/p90/max 12596.0/21263.0/39638, nonzero 246
    new field root_note_us: median/p90/max 280.0/557.0/1845, nonzero 246
    new field root_ops_ahead: {'true': 246}
    new field root_ops_ahead_wait_us: median/p90/max 9969.5/26468.0/54090, nonzero 246
    new field root_ops_concat_us: median/p90/max 0.0/0.0/0, nonzero 0
    new field root_ops_encode_us: median/p90/max 11518.5/22258.0/40313, nonzero 246
    new field root_ops_finish_us: median/p90/max 4493.0/6005.0/11700, nonzero 246
    new field root_ops_sort_us: median/p90/max 7302.5/16974.0/30678, nonzero 246
    new field root_ops_us: median/p90/max 14507.0/31396.0/59654, nonzero 246
    new field root_rehash_us: median/p90/max 1589.0/2131.0/13325, nonzero 246
    new field root_retire_us: median/p90/max 1686.5/3123.0/9282, nonzero 246
    new field root_sort_us: median/p90/max 559.0/1260.0/3940, nonzero 246
    new field root_undo_us: median/p90/max 722.0/1195.0/3705, nonzero 246
    new field root_writes_us: median/p90/max 15584.5/21715.0/29780, nonzero 246
    new field seal_hashes_ahead: {'true': 246}
    new field seal_on_counters: {'true': 246}
    new field seal_to_complete_us: median/p90/max 256900.5/298162.0/346482, nonzero 246
    new field seal_to_frozen_us: median/p90/max 51264.5/61828.0/86856, nonzero 246
    new field seal_to_merge_end_us: median/p90/max 256794.5/298029.0/346326, nonzero 246
    new field seal_to_merge_start_us: median/p90/max 128010.5/153635.0/189068, nonzero 246
    new field seal_to_ops_ahead_us: median/p90/max 75406.0/94583.0/114353, nonzero 246
    new field seal_to_state_ready_us: median/p90/max 256802.0/298041.0/346336, nonzero 246
    new field sealed_unix_us: median/p90/max 1791422868430880.0/1791422880411714.0/1791422883319553, nonzero 246
    new field start_walk_check_us: median/p90/max 0.0/0.0/0, nonzero 0
    new field start_walk_ids_us: median/p90/max 0.0/0.0/0, nonzero 0
    new field start_walk_settle_us: median/p90/max 0.0/0.0/0, nonzero 0
    new field start_walk_us: median/p90/max 0.0/0.0/0, nonzero 0
    new field state_wait_us: median/p90/max 59120.0/118406.0/166977, nonzero 246
    new field view_journal_reads: median/p90/max 0.0/40960.0/90112, nonzero 120
    new field view_journal_searches: median/p90/max 0.0/101921.0/273757, nonzero 120
    new field view_journal_skips: median/p90/max 0.0/0.0/0, nonzero 0
    new field whole_take_noted: {'true': 246}
    binding wait (tick / quorum / seal share, mean cycle): tick 56% (109); quorum 41% (137); seal 3% (149); feed-bound (blocks under 95% of the tier): 2 of 247
    slowest key vote delay median/p90 75.8/143.3 ms
    engine own-import total_ms per block median/p90/max 79/129/185 (n=246)
    layer RSS 4.8 -> 35.5 G (max 35.5), in-memory blocks max 11
    execution layer cores busy 33.7    validators cores busy 0.6
    flood delivered (median per 5 s over the leg) 3,193,761/s
  window 2: canonical 236 blocks, 94.4M tx = 3,146,667/s (95.5% of window 1), full 236/236 (100%); cycle mean/median/p90 126.4/108.7/174.6 ms
    leader builds 237: sealed_at median/p90/p99 105/167/208; phases median/p90 ms: gap_before_exec 56/126, state_wait 56/126, par 150/214, par_exec 35/42, roots 64/108, parent_fields 0/0, sealed 2/3
    state_wait_on {'none': 23, 'output': 139, 'grandparent': 75}; builds with state_wait > 20 ms: 201 ([('output', 126), ('grandparent', 75)]); gp_layer {1.0: 237}, ggp_missing {0.0: 132, 1.0: 105}
    queue at the builds min/median 2,021,500/2,419,500
    new field batch_cpu_sum_us: median/p90/max 979916.0/1141975.0/1428594, nonzero 237
    new field batch_dispatch_us: median/p90/max 278.0/391.0/4762, nonzero 237
    new field batch_first_start_us: median/p90/max 105.0/174.0/555, nonzero 237
    new field batch_ivcsw: median/p90/max 4.0/10.0/68, nonzero 201
    new field batch_last_end_us: median/p90/max 35529.0/42245.0/57476, nonzero 237
    new field batch_last_start_us: median/p90/max 27829.0/32487.0/48293, nonzero 237
    new field batch_live_deferred: median/p90/max 84.0/103.0/284, nonzero 237
    new field batch_live_lock_hold_us: median/p90/max 19610.0/24246.0/62794, nonzero 237
    new field batch_live_lock_wait_us: median/p90/max 0.0/0.0/0, nonzero 0
    new field batch_live_lock_waits: median/p90/max 0.0/0.0/0, nonzero 0
    new field batch_majflt: median/p90/max 0.0/0.0/7067, nonzero 22
    new field batch_minflt: median/p90/max 2454.0/27555.0/76539, nonzero 237
    new field batch_open_max_us: median/p90/max 483.0/601.0/1883, nonzero 237
    new field batch_open_sum_us: median/p90/max 11960.0/14817.0/23734, nonzero 237
    new field batch_threads: median/p90/max 32.0/32.0/32, nonzero 237
    new field batch_vcsw: median/p90/max 180.0/382.0/7355, nonzero 237
    new field batch_view_index_wait_us: median/p90/max 0.0/21548.0/354727, nonzero 51
    new field batch_view_index_waits: median/p90/max 0.0/164.0/356, nonzero 51
    new field batch_view_slot_wait_us: median/p90/max 0.0/391.0/4216, nonzero 55
    new field batch_view_slot_waits: median/p90/max 0.0/17.0/34, nonzero 55
    new field batch_wall_sum_us: median/p90/max 992793.0/1175121.0/1652579, nonzero 237
    new field batches: median/p90/max 128.0/128.0/128, nonzero 237
    new field build_batches: median/p90/max 128.0/128.0/128, nonzero 237
    new field carried_depth: median/p90/max 2.0/2.0/2, nonzero 237
    new field exec_end_to_seal_us: median/p90/max 126.0/194.0/1123, nonzero 237
    new field exec_partition_us: median/p90/max 12.0/17.0/4708, nonzero 237
    new field exec_prepared_groups: {'true': 231, 'false': 6}
    new field exec_prepared_slots: {'true': 231, 'false': 6}
    new field exec_slots_us: median/p90/max 0.0/0.0/3620, nonzero 7
    new field freeze_join_wait_us: median/p90/max 47389.0/59075.0/70000, nonzero 237
    new field freeze_late: {'true': 237}
    new field freeze_pool_own: {'true': 237}
    new field live_index_defer: {'true': 237}
    new field merge_accounts: median/p90/max 368696.0/376480.0/386220, nonzero 237
    new field merge_append_us: median/p90/max 11449.0/21920.0/37855, nonzero 237
    new field merge_reverts: median/p90/max 368696.0/376480.0/386220, nonzero 237
    new field merge_reverts_us: median/p90/max 34198.0/46245.0/65320, nonzero 237
    new field merge_state_us: median/p90/max 86479.0/109147.0/141570, nonzero 237
    new field merge_tail_us: median/p90/max 0.0/0.0/2, nonzero 11
    new field merge_threads: median/p90/max 1.0/1.0/1, nonzero 237
    new field one_wave: {'false': 237}
    new field open_engine_us: median/p90/max 0.0/80561.0/141062, nonzero 105
    new field open_fallback: {'false': 132, 'true': 105}
    new field open_keep_us: median/p90/max 6.0/8.0/509, nonzero 237
    new field open_layers: median/p90/max 3.0/3.0/3, nonzero 237
    new field open_provider_us: median/p90/max 110.0/394.0/1666, nonzero 237
    new field plan_age_us: median/p90/max 104495.0/168494.0/232298, nonzero 237
    new field plan_ahead: median/p90/max 1.0/1.0/1, nonzero 237
    new field plan_body: median/p90/max 1.0/1.0/2, nonzero 237
    new field plan_body_us: median/p90/max 26109.0/37275.0/55572, nonzero 231
    new field plan_discard: {'': 237}
    new field plan_prep_us: median/p90/max 12205.0/25837.0/60930, nonzero 237
    new field plan_topup_txs: median/p90/max 0.0/0.0/0, nonzero 0
    new field prep_from_plan: {'true': 231, 'false': 6}
    new field prev_seal_to_answer_us: median/p90/max 3028.0/5561.0/16719, nonzero 237
    new field prev_seal_to_entry_us: median/p90/max 0.0/0.0/0, nonzero 0
    new field prev_seal_to_header_us: median/p90/max 233.0/343.0/544, nonzero 237
    new field prev_seal_to_import_us: median/p90/max 284841.0/355294.0/445093, nonzero 205
    new field prev_seal_to_request_us: median/p90/max 962.0/1433.0/149093, nonzero 237
    new field prev_seal_to_start_us: median/p90/max 1316.0/2569.0/149534, nonzero 237
    new field pull_bulk_txs: median/p90/max 400000.0/400000.0/400000, nonzero 237
    new field pull_bulk_us: median/p90/max 8.0/15.0/3159, nonzero 237
    new field rename_fallbacks: median/p90/max 0.0/0.0/0, nonzero 0
    new field rename_record_waits: median/p90/max 25.0/32.0/33, nonzero 237
    new field root_apply_gap_us: median/p90/max 11.0/15.0/23, nonzero 237
    new field root_apply_total_us: median/p90/max 42417.0/58341.0/99293, nonzero 237
    new field root_compute_us: median/p90/max 45893.0/67526.0/102803, nonzero 237
    new field root_delta_us: median/p90/max 2062.0/4215.0/28972, nonzero 237
    new field root_index_us: median/p90/max 4681.0/10877.0/50805, nonzero 237
    new field root_leaves_us: median/p90/max 13483.0/25680.0/67412, nonzero 237
    new field root_note_us: median/p90/max 263.0/489.0/1975, nonzero 237
    new field root_ops_ahead: {'true': 237}
    new field root_ops_ahead_wait_us: median/p90/max 9326.0/23499.0/61485, nonzero 237
    new field root_ops_concat_us: median/p90/max 0.0/0.0/0, nonzero 0
    new field root_ops_encode_us: median/p90/max 11281.0/20595.0/48582, nonzero 237
    new field root_ops_finish_us: median/p90/max 4522.0/7305.0/13108, nonzero 237
    new field root_ops_sort_us: median/p90/max 7772.0/16460.0/62033, nonzero 237
    new field root_ops_us: median/p90/max 13792.0/29470.0/71308, nonzero 237
    new field root_rehash_us: median/p90/max 2078.0/3369.0/22807, nonzero 237
    new field root_retire_us: median/p90/max 1764.0/3794.0/11394, nonzero 237
    new field root_sort_us: median/p90/max 628.0/1211.0/7634, nonzero 237
    new field root_undo_us: median/p90/max 697.0/1448.0/3301, nonzero 237
    new field root_writes_us: median/p90/max 15885.0/23685.0/52017, nonzero 237
    new field seal_hashes_ahead: {'true': 237}
    new field seal_on_counters: {'true': 237}
    new field seal_to_complete_us: median/p90/max 273128.0/322357.0/381564, nonzero 237
    new field seal_to_frozen_us: median/p90/max 47394.0/59066.0/69965, nonzero 237
    new field seal_to_merge_end_us: median/p90/max 272996.0/322273.0/381458, nonzero 237
    new field seal_to_merge_start_us: median/p90/max 130491.0/176910.0/239730, nonzero 237
    new field seal_to_ops_ahead_us: median/p90/max 70433.0/90408.0/126641, nonzero 237
    new field seal_to_state_ready_us: median/p90/max 273005.0/322280.0/381466, nonzero 237
    new field sealed_unix_us: median/p90/max 1791422898460253.0/1791422910244349.0/1791422913330273, nonzero 237
    new field start_walk_check_us: median/p90/max 0.0/0.0/0, nonzero 0
    new field start_walk_ids_us: median/p90/max 0.0/0.0/0, nonzero 0
    new field start_walk_settle_us: median/p90/max 0.0/0.0/0, nonzero 0
    new field start_walk_us: median/p90/max 0.0/0.0/0, nonzero 0
    new field state_wait_us: median/p90/max 56405.0/126029.0/178431, nonzero 237
    new field view_journal_reads: median/p90/max 0.0/36864.0/69632, nonzero 106
    new field view_journal_searches: median/p90/max 0.0/90079.0/241361, nonzero 106
    new field view_journal_skips: median/p90/max 0.0/0.0/0, nonzero 0
    new field whole_take_noted: {'true': 237}
    binding wait (tick / quorum / seal share, mean cycle): tick 53% (107); quorum 46% (148); seal 1% (163); feed-bound (blocks under 95% of the tier): 0 of 236
    slowest key vote delay median/p90 82.4/162.8 ms
    engine own-import total_ms per block median/p90/max 92/138/178 (n=237)
    layer RSS 34.7 -> 34.9 G (max 38.5), in-memory blocks max 10
    execution layer cores busy 33.1    validators cores busy 0.6
  window 3: canonical 229 blocks, 91.6M tx = 3,053,333/s (92.7% of window 1), full 229/229 (100%); cycle mean/median/p90 131.1/110.8/183.1 ms
    leader builds 229: sealed_at median/p90/p99 109/170/220; phases median/p90 ms: gap_before_exec 58/130, state_wait 58/129, par 151/215, par_exec 36/45, roots 65/131, parent_fields 0/0, sealed 2/3
    state_wait_on {'output': 137, 'grandparent': 70, 'none': 20, 'parent_root': 1, 'layer_release': 1}; builds with state_wait > 20 ms: 200 ([('output', 132), ('grandparent', 67), ('parent_root', 1)]); gp_layer {1.0: 229}, ggp_missing {0.0: 118, 1.0: 111}
    queue at the builds min/median 2,027,500/2,418,000
    new field batch_cpu_sum_us: median/p90/max 979003.0/1141261.0/1538667, nonzero 229
    new field batch_dispatch_us: median/p90/max 264.0/364.0/728, nonzero 229
    new field batch_first_start_us: median/p90/max 99.0/189.0/467, nonzero 229
    new field batch_ivcsw: median/p90/max 3.0/10.0/22, nonzero 190
    new field batch_last_end_us: median/p90/max 36557.0/45422.0/120398, nonzero 229
    new field batch_last_start_us: median/p90/max 27953.0/35660.0/108863, nonzero 229
    new field batch_live_deferred: median/p90/max 85.0/123.0/307, nonzero 229
    new field batch_live_lock_hold_us: median/p90/max 19814.0/26751.0/77881, nonzero 229
    new field batch_live_lock_wait_us: median/p90/max 0.0/0.0/0, nonzero 0
    new field batch_live_lock_waits: median/p90/max 0.0/0.0/0, nonzero 0
    new field batch_majflt: median/p90/max 0.0/2172.0/9666, nonzero 71
    new field batch_minflt: median/p90/max 3334.0/29142.0/73385, nonzero 229
    new field batch_open_max_us: median/p90/max 469.0/562.0/1720, nonzero 229
    new field batch_open_sum_us: median/p90/max 12050.0/14461.0/25320, nonzero 229
    new field batch_threads: median/p90/max 32.0/32.0/32, nonzero 229
    new field batch_vcsw: median/p90/max 196.0/2443.0/9914, nonzero 229
    new field batch_view_index_wait_us: median/p90/max 0.0/17627.0/1561725, nonzero 59
    new field batch_view_index_waits: median/p90/max 0.0/130.0/649, nonzero 59
    new field batch_view_slot_wait_us: median/p90/max 0.0/384.0/20049, nonzero 65
    new field batch_view_slot_waits: median/p90/max 0.0/15.0/54, nonzero 65
    new field batch_wall_sum_us: median/p90/max 1015815.0/1270102.0/3639283, nonzero 229
    new field batches: median/p90/max 128.0/128.0/128, nonzero 229
    new field build_batches: median/p90/max 128.0/128.0/128, nonzero 229
    new field carried_depth: median/p90/max 2.0/2.0/2, nonzero 229
    new field exec_end_to_seal_us: median/p90/max 126.0/195.0/1589, nonzero 229
    new field exec_partition_us: median/p90/max 12.0/16.0/2570, nonzero 229
    new field exec_prepared_groups: {'true': 227, 'false': 2}
    new field exec_prepared_slots: {'true': 227, 'false': 2}
    new field exec_slots_us: median/p90/max 0.0/0.0/2384, nonzero 2
    new field freeze_join_wait_us: median/p90/max 46714.0/60202.0/90629, nonzero 229
    new field freeze_late: {'true': 229}
    new field freeze_pool_own: {'true': 229}
    new field live_index_defer: {'true': 229}
    new field merge_accounts: median/p90/max 367656.0/375045.0/382218, nonzero 229
    new field merge_append_us: median/p90/max 8023.0/17847.0/35511, nonzero 229
    new field merge_reverts: median/p90/max 367656.0/375045.0/382218, nonzero 229
    new field merge_reverts_us: median/p90/max 32484.0/49883.0/139220, nonzero 229
    new field merge_state_us: median/p90/max 82697.0/104269.0/117595, nonzero 229
    new field merge_tail_us: median/p90/max 0.0/0.0/1, nonzero 15
    new field merge_threads: median/p90/max 1.0/1.0/1, nonzero 229
    new field one_wave: {'false': 229}
    new field open_engine_us: median/p90/max 0.0/80652.0/342199, nonzero 111
    new field open_fallback: {'false': 118, 'true': 111}
    new field open_keep_us: median/p90/max 6.0/9.0/10396, nonzero 229
    new field open_layers: median/p90/max 3.0/3.0/3, nonzero 229
    new field open_provider_us: median/p90/max 105.0/336.0/2304, nonzero 229
    new field plan_age_us: median/p90/max 100373.0/185017.0/284164, nonzero 228
    new field plan_ahead: median/p90/max 1.0/1.0/1, nonzero 228
    new field plan_body: median/p90/max 1.0/1.0/2, nonzero 228
    new field plan_body_us: median/p90/max 26956.0/36443.0/48361, nonzero 227
    new field plan_discard: {'': 228, 'not_on_its_parent': 1}
    new field plan_prep_us: median/p90/max 12992.0/26769.0/169810, nonzero 228
    new field plan_topup_txs: median/p90/max 0.0/0.0/0, nonzero 0
    new field prep_from_plan: {'true': 227, 'false': 2}
    new field prev_seal_to_answer_us: median/p90/max 3266.0/5629.0/12175, nonzero 229
    new field prev_seal_to_entry_us: median/p90/max 0.0/0.0/0, nonzero 0
    new field prev_seal_to_header_us: median/p90/max 218.0/368.0/1784, nonzero 229
    new field prev_seal_to_import_us: median/p90/max 297436.0/371010.0/622324, nonzero 209
    new field prev_seal_to_request_us: median/p90/max 962.0/1741.0/238110, nonzero 229
    new field prev_seal_to_start_us: median/p90/max 1345.0/3042.0/238346, nonzero 229
    new field pull_bulk_txs: median/p90/max 400000.0/400000.0/400000, nonzero 229
    new field pull_bulk_us: median/p90/max 8.0/13.0/2706, nonzero 229
    new field rename_fallbacks: median/p90/max 0.0/0.0/0, nonzero 0
    new field rename_record_waits: median/p90/max 47.0/57.0/64, nonzero 229
    new field root_apply_gap_us: median/p90/max 12.0/15.0/33, nonzero 229
    new field root_apply_total_us: median/p90/max 42137.0/72695.0/157541, nonzero 229
    new field root_compute_us: median/p90/max 46507.0/75700.0/159922, nonzero 229
    new field root_delta_us: median/p90/max 2113.0/6017.0/30412, nonzero 229
    new field root_index_us: median/p90/max 4632.0/11689.0/38815, nonzero 229
    new field root_leaves_us: median/p90/max 12858.0/33839.0/105210, nonzero 229
    new field root_note_us: median/p90/max 254.0/521.0/3213, nonzero 229
    new field root_ops_ahead: {'true': 229}
    new field root_ops_ahead_wait_us: median/p90/max 6479.0/33198.0/165718, nonzero 228
    new field root_ops_concat_us: median/p90/max 0.0/0.0/0, nonzero 0
    new field root_ops_encode_us: median/p90/max 11685.0/28898.0/153443, nonzero 229
    new field root_ops_finish_us: median/p90/max 4493.0/7762.0/12770, nonzero 229
    new field root_ops_sort_us: median/p90/max 6121.0/15094.0/70881, nonzero 229
    new field root_ops_us: median/p90/max 12066.0/39430.0/173597, nonzero 229
    new field root_rehash_us: median/p90/max 2535.0/3670.0/12985, nonzero 229
    new field root_retire_us: median/p90/max 1737.0/3461.0/15127, nonzero 229
    new field root_sort_us: median/p90/max 630.0/1124.0/5120, nonzero 229
    new field root_undo_us: median/p90/max 689.0/1371.0/8986, nonzero 229
    new field root_writes_us: median/p90/max 15490.0/23454.0/45918, nonzero 229
    new field seal_hashes_ahead: {'true': 229}
    new field seal_on_counters: {'true': 229}
    new field seal_to_complete_us: median/p90/max 272387.0/334281.0/513561, nonzero 229
    new field seal_to_frozen_us: median/p90/max 46686.0/60183.0/90551, nonzero 229
    new field seal_to_merge_end_us: median/p90/max 272275.0/334100.0/513476, nonzero 229
    new field seal_to_merge_start_us: median/p90/max 136337.0/202161.0/383281, nonzero 229
    new field seal_to_ops_ahead_us: median/p90/max 70245.0/99012.0/211243, nonzero 229
    new field seal_to_state_ready_us: median/p90/max 272280.0/334113.0/513487, nonzero 229
    new field sealed_unix_us: median/p90/max 1791422927681740.0/1791422940491745.0/1791422943333415, nonzero 229
    new field start_walk_check_us: median/p90/max 0.0/0.0/150, nonzero 1
    new field start_walk_ids_us: median/p90/max 0.0/0.0/699, nonzero 1
    new field start_walk_settle_us: median/p90/max 0.0/0.0/0, nonzero 0
    new field start_walk_us: median/p90/max 0.0/0.0/10312, nonzero 1
    new field state_wait_us: median/p90/max 58046.0/129328.0/352528, nonzero 229
    new field view_journal_reads: median/p90/max 0.0/32768.0/77824, nonzero 107
    new field view_journal_searches: median/p90/max 0.0/72559.0/159208, nonzero 107
    new field view_journal_skips: median/p90/max 0.0/0.0/0, nonzero 0
    new field whole_take_noted: {'true': 229}
    binding wait (tick / quorum / seal share, mean cycle): tick 51% (110); quorum 48% (152); seal 0% (321); feed-bound (blocks under 95% of the tier): 0 of 229
    slowest key vote delay median/p90 90.9/167.7 ms
    engine own-import total_ms per block median/p90/max 90/142/198 (n=228)
    layer RSS 33.8 -> 33.1 G (max 35.0), in-memory blocks max 10
    execution layer cores busy 30.6    validators cores busy 0.6
  round total (3 windows, canonical): 284.8M tx
  layer peak RSS 38.5 G; in-memory blocks max 11
  fields at seal: mode "early", verified 0, unchecked 0, mismatches 0 (last build line, cumulative)
  own_executed_again (built here and also directly imported): 0 of 740 built blocks
== loop346S400A2
  layer-0 leader window-1 builds 247: txs mean 400000, share >= 95% of the tier 100% (max 400000); sealed_at_ms 104.0/157.0; par_ms 150.0/213.0; par_exec_ms 34.0/41.0; roots_ms 62.0/89.0; parent_fields_ms 0.0/0.0; sealed_ms 2.0/3.0
  proposal cycle window 1 (n=255): mean 121.4 median 107.1 p90 157.3 ms; blocks in the 30 s: 255
  binding wait (tick / quorum / seal, share and mean cycle): tick 56.1% (108.7); quorum 40.7% (137.8); seal 3.3% (149.2)
  vote delay after the proposal, slowest key per block: median 76.3 p90 143.3 ms (slowest minus the median key: median 0.2); last key: {1: 51, 2: 66, 3: 31, 4: 33, 5: 35, 6: 30} of 246 blocks
  CPU in window 1 (cores busy): execution layers 33.7 over 1 process(es); validators 0.6 over 7 process(es)
  execution layer peak RSS 38.5 G; in-memory blocks max 11 (node0 and others, all layers)
  blocks built here 740; none also directly imported
  import-once counters at the last direct import: ; start-up lines with import_once=true: 1; queue-lock lines 0
  layer-0 queue (queued after canonical prune), median per 10 s: t+0:2354250 t+20:2328500 t+40:2332500 t+60:2291750 t+80:2317500
  flood: median per 5 s 3193761/s, final -
  timeout / given-up lines: 1; 01:27:05 v0 INFO process_event{view=1 kind="message"}: n42::cl::timeout: TC formed
loop346S400A2 page_faults_per_s_median: node0=351813 
feedcheck loop346S400A2: ok (block 400,000 tx)
== loop346S400A2: feed check (acq_us / gate_us / reply_us are per frame of 500; rate per 5 s `ingest` line)
  window 1: ingest lines 6; acq_us 460 (max 1130); gate_us 5177; reply_us 5786; slots_busy 13%; delivered median 3,211,412/s max 3,495,456/s; queue at builds median 2,417,500 min 1,983,500; full 99% of 247 blocks
  window 2: ingest lines 6; acq_us 460 (max 460); gate_us 5756; reply_us 6318; slots_busy 13%; delivered median 3,191,384/s max 3,276,692/s; queue at builds median 2,419,500 min 2,021,500; full 100% of 236 blocks
  window 3: ingest lines 6; acq_us 460 (max 462); gate_us 6152; reply_us 6718; slots_busy 12%; delivered median 3,065,026/s max 3,275,375/s; queue at builds median 2,418,000 min 2,027,500; full 100% of 229 blocks
  flood.log (+15..+100 s): rate per 5 s median 3,187,174/s max 3,436,308/s; reply latency median 60.2 ms max 67.0 ms
== loop346S400A2: lanes lock, drain and pruner (new fields)
  window 1: lock duty 60.0% (max 66.0); holds/5s 1,927; longest hold 51.00 ms median, 54.78 ms max by crates/n42/tx-queue/src/lib.rs:1766 (most frequent holders [('crates/n42/tx-queue/src/lib.rs:2046', 5), ('crates/n42/tx-queue/src/lib.rs:1766', 1)]); lock wait 2238.8 ms/5s, longest 54.82 ms; drains/5s 1,256 of 12816 tx, mean 1283 us, max 34.41 ms
           prune (223 blocks): prune_ms 62/101; fold 1.3 ms, lock 0.0 ms, remove(hold) 17.5 ms, free 0.0 ms; frames_swept 800; coalesced on 223 of 223; prune_wait_ms 0/0; pruner busy 49% of a thread, lock held by it 1.4%
  window 2: lock duty 60.0% (max 63.0); holds/5s 1,771; longest hold 52.64 ms median, 64.84 ms max by crates/n42/tx-queue/src/lib.rs:2046 (most frequent holders [('crates/n42/tx-queue/src/lib.rs:2046', 5), ('crates/n42/tx-queue/src/lib.rs:2692', 1)]); lock wait 2380.2 ms/5s, longest 64.86 ms; drains/5s 1,130 of 14020 tx, mean 1446 us, max 40.01 ms
           prune (215 blocks): prune_ms 68/108; fold 1.1 ms, lock 0.0 ms, remove(hold) 19.0 ms, free 0.0 ms; frames_swept 800; coalesced on 215 of 215; prune_wait_ms 0/0; pruner busy 50% of a thread, lock held by it 1.6%
  window 3: lock duty 58.5% (max 61.0); holds/5s 1,753; longest hold 70.34 ms median, 166.38 ms max by crates/n42/tx-queue/src/lib.rs:2692 (most frequent holders [('crates/n42/tx-queue/src/lib.rs:2692', 3), ('crates/n42/tx-queue/src/lib.rs:2046', 2)]); lock wait 2379.1 ms/5s, longest 165.81 ms; drains/5s 1,129 of 13666 tx, mean 1402 us, max 35.30 ms
           prune (210 blocks): prune_ms 63/102; fold 1.0 ms, lock 0.0 ms, remove(hold) 17.8 ms, free 0.0 ms; frames_swept 800; coalesced on 210 of 210; prune_wait_ms 0/0; pruner busy 47% of a thread, lock held by it 1.7%
== loop346S400A2: pruner (per block; busy = sum prune_ms / 30 s, lock = sum (remove_us + settle_us) / 30 s)
  window 1: 223 prunes; prune_ms 62/101; remove_us 17.5/32.0 ms; forget_us 5.7/9.7 ms; settle_us 6.0 ms; pruner busy 49% of a worker; lanes lock held for removal 21%
  window 2: 215 prunes; prune_ms 68/108; remove_us 19.0/39.1 ms; forget_us 6.2/10.8 ms; settle_us 6.8 ms; pruner busy 50% of a worker; lanes lock held for removal 22%
  window 3: 210 prunes; prune_ms 63/102; remove_us 17.8/33.0 ms; forget_us 6.3/11.2 ms; settle_us 6.1 ms; pruner busy 47% of a worker; lanes lock held for removal 20%
== loop346S400A2: seal start / pull, prepared plan, answer, chunked drain
  window 1: 246 builds; start_best_ms 1/19; start_walk_us 0/0; start_pull_ms 0/0; par_pull_ms 0/0; par_start_ms 2/19; par_ms 150/213; sealed_at_ms 104/157; pull_bulk_us 8/13; pull_bulk_txs 400000/400000; plan_age_us 98009/164854; plan_prep_us 12184/20997; plan_topup_txs 0/0
           plan_ahead {'1': 246}; plan_discard {'': 246}
           answer: built-ahead bytes median/max 29,642/29,645, layout_only {'true': 248}; proposal sent bytes median/max 29,642/29,645, layout_only {'true': 247}
           drain: chunks/5s 1,154, chunk max 8,192 tx, finished by others/5s 32; plan_discards (last ingest line) -
  window 2: 237 builds; start_best_ms 2/25; start_walk_us 0/0; start_pull_ms 0/0; par_pull_ms 0/0; par_start_ms 3/25; par_ms 150/214; sealed_at_ms 105/167; pull_bulk_us 8/15; pull_bulk_txs 400000/400000; plan_age_us 104495/168494; plan_prep_us 12205/25837; plan_topup_txs 0/0
           plan_ahead {'1': 237}; plan_discard {'': 237}
           answer: built-ahead bytes median/max 29,647/29,647, layout_only {'true': 237}; proposal sent bytes median/max 29,647/29,647, layout_only {'true': 237}
           drain: chunks/5s 1,040, chunk max 8,192 tx, finished by others/5s 30; plan_discards (last ingest line) -
  window 3: 229 builds; start_best_ms 2/26; start_walk_us 0/0; start_pull_ms 0/0; par_pull_ms 0/0; par_start_ms 2/26; par_ms 151/215; sealed_at_ms 109/170; pull_bulk_us 8/13; pull_bulk_txs 400000/400000; plan_age_us 100373/185017; plan_prep_us 12992/26769; plan_topup_txs 0/0
           plan_ahead {'1': 228, '0': 1}; plan_discard {'': 228, 'not_on_its_parent': 1}
           answer: built-ahead bytes median/max 29,647/29,647, layout_only {'true': 229}; proposal sent bytes median/max 29,647/29,647, layout_only {'true': 229}
           drain: chunks/5s 1,043, chunk max 8,192 tx, finished by others/5s 31; plan_discards (last ingest line) not_on_its_parent:1
== loop346S400A2: persistence per window (ms per block = part sum / blocks persisted)
  window 1: persisted 240 of 247 produced (97%); total 67.8, sf_tx 60.4, sf_rcpt 11.8, sf_acct 25.6, sf_send 19.7, scope 60.6, qmdb 31.7, post 0.0, pre 7.4, plain_rev 7.4, commit_sf 1.1, commit_mdbx 0.1, commit_rocks 0.1; longest task sf_tx 60.4; in-memory 6 -> 10 (max 11); RSS 4.8 -> 34.7 G; lag 6 -> 10 = +8.0 blocks/min; bp max 0
  window 2: persisted 237 of 236 produced (100%); total 73.0, sf_tx 65.0, sf_rcpt 11.5, sf_acct 26.8, sf_send 19.6, scope 66.3, qmdb 40.0, post 0.0, pre 6.7, plain_rev 6.7, commit_sf 1.3, commit_mdbx 0.1, commit_rocks 0.1; longest task sf_tx 65.0; in-memory 10 -> 10 (max 10); RSS 34.7 -> 33.8 G; lag 10 -> 10 = +0.0 blocks/min; bp max 0
  window 3: persisted 229 of 229 produced (100%); total 77.0, sf_tx 68.1, sf_rcpt 12.8, sf_acct 28.5, sf_send 21.0, scope 71.2, qmdb 47.8, post 0.0, pre 5.7, plain_rev 5.7, commit_sf 1.2, commit_mdbx 0.1, commit_rocks 0.1; longest task sf_tx 68.1; in-memory 10 -> 10 (max 10); RSS 33.8 -> 33.2 G; lag 10 -> 10 = +0.0 blocks/min; bp max 0
  leg end: in-memory 8, max over the sampler 11, backpressure stalls 0
== loop346S400A2: execution and root fields (median / p90 per block); over 740 full builds: rename_fallbacks total 0, rename_record_waits total 19531, carried_depth values ['2']
    folded lines 247: pending_max max 89 (median 82); pending_us_max max 41,472; drops_max max 235054
    flags: seal_on_counters true:246; freeze_pool_own true:246; plan_body 1:245/2:1; prep_from_plan false:1/true:245; plan_ahead 1:246; seal per 1,000 transfers 0.260 ms
  window 1 (246 builds): on-CPU share 1.00/1.00; CPU per transfer 2.38/2.76 us; sealed_at_ms 104/157; par_exec_ms 34/41; par_fold_ms 51/62; index_ms 53/64; par_start_ms 2/19; gap_before_exec_ms 59/118; state_wait_us 59,120/118,406; parent_fields_ms 0/0; roots_ms 62/89; seal_to_fields_us 127,846/153,458; seal_to_complete_us 256,900/298,162; rename_fallbacks 0/0; rename_record_waits 5/8; carried_depth 2/2; plan_body_us 25,250/29,675; batch_max_ms 12/17; tx_root_ms 2/3; sealed_ms 2/3
    folded lines 237: pending_max max 90 (median 82); pending_us_max max 46,293; drops_max max 91185
    flags: seal_on_counters true:237; freeze_pool_own true:237; plan_body 1:231/2:6; prep_from_plan false:6/true:231; plan_ahead 1:237; seal per 1,000 transfers 0.263 ms
  window 2 (237 builds): on-CPU share 1.00/1.00; CPU per transfer 2.45/2.85 us; sealed_at_ms 105/167; par_exec_ms 35/42; par_fold_ms 47/59; index_ms 49/61; par_start_ms 3/25; gap_before_exec_ms 56/126; state_wait_us 56,405/126,029; parent_fields_ms 0/0; roots_ms 64/108; seal_to_fields_us 130,292/176,455; seal_to_complete_us 273,128/322,357; rename_fallbacks 0/0; rename_record_waits 25/32; carried_depth 2/2; plan_body_us 26,109/37,275; batch_max_ms 13/17; tx_root_ms 2/3; sealed_ms 2/3
    folded lines 229: pending_max max 90 (median 82); pending_us_max max 52,885; drops_max max 94694
    flags: seal_on_counters true:229; freeze_pool_own true:229; plan_body 0:1/1:227/2:1; prep_from_plan false:2/true:227; plan_ahead 0:1/1:228; seal per 1,000 transfers 0.273 ms
  window 3 (229 builds): on-CPU share 1.00/1.00; CPU per transfer 2.45/2.85 us; sealed_at_ms 109/170; par_exec_ms 36/45; par_fold_ms 46/60; index_ms 49/62; par_start_ms 2/26; gap_before_exec_ms 58/130; state_wait_us 58,046/129,328; parent_fields_ms 0/0; roots_ms 65/131; seal_to_fields_us 136,203/201,930; seal_to_complete_us 272,387/334,281; rename_fallbacks 0/0; rename_record_waits 47/57; carried_depth 2/2; plan_body_us 26,956/36,443; batch_max_ms 13/26; tx_root_ms 2/3; sealed_ms 2/3
== loop346S400A2: 2311 proposals; proposal -> quorum (leader's commit) median 11.1 / p90 124.5 / max 455.4 ms; proposal interval median 105.3 / p90 130.2 ms; TC formed lines 1; leader views timed out 1; ParentUnknown lines 0
   handover at view 1024: proposal intervals (view, ms) [(1023, 106), (1024, 105), (1025, 104), (1026, 105), (1027, 106)] against the median 105 ms
   handover at view 2048: proposal intervals (view, ms) [(2047, 105), (2048, 105), (2049, 106), (2050, 105), (2051, 106)] against the median 105 ms
flood span 95 s; tokio-rt threads alive throughout 34 of 69; group 9.5 cores busy over them (all threads incl. short-lived 12.6)
  per-thread cores busy, top 12: 0.65 0.57 0.56 0.56 0.56 0.56 0.56 0.56 0.55 0.55 0.55 0.54; threads over 0.9 core: 0, over 0.7: 0
== loop346S400A2: 712 full builds in the 3 windows
  par_exec_ms 35/42; par_run_ms 96/157; batch_start_skew_ms 27/32; batch_median_ms 7/8; batch_max_ms 13/18; batch_first_start_us 101/169; batch_last_start_us 27474/32992; batch_dispatch_us 268/364; batch_last_end_us 35426/42274; batches 128/128; batch_threads 32/32; batch_txs_max 3500/3500; batch_txs_min 3000/3000; start_walk_ms 0/0; start_walk_check_ms 0/0; par_start_ms 2/24; sealed_at_ms 106/164; prev_seal_to_answer_us 3102/5758; prev_seal_to_entry_us 0/0; prev_seal_to_header_us 216/346; prev_seal_to_import_us 283744/357614; prev_seal_to_request_us 954/1508; prev_seal_to_start_us 1304/2643; start_walk_check_us 0/0; start_walk_ids_us 0/0; start_walk_settle_us 0/0; start_walk_us 0/0
  one_wave {'false': 712}
  batches == batch_threads on 0 of 712 builds
  last - first batch start (ms) median/p90 27.37/32.88; under 2 ms on 0 of 712 builds
bodygate loop346S400A2: invalid_blocks=0 gas_mismatch=0 fields_mismatches=0 own_not_committed=0 proposals_given_up=0
d2gate loop346S400A2: invalid_blocks=0 fields_mismatches=0 ParentUnknown=0 TC_formed_lines=1 verify=pass rename_fallbacks_total=0 rename_record_waits_total=19531
S400A2 steps stop at 104 ms: FAIL cycle cycle median 108.7 ms against 104 (limit 107); in-memory blocks end of w1 10, end of w3 10, max in w3 10 (loop346S400A2)
S400A2 floor pacing: 104 ms
leg loop346S400A2b: /data free 587G (needs 120 G)
leg loop346S400A2b start 21:31:32 load 3.65
round loop346S400A2b exit 0 at 21:34:31
loop346S400A2b save stages (node0, seconds summed over the leg / count): batch_size=1034.0/334  batch_size=1034.0/334  reth_consensus_engine_beacon_persistence_duration=62.4/334  duration_seconds=57.2/334  total=52.9/334  scope=48.3/334  sf=48.0/334  sf_transactions=47.7/334  qmdb_persisted=23.5/334  sf_account_changesets=20.3/334
el binary: /data/n42-build/target-n42-rs/native/release/n42 env: N42_IMPORT_ONCE=1 N42_SETTLEMENT_TAGS=legacy N42_BUILD_THROTTLE_SOFT=48 F7_EL_MAP=0,0,0,0,0,0,0 N42_FIELDS_AT_SEAL=1 N42_FREEZE_AFTER_SEAL=1 N42_FRAME_BLOCKS=1 N42_TX_INGEST_RECOVER_PARALLEL=24 N42_FREEZE_POOL=own N42_PARALLEL_BUILD_THREADS=32 N42_PLAN_AHEAD=1 N42_HASHED_TABLES=off F7_FLOOD_RATE=6000000 N42_COMPACT_BODY=1 N42_BUILD_BATCHES=128 MALLOC_CONF=thp:always,oversize_threshold:0,dirty_decay_ms:2000,background_thread:true N42_SEAL_ON_COUNTERS=1 N42_ACCOUNT_HISTORY=off N42_TAKE_COMPACT=1 N42_SF_EARLY_WRITEBACK=1 N42_ROAD_RUNTIME=1 N42_TX_INGEST_HIGH_WATER=2500000 F7_BENCH_POOL_SLOTS=3000000 N42_PLAN_AHEAD_BODY=1 N42_SEAL_AT_EXEC=1 N42_TX_QUEUE_DRAIN_CHUNK=8192 N42_ANSWER_LAYOUT_ONLY=1 N42_PULL_BY_FRAMES=1 N42_SF_PARALLEL_ENCODE=1 N42_BUILD_THROTTLE_HARD=80 N42_LIVE_INDEX_DEFER=1 RAYON_NUM_THREADS=16 N42_ROOT_OPS_AHEAD=1 TOKIO_WORKER_THREADS=16 N42_QMDB_READS=on N42_LEADER_LAYERS=3 N42_PERSIST_QMDB_IN_SCOPE=1 F7_BLOCK_INTERVAL_MS=104 F7_MEASURE_FROM_LOG=1
validator env: N42_IMPORT_ONCE=1 N42_SETTLEMENT_TAGS=legacy N42_BUILD_THROTTLE_SOFT=48 F7_EL_MAP=0,0,0,0,0,0,0 N42_FIELDS_AT_SEAL=1 N42_FREEZE_AFTER_SEAL=1 N42_FRAME_BLOCKS=1 N42_TX_INGEST_RECOVER_PARALLEL=24 N42_FREEZE_POOL=own N42_PARALLEL_BUILD_THREADS=32 N42_PLAN_AHEAD=1 N42_HASHED_TABLES=off F7_FLOOD_RATE=6000000 N42_COMPACT_BODY=1 N42_BUILD_BATCHES=128 N42_SEAL_ON_COUNTERS=1 N42_ACCOUNT_HISTORY=off N42_TAKE_COMPACT=1 N42_SF_EARLY_WRITEBACK=1 N42_ROAD_RUNTIME=1 N42_TX_INGEST_HIGH_WATER=2500000 F7_BENCH_POOL_SLOTS=3000000 N42_PLAN_AHEAD_BODY=1 N42_SEAL_AT_EXEC=1 N42_TX_QUEUE_DRAIN_CHUNK=8192 N42_ANSWER_LAYOUT_ONLY=1 N42_PULL_BY_FRAMES=1 N42_SF_PARALLEL_ENCODE=1 N42_BUILD_THROTTLE_HARD=80 N42_LIVE_INDEX_DEFER=1 RAYON_NUM_THREADS=16 N42_ROOT_OPS_AHEAD=1 TOKIO_WORKER_THREADS=16 N42_QMDB_READS=on N42_LEADER_LAYERS=3 N42_PERSIST_QMDB_IN_SCOPE=1 F7_MEASURE_FROM_LOG=1
loop346S400A2b once: start-up lines import_once=true 1; last direct-import counters 
loop346S400A2b imports: layers=1 direct_imports=0 canonical_blocks=2239 import_once_lines=1 (per layer: direct imports should equal canonical blocks for one execution per block)
grep: /data/blockchain/rust-fleet7-bench/node1/el.log: No such file or directory
grep: /data/blockchain/rust-fleet7-bench/node2/el.log: No such file or directory
grep: /data/blockchain/rust-fleet7-bench/node3/el.log: No such file or directory
grep: /data/blockchain/rust-fleet7-bench/node1/el.log: No such file or directory
grep: /data/blockchain/rust-fleet7-bench/node2/el.log: No such file or directory
grep: /data/blockchain/rust-fleet7-bench/node3/el.log: No such file or directory
cat: /data/blockchain/rust-fleet7-bench/node2/el.log: No such file or directory
cat: /data/blockchain/rust-fleet7-bench/node2/el.log: No such file or directory
cat: /data/blockchain/rust-fleet7-bench/node2/el.log: No such file or directory
cat: /data/blockchain/rust-fleet7-bench/node1/el.log: No such file or directory
cat: /data/blockchain/rust-fleet7-bench/node2/el.log: No such file or directory
cat: /data/blockchain/rust-fleet7-bench/node3/el.log: No such file or directory
Traceback (most recent call last):
  File [35m"<stdin>"[0m, line [35m4[0m, in [35m<module>[0m
[1;35mIndexError[0m: [35mlist index out of range[0m
loop346S400A2b no_variant=0 own_not_committed=0 tc=1 invalid_blocks=0 incomplete=0 gas_mismatch=0 direct_imports_failed=0 stuck_at_hashed_state=0 engine_idles_over_5s=1 proposals_given_up=0 tables_off_nodes=1 unanswered_reads=0 seal_first_total=758 seal_first_direct=758 direct_guard_errors=0 commit_ms_median=0 fold_ms_median=49 sealed_at_ms_median=104 state_ready_ms_median=198 build_total_ms_median=377 recover_us_median=0 par_exec_ms_median=34 par_exec_ms_median=34 giveback_filtered=0 giveback_offered_max=400000 seal_first=758 reader_lag_max=10 reader_lag_warns=0 view_invalidated=0 el_sum_peak_g=48.6 el_max_peak_g=48.6 val_sum_peak_g=1.9 flood_peak_g=0.6 two_roads_blocks=0 two_roads_overlap_ms_median=- exec_on_output_declined=0 r1_collect_ms_median=5 proposal_at_ms_median=93 view_total_ms_median=105 import_exec_ms_median=- import_total_ms_median=- import_senders_ms_median=- import_convert_ms_median=- import_groups_median=- imports_over_600ms=0 min_avail_g=63.1 road_foreign_body_recv_ms=- road_foreign_body_decode_ms=- road_foreign_body_senders_ms=- road_foreign_body_parent_wait_ms=- road_foreign_body_check_ms=- road_foreign_body_total_ms=- road_new_payload_recv_ms=- road_new_payload_decode_ms=- road_new_payload_senders_ms=- road_new_payload_parent_wait_ms=- road_new_payload_check_ms=- road_new_payload_total_ms=- road_foreign_body_blocks=0 road_new_payload_blocks=0 fcu_answered=1022 fcu_in_flight_ms_median=0 fcu_queued_ms_median=0 fcu_queued_ms_max=167 fcu_refused=0 fcu_slow=1414 bodies_held=0 road_reuse_ms=- road_prepare_ms=- road_dispatch_ms=- road_convert_ms=- road_remember_ms=- road_header_ms=- road_fields_ms=- road_other_ms=- import_engine_ms_median=- gate_forced=0 gate_warns=0 flood_timeouts=0 canonical_min=2254 canonical_max=2254 chained_builds=1422 chain_lead_ms_median=101 chain_wait_ms_median=0 chain_started=1428 chain_discarded=6 chain_discard_reasons=_1_reason="no_,_2_reason="no_state_found_for_block_,_2_reason="the_chained_build_produced_nothing,_3_reason="the_execution_layer_produced_nothing,_1_reason="the_request_names_another_parent chain_alias_warns=0 el_chained=1431 bodies_held_warns=0 el_build_refused=4 el_build_refused_reasons=_2_no_state_found_for_block_0x,_2_no_QMDB_tree_for_parent_block_0x queued_p5=2120500 queued_p50=2375000 road_compact_blocks=0 road_compact_recv_ms=- road_compact_assemble_ms=- road_compact_root_ms=- road_compact_miss_wait_ms=- road_compact_senders_ms=- road_compact_check_ms=- road_compact_other_ms=- road_compact_total_ms=- road_compact_misses_total= compact_refused_el=0 compact_fallbacks=0 compact_bytes_median=- pool_order9=16568 par_pull_ms_median=0 build_total_ms_median2=62 road_compact_filled_blocks=0 road_compact_filled_median=- road_compact_fill_ms_median=- need_txns=0 fill_failed=0 ingest_rate_gate_open_median=- ingest_gate_open_intervals=0 ingest_slots_busy_median=- flood_rate= fill_asked_proposer=0 fill_asked_other=0 loop_lines=1773 loop_unnamed_ms_median=91 loop_body_served_ms_median=- loop_txns_served_ms_median=- import_exec_ms_median2=- pip_partition_ms=- pip_env_ms=- pip_batch_ms=- pip_groups_ms=- pip_gas_ms=- pip_merge_ms=- pip_receipts_ms=- pip_drop_ms=- pip_other_ms=- pip_total_ms=- senders_indexed_median=- road_senders_ms_median=- road_total_ms_median=- pew_ms_median=- pew_ms_p90= gate_ms_median=- gate_ms_p90= root_ms_p50=- root_ms_p90= two_roads=0 not_on_output=0 not_on_output_why= ckpt_ms_first_q=4 ckpt_ms_last_q=54 ckpt_bytes_last=34114020 parent_still_importing=5 root_wait_ms_p50=- root_wait_ms_p90= tenures_low_seal=12 seal_first_share=0.99 empty_over_deep=0 near_empty_warns=0 no_seal_why= par_skipped_median=- usable_p5=2119000 ckpt_replay_ms_last_q=17 candidates_zero=0 dropped_ingest=0 let_go_warns=0 let_go_reasons= parked_p50=0 parked_max=0 held_warns=0 park_capped_total=0 superseded_builds=0 empty_not_superseded=0 mass_park_warns=0 heads_lines=0 holes_lines=0 stale_parent_refusals=0 par_groups_p5=0 cancelled_decided=1 heads_nonce0=0 stale_unconfirmed= handovers=5 el_panics=0 decided_cancelled=1 min_window_blocks=237 road_desc_blocks=0 road_desc_total_ms=- road_desc_copy_ms=- desc_misses=0 fill_failed2=0 sf_par_collect_ms=0 sf_par_commit_ms=0 sf_par_fold_ms=4 sf_par_graft_ms=0 sf_par_prefault_ms=0 sf_par_exec_ms=13 sf_sealed_at_ms=61 sf_roots_ms=20 sf_state_ready_ms=107 sf_total_ms=177 ba_find_ms=0 ba_queue_ms=0 ba_total_ms=62 ba_on_output=1 queue_fold_us=0 queue_lock_us=0 sf_par_exec_ms=13 sf_par_fold_ms=4 pip_groups_ms=- import_exec_ms_median2=- reads_d0=0 reads_hist=0 f_reads_d0=- f_reads_hist=- f_overlay_depth=- L_read_set_ms=0 read_set_accounts=0 read_set_unresolved=0 read_set_hits=0 read_set_misses=0 start_best_ms=- par_prep_ms=- gap_before_exec_ms=- gap_after_exec_ms=- gap_before_seal_ms=- index_ms=- road_copy_aside_ms=- road_copy_wait_ms=- road_total_ms=- queue_first_miss=queue_first_miss=0:1477,queue_first_miss=18446744073709551615:762 root_append_behind=0 populate_lag_mb=0 swap_used_g=0 root_faults=- root_faults_p90= root_faults_entries=0 root_faults_offsets=0 root_faults_index=0 root_faults_bits=0 root_faults_twigs=0 root_faults_undo=0 root_faults_tmp=0 root_append_faults=0 root_twig_pool_misses=0 batch_max_ms=13 batch_min_ms=4 batch_median_ms=7 batch_cpu_max_ms=12 batch_txs_max=3500 batch_txs_min=3000 batch_start_skew_ms=26 batch_wait_ms=0 loop_fetch_ns=0 loop_check_ns=0 loop_transfer_ns=0 loop_receipt_ns=0 loop_gas_ns=0 loop_sink_ns=0 loop_other_ns=0 batch_setup_ns=0 batch_close_ns=0 imp_exec_part_ms=- imp_exec_batches_ms=- imp_exec_graft_ms=- imp_exec_batches=- imp_exec_threads=- imp_exec_batch_max_ms=- imp_exec_batch_median_ms=- imp_parent_output_wait_ms=- road_parent_output_wait_ms=- next_start_gap_ms=1 next_entry_gap_ms=0 commit_body_ahead_used=- imp_exec_keys_ms=- imp_keys_ahead=- imp_exec_sink_ms=- imp_exec_pre_ms=- imp_exec_post_ms=- imp_exec_receipts_ms=- imp_exec_drop_ms=- root_gap_ms=- queue_whole=queue_whole=false:1478,queue_whole=true:761 tick_tick_late_us=644 tick_preamble_us=343 tick_take_sealed_us=1 tick_sign_us=0 tick_cache_us=0 tick_presealed=- tick_describe_us=10 tick_publish_us=599 tick_tick_to_send_us=1655 road_check_ms=- road_check_include_us=- road_check_scan_us=- road_check_fold_us=- road_check_senders_us=- road_check_frames_summarized=- road_check_frames_scanned=- imp_exec_start_gap_us=- imp_gap_road_us=- imp_gap_header_us=- imp_gap_senders_us=- imp_gap_parent_us=- imp_gap_setup_us=- imp_gap_keys_wait_us=- sealed_at_p90= sealed_over_130=0 roots_ms=- cycle_p90= batch_max_ms=- batch_median_ms=- imp_batch_max=- forest_lock_warns=1406 root_seal_ms=1 root_seals=41 root_majflt=3903 roots_p90= gp_layer=765 ggp_missing=303 state_wait_split=0/0/0/0:84,53/0/0/0:19,51/0/0/0:14 qmdb_releases=0 state_wait_on= imp_road_end_ms=- imp_exec_start_ms=- imp_exec_end_ms=- imp_root_end_ms=- imp_fields_ready_ms=- imp_parent_fields_wait_ms=- imp_exec_ms=- imp_root_ms=- imp_checks_ms=- imp_engine_ms=- imp_total_ms=- road_parent_fields_wait_ms=- exec_read_ms=0 L_exec_evm_ms=0 L_exec_write_ms=0 L_exec_other_ms=0 L_reads_cache=0 L_reads_provider=0 L_reads_view=0 L_graft_base_ms=0 L_graft_reserve_ms=0 L_graft_insert_ms=0 L_graft_reverts_ms=0 L_graft_other_ms=0 L_par_exec_ms=13 L_par_graft_ms=0 F_exec_read_ms=- F_exec_evm_ms=- F_exec_write_ms=- F_exec_other_ms=- F_reads_cache=- F_reads_provider=- F_reads_view=- F_groups_ms=- L_tx_root_wait_ms=0 L_par_exec_ms=13 L_par_graft_ms=0 L_par_fold_ms=4 L_sealed_ms=33 L_state_ready_ms=107 L_roots_ms=20 L_finish_ms=107 L_total_ms=177 L_setup_ms=0 L_par_pull_ms=0 L_give_back_ms=0 L_state_wait_ms=11 L_state_after_pull=758 L_seal_at_exec=758 L_tx_root_ahead=0 flood_w1=3216526 txs_p10=400000 acq_us=460 slots_busy=14 ingest_rate=3287553 L_scope_join_ms=0 L_par_release_ms=0 L_commit_body_ms=0 L_par_commit_ms=0 L_give_back_ms=0 L_sealed_ms=33 L_par_exec_ms=13 L_state_wait_ms=11 L_par_pull_ms=0 L_par_prep_ms=0 L_par_start_ms=2 L_pre_exec_ms=0 L_par_run_ms=24 L_sealed_at_ms=61 F_partition_ms=- F_env_ms=- F_groups_ms=- F_merge_ms=- F_reverts_wait_ms=- F_ahead_wait_ms=- F_total_ms=- I_engine_ms=- I_root_ms=- I_total_ms=- H_engine_remember_ms=- H_engine_listing_ms=- H_engine_new_payload_ms=- busy_us=1 L_par_start_ms=2 L_start_handoff_ms=0 L_start_best_ms=2 L_start_puller_ms=0 L_par_pull_ms=0 L_par_prep_ms=0 L_state_wait_ms=11 L_par_exec_ms=13 L_par_commit_ms=0 L_sealed_ms=33 L_sealed_at_ms=61 L_par_graft_ms=0 L_graft_insert_ms=0 L_graft_reverts_ms=0 L_graft_split_us=0 L_graft_build_us=0 L_graft_merge_us=0 L_state_ready_ms=107 Q_queue_ms=0 R_dispatch_wait_ms=- R_total_ms=- R_road_runtime=1 gate_holds=0 peer_fetch=0 pool_limit=limit=8 gate_opened=gate_opened_for_block=0 I_root_ms=- flood_rate_hdr=rate=6000000/s fills=0 fill_waited=- slots_busy=14 acq_us=460 busy_us=1 converged=0 fallbacks=0 busy_us=1 recover_us=0 tf_on_output=2 tf_fallback=0 still_importing=5 busy_us=1 slots_busy=14 batches=altsig_txs=0 altsig_batches=0 tf_on_output=2 tf_fallback=0 gate_holds=0 sign_s=sign 0s replay_note=replay       : 64 files from /data/n42-pregen/g900000-400m, 400000000 transactio sign_s=sign 0s shard=shard_verified=0 shard_claimed=0 road_verified=- slots_busy=14 gate_us=5520 reply_us=6080 queued=2375000 assemble_ms=- road_take_ms=- road_body_ms=- road_encode_ms=- shards=16 shard_insert_ms=0 shard_wait_ms=0 shard_fold_ms=51 shard_append_ms=30 shard_merge_ms=127 state_ready_ms=198 roots_ms=60 exec_read_ms=0 exec_evm_ms=0 exec_write_ms=0 exec_other_ms=0 reads_cache=0 reads_provider=0 reads_view=0 par_run_ms=95 fold_task_cpu_max_us=49661 fold_task_minflt_max=88 fold_task_minflt_sum=95 fold_task_migrated=0 fold_task_nivcsw_max=0 fold_index=1 fold_index_build_ms=49 fold_index_conflicts=32638 fold_queue_us=70 fold_skew_us=40 fold_task_max_us=49659 fold_tail_us=31 start_best_ms=0 start_select_ms=0 start_walk_ms=0 start_walk_check_ms=0 start_best_other_ms=0 start_frames_by_ref=0 start_frames_slow=0 start_pull_ms=0 start_other_ms=0 start_handoff_ms=0 par_start_ms=0 par_prep_ms=0 par_commit_ms=0 commit_body_ms=0 par_fold_ms=49 sealed_ms=2 copy_ms=- prune_ms=0 frames=- frames_missing=- frame_root_ms=- root_ms=- frames_admitted=frames_admitted=605154 frames_unaligned=0 frame_root_indexed=- seal_layout_ms=1 seal_root_ms=0 attested= busy_us=1 slots_busy=14 reply_us=6080 prune_ms=0 body_refused=0 body_failed_late=0
loop346S400A2b win1 tps=3,333,333 txs=100,000,000 blocks= 250 cycle=0.120s occupancy= 99.6% full(>=95%)=249/250 basefee=n/a (from the layer's log)
loop346S400A2b win2 tps=3,200,000 txs=96,000,000 blocks= 240 cycle=0.125s occupancy=100.0% full(>=95%)=240/240 basefee=n/a (from the layer's log)
loop346S400A2b win3 tps=3,160,000 txs=94,800,000 blocks= 237 cycle=0.127s occupancy=100.0% full(>=95%)=237/237 basefee=n/a (from the layer's log)
loop346S400A2b tps=3,333,333 round_txs=290800000 cycles_w1=
loop346S400A2b imp_fields_p90= b_p75=38
loop346S400A2b overlay: filter_skips=0 probes=0 ratio=- (ratio = skips/(skips+probes))
loop346S400A2b overlay_manager:       1 state_trie_overlay=false  state-ovly_cpu=0
loop346S400A2b verify: written to /data/blockchain/rust-fleet7-bench/bench-loop346S400A2b/verify.json
== loop346S400A2b  (E=1: seven validator keys on one execution layer)
  window 1: canonical 251 blocks, 100.4M tx = 3,346,667/s (100.0% of window 1), full 249/251 (99%); cycle mean/median/p90 119.4/107.1/157.7 ms
    leader builds 250: sealed_at median/p90/p99 101/155/201; phases median/p90 ms: gap_before_exec 56/116, state_wait 56/115, par 148/204, par_exec 35/42, roots 58/83, parent_fields 0/0, sealed 2/3
    state_wait_on {'output': 189, 'none': 25, 'grandparent': 36}; builds with state_wait > 20 ms: 222 ([('output', 186), ('grandparent', 36)]); gp_layer {1.0: 250}, ggp_missing {0.0: 175, 1.0: 75}
    queue at the builds min/median 2,065,000/2,418,250
    new field batch_cpu_sum_us: median/p90/max 986920.5/1163415.0/1859249, nonzero 250
    new field batch_dispatch_us: median/p90/max 272.5/384.0/2640, nonzero 250
    new field batch_first_start_us: median/p90/max 101.5/182.0/291, nonzero 250
    new field batch_ivcsw: median/p90/max 3.0/9.0/16, nonzero 197
    new field batch_last_end_us: median/p90/max 35595.5/42249.0/70254, nonzero 250
    new field batch_last_start_us: median/p90/max 27617.0/32568.0/50812, nonzero 250
    new field batch_live_deferred: median/p90/max 82.0/88.0/94, nonzero 250
    new field batch_live_lock_hold_us: median/p90/max 18087.0/21375.0/28524, nonzero 250
    new field batch_live_lock_wait_us: median/p90/max 0.0/0.0/0, nonzero 0
    new field batch_live_lock_waits: median/p90/max 0.0/0.0/0, nonzero 0
    new field batch_majflt: median/p90/max 0.0/0.0/0, nonzero 0
    new field batch_minflt: median/p90/max 1951.5/18008.0/40039, nonzero 250
    new field batch_open_max_us: median/p90/max 470.5/559.0/1008, nonzero 250
    new field batch_open_sum_us: median/p90/max 11705.0/14418.0/26722, nonzero 250
    new field batch_threads: median/p90/max 32.0/32.0/32, nonzero 250
    new field batch_vcsw: median/p90/max 185.0/345.0/697, nonzero 250
    new field batch_view_index_wait_us: median/p90/max 0.0/17550.0/54710, nonzero 56
    new field batch_view_index_waits: median/p90/max 0.0/144.0/488, nonzero 56
    new field batch_view_slot_wait_us: median/p90/max 0.0/485.0/2330, nonzero 58
    new field batch_view_slot_waits: median/p90/max 0.0/20.0/96, nonzero 58
    new field batch_wall_sum_us: median/p90/max 994327.0/1171457.0/1860955, nonzero 250
    new field batches: median/p90/max 128.0/128.0/128, nonzero 250
    new field build_batches: median/p90/max 128.0/128.0/128, nonzero 250
    new field carried_depth: median/p90/max 2.0/2.0/2, nonzero 250
    new field exec_end_to_seal_us: median/p90/max 122.0/174.0/409, nonzero 250
    new field exec_partition_us: median/p90/max 12.0/15.0/2771, nonzero 250
    new field exec_prepared_groups: {'true': 249, 'false': 1}
    new field exec_prepared_slots: {'true': 249, 'false': 1}
    new field exec_slots_us: median/p90/max 0.0/0.0/2049, nonzero 3
    new field freeze_join_wait_us: median/p90/max 49741.0/64230.0/90793, nonzero 250
    new field freeze_late: {'true': 250}
    new field freeze_pool_own: {'true': 250}
    new field live_index_defer: {'true': 250}
    new field merge_accounts: median/p90/max 366486.0/374167.0/381700, nonzero 250
    new field merge_append_us: median/p90/max 8863.0/17106.0/28134, nonzero 250
    new field merge_reverts: median/p90/max 366486.0/374167.0/381700, nonzero 250
    new field merge_reverts_us: median/p90/max 34058.0/46336.0/71121, nonzero 250
    new field merge_state_us: median/p90/max 83391.5/98549.0/119020, nonzero 250
    new field merge_tail_us: median/p90/max 0.0/0.0/1, nonzero 2
    new field merge_threads: median/p90/max 1.0/1.0/1, nonzero 250
    new field one_wave: {'false': 250}
    new field open_engine_us: median/p90/max 0.0/60450.0/135698, nonzero 75
    new field open_fallback: {'false': 175, 'true': 75}
    new field open_keep_us: median/p90/max 6.0/9.0/18, nonzero 250
    new field open_layers: median/p90/max 3.0/3.0/3, nonzero 250
    new field open_provider_us: median/p90/max 130.0/224.0/740, nonzero 250
    new field plan_age_us: median/p90/max 92627.5/182833.0/324951, nonzero 250
    new field plan_ahead: median/p90/max 1.0/1.0/1, nonzero 250
    new field plan_body: median/p90/max 1.0/1.0/2, nonzero 250
    new field plan_body_us: median/p90/max 25701.5/33451.0/45122, nonzero 249
    new field plan_discard: {'': 250}
    new field plan_prep_us: median/p90/max 11925.5/18635.0/51319, nonzero 250
    new field plan_topup_txs: median/p90/max 0.0/0.0/0, nonzero 0
    new field prep_from_plan: {'true': 249, 'false': 1}
    new field prev_seal_to_answer_us: median/p90/max 2800.0/5157.0/7868, nonzero 250
    new field prev_seal_to_entry_us: median/p90/max 0.0/0.0/0, nonzero 0
    new field prev_seal_to_header_us: median/p90/max 221.0/318.0/515, nonzero 250
    new field prev_seal_to_import_us: median/p90/max 266215.0/329706.0/402377, nonzero 235
    new field prev_seal_to_request_us: median/p90/max 954.0/1510.0/163970, nonzero 250
    new field prev_seal_to_start_us: median/p90/max 1231.5/3598.0/164271, nonzero 250
    new field pull_bulk_txs: median/p90/max 400000.0/400000.0/400000, nonzero 250
    new field pull_bulk_us: median/p90/max 8.0/12.0/2136, nonzero 250
    new field rename_fallbacks: median/p90/max 0.0/0.0/0, nonzero 0
    new field rename_record_waits: median/p90/max 3.0/7.0/7, nonzero 199
    new field root_apply_gap_us: median/p90/max 10.0/13.0/26, nonzero 250
    new field root_apply_total_us: median/p90/max 37661.5/53109.0/79388, nonzero 250
    new field root_compute_us: median/p90/max 41519.5/57538.0/83402, nonzero 250
    new field root_delta_us: median/p90/max 2106.0/3847.0/19264, nonzero 250
    new field root_index_us: median/p90/max 4576.5/9384.0/33079, nonzero 250
    new field root_leaves_us: median/p90/max 11724.0/18040.0/37358, nonzero 250
    new field root_note_us: median/p90/max 270.0/574.0/3265, nonzero 250
    new field root_ops_ahead: {'true': 250}
    new field root_ops_ahead_wait_us: median/p90/max 8692.5/22213.0/43112, nonzero 250
    new field root_ops_concat_us: median/p90/max 0.0/0.0/0, nonzero 0
    new field root_ops_encode_us: median/p90/max 10437.5/19068.0/37593, nonzero 250
    new field root_ops_finish_us: median/p90/max 4403.5/5506.0/12042, nonzero 250
    new field root_ops_sort_us: median/p90/max 7284.0/13849.0/28391, nonzero 250
    new field root_ops_us: median/p90/max 13004.5/27788.0/46448, nonzero 250
    new field root_rehash_us: median/p90/max 1557.0/2156.0/30064, nonzero 250
    new field root_retire_us: median/p90/max 1651.0/2952.0/5876, nonzero 250
    new field root_sort_us: median/p90/max 504.5/1176.0/5315, nonzero 250
    new field root_undo_us: median/p90/max 705.5/1206.0/2642, nonzero 250
    new field root_writes_us: median/p90/max 15466.0/22737.0/33956, nonzero 250
    new field seal_hashes_ahead: {'true': 250}
    new field seal_on_counters: {'true': 250}
    new field seal_to_complete_us: median/p90/max 254348.0/285849.0/319186, nonzero 250
    new field seal_to_frozen_us: median/p90/max 49695.0/64197.0/90775, nonzero 250
    new field seal_to_merge_end_us: median/p90/max 254209.0/285684.0/319056, nonzero 250
    new field seal_to_merge_start_us: median/p90/max 124062.0/148364.0/175776, nonzero 250
    new field seal_to_ops_ahead_us: median/p90/max 72435.5/92067.0/106725, nonzero 250
    new field seal_to_state_ready_us: median/p90/max 254219.5/285700.0/319064, nonzero 250
    new field sealed_unix_us: median/p90/max 1791423191092897.5/1791423203061920.0/1791423205893004, nonzero 250
    new field start_walk_check_us: median/p90/max 0.0/0.0/0, nonzero 0
    new field start_walk_ids_us: median/p90/max 0.0/0.0/0, nonzero 0
    new field start_walk_settle_us: median/p90/max 0.0/0.0/0, nonzero 0
    new field start_walk_us: median/p90/max 0.0/0.0/0, nonzero 0
    new field state_wait_us: median/p90/max 56594.0/115712.0/188828, nonzero 250
    new field view_journal_reads: median/p90/max 4096.0/40960.0/126976, nonzero 133
    new field view_journal_searches: median/p90/max 11485.5/102899.0/356772, nonzero 133
    new field view_journal_skips: median/p90/max 0.0/0.0/0, nonzero 0
    new field whole_take_noted: {'true': 250}
    binding wait (tick / quorum / seal share, mean cycle): tick 61% (108); quorum 35% (137); seal 4% (150); feed-bound (blocks under 95% of the tier): 2 of 251
    slowest key vote delay median/p90 67.9/141.7 ms
    engine own-import total_ms per block median/p90/max 68/103/162 (n=250)
    layer RSS 4.8 -> 36.2 G (max 36.4), in-memory blocks max 11
    execution layer cores busy 33.7    validators cores busy 0.7
    flood delivered (median per 5 s over the leg) 3,275,965/s
  window 2: canonical 240 blocks, 96.0M tx = 3,200,000/s (95.6% of window 1), full 240/240 (100%); cycle mean/median/p90 125.0/108.4/169.7 ms
    leader builds 240: sealed_at median/p90/p99 103/167/187; phases median/p90 ms: gap_before_exec 56/128, state_wait 56/127, par 142/207, par_exec 34/39, roots 59/91, parent_fields 0/0, sealed 2/3
    state_wait_on {'output': 142, 'none': 25, 'grandparent': 72, 'layer_release': 1}; builds with state_wait > 20 ms: 203 ([('output', 132), ('grandparent', 71)]); gp_layer {1.0: 240}, ggp_missing {1.0: 108, 0.0: 132}
    queue at the builds min/median 2,110,500/2,443,500
    new field batch_cpu_sum_us: median/p90/max 945511.0/1084938.0/1314824, nonzero 240
    new field batch_dispatch_us: median/p90/max 268.0/348.0/1016, nonzero 240
    new field batch_first_start_us: median/p90/max 97.5/145.0/277, nonzero 240
    new field batch_ivcsw: median/p90/max 3.0/9.0/34, nonzero 181
    new field batch_last_end_us: median/p90/max 34296.5/39081.0/49572, nonzero 240
    new field batch_last_start_us: median/p90/max 26589.5/30519.0/38131, nonzero 240
    new field batch_live_deferred: median/p90/max 84.0/90.0/117, nonzero 240
    new field batch_live_lock_hold_us: median/p90/max 17257.0/20989.0/28042, nonzero 240
    new field batch_live_lock_wait_us: median/p90/max 0.0/0.0/0, nonzero 0
    new field batch_live_lock_waits: median/p90/max 0.0/0.0/0, nonzero 0
    new field batch_majflt: median/p90/max 0.0/0.0/0, nonzero 0
    new field batch_minflt: median/p90/max 2044.5/23994.0/51386, nonzero 240
    new field batch_open_max_us: median/p90/max 467.0/571.0/1220, nonzero 240
    new field batch_open_sum_us: median/p90/max 11418.0/13980.0/18781, nonzero 240
    new field batch_threads: median/p90/max 32.0/32.0/32, nonzero 240
    new field batch_vcsw: median/p90/max 183.0/341.0/539, nonzero 240
    new field batch_view_index_wait_us: median/p90/max 0.0/20294.0/49088, nonzero 51
    new field batch_view_index_waits: median/p90/max 0.0/152.0/367, nonzero 51
    new field batch_view_slot_wait_us: median/p90/max 0.0/420.0/1686, nonzero 61
    new field batch_view_slot_waits: median/p90/max 0.0/15.0/30, nonzero 61
    new field batch_wall_sum_us: median/p90/max 951772.0/1093523.0/1316648, nonzero 240
    new field batches: median/p90/max 128.0/128.0/128, nonzero 240
    new field build_batches: median/p90/max 128.0/128.0/128, nonzero 240
    new field carried_depth: median/p90/max 2.0/2.0/2, nonzero 240
    new field exec_end_to_seal_us: median/p90/max 129.0/195.0/398, nonzero 240
    new field exec_partition_us: median/p90/max 12.0/16.0/3308, nonzero 240
    new field exec_prepared_groups: {'true': 235, 'false': 5}
    new field exec_prepared_slots: {'true': 235, 'false': 5}
    new field exec_slots_us: median/p90/max 0.0/0.0/2741, nonzero 5
    new field freeze_join_wait_us: median/p90/max 46833.5/59741.0/75406, nonzero 240
    new field freeze_late: {'true': 240}
    new field freeze_pool_own: {'true': 240}
    new field live_index_defer: {'true': 240}
    new field merge_accounts: median/p90/max 368379.0/374736.0/380569, nonzero 240
    new field merge_append_us: median/p90/max 10064.0/19899.0/42685, nonzero 240
    new field merge_reverts: median/p90/max 368379.0/374736.0/380569, nonzero 240
    new field merge_reverts_us: median/p90/max 32340.0/46114.0/69990, nonzero 240
    new field merge_state_us: median/p90/max 81064.0/97023.0/137615, nonzero 240
    new field merge_tail_us: median/p90/max 0.0/0.0/1, nonzero 4
    new field merge_threads: median/p90/max 1.0/1.0/1, nonzero 240
    new field one_wave: {'false': 240}
    new field open_engine_us: median/p90/max 0.0/80544.0/109223, nonzero 108
    new field open_fallback: {'false': 132, 'true': 108}
    new field open_keep_us: median/p90/max 6.0/9.0/16019, nonzero 240
    new field open_layers: median/p90/max 3.0/3.0/3, nonzero 240
    new field open_provider_us: median/p90/max 93.0/223.0/522, nonzero 240
    new field plan_age_us: median/p90/max 98365.0/175366.0/250392, nonzero 239
    new field plan_ahead: median/p90/max 1.0/1.0/1, nonzero 239
    new field plan_body: median/p90/max 1.0/1.0/2, nonzero 239
    new field plan_body_us: median/p90/max 27630.0/39934.0/52091, nonzero 235
    new field plan_discard: {'': 239, 'not_on_its_parent': 1}
    new field plan_prep_us: median/p90/max 12592.0/22765.0/43616, nonzero 239
    new field plan_topup_txs: median/p90/max 0.0/0.0/0, nonzero 0
    new field prep_from_plan: {'true': 235, 'false': 5}
    new field prev_seal_to_answer_us: median/p90/max 3135.0/5897.0/10472, nonzero 240
    new field prev_seal_to_entry_us: median/p90/max 0.0/0.0/0, nonzero 0
    new field prev_seal_to_header_us: median/p90/max 222.5/344.0/675, nonzero 240
    new field prev_seal_to_import_us: median/p90/max 270764.0/339340.0/401492, nonzero 203
    new field prev_seal_to_request_us: median/p90/max 954.0/106555.0/166632, nonzero 240
    new field prev_seal_to_start_us: median/p90/max 1287.5/106835.0/167188, nonzero 240
    new field pull_bulk_txs: median/p90/max 400000.0/400000.0/400000, nonzero 240
    new field pull_bulk_us: median/p90/max 8.0/14.0/2089, nonzero 240
    new field rename_fallbacks: median/p90/max 0.0/0.0/0, nonzero 0
    new field rename_record_waits: median/p90/max 15.0/20.0/20, nonzero 240
    new field root_apply_gap_us: median/p90/max 11.0/14.0/29, nonzero 240
    new field root_apply_total_us: median/p90/max 39333.5/52924.0/78628, nonzero 240
    new field root_compute_us: median/p90/max 42758.5/56910.0/93572, nonzero 240
    new field root_delta_us: median/p90/max 2043.5/3360.0/18716, nonzero 240
    new field root_index_us: median/p90/max 4428.0/7927.0/28145, nonzero 240
    new field root_leaves_us: median/p90/max 11899.0/20718.0/39778, nonzero 240
    new field root_note_us: median/p90/max 252.5/453.0/1955, nonzero 240
    new field root_ops_ahead: {'true': 240}
    new field root_ops_ahead_wait_us: median/p90/max 8357.5/24392.0/49276, nonzero 240
    new field root_ops_concat_us: median/p90/max 0.0/0.0/0, nonzero 0
    new field root_ops_encode_us: median/p90/max 12103.5/21873.0/48377, nonzero 240
    new field root_ops_finish_us: median/p90/max 4638.5/6509.0/13125, nonzero 240
    new field root_ops_sort_us: median/p90/max 6312.5/15848.0/27092, nonzero 240
    new field root_ops_us: median/p90/max 13236.0/28823.0/54071, nonzero 240
    new field root_rehash_us: median/p90/max 2037.5/2821.0/16445, nonzero 240
    new field root_retire_us: median/p90/max 1655.0/3113.0/7679, nonzero 240
    new field root_sort_us: median/p90/max 539.5/1281.0/7305, nonzero 240
    new field root_undo_us: median/p90/max 676.5/1292.0/3432, nonzero 240
    new field root_writes_us: median/p90/max 15734.0/21970.0/47721, nonzero 240
    new field seal_hashes_ahead: {'true': 240}
    new field seal_on_counters: {'true': 240}
    new field seal_to_complete_us: median/p90/max 248196.0/295230.0/330386, nonzero 240
    new field seal_to_frozen_us: median/p90/max 46813.0/59639.0/75367, nonzero 240
    new field seal_to_merge_end_us: median/p90/max 248077.5/295091.0/330240, nonzero 240
    new field seal_to_merge_start_us: median/p90/max 121687.5/153021.0/190160, nonzero 240
    new field seal_to_ops_ahead_us: median/p90/max 70948.0/91681.0/111954, nonzero 240
    new field seal_to_state_ready_us: median/p90/max 248088.0/295105.0/330249, nonzero 240
    new field sealed_unix_us: median/p90/max 1791423220956630.5/1791423233209349.0/1791423235976706, nonzero 240
    new field start_walk_check_us: median/p90/max 0.0/0.0/178, nonzero 1
    new field start_walk_ids_us: median/p90/max 0.0/0.0/790, nonzero 1
    new field start_walk_settle_us: median/p90/max 0.0/0.0/0, nonzero 0
    new field start_walk_us: median/p90/max 0.0/0.0/9882, nonzero 1
    new field state_wait_us: median/p90/max 56820.5/127907.0/150721, nonzero 240
    new field view_journal_reads: median/p90/max 0.0/32768.0/90112, nonzero 111
    new field view_journal_searches: median/p90/max 0.0/82866.0/244437, nonzero 111
    new field view_journal_skips: median/p90/max 0.0/0.0/0, nonzero 0
    new field whole_take_noted: {'true': 240}
    binding wait (tick / quorum / seal share, mean cycle): tick 58% (110); quorum 42% (145); seal 0% (278); feed-bound (blocks under 95% of the tier): 0 of 240
    slowest key vote delay median/p90 77.6/156.5 ms
    engine own-import total_ms per block median/p90/max 82/124/179 (n=240)
    layer RSS 36.4 -> 42.7 G (max 42.7), in-memory blocks max 11
    execution layer cores busy 33.4    validators cores busy 0.6
  window 3: canonical 237 blocks, 94.8M tx = 3,160,000/s (94.4% of window 1), full 237/237 (100%); cycle mean/median/p90 125.6/108.9/167.5 ms
    leader builds 239: sealed_at median/p90/p99 107/157/184; phases median/p90 ms: gap_before_exec 63/122, state_wait 63/121, par 156/209, par_exec 34/40, roots 62/115, parent_fields 0/0, sealed 2/3
    state_wait_on {'grandparent': 54, 'output': 162, 'none': 22, 'layer_release': 1}; builds with state_wait > 20 ms: 212 ([('output', 158), ('grandparent', 54)]); gp_layer {1.0: 239}, ggp_missing {1.0: 104, 0.0: 135}
    queue at the builds min/median 2,014,000/2,444,500
    new field batch_cpu_sum_us: median/p90/max 951305.0/1097959.0/1450877, nonzero 239
    new field batch_dispatch_us: median/p90/max 269.0/371.0/580, nonzero 239
    new field batch_first_start_us: median/p90/max 98.0/174.0/422, nonzero 239
    new field batch_ivcsw: median/p90/max 3.0/11.0/36, nonzero 192
    new field batch_last_end_us: median/p90/max 34719.0/40729.0/67584, nonzero 239
    new field batch_last_start_us: median/p90/max 26652.0/31225.0/57701, nonzero 239
    new field batch_live_deferred: median/p90/max 86.0/154.0/336, nonzero 239
    new field batch_live_lock_hold_us: median/p90/max 19402.0/31812.0/79332, nonzero 239
    new field batch_live_lock_wait_us: median/p90/max 0.0/0.0/0, nonzero 0
    new field batch_live_lock_waits: median/p90/max 0.0/0.0/0, nonzero 0
    new field batch_majflt: median/p90/max 0.0/0.0/6166, nonzero 18
    new field batch_minflt: median/p90/max 2579.0/27603.0/69049, nonzero 239
    new field batch_open_max_us: median/p90/max 466.0/577.0/2843, nonzero 239
    new field batch_open_sum_us: median/p90/max 11708.0/14359.0/32476, nonzero 239
    new field batch_threads: median/p90/max 32.0/32.0/32, nonzero 239
    new field batch_vcsw: median/p90/max 190.0/403.0/6365, nonzero 239
    new field batch_view_index_wait_us: median/p90/max 0.0/19872.0/68368, nonzero 57
    new field batch_view_index_waits: median/p90/max 0.0/162.0/476, nonzero 57
    new field batch_view_slot_wait_us: median/p90/max 0.0/366.0/1661, nonzero 66
    new field batch_view_slot_waits: median/p90/max 0.0/18.0/53, nonzero 66
    new field batch_wall_sum_us: median/p90/max 960792.0/1122196.0/1988670, nonzero 239
    new field batches: median/p90/max 128.0/128.0/128, nonzero 239
    new field build_batches: median/p90/max 128.0/128.0/128, nonzero 239
    new field carried_depth: median/p90/max 2.0/2.0/2, nonzero 239
    new field exec_end_to_seal_us: median/p90/max 118.0/196.0/482, nonzero 239
    new field exec_partition_us: median/p90/max 12.0/15.0/2804, nonzero 239
    new field exec_prepared_groups: {'true': 237, 'false': 2}
    new field exec_prepared_slots: {'true': 237, 'false': 2}
    new field exec_slots_us: median/p90/max 0.0/0.0/2260, nonzero 2
    new field freeze_join_wait_us: median/p90/max 51771.0/64352.0/84939, nonzero 239
    new field freeze_late: {'true': 239}
    new field freeze_pool_own: {'true': 239}
    new field live_index_defer: {'true': 239}
    new field merge_accounts: median/p90/max 365120.0/373934.0/380577, nonzero 239
    new field merge_append_us: median/p90/max 9107.0/21600.0/31575, nonzero 239
    new field merge_reverts: median/p90/max 365120.0/373934.0/380577, nonzero 239
    new field merge_reverts_us: median/p90/max 32992.0/45882.0/59158, nonzero 239
    new field merge_state_us: median/p90/max 85667.0/104510.0/140542, nonzero 239
    new field merge_tail_us: median/p90/max 0.0/0.0/1, nonzero 3
    new field merge_threads: median/p90/max 1.0/1.0/1, nonzero 239
    new field one_wave: {'false': 239}
    new field open_engine_us: median/p90/max 0.0/69384.0/120618, nonzero 104
    new field open_fallback: {'false': 135, 'true': 104}
    new field open_keep_us: median/p90/max 6.0/9.0/12634, nonzero 239
    new field open_layers: median/p90/max 3.0/3.0/3, nonzero 239
    new field open_provider_us: median/p90/max 114.0/264.0/1133, nonzero 239
    new field plan_age_us: median/p90/max 100341.0/179501.0/276506, nonzero 238
    new field plan_ahead: median/p90/max 1.0/1.0/1, nonzero 238
    new field plan_body: median/p90/max 1.0/1.0/2, nonzero 238
    new field plan_body_us: median/p90/max 26366.0/33153.0/43513, nonzero 237
    new field plan_discard: {'': 238, 'not_on_its_parent': 1}
    new field plan_prep_us: median/p90/max 12580.0/20409.0/51186, nonzero 238
    new field plan_topup_txs: median/p90/max 0.0/0.0/0, nonzero 0
    new field prep_from_plan: {'true': 237, 'false': 2}
    new field prev_seal_to_answer_us: median/p90/max 2816.0/5562.0/9618, nonzero 239
    new field prev_seal_to_entry_us: median/p90/max 0.0/0.0/0, nonzero 0
    new field prev_seal_to_header_us: median/p90/max 201.0/339.0/894, nonzero 239
    new field prev_seal_to_import_us: median/p90/max 284639.0/359150.0/410146, nonzero 216
    new field prev_seal_to_request_us: median/p90/max 932.0/1751.0/198426, nonzero 239
    new field prev_seal_to_start_us: median/p90/max 1267.0/2558.0/199059, nonzero 239
    new field pull_bulk_txs: median/p90/max 400000.0/400000.0/400000, nonzero 239
    new field pull_bulk_us: median/p90/max 8.0/14.0/3347, nonzero 239
    new field rename_fallbacks: median/p90/max 0.0/0.0/0, nonzero 0
    new field rename_record_waits: median/p90/max 29.0/36.0/38, nonzero 239
    new field root_apply_gap_us: median/p90/max 11.0/14.0/24, nonzero 239
    new field root_apply_total_us: median/p90/max 40779.0/56601.0/110619, nonzero 239
    new field root_compute_us: median/p90/max 44302.0/62778.0/116593, nonzero 239
    new field root_delta_us: median/p90/max 2141.0/6137.0/31156, nonzero 239
    new field root_index_us: median/p90/max 4713.0/10566.0/23703, nonzero 239
    new field root_leaves_us: median/p90/max 12097.0/19615.0/73236, nonzero 239
    new field root_note_us: median/p90/max 273.0/522.0/3115, nonzero 239
    new field root_ops_ahead: {'true': 239}
    new field root_ops_ahead_wait_us: median/p90/max 7480.0/21666.0/54366, nonzero 239
    new field root_ops_concat_us: median/p90/max 0.0/0.0/0, nonzero 0
    new field root_ops_encode_us: median/p90/max 10393.0/19878.0/50975, nonzero 239
    new field root_ops_finish_us: median/p90/max 4784.0/7613.0/13862, nonzero 239
    new field root_ops_sort_us: median/p90/max 6326.0/15506.0/42721, nonzero 239
    new field root_ops_us: median/p90/max 12504.0/28795.0/59928, nonzero 239
    new field root_rehash_us: median/p90/max 2611.0/4087.0/13310, nonzero 239
    new field root_retire_us: median/p90/max 1742.0/3321.0/8054, nonzero 239
    new field root_sort_us: median/p90/max 633.0/1221.0/6232, nonzero 239
    new field root_undo_us: median/p90/max 683.0/1233.0/2286, nonzero 239
    new field root_writes_us: median/p90/max 16098.0/23818.0/42224, nonzero 239
    new field seal_hashes_ahead: {'true': 239}
    new field seal_on_counters: {'true': 239}
    new field seal_to_complete_us: median/p90/max 269602.0/318063.0/404487, nonzero 239
    new field seal_to_frozen_us: median/p90/max 51693.0/64353.0/84902, nonzero 239
    new field seal_to_merge_end_us: median/p90/max 269487.0/317963.0/404398, nonzero 239
    new field seal_to_merge_start_us: median/p90/max 134263.0/185164.0/241334, nonzero 239
    new field seal_to_ops_ahead_us: median/p90/max 73667.0/95574.0/141053, nonzero 239
    new field seal_to_state_ready_us: median/p90/max 269500.0/317970.0/404408, nonzero 239
    new field sealed_unix_us: median/p90/max 1791423250569777.0/1791423263141444.0/1791423266052526, nonzero 239
    new field start_walk_check_us: median/p90/max 0.0/0.0/189, nonzero 1
    new field start_walk_ids_us: median/p90/max 0.0/0.0/689, nonzero 1
    new field start_walk_settle_us: median/p90/max 0.0/0.0/0, nonzero 0
    new field start_walk_us: median/p90/max 0.0/0.0/9920, nonzero 1
    new field state_wait_us: median/p90/max 63044.0/121679.0/172141, nonzero 239
    new field view_journal_reads: median/p90/max 4096.0/40960.0/94208, nonzero 121
    new field view_journal_searches: median/p90/max 9826.0/101458.0/275519, nonzero 121
    new field view_journal_skips: median/p90/max 0.0/0.0/0, nonzero 0
    new field whole_take_noted: {'true': 239}
    binding wait (tick / quorum / seal share, mean cycle): tick 54% (110); quorum 46% (143); seal 0% (304); feed-bound (blocks under 95% of the tier): 0 of 237
    slowest key vote delay median/p90 87.5/156.0 ms
    engine own-import total_ms per block median/p90/max 92/133/174 (n=237)
    layer RSS 41.6 -> 40.3 G (max 48.2), in-memory blocks max 10
    execution layer cores busy 32.4    validators cores busy 0.6
  round total (3 windows, canonical): 291.2M tx
  layer peak RSS 48.2 G; in-memory blocks max 11
  fields at seal: mode "early", verified 0, unchecked 0, mismatches 0 (last build line, cumulative)
  own_executed_again (built here and also directly imported): 0 of 757 built blocks
== loop346S400A2b
  layer-0 leader window-1 builds 251: txs mean 400000, share >= 95% of the tier 100% (max 400000); sealed_at_ms 101.0/155.0; par_ms 149.0/203.0; par_exec_ms 35.0/42.0; roots_ms 58.0/82.0; parent_fields_ms 0.0/0.0; sealed_ms 2.0/3.0
  proposal cycle window 1 (n=260): mean 119.3 median 106.8 p90 157.7 ms; blocks in the 30 s: 260
  binding wait (tick / quorum / seal, share and mean cycle): tick 61.0% (107.9); quorum 35.5% (136.8); seal 3.6% (149.8)
  vote delay after the proposal, slowest key per block: median 67.9 p90 141.7 ms (slowest minus the median key: median 0.2); last key: {1: 49, 2: 44, 3: 53, 4: 37, 5: 43, 6: 25} of 251 blocks
  CPU in window 1 (cores busy): execution layers 33.7 over 1 process(es); validators 0.7 over 7 process(es)
  execution layer peak RSS 48.2 G; in-memory blocks max 11 (node0 and others, all layers)
  blocks built here 757; none also directly imported
  import-once counters at the last direct import: ; start-up lines with import_once=true: 1; queue-lock lines 0
  layer-0 queue (queued after canonical prune), median per 10 s: t+0:2427500 t+20:2365500 t+40:2432000 t+60:2369500 t+80:2375250
  flood: median per 5 s 3275965/s, final -
  timeout / given-up lines: 1; 01:32:27 v0 INFO process_event{view=1 kind="message"}: n42::cl::timeout: TC formed
loop346S400A2b page_faults_per_s_median: node0=224848 
feedcheck loop346S400A2b: ok (block 400,000 tx)
== loop346S400A2b: feed check (acq_us / gate_us / reply_us are per frame of 500; rate per 5 s `ingest` line)
  window 1: ingest lines 6; acq_us 458 (max 1089); gate_us 5384; reply_us 5946; slots_busy 14%; delivered median 3,344,389/s max 3,369,684/s; queue at builds median 2,418,250 min 2,065,000; full 99% of 251 blocks
  window 2: ingest lines 6; acq_us 461 (max 465); gate_us 5727; reply_us 6291; slots_busy 14%; delivered median 3,220,758/s max 3,363,588/s; queue at builds median 2,443,500 min 2,110,500; full 100% of 240 blocks
  window 3: ingest lines 6; acq_us 461 (max 550); gate_us 5692; reply_us 6252; slots_busy 14%; delivered median 3,241,197/s max 3,392,793/s; queue at builds median 2,444,500 min 2,014,000; full 100% of 237 blocks
  flood.log (+15..+100 s): rate per 5 s median 3,261,269/s max 3,436,419/s; reply latency median 59.0 ms max 67.6 ms
== loop346S400A2b: lanes lock, drain and pruner (new fields)
  window 1: lock duty 59.0% (max 62.0); holds/5s 1,932; longest hold 46.94 ms median, 55.36 ms max by crates/n42/tx-queue/src/lib.rs:2046 (most frequent holders [('crates/n42/tx-queue/src/lib.rs:2046', 5), ('crates/n42/tx-queue/src/lib.rs:1766', 1)]); lock wait 2031.0 ms/5s, longest 55.38 ms; drains/5s 1,261 of 13256 tx, mean 1196 us, max 30.59 ms
           prune (231 blocks): prune_ms 59/97; fold 1.2 ms, lock 0.0 ms, remove(hold) 16.6 ms, free 0.0 ms; frames_swept 800; coalesced on 231 of 231; prune_wait_ms 0/0; pruner busy 48% of a thread, lock held by it 1.1%
  window 2: lock duty 60.0% (max 64.0); holds/5s 1,646; longest hold 49.51 ms median, 77.18 ms max by crates/n42/tx-queue/src/lib.rs:2576 (most frequent holders [('crates/n42/tx-queue/src/lib.rs:2046', 5), ('crates/n42/tx-queue/src/lib.rs:2576', 1)]); lock wait 2739.9 ms/5s, longest 57.23 ms; drains/5s 1,002 of 16113 tx, mean 1508 us, max 34.31 ms
           prune (204 blocks): prune_ms 70/122; fold 1.2 ms, lock 0.0 ms, remove(hold) 19.8 ms, free 0.0 ms; frames_swept 800; coalesced on 204 of 204; prune_wait_ms 0/0; pruner busy 50% of a thread, lock held by it 1.3%
  window 3: lock duty 60.0% (max 63.0); holds/5s 1,800; longest hold 53.59 ms median, 77.55 ms max by crates/n42/tx-queue/src/lib.rs:2576 (most frequent holders [('crates/n42/tx-queue/src/lib.rs:2046', 5), ('crates/n42/tx-queue/src/lib.rs:2576', 1)]); lock wait 2107.1 ms/5s, longest 74.22 ms; drains/5s 1,115 of 14670 tx, mean 1390 us, max 29.96 ms
           prune (222 blocks): prune_ms 62/93; fold 1.1 ms, lock 0.0 ms, remove(hold) 16.2 ms, free 0.0 ms; frames_swept 800; coalesced on 222 of 222; prune_wait_ms 0/0; pruner busy 47% of a thread, lock held by it 1.2%
== loop346S400A2b: pruner (per block; busy = sum prune_ms / 30 s, lock = sum (remove_us + settle_us) / 30 s)
  window 1: 231 prunes; prune_ms 59/97; remove_us 16.6/32.2 ms; forget_us 5.7/9.9 ms; settle_us 5.8 ms; pruner busy 48% of a worker; lanes lock held for removal 20%
  window 2: 204 prunes; prune_ms 70/122; remove_us 19.8/40.1 ms; forget_us 6.2/11.9 ms; settle_us 7.2 ms; pruner busy 50% of a worker; lanes lock held for removal 21%
  window 3: 222 prunes; prune_ms 62/93; remove_us 16.2/32.5 ms; forget_us 6.1/10.1 ms; settle_us 6.3 ms; pruner busy 47% of a worker; lanes lock held for removal 20%
== loop346S400A2b: seal start / pull, prepared plan, answer, chunked drain
  window 1: 250 builds; start_best_ms 0/17; start_walk_us 0/0; start_pull_ms 0/0; par_pull_ms 0/0; par_start_ms 0/17; par_ms 148/204; sealed_at_ms 101/155; pull_bulk_us 8/12; pull_bulk_txs 400000/400000; plan_age_us 92628/182833; plan_prep_us 11926/18635; plan_topup_txs 0/0
           plan_ahead {'1': 250}; plan_discard {'': 250}
           answer: built-ahead bytes median/max 29,642/29,645, layout_only {'true': 252}; proposal sent bytes median/max 29,642/29,645, layout_only {'true': 251}
           drain: chunks/5s 1,170, chunk max 8,192 tx, finished by others/5s 31; plan_discards (last ingest line) -
  window 2: 240 builds; start_best_ms 1/24; start_walk_us 0/0; start_pull_ms 0/0; par_pull_ms 0/0; par_start_ms 1/24; par_ms 142/207; sealed_at_ms 103/167; pull_bulk_us 8/14; pull_bulk_txs 400000/400000; plan_age_us 98365/175366; plan_prep_us 12592/22765; plan_topup_txs 0/0
           plan_ahead {'1': 239, '0': 1}; plan_discard {'': 239, 'not_on_its_parent': 1}
           answer: built-ahead bytes median/max 29,647/29,647, layout_only {'true': 239}; proposal sent bytes median/max 29,647/29,647, layout_only {'true': 240}
           drain: chunks/5s 921, chunk max 8,192 tx, finished by others/5s 34; plan_discards (last ingest line) -
  window 3: 239 builds; start_best_ms 0/19; start_walk_us 0/0; start_pull_ms 0/0; par_pull_ms 0/0; par_start_ms 0/19; par_ms 156/209; sealed_at_ms 107/157; pull_bulk_us 8/14; pull_bulk_txs 400000/400000; plan_age_us 100341/179501; plan_prep_us 12580/20409; plan_topup_txs 0/0
           plan_ahead {'1': 238, '0': 1}; plan_discard {'': 238, 'not_on_its_parent': 1}
           answer: built-ahead bytes median/max 29,647/29,647, layout_only {'true': 239}; proposal sent bytes median/max 29,647/29,647, layout_only {'true': 238}
           drain: chunks/5s 1,022, chunk max 8,192 tx, finished by others/5s 34; plan_discards (last ingest line) -
== loop346S400A2b: persistence per window (ms per block = part sum / blocks persisted)
  window 1: persisted 248 of 251 produced (99%); total 66.6, sf_tx 60.3, sf_rcpt 12.0, sf_acct 25.8, sf_send 20.3, scope 60.4, qmdb 26.7, post 0.0, pre 6.2, plain_rev 6.2, commit_sf 1.1, commit_mdbx 0.1, commit_rocks 0.1; longest task sf_tx 60.3; in-memory 6 -> 9 (max 11); RSS 16.7 -> 36.2 G; lag 6 -> 9 = +6.0 blocks/min; bp max 0
  window 2: persisted 239 of 240 produced (100%); total 68.4, sf_tx 62.1, sf_rcpt 12.5, sf_acct 26.8, sf_send 20.7, scope 62.1, qmdb 29.7, post 0.0, pre 6.4, plain_rev 6.4, commit_sf 1.2, commit_mdbx 0.1, commit_rocks 0.1; longest task sf_tx 62.1; in-memory 9 -> 10 (max 10); RSS 36.2 -> 42.7 G; lag 9 -> 9 = +0.0 blocks/min; bp max 0
  window 3: persisted 240 of 237 produced (101%); total 73.9, sf_tx 66.9, sf_rcpt 13.0, sf_acct 27.3, sf_send 20.4, scope 68.1, qmdb 37.8, post 0.0, pre 5.8, plain_rev 5.8, commit_sf 1.1, commit_mdbx 0.1, commit_rocks 0.1; longest task sf_tx 66.9; in-memory 10 -> 8 (max 10); RSS 42.7 -> 40.3 G; lag 9 -> 8 = -2.0 blocks/min; bp max 0
  leg end: in-memory 11, max over the sampler 11, backpressure stalls 0
== loop346S400A2b: execution and root fields (median / p90 per block); over 758 full builds: rename_fallbacks total 0, rename_record_waits total 12386, carried_depth values ['2']
    folded lines 252: pending_max max 91 (median 82); pending_us_max max 53,253; drops_max max 236478
    flags: seal_on_counters true:250; freeze_pool_own true:250; plan_body 1:249/2:1; prep_from_plan false:1/true:249; plan_ahead 1:250; seal per 1,000 transfers 0.253 ms
  window 1 (250 builds): on-CPU share 1.00/1.00; CPU per transfer 2.47/2.91 us; sealed_at_ms 101/155; par_exec_ms 35/42; par_fold_ms 49/64; index_ms 51/66; par_start_ms 0/17; gap_before_exec_ms 56/116; state_wait_us 56,594/115,712; parent_fields_ms 0/0; roots_ms 58/83; seal_to_fields_us 123,883/148,166; seal_to_complete_us 254,348/285,849; rename_fallbacks 0/0; rename_record_waits 3/7; carried_depth 2/2; plan_body_us 25,702/33,451; batch_max_ms 13/17; tx_root_ms 2/3; sealed_ms 2/3
    folded lines 239: pending_max max 94 (median 83); pending_us_max max 44,618; drops_max max 93666
    flags: seal_on_counters true:240; freeze_pool_own true:240; plan_body 0:1/1:235/2:4; prep_from_plan false:5/true:235; plan_ahead 0:1/1:239; seal per 1,000 transfers 0.258 ms
  window 2 (240 builds): on-CPU share 1.00/1.00; CPU per transfer 2.36/2.71 us; sealed_at_ms 103/167; par_exec_ms 34/39; par_fold_ms 46/59; index_ms 49/61; par_start_ms 1/24; gap_before_exec_ms 56/128; state_wait_us 56,820/127,907; parent_fields_ms 0/0; roots_ms 59/91; seal_to_fields_us 121,528/152,813; seal_to_complete_us 248,196/295,230; rename_fallbacks 0/0; rename_record_waits 15/20; carried_depth 2/2; plan_body_us 27,630/39,934; batch_max_ms 13/17; tx_root_ms 2/3; sealed_ms 2/3
    folded lines 238: pending_max max 95 (median 82); pending_us_max max 49,078; drops_max max 100114
    flags: seal_on_counters true:239; freeze_pool_own true:239; plan_body 0:1/1:237/2:1; prep_from_plan false:2/true:237; plan_ahead 0:1/1:238; seal per 1,000 transfers 0.268 ms
  window 3 (239 builds): on-CPU share 1.00/1.00; CPU per transfer 2.38/2.74 us; sealed_at_ms 107/157; par_exec_ms 34/40; par_fold_ms 51/64; index_ms 53/66; par_start_ms 0/19; gap_before_exec_ms 63/122; state_wait_us 63,044/121,679; parent_fields_ms 0/0; roots_ms 62/115; seal_to_fields_us 134,101/184,997; seal_to_complete_us 269,602/318,063; rename_fallbacks 0/0; rename_record_waits 29/36; carried_depth 2/2; plan_body_us 26,366/33,153; batch_max_ms 12/17; tx_root_ms 2/3; sealed_ms 2/3
== loop346S400A2b: 2317 proposals; proposal -> quorum (leader's commit) median 11.1 / p90 119.5 / max 217.5 ms; proposal interval median 105.2 / p90 127.2 ms; TC formed lines 1; leader views timed out 1; ParentUnknown lines 0
   handover at view 1024: proposal intervals (view, ms) [(1023, 105), (1024, 295), (1025, 104), (1026, 157), (1027, 169)] against the median 105 ms
   handover at view 2048: proposal intervals (view, ms) [(2047, 105), (2048, 105), (2049, 105), (2050, 105), (2051, 105)] against the median 105 ms
     block 1024 (view 1024): sealed_at_ms 92, gap_before_exec_ms 57, parent_fields_ms 0, rename_fallbacks 0, rename_record_waits 42, carried_depth 2
     block 1025 (view 1025): sealed_at_ms 167, gap_before_exec_ms 47, parent_fields_ms 86, rename_fallbacks 0, rename_record_waits 42, carried_depth 2
     block 1026 (view 1026): sealed_at_ms 61, gap_before_exec_ms 11, parent_fields_ms 33, rename_fallbacks 0, rename_record_waits 42, carried_depth 2
flood span 95 s; tokio-rt threads alive throughout 68 of 68; group 13.1 cores busy over them (all threads incl. short-lived 13.1)
  per-thread cores busy, top 12: 0.59 0.59 0.59 0.58 0.58 0.57 0.57 0.57 0.56 0.56 0.56 0.56; threads over 0.9 core: 0, over 0.7: 0
== loop346S400A2b: 729 full builds in the 3 windows
  par_exec_ms 34/40; par_run_ms 94/153; batch_start_skew_ms 26/31; batch_median_ms 7/8; batch_max_ms 13/17; batch_first_start_us 99/168; batch_last_start_us 26966/31658; batch_dispatch_us 270/371; batch_last_end_us 34669/40570; batches 128/128; batch_threads 32/32; batch_txs_max 3500/3500; batch_txs_min 3000/3000; start_walk_ms 0/0; start_walk_check_ms 0/0; par_start_ms 0/21; sealed_at_ms 103/159; prev_seal_to_answer_us 2918/5629; prev_seal_to_entry_us 0/0; prev_seal_to_header_us 217/328; prev_seal_to_import_us 272754/344722; prev_seal_to_request_us 948/1579; prev_seal_to_start_us 1255/2558; start_walk_check_us 0/0; start_walk_ids_us 0/0; start_walk_settle_us 0/0; start_walk_us 0/0
  one_wave {'false': 729}
  batches == batch_threads on 0 of 729 builds
  last - first batch start (ms) median/p90 26.87/31.56; under 2 ms on 0 of 729 builds
bodygate loop346S400A2b: invalid_blocks=0 gas_mismatch=0 fields_mismatches=0 own_not_committed=0 proposals_given_up=0
d2gate loop346S400A2b: invalid_blocks=0 fields_mismatches=0 ParentUnknown=0 TC_formed_lines=1 verify=pass rename_fallbacks_total=0 rename_record_waits_total=12386
datadirs of this round wiped; /data free 672G
released at 21:36
ALLDONE
