/data free 643G at launch
tree at 099f5ec1b (feat(engine-types): N42_LEADER_LAYERS up to 8, kept layers' accounts on the open); box free at 23:14; builds:
built at 23:17; ingest/tx-types tests:
test result: ok. 65 passed; 0 failed; 0 ignored; 0 measured; 0 filtered out; finished in 1.07s
test result: ok. 21 passed; 0 failed; 4 ignored; 0 measured; 0 filtered out; finished in 8.89s
flood tests:
test result: ok. 8 passed; 0 failed; 1 ignored; 0 measured; 0 filtered out; finished in 0.80s
tests from 23:18 (no claim)
tests passed at 23:38: 2099 tests
built 099f5ec1b+tree at 23:42
waiting for a quiet box from 23:42
claimed at 23:43 (1791430989): avail 97G load 1.70
tip 099f5ec1b tree: 2 changed files; native n42 built 23:17:17, h2_validator 23:15:31, deferred n42 23:42:08; last source change 23:03:44 (crates/n42/h2-node/src/service.rs)
replay set for every leg: /data/n42-pregen/g900000-400m (senders 12500)
leg loop347WARM: /data free 636G (needs 120 G)
plan loop347WARM: exit 0 (7 validators, 1 layer(s)): # validators 7, execution layers 1, 208 CPUs a layer, import-once 1, shared 1; # validators : 16 CPUs set aside, taskset -c 104-111,232-239; # fleet    : 7 nodes, quorum 5 of 7 (f = 2); 0 refusals
leg loop347WARM start 23:43:45 load 1.70
round loop347WARM exit 0 at 23:46:50
loop347WARM save stages (node0, seconds summed over the leg / count): batch_size=1923.0/622  batch_size=1923.0/622  reth_consensus_engine_beacon_persistence_duration=58.8/622  duration_seconds=54.4/622  total=49.8/622  scope=45.1/622  sf=43.6/622  sf_transactions=43.4/622  qmdb_persisted=24.2/622  sf_account_changesets=20.1/622
el binary: /data/n42-build/target-n42-rs/native/release/n42 env: N42_IMPORT_ONCE=1 N42_SETTLEMENT_TAGS=legacy N42_BUILD_THROTTLE_SOFT=48 F7_EL_MAP=0,0,0,0,0,0,0 N42_FIELDS_AT_SEAL=1 N42_FREEZE_AFTER_SEAL=1 N42_FRAME_BLOCKS=1 N42_TX_INGEST_RECOVER_PARALLEL=24 N42_FREEZE_POOL=own N42_PARALLEL_BUILD_THREADS=32 N42_PLAN_AHEAD=1 N42_HASHED_TABLES=off F7_FLOOD_RATE=6000000 N42_COMPACT_BODY=1 N42_BUILD_BATCHES=128 MALLOC_CONF=thp:always,oversize_threshold:0,dirty_decay_ms:2000,background_thread:true N42_SEAL_ON_COUNTERS=1 N42_ACCOUNT_HISTORY=off N42_TAKE_COMPACT=1 N42_SF_EARLY_WRITEBACK=1 N42_ROAD_RUNTIME=1 N42_TX_INGEST_HIGH_WATER=2500000 F7_BENCH_POOL_SLOTS=3000000 N42_PLAN_AHEAD_BODY=1 N42_SEAL_AT_EXEC=1 N42_TX_QUEUE_DRAIN_CHUNK=8192 N42_ANSWER_LAYOUT_ONLY=1 N42_PULL_BY_FRAMES=1 N42_SF_PARALLEL_ENCODE=1 N42_BUILD_THROTTLE_HARD=80 N42_LIVE_INDEX_DEFER=1 RAYON_NUM_THREADS=16 F7_VAL_CPUS=16 N42_ROOT_OPS_AHEAD=1 TOKIO_WORKER_THREADS=16 N42_QMDB_READS=on N42_LEADER_LAYERS=3 N42_PERSIST_QMDB_IN_SCOPE=1 F7_BLOCK_INTERVAL_MS=60 F7_MEASURE_FROM_LOG=1
validator env: N42_IMPORT_ONCE=1 N42_SETTLEMENT_TAGS=legacy N42_BUILD_THROTTLE_SOFT=48 F7_EL_MAP=0,0,0,0,0,0,0 N42_FIELDS_AT_SEAL=1 N42_FREEZE_AFTER_SEAL=1 N42_FRAME_BLOCKS=1 N42_TX_INGEST_RECOVER_PARALLEL=24 N42_FREEZE_POOL=own N42_PARALLEL_BUILD_THREADS=32 N42_PLAN_AHEAD=1 N42_HASHED_TABLES=off F7_FLOOD_RATE=6000000 N42_COMPACT_BODY=1 N42_BUILD_BATCHES=128 N42_SEAL_ON_COUNTERS=1 N42_ACCOUNT_HISTORY=off N42_TAKE_COMPACT=1 N42_SF_EARLY_WRITEBACK=1 N42_ROAD_RUNTIME=1 N42_TX_INGEST_HIGH_WATER=2500000 F7_BENCH_POOL_SLOTS=3000000 N42_PLAN_AHEAD_BODY=1 N42_SEAL_AT_EXEC=1 N42_TX_QUEUE_DRAIN_CHUNK=8192 N42_ANSWER_LAYOUT_ONLY=1 N42_PULL_BY_FRAMES=1 N42_SF_PARALLEL_ENCODE=1 N42_BUILD_THROTTLE_HARD=80 N42_LIVE_INDEX_DEFER=1 RAYON_NUM_THREADS=16 F7_VAL_CPUS=16 N42_ROOT_OPS_AHEAD=1 TOKIO_WORKER_THREADS=16 N42_QMDB_READS=on N42_LEADER_LAYERS=3 N42_PERSIST_QMDB_IN_SCOPE=1 F7_MEASURE_FROM_LOG=1
loop347WARM once: start-up lines import_once=true 1; last direct-import counters 
loop347WARM imports: layers=1 direct_imports=0 canonical_blocks=3976 import_once_lines=1 (per layer: direct imports should equal canonical blocks for one execution per block)
grep: /data/blockchain/rust-fleet7-bench/node1/el.log: No such file or directory
grep: /data/blockchain/rust-fleet7-bench/node2/el.log: No such file or directory
grep: /data/blockchain/rust-fleet7-bench/node3/el.log: No such file or directory
grep: /data/blockchain/rust-fleet7-bench/node1/el.log: No such file or directory
grep: /data/blockchain/rust-fleet7-bench/node2/el.log: No such file or directory
grep: /data/blockchain/rust-fleet7-bench/node3/el.log: No such file or directory
cat: /data/blockchain/rust-fleet7-bench/node2/el.log: No such file or directory
cat: /data/blockchain/rust-fleet7-bench/node2/el.log: No such file or directory
cat: /data/blockchain/rust-fleet7-bench/node2/el.log: No such file or directory
cat: /data/blockchain/rust-fleet7-bench/node1/el.log: No such file or directory
cat: /data/blockchain/rust-fleet7-bench/node2/el.log: No such file or directory
cat: /data/blockchain/rust-fleet7-bench/node3/el.log: No such file or directory
Traceback (most recent call last):
  File [35m"<stdin>"[0m, line [35m4[0m, in [35m<module>[0m
[1;35mIndexError[0m: [35mlist index out of range[0m
loop347WARM no_variant=0 own_not_committed=0 tc=1 invalid_blocks=0 incomplete=0 gas_mismatch=0 direct_imports_failed=0 stuck_at_hashed_state=0 engine_idles_over_5s=1 proposals_given_up=0 tables_off_nodes=1 unanswered_reads=0 seal_first_total=1432 seal_first_direct=1432 direct_guard_errors=0 commit_ms_median=0 fold_ms_median=8 sealed_at_ms_median=51 state_ready_ms_median=95 build_total_ms_median=172 recover_us_median=0 par_exec_ms_median=21 par_exec_ms_median=21 giveback_filtered=0 giveback_offered_max=200000 seal_first=1432 reader_lag_max=10 reader_lag_warns=0 view_invalidated=0 el_sum_peak_g=40.8 el_max_peak_g=40.8 val_sum_peak_g=1.9 flood_peak_g=0.6 two_roads_blocks=0 two_roads_overlap_ms_median=- exec_on_output_declined=0 r1_collect_ms_median=5 proposal_at_ms_median=50 view_total_ms_median=61 import_exec_ms_median=- import_total_ms_median=- import_senders_ms_median=- import_convert_ms_median=- import_groups_median=- imports_over_600ms=0 min_avail_g=74.2 road_foreign_body_recv_ms=- road_foreign_body_decode_ms=- road_foreign_body_senders_ms=- road_foreign_body_parent_wait_ms=- road_foreign_body_check_ms=- road_foreign_body_total_ms=- road_new_payload_recv_ms=- road_new_payload_decode_ms=- road_new_payload_senders_ms=- road_new_payload_parent_wait_ms=- road_new_payload_check_ms=- road_new_payload_total_ms=- road_foreign_body_blocks=0 road_new_payload_blocks=0 fcu_answered=1829 fcu_in_flight_ms_median=0 fcu_queued_ms_median=0 fcu_queued_ms_max=111 fcu_refused=0 fcu_slow=2522 bodies_held=0 road_reuse_ms=- road_prepare_ms=- road_dispatch_ms=- road_convert_ms=- road_remember_ms=- road_header_ms=- road_fields_ms=- road_other_ms=- import_engine_ms_median=- gate_forced=0 gate_warns=0 flood_timeouts=0 canonical_min=4029 canonical_max=4029 chained_builds=2498 chain_lead_ms_median=57 chain_wait_ms_median=0 chain_started=2502 chain_discarded=2 chain_discard_reasons=_1_reason="no_,_1_reason="the_execution_layer_produced_nothing,_1_reason="the_request_names_another_parent chain_alias_warns=0 el_chained=2521 bodies_held_warns=0 el_build_refused=1 el_build_refused_reasons=_1_no_QMDB_tree_for_parent_block_0x queued_p5=2316000 queued_p50=2463500 road_compact_blocks=0 road_compact_recv_ms=- road_compact_assemble_ms=- road_compact_root_ms=- road_compact_miss_wait_ms=- road_compact_senders_ms=- road_compact_check_ms=- road_compact_other_ms=- road_compact_total_ms=- road_compact_misses_total= compact_refused_el=0 compact_fallbacks=0 compact_bytes_median=- pool_order9=14093 par_pull_ms_median=0 build_total_ms_median2=53 road_compact_filled_blocks=0 road_compact_filled_median=- road_compact_fill_ms_median=- need_txns=0 fill_failed=0 ingest_rate_gate_open_median=- ingest_gate_open_intervals=0 ingest_slots_busy_median=- flood_rate= fill_asked_proposer=0 fill_asked_other=0 loop_lines=3145 loop_unnamed_ms_median=48 loop_body_served_ms_median=- loop_txns_served_ms_median=- import_exec_ms_median2=- pip_partition_ms=- pip_env_ms=- pip_batch_ms=- pip_groups_ms=- pip_gas_ms=- pip_merge_ms=- pip_receipts_ms=- pip_drop_ms=- pip_other_ms=- pip_total_ms=- senders_indexed_median=- road_senders_ms_median=- road_total_ms_median=- pew_ms_median=- pew_ms_p90= gate_ms_median=- gate_ms_p90= root_ms_p50=- root_ms_p90= two_roads=0 not_on_output=0 not_on_output_why= ckpt_ms_first_q=2 ckpt_ms_last_q=50 ckpt_bytes_last=33939540 parent_still_importing=0 root_wait_ms_p50=- root_wait_ms_p90= tenures_low_seal=23 seal_first_share=0.99 empty_over_deep=0 near_empty_warns=0 no_seal_why= par_skipped_median=- usable_p5=2315500 ckpt_replay_ms_last_q=15 candidates_zero=0 dropped_ingest=0 let_go_warns=0 let_go_reasons= parked_p50=0 parked_max=0 held_warns=0 park_capped_total=0 superseded_builds=0 empty_not_superseded=0 mass_park_warns=0 heads_lines=0 holes_lines=0 stale_parent_refusals=0 par_groups_p5=0 cancelled_decided=0 heads_nonce0=0 stale_unconfirmed= handovers=0 el_panics=0 decided_cancelled=0 min_window_blocks=449 road_desc_blocks=0 road_desc_total_ms=- road_desc_copy_ms=- desc_misses=0 fill_failed2=0 sf_par_collect_ms=0 sf_par_commit_ms=0 sf_par_fold_ms=8 sf_par_graft_ms=0 sf_par_prefault_ms=0 sf_par_exec_ms=21 sf_sealed_at_ms=51 sf_roots_ms=32 sf_state_ready_ms=95 sf_total_ms=172 ba_find_ms=0 ba_queue_ms=0 ba_total_ms=53 ba_on_output=1431 queue_fold_us=0 queue_lock_us=95 sf_par_exec_ms=21 sf_par_fold_ms=8 pip_groups_ms=- import_exec_ms_median2=- reads_d0=0 reads_hist=0 f_reads_d0=- f_reads_hist=- f_overlay_depth=- L_read_set_ms=0 read_set_accounts=0 read_set_unresolved=0 read_set_hits=0 read_set_misses=0 start_best_ms=- par_prep_ms=- gap_before_exec_ms=- gap_after_exec_ms=- gap_before_seal_ms=- index_ms=- road_copy_aside_ms=- road_copy_wait_ms=- road_total_ms=- queue_first_miss=queue_first_miss=0:2534,queue_first_miss=18446744073709551615:1443 root_append_behind=0 populate_lag_mb=0 swap_used_g=0 root_faults=- root_faults_p90= root_faults_entries=0 root_faults_offsets=0 root_faults_index=0 root_faults_bits=0 root_faults_twigs=0 root_faults_undo=0 root_faults_tmp=0 root_append_faults=3 root_twig_pool_misses=0 batch_max_ms=8 batch_min_ms=2 batch_median_ms=4 batch_cpu_max_ms=8 batch_txs_max=2000 batch_txs_min=1500 batch_start_skew_ms=16 batch_wait_ms=0 loop_fetch_ns=0 loop_check_ns=0 loop_transfer_ns=0 loop_receipt_ns=0 loop_gas_ns=0 loop_sink_ns=0 loop_other_ns=0 batch_setup_ns=0 batch_close_ns=0 imp_exec_part_ms=- imp_exec_batches_ms=- imp_exec_graft_ms=- imp_exec_batches=- imp_exec_threads=- imp_exec_batch_max_ms=- imp_exec_batch_median_ms=- imp_parent_output_wait_ms=- road_parent_output_wait_ms=- next_start_gap_ms=1 next_entry_gap_ms=0 commit_body_ahead_used=- imp_exec_keys_ms=- imp_keys_ahead=- imp_exec_sink_ms=- imp_exec_pre_ms=- imp_exec_post_ms=- imp_exec_receipts_ms=- imp_exec_drop_ms=- root_gap_ms=- queue_whole=queue_whole=false:2534,queue_whole=true:1443 tick_tick_late_us=970 tick_preamble_us=340 tick_take_sealed_us=1 tick_sign_us=0 tick_cache_us=0 tick_presealed=- tick_describe_us=10 tick_publish_us=598 tick_tick_to_send_us=1990 road_check_ms=- road_check_include_us=- road_check_scan_us=- road_check_fold_us=- road_check_senders_us=- road_check_frames_summarized=- road_check_frames_scanned=- imp_exec_start_gap_us=- imp_gap_road_us=- imp_gap_header_us=- imp_gap_senders_us=- imp_gap_parent_us=- imp_gap_setup_us=- imp_gap_keys_wait_us=- sealed_at_p90= sealed_over_130=0 roots_ms=- cycle_p90= batch_max_ms=- batch_median_ms=- imp_batch_max=- forest_lock_warns=1504 root_seal_ms=1 root_seals=40 root_majflt=12838 roots_p90= gp_layer=1440 ggp_missing=304 state_wait_split=0/0/0/0:423,9/0/0/0:97,8/0/0/0:71 qmdb_releases=0 state_wait_on= imp_road_end_ms=- imp_exec_start_ms=- imp_exec_end_ms=- imp_root_end_ms=- imp_fields_ready_ms=- imp_parent_fields_wait_ms=- imp_exec_ms=- imp_root_ms=- imp_checks_ms=- imp_engine_ms=- imp_total_ms=- road_parent_fields_wait_ms=- exec_read_ms=0 L_exec_evm_ms=0 L_exec_write_ms=0 L_exec_other_ms=0 L_reads_cache=0 L_reads_provider=0 L_reads_view=0 L_graft_base_ms=0 L_graft_reserve_ms=0 L_graft_insert_ms=0 L_graft_reverts_ms=0 L_graft_other_ms=0 L_par_exec_ms=21 L_par_graft_ms=0 F_exec_read_ms=- F_exec_evm_ms=- F_exec_write_ms=- F_exec_other_ms=- F_reads_cache=- F_reads_provider=- F_reads_view=- F_groups_ms=- L_tx_root_wait_ms=0 L_par_exec_ms=21 L_par_graft_ms=0 L_par_fold_ms=8 L_sealed_ms=7 L_state_ready_ms=95 L_roots_ms=32 L_finish_ms=104 L_total_ms=172 L_setup_ms=0 L_par_pull_ms=0 L_give_back_ms=0 L_state_wait_ms=7 L_state_after_pull=1432 L_seal_at_exec=1432 L_tx_root_ahead=0 flood_w1=3115523 txs_p10=200000 acq_us=475 slots_busy=13 ingest_rate=3109344 L_scope_join_ms=0 L_par_release_ms=0 L_commit_body_ms=0 L_par_commit_ms=0 L_give_back_ms=0 L_sealed_ms=7 L_par_exec_ms=21 L_state_wait_ms=7 L_par_pull_ms=0 L_par_prep_ms=0 L_par_start_ms=3 L_pre_exec_ms=0 L_par_run_ms=31 L_sealed_at_ms=51 F_partition_ms=- F_env_ms=- F_groups_ms=- F_merge_ms=- F_reverts_wait_ms=- F_ahead_wait_ms=- F_total_ms=- I_engine_ms=- I_root_ms=- I_total_ms=- H_engine_remember_ms=- H_engine_listing_ms=- H_engine_new_payload_ms=- busy_us=1 L_par_start_ms=3 L_start_handoff_ms=0 L_start_best_ms=3 L_start_puller_ms=0 L_par_pull_ms=0 L_par_prep_ms=0 L_state_wait_ms=7 L_par_exec_ms=21 L_par_commit_ms=0 L_sealed_ms=7 L_sealed_at_ms=51 L_par_graft_ms=0 L_graft_insert_ms=0 L_graft_reverts_ms=0 L_graft_split_us=0 L_graft_build_us=0 L_graft_merge_us=0 L_state_ready_ms=95 Q_queue_ms=0 R_dispatch_wait_ms=- R_total_ms=- R_road_runtime=1 gate_holds=0 peer_fetch=0 pool_limit=limit=4 gate_opened=gate_opened_for_block=0 I_root_ms=- flood_rate_hdr=rate=6000000/s fills=0 fill_waited=- slots_busy=13 acq_us=475 busy_us=1 converged=0 fallbacks=0 busy_us=1 recover_us=0 tf_on_output=3 tf_fallback=0 still_importing=0 busy_us=1 slots_busy=13 batches=altsig_txs=0 altsig_batches=0 tf_on_output=3 tf_fallback=0 gate_holds=0 sign_s=sign 0s replay_note=replay       : 64 files from /data/n42-pregen/g900000-400m, 400000000 transactio sign_s=sign 0s shard=shard_verified=0 shard_claimed=0 road_verified=- slots_busy=13 gate_us=7274 reply_us=7859 queued=2463500 assemble_ms=- road_take_ms=- road_body_ms=- road_encode_ms=- shards=16 shard_insert_ms=0 shard_wait_ms=0 shard_fold_ms=13 shard_append_ms=16 shard_merge_ms=58 state_ready_ms=95 roots_ms=32 exec_read_ms=0 exec_evm_ms=0 exec_write_ms=0 exec_other_ms=0 reads_cache=0 reads_provider=0 reads_view=0 par_run_ms=31 fold_task_cpu_max_us=13233 fold_task_minflt_max=1 fold_task_minflt_sum=1 fold_task_migrated=0 fold_task_nivcsw_max=0 fold_index=1 fold_index_build_ms=13 fold_index_conflicts=8015 fold_queue_us=62 fold_skew_us=39 fold_task_max_us=13228 fold_tail_us=19 start_best_ms=3 start_select_ms=0 start_walk_ms=0 start_walk_check_ms=0 start_best_other_ms=0 start_frames_by_ref=0 start_frames_slow=0 start_pull_ms=0 start_other_ms=0 start_handoff_ms=0 par_start_ms=3 par_prep_ms=0 par_commit_ms=0 commit_body_ms=0 par_fold_ms=8 sealed_ms=7 copy_ms=- prune_ms=0 frames=- frames_missing=- frame_root_ms=- root_ms=- frames_admitted=frames_admitted=572025 frames_unaligned=0 frame_root_indexed=- seal_layout_ms=0 seal_root_ms=0 attested= busy_us=1 slots_busy=13 reply_us=7859 prune_ms=0 body_refused=0 body_failed_late=0
loop347WARM win1 tps=3,153,333 txs=94,600,000 blocks= 473 cycle=0.063s occupancy=100.0% full(>=95%)=473/473 basefee=n/a (from the layer's log)
loop347WARM win2 tps=3,066,667 txs=92,000,000 blocks= 460 cycle=0.065s occupancy=100.0% full(>=95%)=460/460 basefee=n/a (from the layer's log)
loop347WARM win3 tps=2,993,333 txs=89,800,000 blocks= 449 cycle=0.067s occupancy=100.0% full(>=95%)=449/449 basefee=n/a (from the layer's log)
loop347WARM tps=3,153,333 round_txs=276400000 cycles_w1=
loop347WARM imp_fields_p90= b_p75=6
loop347WARM overlay: filter_skips=0 probes=0 ratio=- (ratio = skips/(skips+probes))
loop347WARM overlay_manager:       1 state_trie_overlay=false  state-ovly_cpu=0
loop347WARM verify: written to /data/blockchain/rust-fleet7-bench/bench-loop347WARM/verify.json
== many-keys report loop347WARM
== loop347WARM: 7 validator logs, f=2, quorum 5
1. the leaders' commit lines
  R1_collect (proposal -> prepare QC): n=4304 p50 5.0 p90 32.0 p99 84.0 max 136.0 ms
  R2_collect (prepare QC -> commit QC): n=4304 p50 5.0 p90 6.0 p99 12.0 max 17.0 ms
  total (proposal -> commit): n=4304 p50 61.0 p90 76.0 p99 137.0 max 241.0 ms
  votes at formation: R1 median 5 max 5 (quorum 5); R2 median 5 max 5
2. vote collection at the traced leaders (first vote -> quorum -> last vote)
 R1 (vote), 3071 views:
    proposal -> first vote: n=3071 p50 2.2 p90 38.4 p99 86.4 max 132.9 ms
    first vote -> quorum: n=3070 p50 2.2 p90 2.3 p99 2.7 max 7.0 ms
    quorum -> last vote: n=3070 p50 1.8 p90 2.0 p99 7.8 max 11.2 ms
    proposal -> last vote (the slowest key): n=3071 p50 6.3 p90 42.8 p99 91.6 max 160.3 ms
   views with fewer than 6 votes received: 1
 R2 (commit_vote), 3070 views:
    proposal -> first vote: n=3070 p50 8.2 p90 44.9 p99 93.4 max 139.1 ms
    first vote -> quorum: n=3070 p50 2.2 p90 2.3 p99 2.5 max 4.8 ms
    quorum -> last vote: n=3070 p50 0.9 p90 0.9 p99 1.1 max 7.1 ms
    proposal -> last vote (the slowest key): n=3070 p50 11.3 p90 47.9 p99 96.4 max 142.4 ms
   views with fewer than 6 votes received: 0
3. the straggler rule and the loop
  proposal interval (same leader, consecutive views): n=4300 p50 61.4 p90 62.9 p99 98.7 max 6041.7 ms; >= 500 ms: 1
  no `slow step` lines
4. gossip propagation (proposal sent -> received at a traced follower)
    proposal arrival delay: n=9844 p50 0.2 p90 0.3 p99 0.8 max 14.7 ms
5. validators
validators n=7: cpu total 1.18 cores, per key mean 0.169 median 0.152 max 0.204 (key 1) min 0.152; rss per key peak mean 0.274 max 0.275 G, sum of peaks 1.9 G; threads per key mean 43, total 301
libp2p connections (last census of 5): 42 in all (a full mesh of 7 is 21); sockets per process min 6 median 6 max 8
== loop347WARM  (E=1: seven validator keys on one execution layer)
  window 1: canonical 474 blocks, 94.8M tx = 3,160,000/s (100.0% of window 1), full 473/474 (100%); cycle mean/median/p90 63.3/61.4/67.2 ms
    leader builds 474: sealed_at median/p90/p99 49/65/99; phases median/p90 ms: gap_before_exec 7/27, state_wait 7/26, par 50/71, par_exec 21/27, roots 30/41, parent_fields 5/19, sealed 6/21
    state_wait_on {'output': 272, 'grandparent': 54, 'none': 148}; builds with state_wait > 20 ms: 61 ([('grandparent', 46), ('output', 15)]); gp_layer {1.0: 474}, ggp_missing {0.0: 410, 1.0: 64}
    queue at the builds min/median 1,303,000/2,516,750
    new field batch_cpu_sum_us: median/p90/max 593810.5/738558.0/2586813, nonzero 474
    new field batch_dispatch_us: median/p90/max 219.5/308.0/3493, nonzero 474
    new field batch_first_start_us: median/p90/max 77.0/124.0/248, nonzero 474
    new field batch_ivcsw: median/p90/max 1.0/7.0/20, nonzero 292
    new field batch_last_end_us: median/p90/max 21726.5/27434.0/90298, nonzero 474
    new field batch_last_start_us: median/p90/max 16760.5/21169.0/68548, nonzero 474
    new field batch_live_deferred: median/p90/max 73.0/81.0/88, nonzero 474
    new field batch_live_lock_hold_us: median/p90/max 10392.0/12032.0/17336, nonzero 474
    new field batch_live_lock_wait_us: median/p90/max 0.0/0.0/0, nonzero 0
    new field batch_live_lock_waits: median/p90/max 0.0/0.0/0, nonzero 0
    new field batch_majflt: median/p90/max 0.0/0.0/0, nonzero 0
    new field batch_minflt: median/p90/max 832.5/7975.0/27671, nonzero 474
    new field batch_open_max_us: median/p90/max 396.0/480.0/3335, nonzero 474
    new field batch_open_sum_us: median/p90/max 9585.5/12170.0/17297, nonzero 474
    new field batch_threads: median/p90/max 32.0/32.0/32, nonzero 474
    new field batch_vcsw: median/p90/max 174.0/508.0/902, nonzero 474
    new field batch_view_index_wait_us: median/p90/max 0.0/21306.0/57216, nonzero 115
    new field batch_view_index_waits: median/p90/max 0.0/290.0/649, nonzero 115
    new field batch_view_slot_wait_us: median/p90/max 0.0/2358.0/4877, nonzero 125
    new field batch_view_slot_waits: median/p90/max 0.0/55.0/117, nonzero 125
    new field batch_wall_sum_us: median/p90/max 604277.5/750811.0/2589492, nonzero 474
    new field batches: median/p90/max 128.0/128.0/128, nonzero 474
    new field build_batches: median/p90/max 128.0/128.0/128, nonzero 474
    new field carried_depth: median/p90/max 1.0/1.0/1, nonzero 474
    new field exec_end_to_seal_us: median/p90/max 94.0/148.0/594, nonzero 474
    new field exec_partition_us: median/p90/max 6.0/8.0/1550, nonzero 474
    new field exec_prepared_groups: {'true': 472, 'false': 2}
    new field exec_prepared_slots: {'true': 472, 'false': 2}
    new field exec_slots_us: median/p90/max 0.0/0.0/2273, nonzero 3
    new field freeze_join_wait_us: median/p90/max 9567.0/17602.0/29167, nonzero 474
    new field freeze_late: {'true': 474}
    new field freeze_pool_own: {'true': 474}
    new field live_index_defer: {'true': 474}
    new field merge_accounts: median/p90/max 191283.0/195067.0/198990, nonzero 474
    new field merge_append_us: median/p90/max 3586.5/7065.0/15635, nonzero 474
    new field merge_reverts: median/p90/max 191283.0/195067.0/198990, nonzero 474
    new field merge_reverts_us: median/p90/max 14800.5/18822.0/28585, nonzero 474
    new field merge_state_us: median/p90/max 38607.5/47026.0/63456, nonzero 474
    new field merge_tail_us: median/p90/max 0.0/0.0/1, nonzero 9
    new field merge_threads: median/p90/max 1.0/1.0/1, nonzero 474
    new field one_wave: {'false': 474}
    new field open_engine_us: median/p90/max 0.0/20177.0/73236, nonzero 64
    new field open_fallback: {'false': 410, 'true': 64}
    new field open_keep_us: median/p90/max 6.0/9.0/34, nonzero 474
    new field open_kept_accounts: median/p90/max 573559.0/582350.0/594114, nonzero 474
    new field open_layers: median/p90/max 3.0/3.0/3, nonzero 474
    new field open_provider_us: median/p90/max 98.0/170.0/785, nonzero 474
    new field plan_age_us: median/p90/max 46927.5/100047.0/172498, nonzero 474
    new field plan_ahead: median/p90/max 1.0/1.0/1, nonzero 474
    new field plan_body: median/p90/max 1.0/1.0/2, nonzero 474
    new field plan_body_us: median/p90/max 16864.0/20335.0/25049, nonzero 472
    new field plan_discard: {'': 474}
    new field plan_prep_us: median/p90/max 7137.0/13455.0/27610, nonzero 474
    new field plan_topup_txs: median/p90/max 0.0/0.0/0, nonzero 0
    new field prep_from_plan: {'true': 472, 'false': 2}
    new field prev_seal_to_answer_us: median/p90/max 1918.0/3162.0/6947, nonzero 474
    new field prev_seal_to_entry_us: median/p90/max 0.0/0.0/0, nonzero 0
    new field prev_seal_to_header_us: median/p90/max 195.5/314.0/2138, nonzero 474
    new field prev_seal_to_import_us: median/p90/max 110988.0/142706.0/185230, nonzero 439
    new field prev_seal_to_request_us: median/p90/max 969.5/68777.0/109328, nonzero 474
    new field prev_seal_to_start_us: median/p90/max 1258.5/69074.0/109645, nonzero 474
    new field pull_bulk_txs: median/p90/max 200000.0/200000.0/200000, nonzero 474
    new field pull_bulk_us: median/p90/max 5.0/8.0/1590, nonzero 474
    new field rename_fallbacks: median/p90/max 0.0/0.0/0, nonzero 0
    new field rename_record_waits: median/p90/max 0.0/0.0/0, nonzero 0
    new field root_apply_gap_us: median/p90/max 10.0/13.0/31, nonzero 474
    new field root_apply_total_us: median/p90/max 20609.5/29563.0/47903, nonzero 474
    new field root_compute_us: median/p90/max 22766.5/32926.0/52023, nonzero 474
    new field root_delta_us: median/p90/max 1173.5/2296.0/12396, nonzero 474
    new field root_index_us: median/p90/max 2665.5/5099.0/18184, nonzero 474
    new field root_leaves_us: median/p90/max 6736.0/11235.0/22339, nonzero 474
    new field root_note_us: median/p90/max 149.0/226.0/1747, nonzero 474
    new field root_ops_ahead: {'true': 474}
    new field root_ops_ahead_wait_us: median/p90/max 2617.0/8239.0/20059, nonzero 473
    new field root_ops_concat_us: median/p90/max 0.0/0.0/0, nonzero 0
    new field root_ops_encode_us: median/p90/max 5513.5/9115.0/16255, nonzero 474
    new field root_ops_finish_us: median/p90/max 2251.0/2947.0/9784, nonzero 474
    new field root_ops_sort_us: median/p90/max 2923.5/6816.0/13580, nonzero 474
    new field root_ops_us: median/p90/max 4952.5/10882.0/23170, nonzero 474
    new field root_rehash_us: median/p90/max 1419.5/1909.0/14614, nonzero 474
    new field root_retire_us: median/p90/max 1540.0/2561.0/10407, nonzero 474
    new field root_sort_us: median/p90/max 185.0/373.0/3496, nonzero 474
    new field root_undo_us: median/p90/max 347.5/768.0/3042, nonzero 474
    new field root_writes_us: median/p90/max 6855.0/9531.0/20724, nonzero 474
    new field seal_hashes_ahead: {'true': 474}
    new field seal_on_counters: {'true': 474}
    new field seal_to_complete_us: median/p90/max 107681.5/126448.0/144457, nonzero 474
    new field seal_to_frozen_us: median/p90/max 9534.5/17583.0/29049, nonzero 361
    new field seal_to_merge_end_us: median/p90/max 107486.5/126321.0/144336, nonzero 474
    new field seal_to_merge_start_us: median/p90/max 49775.5/61085.0/77039, nonzero 474
    new field seal_to_ops_ahead_us: median/p90/max 21211.5/29324.0/41458, nonzero 474
    new field seal_to_state_ready_us: median/p90/max 107493.5/126330.0/144344, nonzero 474
    new field sealed_unix_us: median/p90/max 1791431128452633.0/1791431140758812.0/1791431143697832, nonzero 474
    new field start_walk_check_us: median/p90/max 0.0/0.0/0, nonzero 0
    new field start_walk_ids_us: median/p90/max 0.0/0.0/0, nonzero 0
    new field start_walk_settle_us: median/p90/max 0.0/0.0/0, nonzero 0
    new field start_walk_us: median/p90/max 0.0/0.0/0, nonzero 0
    new field state_wait_us: median/p90/max 7523.5/26615.0/81750, nonzero 474
    new field view_journal_reads: median/p90/max 0.0/86016.0/159744, nonzero 224
    new field view_journal_searches: median/p90/max 0.0/229256.0/403192, nonzero 224
    new field view_journal_skips: median/p90/max 0.0/0.0/0, nonzero 0
    new field whole_take_noted: {'true': 474}
    binding wait (tick / quorum / seal share, mean cycle): tick 98% (63); quorum 1% (118); seal 0% (71); feed-bound (blocks under 95% of the tier): 1 of 474
    slowest key vote delay median/p90 5.3/41.5 ms
    engine own-import total_ms per block median/p90/max 35/51/79 (n=473)
    layer RSS 4.8 -> 26.9 G (max 26.9), in-memory blocks max 10
    execution layer cores busy 35.3    validators cores busy 1.2
    flood delivered (median per 5 s over the leg) 3,131,374/s
  window 2: canonical 460 blocks, 92.0M tx = 3,066,667/s (97.0% of window 1), full 460/460 (100%); cycle mean/median/p90 65.5/61.6/80.0 ms
    leader builds 462: sealed_at median/p90/p99 51/79/106; phases median/p90 ms: gap_before_exec 8/51, state_wait 8/51, par 53/84, par_exec 21/26, roots 32/47, parent_fields 6/24, sealed 7/25
    state_wait_on {'none': 135, 'output': 218, 'grandparent': 107, 'open': 2}; builds with state_wait > 20 ms: 101 ([('grandparent', 94), ('output', 7)]); gp_layer {1.0: 462}, ggp_missing {0.0: 350, 1.0: 112}
    queue at the builds min/median 2,247,500/2,515,500
    new field batch_cpu_sum_us: median/p90/max 585058.5/712505.0/2412213, nonzero 462
    new field batch_dispatch_us: median/p90/max 212.0/295.0/1914, nonzero 462
    new field batch_first_start_us: median/p90/max 78.0/119.0/230, nonzero 462
    new field batch_ivcsw: median/p90/max 1.0/7.0/24, nonzero 270
    new field batch_last_end_us: median/p90/max 21328.5/26561.0/82924, nonzero 462
    new field batch_last_start_us: median/p90/max 16510.5/20384.0/72008, nonzero 462
    new field batch_live_deferred: median/p90/max 74.0/82.0/241, nonzero 462
    new field batch_live_lock_hold_us: median/p90/max 10436.0/12581.0/34595, nonzero 462
    new field batch_live_lock_wait_us: median/p90/max 0.0/0.0/0, nonzero 0
    new field batch_live_lock_waits: median/p90/max 0.0/0.0/0, nonzero 0
    new field batch_majflt: median/p90/max 0.0/0.0/1, nonzero 1
    new field batch_minflt: median/p90/max 876.5/10772.0/40374, nonzero 462
    new field batch_open_max_us: median/p90/max 417.0/502.0/3200, nonzero 462
    new field batch_open_sum_us: median/p90/max 10267.5/12724.0/25242, nonzero 462
    new field batch_threads: median/p90/max 32.0/32.0/32, nonzero 462
    new field batch_vcsw: median/p90/max 181.5/492.0/971, nonzero 462
    new field batch_view_index_wait_us: median/p90/max 0.0/20625.0/59092, nonzero 106
    new field batch_view_index_waits: median/p90/max 0.0/283.0/691, nonzero 106
    new field batch_view_slot_wait_us: median/p90/max 0.0/1832.0/4356, nonzero 117
    new field batch_view_slot_waits: median/p90/max 0.0/52.0/109, nonzero 117
    new field batch_wall_sum_us: median/p90/max 593083.0/725384.0/2414127, nonzero 462
    new field batches: median/p90/max 128.0/128.0/128, nonzero 462
    new field build_batches: median/p90/max 128.0/128.0/128, nonzero 462
    new field carried_depth: median/p90/max 1.0/1.0/1, nonzero 462
    new field exec_end_to_seal_us: median/p90/max 93.0/149.0/568, nonzero 462
    new field exec_partition_us: median/p90/max 6.0/8.0/1563, nonzero 462
    new field exec_prepared_groups: {'true': 459, 'false': 3}
    new field exec_prepared_slots: {'true': 459, 'false': 3}
    new field exec_slots_us: median/p90/max 0.0/0.0/1533, nonzero 3
    new field freeze_join_wait_us: median/p90/max 7332.0/15048.0/22765, nonzero 462
    new field freeze_late: {'true': 462}
    new field freeze_pool_own: {'true': 462}
    new field live_index_defer: {'true': 462}
    new field merge_accounts: median/p90/max 192622.0/195542.0/198417, nonzero 462
    new field merge_append_us: median/p90/max 3387.5/7447.0/16881, nonzero 462
    new field merge_reverts: median/p90/max 192622.0/195542.0/198417, nonzero 462
    new field merge_reverts_us: median/p90/max 15400.5/20138.0/32576, nonzero 462
    new field merge_state_us: median/p90/max 38503.5/46341.0/68352, nonzero 462
    new field merge_tail_us: median/p90/max 0.0/0.0/1, nonzero 8
    new field merge_threads: median/p90/max 1.0/1.0/1, nonzero 462
    new field one_wave: {'false': 462}
    new field open_engine_us: median/p90/max 0.0/40285.0/98062, nonzero 112
    new field open_fallback: {'false': 350, 'true': 112}
    new field open_keep_us: median/p90/max 6.0/9.0/23, nonzero 462
    new field open_kept_accounts: median/p90/max 577838.5/583815.0/588951, nonzero 462
    new field open_layers: median/p90/max 3.0/3.0/3, nonzero 462
    new field open_provider_us: median/p90/max 94.0/157.0/532, nonzero 462
    new field plan_age_us: median/p90/max 50772.5/94543.0/131868, nonzero 461
    new field plan_ahead: median/p90/max 1.0/1.0/1, nonzero 461
    new field plan_body: median/p90/max 1.0/1.0/2, nonzero 461
    new field plan_body_us: median/p90/max 15623.0/19479.0/27556, nonzero 459
    new field plan_discard: {'': 461, 'not_on_its_parent': 1}
    new field plan_prep_us: median/p90/max 7352.5/13050.0/23248, nonzero 461
    new field plan_topup_txs: median/p90/max 0.0/0.0/0, nonzero 0
    new field prep_from_plan: {'true': 459, 'false': 3}
    new field prev_seal_to_answer_us: median/p90/max 1938.0/3238.0/7815, nonzero 462
    new field prev_seal_to_entry_us: median/p90/max 0.0/0.0/0, nonzero 0
    new field prev_seal_to_header_us: median/p90/max 206.0/328.0/1277, nonzero 462
    new field prev_seal_to_import_us: median/p90/max 121722.5/156055.0/212868, nonzero 413
    new field prev_seal_to_request_us: median/p90/max 972.5/64784.0/118586, nonzero 462
    new field prev_seal_to_start_us: median/p90/max 1283.0/65084.0/118782, nonzero 462
    new field pull_bulk_txs: median/p90/max 200000.0/200000.0/200000, nonzero 462
    new field pull_bulk_us: median/p90/max 5.0/9.0/1052, nonzero 462
    new field rename_fallbacks: median/p90/max 0.0/0.0/0, nonzero 0
    new field rename_record_waits: median/p90/max 0.0/0.0/0, nonzero 0
    new field root_apply_gap_us: median/p90/max 11.0/13.0/29, nonzero 462
    new field root_apply_total_us: median/p90/max 21929.5/30543.0/45270, nonzero 462
    new field root_compute_us: median/p90/max 23957.5/33799.0/100420, nonzero 462
    new field root_delta_us: median/p90/max 1230.5/3245.0/9144, nonzero 462
    new field root_index_us: median/p90/max 2756.5/5422.0/16223, nonzero 462
    new field root_leaves_us: median/p90/max 6845.0/11187.0/20144, nonzero 462
    new field root_note_us: median/p90/max 144.0/216.0/1535, nonzero 462
    new field root_ops_ahead: {'true': 462}
    new field root_ops_ahead_wait_us: median/p90/max 3158.5/9720.0/28737, nonzero 462
    new field root_ops_concat_us: median/p90/max 0.0/0.0/0, nonzero 0
    new field root_ops_encode_us: median/p90/max 5532.0/10365.0/26779, nonzero 462
    new field root_ops_finish_us: median/p90/max 2186.0/3109.0/7023, nonzero 462
    new field root_ops_sort_us: median/p90/max 3295.5/7169.0/15372, nonzero 462
    new field root_ops_us: median/p90/max 5783.5/11679.0/30544, nonzero 462
    new field root_rehash_us: median/p90/max 2009.5/2739.0/18746, nonzero 462
    new field root_retire_us: median/p90/max 1788.0/2673.0/5666, nonzero 462
    new field root_sort_us: median/p90/max 187.0/397.0/2948, nonzero 462
    new field root_undo_us: median/p90/max 343.0/621.0/1587, nonzero 462
    new field root_writes_us: median/p90/max 6966.0/10247.0/19997, nonzero 462
    new field seal_hashes_ahead: {'true': 462}
    new field seal_on_counters: {'true': 462}
    new field seal_to_complete_us: median/p90/max 110189.5/128625.0/181288, nonzero 462
    new field seal_to_frozen_us: median/p90/max 7335.0/14986.0/22721, nonzero 306
    new field seal_to_merge_end_us: median/p90/max 110084.0/128520.0/181195, nonzero 462
    new field seal_to_merge_start_us: median/p90/max 49877.0/65419.0/130850, nonzero 462
    new field seal_to_ops_ahead_us: median/p90/max 20869.5/28274.0/48300, nonzero 462
    new field seal_to_state_ready_us: median/p90/max 110089.5/128527.0/181203, nonzero 462
    new field sealed_unix_us: median/p90/max 1791431158722807.0/1791431170669370.0/1791431173709294, nonzero 462
    new field start_walk_check_us: median/p90/max 0.0/0.0/126, nonzero 1
    new field start_walk_ids_us: median/p90/max 0.0/0.0/631, nonzero 1
    new field start_walk_settle_us: median/p90/max 0.0/0.0/0, nonzero 0
    new field start_walk_us: median/p90/max 0.0/0.0/4722, nonzero 1
    new field state_wait_us: median/p90/max 8228.0/51552.0/115584, nonzero 462
    new field view_journal_reads: median/p90/max 0.0/77824.0/147456, nonzero 217
    new field view_journal_searches: median/p90/max 0.0/208879.0/420932, nonzero 217
    new field view_journal_skips: median/p90/max 0.0/0.0/0, nonzero 0
    new field whole_take_noted: {'true': 462}
    binding wait (tick / quorum / seal share, mean cycle): tick 97% (65); quorum 2% (115); seal 1% (69); feed-bound (blocks under 95% of the tier): 0 of 460
    slowest key vote delay median/p90 11.7/69.2 ms
    engine own-import total_ms per block median/p90/max 42/62/101 (n=460)
    layer RSS 26.6 -> 34.6 G (max 34.6), in-memory blocks max 10
    execution layer cores busy 34.2    validators cores busy 1.2
  window 3: canonical 449 blocks, 89.8M tx = 2,993,333/s (94.7% of window 1), full 449/449 (100%); cycle -
    leader builds 448: sealed_at median/p90/p99 55/85/126; phases median/p90 ms: gap_before_exec 8/55, state_wait 7/55, par 55/93, par_exec 21/29, roots 34/53, parent_fields 7/26, sealed 8/27
    state_wait_on {'output': 207, 'grandparent': 118, 'none': 121, 'open': 2}; builds with state_wait > 20 ms: 107 ([('grandparent', 100), ('output', 7)]); gp_layer {1.0: 448}, ggp_missing {0.0: 325, 1.0: 123}
    queue at the builds min/median 2,276,500/2,516,000
    new field batch_cpu_sum_us: median/p90/max 586758.0/727234.0/1306629, nonzero 448
    new field batch_dispatch_us: median/p90/max 213.0/284.0/801, nonzero 448
    new field batch_first_start_us: median/p90/max 75.0/112.0/372, nonzero 448
    new field batch_ivcsw: median/p90/max 1.0/7.0/29, nonzero 283
    new field batch_last_end_us: median/p90/max 21879.5/29760.0/150446, nonzero 448
    new field batch_last_start_us: median/p90/max 16992.0/21496.0/131106, nonzero 448
    new field batch_live_deferred: median/p90/max 74.0/83.0/250, nonzero 448
    new field batch_live_lock_hold_us: median/p90/max 11000.0/13363.0/30504, nonzero 448
    new field batch_live_lock_wait_us: median/p90/max 0.0/0.0/0, nonzero 0
    new field batch_live_lock_waits: median/p90/max 0.0/0.0/0, nonzero 0
    new field batch_majflt: median/p90/max 0.0/1.0/19348, nonzero 49
    new field batch_minflt: median/p90/max 1163.0/11551.0/33113, nonzero 448
    new field batch_open_max_us: median/p90/max 424.0/519.0/3924, nonzero 448
    new field batch_open_sum_us: median/p90/max 10123.5/13030.0/19701, nonzero 448
    new field batch_threads: median/p90/max 32.0/32.0/32, nonzero 448
    new field batch_vcsw: median/p90/max 189.0/656.0/19667, nonzero 448
    new field batch_view_index_wait_us: median/p90/max 0.0/22640.0/796133, nonzero 121
    new field batch_view_index_waits: median/p90/max 0.0/308.0/651, nonzero 121
    new field batch_view_slot_wait_us: median/p90/max 0.0/1884.0/102229, nonzero 131
    new field batch_view_slot_waits: median/p90/max 0.0/53.0/110, nonzero 131
    new field batch_wall_sum_us: median/p90/max 612253.0/772392.0/4466131, nonzero 448
    new field batches: median/p90/max 128.0/128.0/128, nonzero 448
    new field build_batches: median/p90/max 128.0/128.0/128, nonzero 448
    new field carried_depth: median/p90/max 1.0/1.0/1, nonzero 448
    new field exec_end_to_seal_us: median/p90/max 88.0/142.0/814, nonzero 448
    new field exec_partition_us: median/p90/max 6.0/8.0/951, nonzero 448
    new field exec_prepared_groups: {'true': 447, 'false': 1}
    new field exec_prepared_slots: {'true': 447, 'false': 1}
    new field exec_slots_us: median/p90/max 0.0/0.0/1466, nonzero 1
    new field freeze_join_wait_us: median/p90/max 6233.5/14929.0/21687, nonzero 448
    new field freeze_late: {'true': 448}
    new field freeze_pool_own: {'true': 448}
    new field live_index_defer: {'true': 448}
    new field merge_accounts: median/p90/max 192647.0/195665.0/198523, nonzero 448
    new field merge_append_us: median/p90/max 3279.5/8273.0/18807, nonzero 448
    new field merge_reverts: median/p90/max 192647.0/195665.0/198523, nonzero 448
    new field merge_reverts_us: median/p90/max 15960.5/21889.0/162208, nonzero 448
    new field merge_state_us: median/p90/max 38717.5/46927.0/60398, nonzero 448
    new field merge_tail_us: median/p90/max 0.0/0.0/6, nonzero 5
    new field merge_threads: median/p90/max 1.0/1.0/1, nonzero 448
    new field one_wave: {'false': 448}
    new field open_engine_us: median/p90/max 0.0/40330.0/88231, nonzero 123
    new field open_fallback: {'false': 325, 'true': 123}
    new field open_keep_us: median/p90/max 6.0/8.0/17, nonzero 448
    new field open_kept_accounts: median/p90/max 578628.0/584695.0/590051, nonzero 448
    new field open_layers: median/p90/max 3.0/3.0/3, nonzero 448
    new field open_provider_us: median/p90/max 91.5/168.0/1273, nonzero 448
    new field plan_age_us: median/p90/max 52619.0/92182.0/183627, nonzero 448
    new field plan_ahead: median/p90/max 1.0/1.0/1, nonzero 448
    new field plan_body: median/p90/max 1.0/1.0/2, nonzero 448
    new field plan_body_us: median/p90/max 18125.5/21185.0/25250, nonzero 447
    new field plan_discard: {'': 448}
    new field plan_prep_us: median/p90/max 7331.5/14019.0/95265, nonzero 448
    new field plan_topup_txs: median/p90/max 0.0/0.0/0, nonzero 0
    new field prep_from_plan: {'true': 447, 'false': 1}
    new field prev_seal_to_answer_us: median/p90/max 1765.5/3140.0/7014, nonzero 448
    new field prev_seal_to_entry_us: median/p90/max 0.0/0.0/0, nonzero 0
    new field prev_seal_to_header_us: median/p90/max 198.0/332.0/1212, nonzero 448
    new field prev_seal_to_import_us: median/p90/max 123970.5/152048.0/292993, nonzero 394
    new field prev_seal_to_request_us: median/p90/max 935.0/57829.0/80165, nonzero 448
    new field prev_seal_to_start_us: median/p90/max 1236.0/58027.0/80443, nonzero 448
    new field pull_bulk_txs: median/p90/max 200000.0/200000.0/200000, nonzero 448
    new field pull_bulk_us: median/p90/max 5.0/8.0/1139, nonzero 448
    new field rename_fallbacks: median/p90/max 0.0/0.0/0, nonzero 0
    new field rename_record_waits: median/p90/max 0.0/0.0/0, nonzero 0
    new field root_apply_gap_us: median/p90/max 11.0/13.0/22, nonzero 448
    new field root_apply_total_us: median/p90/max 23318.5/32453.0/86867, nonzero 448
    new field root_compute_us: median/p90/max 25781.0/36821.0/88335, nonzero 448
    new field root_delta_us: median/p90/max 1278.0/3308.0/15956, nonzero 448
    new field root_index_us: median/p90/max 2945.5/5392.0/31182, nonzero 448
    new field root_leaves_us: median/p90/max 7182.5/11729.0/74462, nonzero 448
    new field root_note_us: median/p90/max 141.5/220.0/1085, nonzero 448
    new field root_ops_ahead: {'true': 448}
    new field root_ops_ahead_wait_us: median/p90/max 3246.5/11037.0/135748, nonzero 448
    new field root_ops_concat_us: median/p90/max 0.0/0.0/0, nonzero 0
    new field root_ops_encode_us: median/p90/max 5819.5/10666.0/86867, nonzero 448
    new field root_ops_finish_us: median/p90/max 2147.0/3336.0/8675, nonzero 448
    new field root_ops_sort_us: median/p90/max 3419.5/7898.0/137762, nonzero 448
    new field root_ops_us: median/p90/max 5868.0/14190.0/138595, nonzero 448
    new field root_rehash_us: median/p90/max 2604.0/4386.0/11662, nonzero 448
    new field root_retire_us: median/p90/max 2009.5/3051.0/7067, nonzero 448
    new field root_sort_us: median/p90/max 200.5/422.0/2893, nonzero 448
    new field root_undo_us: median/p90/max 336.5/653.0/2545, nonzero 448
    new field root_writes_us: median/p90/max 7193.0/10034.0/39481, nonzero 448
    new field seal_hashes_ahead: {'true': 448}
    new field seal_on_counters: {'true': 448}
    new field seal_to_complete_us: median/p90/max 113913.5/135010.0/311867, nonzero 448
    new field seal_to_frozen_us: median/p90/max 6215.0/14876.0/21604, nonzero 275
    new field seal_to_merge_end_us: median/p90/max 113828.5/134936.0/311772, nonzero 448
    new field seal_to_merge_start_us: median/p90/max 52283.5/71027.0/205788, nonzero 448
    new field seal_to_ops_ahead_us: median/p90/max 19981.0/30850.0/158007, nonzero 448
    new field seal_to_state_ready_us: median/p90/max 113836.5/134946.0/311782, nonzero 448
    new field sealed_unix_us: median/p90/max 1791431188515607.0/1791431200441978.0/1791431203637828, nonzero 448
    new field start_walk_check_us: median/p90/max 0.0/0.0/0, nonzero 0
    new field start_walk_ids_us: median/p90/max 0.0/0.0/0, nonzero 0
    new field start_walk_settle_us: median/p90/max 0.0/0.0/0, nonzero 0
    new field start_walk_us: median/p90/max 0.0/0.0/0, nonzero 0
    new field state_wait_us: median/p90/max 7768.5/55723.0/104479, nonzero 448
    new field view_journal_reads: median/p90/max 2048.0/73728.0/147456, nonzero 224
    new field view_journal_searches: median/p90/max 4365.5/195538.0/411798, nonzero 224
    new field view_journal_skips: median/p90/max 0.0/0.0/0, nonzero 0
    new field whole_take_noted: {'true': 448}
    engine own-import total_ms per block median/p90/max 42/65/92 (n=449)
    layer RSS 33.5 -> 40.6 G (max 40.6), in-memory blocks max 10
    execution layer cores busy 34.0    validators cores busy 1.1
  round total (3 windows, canonical): 276.6M tx
  layer peak RSS 40.6 G; in-memory blocks max 11
  fields at seal: mode "early", verified 0, unchecked 0, mismatches 0 (last build line, cumulative)
  own_executed_again (built here and also directly imported): 0 of 1431 built blocks
== loop347WARM
  layer-0 leader window-1 builds 474: txs mean 200000, share >= 95% of the tier 100% (max 200000); sealed_at_ms 49.0/65.0; par_ms 50.0/72.0; par_exec_ms 21.0/27.0; roots_ms 30.0/41.0; parent_fields_ms 5.0/19.0; sealed_ms 6.0/21.0
  proposal cycle window 1 (n=490): mean 63.3 median 61.4 p90 67.2 ms; blocks in the 30 s: 490
  binding wait (tick / quorum / seal, share and mean cycle): tick 98.3% (62.5); quorum 1.5% (118.1); seal 0.2% (70.9)
  vote delay after the proposal, slowest key per block: median 5.3 p90 41.5 ms (slowest minus the median key: median 0.2); last key: {1: 60, 2: 89, 3: 89, 4: 85, 5: 72, 6: 79} of 474 blocks
  CPU in window 1 (cores busy): execution layers 35.3 over 1 process(es); validators 1.2 over 7 process(es)
  execution layer peak RSS 40.6 G; in-memory blocks max 11 (node0 and others, all layers)
  blocks built here 1431; none also directly imported
  import-once counters at the last direct import: ; start-up lines with import_once=true: 1; queue-lock lines 0
  layer-0 queue (queued after canonical prune), median per 10 s: t+0:2465250 t+20:2473500 t+40:2479250 t+60:2427000 t+80:2502750
  flood: median per 5 s 3131374/s, final -
  timeout / given-up lines: 1; 03:44:46 v0 INFO process_event{view=1 kind="message"}: n42::cl::timeout: TC formed
loop347WARM page_faults_per_s_median: node0=178738 
feedcheck loop347WARM: ok (block 200,000 tx)
== loop347WARM: feed check (acq_us / gate_us / reply_us are per frame of 500; rate per 5 s `ingest` line)
  window 1: ingest lines 6; acq_us 479 (max 2743); gate_us 6849; reply_us 7406; slots_busy 14%; delivered median 3,177,173/s max 3,277,855/s; queue at builds median 2,516,750 min 1,303,000; full 100% of 474 blocks
  window 2: ingest lines 6; acq_us 476 (max 483); gate_us 7218; reply_us 7798; slots_busy 13%; delivered median 3,117,528/s max 3,208,940/s; queue at builds median 2,515,500 min 2,247,500; full 100% of 460 blocks
  window 3: ingest lines 6; acq_us 474 (max 480); gate_us 7776; reply_us 8348; slots_busy 12%; delivered median 2,975,263/s max 3,199,140/s; queue at builds median 2,516,000 min 2,276,500; full 100% of 449 blocks
  flood.log (+15..+100 s): rate per 5 s median 3,100,622/s max 3,261,130/s; reply latency median 61.7 ms max 70.2 ms
== loop347WARM: lanes lock, drain and pruner (new fields)
  window 1: lock duty 54.5% (max 60.0); holds/5s 2,186; longest hold 28.73 ms median, 33.69 ms max by crates/n42/tx-queue/src/lib.rs:2046 (most frequent holders [('crates/n42/tx-queue/src/lib.rs:2046', 6)]); lock wait 2158.3 ms/5s, longest 33.72 ms; drains/5s 926 of 17274 tx, mean 1402 us, max 18.85 ms
           prune (441 blocks): prune_ms 33/52; fold 0.6 ms, lock 0.0 ms, remove(hold) 9.4 ms, free 0.0 ms; frames_swept 400; coalesced on 441 of 441; prune_wait_ms 0/0; pruner busy 50% of a thread, lock held by it 1.6%
  window 2: lock duty 57.5% (max 60.0); holds/5s 2,220; longest hold 25.20 ms median, 34.99 ms max by crates/n42/tx-queue/src/lib.rs:2576 (most frequent holders [('crates/n42/tx-queue/src/lib.rs:2046', 5), ('crates/n42/tx-queue/src/lib.rs:2576', 1)]); lock wait 2340.3 ms/5s, longest 27.40 ms; drains/5s 1,044 of 14919 tx, mean 1343 us, max 18.99 ms
           prune (409 blocks): prune_ms 33/54; fold 0.5 ms, lock 0.0 ms, remove(hold) 9.9 ms, free 0.0 ms; frames_swept 400; coalesced on 409 of 409; prune_wait_ms 0/0; pruner busy 48% of a thread, lock held by it 1.5%
  window 3: lock duty 56.0% (max 59.0); holds/5s 2,112; longest hold 25.58 ms median, 95.27 ms max by crates/n42/tx-queue/src/lib.rs:2692 (most frequent holders [('crates/n42/tx-queue/src/lib.rs:2046', 5), ('crates/n42/tx-queue/src/lib.rs:2692', 1)]); lock wait 2607.6 ms/5s, longest 92.65 ms; drains/5s 935 of 16038 tx, mean 1447 us, max 21.57 ms
           prune (400 blocks): prune_ms 35/54; fold 0.6 ms, lock 0.0 ms, remove(hold) 11.2 ms, free 0.0 ms; frames_swept 400; coalesced on 400 of 400; prune_wait_ms 0/0; pruner busy 49% of a thread, lock held by it 1.4%
== loop347WARM: pruner (per block; busy = sum prune_ms / 30 s, lock = sum (remove_us + settle_us) / 30 s)
  window 1: 441 prunes; prune_ms 33/52; remove_us 9.4/19.8 ms; forget_us 2.8/4.9 ms; settle_us 3.0 ms; pruner busy 50% of a worker; lanes lock held for removal 22%
  window 2: 409 prunes; prune_ms 33/54; remove_us 9.9/19.3 ms; forget_us 3.0/5.8 ms; settle_us 3.3 ms; pruner busy 48% of a worker; lanes lock held for removal 21%
  window 3: 400 prunes; prune_ms 35/54; remove_us 11.2/21.9 ms; forget_us 3.0/5.7 ms; settle_us 3.1 ms; pruner busy 49% of a worker; lanes lock held for removal 22%
== loop347WARM: seal start / pull, prepared plan, answer, chunked drain
  window 1: 474 builds; start_best_ms 3/15; start_walk_us 0/0; start_pull_ms 0/0; par_pull_ms 0/0; par_start_ms 3/15; par_ms 50/71; sealed_at_ms 49/65; pull_bulk_us 5/8; pull_bulk_txs 200000/200000; plan_age_us 46928/100047; plan_prep_us 7137/13455; plan_topup_txs 0/0
           plan_ahead {'1': 474}; plan_discard {'': 474}
           answer: built-ahead bytes median/max 15,243/15,245, layout_only {'true': 474}; proposal sent bytes median/max 15,243/15,245, layout_only {'true': 473}
           drain: chunks/5s 758, chunk max 8,192 tx, finished by others/5s 56; plan_discards (last ingest line) -
  window 2: 462 builds; start_best_ms 3/14; start_walk_us 0/0; start_pull_ms 0/0; par_pull_ms 0/0; par_start_ms 3/14; par_ms 53/84; sealed_at_ms 51/79; pull_bulk_us 5/9; pull_bulk_txs 200000/200000; plan_age_us 50772/94543; plan_prep_us 7352/13050; plan_topup_txs 0/0
           plan_ahead {'1': 461, '0': 1}; plan_discard {'': 461, 'not_on_its_parent': 1}
           answer: built-ahead bytes median/max 15,245/15,245, layout_only {'true': 462}; proposal sent bytes median/max 15,245/15,245, layout_only {'true': 461}
           drain: chunks/5s 896, chunk max 8,192 tx, finished by others/5s 56; plan_discards (last ingest line) -
  window 3: 448 builds; start_best_ms 4/16; start_walk_us 0/0; start_pull_ms 0/0; par_pull_ms 0/0; par_start_ms 4/16; par_ms 55/93; sealed_at_ms 55/85; pull_bulk_us 5/8; pull_bulk_txs 200000/200000; plan_age_us 52619/92182; plan_prep_us 7332/14019; plan_topup_txs 0/0
           plan_ahead {'1': 448}; plan_discard {'': 448}
           answer: built-ahead bytes median/max 15,245/15,245, layout_only {'true': 448}; proposal sent bytes median/max 15,245/15,245, layout_only {'true': 449}
           drain: chunks/5s 791, chunk max 8,192 tx, finished by others/5s 56; plan_discards (last ingest line) -
== loop347WARM: persistence per window (ms per block = part sum / blocks persisted)
  window 1: persisted 469 of 474 produced (99%); total 31.4, sf_tx 28.4, sf_rcpt 6.5, sf_acct 13.6, sf_send 11.2, scope 28.5, qmdb 14.0, post 0.0, pre 2.9, plain_rev 2.9, commit_sf 0.6, commit_mdbx 0.1, commit_rocks 0.0; longest task sf_tx 28.4; in-memory 7 -> 8 (max 10); RSS 4.8 -> 26.6 G; lag 8 -> 9 = +2.0 blocks/min; bp max 0
  window 2: persisted 462 of 460 produced (100%); total 34.7, sf_tx 31.0, sf_rcpt 6.9, sf_acct 14.2, sf_send 11.3, scope 31.2, qmdb 15.8, post 0.0, pre 3.5, plain_rev 3.5, commit_sf 0.7, commit_mdbx 0.1, commit_rocks 0.0; longest task sf_tx 31.0; in-memory 8 -> 8 (max 10); RSS 26.6 -> 33.5 G; lag 9 -> 10 = +2.0 blocks/min; bp max 0
  window 3: persisted 451 of 449 produced (100%); total 36.4, sf_tx 30.8, sf_rcpt 6.4, sf_acct 13.7, sf_send 10.4, scope 32.9, qmdb 18.9, post 0.0, pre 3.5, plain_rev 3.5, commit_sf 0.8, commit_mdbx 0.1, commit_rocks 0.1; longest task sf_tx 30.8; in-memory 8 -> 7 (max 10); RSS 33.5 -> 40.5 G; lag 10 -> 8 = -4.0 blocks/min; bp max 0
  leg end: in-memory 7, max over the sampler 11, backpressure stalls 0
== loop347WARM: execution and root fields (median / p90 per block); over 1431 full builds: rename_fallbacks total 0, rename_record_waits total 0, carried_depth values ['1']
    folded lines 474: pending_max max 86 (median 72); pending_us_max max 18,536; drops_max max 44764
    flags: seal_on_counters true:474; freeze_pool_own true:474; plan_body 1:472/2:2; prep_from_plan false:2/true:472; plan_ahead 1:474; seal per 1,000 transfers 0.245 ms
  window 1 (474 builds): on-CPU share 1.00/1.00; CPU per transfer 2.97/3.69 us; sealed_at_ms 49/65; par_exec_ms 21/27; par_fold_ms 9/17; index_ms 15/19; par_start_ms 3/15; gap_before_exec_ms 7/27; state_wait_us 7,524/26,615; parent_fields_ms 5/19; roots_ms 30/41; seal_to_fields_us 49,664/61,003; seal_to_complete_us 107,682/126,448; rename_fallbacks 0/0; rename_record_waits 0/0; carried_depth 1/1; plan_body_us 16,864/20,335; batch_max_ms 8/12; tx_root_ms 1/1; sealed_ms 6/21
    folded lines 461: pending_max max 86 (median 73); pending_us_max max 16,096; drops_max max 31637
    flags: seal_on_counters true:462; freeze_pool_own true:462; plan_body 0:1/1:459/2:2; prep_from_plan false:3/true:459; plan_ahead 0:1/1:461; seal per 1,000 transfers 0.255 ms
  window 2 (462 builds): on-CPU share 1.00/1.00; CPU per transfer 2.93/3.56 us; sealed_at_ms 51/79; par_exec_ms 21/26; par_fold_ms 8/15; index_ms 13/17; par_start_ms 3/14; gap_before_exec_ms 8/51; state_wait_us 8,228/51,552; parent_fields_ms 6/24; roots_ms 32/47; seal_to_fields_us 49,716/65,273; seal_to_complete_us 110,190/128,625; rename_fallbacks 0/0; rename_record_waits 0/0; carried_depth 1/1; plan_body_us 15,623/19,479; batch_max_ms 8/12; tx_root_ms 1/1; sealed_ms 7/25
    folded lines 449: pending_max max 90 (median 72); pending_us_max max 15,617; drops_max max 31400
    flags: seal_on_counters true:448; freeze_pool_own true:448; plan_body 1:447/2:1; prep_from_plan false:1/true:447; plan_ahead 1:448; seal per 1,000 transfers 0.275 ms
  window 3 (448 builds): on-CPU share 1.00/1.00; CPU per transfer 2.93/3.64 us; sealed_at_ms 55/85; par_exec_ms 21/29; par_fold_ms 7/15; index_ms 13/18; par_start_ms 4/16; gap_before_exec_ms 8/55; state_wait_us 7,768/55,723; parent_fields_ms 7/26; roots_ms 34/53; seal_to_fields_us 52,183/70,785; seal_to_complete_us 113,914/135,010; rename_fallbacks 0/0; rename_record_waits 0/0; carried_depth 1/1; plan_body_us 18,126/21,185; batch_max_ms 9/18; tx_root_ms 1/1; sealed_ms 8/27
== loop347WARM: 4305 proposals; proposal -> quorum (leader's commit) median 11.1 / p90 39.3 / max 142.3 ms; proposal interval median 61.4 / p90 62.9 ms; TC formed lines 1; leader views timed out 1; ParentUnknown lines 0
   handover at view 1024: proposal intervals (view, ms) [(1023, 97), (1024, 124), (1025, 131), (1026, 61), (1027, 60)] against the median 61 ms
   handover at view 2048: proposal intervals (view, ms) [(2047, 61), (2048, 62), (2049, 62), (2050, 62), (2051, 61)] against the median 61 ms
   handover at view 3072: proposal intervals (view, ms) [(3071, 61), (3072, 62), (3073, 60), (3074, 62), (3075, 62)] against the median 61 ms
   handover at view 4096: proposal intervals (view, ms) [(4095, 61), (4096, 62), (4097, 61), (4098, 60), (4099, 62)] against the median 61 ms
     block 1024 (view 1024): sealed_at_ms 129, gap_before_exec_ms 13, parent_fields_ms 91, rename_fallbacks 0, rename_record_waits 0, carried_depth 1
     block 1025 (view 1025): sealed_at_ms 53, gap_before_exec_ms 8, parent_fields_ms 24, rename_fallbacks 0, rename_record_waits 0, carried_depth 1
     block 1026 (view 1026): sealed_at_ms 34, gap_before_exec_ms 9, parent_fields_ms 7, rename_fallbacks 0, rename_record_waits 0, carried_depth 1
     block 1027 (view 1027): sealed_at_ms 45, gap_before_exec_ms 0, parent_fields_ms 2, rename_fallbacks 0, rename_record_waits 0, carried_depth 1
flood span 95 s; tokio-rt threads alive throughout 34 of 66; group 9.5 cores busy over them (all threads incl. short-lived 12.5)
  per-thread cores busy, top 12: 0.57 0.57 0.56 0.56 0.56 0.56 0.56 0.56 0.56 0.56 0.55 0.55; threads over 0.9 core: 0, over 0.7: 0
== loop347WARM: 1384 full builds in the 3 windows
  par_exec_ms 21/27; par_run_ms 31/67; batch_start_skew_ms 16/20; batch_median_ms 4/5; batch_max_ms 8/13; batch_first_start_us 76/119; batch_last_start_us 16782/20970; batch_dispatch_us 214/295; batch_last_end_us 21726/27656; batches 128/128; batch_threads 32/32; batch_txs_max 2000/2000; batch_txs_min 1500/1500; start_walk_ms 0/0; start_walk_check_ms 0/0; par_start_ms 3/15; sealed_at_ms 51/77; prev_seal_to_answer_us 1876/3175; prev_seal_to_entry_us 0/0; prev_seal_to_header_us 199/325; prev_seal_to_import_us 118830/151899; prev_seal_to_request_us 959/65507; prev_seal_to_start_us 1264/65808; start_walk_check_us 0/0; start_walk_ids_us 0/0; start_walk_settle_us 0/0; start_walk_us 0/0
  one_wave {'false': 1384}
  batches == batch_threads on 0 of 1384 builds
  last - first batch start (ms) median/p90 16.71/20.90; under 2 ms on 0 of 1384 builds
bodygate loop347WARM: invalid_blocks=0 gas_mismatch=0 fields_mismatches=0 own_not_committed=0 proposals_given_up=0
leg loop347WARMb: /data free 553G (needs 120 G)
plan loop347WARMb: exit 0 (7 validators, 1 layer(s)): # validators 7, execution layers 1, 208 CPUs a layer, import-once 1, shared 1; # validators : 16 CPUs set aside, taskset -c 104-111,232-239; # fleet    : 7 nodes, quorum 5 of 7 (f = 2); 0 refusals
leg loop347WARMb start 23:49:30 load 4.59
round loop347WARMb exit 0 at 23:52:53
loop347WARMb save stages (node0, seconds summed over the leg / count): batch_size=243.0/81  batch_size=243.0/81  reth_consensus_engine_beacon_persistence_duration=5.0/81  duration_seconds=5.0/81  total=4.5/81  scope=4.1/81  sf=4.1/81  sf_transactions=4.1/81  sf_account_changesets=2.1/81  sf_senders=1.9/81
el binary: /data/n42-build/target-n42-rs/native/release/n42 env: N42_IMPORT_ONCE=1 N42_SETTLEMENT_TAGS=legacy N42_BUILD_THROTTLE_SOFT=48 F7_EL_MAP=0,0,0,0,0,0,0 N42_FIELDS_AT_SEAL=1 N42_FREEZE_AFTER_SEAL=1 N42_FRAME_BLOCKS=1 N42_TX_INGEST_RECOVER_PARALLEL=24 N42_FREEZE_POOL=own N42_PARALLEL_BUILD_THREADS=32 N42_PLAN_AHEAD=1 N42_HASHED_TABLES=off F7_FLOOD_RATE=6000000 N42_COMPACT_BODY=1 N42_BUILD_BATCHES=128 MALLOC_CONF=thp:always,oversize_threshold:0,dirty_decay_ms:2000,background_thread:true N42_SEAL_ON_COUNTERS=1 N42_ACCOUNT_HISTORY=off N42_TAKE_COMPACT=1 N42_SF_EARLY_WRITEBACK=1 N42_ROAD_RUNTIME=1 N42_TX_INGEST_HIGH_WATER=2500000 F7_BENCH_POOL_SLOTS=3000000 N42_PLAN_AHEAD_BODY=1 N42_SEAL_AT_EXEC=1 N42_TX_QUEUE_DRAIN_CHUNK=8192 N42_ANSWER_LAYOUT_ONLY=1 N42_PULL_BY_FRAMES=1 N42_SF_PARALLEL_ENCODE=1 N42_BUILD_THROTTLE_HARD=80 N42_LIVE_INDEX_DEFER=1 RAYON_NUM_THREADS=16 F7_VAL_CPUS=16 N42_ROOT_OPS_AHEAD=1 TOKIO_WORKER_THREADS=16 N42_QMDB_READS=on N42_LEADER_LAYERS=3 N42_PERSIST_QMDB_IN_SCOPE=1 F7_BLOCK_INTERVAL_MS=60 F7_MEASURE_FROM_LOG=1
validator env: N42_IMPORT_ONCE=1 N42_SETTLEMENT_TAGS=legacy N42_BUILD_THROTTLE_SOFT=48 F7_EL_MAP=0,0,0,0,0,0,0 N42_FIELDS_AT_SEAL=1 N42_FREEZE_AFTER_SEAL=1 N42_FRAME_BLOCKS=1 N42_TX_INGEST_RECOVER_PARALLEL=24 N42_FREEZE_POOL=own N42_PARALLEL_BUILD_THREADS=32 N42_PLAN_AHEAD=1 N42_HASHED_TABLES=off F7_FLOOD_RATE=6000000 N42_COMPACT_BODY=1 N42_BUILD_BATCHES=128 N42_SEAL_ON_COUNTERS=1 N42_ACCOUNT_HISTORY=off N42_TAKE_COMPACT=1 N42_SF_EARLY_WRITEBACK=1 N42_ROAD_RUNTIME=1 N42_TX_INGEST_HIGH_WATER=2500000 F7_BENCH_POOL_SLOTS=3000000 N42_PLAN_AHEAD_BODY=1 N42_SEAL_AT_EXEC=1 N42_TX_QUEUE_DRAIN_CHUNK=8192 N42_ANSWER_LAYOUT_ONLY=1 N42_PULL_BY_FRAMES=1 N42_SF_PARALLEL_ENCODE=1 N42_BUILD_THROTTLE_HARD=80 N42_LIVE_INDEX_DEFER=1 RAYON_NUM_THREADS=16 F7_VAL_CPUS=16 N42_ROOT_OPS_AHEAD=1 TOKIO_WORKER_THREADS=16 N42_QMDB_READS=on N42_LEADER_LAYERS=3 N42_PERSIST_QMDB_IN_SCOPE=1 F7_MEASURE_FROM_LOG=1
loop347WARMb once: start-up lines import_once=true 1; last direct-import counters 
loop347WARMb imports: layers=1 direct_imports=0 canonical_blocks=269 import_once_lines=1 (per layer: direct imports should equal canonical blocks for one execution per block)
grep: /data/blockchain/rust-fleet7-bench/node1/el.log: No such file or directory
grep: /data/blockchain/rust-fleet7-bench/node2/el.log: No such file or directory
grep: /data/blockchain/rust-fleet7-bench/node3/el.log: No such file or directory
grep: /data/blockchain/rust-fleet7-bench/node1/el.log: No such file or directory
grep: /data/blockchain/rust-fleet7-bench/node2/el.log: No such file or directory
grep: /data/blockchain/rust-fleet7-bench/node3/el.log: No such file or directory
cat: /data/blockchain/rust-fleet7-bench/node2/el.log: No such file or directory
cat: /data/blockchain/rust-fleet7-bench/node2/el.log: No such file or directory
cat: /data/blockchain/rust-fleet7-bench/node2/el.log: No such file or directory
cat: /data/blockchain/rust-fleet7-bench/node1/el.log: No such file or directory
cat: /data/blockchain/rust-fleet7-bench/node2/el.log: No such file or directory
cat: /data/blockchain/rust-fleet7-bench/node3/el.log: No such file or directory
Traceback (most recent call last):
  File [35m"<stdin>"[0m, line [35m4[0m, in [35m<module>[0m
[1;35mIndexError[0m: [35mlist index out of range[0m
loop347WARMb no_variant=0 own_not_committed=0 tc=3 invalid_blocks=0 incomplete=0 gas_mismatch=0 direct_imports_failed=0 stuck_at_hashed_state=0 engine_idles_over_5s=3 proposals_given_up=0 tables_off_nodes=1 unanswered_reads=0 seal_first_total=166 seal_first_direct=166 direct_guard_errors=0 commit_ms_median=0 fold_ms_median=13 sealed_at_ms_median=40 state_ready_ms_median=72 build_total_ms_median=130 recover_us_median=0 par_exec_ms_median=16 par_exec_ms_median=16 giveback_filtered=0 giveback_offered_max=0 seal_first=166 reader_lag_max=9 reader_lag_warns=0 view_invalidated=0 el_sum_peak_g=16.2 el_max_peak_g=16.2 val_sum_peak_g=11.9 flood_peak_g=0.6 two_roads_blocks=0 two_roads_overlap_ms_median=- exec_on_output_declined=0 r1_collect_ms_median=5 proposal_at_ms_median=606 view_total_ms_median=617 import_exec_ms_median=- import_total_ms_median=- import_senders_ms_median=- import_convert_ms_median=- import_groups_median=- imports_over_600ms=0 min_avail_g=74.3 road_foreign_body_recv_ms=- road_foreign_body_decode_ms=- road_foreign_body_senders_ms=- road_foreign_body_parent_wait_ms=- road_foreign_body_check_ms=- road_foreign_body_total_ms=- road_new_payload_recv_ms=- road_new_payload_decode_ms=- road_new_payload_senders_ms=- road_new_payload_parent_wait_ms=- road_new_payload_check_ms=- road_new_payload_total_ms=- road_foreign_body_blocks=0 road_new_payload_blocks=0 fcu_answered=104 fcu_in_flight_ms_median=16 fcu_queued_ms_median=0 fcu_queued_ms_max=0 fcu_refused=0 fcu_slow=133 bodies_held=313 road_reuse_ms=- road_prepare_ms=- road_dispatch_ms=- road_convert_ms=- road_remember_ms=- road_header_ms=- road_fields_ms=- road_other_ms=- import_engine_ms_median=- gate_forced=0 gate_warns=10 flood_timeouts=0 canonical_min=269 canonical_max=269 chained_builds=133 chain_lead_ms_median=595 chain_wait_ms_median=0 chain_started=136 chain_discarded=2 chain_discard_reasons=_2_reason="the_request_names_another_parent chain_alias_warns=0 el_chained=136 bodies_held_warns=105 el_build_refused=0 el_build_refused_reasons= queued_p5=957000 queued_p50=2521500 road_compact_blocks=0 road_compact_recv_ms=- road_compact_assemble_ms=- road_compact_root_ms=- road_compact_miss_wait_ms=- road_compact_senders_ms=- road_compact_check_ms=- road_compact_other_ms=- road_compact_total_ms=- road_compact_misses_total= compact_refused_el=0 compact_fallbacks=0 compact_bytes_median=- pool_order9=14257 par_pull_ms_median=0 build_total_ms_median2=41 road_compact_filled_blocks=0 road_compact_filled_median=- road_compact_fill_ms_median=- need_txns=0 fill_failed=0 ingest_rate_gate_open_median=- ingest_gate_open_intervals=0 ingest_slots_busy_median=- flood_rate= fill_asked_proposer=0 fill_asked_other=0 loop_lines=265 loop_unnamed_ms_median=602 loop_body_served_ms_median=- loop_txns_served_ms_median=- import_exec_ms_median2=- pip_partition_ms=- pip_env_ms=- pip_batch_ms=- pip_groups_ms=- pip_gas_ms=- pip_merge_ms=- pip_receipts_ms=- pip_drop_ms=- pip_other_ms=- pip_total_ms=- senders_indexed_median=- road_senders_ms_median=- road_total_ms_median=- pew_ms_median=- pew_ms_p90= gate_ms_median=- gate_ms_p90= root_ms_p50=- root_ms_p90= two_roads=0 not_on_output=0 not_on_output_why= ckpt_ms_first_q=2 ckpt_ms_last_q=5 ckpt_bytes_last=3894436 parent_still_importing=0 root_wait_ms_p50=- root_wait_ms_p90= tenures_low_seal=3 seal_first_share=0.98 empty_over_deep=0 near_empty_warns=0 no_seal_why= par_skipped_median=- usable_p5=957000 ckpt_replay_ms_last_q=2 candidates_zero=0 dropped_ingest=0 let_go_warns=0 let_go_reasons= parked_p50=0 parked_max=0 held_warns=0 park_capped_total=0 superseded_builds=0 empty_not_superseded=0 mass_park_warns=0 heads_lines=0 holes_lines=0 stale_parent_refusals=0 par_groups_p5=0 cancelled_decided=0 heads_nonce0=0 stale_unconfirmed= handovers=0 el_panics=0 decided_cancelled=0 min_window_blocks=48 road_desc_blocks=0 road_desc_total_ms=- road_desc_copy_ms=- desc_misses=0 fill_failed2=0 sf_par_collect_ms=0 sf_par_commit_ms=0 sf_par_fold_ms=13 sf_par_graft_ms=0 sf_par_prefault_ms=0 sf_par_exec_ms=16 sf_sealed_at_ms=40 sf_roots_ms=21 sf_state_ready_ms=72 sf_total_ms=130 ba_find_ms=0 ba_queue_ms=0 ba_total_ms=41 ba_on_output=166 queue_fold_us=0 queue_lock_us=1 sf_par_exec_ms=16 sf_par_fold_ms=13 pip_groups_ms=- import_exec_ms_median2=- reads_d0=0 reads_hist=0 f_reads_d0=- f_reads_hist=- f_overlay_depth=- L_read_set_ms=0 read_set_accounts=0 read_set_unresolved=0 read_set_hits=0 read_set_misses=0 start_best_ms=- par_prep_ms=- gap_before_exec_ms=- gap_after_exec_ms=- gap_before_seal_ms=- index_ms=- road_copy_aside_ms=- road_copy_wait_ms=- road_total_ms=- queue_first_miss=queue_first_miss=18446744073709551615:169,queue_first_miss=0:103 root_append_behind=0 populate_lag_mb=0 swap_used_g=0 root_faults=- root_faults_p90= root_faults_entries=0 root_faults_offsets=0 root_faults_index=0 root_faults_bits=0 root_faults_twigs=8 root_faults_undo=0 root_faults_tmp=0 root_append_faults=8 root_twig_pool_misses=0 batch_max_ms=6 batch_min_ms=2 batch_median_ms=3 batch_cpu_max_ms=6 batch_txs_max=2000 batch_txs_min=1500 batch_start_skew_ms=13 batch_wait_ms=0 loop_fetch_ns=0 loop_check_ns=0 loop_transfer_ns=0 loop_receipt_ns=0 loop_gas_ns=0 loop_sink_ns=0 loop_other_ns=0 batch_setup_ns=0 batch_close_ns=0 imp_exec_part_ms=- imp_exec_batches_ms=- imp_exec_graft_ms=- imp_exec_batches=- imp_exec_threads=- imp_exec_batch_max_ms=- imp_exec_batch_median_ms=- imp_parent_output_wait_ms=- road_parent_output_wait_ms=- next_start_gap_ms=4 next_entry_gap_ms=0 commit_body_ahead_used=- imp_exec_keys_ms=- imp_keys_ahead=- imp_exec_sink_ms=- imp_exec_pre_ms=- imp_exec_post_ms=- imp_exec_receipts_ms=- imp_exec_drop_ms=- root_gap_ms=- queue_whole=queue_whole=true:169,queue_whole=false:103 tick_tick_late_us=0 tick_preamble_us=478 tick_take_sealed_us=1 tick_sign_us=0 tick_cache_us=0 tick_presealed=- tick_describe_us=14 tick_publish_us=785 tick_tick_to_send_us=1292 road_check_ms=- road_check_include_us=- road_check_scan_us=- road_check_fold_us=- road_check_senders_us=- road_check_frames_summarized=- road_check_frames_scanned=- imp_exec_start_gap_us=- imp_gap_road_us=- imp_gap_header_us=- imp_gap_senders_us=- imp_gap_parent_us=- imp_gap_setup_us=- imp_gap_keys_wait_us=- sealed_at_p90= sealed_over_130=0 roots_ms=- cycle_p90= batch_max_ms=- batch_median_ms=- imp_batch_max=- forest_lock_warns=20 root_seal_ms=- root_seals=4 root_majflt=0 roots_p90= gp_layer=169 ggp_missing=0 state_wait_split=0/0/0/0:86,13/0/0/0:14,15/0/0/0:10 qmdb_releases=0 state_wait_on= imp_road_end_ms=- imp_exec_start_ms=- imp_exec_end_ms=- imp_root_end_ms=- imp_fields_ready_ms=- imp_parent_fields_wait_ms=- imp_exec_ms=- imp_root_ms=- imp_checks_ms=- imp_engine_ms=- imp_total_ms=- road_parent_fields_wait_ms=- exec_read_ms=0 L_exec_evm_ms=0 L_exec_write_ms=0 L_exec_other_ms=0 L_reads_cache=0 L_reads_provider=0 L_reads_view=0 L_graft_base_ms=0 L_graft_reserve_ms=0 L_graft_insert_ms=0 L_graft_reverts_ms=0 L_graft_other_ms=0 L_par_exec_ms=16 L_par_graft_ms=0 F_exec_read_ms=- F_exec_evm_ms=- F_exec_write_ms=- F_exec_other_ms=- F_reads_cache=- F_reads_provider=- F_reads_view=- F_groups_ms=- L_tx_root_wait_ms=0 L_par_exec_ms=16 L_par_graft_ms=0 L_par_fold_ms=13 L_sealed_ms=1 L_state_ready_ms=72 L_roots_ms=21 L_finish_ms=74 L_total_ms=130 L_setup_ms=0 L_par_pull_ms=0 L_give_back_ms=0 L_state_wait_ms=5 L_state_after_pull=166 L_seal_at_exec=166 L_tx_root_ahead=0 flood_w1=319892 txs_p10=200000 acq_us=481 slots_busy=1 ingest_rate=320233 L_scope_join_ms=0 L_par_release_ms=0 L_commit_body_ms=0 L_par_commit_ms=0 L_give_back_ms=0 L_sealed_ms=1 L_par_exec_ms=16 L_state_wait_ms=5 L_par_pull_ms=0 L_par_prep_ms=0 L_par_start_ms=0 L_pre_exec_ms=0 L_par_run_ms=26 L_sealed_at_ms=40 F_partition_ms=- F_env_ms=- F_groups_ms=- F_merge_ms=- F_reverts_wait_ms=- F_ahead_wait_ms=- F_total_ms=- I_engine_ms=- I_root_ms=- I_total_ms=- H_engine_remember_ms=- H_engine_listing_ms=- H_engine_new_payload_ms=- busy_us=1 L_par_start_ms=0 L_start_handoff_ms=0 L_start_best_ms=0 L_start_puller_ms=0 L_par_pull_ms=0 L_par_prep_ms=0 L_state_wait_ms=5 L_par_exec_ms=16 L_par_commit_ms=0 L_sealed_ms=1 L_sealed_at_ms=40 L_par_graft_ms=0 L_graft_insert_ms=0 L_graft_reverts_ms=0 L_graft_split_us=0 L_graft_build_us=0 L_graft_merge_us=0 L_state_ready_ms=72 Q_queue_ms=0 R_dispatch_wait_ms=- R_total_ms=- R_road_runtime=1 gate_holds=10 peer_fetch=0 pool_limit=limit=4 gate_opened=gate_opened_for_block=0 I_root_ms=- flood_rate_hdr=rate=6000000/s fills=0 fill_waited=- slots_busy=1 acq_us=481 busy_us=1 converged=0 fallbacks=0 busy_us=1 recover_us=0 tf_on_output=0 tf_fallback=0 still_importing=0 busy_us=1 slots_busy=1 batches=altsig_txs=0 altsig_batches=0 tf_on_output=0 tf_fallback=0 gate_holds=10 sign_s=sign 0s replay_note=replay       : 64 files from /data/n42-pregen/g900000-400m, 400000000 transactio sign_s=sign 0s shard=shard_verified=0 shard_claimed=0 road_verified=- slots_busy=1 gate_us=96143 reply_us=96641 queued=2521500 assemble_ms=- road_take_ms=- road_body_ms=- road_encode_ms=- shards=16 shard_insert_ms=0 shard_wait_ms=0 shard_fold_ms=18 shard_append_ms=13 shard_merge_ms=46 state_ready_ms=72 roots_ms=21 exec_read_ms=0 exec_evm_ms=0 exec_write_ms=0 exec_other_ms=0 reads_cache=0 reads_provider=0 reads_view=0 par_run_ms=26 fold_task_cpu_max_us=17598 fold_task_minflt_max=857 fold_task_minflt_sum=859 fold_task_migrated=0 fold_task_nivcsw_max=0 fold_index=1 fold_index_build_ms=17 fold_index_conflicts=10246 fold_queue_us=58 fold_skew_us=30 fold_task_max_us=17593 fold_tail_us=19 start_best_ms=0 start_select_ms=0 start_walk_ms=0 start_walk_check_ms=0 start_best_other_ms=0 start_frames_by_ref=0 start_frames_slow=0 start_pull_ms=0 start_other_ms=0 start_handoff_ms=0 par_start_ms=0 par_prep_ms=0 par_commit_ms=0 commit_body_ms=0 par_fold_ms=13 sealed_ms=1 copy_ms=- prune_ms=3 frames=- frames_missing=- frame_root_ms=- root_ms=- frames_admitted=frames_admitted=66314 frames_unaligned=0 frame_root_indexed=- seal_layout_ms=0 seal_root_ms=0 attested= busy_us=1 slots_busy=1 reply_us=96641 prune_ms=3 body_refused=0 body_failed_late=0
loop347WARMb win1 tps= 320,000 txs=9,600,000 blocks= 48 cycle=0.625s occupancy=100.0% full(>=95%)=48/48 basefee=n/a (from the layer's log)
loop347WARMb win2 tps= 326,667 txs=9,800,000 blocks= 49 cycle=0.612s occupancy=100.0% full(>=95%)=49/49 basefee=n/a (from the layer's log)
loop347WARMb win3 tps= 320,000 txs=9,600,000 blocks= 48 cycle=0.625s occupancy=100.0% full(>=95%)=48/48 basefee=n/a (from the layer's log)
loop347WARMb tps=320,000 round_txs=29000000 cycles_w1=
loop347WARMb imp_fields_p90= b_p75=5
loop347WARMb overlay: filter_skips=0 probes=0 ratio=- (ratio = skips/(skips+probes))
loop347WARMb overlay_manager:       1 state_trie_overlay=false  state-ovly_cpu=0
loop347WARMb verify: written to /data/blockchain/rust-fleet7-bench/bench-loop347WARMb/verify.json
== many-keys report loop347WARMb
== loop347WARMb: 7 validator logs, f=2, quorum 5
1. the leaders' commit lines
  R1_collect (proposal -> prepare QC): n=265 p50 5.0 p90 5.0 p99 9.0 max 22.0 ms
  R2_collect (prepare QC -> commit QC): n=265 p50 5.0 p90 5.0 p99 5.0 max 5.0 ms
  total (proposal -> commit): n=265 p50 617.0 p90 622.0 p99 623.0 max 2613.0 ms
  votes at formation: R1 median 5 max 5 (quorum 5); R2 median 5 max 5
2. vote collection at the traced leaders (first vote -> quorum -> last vote)
 R1 (vote), 268 views:
    proposal -> first vote: n=268 p50 2.6 p90 3.0 p99 16532.6 max 33063.1 ms
    first vote -> quorum: n=265 p50 2.1 p90 2.3 p99 5.1 max 18.6 ms
    quorum -> last vote: n=265 p50 1.1 p90 1.2 p99 1.3 max 18.6 ms
    proposal -> last vote (the slowest key): n=268 p50 5.9 p90 6.3 p99 21246.7 max 33064.9 ms
   views with fewer than 6 votes received: 268
 R2 (commit_vote), 265 views:
    proposal -> first vote: n=265 p50 7.8 p90 8.2 p99 11.4 max 24.5 ms
    first vote -> quorum: n=265 p50 2.1 p90 2.3 p99 2.4 max 2.5 ms
    quorum -> last vote: n=265 p50 0.9 p90 0.9 p99 1.1 max 181.6 ms
    proposal -> last vote (the slowest key): n=265 p50 10.8 p90 11.2 p99 19.9 max 191.7 ms
   views with fewer than 6 votes received: 1
3. the straggler rule and the loop
  proposal interval (same leader, consecutive views): n=268 p50 617.3 p90 622.4 p99 25856.3 max 37757.5 ms; >= 500 ms: 268
  no `slow step` lines
4. gossip propagation (proposal sent -> received at a traced follower)
    proposal arrival delay: n=538 p50 0.4 p90 0.5 p99 4532.9 max 7211.5 ms
5. validators
validators n=7: cpu total 1.07 cores, per key mean 0.153 median 0.174 max 0.184 (key 0) min 0.021; rss per key peak mean 1.727 max 2.006 G, sum of peaks 12.1 G; threads per key mean 43, total 301
libp2p connections (last census of 5): 36 in all (a full mesh of 7 is 21); sockets per process min 4 median 6 max 6
== loop347WARMb  (E=1: seven validator keys on one execution layer)
  window 1: canonical 49 blocks, 9.8M tx = 326,667/s (100.0% of window 1), full 48/49 (98%); cycle mean/median/p90 616.5/617.1/620.0 ms
    leader builds 48: sealed_at median/p90/p99 38/55/62; phases median/p90 ms: gap_before_exec 6/18, state_wait 5/18, par 47/62, par_exec 17/26, roots 19/25, parent_fields 0/9, sealed 1/10
    state_wait_on {'none': 1, 'output': 24, 'layer_release': 23}; builds with state_wait > 20 ms: 3 ([('output', 3)]); gp_layer {1.0: 48}, ggp_missing {0.0: 48}
    queue at the builds min/median 2,513,000/2,525,250
    new field batch_cpu_sum_us: median/p90/max 487249.0/772522.0/902742, nonzero 48
    new field batch_dispatch_us: median/p90/max 244.5/313.0/462, nonzero 48
    new field batch_first_start_us: median/p90/max 96.5/186.0/266, nonzero 48
    new field batch_ivcsw: median/p90/max 5.5/21.0/27, nonzero 39
    new field batch_last_end_us: median/p90/max 17647.0/26596.0/32097, nonzero 48
    new field batch_last_start_us: median/p90/max 13788.5/21961.0/25217, nonzero 48
    new field batch_live_deferred: median/p90/max 76.0/82.0/85, nonzero 48
    new field batch_live_lock_hold_us: median/p90/max 9490.5/11427.0/13659, nonzero 48
    new field batch_live_lock_wait_us: median/p90/max 0.0/0.0/0, nonzero 0
    new field batch_live_lock_waits: median/p90/max 0.0/0.0/0, nonzero 0
    new field batch_majflt: median/p90/max 0.0/0.0/0, nonzero 0
    new field batch_minflt: median/p90/max 9397.0/28228.0/29381, nonzero 48
    new field batch_open_max_us: median/p90/max 340.5/391.0/458, nonzero 48
    new field batch_open_sum_us: median/p90/max 8215.5/9652.0/10166, nonzero 48
    new field batch_threads: median/p90/max 32.0/32.0/32, nonzero 48
    new field batch_vcsw: median/p90/max 107.0/124.0/361, nonzero 48
    new field batch_view_index_wait_us: median/p90/max 0.0/0.0/4920, nonzero 1
    new field batch_view_index_waits: median/p90/max 0.0/0.0/151, nonzero 1
    new field batch_view_slot_wait_us: median/p90/max 0.0/0.0/1432, nonzero 1
    new field batch_view_slot_waits: median/p90/max 0.0/0.0/62, nonzero 1
    new field batch_wall_sum_us: median/p90/max 488300.0/774531.0/909856, nonzero 48
    new field batches: median/p90/max 128.0/128.0/128, nonzero 48
    new field build_batches: median/p90/max 128.0/128.0/128, nonzero 48
    new field carried_depth: median/p90/max 1.0/1.0/1, nonzero 48
    new field exec_end_to_seal_us: median/p90/max 89.5/127.0/159, nonzero 48
    new field exec_partition_us: median/p90/max 7.0/9.0/215, nonzero 48
    new field exec_prepared_groups: {'true': 48}
    new field exec_prepared_slots: {'true': 48}
    new field exec_slots_us: median/p90/max 0.0/0.0/0, nonzero 0
    new field freeze_join_wait_us: median/p90/max 15962.0/26045.0/29938, nonzero 48
    new field freeze_late: {'true': 48}
    new field freeze_pool_own: {'true': 48}
    new field live_index_defer: {'true': 48}
    new field merge_accounts: median/p90/max 185678.5/189035.0/190798, nonzero 48
    new field merge_append_us: median/p90/max 1582.0/5614.0/5988, nonzero 48
    new field merge_reverts: median/p90/max 185678.5/189035.0/190798, nonzero 48
    new field merge_reverts_us: median/p90/max 11167.0/14161.0/16394, nonzero 48
    new field merge_state_us: median/p90/max 31813.0/36069.0/37531, nonzero 48
    new field merge_tail_us: median/p90/max 0.0/0.0/0, nonzero 0
    new field merge_threads: median/p90/max 1.0/1.0/1, nonzero 48
    new field one_wave: {'false': 48}
    new field open_engine_us: median/p90/max 0.0/0.0/0, nonzero 0
    new field open_fallback: {'false': 48}
    new field open_keep_us: median/p90/max 7.5/5287.0/5641, nonzero 48
    new field open_kept_accounts: median/p90/max 557831.0/563480.0/566520, nonzero 48
    new field open_layers: median/p90/max 3.0/3.0/3, nonzero 48
    new field open_provider_us: median/p90/max 97.5/167.0/183, nonzero 48
    new field plan_age_us: median/p90/max 601442.0/1193491.0/1198715, nonzero 48
    new field plan_ahead: median/p90/max 1.0/1.0/1, nonzero 48
    new field plan_body: median/p90/max 1.0/1.0/1, nonzero 48
    new field plan_body_us: median/p90/max 11139.0/13068.0/14590, nonzero 48
    new field plan_discard: {'': 48}
    new field plan_prep_us: median/p90/max 6406.5/14211.0/16571, nonzero 48
    new field plan_topup_txs: median/p90/max 0.0/0.0/0, nonzero 0
    new field prep_from_plan: {'true': 48}
    new field prev_seal_to_answer_us: median/p90/max 1464.0/2634.0/6096, nonzero 48
    new field prev_seal_to_entry_us: median/p90/max 0.0/0.0/0, nonzero 0
    new field prev_seal_to_header_us: median/p90/max 194.0/249.0/368, nonzero 48
    new field prev_seal_to_import_us: median/p90/max 562127.5/1167107.0/1170038, nonzero 24
    new field prev_seal_to_request_us: median/p90/max 562631.0/1167132.0/1170069, nonzero 48
    new field prev_seal_to_start_us: median/p90/max 562993.0/1167415.0/1170390, nonzero 48
    new field pull_bulk_txs: median/p90/max 200000.0/200000.0/200000, nonzero 48
    new field pull_bulk_us: median/p90/max 5.0/8.0/9, nonzero 48
    new field rename_fallbacks: median/p90/max 0.0/0.0/0, nonzero 0
    new field rename_record_waits: median/p90/max 0.0/0.0/0, nonzero 0
    new field root_apply_gap_us: median/p90/max 9.0/10.0/12, nonzero 48
    new field root_apply_total_us: median/p90/max 15131.0/18044.0/22428, nonzero 48
    new field root_compute_us: median/p90/max 16701.0/19821.0/24174, nonzero 48
    new field root_delta_us: median/p90/max 1282.5/1472.0/1776, nonzero 48
    new field root_index_us: median/p90/max 1850.0/2422.0/2941, nonzero 48
    new field root_leaves_us: median/p90/max 4653.0/6576.0/7466, nonzero 48
    new field root_note_us: median/p90/max 123.5/153.0/170, nonzero 48
    new field root_ops_ahead: {'true': 48}
    new field root_ops_ahead_wait_us: median/p90/max 2.0/50.0/3311, nonzero 47
    new field root_ops_concat_us: median/p90/max 0.0/0.0/0, nonzero 0
    new field root_ops_encode_us: median/p90/max 3965.0/5120.0/6477, nonzero 48
    new field root_ops_finish_us: median/p90/max 2381.5/2857.0/3500, nonzero 48
    new field root_ops_sort_us: median/p90/max 2429.5/3809.0/5617, nonzero 48
    new field root_ops_us: median/p90/max 2400.0/3293.0/5989, nonzero 48
    new field root_rehash_us: median/p90/max 866.5/1148.0/3936, nonzero 48
    new field root_retire_us: median/p90/max 1465.0/2336.0/3055, nonzero 48
    new field root_sort_us: median/p90/max 83.5/154.0/239, nonzero 48
    new field root_undo_us: median/p90/max 564.0/867.0/1040, nonzero 48
    new field root_writes_us: median/p90/max 6126.5/6667.0/9676, nonzero 48
    new field seal_hashes_ahead: {'true': 48}
    new field seal_on_counters: {'true': 48}
    new field seal_to_complete_us: median/p90/max 96359.5/105106.0/106039, nonzero 48
    new field seal_to_frozen_us: median/p90/max 15926.5/26001.0/29922, nonzero 48
    new field seal_to_merge_end_us: median/p90/max 95329.5/103623.0/105618, nonzero 48
    new field seal_to_merge_start_us: median/p90/max 47027.5/53441.0/56618, nonzero 48
    new field seal_to_ops_ahead_us: median/p90/max 23867.0/33368.0/39383, nonzero 48
    new field seal_to_state_ready_us: median/p90/max 95335.0/103627.0/105624, nonzero 48
    new field sealed_unix_us: median/p90/max 1791431482120814.0/1791431493892013.0/1791431496350315, nonzero 48
    new field start_walk_check_us: median/p90/max 0.0/0.0/0, nonzero 0
    new field start_walk_ids_us: median/p90/max 0.0/0.0/0, nonzero 0
    new field start_walk_settle_us: median/p90/max 0.0/0.0/0, nonzero 0
    new field start_walk_us: median/p90/max 0.0/0.0/0, nonzero 0
    new field state_wait_us: median/p90/max 5761.0/18563.0/28027, nonzero 48
    new field view_journal_reads: median/p90/max 0.0/0.0/53248, nonzero 1
    new field view_journal_searches: median/p90/max 0.0/0.0/149329, nonzero 1
    new field view_journal_skips: median/p90/max 0.0/0.0/0, nonzero 0
    new field whole_take_noted: {'true': 48}
    binding wait (tick / quorum / seal share, mean cycle): tick 100% (617); quorum 0%; seal 0%; feed-bound (blocks under 95% of the tier): 1 of 49
    slowest key vote delay median/p90 2.9/3.4 ms
    engine own-import total_ms per block median/p90/max 27/41/46 (n=48)
    layer RSS 7.8 -> 14.3 G (max 14.7), in-memory blocks max 8
    execution layer cores busy 3.2    validators cores busy 0.1
    flood delivered (median per 5 s over the leg) 319,892/s
  window 2: canonical 49 blocks, 9.8M tx = 326,667/s (100.0% of window 1), full 49/49 (100%); cycle mean/median/p90 616.7/617.0/620.7 ms
    leader builds 50: sealed_at median/p90/p99 32/53/62; phases median/p90 ms: gap_before_exec 6/15, state_wait 6/14, par 42/54, par_exec 16/17, roots 22/28, parent_fields 2/15, sealed 3/15
    state_wait_on {'layer_release': 25, 'output': 25}; builds with state_wait > 20 ms: 1 ([('output', 1)]); gp_layer {1.0: 50}, ggp_missing {0.0: 50}
    queue at the builds min/median 2,509,000/2,522,500
    new field batch_cpu_sum_us: median/p90/max 462610.0/489679.0/499737, nonzero 50
    new field batch_dispatch_us: median/p90/max 213.0/295.0/341, nonzero 50
    new field batch_first_start_us: median/p90/max 81.0/122.0/201, nonzero 50
    new field batch_ivcsw: median/p90/max 7.0/23.0/26, nonzero 37
    new field batch_last_end_us: median/p90/max 16451.5/17559.0/18131, nonzero 50
    new field batch_last_start_us: median/p90/max 13079.0/13873.0/14313, nonzero 50
    new field batch_live_deferred: median/p90/max 78.5/85.0/92, nonzero 50
    new field batch_live_lock_hold_us: median/p90/max 8798.5/9521.0/9809, nonzero 50
    new field batch_live_lock_wait_us: median/p90/max 0.0/0.0/0, nonzero 0
    new field batch_live_lock_waits: median/p90/max 0.0/0.0/0, nonzero 0
    new field batch_majflt: median/p90/max 0.0/0.0/0, nonzero 0
    new field batch_minflt: median/p90/max 16526.0/30990.0/32388, nonzero 50
    new field batch_open_max_us: median/p90/max 322.0/397.0/1170, nonzero 50
    new field batch_open_sum_us: median/p90/max 7491.0/9152.0/10227, nonzero 50
    new field batch_threads: median/p90/max 32.0/32.0/32, nonzero 50
    new field batch_vcsw: median/p90/max 102.0/118.0/123, nonzero 50
    new field batch_view_index_wait_us: median/p90/max 0.0/0.0/0, nonzero 0
    new field batch_view_index_waits: median/p90/max 0.0/0.0/0, nonzero 0
    new field batch_view_slot_wait_us: median/p90/max 0.0/0.0/0, nonzero 0
    new field batch_view_slot_waits: median/p90/max 0.0/0.0/0, nonzero 0
    new field batch_wall_sum_us: median/p90/max 464967.5/490356.0/500839, nonzero 50
    new field batches: median/p90/max 128.0/128.0/128, nonzero 50
    new field build_batches: median/p90/max 128.0/128.0/128, nonzero 50
    new field carried_depth: median/p90/max 1.0/1.0/1, nonzero 50
    new field exec_end_to_seal_us: median/p90/max 75.5/122.0/138, nonzero 50
    new field exec_partition_us: median/p90/max 7.0/10.0/11, nonzero 50
    new field exec_prepared_groups: {'true': 50}
    new field exec_prepared_slots: {'true': 50}
    new field exec_slots_us: median/p90/max 0.0/0.0/0, nonzero 0
    new field freeze_join_wait_us: median/p90/max 9729.5/17747.0/21065, nonzero 50
    new field freeze_late: {'true': 50}
    new field freeze_pool_own: {'true': 50}
    new field live_index_defer: {'true': 50}
    new field merge_accounts: median/p90/max 190755.0/195675.0/197185, nonzero 50
    new field merge_append_us: median/p90/max 1584.0/5962.0/6675, nonzero 50
    new field merge_reverts: median/p90/max 190755.0/195675.0/197185, nonzero 50
    new field merge_reverts_us: median/p90/max 11215.5/13473.0/16637, nonzero 50
    new field merge_state_us: median/p90/max 31720.0/36114.0/39258, nonzero 50
    new field merge_tail_us: median/p90/max 0.0/0.0/0, nonzero 0
    new field merge_threads: median/p90/max 1.0/1.0/1, nonzero 50
    new field one_wave: {'false': 50}
    new field open_engine_us: median/p90/max 0.0/0.0/0, nonzero 0
    new field open_fallback: {'false': 50}
    new field open_keep_us: median/p90/max 2296.0/4893.0/4982, nonzero 50
    new field open_kept_accounts: median/p90/max 572612.5/581851.0/589397, nonzero 50
    new field open_layers: median/p90/max 3.0/3.0/3, nonzero 50
    new field open_provider_us: median/p90/max 106.0/162.0/187, nonzero 50
    new field plan_age_us: median/p90/max 607270.5/1192802.0/1201217, nonzero 50
    new field plan_ahead: median/p90/max 1.0/1.0/1, nonzero 50
    new field plan_body: median/p90/max 1.0/1.0/1, nonzero 50
    new field plan_body_us: median/p90/max 13216.5/14980.0/16617, nonzero 50
    new field plan_discard: {'': 50}
    new field plan_prep_us: median/p90/max 7637.0/12583.0/15649, nonzero 50
    new field plan_topup_txs: median/p90/max 0.0/0.0/0, nonzero 0
    new field prep_from_plan: {'true': 50}
    new field prev_seal_to_answer_us: median/p90/max 1621.5/2867.0/4165, nonzero 50
    new field prev_seal_to_entry_us: median/p90/max 0.0/0.0/0, nonzero 0
    new field prev_seal_to_header_us: median/p90/max 230.0/314.0/491, nonzero 50
    new field prev_seal_to_import_us: median/p90/max 574918.5/1166298.0/1172514, nonzero 25
    new field prev_seal_to_request_us: median/p90/max 575431.0/1166330.0/1172545, nonzero 50
    new field prev_seal_to_start_us: median/p90/max 575746.0/1166681.0/1172846, nonzero 50
    new field pull_bulk_txs: median/p90/max 200000.0/200000.0/200000, nonzero 50
    new field pull_bulk_us: median/p90/max 6.0/8.0/28, nonzero 50
    new field rename_fallbacks: median/p90/max 0.0/0.0/0, nonzero 0
    new field rename_record_waits: median/p90/max 0.0/0.0/0, nonzero 0
    new field root_apply_gap_us: median/p90/max 9.0/10.0/11, nonzero 50
    new field root_apply_total_us: median/p90/max 16719.0/21287.0/29776, nonzero 50
    new field root_compute_us: median/p90/max 18643.5/22916.0/31621, nonzero 50
    new field root_delta_us: median/p90/max 1348.5/1674.0/5774, nonzero 50
    new field root_index_us: median/p90/max 1934.0/2705.0/7595, nonzero 50
    new field root_leaves_us: median/p90/max 5519.0/6949.0/11081, nonzero 50
    new field root_note_us: median/p90/max 138.0/161.0/177, nonzero 50
    new field root_ops_ahead: {'true': 50}
    new field root_ops_ahead_wait_us: median/p90/max 2.0/3901.0/5336, nonzero 49
    new field root_ops_concat_us: median/p90/max 0.0/0.0/0, nonzero 0
    new field root_ops_encode_us: median/p90/max 4068.5/5818.0/8218, nonzero 50
    new field root_ops_finish_us: median/p90/max 2565.0/3022.0/3765, nonzero 50
    new field root_ops_sort_us: median/p90/max 2634.5/7292.0/9238, nonzero 50
    new field root_ops_us: median/p90/max 2722.5/6724.0/7795, nonzero 50
    new field root_rehash_us: median/p90/max 1091.5/1204.0/2649, nonzero 50
    new field root_retire_us: median/p90/max 1470.5/1980.0/3534, nonzero 50
    new field root_sort_us: median/p90/max 136.0/222.0/344, nonzero 50
    new field root_undo_us: median/p90/max 370.0/620.0/729, nonzero 50
    new field root_writes_us: median/p90/max 5999.5/7089.0/15724, nonzero 50
    new field seal_hashes_ahead: {'true': 50}
    new field seal_on_counters: {'true': 50}
    new field seal_to_complete_us: median/p90/max 93464.5/106204.0/117502, nonzero 50
    new field seal_to_frozen_us: median/p90/max 9683.0/17702.0/21046, nonzero 47
    new field seal_to_merge_end_us: median/p90/max 91367.5/106130.0/117415, nonzero 50
    new field seal_to_merge_start_us: median/p90/max 43061.5/54254.0/63461, nonzero 50
    new field seal_to_ops_ahead_us: median/p90/max 18826.0/30565.0/31665, nonzero 50
    new field seal_to_state_ready_us: median/p90/max 91372.5/106135.0/117418, nonzero 50
    new field sealed_unix_us: median/p90/max 1791431512360994.5/1791431524722896.0/1791431527194429, nonzero 50
    new field start_walk_check_us: median/p90/max 0.0/0.0/0, nonzero 0
    new field start_walk_ids_us: median/p90/max 0.0/0.0/0, nonzero 0
    new field start_walk_settle_us: median/p90/max 0.0/0.0/0, nonzero 0
    new field start_walk_us: median/p90/max 0.0/0.0/0, nonzero 0
    new field state_wait_us: median/p90/max 6265.5/14628.0/21038, nonzero 50
    new field view_journal_reads: median/p90/max 0.0/0.0/0, nonzero 0
    new field view_journal_searches: median/p90/max 0.0/0.0/0, nonzero 0
    new field view_journal_skips: median/p90/max 0.0/0.0/0, nonzero 0
    new field whole_take_noted: {'true': 50}
    binding wait (tick / quorum / seal share, mean cycle): tick 100% (617); quorum 0%; seal 0%; feed-bound (blocks under 95% of the tier): 0 of 49
    slowest key vote delay median/p90 3.0/3.4 ms
    engine own-import total_ms per block median/p90/max 26/37/45 (n=49)
    layer RSS 14.0 -> 15.2 G (max 15.8), in-memory blocks max 9
    execution layer cores busy 3.1    validators cores busy 0.1
  window 3: canonical 48 blocks, 9.6M tx = 320,000/s (98.0% of window 1), full 48/48 (100%); cycle mean/median/p90 617.8/618.4/620.3 ms
    leader builds 48: sealed_at median/p90/p99 36/55/66; phases median/p90 ms: gap_before_exec 7/17, state_wait 6/17, par 46/57, par_exec 16/17, roots 24/29, parent_fields 4/15, sealed 4/15
    state_wait_on {'layer_release': 24, 'output': 24}; builds with state_wait > 20 ms: 0 ([]); gp_layer {1.0: 48}, ggp_missing {0.0: 48}
    queue at the builds min/median 2,507,000/2,519,750
    new field batch_cpu_sum_us: median/p90/max 475689.5/501526.0/507771, nonzero 48
    new field batch_dispatch_us: median/p90/max 222.5/285.0/345, nonzero 48
    new field batch_first_start_us: median/p90/max 78.5/108.0/189, nonzero 48
    new field batch_ivcsw: median/p90/max 7.0/23.0/28, nonzero 30
    new field batch_last_end_us: median/p90/max 16791.0/17692.0/18291, nonzero 48
    new field batch_last_start_us: median/p90/max 13489.0/14285.0/14363, nonzero 48
    new field batch_live_deferred: median/p90/max 80.0/84.0/86, nonzero 48
    new field batch_live_lock_hold_us: median/p90/max 9040.5/9985.0/10270, nonzero 48
    new field batch_live_lock_wait_us: median/p90/max 0.0/0.0/0, nonzero 0
    new field batch_live_lock_waits: median/p90/max 0.0/0.0/0, nonzero 0
    new field batch_majflt: median/p90/max 0.0/0.0/0, nonzero 0
    new field batch_minflt: median/p90/max 17071.0/31704.0/32722, nonzero 48
    new field batch_open_max_us: median/p90/max 288.0/356.0/3108, nonzero 48
    new field batch_open_sum_us: median/p90/max 6613.5/8002.0/8635, nonzero 48
    new field batch_threads: median/p90/max 32.0/32.0/32, nonzero 48
    new field batch_vcsw: median/p90/max 95.5/118.0/133, nonzero 48
    new field batch_view_index_wait_us: median/p90/max 0.0/0.0/0, nonzero 0
    new field batch_view_index_waits: median/p90/max 0.0/0.0/0, nonzero 0
    new field batch_view_slot_wait_us: median/p90/max 0.0/0.0/0, nonzero 0
    new field batch_view_slot_waits: median/p90/max 0.0/0.0/0, nonzero 0
    new field batch_wall_sum_us: median/p90/max 476632.0/502723.0/512101, nonzero 48
    new field batches: median/p90/max 128.0/128.0/128, nonzero 48
    new field build_batches: median/p90/max 128.0/128.0/128, nonzero 48
    new field carried_depth: median/p90/max 1.0/1.0/1, nonzero 48
    new field exec_end_to_seal_us: median/p90/max 81.5/100.0/130, nonzero 48
    new field exec_partition_us: median/p90/max 8.0/10.0/158, nonzero 48
    new field exec_prepared_groups: {'true': 48}
    new field exec_prepared_slots: {'true': 48}
    new field exec_slots_us: median/p90/max 0.0/0.0/0, nonzero 0
    new field freeze_join_wait_us: median/p90/max 14584.0/19072.0/21585, nonzero 48
    new field freeze_late: {'true': 48}
    new field freeze_pool_own: {'true': 48}
    new field live_index_defer: {'true': 48}
    new field merge_accounts: median/p90/max 191499.5/195165.0/195994, nonzero 48
    new field merge_append_us: median/p90/max 1592.5/5854.0/6052, nonzero 48
    new field merge_reverts: median/p90/max 191499.5/195165.0/195994, nonzero 48
    new field merge_reverts_us: median/p90/max 11315.5/13659.0/14644, nonzero 48
    new field merge_state_us: median/p90/max 31854.0/36555.0/39155, nonzero 48
    new field merge_tail_us: median/p90/max 0.0/0.0/0, nonzero 0
    new field merge_threads: median/p90/max 1.0/1.0/1, nonzero 48
    new field one_wave: {'false': 48}
    new field open_engine_us: median/p90/max 0.0/0.0/0, nonzero 0
    new field open_fallback: {'false': 48}
    new field open_keep_us: median/p90/max 2324.5/4942.0/5155, nonzero 48
    new field open_kept_accounts: median/p90/max 574540.0/579906.0/583238, nonzero 48
    new field open_layers: median/p90/max 3.0/3.0/3, nonzero 48
    new field open_provider_us: median/p90/max 107.0/151.0/175, nonzero 48
    new field plan_age_us: median/p90/max 607969.0/1193005.0/1198894, nonzero 48
    new field plan_ahead: median/p90/max 1.0/1.0/1, nonzero 48
    new field plan_body: median/p90/max 1.0/1.0/1, nonzero 48
    new field plan_body_us: median/p90/max 14783.5/18722.0/19915, nonzero 48
    new field plan_discard: {'': 48}
    new field plan_prep_us: median/p90/max 7514.5/11880.0/18018, nonzero 48
    new field plan_topup_txs: median/p90/max 0.0/0.0/0, nonzero 0
    new field prep_from_plan: {'true': 48}
    new field prev_seal_to_answer_us: median/p90/max 1597.5/3014.0/3955, nonzero 48
    new field prev_seal_to_entry_us: median/p90/max 0.0/0.0/0, nonzero 0
    new field prev_seal_to_header_us: median/p90/max 232.5/337.0/406, nonzero 48
    new field prev_seal_to_import_us: median/p90/max 572830.0/1162484.0/1164458, nonzero 24
    new field prev_seal_to_request_us: median/p90/max 573369.0/1162518.0/1164505, nonzero 48
    new field prev_seal_to_start_us: median/p90/max 573748.0/1162931.0/1164933, nonzero 48
    new field pull_bulk_txs: median/p90/max 200000.0/200000.0/200000, nonzero 48
    new field pull_bulk_us: median/p90/max 7.0/8.0/21, nonzero 48
    new field rename_fallbacks: median/p90/max 0.0/0.0/0, nonzero 0
    new field rename_record_waits: median/p90/max 0.0/0.0/0, nonzero 0
    new field root_apply_gap_us: median/p90/max 9.0/10.0/11, nonzero 48
    new field root_apply_total_us: median/p90/max 16860.0/19778.0/26600, nonzero 48
    new field root_compute_us: median/p90/max 18801.0/21581.0/29428, nonzero 48
    new field root_delta_us: median/p90/max 1382.5/1741.0/5701, nonzero 48
    new field root_index_us: median/p90/max 1900.5/2694.0/3100, nonzero 48
    new field root_leaves_us: median/p90/max 5787.5/7081.0/13250, nonzero 48
    new field root_note_us: median/p90/max 141.0/175.0/562, nonzero 48
    new field root_ops_ahead: {'true': 48}
    new field root_ops_ahead_wait_us: median/p90/max 3.0/4122.0/8331, nonzero 48
    new field root_ops_concat_us: median/p90/max 0.0/0.0/0, nonzero 0
    new field root_ops_encode_us: median/p90/max 3858.5/5234.0/6587, nonzero 48
    new field root_ops_finish_us: median/p90/max 2584.0/3022.0/3806, nonzero 48
    new field root_ops_sort_us: median/p90/max 3269.0/7756.0/12724, nonzero 48
    new field root_ops_us: median/p90/max 3041.0/6670.0/10778, nonzero 48
    new field root_rehash_us: median/p90/max 1156.0/1405.0/6683, nonzero 48
    new field root_retire_us: median/p90/max 1611.0/1830.0/2045, nonzero 48
    new field root_sort_us: median/p90/max 107.5/172.0/297, nonzero 48
    new field root_undo_us: median/p90/max 534.5/607.0/646, nonzero 48
    new field root_writes_us: median/p90/max 6123.5/6731.0/13920, nonzero 48
    new field seal_hashes_ahead: {'true': 48}
    new field seal_on_counters: {'true': 48}
    new field seal_to_complete_us: median/p90/max 97805.0/107998.0/119805, nonzero 48
    new field seal_to_frozen_us: median/p90/max 14546.0/19021.0/21535, nonzero 46
    new field seal_to_merge_end_us: median/p90/max 95570.5/107913.0/119717, nonzero 48
    new field seal_to_merge_start_us: median/p90/max 49149.0/56624.0/67456, nonzero 48
    new field seal_to_ops_ahead_us: median/p90/max 23075.0/32200.0/35385, nonzero 48
    new field seal_to_state_ready_us: median/p90/max 95575.5/107922.0/119723, nonzero 48
    new field sealed_unix_us: median/p90/max 1791431542619156.0/1791431554373107.0/1791431556846727, nonzero 48
    new field start_walk_check_us: median/p90/max 0.0/0.0/0, nonzero 0
    new field start_walk_ids_us: median/p90/max 0.0/0.0/0, nonzero 0
    new field start_walk_settle_us: median/p90/max 0.0/0.0/0, nonzero 0
    new field start_walk_us: median/p90/max 0.0/0.0/0, nonzero 0
    new field state_wait_us: median/p90/max 6660.5/17113.0/20462, nonzero 48
    new field view_journal_reads: median/p90/max 0.0/0.0/0, nonzero 0
    new field view_journal_searches: median/p90/max 0.0/0.0/0, nonzero 0
    new field view_journal_skips: median/p90/max 0.0/0.0/0, nonzero 0
    new field whole_take_noted: {'true': 48}
    binding wait (tick / quorum / seal share, mean cycle): tick 100% (618); quorum 0%; seal 0%; feed-bound (blocks under 95% of the tier): 0 of 48
    slowest key vote delay median/p90 3.0/3.4 ms
    engine own-import total_ms per block median/p90/max 26/35/43 (n=48)
    layer RSS 15.8 -> 15.8 G (max 16.3), in-memory blocks max 8
    execution layer cores busy 3.3    validators cores busy 0.1
  round total (3 windows, canonical): 29.2M tx
  layer peak RSS 16.3 G; in-memory blocks max 9
  fields at seal: mode "early", verified 0, unchecked 0, mismatches 0 (last build line, cumulative)
  own_executed_again (built here and also directly imported): 0 of 166 built blocks
== loop347WARMb
  layer-0 leader window-1 builds 50: txs mean 200000, share >= 95% of the tier 100% (max 200000); sealed_at_ms 43.0/55.0; par_ms 47.5/68.0; par_exec_ms 17.0/26.0; roots_ms 19.0/25.0; parent_fields_ms 0.0/9.0; sealed_ms 1.0/10.0
  proposal cycle window 1 (n=50): mean 616.5 median 617.1 p90 620.0 ms; blocks in the 30 s: 50
  binding wait (tick / quorum / seal, share and mean cycle): tick 100.0% (616.5); quorum 0%; seal 0%
  vote delay after the proposal, slowest key per block: median 3.0 p90 3.4 ms (slowest minus the median key: median 0.3); last key: {1: 5, 2: 9, 3: 14, 4: 11, 6: 9} of 48 blocks
  CPU in window 1 (cores busy): execution layers 3.2 over 1 process(es); validators 0.1 over 7 process(es)
  execution layer peak RSS 16.3 G; in-memory blocks max 9 (node0 and others, all layers)
  blocks built here 166; none also directly imported
  import-once counters at the last direct import: ; start-up lines with import_once=true: 1; queue-lock lines 0
  layer-0 queue (queued after canonical prune), median per 10 s: t+0:2526500 t+20:2519000 t+40:2524000 t+60:2522000 t+80:2524500 t+100:0
  flood: median per 5 s 319892/s, final -
  timeout / given-up lines: 3; 03:53:28 v0 INFO process_event{view=264 kind="message"}: n42::cl::timeout: TC form; 03:53:55 v0 INFO process_event{view=267 kind="message"}: n42::cl::timeout: TC form; 03:54:32 v0 INFO process_event{view=268 kind="message"}: n42::cl::timeout: TC form
loop347WARMb page_faults_per_s_median: node0=97404.6 
feedcheck loop347WARMb: ok (block 200,000 tx)
== loop347WARMb: feed check (acq_us / gate_us / reply_us are per frame of 500; rate per 5 s `ingest` line)
  window 1: ingest lines 6; acq_us 477 (max 524); gate_us 95232; reply_us 95784; slots_busy 1%; delivered median 341,692/s max 626,800/s; queue at builds median 2,525,250 min 2,513,000; full 98% of 49 blocks
  window 2: ingest lines 6; acq_us 480 (max 483); gate_us 95686; reply_us 96278; slots_busy 1%; delivered median 320,484/s max 321,419/s; queue at builds median 2,522,500 min 2,509,000; full 100% of 49 blocks
  window 3: ingest lines 6; acq_us 497 (max 508); gate_us 96220; reply_us 96806; slots_busy 1%; delivered median 319,928/s max 322,865/s; queue at builds median 2,519,750 min 2,507,000; full 100% of 48 blocks
  flood.log (+15..+100 s): rate per 5 s median 319,742/s max 325,592/s; reply latency median 592.8 ms max 600.8 ms
== loop347WARMb: lanes lock, drain and pruner (new fields)
  window 1: lock duty 4.0% (max 5.0); holds/5s 344; longest hold 14.76 ms median, 20.63 ms max by crates/n42/tx-queue/src/lib.rs:2046 (most frequent holders [('crates/n42/tx-queue/src/lib.rs:2046', 3), ('crates/n42/tx-queue/src/lib.rs:2692', 3)]); lock wait 117.1 ms/5s, longest 16.03 ms; drains/5s 124 of 13838 tx, mean 886 us, max 13.21 ms
           prune (49 blocks): prune_ms 15/27; fold 0.3 ms, lock 0.0 ms, remove(hold) 4.3 ms, free 0.0 ms; frames_swept 400; coalesced on 49 of 49; prune_wait_ms 0/0; pruner busy 3% of a thread, lock held by it 0.0%
  window 2: lock duty 4.0% (max 5.0); holds/5s 324; longest hold 18.03 ms median, 24.55 ms max by crates/n42/tx-queue/src/lib.rs:2046 (most frequent holders [('crates/n42/tx-queue/src/lib.rs:2046', 5), ('crates/n42/tx-queue/src/lib.rs:2692', 1)]); lock wait 136.6 ms/5s, longest 24.58 ms; drains/5s 104 of 15337 tx, mean 1216 us, max 18.13 ms
           prune (49 blocks): prune_ms 15/35; fold 0.3 ms, lock 0.0 ms, remove(hold) 4.8 ms, free 0.0 ms; frames_swept 400; coalesced on 49 of 49; prune_wait_ms 0/0; pruner busy 3% of a thread, lock held by it 0.0%
  window 3: lock duty 4.0% (max 5.0); holds/5s 316; longest hold 17.52 ms median, 19.45 ms max by crates/n42/tx-queue/src/lib.rs:2046 (most frequent holders [('crates/n42/tx-queue/src/lib.rs:2046', 4), ('crates/n42/tx-queue/src/lib.rs:2692', 2)]); lock wait 143.3 ms/5s, longest 18.36 ms; drains/5s 96 of 16580 tx, mean 1273 us, max 13.71 ms
           prune (48 blocks): prune_ms 16/33; fold 0.3 ms, lock 0.0 ms, remove(hold) 4.8 ms, free 0.0 ms; frames_swept 400; coalesced on 48 of 48; prune_wait_ms 0/0; pruner busy 3% of a thread, lock held by it 0.0%
== loop347WARMb: pruner (per block; busy = sum prune_ms / 30 s, lock = sum (remove_us + settle_us) / 30 s)
  window 1: 49 prunes; prune_ms 15/27; remove_us 4.3/9.6 ms; forget_us 2.7/3.6 ms; settle_us 1.8 ms; pruner busy 3% of a worker; lanes lock held for removal 1%
  window 2: 49 prunes; prune_ms 15/35; remove_us 4.8/16.6 ms; forget_us 2.7/3.4 ms; settle_us 1.9 ms; pruner busy 3% of a worker; lanes lock held for removal 2%
  window 3: 48 prunes; prune_ms 16/33; remove_us 4.8/15.6 ms; forget_us 2.9/3.6 ms; settle_us 1.9 ms; pruner busy 3% of a worker; lanes lock held for removal 2%
== loop347WARMb: seal start / pull, prepared plan, answer, chunked drain
  window 1: 48 builds; start_best_ms 1/10; start_walk_us 0/0; start_pull_ms 0/0; par_pull_ms 0/0; par_start_ms 1/10; par_ms 47/62; sealed_at_ms 38/55; pull_bulk_us 5/8; pull_bulk_txs 200000/200000; plan_age_us 601442/1193491; plan_prep_us 6406/14211; plan_topup_txs 0/0
           plan_ahead {'1': 48}; plan_discard {'': 48}
           answer: built-ahead bytes median/max 15,238/15,239, layout_only {'true': 48}; proposal sent bytes median/max 15,238/15,239, layout_only {'true': 48}
           drain: chunks/5s 114, chunk max 8,192 tx, finished by others/5s 4; plan_discards (last ingest line) -
  window 2: 50 builds; start_best_ms 0/9; start_walk_us 0/0; start_pull_ms 0/0; par_pull_ms 0/0; par_start_ms 0/9; par_ms 42/54; sealed_at_ms 32/53; pull_bulk_us 6/8; pull_bulk_txs 200000/200000; plan_age_us 607270/1192802; plan_prep_us 7637/12583; plan_topup_txs 0/0
           plan_ahead {'1': 50}; plan_discard {'': 50}
           answer: built-ahead bytes median/max 15,240/15,240, layout_only {'true': 50}; proposal sent bytes median/max 15,240/15,240, layout_only {'true': 49}
           drain: chunks/5s 94, chunk max 8,192 tx, finished by others/5s 4; plan_discards (last ingest line) -
  window 3: 48 builds; start_best_ms 1/10; start_walk_us 0/0; start_pull_ms 0/0; par_pull_ms 0/0; par_start_ms 1/10; par_ms 46/57; sealed_at_ms 36/55; pull_bulk_us 7/8; pull_bulk_txs 200000/200000; plan_age_us 607969/1193005; plan_prep_us 7514/11880; plan_topup_txs 0/0
           plan_ahead {'1': 48}; plan_discard {'': 48}
           answer: built-ahead bytes median/max 15,241/15,241, layout_only {'true': 48}; proposal sent bytes median/max 15,241/15,241, layout_only {'true': 48}
           drain: chunks/5s 86, chunk max 8,192 tx, finished by others/5s 4; plan_discards (last ingest line) -
== loop347WARMb: persistence per window (ms per block = part sum / blocks persisted)
  window 1: persisted 51 of 49 produced (104%); total 22.3, sf_tx 20.6, sf_rcpt 4.9, sf_acct 10.2, sf_send 9.2, scope 20.7, qmdb 6.3, post 0.0, pre 1.6, plain_rev 1.6, commit_sf 0.8, commit_mdbx 0.1, commit_rocks 0.1; longest task sf_tx 20.6; in-memory 8 -> 6 (max 8); RSS 10.1 -> 14.3 G; lag 8 -> 6 = -4.0 blocks/min; bp max 0
  window 2: persisted 48 of 49 produced (98%); total 27.6, sf_tx 25.3, sf_rcpt 6.5, sf_acct 12.6, sf_send 11.5, scope 25.4, qmdb 7.5, post 0.0, pre 2.2, plain_rev 2.2, commit_sf 1.0, commit_mdbx 0.1, commit_rocks 0.1; longest task sf_tx 25.3; in-memory 6 -> 7 (max 9); RSS 14.3 -> 15.2 G; lag 6 -> 7 = +2.0 blocks/min; bp max 0
  window 3: persisted 48 of 48 produced (100%); total 27.0, sf_tx 24.6, sf_rcpt 5.9, sf_acct 13.0, sf_send 11.8, scope 24.6, qmdb 6.7, post 0.0, pre 2.3, plain_rev 2.3, commit_sf 1.2, commit_mdbx 0.1, commit_rocks 0.1; longest task sf_tx 24.6; in-memory 7 -> 7 (max 8); RSS 15.2 -> 15.8 G; lag 7 -> 7 = +0.0 blocks/min; bp max 0
  leg end: in-memory 6, max over the sampler 9, backpressure stalls 0
== loop347WARMb: execution and root fields (median / p90 per block); over 166 full builds: rename_fallbacks total 0, rename_record_waits total 0, carried_depth values ['1']
    folded lines 48: pending_max max 84 (median 74); pending_us_max max 19,671; drops_max max 69135
    flags: seal_on_counters true:48; freeze_pool_own true:48; plan_body 1:48; prep_from_plan true:48; plan_ahead 1:48; seal per 1,000 transfers 0.193 ms
  window 1 (48 builds): on-CPU share 1.00/1.00; CPU per transfer 2.44/3.86 us; sealed_at_ms 38/55; par_exec_ms 17/26; par_fold_ms 16/26; index_ms 18/27; par_start_ms 1/10; gap_before_exec_ms 6/18; state_wait_us 5,761/18,563; parent_fields_ms 0/9; roots_ms 19/25; seal_to_fields_us 46,888/53,361; seal_to_complete_us 96,360/105,106; rename_fallbacks 0/0; rename_record_waits 0/0; carried_depth 1/1; plan_body_us 11,139/13,068; batch_max_ms 7/10; tx_root_ms 0/1; sealed_ms 1/10
    folded lines 50: pending_max max 85 (median 78); pending_us_max max 16,461; drops_max max 36113
    flags: seal_on_counters true:50; freeze_pool_own true:50; plan_body 1:50; prep_from_plan true:50; plan_ahead 1:50; seal per 1,000 transfers 0.162 ms
  window 2 (50 builds): on-CPU share 1.00/1.00; CPU per transfer 2.31/2.45 us; sealed_at_ms 32/53; par_exec_ms 16/17; par_fold_ms 10/17; index_ms 17/22; par_start_ms 0/9; gap_before_exec_ms 6/15; state_wait_us 6,266/14,628; parent_fields_ms 2/15; roots_ms 22/28; seal_to_fields_us 42,950/54,135; seal_to_complete_us 93,464/106,204; rename_fallbacks 0/0; rename_record_waits 0/0; carried_depth 1/1; plan_body_us 13,216/14,980; batch_max_ms 7/10; tx_root_ms 1/1; sealed_ms 3/15
    folded lines 48: pending_max max 84 (median 79); pending_us_max max 23,427; drops_max max 28346
    flags: seal_on_counters true:48; freeze_pool_own true:48; plan_body 1:48; prep_from_plan true:48; plan_ahead 1:48; seal per 1,000 transfers 0.180 ms
  window 3 (48 builds): on-CPU share 1.00/1.00; CPU per transfer 2.38/2.51 us; sealed_at_ms 36/55; par_exec_ms 16/17; par_fold_ms 14/19; index_ms 19/27; par_start_ms 1/10; gap_before_exec_ms 7/17; state_wait_us 6,660/17,113; parent_fields_ms 4/15; roots_ms 24/29; seal_to_fields_us 49,066/56,549; seal_to_complete_us 97,805/107,998; rename_fallbacks 0/0; rename_record_waits 0/0; carried_depth 1/1; plan_body_us 14,784/18,722; batch_max_ms 6/7; tx_root_ms 0/1; sealed_ms 4/15
== loop347WARMb: 269 proposals; proposal -> quorum (leader's commit) median 10.7 / p90 11.1 / max 27.6 ms; proposal interval median 617.3 / p90 622.4 ms; TC formed lines 3; leader views timed out 3; ParentUnknown lines 0
no busy samples
== loop347WARMb: 146 full builds in the 3 windows
  par_exec_ms 17/20; par_run_ms 26/33; batch_start_skew_ms 13/16; batch_median_ms 3/4; batch_max_ms 7/9; batch_first_start_us 82/161; batch_last_start_us 13444/16266; batch_dispatch_us 224/299; batch_last_end_us 16983/20409; batches 128/128; batch_threads 32/32; batch_txs_max 2000/2000; batch_txs_min 1500/1500; start_walk_ms 0/0; start_walk_check_ms 0/0; par_start_ms 0/10; sealed_at_ms 38/53; prev_seal_to_answer_us 1590/2857; prev_seal_to_entry_us 0/0; prev_seal_to_header_us 220/304; prev_seal_to_import_us 562128/1163231; prev_seal_to_request_us 562670/1163233; prev_seal_to_start_us 563052/1163625; start_walk_check_us 0/0; start_walk_ids_us 0/0; start_walk_settle_us 0/0; start_walk_us 0/0
  one_wave {'false': 146}
  batches == batch_threads on 0 of 146 builds
  last - first batch start (ms) median/p90 13.35/16.20; under 2 ms on 0 of 146 builds
bodygate loop347WARMb: invalid_blocks=0 gas_mismatch=0 fields_mismatches=0 own_not_committed=0 proposals_given_up=0
leg loop347K7: /data free 626G (needs 120 G)
plan loop347K7: exit 0 (7 validators, 1 layer(s)): # validators 7, execution layers 1, 208 CPUs a layer, import-once 1, shared 1; # validators : 16 CPUs set aside, taskset -c 104-111,232-239; # fleet    : 7 nodes, quorum 5 of 7 (f = 2); 0 refusals
leg loop347K7 start 23:54:58 load 5.61
round loop347K7 exit 0 at 23:57:49
loop347K7 save stages (node0, seconds summed over the leg / count): batch_size=1916.0/622  batch_size=1916.0/622  reth_consensus_engine_beacon_persistence_duration=58.1/622  duration_seconds=53.4/622  total=49.2/622  scope=44.7/622  sf=43.3/622  sf_transactions=43.1/622  qmdb_persisted=22.6/622  sf_account_changesets=19.6/622
el binary: /data/n42-build/target-n42-rs/native/release/n42 env: N42_IMPORT_ONCE=1 N42_SETTLEMENT_TAGS=legacy N42_BUILD_THROTTLE_SOFT=48 F7_EL_MAP=0,0,0,0,0,0,0 N42_FIELDS_AT_SEAL=1 N42_FREEZE_AFTER_SEAL=1 N42_FRAME_BLOCKS=1 N42_TX_INGEST_RECOVER_PARALLEL=24 N42_FREEZE_POOL=own N42_PARALLEL_BUILD_THREADS=32 N42_PLAN_AHEAD=1 N42_HASHED_TABLES=off F7_FLOOD_RATE=6000000 N42_COMPACT_BODY=1 N42_BUILD_BATCHES=128 MALLOC_CONF=thp:always,oversize_threshold:0,dirty_decay_ms:2000,background_thread:true N42_SEAL_ON_COUNTERS=1 N42_ACCOUNT_HISTORY=off N42_TAKE_COMPACT=1 N42_SF_EARLY_WRITEBACK=1 N42_ROAD_RUNTIME=1 N42_TX_INGEST_HIGH_WATER=2500000 F7_BENCH_POOL_SLOTS=3000000 N42_PLAN_AHEAD_BODY=1 N42_SEAL_AT_EXEC=1 N42_TX_QUEUE_DRAIN_CHUNK=8192 N42_ANSWER_LAYOUT_ONLY=1 N42_PULL_BY_FRAMES=1 N42_SF_PARALLEL_ENCODE=1 N42_BUILD_THROTTLE_HARD=80 N42_LIVE_INDEX_DEFER=1 RAYON_NUM_THREADS=16 F7_VAL_CPUS=16 N42_ROOT_OPS_AHEAD=1 TOKIO_WORKER_THREADS=16 N42_QMDB_READS=on N42_LEADER_LAYERS=3 N42_PERSIST_QMDB_IN_SCOPE=1 F7_BLOCK_INTERVAL_MS=60 F7_MEASURE_FROM_LOG=1
validator env: N42_IMPORT_ONCE=1 N42_SETTLEMENT_TAGS=legacy N42_BUILD_THROTTLE_SOFT=48 F7_EL_MAP=0,0,0,0,0,0,0 N42_FIELDS_AT_SEAL=1 N42_FREEZE_AFTER_SEAL=1 N42_FRAME_BLOCKS=1 N42_TX_INGEST_RECOVER_PARALLEL=24 N42_FREEZE_POOL=own N42_PARALLEL_BUILD_THREADS=32 N42_PLAN_AHEAD=1 N42_HASHED_TABLES=off F7_FLOOD_RATE=6000000 N42_COMPACT_BODY=1 N42_BUILD_BATCHES=128 N42_SEAL_ON_COUNTERS=1 N42_ACCOUNT_HISTORY=off N42_TAKE_COMPACT=1 N42_SF_EARLY_WRITEBACK=1 N42_ROAD_RUNTIME=1 N42_TX_INGEST_HIGH_WATER=2500000 F7_BENCH_POOL_SLOTS=3000000 N42_PLAN_AHEAD_BODY=1 N42_SEAL_AT_EXEC=1 N42_TX_QUEUE_DRAIN_CHUNK=8192 N42_ANSWER_LAYOUT_ONLY=1 N42_PULL_BY_FRAMES=1 N42_SF_PARALLEL_ENCODE=1 N42_BUILD_THROTTLE_HARD=80 N42_LIVE_INDEX_DEFER=1 RAYON_NUM_THREADS=16 F7_VAL_CPUS=16 N42_ROOT_OPS_AHEAD=1 TOKIO_WORKER_THREADS=16 N42_QMDB_READS=on N42_LEADER_LAYERS=3 N42_PERSIST_QMDB_IN_SCOPE=1 F7_MEASURE_FROM_LOG=1
loop347K7 once: start-up lines import_once=true 1; last direct-import counters 
loop347K7 imports: layers=1 direct_imports=0 canonical_blocks=3966 import_once_lines=1 (per layer: direct imports should equal canonical blocks for one execution per block)
grep: /data/blockchain/rust-fleet7-bench/node1/el.log: No such file or directory
grep: /data/blockchain/rust-fleet7-bench/node2/el.log: No such file or directory
grep: /data/blockchain/rust-fleet7-bench/node3/el.log: No such file or directory
grep: /data/blockchain/rust-fleet7-bench/node1/el.log: No such file or directory
grep: /data/blockchain/rust-fleet7-bench/node2/el.log: No such file or directory
grep: /data/blockchain/rust-fleet7-bench/node3/el.log: No such file or directory
cat: /data/blockchain/rust-fleet7-bench/node2/el.log: No such file or directory
cat: /data/blockchain/rust-fleet7-bench/node2/el.log: No such file or directory
cat: /data/blockchain/rust-fleet7-bench/node2/el.log: No such file or directory
cat: /data/blockchain/rust-fleet7-bench/node1/el.log: No such file or directory
cat: /data/blockchain/rust-fleet7-bench/node2/el.log: No such file or directory
cat: /data/blockchain/rust-fleet7-bench/node3/el.log: No such file or directory
Traceback (most recent call last):
  File [35m"<stdin>"[0m, line [35m4[0m, in [35m<module>[0m
[1;35mIndexError[0m: [35mlist index out of range[0m
loop347K7 no_variant=0 own_not_committed=0 tc=1 invalid_blocks=0 incomplete=0 gas_mismatch=0 direct_imports_failed=0 stuck_at_hashed_state=0 engine_idles_over_5s=1 proposals_given_up=0 tables_off_nodes=1 unanswered_reads=0 seal_first_total=1439 seal_first_direct=1439 direct_guard_errors=0 commit_ms_median=0 fold_ms_median=8 sealed_at_ms_median=52 state_ready_ms_median=93 build_total_ms_median=168 recover_us_median=0 par_exec_ms_median=22 par_exec_ms_median=22 giveback_filtered=0 giveback_offered_max=200000 seal_first=1439 reader_lag_max=10 reader_lag_warns=0 view_invalidated=0 el_sum_peak_g=40.7 el_max_peak_g=40.7 val_sum_peak_g=1.9 flood_peak_g=0.6 two_roads_blocks=0 two_roads_overlap_ms_median=- exec_on_output_declined=0 r1_collect_ms_median=5 proposal_at_ms_median=50 view_total_ms_median=61 import_exec_ms_median=- import_total_ms_median=- import_senders_ms_median=- import_convert_ms_median=- import_groups_median=- imports_over_600ms=0 min_avail_g=74.1 road_foreign_body_recv_ms=- road_foreign_body_decode_ms=- road_foreign_body_senders_ms=- road_foreign_body_parent_wait_ms=- road_foreign_body_check_ms=- road_foreign_body_total_ms=- road_new_payload_recv_ms=- road_new_payload_decode_ms=- road_new_payload_senders_ms=- road_new_payload_parent_wait_ms=- road_new_payload_check_ms=- road_new_payload_total_ms=- road_foreign_body_blocks=0 road_new_payload_blocks=0 fcu_answered=1825 fcu_in_flight_ms_median=0 fcu_queued_ms_median=0 fcu_queued_ms_max=96 fcu_refused=0 fcu_slow=2571 bodies_held=0 road_reuse_ms=- road_prepare_ms=- road_dispatch_ms=- road_convert_ms=- road_remember_ms=- road_header_ms=- road_fields_ms=- road_other_ms=- import_engine_ms_median=- gate_forced=0 gate_warns=0 flood_timeouts=0 canonical_min=4018 canonical_max=4018 chained_builds=2492 chain_lead_ms_median=57 chain_wait_ms_median=0 chain_started=2495 chain_discarded=2 chain_discard_reasons=_1_reason="no_,_1_reason="the_execution_layer_produced_nothing,_1_reason="the_request_names_another_parent chain_alias_warns=0 el_chained=2514 bodies_held_warns=0 el_build_refused=2 el_build_refused_reasons=_2_no_QMDB_tree_for_parent_block_0x queued_p5=2317000 queued_p50=2463000 road_compact_blocks=0 road_compact_recv_ms=- road_compact_assemble_ms=- road_compact_root_ms=- road_compact_miss_wait_ms=- road_compact_senders_ms=- road_compact_check_ms=- road_compact_other_ms=- road_compact_total_ms=- road_compact_misses_total= compact_refused_el=0 compact_fallbacks=0 compact_bytes_median=- pool_order9=14231 par_pull_ms_median=0 build_total_ms_median2=54 road_compact_filled_blocks=0 road_compact_filled_median=- road_compact_fill_ms_median=- need_txns=0 fill_failed=0 ingest_rate_gate_open_median=- ingest_gate_open_intervals=0 ingest_slots_busy_median=- flood_rate= fill_asked_proposer=0 fill_asked_other=0 loop_lines=3163 loop_unnamed_ms_median=48 loop_body_served_ms_median=- loop_txns_served_ms_median=- import_exec_ms_median2=- pip_partition_ms=- pip_env_ms=- pip_batch_ms=- pip_groups_ms=- pip_gas_ms=- pip_merge_ms=- pip_receipts_ms=- pip_drop_ms=- pip_other_ms=- pip_total_ms=- senders_indexed_median=- road_senders_ms_median=- road_total_ms_median=- pew_ms_median=- pew_ms_p90= gate_ms_median=- gate_ms_p90= root_ms_p50=- root_ms_p90= two_roads=0 not_on_output=0 not_on_output_why= ckpt_ms_first_q=2 ckpt_ms_last_q=58 ckpt_bytes_last=34268060 parent_still_importing=19 root_wait_ms_p50=- root_wait_ms_p90= tenures_low_seal=23 seal_first_share=0.99 empty_over_deep=0 near_empty_warns=0 no_seal_why= par_skipped_median=- usable_p5=2315500 ckpt_replay_ms_last_q=15 candidates_zero=0 dropped_ingest=0 let_go_warns=0 let_go_reasons= parked_p50=0 parked_max=0 held_warns=0 park_capped_total=0 superseded_builds=0 empty_not_superseded=0 mass_park_warns=0 heads_lines=0 holes_lines=0 stale_parent_refusals=0 par_groups_p5=0 cancelled_decided=1 heads_nonce0=0 stale_unconfirmed= handovers=19 el_panics=0 decided_cancelled=1 min_window_blocks=455 road_desc_blocks=0 road_desc_total_ms=- road_desc_copy_ms=- desc_misses=0 fill_failed2=0 sf_par_collect_ms=0 sf_par_commit_ms=0 sf_par_fold_ms=8 sf_par_graft_ms=0 sf_par_prefault_ms=0 sf_par_exec_ms=22 sf_sealed_at_ms=52 sf_roots_ms=31 sf_state_ready_ms=93 sf_total_ms=168 ba_find_ms=0 ba_queue_ms=0 ba_total_ms=54 ba_on_output=1439 queue_fold_us=0 queue_lock_us=142 sf_par_exec_ms=22 sf_par_fold_ms=8 pip_groups_ms=- import_exec_ms_median2=- reads_d0=0 reads_hist=0 f_reads_d0=- f_reads_hist=- f_overlay_depth=- L_read_set_ms=0 read_set_accounts=0 read_set_unresolved=0 read_set_hits=0 read_set_misses=0 start_best_ms=- par_prep_ms=- gap_before_exec_ms=- gap_after_exec_ms=- gap_before_seal_ms=- index_ms=- road_copy_aside_ms=- road_copy_wait_ms=- road_total_ms=- queue_first_miss=queue_first_miss=0:2516,queue_first_miss=18446744073709551615:1450 root_append_behind=0 populate_lag_mb=0 swap_used_g=0 root_faults=- root_faults_p90= root_faults_entries=0 root_faults_offsets=0 root_faults_index=0 root_faults_bits=0 root_faults_twigs=0 root_faults_undo=0 root_faults_tmp=0 root_append_faults=6 root_twig_pool_misses=0 batch_max_ms=9 batch_min_ms=2 batch_median_ms=4 batch_cpu_max_ms=8 batch_txs_max=2000 batch_txs_min=1500 batch_start_skew_ms=16 batch_wait_ms=0 loop_fetch_ns=0 loop_check_ns=0 loop_transfer_ns=0 loop_receipt_ns=0 loop_gas_ns=0 loop_sink_ns=0 loop_other_ns=0 batch_setup_ns=0 batch_close_ns=0 imp_exec_part_ms=- imp_exec_batches_ms=- imp_exec_graft_ms=- imp_exec_batches=- imp_exec_threads=- imp_exec_batch_max_ms=- imp_exec_batch_median_ms=- imp_parent_output_wait_ms=- road_parent_output_wait_ms=- next_start_gap_ms=1 next_entry_gap_ms=0 commit_body_ahead_used=- imp_exec_keys_ms=- imp_keys_ahead=- imp_exec_sink_ms=- imp_exec_pre_ms=- imp_exec_post_ms=- imp_exec_receipts_ms=- imp_exec_drop_ms=- root_gap_ms=- queue_whole=queue_whole=false:2517,queue_whole=true:1449 tick_tick_late_us=966 tick_preamble_us=340 tick_take_sealed_us=1 tick_sign_us=0 tick_cache_us=0 tick_presealed=- tick_describe_us=10 tick_publish_us=597 tick_tick_to_send_us=1982 road_check_ms=- road_check_include_us=- road_check_scan_us=- road_check_fold_us=- road_check_senders_us=- road_check_frames_summarized=- road_check_frames_scanned=- imp_exec_start_gap_us=- imp_gap_road_us=- imp_gap_header_us=- imp_gap_senders_us=- imp_gap_parent_us=- imp_gap_setup_us=- imp_gap_keys_wait_us=- sealed_at_p90= sealed_over_130=0 roots_ms=- cycle_p90= batch_max_ms=- batch_median_ms=- imp_batch_max=- forest_lock_warns=1448 root_seal_ms=1 root_seals=39 root_majflt=8589 roots_p90= gp_layer=1448 ggp_missing=320 state_wait_split=0/0/0/0:449,9/0/0/0:74,7/0/0/0:74 qmdb_releases=0 state_wait_on= imp_road_end_ms=- imp_exec_start_ms=- imp_exec_end_ms=- imp_root_end_ms=- imp_fields_ready_ms=- imp_parent_fields_wait_ms=- imp_exec_ms=- imp_root_ms=- imp_checks_ms=- imp_engine_ms=- imp_total_ms=- road_parent_fields_wait_ms=- exec_read_ms=0 L_exec_evm_ms=0 L_exec_write_ms=0 L_exec_other_ms=0 L_reads_cache=0 L_reads_provider=0 L_reads_view=0 L_graft_base_ms=0 L_graft_reserve_ms=0 L_graft_insert_ms=0 L_graft_reverts_ms=0 L_graft_other_ms=0 L_par_exec_ms=22 L_par_graft_ms=0 F_exec_read_ms=- F_exec_evm_ms=- F_exec_write_ms=- F_exec_other_ms=- F_reads_cache=- F_reads_provider=- F_reads_view=- F_groups_ms=- L_tx_root_wait_ms=0 L_par_exec_ms=22 L_par_graft_ms=0 L_par_fold_ms=8 L_sealed_ms=6 L_state_ready_ms=93 L_roots_ms=31 L_finish_ms=102 L_total_ms=168 L_setup_ms=0 L_par_pull_ms=0 L_give_back_ms=0 L_state_wait_ms=7 L_state_after_pull=1439 L_seal_at_exec=1439 L_tx_root_ahead=0 flood_w1=3119216 txs_p10=200000 acq_us=468 slots_busy=13 ingest_rate=3113453 L_scope_join_ms=0 L_par_release_ms=0 L_commit_body_ms=0 L_par_commit_ms=0 L_give_back_ms=0 L_sealed_ms=6 L_par_exec_ms=22 L_state_wait_ms=7 L_par_pull_ms=0 L_par_prep_ms=0 L_par_start_ms=3 L_pre_exec_ms=0 L_par_run_ms=30 L_sealed_at_ms=52 F_partition_ms=- F_env_ms=- F_groups_ms=- F_merge_ms=- F_reverts_wait_ms=- F_ahead_wait_ms=- F_total_ms=- I_engine_ms=- I_root_ms=- I_total_ms=- H_engine_remember_ms=- H_engine_listing_ms=- H_engine_new_payload_ms=- busy_us=1 L_par_start_ms=3 L_start_handoff_ms=0 L_start_best_ms=3 L_start_puller_ms=0 L_par_pull_ms=0 L_par_prep_ms=0 L_state_wait_ms=7 L_par_exec_ms=22 L_par_commit_ms=0 L_sealed_ms=6 L_sealed_at_ms=52 L_par_graft_ms=0 L_graft_insert_ms=0 L_graft_reverts_ms=0 L_graft_split_us=0 L_graft_build_us=0 L_graft_merge_us=0 L_state_ready_ms=93 Q_queue_ms=0 R_dispatch_wait_ms=- R_total_ms=- R_road_runtime=1 gate_holds=0 peer_fetch=0 pool_limit=limit=4 gate_opened=gate_opened_for_block=0 I_root_ms=- flood_rate_hdr=rate=6000000/s fills=0 fill_waited=- slots_busy=13 acq_us=468 busy_us=1 converged=0 fallbacks=0 busy_us=1 recover_us=0 tf_on_output=3 tf_fallback=0 still_importing=19 busy_us=1 slots_busy=13 batches=altsig_txs=0 altsig_batches=0 tf_on_output=3 tf_fallback=0 gate_holds=0 sign_s=sign 0s replay_note=replay       : 64 files from /data/n42-pregen/g900000-400m, 400000000 transactio sign_s=sign 0s shard=shard_verified=0 shard_claimed=0 road_verified=- slots_busy=13 gate_us=7262 reply_us=7842 queued=2463000 assemble_ms=- road_take_ms=- road_body_ms=- road_encode_ms=- shards=16 shard_insert_ms=0 shard_wait_ms=0 shard_fold_ms=13 shard_append_ms=16 shard_merge_ms=57 state_ready_ms=93 roots_ms=31 exec_read_ms=0 exec_evm_ms=0 exec_write_ms=0 exec_other_ms=0 reads_cache=0 reads_provider=0 reads_view=0 par_run_ms=30 fold_task_cpu_max_us=13128 fold_task_minflt_max=1 fold_task_minflt_sum=1 fold_task_migrated=0 fold_task_nivcsw_max=0 fold_index=1 fold_index_build_ms=13 fold_index_conflicts=8520 fold_queue_us=60 fold_skew_us=37 fold_task_max_us=13126 fold_tail_us=18 start_best_ms=3 start_select_ms=0 start_walk_ms=0 start_walk_check_ms=0 start_best_other_ms=0 start_frames_by_ref=0 start_frames_slow=0 start_pull_ms=0 start_other_ms=0 start_handoff_ms=0 par_start_ms=3 par_prep_ms=0 par_commit_ms=0 commit_body_ms=0 par_fold_ms=8 sealed_ms=6 copy_ms=- prune_ms=0 frames=- frames_missing=- frame_root_ms=- root_ms=- frames_admitted=frames_admitted=575101 frames_unaligned=0 frame_root_indexed=- seal_layout_ms=0 seal_root_ms=0 attested= busy_us=1 slots_busy=13 reply_us=7842 prune_ms=0 body_refused=0 body_failed_late=0
loop347K7 win1 tps=3,120,000 txs=93,600,000 blocks= 468 cycle=0.064s occupancy= 99.8% full(>=95%)=467/468 basefee=n/a (from the layer's log)
loop347K7 win2 tps=3,146,667 txs=94,400,000 blocks= 472 cycle=0.064s occupancy=100.0% full(>=95%)=472/472 basefee=n/a (from the layer's log)
loop347K7 win3 tps=3,033,333 txs=91,000,000 blocks= 455 cycle=0.066s occupancy=100.0% full(>=95%)=455/455 basefee=n/a (from the layer's log)
loop347K7 tps=3,120,000 round_txs=279000000 cycles_w1=
loop347K7 imp_fields_p90= b_p75=6
loop347K7 overlay: filter_skips=0 probes=0 ratio=- (ratio = skips/(skips+probes))
loop347K7 overlay_manager:       1 state_trie_overlay=false  state-ovly_cpu=0
loop347K7 verify: written to /data/blockchain/rust-fleet7-bench/bench-loop347K7/verify.json
== many-keys report loop347K7
== loop347K7: 7 validator logs, f=2, quorum 5
1. the leaders' commit lines
  R1_collect (proposal -> prepare QC): n=4295 p50 5.0 p90 31.0 p99 83.0 max 132.0 ms
  R2_collect (prepare QC -> commit QC): n=4295 p50 5.0 p90 6.0 p99 12.0 max 16.0 ms
  total (proposal -> commit): n=4295 p50 61.0 p90 75.0 p99 136.0 max 342.0 ms
  votes at formation: R1 median 5 max 5 (quorum 5); R2 median 5 max 5
2. vote collection at the traced leaders (first vote -> quorum -> last vote)
 R1 (vote), 3071 views:
    proposal -> first vote: n=3071 p50 2.2 p90 36.8 p99 85.4 max 129.1 ms
    first vote -> quorum: n=3070 p50 2.2 p90 2.3 p99 2.7 max 6.1 ms
    quorum -> last vote: n=3070 p50 1.8 p90 2.0 p99 7.6 max 9.2 ms
    proposal -> last vote (the slowest key): n=3071 p50 6.3 p90 41.3 p99 90.0 max 133.2 ms
   views with fewer than 6 votes received: 1
 R2 (commit_vote), 3070 views:
    proposal -> first vote: n=3070 p50 8.2 p90 43.4 p99 92.0 max 135.3 ms
    first vote -> quorum: n=3070 p50 2.2 p90 2.3 p99 2.5 max 6.8 ms
    quorum -> last vote: n=3070 p50 0.9 p90 0.9 p99 1.1 max 7.4 ms
    proposal -> last vote (the slowest key): n=3070 p50 11.3 p90 46.5 p99 95.1 max 138.4 ms
   views with fewer than 6 votes received: 0
3. the straggler rule and the loop
  proposal interval (same leader, consecutive views): n=4291 p50 61.4 p90 62.3 p99 97.4 max 6034.0 ms; >= 500 ms: 1
  no `slow step` lines
4. gossip propagation (proposal sent -> received at a traced follower)
    proposal arrival delay: n=9816 p50 0.2 p90 0.2 p99 0.8 max 11.9 ms
5. validators
validators n=7: cpu total 1.20 cores, per key mean 0.172 median 0.153 max 0.211 (key 1) min 0.152; rss per key peak mean 0.274 max 0.275 G, sum of peaks 1.9 G; threads per key mean 43, total 301
libp2p connections (last census of 5): 44 in all (a full mesh of 7 is 21); sockets per process min 6 median 7 max 7
== loop347K7  (E=1: seven validator keys on one execution layer)
  window 1: canonical 468 blocks, 93.6M tx = 3,120,000/s (100.0% of window 1), full 467/468 (100%); cycle mean/median/p90 64.1/61.4/70.9 ms
    leader builds 468: sealed_at median/p90/p99 51/76/103; phases median/p90 ms: gap_before_exec 8/53, state_wait 8/53, par 52/88, par_exec 22/27, roots 30/42, parent_fields 3/19, sealed 4/20
    state_wait_on {'output': 230, 'grandparent': 109, 'none': 129}; builds with state_wait > 20 ms: 120 ([('grandparent', 100), ('output', 20)]); gp_layer {1.0: 468}, ggp_missing {0.0: 354, 1.0: 114}
    queue at the builds min/median 1,586,500/2,516,500
    new field batch_cpu_sum_us: median/p90/max 596196.5/740580.0/1495709, nonzero 468
    new field batch_dispatch_us: median/p90/max 219.0/312.0/787, nonzero 468
    new field batch_first_start_us: median/p90/max 80.0/123.0/206, nonzero 468
    new field batch_ivcsw: median/p90/max 1.0/7.0/27, nonzero 287
    new field batch_last_end_us: median/p90/max 21906.0/27506.0/53341, nonzero 468
    new field batch_last_start_us: median/p90/max 16808.5/21047.0/42337, nonzero 468
    new field batch_live_deferred: median/p90/max 73.0/80.0/88, nonzero 468
    new field batch_live_lock_hold_us: median/p90/max 10319.5/12129.0/15536, nonzero 468
    new field batch_live_lock_wait_us: median/p90/max 0.0/0.0/0, nonzero 0
    new field batch_live_lock_waits: median/p90/max 0.0/0.0/0, nonzero 0
    new field batch_majflt: median/p90/max 0.0/0.0/0, nonzero 0
    new field batch_minflt: median/p90/max 748.5/9249.0/27958, nonzero 468
    new field batch_open_max_us: median/p90/max 419.0/515.0/3401, nonzero 468
    new field batch_open_sum_us: median/p90/max 10308.5/12818.0/15987, nonzero 468
    new field batch_threads: median/p90/max 32.0/32.0/32, nonzero 468
    new field batch_vcsw: median/p90/max 166.0/510.0/877, nonzero 468
    new field batch_view_index_wait_us: median/p90/max 0.0/22570.0/51717, nonzero 117
    new field batch_view_index_waits: median/p90/max 0.0/283.0/595, nonzero 118
    new field batch_view_slot_wait_us: median/p90/max 0.0/2203.0/4591, nonzero 121
    new field batch_view_slot_waits: median/p90/max 0.0/58.0/138, nonzero 121
    new field batch_wall_sum_us: median/p90/max 608517.5/758164.0/1497355, nonzero 468
    new field batches: median/p90/max 128.0/128.0/128, nonzero 468
    new field build_batches: median/p90/max 128.0/128.0/128, nonzero 468
    new field carried_depth: median/p90/max 1.0/1.0/1, nonzero 468
    new field exec_end_to_seal_us: median/p90/max 88.0/133.0/325, nonzero 468
    new field exec_partition_us: median/p90/max 6.0/8.0/1256, nonzero 468
    new field exec_prepared_groups: {'true': 463, 'false': 5}
    new field exec_prepared_slots: {'true': 463, 'false': 5}
    new field exec_slots_us: median/p90/max 0.0/0.0/1939, nonzero 6
    new field freeze_join_wait_us: median/p90/max 9315.5/17147.0/29128, nonzero 468
    new field freeze_late: {'true': 468}
    new field freeze_pool_own: {'true': 468}
    new field live_index_defer: {'true': 468}
    new field merge_accounts: median/p90/max 191541.5/194671.0/199129, nonzero 468
    new field merge_append_us: median/p90/max 3552.0/6899.0/12043, nonzero 468
    new field merge_reverts: median/p90/max 191541.5/194671.0/199129, nonzero 468
    new field merge_reverts_us: median/p90/max 15168.0/20144.0/29787, nonzero 468
    new field merge_state_us: median/p90/max 36967.0/44183.0/73393, nonzero 468
    new field merge_tail_us: median/p90/max 0.0/0.0/2, nonzero 4
    new field merge_threads: median/p90/max 1.0/1.0/1, nonzero 468
    new field one_wave: {'false': 468}
    new field open_engine_us: median/p90/max 0.0/40260.0/78292, nonzero 114
    new field open_fallback: {'false': 354, 'true': 114}
    new field open_keep_us: median/p90/max 6.0/9.0/30, nonzero 468
    new field open_kept_accounts: median/p90/max 574315.0/581190.0/586761, nonzero 468
    new field open_layers: median/p90/max 3.0/3.0/3, nonzero 468
    new field open_provider_us: median/p90/max 90.0/143.0/426, nonzero 468
    new field plan_age_us: median/p90/max 49080.5/99330.0/165107, nonzero 468
    new field plan_ahead: median/p90/max 1.0/1.0/1, nonzero 468
    new field plan_body: median/p90/max 1.0/1.0/2, nonzero 468
    new field plan_body_us: median/p90/max 13976.5/18599.0/24271, nonzero 463
    new field plan_discard: {'': 468}
    new field plan_prep_us: median/p90/max 6919.5/13039.0/27508, nonzero 468
    new field plan_topup_txs: median/p90/max 0.0/0.0/0, nonzero 0
    new field prep_from_plan: {'true': 463, 'false': 5}
    new field prev_seal_to_answer_us: median/p90/max 1726.5/3118.0/6573, nonzero 468
    new field prev_seal_to_entry_us: median/p90/max 0.0/0.0/0, nonzero 0
    new field prev_seal_to_header_us: median/p90/max 209.0/334.0/546, nonzero 468
    new field prev_seal_to_import_us: median/p90/max 113356.5/149708.0/197257, nonzero 423
    new field prev_seal_to_request_us: median/p90/max 958.0/64811.0/82965, nonzero 468
    new field prev_seal_to_start_us: median/p90/max 1216.5/65067.0/83215, nonzero 468
    new field pull_bulk_txs: median/p90/max 200000.0/200000.0/200000, nonzero 468
    new field pull_bulk_us: median/p90/max 5.0/9.0/1186, nonzero 468
    new field rename_fallbacks: median/p90/max 0.0/0.0/0, nonzero 0
    new field rename_record_waits: median/p90/max 0.0/0.0/0, nonzero 0
    new field root_apply_gap_us: median/p90/max 10.0/12.0/37, nonzero 468
    new field root_apply_total_us: median/p90/max 20562.0/28128.0/51350, nonzero 468
    new field root_compute_us: median/p90/max 22686.0/31596.0/53585, nonzero 468
    new field root_delta_us: median/p90/max 1200.0/3920.0/12519, nonzero 468
    new field root_index_us: median/p90/max 2769.0/5304.0/13638, nonzero 468
    new field root_leaves_us: median/p90/max 6841.5/11212.0/32657, nonzero 468
    new field root_note_us: median/p90/max 148.0/205.0/1646, nonzero 468
    new field root_ops_ahead: {'true': 468}
    new field root_ops_ahead_wait_us: median/p90/max 3308.5/9471.0/22004, nonzero 468
    new field root_ops_concat_us: median/p90/max 0.0/0.0/0, nonzero 0
    new field root_ops_encode_us: median/p90/max 5658.5/9002.0/19301, nonzero 468
    new field root_ops_finish_us: median/p90/max 2296.5/2927.0/7710, nonzero 468
    new field root_ops_sort_us: median/p90/max 3167.5/7183.0/20796, nonzero 468
    new field root_ops_us: median/p90/max 5553.0/12000.0/24399, nonzero 468
    new field root_rehash_us: median/p90/max 1379.0/1776.0/12246, nonzero 468
    new field root_retire_us: median/p90/max 1534.0/2569.0/5800, nonzero 468
    new field root_sort_us: median/p90/max 165.5/337.0/2771, nonzero 468
    new field root_undo_us: median/p90/max 351.5/692.0/2835, nonzero 468
    new field root_writes_us: median/p90/max 6731.0/9538.0/21338, nonzero 468
    new field seal_hashes_ahead: {'true': 468}
    new field seal_on_counters: {'true': 468}
    new field seal_to_complete_us: median/p90/max 105871.5/123149.0/153455, nonzero 468
    new field seal_to_frozen_us: median/p90/max 9279.5/17117.0/29120, nonzero 359
    new field seal_to_merge_end_us: median/p90/max 105780.0/123054.0/153351, nonzero 468
    new field seal_to_merge_start_us: median/p90/max 49211.5/61743.0/80636, nonzero 468
    new field seal_to_ops_ahead_us: median/p90/max 21184.0/31030.0/46026, nonzero 468
    new field seal_to_state_ready_us: median/p90/max 105785.5/123064.0/153359, nonzero 468
    new field sealed_unix_us: median/p90/max 1791431788172819.0/1791431800087904.0/1791431803000102, nonzero 468
    new field start_walk_check_us: median/p90/max 0.0/0.0/0, nonzero 0
    new field start_walk_ids_us: median/p90/max 0.0/0.0/0, nonzero 0
    new field start_walk_settle_us: median/p90/max 0.0/0.0/0, nonzero 0
    new field start_walk_us: median/p90/max 0.0/0.0/0, nonzero 0
    new field state_wait_us: median/p90/max 8593.5/53319.0/92786, nonzero 468
    new field view_journal_reads: median/p90/max 0.0/77824.0/147456, nonzero 228
    new field view_journal_searches: median/p90/max 0.0/226909.0/401951, nonzero 228
    new field view_journal_skips: median/p90/max 0.0/0.0/0, nonzero 0
    new field whole_take_noted: {'true': 468}
    binding wait (tick / quorum / seal share, mean cycle): tick 97% (63); quorum 1% (116); seal 1% (77); feed-bound (blocks under 95% of the tier): 1 of 468
    slowest key vote delay median/p90 8.4/58.0 ms
    engine own-import total_ms per block median/p90/max 38/59/83 (n=467)
    layer RSS 4.8 -> 26.5 G (max 26.5), in-memory blocks max 11
    execution layer cores busy 34.5    validators cores busy 1.2
    flood delivered (median per 5 s over the leg) 3,112,826/s
  window 2: canonical 472 blocks, 94.4M tx = 3,146,667/s (100.9% of window 1), full 472/472 (100%); cycle mean/median/p90 62.2/61.4/66.6 ms
    leader builds 474: sealed_at median/p90/p99 49/70/109; phases median/p90 ms: gap_before_exec 5/38, state_wait 5/38, par 49/74, par_exec 22/27, roots 32/43, parent_fields 6/20, sealed 7/21
    state_wait_on {'output': 220, 'none': 172, 'grandparent': 81, 'layer_release': 1}; builds with state_wait > 20 ms: 73 ([('grandparent', 64), ('output', 9)]); gp_layer {1.0: 474}, ggp_missing {0.0: 389, 1.0: 85}
    queue at the builds min/median 2,263,000/2,515,500
    new field batch_cpu_sum_us: median/p90/max 604994.5/729210.0/1415046, nonzero 474
    new field batch_dispatch_us: median/p90/max 222.5/319.0/1047, nonzero 474
    new field batch_first_start_us: median/p90/max 76.0/128.0/255, nonzero 474
    new field batch_ivcsw: median/p90/max 1.0/7.0/35, nonzero 290
    new field batch_last_end_us: median/p90/max 22249.5/27432.0/52051, nonzero 474
    new field batch_last_start_us: median/p90/max 17025.5/20804.0/40897, nonzero 474
    new field batch_live_deferred: median/p90/max 73.0/79.0/178, nonzero 474
    new field batch_live_lock_hold_us: median/p90/max 10659.0/12759.0/25148, nonzero 474
    new field batch_live_lock_wait_us: median/p90/max 0.0/0.0/0, nonzero 0
    new field batch_live_lock_waits: median/p90/max 0.0/0.0/0, nonzero 0
    new field batch_majflt: median/p90/max 0.0/0.0/0, nonzero 0
    new field batch_minflt: median/p90/max 817.0/9164.0/32023, nonzero 474
    new field batch_open_max_us: median/p90/max 435.0/525.0/1407, nonzero 474
    new field batch_open_sum_us: median/p90/max 10640.5/13090.0/23495, nonzero 474
    new field batch_threads: median/p90/max 32.0/32.0/32, nonzero 474
    new field batch_vcsw: median/p90/max 164.0/516.0/961, nonzero 474
    new field batch_view_index_wait_us: median/p90/max 0.0/22650.0/47225, nonzero 109
    new field batch_view_index_waits: median/p90/max 0.0/309.0/702, nonzero 109
    new field batch_view_slot_wait_us: median/p90/max 0.0/2289.0/4937, nonzero 112
    new field batch_view_slot_waits: median/p90/max 0.0/66.0/117, nonzero 112
    new field batch_wall_sum_us: median/p90/max 612121.0/749267.0/1416694, nonzero 474
    new field batches: median/p90/max 128.0/128.0/128, nonzero 474
    new field build_batches: median/p90/max 128.0/128.0/128, nonzero 474
    new field carried_depth: median/p90/max 1.0/1.0/1, nonzero 474
    new field exec_end_to_seal_us: median/p90/max 94.0/148.0/506, nonzero 474
    new field exec_partition_us: median/p90/max 6.0/9.0/1367, nonzero 474
    new field exec_prepared_groups: {'true': 471, 'false': 3}
    new field exec_prepared_slots: {'true': 471, 'false': 3}
    new field exec_slots_us: median/p90/max 0.0/0.0/1860, nonzero 3
    new field freeze_join_wait_us: median/p90/max 7927.0/15545.0/23566, nonzero 474
    new field freeze_late: {'true': 474}
    new field freeze_pool_own: {'true': 474}
    new field live_index_defer: {'true': 474}
    new field merge_accounts: median/p90/max 191240.0/194961.0/198004, nonzero 474
    new field merge_append_us: median/p90/max 2380.5/7316.0/16391, nonzero 474
    new field merge_reverts: median/p90/max 191240.0/194961.0/198004, nonzero 474
    new field merge_reverts_us: median/p90/max 15442.0/19811.0/38372, nonzero 474
    new field merge_state_us: median/p90/max 38837.5/45729.0/56406, nonzero 474
    new field merge_tail_us: median/p90/max 0.0/0.0/2, nonzero 9
    new field merge_threads: median/p90/max 1.0/1.0/1, nonzero 474
    new field one_wave: {'false': 474}
    new field open_engine_us: median/p90/max 0.0/20231.0/81246, nonzero 85
    new field open_fallback: {'false': 389, 'true': 85}
    new field open_keep_us: median/p90/max 6.0/9.0/5652, nonzero 474
    new field open_kept_accounts: median/p90/max 573699.0/581953.0/587989, nonzero 474
    new field open_layers: median/p90/max 3.0/3.0/3, nonzero 474
    new field open_provider_us: median/p90/max 95.0/164.0/494, nonzero 474
    new field plan_age_us: median/p90/max 47733.0/96245.0/144210, nonzero 473
    new field plan_ahead: median/p90/max 1.0/1.0/1, nonzero 473
    new field plan_body: median/p90/max 1.0/1.0/2, nonzero 473
    new field plan_body_us: median/p90/max 14787.5/17889.0/21061, nonzero 471
    new field plan_discard: {'': 473, 'not_on_its_parent': 1}
    new field plan_prep_us: median/p90/max 7399.5/14891.0/24875, nonzero 473
    new field plan_topup_txs: median/p90/max 0.0/0.0/0, nonzero 0
    new field prep_from_plan: {'true': 471, 'false': 3}
    new field prev_seal_to_answer_us: median/p90/max 1741.0/3046.0/5555, nonzero 474
    new field prev_seal_to_entry_us: median/p90/max 0.0/0.0/0, nonzero 0
    new field prev_seal_to_header_us: median/p90/max 195.5/318.0/623, nonzero 474
    new field prev_seal_to_import_us: median/p90/max 117164.5/146636.0/172965, nonzero 443
    new field prev_seal_to_request_us: median/p90/max 944.5/65764.0/129657, nonzero 474
    new field prev_seal_to_start_us: median/p90/max 1252.5/65982.0/129931, nonzero 474
    new field pull_bulk_txs: median/p90/max 200000.0/200000.0/200000, nonzero 474
    new field pull_bulk_us: median/p90/max 5.0/9.0/2232, nonzero 474
    new field rename_fallbacks: median/p90/max 0.0/0.0/0, nonzero 0
    new field rename_record_waits: median/p90/max 0.0/0.0/0, nonzero 0
    new field root_apply_gap_us: median/p90/max 10.0/13.0/29, nonzero 474
    new field root_apply_total_us: median/p90/max 21736.0/28828.0/46851, nonzero 474
    new field root_compute_us: median/p90/max 24050.5/32671.0/85546, nonzero 474
    new field root_delta_us: median/p90/max 1207.5/2344.0/8564, nonzero 474
    new field root_index_us: median/p90/max 2700.0/4857.0/18644, nonzero 474
    new field root_leaves_us: median/p90/max 6933.5/10847.0/24148, nonzero 474
    new field root_note_us: median/p90/max 148.0/238.0/1110, nonzero 474
    new field root_ops_ahead: {'true': 474}
    new field root_ops_ahead_wait_us: median/p90/max 2637.5/8908.0/27316, nonzero 474
    new field root_ops_concat_us: median/p90/max 0.0/0.0/0, nonzero 0
    new field root_ops_encode_us: median/p90/max 5446.0/9562.0/25764, nonzero 474
    new field root_ops_finish_us: median/p90/max 2108.5/3061.0/5161, nonzero 474
    new field root_ops_sort_us: median/p90/max 3202.5/6674.0/13435, nonzero 474
    new field root_ops_us: median/p90/max 4999.5/10930.0/29091, nonzero 474
    new field root_rehash_us: median/p90/max 2006.5/2677.0/17206, nonzero 474
    new field root_retire_us: median/p90/max 1685.5/2589.0/6612, nonzero 474
    new field root_sort_us: median/p90/max 189.0/365.0/2662, nonzero 474
    new field root_undo_us: median/p90/max 343.5/619.0/3186, nonzero 474
    new field root_writes_us: median/p90/max 7085.5/10076.0/22700, nonzero 474
    new field seal_hashes_ahead: {'true': 474}
    new field seal_on_counters: {'true': 474}
    new field seal_to_complete_us: median/p90/max 108959.0/124589.0/168185, nonzero 474
    new field seal_to_frozen_us: median/p90/max 7896.5/15488.0/23542, nonzero 348
    new field seal_to_merge_end_us: median/p90/max 108865.0/124473.0/168097, nonzero 474
    new field seal_to_merge_start_us: median/p90/max 49604.0/62374.0/116109, nonzero 474
    new field seal_to_ops_ahead_us: median/p90/max 19930.0/28422.0/44554, nonzero 474
    new field seal_to_state_ready_us: median/p90/max 108873.0/124483.0/168104, nonzero 474
    new field sealed_unix_us: median/p90/max 1791431817956990.0/1791431829929439.0/1791431833027258, nonzero 474
    new field start_walk_check_us: median/p90/max 0.0/0.0/153, nonzero 1
    new field start_walk_ids_us: median/p90/max 0.0/0.0/455, nonzero 1
    new field start_walk_settle_us: median/p90/max 0.0/0.0/219, nonzero 1
    new field start_walk_us: median/p90/max 0.0/0.0/4396, nonzero 1
    new field state_wait_us: median/p90/max 5373.5/38166.0/104825, nonzero 474
    new field view_journal_reads: median/p90/max 4096.0/81920.0/151552, nonzero 238
    new field view_journal_searches: median/p90/max 10677.5/218919.0/435439, nonzero 238
    new field view_journal_skips: median/p90/max 0.0/0.0/0, nonzero 0
    new field whole_take_noted: {'true': 474}
    binding wait (tick / quorum / seal share, mean cycle): tick 100% (62); quorum 0%; seal 0%; feed-bound (blocks under 95% of the tier): 0 of 472
    slowest key vote delay median/p90 3.2/30.5 ms
    engine own-import total_ms per block median/p90/max 37/55/73 (n=472)
    layer RSS 25.9 -> 33.9 G (max 33.9), in-memory blocks max 10
    execution layer cores busy 34.6    validators cores busy 1.2
  window 3: canonical 455 blocks, 91.0M tx = 3,033,333/s (97.2% of window 1), full 455/455 (100%); cycle -
    leader builds 453: sealed_at median/p90/p99 53/81/109; phases median/p90 ms: gap_before_exec 7/46, state_wait 7/46, par 55/88, par_exec 22/28, roots 32/51, parent_fields 6/26, sealed 7/27
    state_wait_on {'grandparent': 111, 'output': 214, 'none': 128}; builds with state_wait > 20 ms: 102 ([('grandparent', 96), ('output', 6)]); gp_layer {1.0: 453}, ggp_missing {1.0: 116, 0.0: 337}
    queue at the builds min/median 2,152,500/2,516,500
    new field batch_cpu_sum_us: median/p90/max 599076.0/735294.0/2392006, nonzero 453
    new field batch_dispatch_us: median/p90/max 226.0/312.0/517, nonzero 453
    new field batch_first_start_us: median/p90/max 75.0/116.0/254, nonzero 453
    new field batch_ivcsw: median/p90/max 1.0/6.0/34, nonzero 306
    new field batch_last_end_us: median/p90/max 22261.0/28668.0/91042, nonzero 453
    new field batch_last_start_us: median/p90/max 17087.0/21486.0/63273, nonzero 453
    new field batch_live_deferred: median/p90/max 75.0/86.0/262, nonzero 453
    new field batch_live_lock_hold_us: median/p90/max 10946.0/14225.0/40782, nonzero 453
    new field batch_live_lock_wait_us: median/p90/max 0.0/0.0/0, nonzero 0
    new field batch_live_lock_waits: median/p90/max 0.0/0.0/0, nonzero 0
    new field batch_majflt: median/p90/max 0.0/0.0/5016, nonzero 26
    new field batch_minflt: median/p90/max 957.0/11203.0/35126, nonzero 453
    new field batch_open_max_us: median/p90/max 411.0/518.0/3641, nonzero 453
    new field batch_open_sum_us: median/p90/max 9996.0/12851.0/21368, nonzero 453
    new field batch_threads: median/p90/max 32.0/32.0/32, nonzero 453
    new field batch_vcsw: median/p90/max 171.0/560.0/5203, nonzero 453
    new field batch_view_index_wait_us: median/p90/max 0.0/19188.0/279830, nonzero 118
    new field batch_view_index_waits: median/p90/max 0.0/265.0/799, nonzero 118
    new field batch_view_slot_wait_us: median/p90/max 0.0/1808.0/31706, nonzero 124
    new field batch_view_slot_waits: median/p90/max 0.0/52.0/137, nonzero 124
    new field batch_wall_sum_us: median/p90/max 616368.0/763579.0/2395631, nonzero 453
    new field batches: median/p90/max 128.0/128.0/128, nonzero 453
    new field build_batches: median/p90/max 128.0/128.0/128, nonzero 453
    new field carried_depth: median/p90/max 1.0/1.0/1, nonzero 453
    new field exec_end_to_seal_us: median/p90/max 92.0/144.0/808, nonzero 453
    new field exec_partition_us: median/p90/max 6.0/9.0/1235, nonzero 453
    new field exec_prepared_groups: {'true': 452, 'false': 1}
    new field exec_prepared_slots: {'true': 452, 'false': 1}
    new field exec_slots_us: median/p90/max 0.0/0.0/1541, nonzero 1
    new field freeze_join_wait_us: median/p90/max 7433.0/14822.0/19638, nonzero 453
    new field freeze_late: {'true': 453}
    new field freeze_pool_own: {'true': 453}
    new field live_index_defer: {'true': 453}
    new field merge_accounts: median/p90/max 192063.0/195147.0/197805, nonzero 453
    new field merge_append_us: median/p90/max 3583.0/7889.0/22700, nonzero 453
    new field merge_reverts: median/p90/max 192063.0/195147.0/197805, nonzero 453
    new field merge_reverts_us: median/p90/max 14940.0/20066.0/60994, nonzero 453
    new field merge_state_us: median/p90/max 38389.0/46773.0/71617, nonzero 453
    new field merge_tail_us: median/p90/max 0.0/0.0/1, nonzero 6
    new field merge_threads: median/p90/max 1.0/1.0/1, nonzero 453
    new field one_wave: {'false': 453}
    new field open_engine_us: median/p90/max 0.0/40220.0/80581, nonzero 116
    new field open_fallback: {'false': 337, 'true': 116}
    new field open_keep_us: median/p90/max 6.0/9.0/19, nonzero 453
    new field open_kept_accounts: median/p90/max 575841.0/582825.0/590194, nonzero 453
    new field open_layers: median/p90/max 3.0/3.0/3, nonzero 453
    new field open_provider_us: median/p90/max 93.0/170.0/1075, nonzero 453
    new field plan_age_us: median/p90/max 50838.0/97325.0/137386, nonzero 453
    new field plan_ahead: median/p90/max 1.0/1.0/1, nonzero 453
    new field plan_body: median/p90/max 1.0/1.0/2, nonzero 453
    new field plan_body_us: median/p90/max 18146.0/20914.0/23913, nonzero 452
    new field plan_discard: {'': 453}
    new field plan_prep_us: median/p90/max 7208.0/13876.0/78274, nonzero 453
    new field plan_topup_txs: median/p90/max 0.0/0.0/0, nonzero 0
    new field prep_from_plan: {'true': 452, 'false': 1}
    new field prev_seal_to_answer_us: median/p90/max 2009.0/3602.0/7785, nonzero 453
    new field prev_seal_to_entry_us: median/p90/max 0.0/0.0/0, nonzero 0
    new field prev_seal_to_header_us: median/p90/max 199.0/331.0/1093, nonzero 453
    new field prev_seal_to_import_us: median/p90/max 124502.0/156968.0/201447, nonzero 410
    new field prev_seal_to_request_us: median/p90/max 946.0/64053.0/86269, nonzero 453
    new field prev_seal_to_start_us: median/p90/max 1275.0/64263.0/86515, nonzero 453
    new field pull_bulk_txs: median/p90/max 200000.0/200000.0/200000, nonzero 453
    new field pull_bulk_us: median/p90/max 5.0/8.0/1056, nonzero 453
    new field rename_fallbacks: median/p90/max 0.0/0.0/0, nonzero 0
    new field rename_record_waits: median/p90/max 0.0/0.0/0, nonzero 0
    new field root_apply_gap_us: median/p90/max 11.0/14.0/26, nonzero 453
    new field root_apply_total_us: median/p90/max 22262.0/33557.0/68089, nonzero 453
    new field root_compute_us: median/p90/max 24502.0/36778.0/70790, nonzero 453
    new field root_delta_us: median/p90/max 1191.0/3129.0/15062, nonzero 453
    new field root_index_us: median/p90/max 2635.0/5300.0/16583, nonzero 453
    new field root_leaves_us: median/p90/max 6763.0/10923.0/56941, nonzero 453
    new field root_note_us: median/p90/max 143.0/221.0/1240, nonzero 453
    new field root_ops_ahead: {'true': 453}
    new field root_ops_ahead_wait_us: median/p90/max 2867.0/9296.0/86487, nonzero 453
    new field root_ops_concat_us: median/p90/max 0.0/0.0/0, nonzero 0
    new field root_ops_encode_us: median/p90/max 5434.0/9874.0/87093, nonzero 453
    new field root_ops_finish_us: median/p90/max 2266.0/3789.0/8883, nonzero 453
    new field root_ops_sort_us: median/p90/max 3075.0/6581.0/40345, nonzero 453
    new field root_ops_us: median/p90/max 5361.0/11546.0/90588, nonzero 453
    new field root_rehash_us: median/p90/max 2550.0/3920.0/13511, nonzero 453
    new field root_retire_us: median/p90/max 1820.0/2800.0/6884, nonzero 453
    new field root_sort_us: median/p90/max 195.0/412.0/3065, nonzero 453
    new field root_undo_us: median/p90/max 337.0/647.0/2889, nonzero 453
    new field root_writes_us: median/p90/max 7041.0/10554.0/23026, nonzero 453
    new field seal_hashes_ahead: {'true': 453}
    new field seal_on_counters: {'true': 453}
    new field seal_to_complete_us: median/p90/max 112288.0/132099.0/210025, nonzero 453
    new field seal_to_frozen_us: median/p90/max 7419.0/14789.0/19604, nonzero 304
    new field seal_to_merge_end_us: median/p90/max 112152.0/131988.0/209951, nonzero 453
    new field seal_to_merge_start_us: median/p90/max 51143.0/68498.0/146164, nonzero 453
    new field seal_to_ops_ahead_us: median/p90/max 19824.0/28698.0/100405, nonzero 453
    new field seal_to_state_ready_us: median/p90/max 112161.0/131997.0/209959, nonzero 453
    new field sealed_unix_us: median/p90/max 1791431848162343.0/1791431859641783.0/1791431862835704, nonzero 453
    new field start_walk_check_us: median/p90/max 0.0/0.0/0, nonzero 0
    new field start_walk_ids_us: median/p90/max 0.0/0.0/0, nonzero 0
    new field start_walk_settle_us: median/p90/max 0.0/0.0/0, nonzero 0
    new field start_walk_us: median/p90/max 0.0/0.0/0, nonzero 0
    new field state_wait_us: median/p90/max 7580.0/46310.0/87886, nonzero 453
    new field view_journal_reads: median/p90/max 0.0/77824.0/159744, nonzero 216
    new field view_journal_searches: median/p90/max 0.0/209689.0/528656, nonzero 216
    new field view_journal_skips: median/p90/max 0.0/0.0/0, nonzero 0
    new field whole_take_noted: {'true': 453}
    engine own-import total_ms per block median/p90/max 43/67/96 (n=455)
    layer RSS 33.4 -> 40.6 G (max 40.6), in-memory blocks max 12
    execution layer cores busy 34.8    validators cores busy 1.2
  round total (3 windows, canonical): 279.0M tx
  layer peak RSS 40.8 G; in-memory blocks max 12
  fields at seal: mode "early", verified 0, unchecked 0, mismatches 0 (last build line, cumulative)
  own_executed_again (built here and also directly imported): 0 of 1438 built blocks
== loop347K7
  layer-0 leader window-1 builds 468: txs mean 200000, share >= 95% of the tier 100% (max 200000); sealed_at_ms 51.0/76.0; par_ms 52.0/88.0; par_exec_ms 22.0/27.0; roots_ms 30.0/42.0; parent_fields_ms 3.0/19.0; sealed_ms 4.0/20.0
  proposal cycle window 1 (n=483): mean 64.1 median 61.4 p90 70.9 ms; blocks in the 30 s: 483
  binding wait (tick / quorum / seal, share and mean cycle): tick 97.4% (63.4); quorum 1.3% (116.0); seal 1.3% (77.2)
  vote delay after the proposal, slowest key per block: median 8.5 p90 58.0 ms (slowest minus the median key: median 0.2); last key: {1: 65, 2: 85, 3: 88, 4: 75, 5: 74, 6: 80} of 467 blocks
  CPU in window 1 (cores busy): execution layers 34.5 over 1 process(es); validators 1.2 over 7 process(es)
  execution layer peak RSS 40.8 G; in-memory blocks max 12 (node0 and others, all layers)
  blocks built here 1438; none also directly imported
  import-once counters at the last direct import: ; start-up lines with import_once=true: 1; queue-lock lines 0
  layer-0 queue (queued after canonical prune), median per 10 s: t+0:2451500 t+20:2421000 t+40:2460500 t+60:2467500 t+80:2448000
  flood: median per 5 s 3112826/s, final -
  timeout / given-up lines: 1; 03:55:46 v0 INFO process_event{view=1 kind="message"}: n42::cl::timeout: TC formed
loop347K7 page_faults_per_s_median: node0=177485 
feedcheck loop347K7: ok (block 200,000 tx)
== loop347K7: feed check (acq_us / gate_us / reply_us are per frame of 500; rate per 5 s `ingest` line)
  window 1: ingest lines 6; acq_us 462 (max 2633); gate_us 7104; reply_us 7662; slots_busy 13%; delivered median 3,057,722/s max 3,280,733/s; queue at builds median 2,516,500 min 1,586,500; full 100% of 468 blocks
  window 2: ingest lines 6; acq_us 468 (max 477); gate_us 7068; reply_us 7632; slots_busy 13%; delivered median 3,166,132/s max 3,263,192/s; queue at builds median 2,515,500 min 2,263,000; full 100% of 472 blocks
  window 3: ingest lines 6; acq_us 471 (max 480); gate_us 7361; reply_us 7934; slots_busy 14%; delivered median 3,085,052/s max 3,167,085/s; queue at builds median 2,516,500 min 2,152,500; full 100% of 455 blocks
  flood.log (+15..+100 s): rate per 5 s median 3,096,834/s max 3,280,925/s; reply latency median 62.0 ms max 65.5 ms
== loop347K7: lanes lock, drain and pruner (new fields)
  window 1: lock duty 52.0% (max 58.0); holds/5s 2,330; longest hold 21.11 ms median, 24.28 ms max by crates/n42/tx-queue/src/lib.rs:2046 (most frequent holders [('crates/n42/tx-queue/src/lib.rs:2046', 6)]); lock wait 2072.4 ms/5s, longest 32.07 ms; drains/5s 1,126 of 13653 tx, mean 1142 us, max 17.85 ms
           prune (410 blocks): prune_ms 32/51; fold 0.6 ms, lock 0.0 ms, remove(hold) 9.4 ms, free 0.0 ms; frames_swept 400; coalesced on 410 of 410; prune_wait_ms 0/0; pruner busy 46% of a thread, lock held by it 1.5%
  window 2: lock duty 57.0% (max 59.0); holds/5s 2,244; longest hold 25.93 ms median, 36.08 ms max by crates/n42/tx-queue/src/lib.rs:2576 (most frequent holders [('crates/n42/tx-queue/src/lib.rs:2046', 4), ('crates/n42/tx-queue/src/lib.rs:2576', 1)]); lock wait 2790.0 ms/5s, longest 35.79 ms; drains/5s 1,035 of 15333 tx, mean 1306 us, max 18.62 ms
           prune (431 blocks): prune_ms 33/51; fold 0.6 ms, lock 0.0 ms, remove(hold) 10.2 ms, free 0.0 ms; frames_swept 400; coalesced on 431 of 431; prune_wait_ms 0/0; pruner busy 50% of a thread, lock held by it 1.6%
  window 3: lock duty 57.0% (max 59.0); holds/5s 2,130; longest hold 26.59 ms median, 34.99 ms max by crates/n42/tx-queue/src/lib.rs:2046 (most frequent holders [('crates/n42/tx-queue/src/lib.rs:2046', 5), ('crates/n42/tx-queue/src/lib.rs:2576', 1)]); lock wait 2486.8 ms/5s, longest 29.82 ms; drains/5s 932 of 16529 tx, mean 1474 us, max 23.08 ms
           prune (416 blocks): prune_ms 35/59; fold 0.7 ms, lock 0.0 ms, remove(hold) 10.4 ms, free 0.0 ms; frames_swept 400; coalesced on 416 of 416; prune_wait_ms 0/0; pruner busy 51% of a thread, lock held by it 1.4%
== loop347K7: pruner (per block; busy = sum prune_ms / 30 s, lock = sum (remove_us + settle_us) / 30 s)
  window 1: 410 prunes; prune_ms 32/51; remove_us 9.4/18.6 ms; forget_us 3.0/5.8 ms; settle_us 3.0 ms; pruner busy 46% of a worker; lanes lock held for removal 20%
  window 2: 431 prunes; prune_ms 33/51; remove_us 10.2/19.5 ms; forget_us 2.7/5.1 ms; settle_us 3.1 ms; pruner busy 50% of a worker; lanes lock held for removal 22%
  window 3: 416 prunes; prune_ms 35/59; remove_us 10.4/21.2 ms; forget_us 2.9/5.6 ms; settle_us 3.2 ms; pruner busy 51% of a worker; lanes lock held for removal 23%
== loop347K7: seal start / pull, prepared plan, answer, chunked drain
  window 1: 468 builds; start_best_ms 2/12; start_walk_us 0/0; start_pull_ms 0/0; par_pull_ms 0/0; par_start_ms 2/13; par_ms 52/88; sealed_at_ms 51/76; pull_bulk_us 5/9; pull_bulk_txs 200000/200000; plan_age_us 49080/99330; plan_prep_us 6920/13039; plan_topup_txs 0/0
           plan_ahead {'1': 468}; plan_discard {'': 468}
           answer: built-ahead bytes median/max 15,243/15,245, layout_only {'true': 468}; proposal sent bytes median/max 15,243/15,245, layout_only {'true': 467}
           drain: chunks/5s 974, chunk max 8,192 tx, finished by others/5s 48; plan_discards (last ingest line) -
  window 2: 474 builds; start_best_ms 4/16; start_walk_us 0/0; start_pull_ms 0/0; par_pull_ms 0/0; par_start_ms 5/16; par_ms 49/74; sealed_at_ms 49/70; pull_bulk_us 5/9; pull_bulk_txs 200000/200000; plan_age_us 47733/96245; plan_prep_us 7400/14891; plan_topup_txs 0/0
           plan_ahead {'1': 473, '0': 1}; plan_discard {'': 473, 'not_on_its_parent': 1}
           answer: built-ahead bytes median/max 15,245/15,245, layout_only {'true': 473}; proposal sent bytes median/max 15,245/15,245, layout_only {'true': 472}
           drain: chunks/5s 870, chunk max 8,192 tx, finished by others/5s 65; plan_discards (last ingest line) -
  window 3: 453 builds; start_best_ms 3/15; start_walk_us 0/0; start_pull_ms 0/0; par_pull_ms 0/0; par_start_ms 3/15; par_ms 55/88; sealed_at_ms 53/81; pull_bulk_us 5/8; pull_bulk_txs 200000/200000; plan_age_us 50838/97325; plan_prep_us 7208/13876; plan_topup_txs 0/0
           plan_ahead {'1': 453}; plan_discard {'': 453}
           answer: built-ahead bytes median/max 15,245/15,245, layout_only {'true': 454}; proposal sent bytes median/max 15,245/15,245, layout_only {'true': 455}
           drain: chunks/5s 776, chunk max 8,192 tx, finished by others/5s 52; plan_discards (last ingest line) -
== loop347K7: persistence per window (ms per block = part sum / blocks persisted)
  window 1: persisted 470 of 468 produced (100%); total 32.0, sf_tx 28.8, sf_rcpt 6.2, sf_acct 13.4, sf_send 10.9, scope 28.9, qmdb 13.4, post 0.0, pre 3.1, plain_rev 3.1, commit_sf 0.6, commit_mdbx 0.1, commit_rocks 0.0; longest task sf_tx 28.8; in-memory 7 -> 8 (max 11); RSS 16.8 -> 26.5 G; lag 7 -> 8 = +2.0 blocks/min; bp max 0
  window 2: persisted 471 of 472 produced (100%); total 32.6, sf_tx 29.5, sf_rcpt 6.2, sf_acct 13.3, sf_send 10.9, scope 29.5, qmdb 13.7, post 0.0, pre 3.1, plain_rev 3.1, commit_sf 0.7, commit_mdbx 0.1, commit_rocks 0.0; longest task sf_tx 29.5; in-memory 8 -> 7 (max 10); RSS 26.5 -> 33.9 G; lag 8 -> 10 = +4.0 blocks/min; bp max 0
  window 3: persisted 450 of 455 produced (99%); total 36.6, sf_tx 31.7, sf_rcpt 6.7, sf_acct 13.9, sf_send 10.7, scope 33.5, qmdb 18.1, post 0.0, pre 3.1, plain_rev 3.1, commit_sf 0.8, commit_mdbx 0.1, commit_rocks 0.0; longest task sf_tx 31.7; in-memory 7 -> 8 (max 12); RSS 33.9 -> 40.6 G; lag 10 -> 9 = -2.0 blocks/min; bp max 0
  leg end: in-memory 6, max over the sampler 12, backpressure stalls 0
== loop347K7: execution and root fields (median / p90 per block); over 1439 full builds: rename_fallbacks total 0, rename_record_waits total 0, carried_depth values ['1']
    folded lines 468: pending_max max 87 (median 72); pending_us_max max 17,258; drops_max max 54170
    flags: seal_on_counters true:468; freeze_pool_own true:468; plan_body 1:463/2:5; prep_from_plan false:5/true:463; plan_ahead 1:468; seal per 1,000 transfers 0.255 ms
  window 1 (468 builds): on-CPU share 1.00/1.00; CPU per transfer 2.98/3.70 us; sealed_at_ms 51/76; par_exec_ms 22/27; par_fold_ms 9/17; index_ms 14/20; par_start_ms 2/13; gap_before_exec_ms 8/53; state_wait_us 8,594/53,319; parent_fields_ms 3/19; roots_ms 30/42; seal_to_fields_us 49,096/61,643; seal_to_complete_us 105,872/123,149; rename_fallbacks 0/0; rename_record_waits 0/0; carried_depth 1/1; plan_body_us 13,976/18,599; batch_max_ms 8/13; tx_root_ms 1/1; sealed_ms 4/20
    folded lines 473: pending_max max 85 (median 72); pending_us_max max 16,858; drops_max max 37431
    flags: seal_on_counters true:474; freeze_pool_own true:474; plan_body 0:1/1:471/2:2; prep_from_plan false:3/true:471; plan_ahead 0:1/1:473; seal per 1,000 transfers 0.245 ms
  window 2 (474 builds): on-CPU share 1.00/1.00; CPU per transfer 3.02/3.65 us; sealed_at_ms 49/70; par_exec_ms 22/27; par_fold_ms 8/15; index_ms 14/18; par_start_ms 5/16; gap_before_exec_ms 5/38; state_wait_us 5,374/38,166; parent_fields_ms 6/20; roots_ms 32/43; seal_to_fields_us 49,460/62,253; seal_to_complete_us 108,959/124,589; rename_fallbacks 0/0; rename_record_waits 0/0; carried_depth 1/1; plan_body_us 14,788/17,889; batch_max_ms 9/12; tx_root_ms 1/1; sealed_ms 7/21
    folded lines 454: pending_max max 87 (median 72); pending_us_max max 14,494; drops_max max 39771
    flags: seal_on_counters true:453; freeze_pool_own true:453; plan_body 1:452/2:1; prep_from_plan false:1/true:452; plan_ahead 1:453; seal per 1,000 transfers 0.265 ms
  window 3 (453 builds): on-CPU share 1.00/1.00; CPU per transfer 3.00/3.68 us; sealed_at_ms 53/81; par_exec_ms 22/28; par_fold_ms 7/14; index_ms 13/17; par_start_ms 3/15; gap_before_exec_ms 7/46; state_wait_us 7,580/46,310; parent_fields_ms 6/26; roots_ms 32/51; seal_to_fields_us 50,984/68,402; seal_to_complete_us 112,288/132,099; rename_fallbacks 0/0; rename_record_waits 0/0; carried_depth 1/1; plan_body_us 18,146/20,914; batch_max_ms 9/16; tx_root_ms 1/1; sealed_ms 7/27
== loop347K7: 4296 proposals; proposal -> quorum (leader's commit) median 11.1 / p90 38.3 / max 138.3 ms; proposal interval median 61.4 / p90 62.3 ms; TC formed lines 1; leader views timed out 1; ParentUnknown lines 0
   handover at view 1024: proposal intervals (view, ms) [(1023, 68), (1024, 127), (1025, 116), (1026, 61), (1027, 61)] against the median 61 ms
   handover at view 2048: proposal intervals (view, ms) [(2047, 62), (2048, 63), (2049, 61), (2050, 61), (2051, 61)] against the median 61 ms
   handover at view 3072: proposal intervals (view, ms) [(3071, 61), (3072, 61), (3073, 61), (3074, 62), (3075, 61)] against the median 61 ms
   handover at view 4096: proposal intervals (view, ms) [(4095, 61), (4096, 62), (4097, 61), (4098, 62), (4099, 61)] against the median 61 ms
     block 1024 (view 1024): sealed_at_ms 114, gap_before_exec_ms 17, parent_fields_ms 70, rename_fallbacks 0, rename_record_waits 0, carried_depth 1
     block 1025 (view 1025): sealed_at_ms 36, gap_before_exec_ms 10, parent_fields_ms 7, rename_fallbacks 0, rename_record_waits 0, carried_depth 1
     block 1026 (view 1026): sealed_at_ms 49, gap_before_exec_ms 0, parent_fields_ms 15, rename_fallbacks 0, rename_record_waits 0, carried_depth 1
     block 1027 (view 1027): sealed_at_ms 44, gap_before_exec_ms 0, parent_fields_ms 13, rename_fallbacks 0, rename_record_waits 0, carried_depth 1
flood span 95 s; tokio-rt threads alive throughout 34 of 62; group 9.5 cores busy over them (all threads incl. short-lived 12.5)
  per-thread cores busy, top 12: 0.57 0.56 0.56 0.56 0.56 0.56 0.55 0.55 0.55 0.55 0.55 0.55; threads over 0.9 core: 0, over 0.7: 0
== loop347K7: 1395 full builds in the 3 windows
  par_exec_ms 22/27; par_run_ms 30/67; batch_start_skew_ms 16/20; batch_median_ms 4/5; batch_max_ms 9/13; batch_first_start_us 77/120; batch_last_start_us 16987/21047; batch_dispatch_us 223/314; batch_last_end_us 22080/27720; batches 128/128; batch_threads 32/32; batch_txs_max 2000/2000; batch_txs_min 1500/1500; start_walk_ms 0/0; start_walk_check_ms 0/0; par_start_ms 3/15; sealed_at_ms 51/76; prev_seal_to_answer_us 1799/3262; prev_seal_to_entry_us 0/0; prev_seal_to_header_us 200/329; prev_seal_to_import_us 118162/151965; prev_seal_to_request_us 950/64889; prev_seal_to_start_us 1242/65183; start_walk_check_us 0/0; start_walk_ids_us 0/0; start_walk_settle_us 0/0; start_walk_us 0/0
  one_wave {'false': 1395}
  batches == batch_threads on 0 of 1395 builds
  last - first batch start (ms) median/p90 16.90/20.95; under 2 ms on 0 of 1395 builds
bodygate loop347K7: invalid_blocks=0 gas_mismatch=0 fields_mismatches=0 own_not_committed=0 proposals_given_up=0
leg loop347K21: /data free 552G (needs 120 G)
plan loop347K21: exit 0 (21 validators, 1 layer(s)): # validators 21, execution layers 1, 192 CPUs a layer, import-once 1, shared 1; # validators : 32 CPUs set aside, taskset -c 96-111,224-239; # fleet    : 21 nodes, quorum 15 of 21 (f = 6); 0 refusals
leg loop347K21 start 00:00:29 load 4.64
round loop347K21 exit 0 at 00:03:28
loop347K21 save stages (node0, seconds summed over the leg / count): batch_size=1875.0/613  batch_size=1875.0/613  reth_consensus_engine_beacon_persistence_duration=56.8/613  duration_seconds=52.4/613  total=48.2/613  scope=43.4/613  sf=42.0/613  sf_transactions=41.9/613  qmdb_persisted=23.2/613  sf_account_changesets=19.2/613
el binary: /data/n42-build/target-n42-rs/native/release/n42 env: N42_IMPORT_ONCE=1 N42_SETTLEMENT_TAGS=legacy N42_BUILD_THROTTLE_SOFT=48 F7_EL_MAP=0,0,0,0,0,0,0,0,0,0,0,0,0,0,0,0,0,0,0,0,0 N42_FIELDS_AT_SEAL=1 N42_FREEZE_AFTER_SEAL=1 N42_FRAME_BLOCKS=1 N42_TX_INGEST_RECOVER_PARALLEL=24 N42_FREEZE_POOL=own N42_PARALLEL_BUILD_THREADS=32 N42_PLAN_AHEAD=1 N42_HASHED_TABLES=off F7_FLOOD_RATE=6000000 N42_COMPACT_BODY=1 N42_BUILD_BATCHES=128 MALLOC_CONF=thp:always,oversize_threshold:0,dirty_decay_ms:2000,background_thread:true N42_SEAL_ON_COUNTERS=1 N42_ACCOUNT_HISTORY=off N42_TAKE_COMPACT=1 N42_SF_EARLY_WRITEBACK=1 N42_ROAD_RUNTIME=1 N42_TX_INGEST_HIGH_WATER=2500000 F7_BENCH_POOL_SLOTS=3000000 N42_PLAN_AHEAD_BODY=1 N42_SEAL_AT_EXEC=1 N42_TX_QUEUE_DRAIN_CHUNK=8192 N42_ANSWER_LAYOUT_ONLY=1 N42_PULL_BY_FRAMES=1 N42_SF_PARALLEL_ENCODE=1 N42_BUILD_THROTTLE_HARD=80 N42_LIVE_INDEX_DEFER=1 RAYON_NUM_THREADS=16 F7_VAL_CPUS=32 N42_ROOT_OPS_AHEAD=1 TOKIO_WORKER_THREADS=16 N42_QMDB_READS=on N42_LEADER_LAYERS=3 N42_PERSIST_QMDB_IN_SCOPE=1 F7_BLOCK_INTERVAL_MS=60 F7_MEASURE_FROM_LOG=1
validator env: N42_IMPORT_ONCE=1 N42_SETTLEMENT_TAGS=legacy N42_BUILD_THROTTLE_SOFT=48 F7_EL_MAP=0,0,0,0,0,0,0,0,0,0,0,0,0,0,0,0,0,0,0,0,0 N42_FIELDS_AT_SEAL=1 N42_FREEZE_AFTER_SEAL=1 N42_FRAME_BLOCKS=1 N42_TX_INGEST_RECOVER_PARALLEL=24 N42_FREEZE_POOL=own N42_PARALLEL_BUILD_THREADS=32 N42_PLAN_AHEAD=1 N42_HASHED_TABLES=off F7_FLOOD_RATE=6000000 N42_COMPACT_BODY=1 N42_BUILD_BATCHES=128 N42_SEAL_ON_COUNTERS=1 N42_ACCOUNT_HISTORY=off N42_TAKE_COMPACT=1 N42_SF_EARLY_WRITEBACK=1 N42_ROAD_RUNTIME=1 N42_TX_INGEST_HIGH_WATER=2500000 F7_BENCH_POOL_SLOTS=3000000 N42_PLAN_AHEAD_BODY=1 N42_SEAL_AT_EXEC=1 N42_TX_QUEUE_DRAIN_CHUNK=8192 N42_ANSWER_LAYOUT_ONLY=1 N42_PULL_BY_FRAMES=1 N42_SF_PARALLEL_ENCODE=1 N42_BUILD_THROTTLE_HARD=80 N42_LIVE_INDEX_DEFER=1 RAYON_NUM_THREADS=16 F7_VAL_CPUS=32 N42_ROOT_OPS_AHEAD=1 TOKIO_WORKER_THREADS=16 N42_QMDB_READS=on N42_LEADER_LAYERS=3 N42_PERSIST_QMDB_IN_SCOPE=1 F7_MEASURE_FROM_LOG=1
loop347K21 once: start-up lines import_once=true 1; last direct-import counters 
loop347K21 imports: layers=1 direct_imports=0 canonical_blocks=3926 import_once_lines=1 (per layer: direct imports should equal canonical blocks for one execution per block)
grep: /data/blockchain/rust-fleet7-bench/node1/el.log: No such file or directory
grep: /data/blockchain/rust-fleet7-bench/node2/el.log: No such file or directory
grep: /data/blockchain/rust-fleet7-bench/node3/el.log: No such file or directory
grep: /data/blockchain/rust-fleet7-bench/node1/el.log: No such file or directory
grep: /data/blockchain/rust-fleet7-bench/node2/el.log: No such file or directory
grep: /data/blockchain/rust-fleet7-bench/node3/el.log: No such file or directory
cat: /data/blockchain/rust-fleet7-bench/node2/el.log: No such file or directory
cat: /data/blockchain/rust-fleet7-bench/node2/el.log: No such file or directory
cat: /data/blockchain/rust-fleet7-bench/node2/el.log: No such file or directory
cat: /data/blockchain/rust-fleet7-bench/node1/el.log: No such file or directory
cat: /data/blockchain/rust-fleet7-bench/node2/el.log: No such file or directory
cat: /data/blockchain/rust-fleet7-bench/node3/el.log: No such file or directory
Traceback (most recent call last):
  File [35m"<stdin>"[0m, line [35m4[0m, in [35m<module>[0m
[1;35mIndexError[0m: [35mlist index out of range[0m
loop347K21 no_variant=0 own_not_committed=0 tc=0 invalid_blocks=0 incomplete=0 gas_mismatch=0 direct_imports_failed=0 stuck_at_hashed_state=0 engine_idles_over_5s=1 proposals_given_up=0 tables_off_nodes=1 unanswered_reads=0 seal_first_total=1374 seal_first_direct=1374 direct_guard_errors=0 commit_ms_median=0 fold_ms_median=8 sealed_at_ms_median=50 state_ready_ms_median=97 build_total_ms_median=169 recover_us_median=0 par_exec_ms_median=22 par_exec_ms_median=22 giveback_filtered=0 giveback_offered_max=0 seal_first=1374 reader_lag_max=10 reader_lag_warns=0 view_invalidated=0 el_sum_peak_g=36.9 el_max_peak_g=36.9 val_sum_peak_g=9.4 flood_peak_g=0.6 two_roads_blocks=0 two_roads_overlap_ms_median=- exec_on_output_declined=0 r1_collect_ms_median=14 proposal_at_ms_median=29 view_total_ms_median=61 import_exec_ms_median=- import_total_ms_median=- import_senders_ms_median=- import_convert_ms_median=- import_groups_median=- imports_over_600ms=0 min_avail_g=68.4 road_foreign_body_recv_ms=- road_foreign_body_decode_ms=- road_foreign_body_senders_ms=- road_foreign_body_parent_wait_ms=- road_foreign_body_check_ms=- road_foreign_body_total_ms=- road_new_payload_recv_ms=- road_new_payload_decode_ms=- road_new_payload_senders_ms=- road_new_payload_parent_wait_ms=- road_new_payload_check_ms=- road_new_payload_total_ms=- road_foreign_body_blocks=0 road_new_payload_blocks=0 fcu_answered=1808 fcu_in_flight_ms_median=0 fcu_queued_ms_median=0 fcu_queued_ms_max=95 fcu_refused=0 fcu_slow=2334 bodies_held=0 road_reuse_ms=- road_prepare_ms=- road_dispatch_ms=- road_convert_ms=- road_remember_ms=- road_header_ms=- road_fields_ms=- road_other_ms=- import_engine_ms_median=- gate_forced=0 gate_warns=0 flood_timeouts=0 canonical_min=3996 canonical_max=3996 chained_builds=2371 chain_lead_ms_median=58 chain_wait_ms_median=0 chain_started=2371 chain_discarded=0 chain_discard_reasons= chain_alias_warns=0 el_chained=2394 bodies_held_warns=0 el_build_refused=0 el_build_refused_reasons= queued_p5=2317000 queued_p50=2513000 road_compact_blocks=0 road_compact_recv_ms=- road_compact_assemble_ms=- road_compact_root_ms=- road_compact_miss_wait_ms=- road_compact_senders_ms=- road_compact_check_ms=- road_compact_other_ms=- road_compact_total_ms=- road_compact_misses_total= compact_refused_el=0 compact_fallbacks=0 compact_bytes_median=- pool_order9=14708 par_pull_ms_median=0 build_total_ms_median2=52 road_compact_filled_blocks=0 road_compact_filled_median=- road_compact_fill_ms_median=- need_txns=0 fill_failed=0 ingest_rate_gate_open_median=- ingest_gate_open_intervals=0 ingest_slots_busy_median=- flood_rate= fill_asked_proposer=0 fill_asked_other=0 loop_lines=0 loop_unnamed_ms_median=- loop_body_served_ms_median=- loop_txns_served_ms_median=- import_exec_ms_median2=- pip_partition_ms=- pip_env_ms=- pip_batch_ms=- pip_groups_ms=- pip_gas_ms=- pip_merge_ms=- pip_receipts_ms=- pip_drop_ms=- pip_other_ms=- pip_total_ms=- senders_indexed_median=- road_senders_ms_median=- road_total_ms_median=- pew_ms_median=- pew_ms_p90= gate_ms_median=- gate_ms_p90= root_ms_p50=- root_ms_p90= two_roads=0 not_on_output=0 not_on_output_why= ckpt_ms_first_q=2 ckpt_ms_last_q=44 ckpt_bytes_last=32741748 parent_still_importing=0 root_wait_ms_p50=- root_wait_ms_p90= tenures_low_seal=22 seal_first_share=0.99 empty_over_deep=0 near_empty_warns=0 no_seal_why= par_skipped_median=- usable_p5=2316000 ckpt_replay_ms_last_q=15 candidates_zero=0 dropped_ingest=0 let_go_warns=0 let_go_reasons= parked_p50=0 parked_max=0 held_warns=0 park_capped_total=0 superseded_builds=0 empty_not_superseded=0 mass_park_warns=0 heads_lines=0 holes_lines=0 stale_parent_refusals=0 par_groups_p5=0 cancelled_decided=1 heads_nonce0=0 stale_unconfirmed= handovers=0 el_panics=0 decided_cancelled=1 min_window_blocks=419 road_desc_blocks=0 road_desc_total_ms=- road_desc_copy_ms=- desc_misses=0 fill_failed2=0 sf_par_collect_ms=0 sf_par_commit_ms=0 sf_par_fold_ms=8 sf_par_graft_ms=0 sf_par_prefault_ms=0 sf_par_exec_ms=22 sf_sealed_at_ms=50 sf_roots_ms=32 sf_state_ready_ms=97 sf_total_ms=169 ba_find_ms=0 ba_queue_ms=0 ba_total_ms=52 ba_on_output=1373 queue_fold_us=0 queue_lock_us=1 sf_par_exec_ms=22 sf_par_fold_ms=8 pip_groups_ms=- import_exec_ms_median2=- reads_d0=0 reads_hist=0 f_reads_d0=- f_reads_hist=- f_overlay_depth=- L_read_set_ms=0 read_set_accounts=0 read_set_unresolved=0 read_set_hits=0 read_set_misses=0 start_best_ms=- par_prep_ms=- gap_before_exec_ms=- gap_after_exec_ms=- gap_before_seal_ms=- index_ms=- road_copy_aside_ms=- road_copy_wait_ms=- road_total_ms=- queue_first_miss=queue_first_miss=0:2539,queue_first_miss=18446744073709551615:1386 root_append_behind=0 populate_lag_mb=0 swap_used_g=0 root_faults=- root_faults_p90= root_faults_entries=0 root_faults_offsets=0 root_faults_index=0 root_faults_bits=0 root_faults_twigs=0 root_faults_undo=0 root_faults_tmp=0 root_append_faults=0 root_twig_pool_misses=0 batch_max_ms=8 batch_min_ms=2 batch_median_ms=4 batch_cpu_max_ms=8 batch_txs_max=2000 batch_txs_min=1500 batch_start_skew_ms=16 batch_wait_ms=0 loop_fetch_ns=0 loop_check_ns=0 loop_transfer_ns=0 loop_receipt_ns=0 loop_gas_ns=0 loop_sink_ns=0 loop_other_ns=0 batch_setup_ns=0 batch_close_ns=0 imp_exec_part_ms=- imp_exec_batches_ms=- imp_exec_graft_ms=- imp_exec_batches=- imp_exec_threads=- imp_exec_batch_max_ms=- imp_exec_batch_median_ms=- imp_parent_output_wait_ms=- road_parent_output_wait_ms=- next_start_gap_ms=1 next_entry_gap_ms=0 commit_body_ahead_used=- imp_exec_keys_ms=- imp_keys_ahead=- imp_exec_sink_ms=- imp_exec_pre_ms=- imp_exec_post_ms=- imp_exec_receipts_ms=- imp_exec_drop_ms=- root_gap_ms=- queue_whole=queue_whole=false:2539,queue_whole=true:1386 tick_tick_late_us=986 tick_preamble_us=336 tick_take_sealed_us=3 tick_sign_us=1 tick_cache_us=0 tick_presealed=- tick_describe_us=20 tick_publish_us=653 tick_tick_to_send_us=2058 road_check_ms=- road_check_include_us=- road_check_scan_us=- road_check_fold_us=- road_check_senders_us=- road_check_frames_summarized=- road_check_frames_scanned=- imp_exec_start_gap_us=- imp_gap_road_us=- imp_gap_header_us=- imp_gap_senders_us=- imp_gap_parent_us=- imp_gap_setup_us=- imp_gap_keys_wait_us=- sealed_at_p90= sealed_over_130=0 roots_ms=- cycle_p90= batch_max_ms=- batch_median_ms=- imp_batch_max=- forest_lock_warns=1476 root_seal_ms=1 root_seals=38 root_majflt=32255 roots_p90= gp_layer=1383 ggp_missing=181 state_wait_split=0/0/0/0:541,9/0/0/0:67,10/0/0/0:63 qmdb_releases=0 state_wait_on= imp_road_end_ms=- imp_exec_start_ms=- imp_exec_end_ms=- imp_root_end_ms=- imp_fields_ready_ms=- imp_parent_fields_wait_ms=- imp_exec_ms=- imp_root_ms=- imp_checks_ms=- imp_engine_ms=- imp_total_ms=- road_parent_fields_wait_ms=- exec_read_ms=0 L_exec_evm_ms=0 L_exec_write_ms=0 L_exec_other_ms=0 L_reads_cache=0 L_reads_provider=0 L_reads_view=0 L_graft_base_ms=0 L_graft_reserve_ms=0 L_graft_insert_ms=0 L_graft_reverts_ms=0 L_graft_other_ms=0 L_par_exec_ms=22 L_par_graft_ms=0 F_exec_read_ms=- F_exec_evm_ms=- F_exec_write_ms=- F_exec_other_ms=- F_reads_cache=- F_reads_provider=- F_reads_view=- F_groups_ms=- L_tx_root_wait_ms=0 L_par_exec_ms=22 L_par_graft_ms=0 L_par_fold_ms=8 L_sealed_ms=7 L_state_ready_ms=97 L_roots_ms=32 L_finish_ms=105 L_total_ms=169 L_setup_ms=0 L_par_pull_ms=0 L_give_back_ms=0 L_state_wait_ms=5 L_state_after_pull=1374 L_seal_at_exec=1374 L_tx_root_ahead=0 flood_w1=3064938 txs_p10=200000 acq_us=476 slots_busy=13 ingest_rate=2969707 L_scope_join_ms=0 L_par_release_ms=0 L_commit_body_ms=0 L_par_commit_ms=0 L_give_back_ms=0 L_sealed_ms=7 L_par_exec_ms=22 L_state_wait_ms=5 L_par_pull_ms=0 L_par_prep_ms=0 L_par_start_ms=4 L_pre_exec_ms=0 L_par_run_ms=29 L_sealed_at_ms=50 F_partition_ms=- F_env_ms=- F_groups_ms=- F_merge_ms=- F_reverts_wait_ms=- F_ahead_wait_ms=- F_total_ms=- I_engine_ms=- I_root_ms=- I_total_ms=- H_engine_remember_ms=- H_engine_listing_ms=- H_engine_new_payload_ms=- busy_us=1 L_par_start_ms=4 L_start_handoff_ms=0 L_start_best_ms=4 L_start_puller_ms=0 L_par_pull_ms=0 L_par_prep_ms=0 L_state_wait_ms=5 L_par_exec_ms=22 L_par_commit_ms=0 L_sealed_ms=7 L_sealed_at_ms=50 L_par_graft_ms=0 L_graft_insert_ms=0 L_graft_reverts_ms=0 L_graft_split_us=0 L_graft_build_us=0 L_graft_merge_us=0 L_state_ready_ms=97 Q_queue_ms=0 R_dispatch_wait_ms=- R_total_ms=- R_road_runtime=1 gate_holds=0 peer_fetch=0 pool_limit=limit=4 gate_opened=gate_opened_for_block=0 I_root_ms=- flood_rate_hdr=rate=6000000/s fills=0 fill_waited=- slots_busy=13 acq_us=476 busy_us=1 converged=0 fallbacks=0 busy_us=1 recover_us=0 tf_on_output=3 tf_fallback=0 still_importing=0 busy_us=1 slots_busy=13 batches=altsig_txs=0 altsig_batches=0 tf_on_output=3 tf_fallback=0 gate_holds=0 sign_s=sign 0s replay_note=replay       : 64 files from /data/n42-pregen/g900000-400m, 400000000 transactio sign_s=sign 0s shard=shard_verified=0 shard_claimed=0 road_verified=- slots_busy=13 gate_us=7664 reply_us=8236 queued=2513000 assemble_ms=- road_take_ms=- road_body_ms=- road_encode_ms=- shards=16 shard_insert_ms=0 shard_wait_ms=0 shard_fold_ms=14 shard_append_ms=16 shard_merge_ms=59 state_ready_ms=97 roots_ms=32 exec_read_ms=0 exec_evm_ms=0 exec_write_ms=0 exec_other_ms=0 reads_cache=0 reads_provider=0 reads_view=0 par_run_ms=29 fold_task_cpu_max_us=13574 fold_task_minflt_max=1 fold_task_minflt_sum=1 fold_task_migrated=0 fold_task_nivcsw_max=0 fold_index=1 fold_index_build_ms=13 fold_index_conflicts=8224 fold_queue_us=63 fold_skew_us=40 fold_task_max_us=13570 fold_tail_us=19 start_best_ms=4 start_select_ms=0 start_walk_ms=0 start_walk_check_ms=0 start_best_other_ms=0 start_frames_by_ref=0 start_frames_slow=0 start_pull_ms=0 start_other_ms=0 start_handoff_ms=0 par_start_ms=4 par_prep_ms=0 par_commit_ms=0 commit_body_ms=0 par_fold_ms=8 sealed_ms=7 copy_ms=- prune_ms=0 frames=- frames_missing=- frame_root_ms=- root_ms=- frames_admitted=frames_admitted=549346 frames_unaligned=0 frame_root_indexed=- seal_layout_ms=0 seal_root_ms=0 attested= busy_us=1 slots_busy=13 reply_us=8236 prune_ms=0 body_refused=0 body_failed_late=0
loop347K21 win1 tps=3,046,667 txs=91,400,000 blocks= 457 cycle=0.066s occupancy= 99.8% full(>=95%)=456/457 basefee=n/a (from the layer's log)
loop347K21 win2 tps=3,006,667 txs=90,200,000 blocks= 451 cycle=0.067s occupancy=100.0% full(>=95%)=451/451 basefee=n/a (from the layer's log)
loop347K21 win3 tps=2,793,333 txs=83,800,000 blocks= 419 cycle=0.072s occupancy=100.0% full(>=95%)=419/419 basefee=n/a (from the layer's log)
loop347K21 tps=3,046,667 round_txs=265400000 cycles_w1=
loop347K21 imp_fields_p90= b_p75=15
loop347K21 overlay: filter_skips=0 probes=0 ratio=- (ratio = skips/(skips+probes))
loop347K21 overlay_manager:       1 state_trie_overlay=false  state-ovly_cpu=0
loop347K21 verify: written to /data/blockchain/rust-fleet7-bench/bench-loop347K21/verify.json
== many-keys report loop347K21
== loop347K21: 21 validator logs, f=6, quorum 15
1. the leaders' commit lines
  R1_collect (proposal -> prepare QC): n=4275 p50 14.0 p90 34.0 p99 83.0 max 5729.0 ms
  R2_collect (prepare QC -> commit QC): n=4275 p50 17.0 p90 18.0 p99 24.0 max 27.0 ms
  total (proposal -> commit): n=4275 p50 61.0 p90 74.0 p99 128.0 max 5848.0 ms
  votes at formation: R1 median 15 max 15 (quorum 15); R2 median 15 max 15
2. vote collection at the traced leaders (first vote -> quorum -> last vote)
 R1 (vote), 3071 views:
    proposal -> first vote: n=3071 p50 2.9 p90 31.6 p99 77.0 max 283.7 ms
    first vote -> quorum: n=3071 p50 10.1 p90 10.6 p99 11.3 max 5721.9 ms
    quorum -> last vote: n=3071 p50 5.0 p90 5.5 p99 11.4 max 14.4 ms
    proposal -> last vote (the slowest key): n=3071 p50 18.4 p90 47.7 p99 94.4 max 5733.3 ms
   views with fewer than 20 votes received: 0
 R2 (commit_vote), 3071 views:
    proposal -> first vote: n=3071 p50 20.7 p90 50.8 p99 98.4 max 5735.6 ms
    first vote -> quorum: n=3071 p50 10.2 p90 10.6 p99 11.2 max 13.7 ms
    quorum -> last vote: n=3071 p50 1.6 p90 1.7 p99 1.9 max 2.8 ms
    proposal -> last vote (the slowest key): n=3071 p50 32.5 p90 62.7 p99 110.3 max 5747.2 ms
   views with fewer than 20 votes received: 0
3. the straggler rule and the loop
  proposal interval (same leader, consecutive views): n=4270 p50 61.5 p90 64.8 p99 109.6 max 5749.6 ms; >= 500 ms: 1
  no `slow step` lines
4. gossip propagation (proposal sent -> received at a traced follower)
    proposal arrival delay: n=9754 p50 0.2 p90 0.5 p99 1.1 max 10.7 ms
5. validators
validators n=21: cpu total 6.30 cores, per key mean 0.300 median 0.282 max 0.505 (key 1) min 0.242; rss per key peak mean 0.447 max 0.477 G, sum of peaks 9.4 G; threads per key mean 59, total 1239
libp2p connections (last census of 5): 418 in all (a full mesh of 21 is 210); sockets per process min 19 median 20 max 20
== loop347K21  (E=1: seven validator keys on one execution layer)
  window 1: canonical 457 blocks, 91.4M tx = 3,046,667/s (100.0% of window 1), full 456/457 (100%); cycle mean/median/p90 65.8/61.5/75.2 ms
    leader builds 456: sealed_at median/p90/p99 48/65/90; phases median/p90 ms: gap_before_exec 5/21, state_wait 5/20, par 48/67, par_exec 22/28, roots 28/41, parent_fields 3/19, sealed 5/20
    state_wait_on {'output': 233, 'none': 180, 'grandparent': 40, 'layer_release': 2, 'open': 1}; builds with state_wait > 20 ms: 45 ([('grandparent', 36), ('output', 9)]); gp_layer {1.0: 456}, ggp_missing {0.0: 413, 1.0: 43}
    queue at the builds min/median 698,500/2,514,250
    new field batch_cpu_sum_us: median/p90/max 602958.5/750654.0/2329401, nonzero 456
    new field batch_dispatch_us: median/p90/max 193.5/285.0/482, nonzero 456
    new field batch_first_start_us: median/p90/max 71.0/106.0/190, nonzero 456
    new field batch_ivcsw: median/p90/max 1.0/7.0/36, nonzero 264
    new field batch_last_end_us: median/p90/max 21961.0/27670.0/79908, nonzero 456
    new field batch_last_start_us: median/p90/max 16923.0/21624.0/64061, nonzero 456
    new field batch_live_deferred: median/p90/max 73.0/80.0/89, nonzero 456
    new field batch_live_lock_hold_us: median/p90/max 10560.5/12422.0/19341, nonzero 456
    new field batch_live_lock_wait_us: median/p90/max 0.0/0.0/0, nonzero 0
    new field batch_live_lock_waits: median/p90/max 0.0/0.0/0, nonzero 0
    new field batch_majflt: median/p90/max 0.0/0.0/0, nonzero 0
    new field batch_minflt: median/p90/max 871.5/9526.0/25775, nonzero 456
    new field batch_open_max_us: median/p90/max 391.0/475.0/3839, nonzero 456
    new field batch_open_sum_us: median/p90/max 9525.0/11937.0/18503, nonzero 456
    new field batch_threads: median/p90/max 32.0/32.0/32, nonzero 456
    new field batch_vcsw: median/p90/max 171.0/472.0/996, nonzero 456
    new field batch_view_index_wait_us: median/p90/max 0.0/18179.0/72668, nonzero 92
    new field batch_view_index_waits: median/p90/max 0.0/249.0/744, nonzero 92
    new field batch_view_slot_wait_us: median/p90/max 0.0/1874.0/4364, nonzero 100
    new field batch_view_slot_waits: median/p90/max 0.0/53.0/109, nonzero 100
    new field batch_wall_sum_us: median/p90/max 608649.5/775259.0/2331948, nonzero 456
    new field batches: median/p90/max 128.0/128.0/128, nonzero 456
    new field build_batches: median/p90/max 128.0/128.0/128, nonzero 456
    new field carried_depth: median/p90/max 1.0/1.0/1, nonzero 456
    new field exec_end_to_seal_us: median/p90/max 97.0/154.0/317, nonzero 456
    new field exec_partition_us: median/p90/max 6.0/9.0/1511, nonzero 456
    new field exec_prepared_groups: {'true': 452, 'false': 4}
    new field exec_prepared_slots: {'true': 452, 'false': 4}
    new field exec_slots_us: median/p90/max 0.0/0.0/2224, nonzero 6
    new field freeze_join_wait_us: median/p90/max 9580.0/18202.0/31258, nonzero 456
    new field freeze_late: {'true': 456}
    new field freeze_pool_own: {'true': 456}
    new field live_index_defer: {'true': 456}
    new field merge_accounts: median/p90/max 191593.5/194983.0/198464, nonzero 456
    new field merge_append_us: median/p90/max 2646.0/7274.0/17429, nonzero 456
    new field merge_reverts: median/p90/max 191593.5/194983.0/198464, nonzero 456
    new field merge_reverts_us: median/p90/max 14947.0/20209.0/32830, nonzero 456
    new field merge_state_us: median/p90/max 37961.0/47118.0/66430, nonzero 456
    new field merge_tail_us: median/p90/max 0.0/0.0/1, nonzero 7
    new field merge_threads: median/p90/max 1.0/1.0/1, nonzero 456
    new field one_wave: {'false': 456}
    new field open_engine_us: median/p90/max 0.0/0.0/69464, nonzero 43
    new field open_fallback: {'false': 413, 'true': 43}
    new field open_keep_us: median/p90/max 6.0/9.0/6129, nonzero 456
    new field open_kept_accounts: median/p90/max 574527.0/581906.0/592423, nonzero 456
    new field open_layers: median/p90/max 3.0/3.0/3, nonzero 456
    new field open_provider_us: median/p90/max 95.0/153.0/842, nonzero 456
    new field plan_age_us: median/p90/max 44783.5/107395.0/351101, nonzero 456
    new field plan_ahead: median/p90/max 1.0/1.0/2, nonzero 456
    new field plan_body: median/p90/max 1.0/1.0/2, nonzero 455
    new field plan_body_us: median/p90/max 15547.0/19566.0/23553, nonzero 452
    new field plan_discard: {'': 456}
    new field plan_prep_us: median/p90/max 7973.5/15075.0/24569, nonzero 456
    new field plan_topup_txs: median/p90/max 0.0/0.0/119000, nonzero 1
    new field prep_from_plan: {'true': 452, 'false': 4}
    new field prev_seal_to_answer_us: median/p90/max 1914.5/3234.0/7326, nonzero 456
    new field prev_seal_to_entry_us: median/p90/max 0.0/0.0/0, nonzero 0
    new field prev_seal_to_header_us: median/p90/max 204.5/330.0/1207, nonzero 456
    new field prev_seal_to_import_us: median/p90/max 111359.5/150271.0/253079, nonzero 428
    new field prev_seal_to_request_us: median/p90/max 1126.0/72803.0/253011, nonzero 456
    new field prev_seal_to_start_us: median/p90/max 1448.5/73038.0/253189, nonzero 456
    new field pull_bulk_txs: median/p90/max 200000.0/200000.0/200000, nonzero 456
    new field pull_bulk_us: median/p90/max 5.0/8.0/1217, nonzero 456
    new field rename_fallbacks: median/p90/max 0.0/0.0/0, nonzero 0
    new field rename_record_waits: median/p90/max 0.0/0.0/0, nonzero 0
    new field root_apply_gap_us: median/p90/max 10.0/12.0/23, nonzero 456
    new field root_apply_total_us: median/p90/max 19959.5/30081.0/43659, nonzero 456
    new field root_compute_us: median/p90/max 21786.5/32380.0/45041, nonzero 456
    new field root_delta_us: median/p90/max 1214.5/2313.0/12857, nonzero 456
    new field root_index_us: median/p90/max 2593.5/4370.0/15533, nonzero 456
    new field root_leaves_us: median/p90/max 6540.5/9541.0/20305, nonzero 456
    new field root_note_us: median/p90/max 157.0/259.0/1209, nonzero 456
    new field root_ops_ahead: {'true': 456}
    new field root_ops_ahead_wait_us: median/p90/max 2453.0/7481.0/20925, nonzero 456
    new field root_ops_concat_us: median/p90/max 0.0/0.0/0, nonzero 0
    new field root_ops_encode_us: median/p90/max 5122.0/8884.0/22117, nonzero 456
    new field root_ops_finish_us: median/p90/max 2254.5/2858.0/6612, nonzero 456
    new field root_ops_sort_us: median/p90/max 3242.5/6769.0/16960, nonzero 456
    new field root_ops_us: median/p90/max 4619.5/9825.0/22815, nonzero 456
    new field root_rehash_us: median/p90/max 1394.5/1856.0/14154, nonzero 456
    new field root_retire_us: median/p90/max 1608.5/2827.0/8074, nonzero 456
    new field root_sort_us: median/p90/max 186.0/383.0/4584, nonzero 456
    new field root_undo_us: median/p90/max 356.0/733.0/1959, nonzero 456
    new field root_writes_us: median/p90/max 6854.0/10973.0/22677, nonzero 456
    new field seal_hashes_ahead: {'true': 456}
    new field seal_on_counters: {'true': 456}
    new field seal_to_complete_us: median/p90/max 107471.5/125055.0/142383, nonzero 456
    new field seal_to_frozen_us: median/p90/max 9560.0/18160.0/31192, nonzero 351
    new field seal_to_merge_end_us: median/p90/max 107392.5/124933.0/142236, nonzero 456
    new field seal_to_merge_start_us: median/p90/max 48671.0/63045.0/76530, nonzero 456
    new field seal_to_ops_ahead_us: median/p90/max 21129.0/31038.0/46216, nonzero 456
    new field seal_to_state_ready_us: median/p90/max 107401.5/124944.0/142249, nonzero 456
    new field sealed_unix_us: median/p90/max 1791432127467140.0/1791432138997215.0/1791432141962042, nonzero 456
    new field start_walk_check_us: median/p90/max 0.0/0.0/163, nonzero 1
    new field start_walk_ids_us: median/p90/max 0.0/0.0/79, nonzero 1
    new field start_walk_settle_us: median/p90/max 0.0/0.0/0, nonzero 0
    new field start_walk_us: median/p90/max 0.0/0.0/3135, nonzero 1
    new field state_wait_us: median/p90/max 5087.0/20479.0/77767, nonzero 456
    new field view_journal_reads: median/p90/max 0.0/90112.0/176128, nonzero 210
    new field view_journal_searches: median/p90/max 0.0/243048.0/514534, nonzero 210
    new field view_journal_skips: median/p90/max 0.0/0.0/0, nonzero 0
    new field whole_take_noted: {'true': 456}
    binding wait (tick / quorum / seal share, mean cycle): tick 97% (64); quorum 3% (136); seal 0% (73); feed-bound (blocks under 95% of the tier): 1 of 457
    slowest key vote delay median/p90 4.5/38.9 ms
    engine own-import total_ms per block median/p90/max 34/56/86 (n=456)
    layer RSS 4.7 -> 26.4 G (max 26.4), in-memory blocks max 10
    execution layer cores busy 34.1    validators cores busy 6.3
    flood delivered (median per 5 s over the leg) 2,974,976/s
  window 2: canonical 451 blocks, 90.2M tx = 3,006,667/s (98.7% of window 1), full 451/451 (100%); cycle mean/median/p90 66.2/61.6/76.5 ms
    leader builds 452: sealed_at median/p90/p99 51/68/94; phases median/p90 ms: gap_before_exec 5/24, state_wait 5/24, par 51/71, par_exec 22/27, roots 35/47, parent_fields 8/25, sealed 9/26
    state_wait_on {'grandparent': 65, 'none': 166, 'output': 217, 'open': 2, 'layer_release': 2}; builds with state_wait > 20 ms: 49 ([('grandparent', 48), ('output', 1)]); gp_layer {1.0: 452}, ggp_missing {1.0: 67, 0.0: 385}
    queue at the builds min/median 2,244,000/2,516,500
    new field batch_cpu_sum_us: median/p90/max 597728.0/711418.0/1523231, nonzero 452
    new field batch_dispatch_us: median/p90/max 206.5/286.0/3969, nonzero 452
    new field batch_first_start_us: median/p90/max 75.0/114.0/356, nonzero 452
    new field batch_ivcsw: median/p90/max 1.0/7.0/35, nonzero 285
    new field batch_last_end_us: median/p90/max 22174.5/26838.0/50171, nonzero 452
    new field batch_last_start_us: median/p90/max 16987.0/20336.0/46381, nonzero 452
    new field batch_live_deferred: median/p90/max 73.0/81.0/158, nonzero 452
    new field batch_live_lock_hold_us: median/p90/max 10587.5/12452.0/23939, nonzero 452
    new field batch_live_lock_wait_us: median/p90/max 0.0/0.0/0, nonzero 0
    new field batch_live_lock_waits: median/p90/max 0.0/0.0/0, nonzero 0
    new field batch_majflt: median/p90/max 0.0/0.0/0, nonzero 0
    new field batch_minflt: median/p90/max 866.5/10984.0/26737, nonzero 452
    new field batch_open_max_us: median/p90/max 381.0/467.0/4079, nonzero 452
    new field batch_open_sum_us: median/p90/max 9431.5/12033.0/15529, nonzero 452
    new field batch_threads: median/p90/max 32.0/32.0/32, nonzero 452
    new field batch_vcsw: median/p90/max 180.0/608.0/917, nonzero 452
    new field batch_view_index_wait_us: median/p90/max 0.0/32376.0/65626, nonzero 119
    new field batch_view_index_waits: median/p90/max 0.0/387.0/671, nonzero 119
    new field batch_view_slot_wait_us: median/p90/max 0.0/2211.0/4681, nonzero 128
    new field batch_view_slot_waits: median/p90/max 0.0/63.0/118, nonzero 128
    new field batch_wall_sum_us: median/p90/max 615141.5/738862.0/1524836, nonzero 452
    new field batches: median/p90/max 128.0/128.0/128, nonzero 452
    new field build_batches: median/p90/max 128.0/128.0/128, nonzero 452
    new field carried_depth: median/p90/max 1.0/1.0/1, nonzero 452
    new field exec_end_to_seal_us: median/p90/max 96.0/152.0/662, nonzero 452
    new field exec_partition_us: median/p90/max 6.0/8.0/1620, nonzero 452
    new field exec_prepared_groups: {'true': 448, 'false': 4}
    new field exec_prepared_slots: {'true': 449, 'false': 3}
    new field exec_slots_us: median/p90/max 0.0/0.0/2270, nonzero 4
    new field freeze_join_wait_us: median/p90/max 3873.5/15380.0/25730, nonzero 452
    new field freeze_late: {'true': 452}
    new field freeze_pool_own: {'true': 452}
    new field live_index_defer: {'true': 452}
    new field merge_accounts: median/p90/max 192227.5/195408.0/198482, nonzero 452
    new field merge_append_us: median/p90/max 3745.5/8024.0/22036, nonzero 452
    new field merge_reverts: median/p90/max 192227.5/195408.0/198482, nonzero 452
    new field merge_reverts_us: median/p90/max 16298.0/22214.0/45192, nonzero 452
    new field merge_state_us: median/p90/max 39650.0/48692.0/67237, nonzero 452
    new field merge_tail_us: median/p90/max 0.0/0.0/1, nonzero 10
    new field merge_threads: median/p90/max 1.0/1.0/1, nonzero 452
    new field one_wave: {'false': 452}
    new field open_engine_us: median/p90/max 0.0/20199.0/84401, nonzero 67
    new field open_fallback: {'false': 385, 'true': 67}
    new field open_keep_us: median/p90/max 6.0/10.0/6389, nonzero 452
    new field open_kept_accounts: median/p90/max 576890.5/583542.0/590991, nonzero 452
    new field open_layers: median/p90/max 3.0/3.0/3, nonzero 452
    new field open_provider_us: median/p90/max 101.0/160.0/894, nonzero 452
    new field plan_age_us: median/p90/max 47165.5/111198.0/159084, nonzero 452
    new field plan_ahead: median/p90/max 1.0/1.0/1, nonzero 452
    new field plan_body: median/p90/max 1.0/1.0/2, nonzero 452
    new field plan_body_us: median/p90/max 18216.0/20617.0/25191, nonzero 449
    new field plan_discard: {'': 452}
    new field plan_prep_us: median/p90/max 7601.5/15144.0/31693, nonzero 452
    new field plan_topup_txs: median/p90/max 0.0/0.0/0, nonzero 0
    new field prep_from_plan: {'true': 449, 'false': 3}
    new field prev_seal_to_answer_us: median/p90/max 1896.0/3165.0/7819, nonzero 452
    new field prev_seal_to_entry_us: median/p90/max 0.0/0.0/0, nonzero 0
    new field prev_seal_to_header_us: median/p90/max 204.0/313.0/1883, nonzero 452
    new field prev_seal_to_import_us: median/p90/max 123648.5/150369.0/211337, nonzero 420
    new field prev_seal_to_request_us: median/p90/max 1043.5/71950.0/130543, nonzero 452
    new field prev_seal_to_start_us: median/p90/max 1365.5/72315.0/130905, nonzero 452
    new field pull_bulk_txs: median/p90/max 200000.0/200000.0/200000, nonzero 452
    new field pull_bulk_us: median/p90/max 5.0/9.0/1242, nonzero 452
    new field rename_fallbacks: median/p90/max 0.0/0.0/0, nonzero 0
    new field rename_record_waits: median/p90/max 0.0/0.0/0, nonzero 0
    new field root_apply_gap_us: median/p90/max 11.0/14.0/22, nonzero 452
    new field root_apply_total_us: median/p90/max 23270.5/32389.0/54812, nonzero 452
    new field root_compute_us: median/p90/max 25507.5/36101.0/56558, nonzero 452
    new field root_delta_us: median/p90/max 1267.0/2835.0/14319, nonzero 452
    new field root_index_us: median/p90/max 3104.5/6971.0/23684, nonzero 452
    new field root_leaves_us: median/p90/max 7514.5/11759.0/24516, nonzero 452
    new field root_note_us: median/p90/max 145.5/218.0/1108, nonzero 452
    new field root_ops_ahead: {'true': 452}
    new field root_ops_ahead_wait_us: median/p90/max 3886.5/10678.0/22785, nonzero 452
    new field root_ops_concat_us: median/p90/max 0.0/0.0/0, nonzero 0
    new field root_ops_encode_us: median/p90/max 5986.5/10928.0/20203, nonzero 452
    new field root_ops_finish_us: median/p90/max 2293.5/3401.0/8715, nonzero 452
    new field root_ops_sort_us: median/p90/max 3487.0/7820.0/19474, nonzero 452
    new field root_ops_us: median/p90/max 6405.5/13586.0/24938, nonzero 452
    new field root_rehash_us: median/p90/max 1975.0/2681.0/17195, nonzero 452
    new field root_retire_us: median/p90/max 1685.0/2908.0/6719, nonzero 452
    new field root_sort_us: median/p90/max 195.5/448.0/5400, nonzero 452
    new field root_undo_us: median/p90/max 361.5/749.0/2917, nonzero 452
    new field root_writes_us: median/p90/max 7018.5/10775.0/23993, nonzero 452
    new field seal_hashes_ahead: {'true': 452}
    new field seal_on_counters: {'true': 452}
    new field seal_to_complete_us: median/p90/max 115045.5/132614.0/162692, nonzero 452
    new field seal_to_frozen_us: median/p90/max 3832.0/15339.0/25580, nonzero 269
    new field seal_to_merge_end_us: median/p90/max 114918.5/132505.0/162583, nonzero 452
    new field seal_to_merge_start_us: median/p90/max 53067.5/66486.0/96280, nonzero 452
    new field seal_to_ops_ahead_us: median/p90/max 21129.0/29942.0/42709, nonzero 452
    new field seal_to_state_ready_us: median/p90/max 114926.0/132511.0/162588, nonzero 452
    new field sealed_unix_us: median/p90/max 1791432156918984.5/1791432168875038.0/1791432171999938, nonzero 452
    new field start_walk_check_us: median/p90/max 0.0/0.0/0, nonzero 0
    new field start_walk_ids_us: median/p90/max 0.0/0.0/0, nonzero 0
    new field start_walk_settle_us: median/p90/max 0.0/0.0/0, nonzero 0
    new field start_walk_us: median/p90/max 0.0/0.0/0, nonzero 0
    new field state_wait_us: median/p90/max 5184.5/24590.0/101987, nonzero 452
    new field view_journal_reads: median/p90/max 0.0/81920.0/204800, nonzero 221
    new field view_journal_searches: median/p90/max 0.0/216653.0/661395, nonzero 221
    new field view_journal_skips: median/p90/max 0.0/0.0/0, nonzero 0
    new field whole_take_noted: {'true': 452}
    binding wait (tick / quorum / seal share, mean cycle): tick 95% (64); quorum 5% (109); seal 0%; feed-bound (blocks under 95% of the tier): 0 of 451
    slowest key vote delay median/p90 12.4/44.3 ms
    engine own-import total_ms per block median/p90/max 37/61/81 (n=451)
    layer RSS 25.7 -> 33.5 G (max 33.5), in-memory blocks max 10
    execution layer cores busy 34.9    validators cores busy 6.2
  window 3: canonical 419 blocks, 83.8M tx = 2,793,333/s (91.7% of window 1), full 419/419 (100%); cycle -
    leader builds 419: sealed_at median/p90/p99 51/81/179; phases median/p90 ms: gap_before_exec 5/27, state_wait 5/27, par 52/84, par_exec 23/33, roots 34/59, parent_fields 6/31, sealed 7/32
    state_wait_on {'output': 190, 'none': 160, 'grandparent': 66, 'layer_release': 2, 'open': 1}; builds with state_wait > 20 ms: 50 ([('grandparent', 50)]); gp_layer {1.0: 419}, ggp_missing {0.0: 352, 1.0: 67}
    queue at the builds min/median 1,752,500/2,518,000
    new field batch_cpu_sum_us: median/p90/max 603447.0/781845.0/2210006, nonzero 419
    new field batch_dispatch_us: median/p90/max 212.0/305.0/3672, nonzero 419
    new field batch_first_start_us: median/p90/max 74.0/113.0/230, nonzero 419
    new field batch_ivcsw: median/p90/max 1.0/8.0/32, nonzero 250
    new field batch_last_end_us: median/p90/max 23072.0/33001.0/167477, nonzero 419
    new field batch_last_start_us: median/p90/max 17483.0/23123.0/161027, nonzero 419
    new field batch_live_deferred: median/p90/max 74.0/91.0/378, nonzero 419
    new field batch_live_lock_hold_us: median/p90/max 11320.0/15244.0/65128, nonzero 419
    new field batch_live_lock_wait_us: median/p90/max 0.0/0.0/0, nonzero 0
    new field batch_live_lock_waits: median/p90/max 0.0/0.0/0, nonzero 0
    new field batch_majflt: median/p90/max 0.0/0.0/24313, nonzero 32
    new field batch_minflt: median/p90/max 1230.0/13064.0/37613, nonzero 419
    new field batch_open_max_us: median/p90/max 386.0/508.0/3906, nonzero 419
    new field batch_open_sum_us: median/p90/max 9437.0/12199.0/17673, nonzero 419
    new field batch_threads: median/p90/max 32.0/32.0/32, nonzero 419
    new field batch_vcsw: median/p90/max 183.0/700.0/24619, nonzero 419
    new field batch_view_index_wait_us: median/p90/max 0.0/24363.0/926299, nonzero 95
    new field batch_view_index_waits: median/p90/max 0.0/307.0/621, nonzero 95
    new field batch_view_slot_wait_us: median/p90/max 0.0/2018.0/35225, nonzero 102
    new field batch_view_slot_waits: median/p90/max 0.0/54.0/138, nonzero 103
    new field batch_wall_sum_us: median/p90/max 627999.0/906840.0/5249553, nonzero 419
    new field batches: median/p90/max 128.0/128.0/128, nonzero 419
    new field build_batches: median/p90/max 128.0/128.0/128, nonzero 419
    new field carried_depth: median/p90/max 1.0/1.0/1, nonzero 419
    new field exec_end_to_seal_us: median/p90/max 90.0/136.0/610, nonzero 419
    new field exec_partition_us: median/p90/max 6.0/9.0/1627, nonzero 419
    new field exec_prepared_groups: {'true': 414, 'false': 5}
    new field exec_prepared_slots: {'true': 414, 'false': 5}
    new field exec_slots_us: median/p90/max 0.0/0.0/2268, nonzero 5
    new field freeze_join_wait_us: median/p90/max 7585.0/15192.0/23669, nonzero 419
    new field freeze_late: {'true': 419}
    new field freeze_pool_own: {'true': 419}
    new field live_index_defer: {'true': 419}
    new field merge_accounts: median/p90/max 192026.0/195356.0/198228, nonzero 419
    new field merge_append_us: median/p90/max 3651.0/10358.0/24915, nonzero 419
    new field merge_reverts: median/p90/max 192026.0/195356.0/198228, nonzero 419
    new field merge_reverts_us: median/p90/max 15805.0/21727.0/168472, nonzero 419
    new field merge_state_us: median/p90/max 40190.0/50674.0/64344, nonzero 419
    new field merge_tail_us: median/p90/max 0.0/0.0/2, nonzero 3
    new field merge_threads: median/p90/max 1.0/1.0/1, nonzero 419
    new field one_wave: {'false': 419}
    new field open_engine_us: median/p90/max 0.0/20190.0/81445, nonzero 67
    new field open_fallback: {'false': 352, 'true': 67}
    new field open_keep_us: median/p90/max 6.0/9.0/5803, nonzero 419
    new field open_kept_accounts: median/p90/max 576000.0/583675.0/589507, nonzero 419
    new field open_layers: median/p90/max 3.0/3.0/3, nonzero 419
    new field open_provider_us: median/p90/max 95.0/170.0/2483, nonzero 419
    new field plan_age_us: median/p90/max 50148.0/111708.0/189408, nonzero 419
    new field plan_ahead: median/p90/max 1.0/1.0/1, nonzero 419
    new field plan_body: median/p90/max 1.0/1.0/2, nonzero 419
    new field plan_body_us: median/p90/max 18620.0/21119.0/30729, nonzero 414
    new field plan_discard: {'': 419}
    new field plan_prep_us: median/p90/max 7778.0/14845.0/154056, nonzero 419
    new field plan_topup_txs: median/p90/max 0.0/0.0/0, nonzero 0
    new field prep_from_plan: {'true': 414, 'false': 5}
    new field prev_seal_to_answer_us: median/p90/max 1907.0/3682.0/6803, nonzero 419
    new field prev_seal_to_entry_us: median/p90/max 0.0/0.0/0, nonzero 0
    new field prev_seal_to_header_us: median/p90/max 182.0/335.0/1533, nonzero 419
    new field prev_seal_to_import_us: median/p90/max 127255.0/168291.0/331053, nonzero 386
    new field prev_seal_to_request_us: median/p90/max 1076.0/73768.0/140519, nonzero 419
    new field prev_seal_to_start_us: median/p90/max 1415.0/74258.0/140951, nonzero 419
    new field pull_bulk_txs: median/p90/max 200000.0/200000.0/200000, nonzero 419
    new field pull_bulk_us: median/p90/max 5.0/8.0/1502, nonzero 419
    new field rename_fallbacks: median/p90/max 0.0/0.0/0, nonzero 0
    new field rename_record_waits: median/p90/max 0.0/0.0/0, nonzero 0
    new field root_apply_gap_us: median/p90/max 11.0/14.0/22, nonzero 419
    new field root_apply_total_us: median/p90/max 23365.0/32758.0/161327, nonzero 419
    new field root_compute_us: median/p90/max 25553.0/36125.0/163514, nonzero 419
    new field root_delta_us: median/p90/max 1275.0/3328.0/9238, nonzero 419
    new field root_index_us: median/p90/max 3099.0/6315.0/19273, nonzero 419
    new field root_leaves_us: median/p90/max 7367.0/12511.0/149671, nonzero 419
    new field root_note_us: median/p90/max 140.0/218.0/1308, nonzero 419
    new field root_ops_ahead: {'true': 419}
    new field root_ops_ahead_wait_us: median/p90/max 3269.0/11437.0/223809, nonzero 419
    new field root_ops_concat_us: median/p90/max 0.0/0.0/0, nonzero 0
    new field root_ops_encode_us: median/p90/max 6008.0/11624.0/151665, nonzero 419
    new field root_ops_finish_us: median/p90/max 2298.0/3747.0/10694, nonzero 419
    new field root_ops_sort_us: median/p90/max 3268.0/7693.0/78732, nonzero 419
    new field root_ops_us: median/p90/max 5679.0/14866.0/226512, nonzero 419
    new field root_rehash_us: median/p90/max 2528.0/3747.0/25927, nonzero 419
    new field root_retire_us: median/p90/max 1748.0/2699.0/9045, nonzero 419
    new field root_sort_us: median/p90/max 202.0/383.0/3251, nonzero 419
    new field root_undo_us: median/p90/max 334.0/684.0/2079, nonzero 419
    new field root_writes_us: median/p90/max 6782.0/9894.0/42090, nonzero 419
    new field seal_hashes_ahead: {'true': 419}
    new field seal_on_counters: {'true': 419}
    new field seal_to_complete_us: median/p90/max 116665.0/148647.0/364618, nonzero 419
    new field seal_to_frozen_us: median/p90/max 7533.0/15137.0/23634, nonzero 276
    new field seal_to_merge_end_us: median/p90/max 116564.0/148554.0/364477, nonzero 419
    new field seal_to_merge_start_us: median/p90/max 53384.0/79493.0/269131, nonzero 419
    new field seal_to_ops_ahead_us: median/p90/max 21287.0/30486.0/237714, nonzero 419
    new field seal_to_state_ready_us: median/p90/max 116575.0/148564.0/364489, nonzero 419
    new field sealed_unix_us: median/p90/max 1791432186724561.0/1791432199212987.0/1791432201946319, nonzero 419
    new field start_walk_check_us: median/p90/max 0.0/0.0/0, nonzero 0
    new field start_walk_ids_us: median/p90/max 0.0/0.0/0, nonzero 0
    new field start_walk_settle_us: median/p90/max 0.0/0.0/0, nonzero 0
    new field start_walk_us: median/p90/max 0.0/0.0/0, nonzero 0
    new field state_wait_us: median/p90/max 5084.0/27516.0/97717, nonzero 419
    new field view_journal_reads: median/p90/max 0.0/86016.0/155648, nonzero 182
    new field view_journal_searches: median/p90/max 0.0/228172.0/481958, nonzero 182
    new field view_journal_skips: median/p90/max 0.0/0.0/0, nonzero 0
    new field whole_take_noted: {'true': 419}
    engine own-import total_ms per block median/p90/max 41/65/117 (n=419)
    layer RSS 32.9 -> 33.5 G (max 37.4), in-memory blocks max 10
    execution layer cores busy 32.4    validators cores busy 5.7
  round total (3 windows, canonical): 265.4M tx
  layer peak RSS 37.4 G; in-memory blocks max 10
  fields at seal: mode "early", verified 0, unchecked 0, mismatches 0 (last build line, cumulative)
  own_executed_again (built here and also directly imported): 0 of 1374 built blocks
== loop347K21
  layer-0 leader window-1 builds 457: txs mean 200000, share >= 95% of the tier 100% (max 200000); sealed_at_ms 47.0/65.0; par_ms 49.0/68.0; par_exec_ms 22.0/28.0; roots_ms 28.0/41.0; parent_fields_ms 3.0/19.0; sealed_ms 5.0/20.0
  proposal cycle window 1 (n=472): mean 65.8 median 61.5 p90 75.0 ms; blocks in the 30 s: 472
  binding wait (tick / quorum / seal, share and mean cycle): tick 96.9% (63.8); quorum 2.9% (136.5); seal 0.2% (72.7)
  vote delay after the proposal, slowest key per block: median 4.5 p90 38.9 ms (slowest minus the median key: median 0.3); last key: {1: 95, 2: 70, 3: 78, 4: 84, 5: 72, 6: 57} of 456 blocks
  CPU in window 1 (cores busy): execution layers 34.1 over 1 process(es); validators 6.3 over 21 process(es)
  execution layer peak RSS 37.4 G; in-memory blocks max 10 (node0 and others, all layers)
  blocks built here 1374; none also directly imported
  import-once counters at the last direct import: ; start-up lines with import_once=true: 1; queue-lock lines 0
  layer-0 queue (queued after canonical prune), median per 10 s: t+0:2512500 t+20:2514000 t+40:2509500 t+60:2519000 t+80:2518250
  flood: median per 5 s 2974976/s, final -
  timeout / given-up lines: 0; 
loop347K21 page_faults_per_s_median: node0=178951 
feedcheck loop347K21: ok (block 200,000 tx)
== loop347K21: feed check (acq_us / gate_us / reply_us are per frame of 500; rate per 5 s `ingest` line)
  window 1: ingest lines 6; acq_us 474 (max 537); gate_us 7026; reply_us 7604; slots_busy 12%; delivered median 3,005,054/s max 3,215,759/s; queue at builds median 2,514,250 min 698,500; full 100% of 457 blocks
  window 2: ingest lines 6; acq_us 472 (max 483); gate_us 7388; reply_us 7964; slots_busy 13%; delivered median 3,039,612/s max 3,106,225/s; queue at builds median 2,516,500 min 2,244,000; full 100% of 451 blocks
  window 3: ingest lines 6; acq_us 488 (max 518); gate_us 8020; reply_us 8604; slots_busy 12%; delivered median 2,872,746/s max 2,972,039/s; queue at builds median 2,518,000 min 1,752,500; full 100% of 419 blocks
  flood.log (+15..+100 s): rate per 5 s median 2,974,976/s max 3,201,726/s; reply latency median 64.5 ms max 78.2 ms
== loop347K21: lanes lock, drain and pruner (new fields)
  window 1: lock duty 54.5% (max 60.0); holds/5s 2,118; longest hold 27.03 ms median, 39.89 ms max by crates/n42/tx-queue/src/lib.rs:2046 (most frequent holders [('crates/n42/tx-queue/src/lib.rs:2046', 5), ('crates/n42/tx-queue/src/lib.rs:1766', 1)]); lock wait 2420.8 ms/5s, longest 39.94 ms; drains/5s 952 of 15812 tx, mean 1332 us, max 19.71 ms
           prune (415 blocks): prune_ms 33/56; fold 0.6 ms, lock 0.0 ms, remove(hold) 8.3 ms, free 0.0 ms; frames_swept 400; coalesced on 415 of 415; prune_wait_ms 0/0; pruner busy 48% of a thread, lock held by it 1.8%
  window 2: lock duty 56.0% (max 57.0); holds/5s 2,152; longest hold 25.17 ms median, 28.47 ms max by crates/n42/tx-queue/src/lib.rs:2046 (most frequent holders [('crates/n42/tx-queue/src/lib.rs:2046', 6)]); lock wait 2660.8 ms/5s, longest 42.56 ms; drains/5s 958 of 15999 tx, mean 1398 us, max 19.04 ms
           prune (419 blocks): prune_ms 33/52; fold 0.5 ms, lock 0.0 ms, remove(hold) 9.6 ms, free 0.0 ms; frames_swept 400; coalesced on 419 of 419; prune_wait_ms 0/0; pruner busy 47% of a thread, lock held by it 1.3%
  window 3: lock duty 54.5% (max 59.0); holds/5s 2,019; longest hold 29.22 ms median, 154.04 ms max by crates/n42/tx-queue/src/lib.rs:2692 (most frequent holders [('crates/n42/tx-queue/src/lib.rs:2046', 4), ('crates/n42/tx-queue/src/lib.rs:2692', 2)]); lock wait 2623.1 ms/5s, longest 154.02 ms; drains/5s 884 of 16234 tx, mean 1441 us, max 22.58 ms
           prune (390 blocks): prune_ms 32/60; fold 0.6 ms, lock 0.0 ms, remove(hold) 9.1 ms, free 0.0 ms; frames_swept 400; coalesced on 390 of 390; prune_wait_ms 0/0; pruner busy 46% of a thread, lock held by it 1.3%
== loop347K21: pruner (per block; busy = sum prune_ms / 30 s, lock = sum (remove_us + settle_us) / 30 s)
  window 1: 415 prunes; prune_ms 33/56; remove_us 8.3/19.7 ms; forget_us 3.1/5.4 ms; settle_us 3.2 ms; pruner busy 48% of a worker; lanes lock held for removal 21%
  window 2: 419 prunes; prune_ms 33/52; remove_us 9.6/20.1 ms; forget_us 2.9/5.0 ms; settle_us 3.0 ms; pruner busy 47% of a worker; lanes lock held for removal 22%
  window 3: 390 prunes; prune_ms 32/60; remove_us 9.1/21.1 ms; forget_us 3.0/5.3 ms; settle_us 3.0 ms; pruner busy 46% of a worker; lanes lock held for removal 20%
== loop347K21: seal start / pull, prepared plan, answer, chunked drain
  window 1: 456 builds; start_best_ms 4/15; start_walk_us 0/0; start_pull_ms 0/0; par_pull_ms 0/0; par_start_ms 4/15; par_ms 48/67; sealed_at_ms 48/65; pull_bulk_us 5/8; pull_bulk_txs 200000/200000; plan_age_us 44784/107395; plan_prep_us 7974/15075; plan_topup_txs 0/0
           plan_ahead {'2': 1, '1': 455}; plan_discard {'': 456}
           answer: built-ahead bytes median/max 15,243/15,245, layout_only {'true': 456}; proposal sent bytes median/max 15,243/15,245, layout_only {'true': 455}
           drain: chunks/5s 783, chunk max 8,192 tx, finished by others/5s 54; plan_discards (last ingest line) -
  window 2: 452 builds; start_best_ms 4/16; start_walk_us 0/0; start_pull_ms 0/0; par_pull_ms 0/0; par_start_ms 4/16; par_ms 51/71; sealed_at_ms 51/68; pull_bulk_us 5/9; pull_bulk_txs 200000/200000; plan_age_us 47166/111198; plan_prep_us 7602/15144; plan_topup_txs 0/0
           plan_ahead {'1': 452}; plan_discard {'': 452}
           answer: built-ahead bytes median/max 15,245/15,245, layout_only {'true': 452}; proposal sent bytes median/max 15,245/15,245, layout_only {'true': 452}
           drain: chunks/5s 797, chunk max 8,192 tx, finished by others/5s 60; plan_discards (last ingest line) -
  window 3: 419 builds; start_best_ms 4/18; start_walk_us 0/0; start_pull_ms 0/0; par_pull_ms 0/0; par_start_ms 4/18; par_ms 52/84; sealed_at_ms 51/81; pull_bulk_us 5/8; pull_bulk_txs 200000/200000; plan_age_us 50148/111708; plan_prep_us 7778/14845; plan_topup_txs 0/0
           plan_ahead {'1': 419}; plan_discard {'': 419}
           answer: built-ahead bytes median/max 15,245/15,245, layout_only {'true': 419}; proposal sent bytes median/max 15,245/15,245, layout_only {'true': 419}
           drain: chunks/5s 750, chunk max 8,192 tx, finished by others/5s 52; plan_discards (last ingest line) -
== loop347K21: persistence per window (ms per block = part sum / blocks persisted)
  window 1: persisted 451 of 457 produced (99%); total 31.1, sf_tx 28.0, sf_rcpt 6.3, sf_acct 13.2, sf_send 11.2, scope 28.1, qmdb 12.4, post 0.0, pre 3.0, plain_rev 3.0, commit_sf 0.7, commit_mdbx 0.1, commit_rocks 0.0; longest task sf_tx 28.0; in-memory 6 -> 10 (max 10); RSS 4.7 -> 25.7 G; lag 8 -> 10 = +5.0 blocks/min; bp max 0
  window 2: persisted 451 of 451 produced (100%); total 34.4, sf_tx 30.7, sf_rcpt 6.9, sf_acct 14.1, sf_send 11.1, scope 30.8, qmdb 16.6, post 0.0, pre 3.6, plain_rev 3.6, commit_sf 0.8, commit_mdbx 0.1, commit_rocks 0.1; longest task sf_tx 30.7; in-memory 10 -> 10 (max 10); RSS 25.7 -> 32.9 G; lag 10 -> 10 = +0.0 blocks/min; bp max 0
  window 3: persisted 420 of 419 produced (100%); total 38.5, sf_tx 31.7, sf_rcpt 6.8, sf_acct 13.9, sf_send 11.2, scope 34.8, qmdb 22.1, post 0.0, pre 3.7, plain_rev 3.7, commit_sf 0.9, commit_mdbx 0.1, commit_rocks 0.1; longest task sf_tx 31.7; in-memory 10 -> 10 (max 10); RSS 32.9 -> 32.5 G; lag 10 -> 10 = +0.0 blocks/min; bp max 0
  leg end: in-memory 6, max over the sampler 10, backpressure stalls 0
== loop347K21: execution and root fields (median / p90 per block); over 1373 full builds: rename_fallbacks total 0, rename_record_waits total 0, carried_depth values ['1']
    folded lines 455: pending_max max 86 (median 72); pending_us_max max 22,374; drops_max max 44374
    flags: seal_on_counters true:456; freeze_pool_own true:456; plan_body 0:1/1:452/2:3; prep_from_plan false:4/true:452; plan_ahead 1:455/2:1; seal per 1,000 transfers 0.237 ms
  window 1 (456 builds): on-CPU share 1.00/1.00; CPU per transfer 3.01/3.75 us; sealed_at_ms 48/65; par_exec_ms 22/28; par_fold_ms 9/18; index_ms 15/21; par_start_ms 4/15; gap_before_exec_ms 5/21; state_wait_us 5,087/20,479; parent_fields_ms 3/19; roots_ms 28/41; seal_to_fields_us 48,542/62,908; seal_to_complete_us 107,472/125,055; rename_fallbacks 0/0; rename_record_waits 0/0; carried_depth 1/1; plan_body_us 15,547/19,566; batch_max_ms 8/13; tx_root_ms 1/1; sealed_ms 5/20
    folded lines 453: pending_max max 87 (median 72); pending_us_max max 16,159; drops_max max 38865
    flags: seal_on_counters true:452; freeze_pool_own true:452; plan_body 1:449/2:3; prep_from_plan false:3/true:449; plan_ahead 1:452; seal per 1,000 transfers 0.255 ms
  window 2 (452 builds): on-CPU share 1.00/1.00; CPU per transfer 2.99/3.56 us; sealed_at_ms 51/68; par_exec_ms 22/27; par_fold_ms 7/15; index_ms 13/18; par_start_ms 4/16; gap_before_exec_ms 5/24; state_wait_us 5,184/24,590; parent_fields_ms 8/25; roots_ms 35/47; seal_to_fields_us 52,940/66,414; seal_to_complete_us 115,046/132,614; rename_fallbacks 0/0; rename_record_waits 0/0; carried_depth 1/1; plan_body_us 18,216/20,617; batch_max_ms 8/12; tx_root_ms 1/1; sealed_ms 9/26
    folded lines 419: pending_max max 90 (median 73); pending_us_max max 15,826; drops_max max 32035
    flags: seal_on_counters true:419; freeze_pool_own true:419; plan_body 1:414/2:5; prep_from_plan false:5/true:414; plan_ahead 1:419; seal per 1,000 transfers 0.255 ms
  window 3 (419 builds): on-CPU share 1.00/1.00; CPU per transfer 3.02/3.91 us; sealed_at_ms 51/81; par_exec_ms 23/33; par_fold_ms 8/15; index_ms 13/17; par_start_ms 4/18; gap_before_exec_ms 5/27; state_wait_us 5,084/27,516; parent_fields_ms 6/31; roots_ms 34/59; seal_to_fields_us 53,295/79,372; seal_to_complete_us 116,665/148,647; rename_fallbacks 0/0; rename_record_waits 0/0; carried_depth 1/1; plan_body_us 18,620/21,119; batch_max_ms 9/21; tx_root_ms 1/1; sealed_ms 7/32
== loop347K21: 4275 proposals; proposal -> quorum (leader's commit) median 32.0 / p90 53.6 / max 311.9 ms; proposal interval median 61.5 / p90 64.8 ms; TC formed lines 0; leader views timed out 0; ParentUnknown lines 0
   handover at view 1024: proposal intervals (view, ms) [(1023, 61), (1024, 111), (1025, 65), (1026, 60), (1027, 84)] against the median 61 ms
   handover at view 2048: proposal intervals (view, ms) [(2047, 62), (2048, 61), (2049, 61), (2050, 61), (2051, 61)] against the median 61 ms
   handover at view 3072: proposal intervals (view, ms) [(3071, 61), (3072, 62), (3073, 61), (3074, 62), (3075, 62)] against the median 61 ms
   handover at view 4096: proposal intervals (view, ms) [(4095, 61), (4096, 62), (4097, 62), (4098, 61), (4099, 61)] against the median 61 ms
     block 1026 (view 1025): sealed_at_ms 44, gap_before_exec_ms 7, parent_fields_ms 10, rename_fallbacks 0, rename_record_waits 0, carried_depth 1
     block 1027 (view 1026): sealed_at_ms 43, gap_before_exec_ms 4, parent_fields_ms 12, rename_fallbacks 0, rename_record_waits 0, carried_depth 1
     block 1028 (view 1027): sealed_at_ms 49, gap_before_exec_ms 29, parent_fields_ms 0, rename_fallbacks 0, rename_record_waits 0, carried_depth 1
flood span 95 s; tokio-rt threads alive throughout 34 of 74; group 9.3 cores busy over them (all threads incl. short-lived 12.3)
  per-thread cores busy, top 12: 0.57 0.56 0.56 0.56 0.56 0.55 0.55 0.55 0.55 0.55 0.55 0.55; threads over 0.9 core: 0, over 0.7: 0
== loop347K21: 1327 full builds in the 3 windows
  par_exec_ms 22/28; par_run_ms 29/50; batch_start_skew_ms 17/21; batch_median_ms 4/5; batch_max_ms 8/14; batch_first_start_us 74/112; batch_last_start_us 17106/21491; batch_dispatch_us 204/289; batch_last_end_us 22374/28738; batches 128/128; batch_threads 32/32; batch_txs_max 2000/2000; batch_txs_min 1500/1500; start_walk_ms 0/0; start_walk_check_ms 0/0; par_start_ms 4/16; sealed_at_ms 50/71; prev_seal_to_answer_us 1902/3401; prev_seal_to_entry_us 0/0; prev_seal_to_header_us 196/327; prev_seal_to_import_us 120395/156712; prev_seal_to_request_us 1080/72819; prev_seal_to_start_us 1401/73171; start_walk_check_us 0/0; start_walk_ids_us 0/0; start_walk_settle_us 0/0; start_walk_us 0/0
  one_wave {'false': 1327}
  batches == batch_threads on 0 of 1327 builds
  last - first batch start (ms) median/p90 17.00/21.44; under 2 ms on 0 of 1327 builds
bodygate loop347K21: invalid_blocks=0 gas_mismatch=0 fields_mismatches=0 own_not_committed=0 proposals_given_up=0
leg loop347K99: /data free 555G (needs 120 G)
load 12.74 at 00:06:19, waiting
plan loop347K99: exit 0 (99 validators, 1 layer(s)): # validators 99, execution layers 1, 128 CPUs a layer, import-once 1, shared 1; # validators : 96 CPUs set aside, taskset -c 64-111,192-239; # fleet    : 99 nodes, quorum 67 of 99 (f = 32); 0 refusals
leg loop347K99 start 00:06:50 load 7.16
round loop347K99 exit 0 at 00:10:03
loop347K99 save stages (node0, seconds summed over the leg / count): batch_size=585.0/188  batch_size=585.0/188  reth_consensus_engine_beacon_persistence_duration=89.1/188  duration_seconds=88.0/188  total=84.8/188  scope=83.0/188  qmdb_persisted=82.6/188  sf=11.9/188  sf_transactions=11.7/188  sf_account_changesets=5.7/188
el binary: /data/n42-build/target-n42-rs/native/release/n42 env: N42_IMPORT_ONCE=1 N42_SETTLEMENT_TAGS=legacy N42_BUILD_THROTTLE_SOFT=48 F7_EL_MAP=0,0,0,0,0,0,0,0,0,0,0,0,0,0,0,0,0,0,0,0,0,0,0,0,0,0,0,0,0,0,0,0,0,0,0,0,0,0,0,0,0,0,0,0,0,0,0,0,0,0,0,0,0,0,0,0,0,0,0,0,0,0,0,0,0,0,0,0,0,0,0,0,0,0,0,0,0,0,0,0,0,0,0,0,0,0,0,0,0,0,0,0,0,0,0,0,0,0,0 N42_FIELDS_AT_SEAL=1 N42_FREEZE_AFTER_SEAL=1 N42_FRAME_BLOCKS=1 N42_TX_INGEST_RECOVER_PARALLEL=24 N42_FREEZE_POOL=own N42_PARALLEL_BUILD_THREADS=32 N42_PLAN_AHEAD=1 N42_HASHED_TABLES=off F7_FLOOD_RATE=6000000 N42_COMPACT_BODY=1 N42_BUILD_BATCHES=128 MALLOC_CONF=thp:always,oversize_threshold:0,dirty_decay_ms:2000,background_thread:true N42_SEAL_ON_COUNTERS=1 N42_ACCOUNT_HISTORY=off N42_TAKE_COMPACT=1 N42_SF_EARLY_WRITEBACK=1 N42_ROAD_RUNTIME=1 N42_TX_INGEST_HIGH_WATER=2500000 F7_BENCH_POOL_SLOTS=3000000 N42_PLAN_AHEAD_BODY=1 N42_SEAL_AT_EXEC=1 N42_TX_QUEUE_DRAIN_CHUNK=8192 N42_ANSWER_LAYOUT_ONLY=1 N42_PULL_BY_FRAMES=1 N42_SF_PARALLEL_ENCODE=1 N42_BUILD_THROTTLE_HARD=80 N42_LIVE_INDEX_DEFER=1 RAYON_NUM_THREADS=16 F7_VAL_CPUS=96 N42_ROOT_OPS_AHEAD=1 TOKIO_WORKER_THREADS=16 N42_QMDB_READS=on N42_LEADER_LAYERS=3 N42_PERSIST_QMDB_IN_SCOPE=1 F7_BLOCK_INTERVAL_MS=60 F7_MEASURE_FROM_LOG=1
validator env: N42_IMPORT_ONCE=1 N42_SETTLEMENT_TAGS=legacy N42_BUILD_THROTTLE_SOFT=48 F7_EL_MAP=0,0,0,0,0,0,0,0,0,0,0,0,0,0,0,0,0,0,0,0,0,0,0,0,0,0,0,0,0,0,0,0,0,0,0,0,0,0,0,0,0,0,0,0,0,0,0,0,0,0,0,0,0,0,0,0,0,0,0,0,0,0,0,0,0,0,0,0,0,0,0,0,0,0,0,0,0,0,0,0,0,0,0,0,0,0,0,0,0,0,0,0,0,0,0,0,0,0,0 N42_FIELDS_AT_SEAL=1 N42_FREEZE_AFTER_SEAL=1 N42_FRAME_BLOCKS=1 N42_TX_INGEST_RECOVER_PARALLEL=24 N42_FREEZE_POOL=own N42_PARALLEL_BUILD_THREADS=32 N42_PLAN_AHEAD=1 N42_HASHED_TABLES=off F7_FLOOD_RATE=6000000 N42_COMPACT_BODY=1 N42_BUILD_BATCHES=128 N42_SEAL_ON_COUNTERS=1 N42_ACCOUNT_HISTORY=off N42_TAKE_COMPACT=1 N42_SF_EARLY_WRITEBACK=1 N42_ROAD_RUNTIME=1 N42_TX_INGEST_HIGH_WATER=2500000 F7_BENCH_POOL_SLOTS=3000000 N42_PLAN_AHEAD_BODY=1 N42_SEAL_AT_EXEC=1 N42_TX_QUEUE_DRAIN_CHUNK=8192 N42_ANSWER_LAYOUT_ONLY=1 N42_PULL_BY_FRAMES=1 N42_SF_PARALLEL_ENCODE=1 N42_BUILD_THROTTLE_HARD=80 N42_LIVE_INDEX_DEFER=1 RAYON_NUM_THREADS=16 F7_VAL_CPUS=96 N42_ROOT_OPS_AHEAD=1 TOKIO_WORKER_THREADS=16 N42_QMDB_READS=on N42_LEADER_LAYERS=3 N42_PERSIST_QMDB_IN_SCOPE=1 F7_MEASURE_FROM_LOG=1
loop347K99 once: start-up lines import_once=true 1; last direct-import counters 
loop347K99 imports: layers=1 direct_imports=0 canonical_blocks=890 import_once_lines=1 (per layer: direct imports should equal canonical blocks for one execution per block)
grep: /data/blockchain/rust-fleet7-bench/node1/el.log: No such file or directory
grep: /data/blockchain/rust-fleet7-bench/node2/el.log: No such file or directory
grep: /data/blockchain/rust-fleet7-bench/node3/el.log: No such file or directory
grep: /data/blockchain/rust-fleet7-bench/node1/el.log: No such file or directory
grep: /data/blockchain/rust-fleet7-bench/node2/el.log: No such file or directory
grep: /data/blockchain/rust-fleet7-bench/node3/el.log: No such file or directory
cat: /data/blockchain/rust-fleet7-bench/node2/el.log: No such file or directory
cat: /data/blockchain/rust-fleet7-bench/node2/el.log: No such file or directory
cat: /data/blockchain/rust-fleet7-bench/node2/el.log: No such file or directory
cat: /data/blockchain/rust-fleet7-bench/node1/el.log: No such file or directory
cat: /data/blockchain/rust-fleet7-bench/node2/el.log: No such file or directory
cat: /data/blockchain/rust-fleet7-bench/node3/el.log: No such file or directory
Traceback (most recent call last):
  File [35m"<stdin>"[0m, line [35m4[0m, in [35m<module>[0m
[1;35mIndexError[0m: [35mlist index out of range[0m
loop347K99 no_variant=0 own_not_committed=0 tc=4 invalid_blocks=0 incomplete=0 gas_mismatch=0 direct_imports_failed=0 stuck_at_hashed_state=0 engine_idles_over_5s=1 proposals_given_up=5 tables_off_nodes=1 unanswered_reads=0 seal_first_total=378 seal_first_direct=378 direct_guard_errors=0 commit_ms_median=0 fold_ms_median=7 sealed_at_ms_median=204 state_ready_ms_median=274 build_total_ms_median=520 recover_us_median=0 par_exec_ms_median=70 par_exec_ms_median=70 giveback_filtered=0 giveback_offered_max=0 seal_first=378 reader_lag_max=17 reader_lag_warns=0 view_invalidated=0 el_sum_peak_g=14.4 el_max_peak_g=14.4 val_sum_peak_g=100.9 flood_peak_g=0.6 two_roads_blocks=0 two_roads_overlap_ms_median=- exec_on_output_declined=0 r1_collect_ms_median=66 proposal_at_ms_median=6 view_total_ms_median=159 import_exec_ms_median=- import_total_ms_median=- import_senders_ms_median=- import_convert_ms_median=- import_groups_median=- imports_over_600ms=0 min_avail_g=2.9 road_foreign_body_recv_ms=- road_foreign_body_decode_ms=- road_foreign_body_senders_ms=- road_foreign_body_parent_wait_ms=- road_foreign_body_check_ms=- road_foreign_body_total_ms=- road_new_payload_recv_ms=- road_new_payload_decode_ms=- road_new_payload_senders_ms=- road_new_payload_parent_wait_ms=- road_new_payload_check_ms=- road_new_payload_total_ms=- road_foreign_body_blocks=0 road_new_payload_blocks=0 fcu_answered=403 fcu_in_flight_ms_median=16 fcu_queued_ms_median=0 fcu_queued_ms_max=87 fcu_refused=0 fcu_slow=340 bodies_held=0 road_reuse_ms=- road_prepare_ms=- road_dispatch_ms=- road_convert_ms=- road_remember_ms=- road_header_ms=- road_fields_ms=- road_other_ms=- import_engine_ms_median=- gate_forced=0 gate_warns=0 flood_timeouts=0 canonical_min=890 canonical_max=890 chained_builds=598 chain_lead_ms_median=97 chain_wait_ms_median=14 chain_started=599 chain_discarded=2 chain_discard_reasons=_1_reason="no_,_1_reason="the_chained_build_produced_nothing,_1_reason="the_execution_layer_produced_nothing chain_alias_warns=0 el_chained=598 bodies_held_warns=0 el_build_refused=2 el_build_refused_reasons=_2_no_QMDB_tree_for_parent_block_0x queued_p5=2246500 queued_p50=2527000 road_compact_blocks=0 road_compact_recv_ms=- road_compact_assemble_ms=- road_compact_root_ms=- road_compact_miss_wait_ms=- road_compact_senders_ms=- road_compact_check_ms=- road_compact_other_ms=- road_compact_total_ms=- road_compact_misses_total= compact_refused_el=0 compact_fallbacks=3 compact_bytes_median=- pool_order9=13842 par_pull_ms_median=0 build_total_ms_median2=206 road_compact_filled_blocks=0 road_compact_filled_median=- road_compact_fill_ms_median=- need_txns=0 fill_failed=0 ingest_rate_gate_open_median=- ingest_gate_open_intervals=0 ingest_slots_busy_median=- flood_rate= fill_asked_proposer=0 fill_asked_other=0 loop_lines=1 loop_unnamed_ms_median=265 loop_body_served_ms_median=- loop_txns_served_ms_median=- import_exec_ms_median2=- pip_partition_ms=- pip_env_ms=- pip_batch_ms=- pip_groups_ms=- pip_gas_ms=- pip_merge_ms=- pip_receipts_ms=- pip_drop_ms=- pip_other_ms=- pip_total_ms=- senders_indexed_median=- road_senders_ms_median=- road_total_ms_median=- pew_ms_median=- pew_ms_p90= gate_ms_median=- gate_ms_p90= root_ms_p50=- root_ms_p90= two_roads=0 not_on_output=0 not_on_output_why= ckpt_ms_first_q=4 ckpt_ms_last_q=76 ckpt_bytes_last=8887332 parent_still_importing=20 root_wait_ms_p50=- root_wait_ms_p90= tenures_low_seal=6 seal_first_share=0.98 empty_over_deep=0 near_empty_warns=0 no_seal_why= par_skipped_median=- usable_p5=2323000 ckpt_replay_ms_last_q=17 candidates_zero=0 dropped_ingest=0 let_go_warns=0 let_go_reasons= parked_p50=0 parked_max=0 held_warns=0 park_capped_total=0 superseded_builds=0 empty_not_superseded=0 mass_park_warns=0 heads_lines=0 holes_lines=0 stale_parent_refusals=0 par_groups_p5=0 cancelled_decided=0 heads_nonce0=0 stale_unconfirmed= handovers=20 el_panics=0 decided_cancelled=0 min_window_blocks=104 road_desc_blocks=0 road_desc_total_ms=- road_desc_copy_ms=- desc_misses=0 fill_failed2=0 sf_par_collect_ms=0 sf_par_commit_ms=0 sf_par_fold_ms=7 sf_par_graft_ms=0 sf_par_prefault_ms=0 sf_par_exec_ms=70 sf_sealed_at_ms=204 sf_roots_ms=148 sf_state_ready_ms=274 sf_total_ms=520 ba_find_ms=0 ba_queue_ms=0 ba_total_ms=206 ba_on_output=378 queue_fold_us=0 queue_lock_us=1 sf_par_exec_ms=70 sf_par_fold_ms=7 pip_groups_ms=- import_exec_ms_median2=- reads_d0=0 reads_hist=0 f_reads_d0=- f_reads_hist=- f_overlay_depth=- L_read_set_ms=0 read_set_accounts=0 read_set_unresolved=0 read_set_hits=0 read_set_misses=0 start_best_ms=- par_prep_ms=- gap_before_exec_ms=- gap_after_exec_ms=- gap_before_seal_ms=- index_ms=- road_copy_aside_ms=- road_copy_wait_ms=- road_total_ms=- queue_first_miss=queue_first_miss=0:501,queue_first_miss=18446744073709551615:388 root_append_behind=0 populate_lag_mb=4 swap_used_g=0 root_faults=- root_faults_p90= root_faults_entries=0 root_faults_offsets=0 root_faults_index=0 root_faults_bits=6 root_faults_twigs=8 root_faults_undo=1287 root_faults_tmp=0 root_append_faults=1293 root_twig_pool_misses=0 batch_max_ms=48 batch_min_ms=3 batch_median_ms=11 batch_cpu_max_ms=8 batch_txs_max=2000 batch_txs_min=1500 batch_start_skew_ms=51 batch_wait_ms=0 loop_fetch_ns=0 loop_check_ns=0 loop_transfer_ns=0 loop_receipt_ns=0 loop_gas_ns=0 loop_sink_ns=0 loop_other_ns=0 batch_setup_ns=0 batch_close_ns=0 imp_exec_part_ms=- imp_exec_batches_ms=- imp_exec_graft_ms=- imp_exec_batches=- imp_exec_threads=- imp_exec_batch_max_ms=- imp_exec_batch_median_ms=- imp_parent_output_wait_ms=- road_parent_output_wait_ms=- next_start_gap_ms=1 next_entry_gap_ms=0 commit_body_ahead_used=- imp_exec_keys_ms=- imp_keys_ahead=- imp_exec_sink_ms=- imp_exec_pre_ms=- imp_exec_post_ms=- imp_exec_receipts_ms=- imp_exec_drop_ms=- root_gap_ms=- queue_whole=queue_whole=false:501,queue_whole=true:388 tick_tick_late_us=0 tick_preamble_us=521 tick_take_sealed_us=6 tick_sign_us=2 tick_cache_us=0 tick_presealed=- tick_describe_us=51 tick_publish_us=1069 tick_tick_to_send_us=2091 road_check_ms=- road_check_include_us=- road_check_scan_us=- road_check_fold_us=- road_check_senders_us=- road_check_frames_summarized=- road_check_frames_scanned=- imp_exec_start_gap_us=- imp_gap_road_us=- imp_gap_header_us=- imp_gap_senders_us=- imp_gap_parent_us=- imp_gap_setup_us=- imp_gap_keys_wait_us=- sealed_at_p90= sealed_over_130=0 roots_ms=- cycle_p90= batch_max_ms=- batch_median_ms=- imp_batch_max=- forest_lock_warns=951 root_seal_ms=15 root_seals=10 root_majflt=87663 roots_p90= gp_layer=384 ggp_missing=0 state_wait_split=0/0/0/0:53,9/0/0/0:45,8/0/0/0:39 qmdb_releases=1 state_wait_on= imp_road_end_ms=- imp_exec_start_ms=- imp_exec_end_ms=- imp_root_end_ms=- imp_fields_ready_ms=- imp_parent_fields_wait_ms=- imp_exec_ms=- imp_root_ms=- imp_checks_ms=- imp_engine_ms=- imp_total_ms=- road_parent_fields_wait_ms=- exec_read_ms=0 L_exec_evm_ms=0 L_exec_write_ms=0 L_exec_other_ms=0 L_reads_cache=0 L_reads_provider=0 L_reads_view=0 L_graft_base_ms=0 L_graft_reserve_ms=0 L_graft_insert_ms=0 L_graft_reverts_ms=0 L_graft_other_ms=0 L_par_exec_ms=70 L_par_graft_ms=0 F_exec_read_ms=- F_exec_evm_ms=- F_exec_write_ms=- F_exec_other_ms=- F_reads_cache=- F_reads_provider=- F_reads_view=- F_groups_ms=- L_tx_root_wait_ms=0 L_par_exec_ms=70 L_par_graft_ms=0 L_par_fold_ms=7 L_sealed_ms=72 L_state_ready_ms=274 L_roots_ms=148 L_finish_ms=278 L_total_ms=520 L_setup_ms=0 L_par_pull_ms=0 L_give_back_ms=0 L_state_wait_ms=10 L_state_after_pull=378 L_seal_at_exec=378 L_tx_root_ahead=0 flood_w1=799801 txs_p10=200000 acq_us=916 slots_busy=3 ingest_rate=761828 L_scope_join_ms=0 L_par_release_ms=0 L_commit_body_ms=0 L_par_commit_ms=0 L_give_back_ms=0 L_sealed_ms=72 L_par_exec_ms=70 L_state_wait_ms=10 L_par_pull_ms=0 L_par_prep_ms=0 L_par_start_ms=0 L_pre_exec_ms=0 L_par_run_ms=85 L_sealed_at_ms=204 F_partition_ms=- F_env_ms=- F_groups_ms=- F_merge_ms=- F_reverts_wait_ms=- F_ahead_wait_ms=- F_total_ms=- I_engine_ms=- I_root_ms=- I_total_ms=- H_engine_remember_ms=- H_engine_listing_ms=- H_engine_new_payload_ms=- busy_us=1 L_par_start_ms=0 L_start_handoff_ms=0 L_start_best_ms=0 L_start_puller_ms=0 L_par_pull_ms=0 L_par_prep_ms=0 L_state_wait_ms=10 L_par_exec_ms=70 L_par_commit_ms=0 L_sealed_ms=72 L_sealed_at_ms=204 L_par_graft_ms=0 L_graft_insert_ms=0 L_graft_reverts_ms=0 L_graft_split_us=0 L_graft_build_us=0 L_graft_merge_us=0 L_state_ready_ms=274 Q_queue_ms=0 R_dispatch_wait_ms=- R_total_ms=- R_road_runtime=1 gate_holds=0 peer_fetch=0 pool_limit=limit=4 gate_opened=gate_opened_for_block=0 I_root_ms=- flood_rate_hdr=rate=6000000/s fills=0 fill_waited=- slots_busy=3 acq_us=916 busy_us=1 converged=0 fallbacks=0 busy_us=1 recover_us=0 tf_on_output=0 tf_fallback=0 still_importing=20 busy_us=1 slots_busy=3 batches=altsig_txs=0 altsig_batches=0 tf_on_output=0 tf_fallback=0 gate_holds=0 sign_s=sign 0s replay_note=replay       : 64 files from /data/n42-pregen/g900000-400m, 400000000 transactio sign_s=sign 0s shard=shard_verified=0 shard_claimed=0 road_verified=- slots_busy=3 gate_us=39175 reply_us=40096 queued=2527000 assemble_ms=- road_take_ms=- road_body_ms=- road_encode_ms=- shards=16 shard_insert_ms=0 shard_wait_ms=0 shard_fold_ms=10 shard_append_ms=20 shard_merge_ms=88 state_ready_ms=274 roots_ms=148 exec_read_ms=0 exec_evm_ms=0 exec_write_ms=0 exec_other_ms=0 reads_cache=0 reads_provider=0 reads_view=0 par_run_ms=85 fold_task_cpu_max_us=9881 fold_task_minflt_max=126 fold_task_minflt_sum=126 fold_task_migrated=0 fold_task_nivcsw_max=0 fold_index=1 fold_index_build_ms=10 fold_index_conflicts=9287 fold_queue_us=59 fold_skew_us=29 fold_task_max_us=9955 fold_tail_us=19 start_best_ms=0 start_select_ms=0 start_walk_ms=0 start_walk_check_ms=0 start_best_other_ms=0 start_frames_by_ref=0 start_frames_slow=0 start_pull_ms=0 start_other_ms=0 start_handoff_ms=0 par_start_ms=0 par_prep_ms=0 par_commit_ms=0 commit_body_ms=0 par_fold_ms=7 sealed_ms=72 copy_ms=- prune_ms=0 frames=- frames_missing=- frame_root_ms=- root_ms=- frames_admitted=frames_admitted=151121 frames_unaligned=0 frame_root_indexed=- seal_layout_ms=0 seal_root_ms=0 attested= busy_us=1 slots_busy=3 reply_us=40096 prune_ms=0 body_refused=3 body_failed_late=3
MEMORY FLOOR loop347K99: 2.9 G free at its lowest
loop347K99 win1 tps= 913,333 txs=27,400,000 blocks= 137 cycle=0.219s occupancy=100.0% full(>=95%)=137/137 basefee=n/a (from the layer's log)
loop347K99 win2 tps= 760,000 txs=22,800,000 blocks= 114 cycle=0.263s occupancy=100.0% full(>=95%)=114/114 basefee=n/a (from the layer's log)
loop347K99 win3 tps= 693,333 txs=20,800,000 blocks= 104 cycle=0.288s occupancy=100.0% full(>=95%)=104/104 basefee=n/a (from the layer's log)
loop347K99 tps=913,333 round_txs=71000000 cycles_w1=
loop347K99 imp_fields_p90= b_p75=68
loop347K99 overlay: filter_skips=0 probes=0 ratio=- (ratio = skips/(skips+probes))
loop347K99 overlay_manager:       1 state_trie_overlay=false  state-ovly_cpu=0
loop347K99 verify: no node answered
== many-keys report loop347K99
== loop347K99: 99 validator logs, f=32, quorum 67
1. the leaders' commit lines
  R1_collect (proposal -> prepare QC): n=891 p50 66.0 p90 73.0 p99 193.0 max 5853.0 ms
  R2_collect (prepare QC -> commit QC): n=891 p50 85.0 p90 89.0 p99 96.0 max 100.0 ms
  total (proposal -> commit): n=891 p50 159.0 p90 311.0 p99 662.0 max 6008.0 ms
  votes at formation: R1 median 67 max 67 (quorum 67); R2 median 67 max 67
2. vote collection at the traced leaders (first vote -> quorum -> last vote)
 R1 (vote), 891 views:
    proposal -> first vote: n=891 p50 4.4 p90 7.8 p99 129.3 max 287.8 ms
    first vote -> quorum: n=891 p50 58.1 p90 62.4 p99 67.8 max 5840.9 ms
    quorum -> last vote: n=891 p50 24.8 p90 26.1 p99 31.1 max 35.5 ms
    proposal -> last vote (the slowest key): n=891 p50 87.6 p90 95.6 p99 214.7 max 5875.9 ms
   views with fewer than 98 votes received: 1
 R2 (commit_vote), 891 views:
    proposal -> first vote: n=891 p50 91.2 p90 100.4 p99 218.7 max 5880.2 ms
    first vote -> quorum: n=891 p50 57.2 p90 60.1 p99 63.4 max 65.0 ms
    quorum -> last vote: n=891 p50 5.0 p90 5.8 p99 7.1 max 125.1 ms
    proposal -> last vote (the slowest key): n=891 p50 153.8 p90 164.8 p99 282.6 max 5945.0 ms
   views with fewer than 98 votes received: 0
3. the straggler rule and the loop
  proposal interval (same leader, consecutive views): n=890 p50 160.8 p90 309.8 p99 624.5 max 5950.0 ms; >= 500 ms: 30
  `slow step` lines: 2285 (transport+flush > 30 ms); by slowest event kind: native: 2285 (max 502 ms)
  leaders' lines: 1786
4. gossip propagation (proposal sent -> received at a traced follower)
    proposal arrival delay: n=1782 p50 0.5 p90 2.1 p99 5.8 max 9.4 ms
5. validators
validators n=99: cpu total 26.21 cores, per key mean 0.265 median 0.253 max 0.960 (key 0) min 0.218; rss per key peak mean 0.997 max 1.259 G, sum of peaks 98.7 G; threads per key mean 123, total 12177
libp2p connections (last census of 5): 9696 in all (a full mesh of 99 is 4851); sockets per process min 96 median 98 max 98
== loop347K99  (E=1: seven validator keys on one execution layer)
  window 1: canonical 138 blocks, 27.6M tx = 920,000/s (100.0% of window 1), full 137/138 (99%); cycle mean/median/p90 216.6/171.0/340.8 ms
    leader builds 137: sealed_at median/p90/p99 163/355/588; phases median/p90 ms: gap_before_exec 11/30, state_wait 11/25, par 177/360, par_exec 65/198, roots 89/342, parent_fields 16/275, sealed 16/275
    state_wait_on {'output': 118, 'provider_open': 5, 'layer_release': 7, 'none': 7}; builds with state_wait > 20 ms: 18 ([('output', 18)]); gp_layer {1.0: 137}, ggp_missing {0.0: 137}
    queue at the builds min/median 2,152,000/2,525,500
    new field batch_cpu_sum_us: median/p90/max 614709.0/858625.0/1955405, nonzero 137
    new field batch_dispatch_us: median/p90/max 214.0/959.0/2239, nonzero 137
    new field batch_first_start_us: median/p90/max 88.0/737.0/2144, nonzero 137
    new field batch_ivcsw: median/p90/max 1.0/5.0/8, nonzero 79
    new field batch_last_end_us: median/p90/max 65318.0/198396.0/303240, nonzero 137
    new field batch_last_start_us: median/p90/max 43308.0/139897.0/276202, nonzero 137
    new field batch_live_deferred: median/p90/max 49.0/70.0/91, nonzero 137
    new field batch_live_lock_hold_us: median/p90/max 15005.0/19720.0/22981, nonzero 137
    new field batch_live_lock_wait_us: median/p90/max 0.0/0.0/0, nonzero 0
    new field batch_live_lock_waits: median/p90/max 0.0/0.0/0, nonzero 0
    new field batch_majflt: median/p90/max 7497.0/27389.0/54014, nonzero 137
    new field batch_minflt: median/p90/max 8035.0/29039.0/43337, nonzero 137
    new field batch_open_max_us: median/p90/max 466.0/1253.0/3478, nonzero 137
    new field batch_open_sum_us: median/p90/max 10056.0/21850.0/90824, nonzero 137
    new field batch_threads: median/p90/max 32.0/32.0/32, nonzero 137
    new field batch_vcsw: median/p90/max 7934.0/28788.0/54941, nonzero 137
    new field batch_view_index_wait_us: median/p90/max 0.0/573351.0/2759736, nonzero 34
    new field batch_view_index_waits: median/p90/max 0.0/444.0/796, nonzero 34
    new field batch_view_slot_wait_us: median/p90/max 0.0/24256.0/291524, nonzero 36
    new field batch_view_slot_waits: median/p90/max 0.0/55.0/92, nonzero 36
    new field batch_wall_sum_us: median/p90/max 1668390.0/5350363.0/9236300, nonzero 137
    new field batches: median/p90/max 128.0/128.0/128, nonzero 137
    new field build_batches: median/p90/max 128.0/128.0/128, nonzero 137
    new field carried_depth: median/p90/max 1.0/1.0/1, nonzero 137
    new field exec_end_to_seal_us: median/p90/max 123.0/1551.0/7367, nonzero 137
    new field exec_partition_us: median/p90/max 6.0/10.0/1786, nonzero 137
    new field exec_prepared_groups: {'true': 135, 'false': 2}
    new field exec_prepared_slots: {'true': 135, 'false': 2}
    new field exec_slots_us: median/p90/max 0.0/0.0/1554, nonzero 9
    new field freeze_join_wait_us: median/p90/max 8.0/27862.0/38930, nonzero 137
    new field freeze_late: {'true': 137}
    new field freeze_pool_own: {'true': 137}
    new field live_index_defer: {'true': 137}
    new field merge_accounts: median/p90/max 187447.0/193475.0/197898, nonzero 137
    new field merge_append_us: median/p90/max 4892.0/16118.0/21557, nonzero 137
    new field merge_reverts: median/p90/max 187447.0/193475.0/197898, nonzero 137
    new field merge_reverts_us: median/p90/max 19788.0/97166.0/181789, nonzero 137
    new field merge_state_us: median/p90/max 44031.0/55724.0/65076, nonzero 137
    new field merge_tail_us: median/p90/max 0.0/0.0/129, nonzero 1
    new field merge_threads: median/p90/max 1.0/1.0/1, nonzero 137
    new field one_wave: {'false': 137}
    new field open_engine_us: median/p90/max 0.0/0.0/0, nonzero 0
    new field open_fallback: {'false': 137}
    new field open_keep_us: median/p90/max 9.0/154.0/7014, nonzero 137
    new field open_kept_accounts: median/p90/max 561064.0/579633.0/586009, nonzero 137
    new field open_layers: median/p90/max 3.0/3.0/3, nonzero 137
    new field open_provider_us: median/p90/max 286.0/2494.0/8757, nonzero 137
    new field plan_age_us: median/p90/max 163891.0/330269.0/509940, nonzero 137
    new field plan_ahead: median/p90/max 1.0/1.0/1, nonzero 137
    new field plan_body: median/p90/max 1.0/1.0/2, nonzero 137
    new field plan_body_us: median/p90/max 15838.0/20136.0/23718, nonzero 135
    new field plan_discard: {'': 137}
    new field plan_prep_us: median/p90/max 11535.0/107126.0/166359, nonzero 137
    new field plan_topup_txs: median/p90/max 0.0/0.0/0, nonzero 0
    new field prep_from_plan: {'true': 135, 'false': 2}
    new field prev_seal_to_answer_us: median/p90/max 1368.0/3387.0/17257, nonzero 137
    new field prev_seal_to_entry_us: median/p90/max 0.0/0.0/0, nonzero 0
    new field prev_seal_to_header_us: median/p90/max 199.0/1923.0/16447, nonzero 135
    new field prev_seal_to_import_us: median/p90/max 173683.0/386025.0/602068, nonzero 137
    new field prev_seal_to_request_us: median/p90/max 1245.0/174855.0/240454, nonzero 137
    new field prev_seal_to_start_us: median/p90/max 1695.0/180461.0/240736, nonzero 137
    new field pull_bulk_txs: median/p90/max 200000.0/200000.0/200000, nonzero 137
    new field pull_bulk_us: median/p90/max 7.0/454.0/2057, nonzero 137
    new field rename_fallbacks: median/p90/max 0.0/0.0/0, nonzero 0
    new field rename_record_waits: median/p90/max 0.0/0.0/0, nonzero 0
    new field root_apply_gap_us: median/p90/max 10.0/14.0/363, nonzero 137
    new field root_apply_total_us: median/p90/max 36827.0/201263.0/346164, nonzero 137
    new field root_compute_us: median/p90/max 38703.0/205518.0/348756, nonzero 137
    new field root_delta_us: median/p90/max 1431.0/2438.0/86908, nonzero 137
    new field root_index_us: median/p90/max 2362.0/15250.0/170854, nonzero 137
    new field root_leaves_us: median/p90/max 16623.0/153572.0/239838, nonzero 137
    new field root_note_us: median/p90/max 117.0/183.0/852, nonzero 137
    new field root_ops_ahead: {'true': 137}
    new field root_ops_ahead_wait_us: median/p90/max 6180.0/164557.0/304310, nonzero 137
    new field root_ops_concat_us: median/p90/max 0.0/0.0/0, nonzero 0
    new field root_ops_encode_us: median/p90/max 8456.0/106165.0/167526, nonzero 137
    new field root_ops_finish_us: median/p90/max 3715.0/5331.0/9548, nonzero 137
    new field root_ops_sort_us: median/p90/max 5431.0/87843.0/189502, nonzero 137
    new field root_ops_us: median/p90/max 10766.0/168565.0/308229, nonzero 137
    new field root_rehash_us: median/p90/max 1129.0/1477.0/154876, nonzero 137
    new field root_retire_us: median/p90/max 1671.0/2983.0/96414, nonzero 137
    new field root_sort_us: median/p90/max 248.0/655.0/3239, nonzero 137
    new field root_undo_us: median/p90/max 497.0/810.0/1074, nonzero 137
    new field root_writes_us: median/p90/max 6824.0/8971.0/91425, nonzero 137
    new field seal_hashes_ahead: {'true': 137}
    new field seal_on_counters: {'true': 137}
    new field seal_to_complete_us: median/p90/max 227082.0/455833.0/775837, nonzero 137
    new field seal_to_frozen_us: median/p90/max 0.0/28437.0/38749, nonzero 67
    new field seal_to_merge_end_us: median/p90/max 226999.0/454593.0/775695, nonzero 137
    new field seal_to_merge_start_us: median/p90/max 114241.0/367594.0/591829, nonzero 137
    new field seal_to_ops_ahead_us: median/p90/max 40226.0/178411.0/320630, nonzero 137
    new field seal_to_state_ready_us: median/p90/max 227005.0/454612.0/775706, nonzero 137
    new field sealed_unix_us: median/p90/max 1791432516036177.0/1791432528726166.0/1791432532727759, nonzero 137
    new field start_walk_check_us: median/p90/max 0.0/0.0/0, nonzero 0
    new field start_walk_ids_us: median/p90/max 0.0/0.0/0, nonzero 0
    new field start_walk_settle_us: median/p90/max 0.0/0.0/0, nonzero 0
    new field start_walk_us: median/p90/max 0.0/0.0/0, nonzero 0
    new field state_wait_us: median/p90/max 11012.0/25884.0/52181, nonzero 137
    new field view_journal_reads: median/p90/max 0.0/86016.0/155648, nonzero 60
    new field view_journal_searches: median/p90/max 0.0/149904.0/270930, nonzero 60
    new field view_journal_skips: median/p90/max 0.0/0.0/0, nonzero 0
    new field whole_take_noted: {'true': 137}
    binding wait (tick / quorum / seal share, mean cycle): tick 3% (168); quorum 56% (167); seal 41% (292); feed-bound (blocks under 95% of the tier): 1 of 138
    slowest key vote delay median/p90 6.6/44.5 ms
    engine own-import total_ms per block median/p90/max 59/169/355 (n=137)
    layer RSS 2.9 -> 13.4 G (max 13.9), in-memory blocks max 12
    execution layer cores busy 11.6    validators cores busy 25.2
    flood delivered (median per 5 s over the leg) 803,983/s
  window 2: canonical 114 blocks, 22.8M tx = 760,000/s (82.6% of window 1), full 114/114 (100%); cycle mean/median/p90 264.1/222.6/438.0 ms
    leader builds 114: sealed_at median/p90/p99 220/449/668; phases median/p90 ms: gap_before_exec 11/15, state_wait 10/14, par 226/455, par_exec 74/198, roots 190/436, parent_fields 100/318, sealed 100/318
    state_wait_on {'output': 103, 'layer_release': 1, 'none': 7, 'open': 1, 'provider_open': 2}; builds with state_wait > 20 ms: 1 ([('output', 1)]); gp_layer {1.0: 114}, ggp_missing {0.0: 114}
    queue at the builds min/median 2,316,000/2,522,500
    new field batch_cpu_sum_us: median/p90/max 602147.0/872709.0/1271647, nonzero 114
    new field batch_dispatch_us: median/p90/max 215.5/388.0/4125, nonzero 114
    new field batch_first_start_us: median/p90/max 88.5/175.0/4068, nonzero 114
    new field batch_ivcsw: median/p90/max 1.0/6.0/27, nonzero 70
    new field batch_last_end_us: median/p90/max 74605.5/198677.0/281718, nonzero 114
    new field batch_last_start_us: median/p90/max 56733.5/156115.0/245432, nonzero 114
    new field batch_live_deferred: median/p90/max 37.5/68.0/92, nonzero 114
    new field batch_live_lock_hold_us: median/p90/max 15736.5/20653.0/24878, nonzero 114
    new field batch_live_lock_wait_us: median/p90/max 0.0/0.0/0, nonzero 0
    new field batch_live_lock_waits: median/p90/max 0.0/0.0/0, nonzero 0
    new field batch_majflt: median/p90/max 10354.5/28488.0/47231, nonzero 114
    new field batch_minflt: median/p90/max 7303.0/25518.0/38159, nonzero 114
    new field batch_open_max_us: median/p90/max 415.0/1609.0/3165, nonzero 114
    new field batch_open_sum_us: median/p90/max 9670.0/13546.0/17598, nonzero 114
    new field batch_threads: median/p90/max 32.0/32.0/32, nonzero 114
    new field batch_vcsw: median/p90/max 10960.5/28748.0/47576, nonzero 114
    new field batch_view_index_wait_us: median/p90/max 0.0/403319.0/2814339, nonzero 22
    new field batch_view_index_waits: median/p90/max 0.0/281.0/833, nonzero 22
    new field batch_view_slot_wait_us: median/p90/max 0.0/3158.0/66391, nonzero 24
    new field batch_view_slot_waits: median/p90/max 0.0/29.0/63, nonzero 24
    new field batch_wall_sum_us: median/p90/max 2055021.0/5419883.0/8327791, nonzero 114
    new field batches: median/p90/max 128.0/128.0/128, nonzero 114
    new field build_batches: median/p90/max 128.0/128.0/128, nonzero 114
    new field carried_depth: median/p90/max 1.0/1.0/1, nonzero 114
    new field exec_end_to_seal_us: median/p90/max 118.0/458.0/1316, nonzero 114
    new field exec_partition_us: median/p90/max 6.0/8.0/2035, nonzero 114
    new field exec_prepared_groups: {'true': 111, 'false': 3}
    new field exec_prepared_slots: {'true': 111, 'false': 3}
    new field exec_slots_us: median/p90/max 0.0/0.0/1107, nonzero 6
    new field freeze_join_wait_us: median/p90/max 3.5/9826.0/16548, nonzero 114
    new field freeze_late: {'true': 114}
    new field freeze_pool_own: {'true': 114}
    new field live_index_defer: {'true': 114}
    new field merge_accounts: median/p90/max 192043.5/196304.0/198683, nonzero 114
    new field merge_append_us: median/p90/max 7991.0/15677.0/26390, nonzero 114
    new field merge_reverts: median/p90/max 192043.5/196304.0/198683, nonzero 114
    new field merge_reverts_us: median/p90/max 25239.5/109356.0/192990, nonzero 114
    new field merge_state_us: median/p90/max 49302.0/61668.0/76320, nonzero 114
    new field merge_tail_us: median/p90/max 0.0/0.0/3, nonzero 2
    new field merge_threads: median/p90/max 1.0/1.0/1, nonzero 114
    new field one_wave: {'false': 114}
    new field open_engine_us: median/p90/max 0.0/0.0/0, nonzero 0
    new field open_fallback: {'false': 114}
    new field open_keep_us: median/p90/max 8.0/15.0/5957, nonzero 114
    new field open_kept_accounts: median/p90/max 576316.0/586951.0/593779, nonzero 114
    new field open_layers: median/p90/max 3.0/3.0/3, nonzero 114
    new field open_provider_us: median/p90/max 243.0/1096.0/2623, nonzero 114
    new field plan_age_us: median/p90/max 192286.0/348455.0/523765, nonzero 114
    new field plan_ahead: median/p90/max 1.0/1.0/1, nonzero 114
    new field plan_body: median/p90/max 1.0/1.0/2, nonzero 114
    new field plan_body_us: median/p90/max 18211.0/23612.0/32534, nonzero 111
    new field plan_discard: {'': 114}
    new field plan_prep_us: median/p90/max 43161.0/127024.0/232731, nonzero 114
    new field plan_topup_txs: median/p90/max 0.0/0.0/0, nonzero 0
    new field prep_from_plan: {'true': 111, 'false': 3}
    new field prev_seal_to_answer_us: median/p90/max 1314.5/2096.0/3224, nonzero 114
    new field prev_seal_to_entry_us: median/p90/max 0.0/0.0/0, nonzero 0
    new field prev_seal_to_header_us: median/p90/max 191.5/476.0/1534, nonzero 113
    new field prev_seal_to_import_us: median/p90/max 205130.0/456679.0/792134, nonzero 114
    new field prev_seal_to_request_us: median/p90/max 1071.5/2781.0/221253, nonzero 114
    new field prev_seal_to_start_us: median/p90/max 1540.5/4064.0/224255, nonzero 114
    new field pull_bulk_txs: median/p90/max 200000.0/200000.0/200000, nonzero 114
    new field pull_bulk_us: median/p90/max 6.0/9.0/3828, nonzero 114
    new field rename_fallbacks: median/p90/max 0.0/0.0/0, nonzero 0
    new field rename_record_waits: median/p90/max 0.0/0.0/0, nonzero 0
    new field root_apply_gap_us: median/p90/max 10.0/12.0/167, nonzero 114
    new field root_apply_total_us: median/p90/max 70807.0/243195.0/428599, nonzero 114
    new field root_compute_us: median/p90/max 74333.5/252805.0/430297, nonzero 114
    new field root_delta_us: median/p90/max 1516.5/3715.0/173640, nonzero 114
    new field root_index_us: median/p90/max 3132.5/60188.0/222138, nonzero 114
    new field root_leaves_us: median/p90/max 40175.0/184791.0/264699, nonzero 114
    new field root_note_us: median/p90/max 116.0/163.0/518, nonzero 114
    new field root_ops_ahead: {'true': 114}
    new field root_ops_ahead_wait_us: median/p90/max 51737.0/195620.0/458891, nonzero 114
    new field root_ops_concat_us: median/p90/max 0.0/0.0/0, nonzero 0
    new field root_ops_encode_us: median/p90/max 43502.5/117177.0/240125, nonzero 114
    new field root_ops_finish_us: median/p90/max 3869.5/5202.0/7883, nonzero 114
    new field root_ops_sort_us: median/p90/max 8267.5/106722.0/225996, nonzero 114
    new field root_ops_us: median/p90/max 56637.5/197675.0/462613, nonzero 114
    new field root_rehash_us: median/p90/max 1284.5/1645.0/56796, nonzero 114
    new field root_retire_us: median/p90/max 1717.5/12491.0/168800, nonzero 114
    new field root_sort_us: median/p90/max 278.0/624.0/2771, nonzero 114
    new field root_undo_us: median/p90/max 361.5/766.0/1101, nonzero 114
    new field root_writes_us: median/p90/max 7164.5/8368.0/12248, nonzero 114
    new field seal_hashes_ahead: {'true': 114}
    new field seal_on_counters: {'true': 114}
    new field seal_to_complete_us: median/p90/max 297346.0/579666.0/849485, nonzero 114
    new field seal_to_frozen_us: median/p90/max 0.0/9794.0/16528, nonzero 29
    new field seal_to_merge_end_us: median/p90/max 297079.5/579561.0/849394, nonzero 114
    new field seal_to_merge_start_us: median/p90/max 208741.5/451222.0/785345, nonzero 114
    new field seal_to_ops_ahead_us: median/p90/max 68626.0/210488.0/480237, nonzero 114
    new field seal_to_state_ready_us: median/p90/max 297087.5/579569.0/849403, nonzero 114
    new field sealed_unix_us: median/p90/max 1791432546600190.5/1791432558659272.0/1791432562751775, nonzero 114
    new field start_walk_check_us: median/p90/max 0.0/0.0/0, nonzero 0
    new field start_walk_ids_us: median/p90/max 0.0/0.0/0, nonzero 0
    new field start_walk_settle_us: median/p90/max 0.0/0.0/0, nonzero 0
    new field start_walk_us: median/p90/max 0.0/0.0/0, nonzero 0
    new field state_wait_us: median/p90/max 10365.0/14579.0/24744, nonzero 114
    new field view_journal_reads: median/p90/max 6144.0/73728.0/163840, nonzero 61
    new field view_journal_searches: median/p90/max 10449.5/119368.0/348694, nonzero 61
    new field view_journal_skips: median/p90/max 0.0/0.0/0, nonzero 0
    new field whole_take_noted: {'true': 114}
    binding wait (tick / quorum / seal share, mean cycle): tick 2% (186); quorum 32% (179); seal 66% (306); feed-bound (blocks under 95% of the tier): 0 of 114
    slowest key vote delay median/p90 7.0/47.8 ms
    engine own-import total_ms per block median/p90/max 78/240/435 (n=114)
    layer RSS 13.3 -> 13.9 G (max 14.2), in-memory blocks max 12
    execution layer cores busy 10.4    validators cores busy 23.2
  window 3: canonical 104 blocks, 20.8M tx = 693,333/s (75.4% of window 1), full 104/104 (100%); cycle mean/median/p90 282.9/230.7/502.0 ms
    leader builds 105: sealed_at median/p90/p99 231/521/788; phases median/p90 ms: gap_before_exec 10/17, state_wait 9/15, par 245/524, par_exec 80/206, roots 175/500, parent_fields 104/330, sealed 104/330
    state_wait_on {'output': 92, 'layer_release': 2, 'none': 8, 'provider_open': 2, 'open': 1}; builds with state_wait > 20 ms: 4 ([('output', 4)]); gp_layer {1.0: 105}, ggp_missing {0.0: 105}
    queue at the builds min/median 2,320,500/2,524,000
    new field batch_cpu_sum_us: median/p90/max 605875.0/862095.0/1243820, nonzero 105
    new field batch_dispatch_us: median/p90/max 197.0/405.0/1676, nonzero 105
    new field batch_first_start_us: median/p90/max 75.0/129.0/1496, nonzero 105
    new field batch_ivcsw: median/p90/max 1.0/5.0/17, nonzero 67
    new field batch_last_end_us: median/p90/max 80318.0/206111.0/274440, nonzero 105
    new field batch_last_start_us: median/p90/max 64656.0/168842.0/254542, nonzero 105
    new field batch_live_deferred: median/p90/max 39.0/71.0/102, nonzero 105
    new field batch_live_lock_hold_us: median/p90/max 16669.0/20456.0/24568, nonzero 105
    new field batch_live_lock_wait_us: median/p90/max 0.0/0.0/0, nonzero 0
    new field batch_live_lock_waits: median/p90/max 0.0/0.0/0, nonzero 0
    new field batch_majflt: median/p90/max 10875.0/24763.0/41409, nonzero 105
    new field batch_minflt: median/p90/max 10493.0/28326.0/41190, nonzero 105
    new field batch_open_max_us: median/p90/max 437.0/1524.0/4652, nonzero 105
    new field batch_open_sum_us: median/p90/max 9893.0/13002.0/50221, nonzero 105
    new field batch_threads: median/p90/max 32.0/32.0/32, nonzero 105
    new field batch_vcsw: median/p90/max 11404.0/25761.0/41812, nonzero 105
    new field batch_view_index_wait_us: median/p90/max 0.0/593803.0/4955795, nonzero 24
    new field batch_view_index_waits: median/p90/max 0.0/370.0/723, nonzero 24
    new field batch_view_slot_wait_us: median/p90/max 0.0/14918.0/63691, nonzero 25
    new field batch_view_slot_waits: median/p90/max 0.0/32.0/84, nonzero 25
    new field batch_wall_sum_us: median/p90/max 2275048.0/5823703.0/8397328, nonzero 105
    new field batches: median/p90/max 128.0/128.0/128, nonzero 105
    new field build_batches: median/p90/max 128.0/128.0/128, nonzero 105
    new field carried_depth: median/p90/max 1.0/1.0/1, nonzero 105
    new field exec_end_to_seal_us: median/p90/max 109.0/630.0/1888, nonzero 105
    new field exec_partition_us: median/p90/max 6.0/8.0/4674, nonzero 105
    new field exec_prepared_groups: {'true': 102, 'false': 3}
    new field exec_prepared_slots: {'true': 102, 'false': 3}
    new field exec_slots_us: median/p90/max 0.0/0.0/1719, nonzero 6
    new field freeze_join_wait_us: median/p90/max 4.0/10232.0/17975, nonzero 105
    new field freeze_late: {'true': 105}
    new field freeze_pool_own: {'true': 105}
    new field live_index_defer: {'true': 105}
    new field merge_accounts: median/p90/max 191645.0/194754.0/196631, nonzero 105
    new field merge_append_us: median/p90/max 11937.0/18179.0/23710, nonzero 105
    new field merge_reverts: median/p90/max 191645.0/194754.0/196631, nonzero 105
    new field merge_reverts_us: median/p90/max 26936.0/116605.0/228212, nonzero 105
    new field merge_state_us: median/p90/max 51543.0/61851.0/68969, nonzero 105
    new field merge_tail_us: median/p90/max 0.0/0.0/1, nonzero 2
    new field merge_threads: median/p90/max 1.0/1.0/1, nonzero 105
    new field one_wave: {'false': 105}
    new field open_engine_us: median/p90/max 0.0/0.0/0, nonzero 0
    new field open_fallback: {'false': 105}
    new field open_keep_us: median/p90/max 8.0/14.0/6348, nonzero 105
    new field open_kept_accounts: median/p90/max 574490.0/581362.0/586771, nonzero 105
    new field open_layers: median/p90/max 3.0/3.0/3, nonzero 105
    new field open_provider_us: median/p90/max 255.0/2018.0/3984, nonzero 105
    new field plan_age_us: median/p90/max 222450.0/399439.0/670847, nonzero 105
    new field plan_ahead: median/p90/max 1.0/1.0/1, nonzero 105
    new field plan_body: median/p90/max 1.0/1.0/2, nonzero 105
    new field plan_body_us: median/p90/max 18202.0/23719.0/33290, nonzero 102
    new field plan_discard: {'': 105}
    new field plan_prep_us: median/p90/max 33353.0/142673.0/190635, nonzero 105
    new field plan_topup_txs: median/p90/max 0.0/0.0/0, nonzero 0
    new field prep_from_plan: {'true': 102, 'false': 3}
    new field prev_seal_to_answer_us: median/p90/max 1433.0/2450.0/5861, nonzero 105
    new field prev_seal_to_entry_us: median/p90/max 0.0/0.0/0, nonzero 0
    new field prev_seal_to_header_us: median/p90/max 188.0/1111.0/4428, nonzero 104
    new field prev_seal_to_import_us: median/p90/max 219269.0/544670.0/827156, nonzero 105
    new field prev_seal_to_request_us: median/p90/max 1161.0/5821.0/229530, nonzero 105
    new field prev_seal_to_start_us: median/p90/max 1680.0/15018.0/233765, nonzero 105
    new field pull_bulk_txs: median/p90/max 200000.0/200000.0/200000, nonzero 105
    new field pull_bulk_us: median/p90/max 6.0/360.0/1740, nonzero 105
    new field rename_fallbacks: median/p90/max 0.0/0.0/0, nonzero 0
    new field rename_record_waits: median/p90/max 0.0/0.0/0, nonzero 0
    new field root_apply_gap_us: median/p90/max 11.0/13.0/196, nonzero 105
    new field root_apply_total_us: median/p90/max 67383.0/341226.0/478380, nonzero 105
    new field root_compute_us: median/p90/max 69172.0/344244.0/482774, nonzero 105
    new field root_delta_us: median/p90/max 1518.0/2480.0/8803, nonzero 105
    new field root_index_us: median/p90/max 3892.0/60724.0/215165, nonzero 105
    new field root_leaves_us: median/p90/max 41281.0/208982.0/308758, nonzero 105
    new field root_note_us: median/p90/max 117.0/178.0/313, nonzero 105
    new field root_ops_ahead: {'true': 105}
    new field root_ops_ahead_wait_us: median/p90/max 35007.0/242801.0/347817, nonzero 105
    new field root_ops_concat_us: median/p90/max 0.0/0.0/0, nonzero 0
    new field root_ops_encode_us: median/p90/max 22955.0/141921.0/195931, nonzero 105
    new field root_ops_finish_us: median/p90/max 4255.0/6568.0/11333, nonzero 105
    new field root_ops_sort_us: median/p90/max 5501.0/130341.0/227879, nonzero 105
    new field root_ops_us: median/p90/max 40405.0/244588.0/355378, nonzero 105
    new field root_rehash_us: median/p90/max 1390.0/1888.0/14058, nonzero 105
    new field root_retire_us: median/p90/max 1841.0/16910.0/209698, nonzero 105
    new field root_sort_us: median/p90/max 274.0/743.0/3721, nonzero 105
    new field root_undo_us: median/p90/max 372.0/892.0/1302, nonzero 105
    new field root_writes_us: median/p90/max 7151.0/10743.0/23310, nonzero 105
    new field seal_hashes_ahead: {'true': 105}
    new field seal_on_counters: {'true': 105}
    new field seal_to_complete_us: median/p90/max 330392.0/636052.0/1020987, nonzero 105
    new field seal_to_frozen_us: median/p90/max 0.0/10287.0/17933, nonzero 27
    new field seal_to_merge_end_us: median/p90/max 330262.0/635968.0/1020760, nonzero 105
    new field seal_to_merge_start_us: median/p90/max 195831.0/536427.0/834065, nonzero 105
    new field seal_to_ops_ahead_us: median/p90/max 51029.0/259731.0/378107, nonzero 105
    new field seal_to_state_ready_us: median/p90/max 330282.0/635976.0/1020903, nonzero 105
    new field sealed_unix_us: median/p90/max 1791432575876093.0/1791432588699945.0/1791432592439778, nonzero 105
    new field start_walk_check_us: median/p90/max 0.0/0.0/0, nonzero 0
    new field start_walk_ids_us: median/p90/max 0.0/0.0/0, nonzero 0
    new field start_walk_settle_us: median/p90/max 0.0/0.0/0, nonzero 0
    new field start_walk_us: median/p90/max 0.0/0.0/0, nonzero 0
    new field state_wait_us: median/p90/max 9841.0/15922.0/22520, nonzero 105
    new field view_journal_reads: median/p90/max 8192.0/81920.0/135168, nonzero 54
    new field view_journal_searches: median/p90/max 14726.0/127062.0/246119, nonzero 54
    new field view_journal_skips: median/p90/max 0.0/0.0/0, nonzero 0
    new field whole_take_noted: {'true': 105}
    binding wait (tick / quorum / seal share, mean cycle): tick 1% (180); quorum 40% (171); seal 59% (359); feed-bound (blocks under 95% of the tier): 0 of 104
    slowest key vote delay median/p90 7.4/31.7 ms
    engine own-import total_ms per block median/p90/max 74/287/489 (n=104)
    layer RSS 13.5 -> 13.6 G (max 14.6), in-memory blocks max 12
    execution layer cores busy 9.5    validators cores busy 20.6
  round total (3 windows, canonical): 71.2M tx
  layer peak RSS 14.6 G; in-memory blocks max 18
  fields at seal: mode "early", verified 0, unchecked 0, mismatches 0 (last build line, cumulative)
  own_executed_again (built here and also directly imported): 0 of 378 built blocks
== loop347K99
  layer-0 leader window-1 builds 138: txs mean 200000, share >= 95% of the tier 100% (max 200000); sealed_at_ms 162.5/355.0; par_ms 174.0/360.0; par_exec_ms 63.5/198.0; roots_ms 88.5/342.0; parent_fields_ms 15.5/275.0; sealed_ms 16.0/275.0
  proposal cycle window 1 (n=143): mean 216.6 median 171.0 p90 340.8 ms; blocks in the 30 s: 143
  binding wait (tick / quorum / seal, share and mean cycle): tick 2.9% (168.2); quorum 56.2% (166.7); seal 40.9% (292.8)
  vote delay after the proposal, slowest key per block: median 6.6 p90 44.5 ms (slowest minus the median key: median 1.4); last key: {1: 29, 2: 24, 3: 18, 4: 30, 5: 15, 6: 21} of 137 blocks
  CPU in window 1 (cores busy): execution layers 11.6 over 1 process(es); validators 25.2 over 99 process(es)
  execution layer peak RSS 14.6 G; in-memory blocks max 18 (node0 and others, all layers)
  blocks built here 378; none also directly imported
  import-once counters at the last direct import: ; start-up lines with import_once=true: 1; queue-lock lines 0
  layer-0 queue (queued after canonical prune), median per 10 s: t+0:2532750 t+20:2528750 t+40:2525500 t+60:2528750 t+80:2524750
  flood: median per 5 s 803983/s, final -
  timeout / given-up lines: 9; 04:10:50 v0 WARN n42.h2.node: could not build a block to propose err=transport: er; 04:10:56 v0 INFO process_event{view=892 kind="message"}: n42::cl::timeout: TC form; 04:10:56 v0 WARN n42.h2.node: could not build a block to propose err=transport: er; 04:11:08 v0 INFO process_event{view=8
loop347K99 page_faults_per_s_median: node0=652830 
feedcheck loop347K99: ok (block 200,000 tx)
== loop347K99: feed check (acq_us / gate_us / reply_us are per frame of 500; rate per 5 s `ingest` line)
  window 1: ingest lines 6; acq_us 1107 (max 3637); gate_us 30166; reply_us 31550; slots_busy 4%; delivered median 956,127/s max 1,316,087/s; queue at builds median 2,525,500 min 2,152,000; full 99% of 138 blocks
  window 2: ingest lines 6; acq_us 804 (max 1378); gate_us 39192; reply_us 40020; slots_busy 3%; delivered median 718,294/s max 1,003,459/s; queue at builds median 2,522,500 min 2,316,000; full 100% of 114 blocks
  window 3: ingest lines 6; acq_us 1016 (max 1734); gate_us 40302; reply_us 41636; slots_busy 3%; delivered median 742,552/s max 791,901/s; queue at builds median 2,524,000 min 2,320,500; full 100% of 104 blocks
  flood.log (+15..+100 s): rate per 5 s median 799,967/s max 924,543/s; reply latency median 243.6 ms max 374.0 ms
== loop347K99: lanes lock, drain and pruner (new fields)
  window 1: lock duty 26.0% (max 40.0); holds/5s 932; longest hold 119.74 ms median, 166.36 ms max by crates/n42/tx-queue/src/lib.rs:2692 (most frequent holders [('crates/n42/tx-queue/src/lib.rs:2692', 5), ('crates/n42/tx-queue/src/lib.rs:2046', 1)]); lock wait 1167.8 ms/5s, longest 153.74 ms; drains/5s 476 of 10125 tx, mean 854 us, max 15.20 ms
           prune (137 blocks): prune_ms 19/96; fold 0.5 ms, lock 0.0 ms, remove(hold) 5.4 ms, free 0.0 ms; frames_swept 400; coalesced on 137 of 137; prune_wait_ms 0/0; pruner busy 16% of a thread, lock held by it 0.3%
  window 2: lock duty 28.0% (max 39.0); holds/5s 689; longest hold 151.33 ms median, 227.08 ms max by crates/n42/tx-queue/src/lib.rs:2692 (most frequent holders [('crates/n42/tx-queue/src/lib.rs:2692', 6)]); lock wait 1289.3 ms/5s, longest 223.99 ms; drains/5s 331 of 10860 tx, mean 1031 us, max 18.29 ms
           prune (113 blocks): prune_ms 26/137; fold 0.5 ms, lock 0.0 ms, remove(hold) 6.3 ms, free 0.0 ms; frames_swept 400; coalesced on 113 of 113; prune_wait_ms 0/0; pruner busy 22% of a thread, lock held by it 0.3%
  window 3: lock duty 29.0% (max 33.0); holds/5s 666; longest hold 172.07 ms median, 190.63 ms max by crates/n42/tx-queue/src/lib.rs:2692 (most frequent holders [('crates/n42/tx-queue/src/lib.rs:2692', 6)]); lock wait 1468.4 ms/5s, longest 182.09 ms; drains/5s 322 of 11536 tx, mean 938 us, max 28.91 ms
           prune (105 blocks): prune_ms 22/156; fold 0.5 ms, lock 0.0 ms, remove(hold) 5.4 ms, free 0.0 ms; frames_swept 400; coalesced on 105 of 105; prune_wait_ms 0/0; pruner busy 20% of a thread, lock held by it 0.7%
== loop347K99: pruner (per block; busy = sum prune_ms / 30 s, lock = sum (remove_us + settle_us) / 30 s)
  window 1: 137 prunes; prune_ms 19/96; remove_us 5.4/13.6 ms; forget_us 3.2/4.7 ms; settle_us 2.2 ms; pruner busy 16% of a worker; lanes lock held for removal 6%
  window 2: 113 prunes; prune_ms 26/137; remove_us 6.3/16.3 ms; forget_us 3.5/5.2 ms; settle_us 2.6 ms; pruner busy 22% of a worker; lanes lock held for removal 6%
  window 3: 105 prunes; prune_ms 22/156; remove_us 5.4/15.6 ms; forget_us 3.3/4.6 ms; settle_us 2.4 ms; pruner busy 20% of a worker; lanes lock held for removal 5%
== loop347K99: seal start / pull, prepared plan, answer, chunked drain
  window 1: 137 builds; start_best_ms 0/2; start_walk_us 0/0; start_pull_ms 0/0; par_pull_ms 0/0; par_start_ms 0/5; par_ms 177/360; sealed_at_ms 163/355; pull_bulk_us 7/454; pull_bulk_txs 200000/200000; plan_age_us 163891/330269; plan_prep_us 11535/107126; plan_topup_txs 0/0
           plan_ahead {'1': 137}; plan_discard {'': 137}
           answer: built-ahead bytes median/max 15,239/15,241, layout_only {'true': 136}; proposal sent bytes median/max 15,239/15,241, layout_only {'true': 138}
           drain: chunks/5s 455, chunk max 8,192 tx, finished by others/5s 6; plan_discards (last ingest line) -
  window 2: 114 builds; start_best_ms 0/0; start_walk_us 0/0; start_pull_ms 0/0; par_pull_ms 0/0; par_start_ms 0/2; par_ms 226/455; sealed_at_ms 220/449; pull_bulk_us 6/9; pull_bulk_txs 200000/200000; plan_age_us 192286/348455; plan_prep_us 43161/127024; plan_topup_txs 0/0
           plan_ahead {'1': 114}; plan_discard {'': 114}
           answer: built-ahead bytes median/max 15,242/15,243, layout_only {'true': 113}; proposal sent bytes median/max 15,242/15,243, layout_only {'true': 113}
           drain: chunks/5s 312, chunk max 8,192 tx, finished by others/5s 8; plan_discards (last ingest line) -
  window 3: 105 builds; start_best_ms 0/2; start_walk_us 0/0; start_pull_ms 0/0; par_pull_ms 0/0; par_start_ms 0/3; par_ms 245/524; sealed_at_ms 231/521; pull_bulk_us 6/360; pull_bulk_txs 200000/200000; plan_age_us 222450/399439; plan_prep_us 33353/142673; plan_topup_txs 0/0
           plan_ahead {'1': 105}; plan_discard {'': 105}
           answer: built-ahead bytes median/max 15,244/15,245, layout_only {'true': 106}; proposal sent bytes median/max 15,244/15,245, layout_only {'true': 106}
           drain: chunks/5s 306, chunk max 8,192 tx, finished by others/5s 7; plan_discards (last ingest line) -
== loop347K99: persistence per window (ms per block = part sum / blocks persisted)
  window 1: persisted 133 of 138 produced (96%); total 158.8, sf_tx 28.8, sf_rcpt 7.4, sf_acct 14.4, sf_send 12.0, scope 154.7, qmdb 154.2, post 0.0, pre 4.2, plain_rev 3.9, commit_sf 2.5, commit_mdbx 0.6, commit_rocks 1.4; longest task sf_tx 28.8; in-memory 7 -> 11 (max 12); RSS 2.9 -> 13.3 G; lag 7 -> 11 = +8.0 blocks/min; bp max 0
  window 2: persisted 114 of 114 produced (100%); total 232.4, sf_tx 31.0, sf_rcpt 7.8, sf_acct 14.3, sf_send 11.5, scope 228.1, qmdb 227.8, post 0.0, pre 4.3, plain_rev 4.2, commit_sf 2.6, commit_mdbx 0.5, commit_rocks 1.5; longest task sf_tx 31.0; in-memory 11 -> 11 (max 12); RSS 13.3 -> 13.5 G; lag 11 -> 10 = -2.0 blocks/min; bp max 0
  window 3: persisted 106 of 104 produced (102%); total 253.8, sf_tx 31.5, sf_rcpt 7.6, sf_acct 14.7, sf_send 12.0, scope 248.7, qmdb 248.4, post 0.0, pre 5.1, plain_rev 4.9, commit_sf 3.1, commit_mdbx 0.6, commit_rocks 1.3; longest task sf_tx 31.5; in-memory 11 -> 11 (max 12); RSS 13.5 -> 13.7 G; lag 10 -> 11 = +2.0 blocks/min; bp max 0
  leg end: in-memory 7, max over the sampler 18, backpressure stalls 0
== loop347K99: execution and root fields (median / p90 per block); over 378 full builds: rename_fallbacks total 0, rename_record_waits total 0, carried_depth values ['1']
    folded lines 137: pending_max max 80 (median 48); pending_us_max max 14,291; drops_max max 76267
    flags: seal_on_counters true:137; freeze_pool_own true:137; plan_body 1:135/2:2; prep_from_plan false:2/true:135; plan_ahead 1:137; seal per 1,000 transfers 0.815 ms
  window 1 (137 builds): on-CPU share 0.34/0.89; CPU per transfer 3.07/4.29 us; sealed_at_ms 163/355; par_exec_ms 65/198; par_fold_ms 7/30; index_ms 12/32; par_start_ms 0/5; gap_before_exec_ms 11/30; state_wait_us 11,012/25,884; parent_fields_ms 16/275; roots_ms 89/342; seal_to_fields_us 113,547/367,397; seal_to_complete_us 227,082/455,833; rename_fallbacks 0/0; rename_record_waits 0/0; carried_depth 1/1; plan_body_us 15,838/20,136; batch_max_ms 42/120; tx_root_ms 0/2; sealed_ms 16/275
    folded lines 113: pending_max max 75 (median 38); pending_us_max max 12,994; drops_max max 34657
    flags: seal_on_counters true:114; freeze_pool_own true:114; plan_body 1:111/2:3; prep_from_plan false:3/true:111; plan_ahead 1:114; seal per 1,000 transfers 1.098 ms
  window 2 (114 builds): on-CPU share 0.29/0.76; CPU per transfer 3.01/4.36 us; sealed_at_ms 220/449; par_exec_ms 74/198; par_fold_ms 6/11; index_ms 9/15; par_start_ms 0/2; gap_before_exec_ms 11/15; state_wait_us 10,365/14,579; parent_fields_ms 100/318; roots_ms 190/436; seal_to_fields_us 208,406/451,053; seal_to_complete_us 297,346/579,666; rename_fallbacks 0/0; rename_record_waits 0/0; carried_depth 1/1; plan_body_us 18,211/23,612; batch_max_ms 47/118; tx_root_ms 0/1; sealed_ms 100/318
    folded lines 107: pending_max max 78 (median 38); pending_us_max max 15,228; drops_max max 27982
    flags: seal_on_counters true:105; freeze_pool_own true:105; plan_body 1:102/2:3; prep_from_plan false:3/true:102; plan_ahead 1:105; seal per 1,000 transfers 1.155 ms
  window 3 (105 builds): on-CPU share 0.28/0.80; CPU per transfer 3.03/4.31 us; sealed_at_ms 231/521; par_exec_ms 80/206; par_fold_ms 8/15; index_ms 10/16; par_start_ms 0/3; gap_before_exec_ms 10/17; state_wait_us 9,841/15,922; parent_fields_ms 104/330; roots_ms 175/500; seal_to_fields_us 195,692/536,095; seal_to_complete_us 330,392/636,052; rename_fallbacks 0/0; rename_record_waits 0/0; carried_depth 1/1; plan_body_us 18,202/23,719; batch_max_ms 51/135; tx_root_ms 0/1; sealed_ms 104/330
== loop347K99: 891 proposals; proposal -> quorum (leader's commit) median 152.1 / p90 162.8 / max 566.3 ms; proposal interval median 160.8 / p90 309.8 ms; TC formed lines 4; leader views timed out 4; ParentUnknown lines 0
flood span 85 s; tokio-rt threads alive throughout 58 of 64; group 3.8 cores busy over them (all threads incl. short-lived 4.1)
  per-thread cores busy, top 12: 0.18 0.18 0.18 0.18 0.18 0.18 0.18 0.18 0.17 0.17 0.17 0.17; threads over 0.9 core: 0, over 0.7: 0
== loop347K99: 356 full builds in the 3 windows
  par_exec_ms 72/199; par_run_ms 86/210; batch_start_skew_ms 52/157; batch_median_ms 11/35; batch_max_ms 48/128; batch_first_start_us 83/251; batch_last_start_us 52534/157840; batch_dispatch_us 209/521; batch_last_end_us 72264/199868; batches 128/128; batch_threads 32/32; batch_txs_max 2000/2000; batch_txs_min 1500/1500; start_walk_ms 0/0; start_walk_check_ms 0/0; par_start_ms 0/4; sealed_at_ms 204/434; prev_seal_to_answer_us 1369/2756; prev_seal_to_entry_us 0/0; prev_seal_to_header_us 193/1164; prev_seal_to_import_us 195504/452971; prev_seal_to_request_us 1181/10502; prev_seal_to_start_us 1627/15018; start_walk_check_us 0/0; start_walk_ids_us 0/0; start_walk_settle_us 0/0; start_walk_us 0/0
  one_wave {'false': 356}
  batches == batch_threads on 0 of 356 builds
  last - first batch start (ms) median/p90 52.45/157.71; under 2 ms on 0 of 356 builds
bodygate loop347K99: invalid_blocks=0 gas_mismatch=0 fields_mismatches=0 own_not_committed=0 proposals_given_up=5
BODYGATE FAILED on loop347K99: stopping the round (datadirs kept as evidence)
released at 00:12
ALLDONE
