/data free 1185G at launch
frozen binaries (loop333 build, no cargo): box free at 02:48
frozen binaries (built from the loop333 tip 79f20617a, crates/bin identical at 17fb31cfe): bfd51f11f2c92ab1 n42, 414f7c7cd1ae6bf5 h2_validator, cbb6231f56991733 tx_flood
loop333 test gate on these sources: 964 tests, failures: 0
waiting for a quiet box from 02:48
claimed at 02:50 (1791182986): avail 106G load 13.59
tip 75ad773e1 tree: 3 changed files; native n42 built 00:59:15, h2_validator 00:57:27, deferred n42 01:13:34; last source change 02:49:24 (bin/n42/src/main.rs)
replay set for every leg: /data/n42-pregen/g900000-400m (senders 12500)
leg loop334WARM: /data free 1178G (needs 120 G)
leg loop334WARM start 02:50:21 load 13.59
round loop334WARM exit 0 at 02:52:55
loop334WARM save stages (node0, seconds summed over the leg / count): batch_size=1509.0/503  batch_size=1509.0/503  reth_consensus_engine_beacon_persistence_duration=74.6/503  duration_seconds=73.6/503  total=70.8/503  scope=57.6/503  sf=57.5/503  sf_transactions=57.3/503  sf_receipts=23.0/503  sf_account_changesets=19.9/503
el binary: /data/n42-build/target-n42-rs/loop334-base/release/n42 env: N42_IMPORT_ONCE=1 N42_SETTLEMENT_TAGS=legacy N42_BUILD_THROTTLE_SOFT=48 F7_EL_MAP=0,0,0,0,0,0,0 N42_TX_INGEST_RECOVER_PARALLEL=12 N42_PARALLEL_BUILD_THREADS=32 N42_HASHED_TABLES=off F7_FLOOD_RATE=4000000 N42_COMPACT_BODY=1 MALLOC_CONF=thp:always,oversize_threshold:0,dirty_decay_ms:2000,background_thread:true N42_ACCOUNT_HISTORY=off N42_TAKE_COMPACT=1 N42_TX_INGEST_HIGH_WATER=1666666 F7_BENCH_POOL_SLOTS=2000000 N42_BUILD_THROTTLE_HARD=80 RAYON_NUM_THREADS=16 TOKIO_WORKER_THREADS=16 N42_QMDB_READS=on F7_BLOCK_INTERVAL_MS=80 F7_MEASURE_FROM_LOG=1
validator env: N42_IMPORT_ONCE=1 N42_SETTLEMENT_TAGS=legacy N42_BUILD_THROTTLE_SOFT=48 F7_EL_MAP=0,0,0,0,0,0,0 N42_PARALLEL_BUILD_THREADS=32 N42_HASHED_TABLES=off F7_FLOOD_RATE=4000000 N42_COMPACT_BODY=1 N42_ACCOUNT_HISTORY=off N42_TAKE_COMPACT=1 N42_TX_INGEST_HIGH_WATER=1666666 F7_BENCH_POOL_SLOTS=2000000 N42_BUILD_THROTTLE_HARD=80 RAYON_NUM_THREADS=16 TOKIO_WORKER_THREADS=16 N42_QMDB_READS=on F7_MEASURE_FROM_LOG=1
loop334WARM once: start-up lines import_once=true 1; last direct-import counters 
loop334WARM imports: layers=1 direct_imports=0 canonical_blocks=3061 import_once_lines=1 (per layer: direct imports should equal canonical blocks for one execution per block)
grep: /data/blockchain/rust-fleet7-bench/node1/el.log: No such file or directory
grep: /data/blockchain/rust-fleet7-bench/node2/el.log: No such file or directory
grep: /data/blockchain/rust-fleet7-bench/node3/el.log: No such file or directory
grep: /data/blockchain/rust-fleet7-bench/node1/el.log: No such file or directory
grep: /data/blockchain/rust-fleet7-bench/node2/el.log: No such file or directory
grep: /data/blockchain/rust-fleet7-bench/node3/el.log: No such file or directory
cat: /data/blockchain/rust-fleet7-bench/node2/el.log: No such file or directory
cat: /data/blockchain/rust-fleet7-bench/node2/el.log: No such file or directory
cat: /data/blockchain/rust-fleet7-bench/node2/el.log: No such file or directory
cat: /data/blockchain/rust-fleet7-bench/node1/el.log: No such file or directory
cat: /data/blockchain/rust-fleet7-bench/node2/el.log: No such file or directory
cat: /data/blockchain/rust-fleet7-bench/node3/el.log: No such file or directory
Traceback (most recent call last):
  File [35m"<stdin>"[0m, line [35m4[0m, in [35m<module>[0m
[1;35mIndexError[0m: [35mlist index out of range[0m
loop334WARM no_variant=0 own_not_committed=0 tc=1 invalid_blocks=0 incomplete=0 gas_mismatch=0 direct_imports_failed=0 stuck_at_hashed_state=0 engine_idles_over_5s=1 proposals_given_up=0 tables_off_nodes=1 unanswered_reads=0 seal_first_total=1131 seal_first_direct=1131 direct_guard_errors=0 commit_ms_median=2 fold_ms_median=6 sealed_at_ms_median=70 state_ready_ms_median=102 build_total_ms_median=191 recover_us_median=0 par_exec_ms_median=26 par_exec_ms_median=26 giveback_filtered=0 giveback_offered_max=200000 seal_first=1131 reader_lag_max=11 reader_lag_warns=0 view_invalidated=0 el_sum_peak_g=33.2 el_max_peak_g=33.2 val_sum_peak_g=2.0 flood_peak_g=0.6 two_roads_blocks=0 two_roads_overlap_ms_median=- exec_on_output_declined=0 r1_collect_ms_median=5 proposal_at_ms_median=69 view_total_ms_median=81 import_exec_ms_median=- import_total_ms_median=- import_senders_ms_median=- import_convert_ms_median=- import_groups_median=- imports_over_600ms=0 min_avail_g=94.3 road_foreign_body_recv_ms=- road_foreign_body_decode_ms=- road_foreign_body_senders_ms=- road_foreign_body_parent_wait_ms=- road_foreign_body_check_ms=- road_foreign_body_total_ms=- road_new_payload_recv_ms=- road_new_payload_decode_ms=- road_new_payload_senders_ms=- road_new_payload_parent_wait_ms=- road_new_payload_check_ms=- road_new_payload_total_ms=- road_foreign_body_blocks=0 road_new_payload_blocks=0 fcu_answered=1405 fcu_in_flight_ms_median=0 fcu_queued_ms_median=0 fcu_queued_ms_max=39 fcu_refused=0 fcu_slow=1107 bodies_held=0 road_reuse_ms=- road_prepare_ms=- road_dispatch_ms=- road_convert_ms=- road_remember_ms=- road_header_ms=- road_fields_ms=- road_other_ms=- import_engine_ms_median=- gate_forced=0 gate_warns=0 flood_timeouts=0 canonical_min=3084 canonical_max=3084 chained_builds=2052 chain_lead_ms_median=73 chain_wait_ms_median=8 chain_started=2055 chain_discarded=2 chain_discard_reasons=_1_reason="no_,_1_reason="the_execution_layer_produced_nothing,_1_reason="the_request_names_another_parent chain_alias_warns=0 el_chained=2063 bodies_held_warns=0 el_build_refused=2 el_build_refused_reasons=_2_no_QMDB_tree_for_parent_block_0x queued_p5=1423000 queued_p50=1507500 road_compact_blocks=0 road_compact_recv_ms=- road_compact_assemble_ms=- road_compact_root_ms=- road_compact_miss_wait_ms=- road_compact_senders_ms=- road_compact_check_ms=- road_compact_other_ms=- road_compact_total_ms=- road_compact_misses_total= compact_refused_el=0 compact_fallbacks=0 compact_bytes_median=- pool_order9=14601 par_pull_ms_median=5 build_total_ms_median2=79 road_compact_filled_blocks=0 road_compact_filled_median=- road_compact_fill_ms_median=- need_txns=0 fill_failed=0 ingest_rate_gate_open_median=- ingest_gate_open_intervals=0 ingest_slots_busy_median=- flood_rate= fill_asked_proposer=0 fill_asked_other=0 loop_lines=2910 loop_unnamed_ms_median=67 loop_body_served_ms_median=- loop_txns_served_ms_median=- import_exec_ms_median2=- pip_partition_ms=- pip_env_ms=- pip_batch_ms=- pip_groups_ms=- pip_gas_ms=- pip_merge_ms=- pip_receipts_ms=- pip_drop_ms=- pip_other_ms=- pip_total_ms=- senders_indexed_median=- road_senders_ms_median=- road_total_ms_median=- pew_ms_median=- pew_ms_p90= gate_ms_median=- gate_ms_p90= root_ms_p50=- root_ms_p90= two_roads=0 not_on_output=0 not_on_output_why= ckpt_ms_first_q=2 ckpt_ms_last_q=26 ckpt_bytes_last=26579460 parent_still_importing=0 root_wait_ms_p50=- root_wait_ms_p90= tenures_low_seal=18 seal_first_share=0.99 empty_over_deep=0 near_empty_warns=0 no_seal_why= par_skipped_median=- usable_p5=1423000 ckpt_replay_ms_last_q=11 candidates_zero=0 dropped_ingest=0 let_go_warns=0 let_go_reasons= parked_p50=0 parked_max=0 held_warns=0 park_capped_total=0 superseded_builds=1 empty_not_superseded=0 mass_park_warns=0 heads_lines=0 holes_lines=0 stale_parent_refusals=0 par_groups_p5=0 cancelled_decided=0 heads_nonce0=0 stale_unconfirmed= handovers=0 el_panics=0 decided_cancelled=0 min_window_blocks=363 road_desc_blocks=0 road_desc_total_ms=- road_desc_copy_ms=- desc_misses=0 fill_failed2=0 sf_par_collect_ms=0 sf_par_commit_ms=2 sf_par_fold_ms=6 sf_par_graft_ms=0 sf_par_prefault_ms=0 sf_par_exec_ms=26 sf_sealed_at_ms=70 sf_roots_ms=30 sf_state_ready_ms=102 sf_total_ms=191 ba_find_ms=0 ba_queue_ms=2 ba_total_ms=79 ba_on_output=1130 queue_fold_us=0 queue_lock_us=21 sf_par_exec_ms=26 sf_par_fold_ms=6 pip_groups_ms=- import_exec_ms_median2=- reads_d0=0 reads_hist=0 f_reads_d0=- f_reads_hist=- f_overlay_depth=- L_read_set_ms=0 read_set_accounts=0 read_set_unresolved=0 read_set_hits=0 read_set_misses=0 start_best_ms=- par_prep_ms=- gap_before_exec_ms=- gap_after_exec_ms=- gap_before_seal_ms=- index_ms=- road_copy_aside_ms=- road_copy_wait_ms=- road_total_ms=- queue_first_miss=queue_first_miss=0:1921,queue_first_miss=18446744073709551615:1139 root_append_behind=0 populate_lag_mb=0 swap_used_g=0 root_faults=- root_faults_p90= root_faults_entries=0 root_faults_offsets=0 root_faults_index=0 root_faults_bits=0 root_faults_twigs=0 root_faults_undo=0 root_faults_tmp=0 root_append_faults=0 root_twig_pool_misses=0 batch_max_ms=17 batch_min_ms=5 batch_median_ms=11 batch_cpu_max_ms=9 batch_txs_max=3500 batch_txs_min=500 batch_start_skew_ms=13 batch_wait_ms=0 loop_fetch_ns=0 loop_check_ns=0 loop_transfer_ns=0 loop_receipt_ns=0 loop_gas_ns=0 loop_sink_ns=0 loop_other_ns=0 batch_setup_ns=0 batch_close_ns=0 imp_exec_part_ms=- imp_exec_batches_ms=- imp_exec_graft_ms=- imp_exec_batches=- imp_exec_threads=- imp_exec_batch_max_ms=- imp_exec_batch_median_ms=- imp_parent_output_wait_ms=- road_parent_output_wait_ms=- next_start_gap_ms=0 next_entry_gap_ms=0 commit_body_ahead_used=- imp_exec_keys_ms=- imp_keys_ahead=- imp_exec_sink_ms=- imp_exec_pre_ms=- imp_exec_post_ms=- imp_exec_receipts_ms=- imp_exec_drop_ms=- root_gap_ms=- queue_whole=queue_whole=false:1921,queue_whole=true:1139 tick_tick_late_us=991 tick_preamble_us=342 tick_take_sealed_us=1 tick_sign_us=1 tick_cache_us=0 tick_presealed=- tick_describe_us=11 tick_publish_us=604 tick_tick_to_send_us=2007 road_check_ms=- road_check_include_us=- road_check_scan_us=- road_check_fold_us=- road_check_senders_us=- road_check_frames_summarized=- road_check_frames_scanned=- imp_exec_start_gap_us=- imp_gap_road_us=- imp_gap_header_us=- imp_gap_senders_us=- imp_gap_parent_us=- imp_gap_setup_us=- imp_gap_keys_wait_us=- sealed_at_p90= sealed_over_130=0 roots_ms=- cycle_p90= batch_max_ms=- batch_median_ms=- imp_batch_max=- forest_lock_warns=355 root_seal_ms=1 root_seals=31 root_majflt=3 roots_p90= gp_layer=1055 ggp_missing=85 state_wait_split=0/0/0/0:1056,0/70/0/0:13,0/74/0/0:9 qmdb_releases=0 state_wait_on= imp_road_end_ms=- imp_exec_start_ms=- imp_exec_end_ms=- imp_root_end_ms=- imp_fields_ready_ms=- imp_parent_fields_wait_ms=- imp_exec_ms=- imp_root_ms=- imp_checks_ms=- imp_engine_ms=- imp_total_ms=- road_parent_fields_wait_ms=- exec_read_ms=0 L_exec_evm_ms=0 L_exec_write_ms=0 L_exec_other_ms=0 L_reads_cache=0 L_reads_provider=0 L_reads_view=0 L_graft_base_ms=0 L_graft_reserve_ms=0 L_graft_insert_ms=0 L_graft_reverts_ms=0 L_graft_other_ms=0 L_par_exec_ms=26 L_par_graft_ms=0 F_exec_read_ms=- F_exec_evm_ms=- F_exec_write_ms=- F_exec_other_ms=- F_reads_cache=- F_reads_provider=- F_reads_view=- F_groups_ms=- L_tx_root_wait_ms=0 L_par_exec_ms=26 L_par_graft_ms=0 L_par_fold_ms=6 L_sealed_ms=6 L_state_ready_ms=102 L_roots_ms=30 L_finish_ms=107 L_total_ms=191 L_setup_ms=0 L_par_pull_ms=5 L_give_back_ms=0 L_state_wait_ms=0 L_state_after_pull=1131 L_seal_at_exec=1131 L_tx_root_ahead=0 flood_w1=2435023 txs_p10=200000 acq_us=7032 slots_busy=20 ingest_rate=2442581 L_scope_join_ms=0 L_par_release_ms=0 L_commit_body_ms=0 L_par_commit_ms=2 L_give_back_ms=0 L_sealed_ms=6 L_par_exec_ms=26 L_state_wait_ms=0 L_par_pull_ms=5 L_par_prep_ms=3 L_par_start_ms=9 L_pre_exec_ms=0 L_par_run_ms=28 L_sealed_at_ms=70 F_partition_ms=- F_env_ms=- F_groups_ms=- F_merge_ms=- F_reverts_wait_ms=- F_ahead_wait_ms=- F_total_ms=- I_engine_ms=- I_root_ms=- I_total_ms=- H_engine_remember_ms=- H_engine_listing_ms=- H_engine_new_payload_ms=- busy_us=1 L_par_start_ms=9 L_start_handoff_ms=2 L_start_best_ms=8 L_start_puller_ms=0 L_par_pull_ms=5 L_par_prep_ms=3 L_state_wait_ms=0 L_par_exec_ms=26 L_par_commit_ms=2 L_sealed_ms=6 L_sealed_at_ms=70 L_par_graft_ms=0 L_graft_insert_ms=0 L_graft_reverts_ms=0 L_graft_split_us=0 L_graft_build_us=0 L_graft_merge_us=0 L_state_ready_ms=102 Q_queue_ms=0 R_dispatch_wait_ms=- R_total_ms=- R_road_runtime=0 gate_holds=0 peer_fetch=0 pool_limit=limit=4 gate_opened=gate_opened_for_block=0 I_root_ms=- flood_rate_hdr=rate=4000000/s fills=0 fill_waited=- slots_busy=20 acq_us=7032 busy_us=1 converged=0 fallbacks=0 busy_us=1 recover_us=0 tf_on_output=2 tf_fallback=0 still_importing=0 busy_us=1 slots_busy=20 batches=altsig_txs=0 altsig_batches=0 tf_on_output=2 tf_fallback=0 gate_holds=0 sign_s=sign 0s replay_note=replay       : 64 files from /data/n42-pregen/g900000-400m, 400000000 transactio sign_s=sign 0s shard=shard_verified=0 shard_claimed=0 road_verified=- slots_busy=20 gate_us=5887 reply_us=13033 queued=1507500 assemble_ms=- road_take_ms=- road_body_ms=- road_encode_ms=- shards=16 shard_insert_ms=0 shard_wait_ms=0 shard_fold_ms=4 shard_append_ms=245 shard_merge_ms=46 state_ready_ms=102 roots_ms=30 exec_read_ms=0 exec_evm_ms=0 exec_write_ms=0 exec_other_ms=0 reads_cache=0 reads_provider=0 reads_view=0 par_run_ms=28 fold_task_cpu_max_us=4140 fold_task_minflt_max=385 fold_task_minflt_sum=385 fold_task_migrated=0 fold_task_nivcsw_max=0 fold_index=1 fold_index_build_ms=4 fold_index_conflicts=8818 fold_queue_us=21 fold_skew_us=41 fold_task_max_us=4137 fold_tail_us=20 start_best_ms=8 start_select_ms=0 start_walk_ms=5 start_walk_check_ms=0 start_best_other_ms=0 start_frames_by_ref=400 start_frames_slow=0 start_pull_ms=0 start_other_ms=0 start_handoff_ms=2 par_start_ms=9 par_prep_ms=3 par_commit_ms=2 commit_body_ms=0 par_fold_ms=6 sealed_ms=6 copy_ms=- prune_ms=0 frames=- frames_missing=- frame_root_ms=- root_ms=- frames_admitted=frames_admitted=452270 frames_unaligned=0 frame_root_indexed=- seal_layout_ms=0 seal_root_ms=0 attested= busy_us=1 slots_busy=20 reply_us=13033 prune_ms=0 body_refused=0 body_failed_late=0
loop334WARM win1 tps=2,440,000 txs=73,200,000 blocks= 366 cycle=0.082s occupancy= 99.7% full(>=95%)=365/366 basefee=n/a (from the layer's log)
loop334WARM win2 tps=2,420,000 txs=72,600,000 blocks= 363 cycle=0.083s occupancy=100.0% full(>=95%)=363/363 basefee=n/a (from the layer's log)
loop334WARM win3 tps=2,433,333 txs=73,000,000 blocks= 365 cycle=0.082s occupancy=100.0% full(>=95%)=365/365 basefee=n/a (from the layer's log)
loop334WARM tps=2,440,000 round_txs=218800000 cycles_w1=
loop334WARM imp_fields_p90= b_p75=6
loop334WARM overlay: filter_skips=0 probes=0 ratio=- (ratio = skips/(skips+probes))
loop334WARM overlay_manager:       1 state_trie_overlay=false  state-ovly_cpu=0
loop334WARM verify: written to /data/blockchain/rust-fleet7-bench/bench-loop334WARM/verify.json
== loop334WARM  (E=1: seven validator keys on one execution layer)
  window 1: canonical 366 blocks, 73.2M tx = 2,440,000/s (100.0% of window 1), full 365/366 (100%); cycle mean/median/p90 82.1/81.5/88.6 ms
    leader builds 365: sealed_at median/p90/p99 71/93/137; phases median/p90 ms: gap_before_exec 2/3, state_wait 0/0, par 61/84, par_exec 27/31, roots 29/34, parent_fields 0/19, sealed 6/25
    state_wait_on {'none': 335, 'grandparent': 29, 'open': 1}; builds with state_wait > 20 ms: 29 ([('grandparent', 29)]); gp_layer {1.0: 336, 0.0: 29}, ggp_missing {0.0: 336, 1.0: 29}
    queue at the builds min/median 1,297,000/1,607,500
    binding wait (tick / quorum / seal share, mean cycle): tick 94% (81); quorum 0%; seal 6% (93); feed-bound (blocks under 95% of the tier): 1 of 366
    slowest key vote delay median/p90 7.3/29.0 ms
    engine own-import total_ms per block median/p90/max 30/43/62 (n=365)
    layer RSS 3.7 -> 21.7 G (max 21.7), in-memory blocks max 11
    execution layer cores busy 23.6    validators cores busy 1.0
    flood delivered (median per 5 s over the leg) 2,436,732/s
  window 2: canonical 363 blocks, 72.6M tx = 2,420,000/s (99.2% of window 1), full 363/363 (100%); cycle mean/median/p90 81.7/81.4/84.7 ms
    leader builds 363: sealed_at median/p90/p99 67/88/142; phases median/p90 ms: gap_before_exec 2/3, state_wait 0/0, par 57/79, par_exec 27/30, roots 29/35, parent_fields 0/13, sealed 5/18
    state_wait_on {'none': 331, 'grandparent': 29, 'open': 3}; builds with state_wait > 20 ms: 29 ([('grandparent', 29)]); gp_layer {1.0: 334, 0.0: 29}, ggp_missing {0.0: 334, 1.0: 29}
    queue at the builds min/median 1,424,500/1,575,500
    binding wait (tick / quorum / seal share, mean cycle): tick 96% (81); quorum 0%; seal 4% (90); feed-bound (blocks under 95% of the tier): 0 of 363
    slowest key vote delay median/p90 8.4/33.0 ms
    engine own-import total_ms per block median/p90/max 31/43/226 (n=363)
    layer RSS 21.0 -> 27.5 G (max 27.5), in-memory blocks max 11
    execution layer cores busy 23.4    validators cores busy 1.0
  window 3: canonical 365 blocks, 73.0M tx = 2,433,333/s (99.7% of window 1), full 365/365 (100%); cycle -
    leader builds 367: sealed_at median/p90/p99 71/86/132; phases median/p90 ms: gap_before_exec 2/3, state_wait 0/0, par 59/80, par_exec 26/28, roots 30/36, parent_fields 0/21, sealed 7/27
    state_wait_on {'none': 343, 'grandparent': 23, 'open': 1}; builds with state_wait > 20 ms: 23 ([('grandparent', 23)]); gp_layer {1.0: 344, 0.0: 23}, ggp_missing {0.0: 344, 1.0: 23}
    queue at the builds min/median 1,418,000/1,596,000
    engine own-import total_ms per block median/p90/max 31/42/56 (n=366)
    layer RSS 26.9 -> 33.2 G (max 33.2), in-memory blocks max 11
    execution layer cores busy 23.5    validators cores busy 1.0
  round total (3 windows, canonical): 218.8M tx
  layer peak RSS 33.2 G; in-memory blocks max 11
  fields at seal: mode "off", verified 0, unchecked 0, mismatches 0 (last build line, cumulative)
  own_executed_again (built here and also directly imported): 0 of 1131 built blocks
== loop334WARM
  layer-0 leader window-1 builds 366: txs mean 200000, share >= 95% of the tier 100% (max 200000); sealed_at_ms 71.0/93.0; par_ms 61.0/84.0; par_exec_ms 27.0/31.0; roots_ms 29.0/34.0; parent_fields_ms 0.0/19.0; sealed_ms 6.0/25.0
  proposal cycle window 1 (n=378): mean 82.1 median 81.5 p90 88.6 ms; blocks in the 30 s: 378
  binding wait (tick / quorum / seal, share and mean cycle): tick 94.0% (81.4); quorum 0%; seal 6.0% (93.4)
  vote delay after the proposal, slowest key per block: median 7.2 p90 29.0 ms (slowest minus the median key: median 0.5); last key: {1: 53, 2: 62, 3: 52, 4: 68, 5: 68, 6: 61} of 364 blocks
  CPU in window 1 (cores busy): execution layers 23.6 over 1 process(es); validators 1.0 over 7 process(es)
  execution layer peak RSS 33.2 G; in-memory blocks max 11 (node0 and others, all layers)
  blocks built here 1131; none also directly imported
  import-once counters at the last direct import: ; start-up lines with import_once=true: 1; queue-lock lines 0
  layer-0 queue (queued after canonical prune), median per 10 s: t+0:1612000 t+20:1505750 t+40:1506500 t+60:1542000 t+80:1507500
  flood: median per 5 s 2436732/s, final -
  timeout / given-up lines: 1; 06:50:51 v0 INFO process_event{view=1 kind="message"}: n42::cl::timeout: TC formed
loop334WARM page_faults_per_s_median: node0=123279 
leg loop334G80: /data free 1111G (needs 120 G)
leg loop334G80 start 02:55:20 load 5.56
round loop334G80 exit 0 at 02:58:05
loop334G80 save stages (node0, seconds summed over the leg / count): batch_size=1500.0/500  batch_size=1500.0/500  reth_consensus_engine_beacon_persistence_duration=73.8/500  duration_seconds=72.9/500  total=69.9/500  scope=55.9/500  sf=55.9/500  sf_transactions=55.6/500  sf_receipts=22.7/500  sf_account_changesets=19.2/500
el binary: /data/n42-build/target-n42-rs/loop334-base/release/n42 env: N42_IMPORT_ONCE=1 N42_SETTLEMENT_TAGS=legacy N42_BUILD_THROTTLE_SOFT=48 F7_EL_MAP=0,0,0,0,0,0,0 N42_TX_INGEST_RECOVER_PARALLEL=12 N42_PARALLEL_BUILD_THREADS=32 N42_HASHED_TABLES=off F7_FLOOD_RATE=4000000 N42_COMPACT_BODY=1 MALLOC_CONF=thp:always,oversize_threshold:0,dirty_decay_ms:2000,background_thread:true N42_ACCOUNT_HISTORY=off N42_TAKE_COMPACT=1 N42_TX_INGEST_HIGH_WATER=1666666 F7_BENCH_POOL_SLOTS=2000000 N42_BUILD_THROTTLE_HARD=80 RAYON_NUM_THREADS=16 TOKIO_WORKER_THREADS=16 N42_QMDB_READS=on F7_BLOCK_INTERVAL_MS=80 F7_MEASURE_FROM_LOG=1
validator env: N42_IMPORT_ONCE=1 N42_SETTLEMENT_TAGS=legacy N42_BUILD_THROTTLE_SOFT=48 F7_EL_MAP=0,0,0,0,0,0,0 N42_PARALLEL_BUILD_THREADS=32 N42_HASHED_TABLES=off F7_FLOOD_RATE=4000000 N42_COMPACT_BODY=1 N42_ACCOUNT_HISTORY=off N42_TAKE_COMPACT=1 N42_TX_INGEST_HIGH_WATER=1666666 F7_BENCH_POOL_SLOTS=2000000 N42_BUILD_THROTTLE_HARD=80 RAYON_NUM_THREADS=16 TOKIO_WORKER_THREADS=16 N42_QMDB_READS=on F7_MEASURE_FROM_LOG=1
loop334G80 once: start-up lines import_once=true 1; last direct-import counters 
loop334G80 imports: layers=1 direct_imports=0 canonical_blocks=3053 import_once_lines=1 (per layer: direct imports should equal canonical blocks for one execution per block)
grep: /data/blockchain/rust-fleet7-bench/node1/el.log: No such file or directory
grep: /data/blockchain/rust-fleet7-bench/node2/el.log: No such file or directory
grep: /data/blockchain/rust-fleet7-bench/node3/el.log: No such file or directory
grep: /data/blockchain/rust-fleet7-bench/node1/el.log: No such file or directory
grep: /data/blockchain/rust-fleet7-bench/node2/el.log: No such file or directory
grep: /data/blockchain/rust-fleet7-bench/node3/el.log: No such file or directory
cat: /data/blockchain/rust-fleet7-bench/node2/el.log: No such file or directory
cat: /data/blockchain/rust-fleet7-bench/node2/el.log: No such file or directory
cat: /data/blockchain/rust-fleet7-bench/node2/el.log: No such file or directory
cat: /data/blockchain/rust-fleet7-bench/node1/el.log: No such file or directory
cat: /data/blockchain/rust-fleet7-bench/node2/el.log: No such file or directory
cat: /data/blockchain/rust-fleet7-bench/node3/el.log: No such file or directory
Traceback (most recent call last):
  File [35m"<stdin>"[0m, line [35m4[0m, in [35m<module>[0m
[1;35mIndexError[0m: [35mlist index out of range[0m
loop334G80 no_variant=0 own_not_committed=0 tc=1 invalid_blocks=0 incomplete=0 gas_mismatch=0 direct_imports_failed=0 stuck_at_hashed_state=0 engine_idles_over_5s=1 proposals_given_up=0 tables_off_nodes=1 unanswered_reads=0 seal_first_total=1123 seal_first_direct=1123 direct_guard_errors=0 commit_ms_median=2 fold_ms_median=6 sealed_at_ms_median=71 state_ready_ms_median=103 build_total_ms_median=193 recover_us_median=0 par_exec_ms_median=26 par_exec_ms_median=26 giveback_filtered=0 giveback_offered_max=200000 seal_first=1123 reader_lag_max=11 reader_lag_warns=0 view_invalidated=0 el_sum_peak_g=33.1 el_max_peak_g=33.1 val_sum_peak_g=2.0 flood_peak_g=0.6 two_roads_blocks=0 two_roads_overlap_ms_median=- exec_on_output_declined=0 r1_collect_ms_median=5 proposal_at_ms_median=69 view_total_ms_median=81 import_exec_ms_median=- import_total_ms_median=- import_senders_ms_median=- import_convert_ms_median=- import_groups_median=- imports_over_600ms=0 min_avail_g=93.9 road_foreign_body_recv_ms=- road_foreign_body_decode_ms=- road_foreign_body_senders_ms=- road_foreign_body_parent_wait_ms=- road_foreign_body_check_ms=- road_foreign_body_total_ms=- road_new_payload_recv_ms=- road_new_payload_decode_ms=- road_new_payload_senders_ms=- road_new_payload_parent_wait_ms=- road_new_payload_check_ms=- road_new_payload_total_ms=- road_foreign_body_blocks=0 road_new_payload_blocks=0 fcu_answered=1405 fcu_in_flight_ms_median=0 fcu_queued_ms_median=0 fcu_queued_ms_max=42 fcu_refused=0 fcu_slow=1119 bodies_held=0 road_reuse_ms=- road_prepare_ms=- road_dispatch_ms=- road_convert_ms=- road_remember_ms=- road_header_ms=- road_fields_ms=- road_other_ms=- import_engine_ms_median=- gate_forced=0 gate_warns=0 flood_timeouts=0 canonical_min=3075 canonical_max=3075 chained_builds=2049 chain_lead_ms_median=73 chain_wait_ms_median=9 chain_started=2053 chain_discarded=3 chain_discard_reasons=_1_reason="the_build_was_aborted,_1_reason="the_chained_build_produced_nothing,_1_reason="the_execution_layer_produced_nothing,_1_reason="the_request_names_another_parent chain_alias_warns=0 el_chained=2061 bodies_held_warns=0 el_build_refused=3 el_build_refused_reasons=_2_the_build_was_aborted,_1_no_QMDB_tree_for_parent_block_0x queued_p5=1441000 queued_p50=1507500 road_compact_blocks=0 road_compact_recv_ms=- road_compact_assemble_ms=- road_compact_root_ms=- road_compact_miss_wait_ms=- road_compact_senders_ms=- road_compact_check_ms=- road_compact_other_ms=- road_compact_total_ms=- road_compact_misses_total= compact_refused_el=0 compact_fallbacks=0 compact_bytes_median=- pool_order9=13845 par_pull_ms_median=5 build_total_ms_median2=80 road_compact_filled_blocks=0 road_compact_filled_median=- road_compact_fill_ms_median=- need_txns=0 fill_failed=0 ingest_rate_gate_open_median=- ingest_gate_open_intervals=0 ingest_slots_busy_median=- flood_rate= fill_asked_proposer=0 fill_asked_other=0 loop_lines=2915 loop_unnamed_ms_median=67 loop_body_served_ms_median=- loop_txns_served_ms_median=- import_exec_ms_median2=- pip_partition_ms=- pip_env_ms=- pip_batch_ms=- pip_groups_ms=- pip_gas_ms=- pip_merge_ms=- pip_receipts_ms=- pip_drop_ms=- pip_other_ms=- pip_total_ms=- senders_indexed_median=- road_senders_ms_median=- road_total_ms_median=- pew_ms_median=- pew_ms_p90= gate_ms_median=- gate_ms_p90= root_ms_p50=- root_ms_p90= two_roads=0 not_on_output=0 not_on_output_why= ckpt_ms_first_q=2 ckpt_ms_last_q=26 ckpt_bytes_last=26609388 parent_still_importing=31 root_wait_ms_p50=- root_wait_ms_p90= tenures_low_seal=18 seal_first_share=0.99 empty_over_deep=0 near_empty_warns=0 no_seal_why=_1_why="the_parallel_step_built_nothing" par_skipped_median=- usable_p5=1441000 ckpt_replay_ms_last_q=11 candidates_zero=0 dropped_ingest=0 let_go_warns=0 let_go_reasons= parked_p50=0 parked_max=0 held_warns=0 park_capped_total=0 superseded_builds=2 empty_not_superseded=0 mass_park_warns=0 heads_lines=0 holes_lines=0 stale_parent_refusals=0 par_groups_p5=0 cancelled_decided=1 heads_nonce0=0 stale_unconfirmed= handovers=31 el_panics=0 decided_cancelled=1 min_window_blocks=357 road_desc_blocks=0 road_desc_total_ms=- road_desc_copy_ms=- desc_misses=0 fill_failed2=0 sf_par_collect_ms=0 sf_par_commit_ms=2 sf_par_fold_ms=6 sf_par_graft_ms=0 sf_par_prefault_ms=0 sf_par_exec_ms=26 sf_sealed_at_ms=71 sf_roots_ms=30 sf_state_ready_ms=103 sf_total_ms=193 ba_find_ms=0 ba_queue_ms=3 ba_total_ms=80 ba_on_output=1122 queue_fold_us=0 queue_lock_us=16 sf_par_exec_ms=26 sf_par_fold_ms=6 pip_groups_ms=- import_exec_ms_median2=- reads_d0=0 reads_hist=0 f_reads_d0=- f_reads_hist=- f_overlay_depth=- L_read_set_ms=0 read_set_accounts=0 read_set_unresolved=0 read_set_hits=0 read_set_misses=0 start_best_ms=- par_prep_ms=- gap_before_exec_ms=- gap_after_exec_ms=- gap_before_seal_ms=- index_ms=- road_copy_aside_ms=- road_copy_wait_ms=- road_total_ms=- queue_first_miss=queue_first_miss=0:1921,queue_first_miss=18446744073709551615:1131 root_append_behind=0 populate_lag_mb=0 swap_used_g=0 root_faults=- root_faults_p90= root_faults_entries=0 root_faults_offsets=0 root_faults_index=0 root_faults_bits=0 root_faults_twigs=0 root_faults_undo=0 root_faults_tmp=0 root_append_faults=0 root_twig_pool_misses=0 batch_max_ms=16 batch_min_ms=5 batch_median_ms=11 batch_cpu_max_ms=9 batch_txs_max=3500 batch_txs_min=500 batch_start_skew_ms=13 batch_wait_ms=0 loop_fetch_ns=0 loop_check_ns=0 loop_transfer_ns=0 loop_receipt_ns=0 loop_gas_ns=0 loop_sink_ns=0 loop_other_ns=0 batch_setup_ns=0 batch_close_ns=0 imp_exec_part_ms=- imp_exec_batches_ms=- imp_exec_graft_ms=- imp_exec_batches=- imp_exec_threads=- imp_exec_batch_max_ms=- imp_exec_batch_median_ms=- imp_parent_output_wait_ms=- road_parent_output_wait_ms=- next_start_gap_ms=0 next_entry_gap_ms=0 commit_body_ahead_used=- imp_exec_keys_ms=- imp_keys_ahead=- imp_exec_sink_ms=- imp_exec_pre_ms=- imp_exec_post_ms=- imp_exec_receipts_ms=- imp_exec_drop_ms=- root_gap_ms=- queue_whole=queue_whole=false:1921,queue_whole=true:1131 tick_tick_late_us=977 tick_preamble_us=342 tick_take_sealed_us=1 tick_sign_us=0 tick_cache_us=0 tick_presealed=- tick_describe_us=10 tick_publish_us=604 tick_tick_to_send_us=2001 road_check_ms=- road_check_include_us=- road_check_scan_us=- road_check_fold_us=- road_check_senders_us=- road_check_frames_summarized=- road_check_frames_scanned=- imp_exec_start_gap_us=- imp_gap_road_us=- imp_gap_header_us=- imp_gap_senders_us=- imp_gap_parent_us=- imp_gap_setup_us=- imp_gap_keys_wait_us=- sealed_at_p90= sealed_over_130=0 roots_ms=- cycle_p90= batch_max_ms=- batch_median_ms=- imp_batch_max=- forest_lock_warns=420 root_seal_ms=1 root_seals=31 root_majflt=2 roots_p90= gp_layer=1043 ggp_missing=88 state_wait_split=0/0/0/0:1044,0/68/0/0:11,0/64/0/0:9 qmdb_releases=0 state_wait_on= imp_road_end_ms=- imp_exec_start_ms=- imp_exec_end_ms=- imp_root_end_ms=- imp_fields_ready_ms=- imp_parent_fields_wait_ms=- imp_exec_ms=- imp_root_ms=- imp_checks_ms=- imp_engine_ms=- imp_total_ms=- road_parent_fields_wait_ms=- exec_read_ms=0 L_exec_evm_ms=0 L_exec_write_ms=0 L_exec_other_ms=0 L_reads_cache=0 L_reads_provider=0 L_reads_view=0 L_graft_base_ms=0 L_graft_reserve_ms=0 L_graft_insert_ms=0 L_graft_reverts_ms=0 L_graft_other_ms=0 L_par_exec_ms=26 L_par_graft_ms=0 F_exec_read_ms=- F_exec_evm_ms=- F_exec_write_ms=- F_exec_other_ms=- F_reads_cache=- F_reads_provider=- F_reads_view=- F_groups_ms=- L_tx_root_wait_ms=0 L_par_exec_ms=26 L_par_graft_ms=0 L_par_fold_ms=6 L_sealed_ms=6 L_state_ready_ms=103 L_roots_ms=30 L_finish_ms=108 L_total_ms=193 L_setup_ms=0 L_par_pull_ms=5 L_give_back_ms=0 L_state_wait_ms=0 L_state_after_pull=1123 L_seal_at_exec=1123 L_tx_root_ahead=0 flood_w1=2453145 txs_p10=200000 acq_us=6572 slots_busy=20 ingest_rate=2434080 L_scope_join_ms=0 L_par_release_ms=0 L_commit_body_ms=0 L_par_commit_ms=2 L_give_back_ms=0 L_sealed_ms=6 L_par_exec_ms=26 L_state_wait_ms=0 L_par_pull_ms=5 L_par_prep_ms=3 L_par_start_ms=9 L_pre_exec_ms=0 L_par_run_ms=28 L_sealed_at_ms=71 F_partition_ms=- F_env_ms=- F_groups_ms=- F_merge_ms=- F_reverts_wait_ms=- F_ahead_wait_ms=- F_total_ms=- I_engine_ms=- I_root_ms=- I_total_ms=- H_engine_remember_ms=- H_engine_listing_ms=- H_engine_new_payload_ms=- busy_us=0 L_par_start_ms=9 L_start_handoff_ms=3 L_start_best_ms=9 L_start_puller_ms=0 L_par_pull_ms=5 L_par_prep_ms=3 L_state_wait_ms=0 L_par_exec_ms=26 L_par_commit_ms=2 L_sealed_ms=6 L_sealed_at_ms=71 L_par_graft_ms=0 L_graft_insert_ms=0 L_graft_reverts_ms=0 L_graft_split_us=0 L_graft_build_us=0 L_graft_merge_us=0 L_state_ready_ms=103 Q_queue_ms=0 R_dispatch_wait_ms=- R_total_ms=- R_road_runtime=0 gate_holds=0 peer_fetch=0 pool_limit=limit=4 gate_opened=gate_opened_for_block=0 I_root_ms=- flood_rate_hdr=rate=4000000/s fills=0 fill_waited=- slots_busy=20 acq_us=6572 busy_us=0 converged=0 fallbacks=0 busy_us=0 recover_us=0 tf_on_output=2 tf_fallback=0 still_importing=31 busy_us=0 slots_busy=20 batches=altsig_txs=0 altsig_batches=0 tf_on_output=2 tf_fallback=0 gate_holds=0 sign_s=sign 0s replay_note=replay       : 64 files from /data/n42-pregen/g900000-400m, 400000000 transactio sign_s=sign 0s shard=shard_verified=0 shard_claimed=0 road_verified=- slots_busy=20 gate_us=6285 reply_us=13009 queued=1507500 assemble_ms=- road_take_ms=- road_body_ms=- road_encode_ms=- shards=16 shard_insert_ms=0 shard_wait_ms=0 shard_fold_ms=4 shard_append_ms=237 shard_merge_ms=46 state_ready_ms=103 roots_ms=30 exec_read_ms=0 exec_evm_ms=0 exec_write_ms=0 exec_other_ms=0 reads_cache=0 reads_provider=0 reads_view=0 par_run_ms=28 fold_task_cpu_max_us=3847 fold_task_minflt_max=317 fold_task_minflt_sum=317 fold_task_migrated=0 fold_task_nivcsw_max=0 fold_index=1 fold_index_build_ms=3 fold_index_conflicts=8711 fold_queue_us=20 fold_skew_us=41 fold_task_max_us=3845 fold_tail_us=20 start_best_ms=9 start_select_ms=0 start_walk_ms=5 start_walk_check_ms=0 start_best_other_ms=0 start_frames_by_ref=400 start_frames_slow=0 start_pull_ms=0 start_other_ms=0 start_handoff_ms=3 par_start_ms=9 par_prep_ms=3 par_commit_ms=2 commit_body_ms=0 par_fold_ms=6 sealed_ms=6 copy_ms=- prune_ms=0 frames=- frames_missing=- frame_root_ms=- root_ms=- frames_admitted=frames_admitted=449074 frames_unaligned=0 frame_root_indexed=- seal_layout_ms=0 seal_root_ms=0 attested= busy_us=0 slots_busy=20 reply_us=13009 prune_ms=0 body_refused=0 body_failed_late=0
loop334G80 win1 tps=2,453,333 txs=73,600,000 blocks= 368 cycle=0.082s occupancy= 99.7% full(>=95%)=367/368 basefee=n/a (from the layer's log)
loop334G80 win2 tps=2,380,000 txs=71,400,000 blocks= 357 cycle=0.084s occupancy=100.0% full(>=95%)=357/357 basefee=n/a (from the layer's log)
loop334G80 win3 tps=2,406,667 txs=72,200,000 blocks= 361 cycle=0.083s occupancy=100.0% full(>=95%)=361/361 basefee=n/a (from the layer's log)
loop334G80 tps=2,453,333 round_txs=217200000 cycles_w1=
loop334G80 imp_fields_p90= b_p75=6
loop334G80 overlay: filter_skips=0 probes=0 ratio=- (ratio = skips/(skips+probes))
loop334G80 overlay_manager:       1 state_trie_overlay=false  state-ovly_cpu=0
loop334G80 verify: written to /data/blockchain/rust-fleet7-bench/bench-loop334G80/verify.json
== loop334G80  (E=1: seven validator keys on one execution layer)
  window 1: canonical 368 blocks, 73.6M tx = 2,453,333/s (100.0% of window 1), full 367/368 (100%); cycle mean/median/p90 81.7/81.3/84.2 ms
    leader builds 367: sealed_at median/p90/p99 71/88/127; phases median/p90 ms: gap_before_exec 2/3, state_wait 0/0, par 58/81, par_exec 26/29, roots 29/33, parent_fields 0/17, sealed 6/23
    state_wait_on {'none': 332, 'output': 2, 'open': 3, 'grandparent': 30}; builds with state_wait > 20 ms: 30 ([('grandparent', 30)]); gp_layer {1.0: 337, 0.0: 30}, ggp_missing {0.0: 337, 1.0: 30}
    queue at the builds min/median 1,246,500/1,598,000
    binding wait (tick / quorum / seal share, mean cycle): tick 98% (81); quorum 0%; seal 2% (94); feed-bound (blocks under 95% of the tier): 1 of 368
    slowest key vote delay median/p90 8.0/30.4 ms
    engine own-import total_ms per block median/p90/max 30/42/74 (n=367)
    layer RSS 3.7 -> 21.3 G (max 21.3), in-memory blocks max 11
    execution layer cores busy 23.1    validators cores busy 1.0
    flood delivered (median per 5 s over the leg) 2,446,538/s
  window 2: canonical 357 blocks, 71.4M tx = 2,380,000/s (97.0% of window 1), full 357/357 (100%); cycle mean/median/p90 81.7/81.4/87.7 ms
    leader builds 357: sealed_at median/p90/p99 68/87/130; phases median/p90 ms: gap_before_exec 2/3, state_wait 0/0, par 58/80, par_exec 26/29, roots 29/35, parent_fields 0/16, sealed 6/22
    state_wait_on {'none': 332, 'grandparent': 24, 'open': 1}; builds with state_wait > 20 ms: 24 ([('grandparent', 24)]); gp_layer {1.0: 333, 0.0: 24}, ggp_missing {0.0: 333, 1.0: 24}
    queue at the builds min/median 1,403,000/1,577,000
    binding wait (tick / quorum / seal share, mean cycle): tick 97% (81); quorum 0%; seal 3% (98); feed-bound (blocks under 95% of the tier): 0 of 357
    slowest key vote delay median/p90 10.3/33.1 ms
    engine own-import total_ms per block median/p90/max 32/44/64 (n=357)
    layer RSS 20.8 -> 27.0 G (max 27.3), in-memory blocks max 10
    execution layer cores busy 23.0    validators cores busy 1.0
  window 3: canonical 361 blocks, 72.2M tx = 2,406,667/s (98.1% of window 1), full 361/361 (100%); cycle -
    leader builds 361: sealed_at median/p90/p99 73/92/149; phases median/p90 ms: gap_before_exec 2/3, state_wait 0/0, par 63/88, par_exec 26/28, roots 32/38, parent_fields 4/22, sealed 10/27
    state_wait_on {'none': 328, 'grandparent': 32, 'open': 1}; builds with state_wait > 20 ms: 32 ([('grandparent', 32)]); gp_layer {1.0: 329, 0.0: 32}, ggp_missing {0.0: 329, 1.0: 32}
    queue at the builds min/median 1,395,500/1,608,000
    engine own-import total_ms per block median/p90/max 33/47/95 (n=361)
    layer RSS 26.8 -> 33.2 G (max 33.2), in-memory blocks max 10
    execution layer cores busy 23.7    validators cores busy 1.0
  round total (3 windows, canonical): 217.2M tx
  layer peak RSS 33.2 G; in-memory blocks max 11
  fields at seal: mode "off", verified 0, unchecked 0, mismatches 0 (last build line, cumulative)
  own_executed_again (built here and also directly imported): 0 of 1122 built blocks
== loop334G80
  layer-0 leader window-1 builds 368: txs mean 200000, share >= 95% of the tier 100% (max 200000); sealed_at_ms 71.0/88.0; par_ms 58.5/81.0; par_exec_ms 26.0/29.0; roots_ms 29.0/33.0; parent_fields_ms 0.0/17.0; sealed_ms 6.0/23.0
  proposal cycle window 1 (n=380): mean 81.7 median 81.3 p90 84.5 ms; blocks in the 30 s: 380
  binding wait (tick / quorum / seal, share and mean cycle): tick 97.8% (81.4); quorum 0%; seal 2.2% (93.7)
  vote delay after the proposal, slowest key per block: median 8.0 p90 30.4 ms (slowest minus the median key: median 0.5); last key: {1: 51, 2: 69, 3: 57, 4: 65, 5: 57, 6: 64} of 363 blocks
  CPU in window 1 (cores busy): execution layers 23.1 over 1 process(es); validators 1.0 over 7 process(es)
  execution layer peak RSS 33.2 G; in-memory blocks max 11 (node0 and others, all layers)
  blocks built here 1122; none also directly imported
  import-once counters at the last direct import: ; start-up lines with import_once=true: 1; queue-lock lines 0
  layer-0 queue (queued after canonical prune), median per 10 s: t+0:1592500 t+20:1542000 t+40:1518000 t+60:1504750 t+80:1509000
  flood: median per 5 s 2446538/s, final -
  timeout / given-up lines: 1; 06:56:01 v0 INFO process_event{view=1 kind="message"}: n42::cl::timeout: TC formed
loop334G80 page_faults_per_s_median: node0=127613 
leg loop334G80b: /data free 1112G (needs 120 G)
leg loop334G80b start 03:00:30 load 5.23
round loop334G80b exit 0 at 03:03:16
loop334G80b save stages (node0, seconds summed over the leg / count): batch_size=1506.0/502  batch_size=1506.0/502  reth_consensus_engine_beacon_persistence_duration=74.4/502  duration_seconds=73.4/502  total=70.2/502  scope=56.4/502  sf=56.3/502  sf_transactions=56.1/502  sf_receipts=22.4/502  sf_account_changesets=19.7/502
el binary: /data/n42-build/target-n42-rs/loop334-base/release/n42 env: N42_IMPORT_ONCE=1 N42_SETTLEMENT_TAGS=legacy N42_BUILD_THROTTLE_SOFT=48 F7_EL_MAP=0,0,0,0,0,0,0 N42_TX_INGEST_RECOVER_PARALLEL=12 N42_PARALLEL_BUILD_THREADS=32 N42_HASHED_TABLES=off F7_FLOOD_RATE=4000000 N42_COMPACT_BODY=1 MALLOC_CONF=thp:always,oversize_threshold:0,dirty_decay_ms:2000,background_thread:true N42_ACCOUNT_HISTORY=off N42_TAKE_COMPACT=1 N42_TX_INGEST_HIGH_WATER=1666666 F7_BENCH_POOL_SLOTS=2000000 N42_BUILD_THROTTLE_HARD=80 RAYON_NUM_THREADS=16 TOKIO_WORKER_THREADS=16 N42_QMDB_READS=on F7_BLOCK_INTERVAL_MS=80 F7_MEASURE_FROM_LOG=1
validator env: N42_IMPORT_ONCE=1 N42_SETTLEMENT_TAGS=legacy N42_BUILD_THROTTLE_SOFT=48 F7_EL_MAP=0,0,0,0,0,0,0 N42_PARALLEL_BUILD_THREADS=32 N42_HASHED_TABLES=off F7_FLOOD_RATE=4000000 N42_COMPACT_BODY=1 N42_ACCOUNT_HISTORY=off N42_TAKE_COMPACT=1 N42_TX_INGEST_HIGH_WATER=1666666 F7_BENCH_POOL_SLOTS=2000000 N42_BUILD_THROTTLE_HARD=80 RAYON_NUM_THREADS=16 TOKIO_WORKER_THREADS=16 N42_QMDB_READS=on F7_MEASURE_FROM_LOG=1
loop334G80b once: start-up lines import_once=true 1; last direct-import counters 
loop334G80b imports: layers=1 direct_imports=0 canonical_blocks=3053 import_once_lines=1 (per layer: direct imports should equal canonical blocks for one execution per block)
grep: /data/blockchain/rust-fleet7-bench/node1/el.log: No such file or directory
grep: /data/blockchain/rust-fleet7-bench/node2/el.log: No such file or directory
grep: /data/blockchain/rust-fleet7-bench/node3/el.log: No such file or directory
grep: /data/blockchain/rust-fleet7-bench/node1/el.log: No such file or directory
grep: /data/blockchain/rust-fleet7-bench/node2/el.log: No such file or directory
grep: /data/blockchain/rust-fleet7-bench/node3/el.log: No such file or directory
cat: /data/blockchain/rust-fleet7-bench/node2/el.log: No such file or directory
cat: /data/blockchain/rust-fleet7-bench/node2/el.log: No such file or directory
cat: /data/blockchain/rust-fleet7-bench/node2/el.log: No such file or directory
cat: /data/blockchain/rust-fleet7-bench/node1/el.log: No such file or directory
cat: /data/blockchain/rust-fleet7-bench/node2/el.log: No such file or directory
cat: /data/blockchain/rust-fleet7-bench/node3/el.log: No such file or directory
Traceback (most recent call last):
  File [35m"<stdin>"[0m, line [35m4[0m, in [35m<module>[0m
[1;35mIndexError[0m: [35mlist index out of range[0m
loop334G80b no_variant=0 own_not_committed=0 tc=1 invalid_blocks=0 incomplete=0 gas_mismatch=0 direct_imports_failed=0 stuck_at_hashed_state=0 engine_idles_over_5s=1 proposals_given_up=0 tables_off_nodes=1 unanswered_reads=0 seal_first_total=1129 seal_first_direct=1129 direct_guard_errors=0 commit_ms_median=2 fold_ms_median=6 sealed_at_ms_median=72 state_ready_ms_median=103 build_total_ms_median=195 recover_us_median=0 par_exec_ms_median=26 par_exec_ms_median=26 giveback_filtered=0 giveback_offered_max=0 seal_first=1129 reader_lag_max=11 reader_lag_warns=0 view_invalidated=0 el_sum_peak_g=32.9 el_max_peak_g=32.9 val_sum_peak_g=2.0 flood_peak_g=0.6 two_roads_blocks=0 two_roads_overlap_ms_median=- exec_on_output_declined=0 r1_collect_ms_median=5 proposal_at_ms_median=69 view_total_ms_median=81 import_exec_ms_median=- import_total_ms_median=- import_senders_ms_median=- import_convert_ms_median=- import_groups_median=- imports_over_600ms=0 min_avail_g=93.7 road_foreign_body_recv_ms=- road_foreign_body_decode_ms=- road_foreign_body_senders_ms=- road_foreign_body_parent_wait_ms=- road_foreign_body_check_ms=- road_foreign_body_total_ms=- road_new_payload_recv_ms=- road_new_payload_decode_ms=- road_new_payload_senders_ms=- road_new_payload_parent_wait_ms=- road_new_payload_check_ms=- road_new_payload_total_ms=- road_foreign_body_blocks=0 road_new_payload_blocks=0 fcu_answered=1406 fcu_in_flight_ms_median=0 fcu_queued_ms_median=0 fcu_queued_ms_max=27 fcu_refused=0 fcu_slow=1126 bodies_held=0 road_reuse_ms=- road_prepare_ms=- road_dispatch_ms=- road_convert_ms=- road_remember_ms=- road_header_ms=- road_fields_ms=- road_other_ms=- import_engine_ms_median=- gate_forced=0 gate_warns=0 flood_timeouts=0 canonical_min=3076 canonical_max=3076 chained_builds=2051 chain_lead_ms_median=74 chain_wait_ms_median=9 chain_started=2055 chain_discarded=2 chain_discard_reasons=_1_reason="no_,_1_reason="the_execution_layer_produced_nothing,_1_reason="the_request_names_another_parent chain_alias_warns=0 el_chained=2063 bodies_held_warns=0 el_build_refused=1 el_build_refused_reasons=_1_no_QMDB_tree_for_parent_block_0x queued_p5=1442000 queued_p50=1516000 road_compact_blocks=0 road_compact_recv_ms=- road_compact_assemble_ms=- road_compact_root_ms=- road_compact_miss_wait_ms=- road_compact_senders_ms=- road_compact_check_ms=- road_compact_other_ms=- road_compact_total_ms=- road_compact_misses_total= compact_refused_el=0 compact_fallbacks=0 compact_bytes_median=- pool_order9=13845 par_pull_ms_median=5 build_total_ms_median2=80 road_compact_filled_blocks=0 road_compact_filled_median=- road_compact_fill_ms_median=- need_txns=0 fill_failed=0 ingest_rate_gate_open_median=- ingest_gate_open_intervals=0 ingest_slots_busy_median=- flood_rate= fill_asked_proposer=0 fill_asked_other=0 loop_lines=2921 loop_unnamed_ms_median=67 loop_body_served_ms_median=- loop_txns_served_ms_median=- import_exec_ms_median2=- pip_partition_ms=- pip_env_ms=- pip_batch_ms=- pip_groups_ms=- pip_gas_ms=- pip_merge_ms=- pip_receipts_ms=- pip_drop_ms=- pip_other_ms=- pip_total_ms=- senders_indexed_median=- road_senders_ms_median=- road_total_ms_median=- pew_ms_median=- pew_ms_p90= gate_ms_median=- gate_ms_p90= root_ms_p50=- root_ms_p90= two_roads=0 not_on_output=0 not_on_output_why= ckpt_ms_first_q=2 ckpt_ms_last_q=26 ckpt_bytes_last=26903812 parent_still_importing=0 root_wait_ms_p50=- root_wait_ms_p90= tenures_low_seal=18 seal_first_share=0.99 empty_over_deep=0 near_empty_warns=0 no_seal_why= par_skipped_median=- usable_p5=1442000 ckpt_replay_ms_last_q=11 candidates_zero=0 dropped_ingest=0 let_go_warns=0 let_go_reasons= parked_p50=0 parked_max=0 held_warns=0 park_capped_total=0 superseded_builds=2 empty_not_superseded=0 mass_park_warns=0 heads_lines=0 holes_lines=0 stale_parent_refusals=0 par_groups_p5=0 cancelled_decided=0 heads_nonce0=0 stale_unconfirmed= handovers=0 el_panics=0 decided_cancelled=0 min_window_blocks=361 road_desc_blocks=0 road_desc_total_ms=- road_desc_copy_ms=- desc_misses=0 fill_failed2=0 sf_par_collect_ms=0 sf_par_commit_ms=2 sf_par_fold_ms=6 sf_par_graft_ms=0 sf_par_prefault_ms=0 sf_par_exec_ms=26 sf_sealed_at_ms=72 sf_roots_ms=29 sf_state_ready_ms=103 sf_total_ms=195 ba_find_ms=0 ba_queue_ms=2 ba_total_ms=80 ba_on_output=1128 queue_fold_us=0 queue_lock_us=1 sf_par_exec_ms=26 sf_par_fold_ms=6 pip_groups_ms=- import_exec_ms_median2=- reads_d0=0 reads_hist=0 f_reads_d0=- f_reads_hist=- f_overlay_depth=- L_read_set_ms=0 read_set_accounts=0 read_set_unresolved=0 read_set_hits=0 read_set_misses=0 start_best_ms=- par_prep_ms=- gap_before_exec_ms=- gap_after_exec_ms=- gap_before_seal_ms=- index_ms=- road_copy_aside_ms=- road_copy_wait_ms=- road_total_ms=- queue_first_miss=queue_first_miss=0:1917,queue_first_miss=18446744073709551615:1137 root_append_behind=0 populate_lag_mb=0 swap_used_g=0 root_faults=- root_faults_p90= root_faults_entries=0 root_faults_offsets=0 root_faults_index=0 root_faults_bits=0 root_faults_twigs=0 root_faults_undo=0 root_faults_tmp=0 root_append_faults=0 root_twig_pool_misses=0 batch_max_ms=16 batch_min_ms=5 batch_median_ms=11 batch_cpu_max_ms=9 batch_txs_max=3500 batch_txs_min=500 batch_start_skew_ms=13 batch_wait_ms=0 loop_fetch_ns=0 loop_check_ns=0 loop_transfer_ns=0 loop_receipt_ns=0 loop_gas_ns=0 loop_sink_ns=0 loop_other_ns=0 batch_setup_ns=0 batch_close_ns=0 imp_exec_part_ms=- imp_exec_batches_ms=- imp_exec_graft_ms=- imp_exec_batches=- imp_exec_threads=- imp_exec_batch_max_ms=- imp_exec_batch_median_ms=- imp_parent_output_wait_ms=- road_parent_output_wait_ms=- next_start_gap_ms=0 next_entry_gap_ms=0 commit_body_ahead_used=- imp_exec_keys_ms=- imp_keys_ahead=- imp_exec_sink_ms=- imp_exec_pre_ms=- imp_exec_post_ms=- imp_exec_receipts_ms=- imp_exec_drop_ms=- root_gap_ms=- queue_whole=queue_whole=false:1917,queue_whole=true:1137 tick_tick_late_us=989 tick_preamble_us=342 tick_take_sealed_us=1 tick_sign_us=0 tick_cache_us=0 tick_presealed=- tick_describe_us=10 tick_publish_us=604 tick_tick_to_send_us=2006 road_check_ms=- road_check_include_us=- road_check_scan_us=- road_check_fold_us=- road_check_senders_us=- road_check_frames_summarized=- road_check_frames_scanned=- imp_exec_start_gap_us=- imp_gap_road_us=- imp_gap_header_us=- imp_gap_senders_us=- imp_gap_parent_us=- imp_gap_setup_us=- imp_gap_keys_wait_us=- sealed_at_p90= sealed_over_130=0 roots_ms=- cycle_p90= batch_max_ms=- batch_median_ms=- imp_batch_max=- forest_lock_warns=384 root_seal_ms=1 root_seals=31 root_majflt=1 roots_p90= gp_layer=1038 ggp_missing=99 state_wait_split=0/0/0/0:1039,0/66/0/0:15,0/68/0/0:12 qmdb_releases=0 state_wait_on= imp_road_end_ms=- imp_exec_start_ms=- imp_exec_end_ms=- imp_root_end_ms=- imp_fields_ready_ms=- imp_parent_fields_wait_ms=- imp_exec_ms=- imp_root_ms=- imp_checks_ms=- imp_engine_ms=- imp_total_ms=- road_parent_fields_wait_ms=- exec_read_ms=0 L_exec_evm_ms=0 L_exec_write_ms=0 L_exec_other_ms=0 L_reads_cache=0 L_reads_provider=0 L_reads_view=0 L_graft_base_ms=0 L_graft_reserve_ms=0 L_graft_insert_ms=0 L_graft_reverts_ms=0 L_graft_other_ms=0 L_par_exec_ms=26 L_par_graft_ms=0 F_exec_read_ms=- F_exec_evm_ms=- F_exec_write_ms=- F_exec_other_ms=- F_reads_cache=- F_reads_provider=- F_reads_view=- F_groups_ms=- L_tx_root_wait_ms=0 L_par_exec_ms=26 L_par_graft_ms=0 L_par_fold_ms=6 L_sealed_ms=7 L_state_ready_ms=103 L_roots_ms=29 L_finish_ms=108 L_total_ms=195 L_setup_ms=0 L_par_pull_ms=5 L_give_back_ms=0 L_state_wait_ms=0 L_state_after_pull=1129 L_seal_at_exec=1129 L_tx_root_ahead=0 flood_w1=2442339 txs_p10=200000 acq_us=6667 slots_busy=20 ingest_rate=2440357 L_scope_join_ms=0 L_par_release_ms=0 L_commit_body_ms=0 L_par_commit_ms=2 L_give_back_ms=0 L_sealed_ms=7 L_par_exec_ms=26 L_state_wait_ms=0 L_par_pull_ms=5 L_par_prep_ms=3 L_par_start_ms=8 L_pre_exec_ms=0 L_par_run_ms=28 L_sealed_at_ms=72 F_partition_ms=- F_env_ms=- F_groups_ms=- F_merge_ms=- F_reverts_wait_ms=- F_ahead_wait_ms=- F_total_ms=- I_engine_ms=- I_root_ms=- I_total_ms=- H_engine_remember_ms=- H_engine_listing_ms=- H_engine_new_payload_ms=- busy_us=0 L_par_start_ms=8 L_start_handoff_ms=2 L_start_best_ms=8 L_start_puller_ms=0 L_par_pull_ms=5 L_par_prep_ms=3 L_state_wait_ms=0 L_par_exec_ms=26 L_par_commit_ms=2 L_sealed_ms=7 L_sealed_at_ms=72 L_par_graft_ms=0 L_graft_insert_ms=0 L_graft_reverts_ms=0 L_graft_split_us=0 L_graft_build_us=0 L_graft_merge_us=0 L_state_ready_ms=103 Q_queue_ms=0 R_dispatch_wait_ms=- R_total_ms=- R_road_runtime=0 gate_holds=0 peer_fetch=0 pool_limit=limit=4 gate_opened=gate_opened_for_block=0 I_root_ms=- flood_rate_hdr=rate=4000000/s fills=0 fill_waited=- slots_busy=20 acq_us=6667 busy_us=0 converged=0 fallbacks=0 busy_us=0 recover_us=0 tf_on_output=2 tf_fallback=0 still_importing=0 busy_us=0 slots_busy=20 batches=altsig_txs=0 altsig_batches=0 tf_on_output=2 tf_fallback=0 gate_holds=0 sign_s=sign 0s replay_note=replay       : 64 files from /data/n42-pregen/g900000-400m, 400000000 transactio sign_s=sign 0s shard=shard_verified=0 shard_claimed=0 road_verified=- slots_busy=20 gate_us=6366 reply_us=13025 queued=1516000 assemble_ms=- road_take_ms=- road_body_ms=- road_encode_ms=- shards=16 shard_insert_ms=0 shard_wait_ms=0 shard_fold_ms=3 shard_append_ms=234 shard_merge_ms=46 state_ready_ms=103 roots_ms=29 exec_read_ms=0 exec_evm_ms=0 exec_write_ms=0 exec_other_ms=0 reads_cache=0 reads_provider=0 reads_view=0 par_run_ms=28 fold_task_cpu_max_us=3548 fold_task_minflt_max=131 fold_task_minflt_sum=131 fold_task_migrated=0 fold_task_nivcsw_max=0 fold_index=1 fold_index_build_ms=3 fold_index_conflicts=7494 fold_queue_us=19 fold_skew_us=41 fold_task_max_us=3549 fold_tail_us=20 start_best_ms=8 start_select_ms=0 start_walk_ms=5 start_walk_check_ms=0 start_best_other_ms=0 start_frames_by_ref=400 start_frames_slow=0 start_pull_ms=0 start_other_ms=0 start_handoff_ms=2 par_start_ms=8 par_prep_ms=3 par_commit_ms=2 commit_body_ms=0 par_fold_ms=6 sealed_ms=7 copy_ms=- prune_ms=0 frames=- frames_missing=- frame_root_ms=- root_ms=- frames_admitted=frames_admitted=450931 frames_unaligned=0 frame_root_indexed=- seal_layout_ms=0 seal_root_ms=0 attested= busy_us=0 slots_busy=20 reply_us=13025 prune_ms=0 body_refused=0 body_failed_late=0
loop334G80b win1 tps=2,433,333 txs=73,000,000 blocks= 365 cycle=0.082s occupancy=100.0% full(>=95%)=365/365 basefee=n/a (from the layer's log)
loop334G80b win2 tps=2,406,667 txs=72,200,000 blocks= 361 cycle=0.083s occupancy=100.0% full(>=95%)=361/361 basefee=n/a (from the layer's log)
loop334G80b win3 tps=2,433,333 txs=73,000,000 blocks= 365 cycle=0.082s occupancy=100.0% full(>=95%)=365/365 basefee=n/a (from the layer's log)
loop334G80b tps=2,433,333 round_txs=218200000 cycles_w1=
loop334G80b imp_fields_p90= b_p75=6
loop334G80b overlay: filter_skips=0 probes=0 ratio=- (ratio = skips/(skips+probes))
loop334G80b overlay_manager:       1 state_trie_overlay=false  state-ovly_cpu=0
loop334G80b verify: written to /data/blockchain/rust-fleet7-bench/bench-loop334G80b/verify.json
== loop334G80b  (E=1: seven validator keys on one execution layer)
  window 1: canonical 366 blocks, 73.2M tx = 2,440,000/s (100.0% of window 1), full 365/366 (100%); cycle mean/median/p90 82.1/81.4/89.0 ms
    leader builds 366: sealed_at median/p90/p99 71/87/128; phases median/p90 ms: gap_before_exec 2/3, state_wait 0/0, par 60/78, par_exec 26/29, roots 29/34, parent_fields 0/18, sealed 6/24
    state_wait_on {'none': 340, 'grandparent': 25, 'open': 1}; builds with state_wait > 20 ms: 25 ([('grandparent', 25)]); gp_layer {1.0: 341, 0.0: 25}, ggp_missing {0.0: 341, 1.0: 25}
    queue at the builds min/median 1,327,000/1,611,750
    binding wait (tick / quorum / seal share, mean cycle): tick 95% (81); quorum 0%; seal 5% (93); feed-bound (blocks under 95% of the tier): 1 of 366
    slowest key vote delay median/p90 5.5/26.6 ms
    engine own-import total_ms per block median/p90/max 30/41/59 (n=365)
    layer RSS 3.7 -> 21.8 G (max 21.8), in-memory blocks max 11
    execution layer cores busy 23.6    validators cores busy 1.0
    flood delivered (median per 5 s over the leg) 2,444,084/s
  window 2: canonical 361 blocks, 72.2M tx = 2,406,667/s (98.6% of window 1), full 361/361 (100%); cycle mean/median/p90 81.7/81.4/86.2 ms
    leader builds 362: sealed_at median/p90/p99 71/83/137; phases median/p90 ms: gap_before_exec 2/3, state_wait 0/0, par 60/79, par_exec 26/29, roots 29/35, parent_fields 3/20, sealed 8/26
    state_wait_on {'none': 338, 'open': 1, 'grandparent': 23}; builds with state_wait > 20 ms: 23 ([('grandparent', 23)]); gp_layer {1.0: 339, 0.0: 23}, ggp_missing {0.0: 339, 1.0: 23}
    queue at the builds min/median 1,376,000/1,605,250
    binding wait (tick / quorum / seal share, mean cycle): tick 98% (81); quorum 0%; seal 2% (92); feed-bound (blocks under 95% of the tier): 0 of 361
    slowest key vote delay median/p90 7.5/31.2 ms
    engine own-import total_ms per block median/p90/max 30/42/64 (n=362)
    layer RSS 20.8 -> 27.3 G (max 27.6), in-memory blocks max 11
    execution layer cores busy 23.2    validators cores busy 1.0
  window 3: canonical 365 blocks, 73.0M tx = 2,433,333/s (99.7% of window 1), full 365/365 (100%); cycle -
    leader builds 364: sealed_at median/p90/p99 72/115/133; phases median/p90 ms: gap_before_exec 2/62, state_wait 0/60, par 63/112, par_exec 26/30, roots 30/35, parent_fields 0/20, sealed 7/25
    state_wait_on {'none': 316, 'grandparent': 47, 'open': 1}; builds with state_wait > 20 ms: 47 ([('grandparent', 47)]); gp_layer {1.0: 317, 0.0: 47}, ggp_missing {0.0: 317, 1.0: 47}
    queue at the builds min/median 1,452,000/1,619,750
    engine own-import total_ms per block median/p90/max 31/41/56 (n=364)
    layer RSS 27.6 -> 33.3 G (max 33.3), in-memory blocks max 11
    execution layer cores busy 23.3    validators cores busy 1.0
  round total (3 windows, canonical): 218.4M tx
  layer peak RSS 33.4 G; in-memory blocks max 11
  fields at seal: mode "off", verified 0, unchecked 0, mismatches 0 (last build line, cumulative)
  own_executed_again (built here and also directly imported): 0 of 1128 built blocks
== loop334G80b
  layer-0 leader window-1 builds 366: txs mean 200000, share >= 95% of the tier 100% (max 200000); sealed_at_ms 71.5/87.0; par_ms 60.0/79.0; par_exec_ms 26.0/29.0; roots_ms 29.0/34.0; parent_fields_ms 0.0/18.0; sealed_ms 6.0/24.0
  proposal cycle window 1 (n=378): mean 82.1 median 81.4 p90 89.0 ms; blocks in the 30 s: 378
  binding wait (tick / quorum / seal, share and mean cycle): tick 94.3% (81.4); quorum 0%; seal 5.7% (93.2)
  vote delay after the proposal, slowest key per block: median 5.4 p90 26.6 ms (slowest minus the median key: median 0.4); last key: {1: 54, 2: 63, 3: 71, 4: 52, 5: 62, 6: 59} of 361 blocks
  CPU in window 1 (cores busy): execution layers 23.6 over 1 process(es); validators 1.0 over 7 process(es)
  execution layer peak RSS 33.4 G; in-memory blocks max 11 (node0 and others, all layers)
  blocks built here 1128; none also directly imported
  import-once counters at the last direct import: ; start-up lines with import_once=true: 1; queue-lock lines 0
  layer-0 queue (queued after canonical prune), median per 10 s: t+0:1510250 t+20:1507000 t+40:1509500 t+60:1524500 t+80:1581500
  flood: median per 5 s 2444084/s, final -
  timeout / given-up lines: 1; 07:01:12 v0 INFO process_event{view=1 kind="message"}: n42::cl::timeout: TC formed
loop334G80b page_faults_per_s_median: node0=126036 
leg loop334FV: /data free 1111G (needs 120 G)
leg loop334FV start 03:05:40 load 3.01
round loop334FV exit 0 at 03:08:27
loop334FV save stages (node0, seconds summed over the leg / count): batch_size=1504.0/501  batch_size=1504.0/501  reth_consensus_engine_beacon_persistence_duration=74.9/501  duration_seconds=74.0/501  total=71.0/501  scope=57.3/501  sf=57.2/501  sf_transactions=57.0/501  sf_receipts=22.6/501  sf_account_changesets=19.8/501
el binary: /data/n42-build/target-n42-rs/loop334-base/release/n42 env: N42_IMPORT_ONCE=1 N42_SETTLEMENT_TAGS=legacy N42_BUILD_THROTTLE_SOFT=48 F7_EL_MAP=0,0,0,0,0,0,0 N42_FIELDS_AT_SEAL=verify N42_TX_INGEST_RECOVER_PARALLEL=12 N42_PARALLEL_BUILD_THREADS=32 N42_HASHED_TABLES=off F7_FLOOD_RATE=4000000 N42_COMPACT_BODY=1 MALLOC_CONF=thp:always,oversize_threshold:0,dirty_decay_ms:2000,background_thread:true N42_ACCOUNT_HISTORY=off N42_TAKE_COMPACT=1 N42_TX_INGEST_HIGH_WATER=1666666 F7_BENCH_POOL_SLOTS=2000000 N42_BUILD_THROTTLE_HARD=80 RAYON_NUM_THREADS=16 TOKIO_WORKER_THREADS=16 N42_QMDB_READS=on F7_BLOCK_INTERVAL_MS=80 F7_MEASURE_FROM_LOG=1
validator env: N42_IMPORT_ONCE=1 N42_SETTLEMENT_TAGS=legacy N42_BUILD_THROTTLE_SOFT=48 F7_EL_MAP=0,0,0,0,0,0,0 N42_FIELDS_AT_SEAL=verify N42_PARALLEL_BUILD_THREADS=32 N42_HASHED_TABLES=off F7_FLOOD_RATE=4000000 N42_COMPACT_BODY=1 N42_ACCOUNT_HISTORY=off N42_TAKE_COMPACT=1 N42_TX_INGEST_HIGH_WATER=1666666 F7_BENCH_POOL_SLOTS=2000000 N42_BUILD_THROTTLE_HARD=80 RAYON_NUM_THREADS=16 TOKIO_WORKER_THREADS=16 N42_QMDB_READS=on F7_MEASURE_FROM_LOG=1
loop334FV once: start-up lines import_once=true 1; last direct-import counters 
loop334FV imports: layers=1 direct_imports=0 canonical_blocks=3054 import_once_lines=1 (per layer: direct imports should equal canonical blocks for one execution per block)
grep: /data/blockchain/rust-fleet7-bench/node1/el.log: No such file or directory
grep: /data/blockchain/rust-fleet7-bench/node2/el.log: No such file or directory
grep: /data/blockchain/rust-fleet7-bench/node3/el.log: No such file or directory
grep: /data/blockchain/rust-fleet7-bench/node1/el.log: No such file or directory
grep: /data/blockchain/rust-fleet7-bench/node2/el.log: No such file or directory
grep: /data/blockchain/rust-fleet7-bench/node3/el.log: No such file or directory
cat: /data/blockchain/rust-fleet7-bench/node2/el.log: No such file or directory
cat: /data/blockchain/rust-fleet7-bench/node2/el.log: No such file or directory
cat: /data/blockchain/rust-fleet7-bench/node2/el.log: No such file or directory
cat: /data/blockchain/rust-fleet7-bench/node1/el.log: No such file or directory
cat: /data/blockchain/rust-fleet7-bench/node2/el.log: No such file or directory
cat: /data/blockchain/rust-fleet7-bench/node3/el.log: No such file or directory
Traceback (most recent call last):
  File [35m"<stdin>"[0m, line [35m4[0m, in [35m<module>[0m
[1;35mIndexError[0m: [35mlist index out of range[0m
loop334FV no_variant=0 own_not_committed=0 tc=1 invalid_blocks=0 incomplete=0 gas_mismatch=0 direct_imports_failed=0 stuck_at_hashed_state=0 engine_idles_over_5s=1 proposals_given_up=0 tables_off_nodes=1 unanswered_reads=0 seal_first_total=1125 seal_first_direct=1125 direct_guard_errors=0 commit_ms_median=2 fold_ms_median=6 sealed_at_ms_median=61 state_ready_ms_median=87 build_total_ms_median=195 recover_us_median=0 par_exec_ms_median=26 par_exec_ms_median=26 giveback_filtered=0 giveback_offered_max=200000 seal_first=1125 reader_lag_max=11 reader_lag_warns=0 view_invalidated=0 el_sum_peak_g=33.1 el_max_peak_g=33.1 val_sum_peak_g=2.0 flood_peak_g=0.6 two_roads_blocks=0 two_roads_overlap_ms_median=- exec_on_output_declined=0 r1_collect_ms_median=5 proposal_at_ms_median=69 view_total_ms_median=81 import_exec_ms_median=- import_total_ms_median=- import_senders_ms_median=- import_convert_ms_median=- import_groups_median=- imports_over_600ms=0 min_avail_g=94.3 road_foreign_body_recv_ms=- road_foreign_body_decode_ms=- road_foreign_body_senders_ms=- road_foreign_body_parent_wait_ms=- road_foreign_body_check_ms=- road_foreign_body_total_ms=- road_new_payload_recv_ms=- road_new_payload_decode_ms=- road_new_payload_senders_ms=- road_new_payload_parent_wait_ms=- road_new_payload_check_ms=- road_new_payload_total_ms=- road_foreign_body_blocks=0 road_new_payload_blocks=0 fcu_answered=1403 fcu_in_flight_ms_median=0 fcu_queued_ms_median=0 fcu_queued_ms_max=54 fcu_refused=0 fcu_slow=1126 bodies_held=0 road_reuse_ms=- road_prepare_ms=- road_dispatch_ms=- road_convert_ms=- road_remember_ms=- road_header_ms=- road_fields_ms=- road_other_ms=- import_engine_ms_median=- gate_forced=0 gate_warns=0 flood_timeouts=0 canonical_min=3076 canonical_max=3076 chained_builds=2004 chain_lead_ms_median=76 chain_wait_ms_median=1 chain_started=2008 chain_discarded=2 chain_discard_reasons=_1_reason="no_,_1_reason="the_execution_layer_produced_nothing,_1_reason="the_request_names_another_parent chain_alias_warns=0 el_chained=2016 bodies_held_warns=0 el_build_refused=1 el_build_refused_reasons=_1_no_QMDB_tree_for_parent_block_0x queued_p5=1416500 queued_p50=1506000 road_compact_blocks=0 road_compact_recv_ms=- road_compact_assemble_ms=- road_compact_root_ms=- road_compact_miss_wait_ms=- road_compact_senders_ms=- road_compact_check_ms=- road_compact_other_ms=- road_compact_total_ms=- road_compact_misses_total= compact_refused_el=0 compact_fallbacks=0 compact_bytes_median=- pool_order9=13649 par_pull_ms_median=5 build_total_ms_median2=73 road_compact_filled_blocks=0 road_compact_filled_median=- road_compact_fill_ms_median=- need_txns=0 fill_failed=0 ingest_rate_gate_open_median=- ingest_gate_open_intervals=0 ingest_slots_busy_median=- flood_rate= fill_asked_proposer=0 fill_asked_other=0 loop_lines=2907 loop_unnamed_ms_median=67 loop_body_served_ms_median=- loop_txns_served_ms_median=- import_exec_ms_median2=- pip_partition_ms=- pip_env_ms=- pip_batch_ms=- pip_groups_ms=- pip_gas_ms=- pip_merge_ms=- pip_receipts_ms=- pip_drop_ms=- pip_other_ms=- pip_total_ms=- senders_indexed_median=- road_senders_ms_median=- road_total_ms_median=- pew_ms_median=- pew_ms_p90= gate_ms_median=- gate_ms_p90= root_ms_p50=- root_ms_p90= two_roads=0 not_on_output=0 not_on_output_why= ckpt_ms_first_q=2 ckpt_ms_last_q=26 ckpt_bytes_last=26760876 parent_still_importing=0 root_wait_ms_p50=- root_wait_ms_p90= tenures_low_seal=18 seal_first_share=0.99 empty_over_deep=0 near_empty_warns=0 no_seal_why= par_skipped_median=- usable_p5=1416500 ckpt_replay_ms_last_q=11 candidates_zero=0 dropped_ingest=0 let_go_warns=0 let_go_reasons= parked_p50=0 parked_max=0 held_warns=0 park_capped_total=0 superseded_builds=3 empty_not_superseded=0 mass_park_warns=0 heads_lines=0 holes_lines=0 stale_parent_refusals=0 par_groups_p5=0 cancelled_decided=1 heads_nonce0=0 stale_unconfirmed= handovers=0 el_panics=0 decided_cancelled=1 min_window_blocks=358 road_desc_blocks=0 road_desc_total_ms=- road_desc_copy_ms=- desc_misses=0 fill_failed2=0 sf_par_collect_ms=0 sf_par_commit_ms=2 sf_par_fold_ms=6 sf_par_graft_ms=0 sf_par_prefault_ms=0 sf_par_exec_ms=26 sf_sealed_at_ms=61 sf_roots_ms=35 sf_state_ready_ms=87 sf_total_ms=195 ba_find_ms=0 ba_queue_ms=2 ba_total_ms=73 ba_on_output=1124 queue_fold_us=0 queue_lock_us=93 sf_par_exec_ms=26 sf_par_fold_ms=6 pip_groups_ms=- import_exec_ms_median2=- reads_d0=0 reads_hist=0 f_reads_d0=- f_reads_hist=- f_overlay_depth=- L_read_set_ms=0 read_set_accounts=0 read_set_unresolved=0 read_set_hits=0 read_set_misses=0 start_best_ms=- par_prep_ms=- gap_before_exec_ms=- gap_after_exec_ms=- gap_before_seal_ms=- index_ms=- road_copy_aside_ms=- road_copy_wait_ms=- road_total_ms=- queue_first_miss=queue_first_miss=0:1923,queue_first_miss=18446744073709551615:1133 root_append_behind=0 populate_lag_mb=0 swap_used_g=0 root_faults=- root_faults_p90= root_faults_entries=0 root_faults_offsets=0 root_faults_index=0 root_faults_bits=0 root_faults_twigs=0 root_faults_undo=0 root_faults_tmp=0 root_append_faults=4 root_twig_pool_misses=0 batch_max_ms=16 batch_min_ms=5 batch_median_ms=11 batch_cpu_max_ms=9 batch_txs_max=3500 batch_txs_min=500 batch_start_skew_ms=13 batch_wait_ms=0 loop_fetch_ns=0 loop_check_ns=0 loop_transfer_ns=0 loop_receipt_ns=0 loop_gas_ns=0 loop_sink_ns=0 loop_other_ns=0 batch_setup_ns=0 batch_close_ns=0 imp_exec_part_ms=- imp_exec_batches_ms=- imp_exec_graft_ms=- imp_exec_batches=- imp_exec_threads=- imp_exec_batch_max_ms=- imp_exec_batch_median_ms=- imp_parent_output_wait_ms=- road_parent_output_wait_ms=- next_start_gap_ms=0 next_entry_gap_ms=0 commit_body_ahead_used=- imp_exec_keys_ms=- imp_keys_ahead=- imp_exec_sink_ms=- imp_exec_pre_ms=- imp_exec_post_ms=- imp_exec_receipts_ms=- imp_exec_drop_ms=- root_gap_ms=- queue_whole=queue_whole=false:1923,queue_whole=true:1133 tick_tick_late_us=978 tick_preamble_us=342 tick_take_sealed_us=1 tick_sign_us=0 tick_cache_us=0 tick_presealed=- tick_describe_us=10 tick_publish_us=603 tick_tick_to_send_us=1995 road_check_ms=- road_check_include_us=- road_check_scan_us=- road_check_fold_us=- road_check_senders_us=- road_check_frames_summarized=- road_check_frames_scanned=- imp_exec_start_gap_us=- imp_gap_road_us=- imp_gap_header_us=- imp_gap_senders_us=- imp_gap_parent_us=- imp_gap_setup_us=- imp_gap_keys_wait_us=- sealed_at_p90= sealed_over_130=0 roots_ms=- cycle_p90= batch_max_ms=- batch_median_ms=- imp_batch_max=- forest_lock_warns=1103 root_seal_ms=1 root_seals=31 root_majflt=7 roots_p90= gp_layer=1025 ggp_missing=109 state_wait_split=0/0/0/0:1028,0/74/0/0:8,0/72/0/0:8 qmdb_releases=0 state_wait_on= imp_road_end_ms=- imp_exec_start_ms=- imp_exec_end_ms=- imp_root_end_ms=- imp_fields_ready_ms=- imp_parent_fields_wait_ms=- imp_exec_ms=- imp_root_ms=- imp_checks_ms=- imp_engine_ms=- imp_total_ms=- road_parent_fields_wait_ms=- exec_read_ms=0 L_exec_evm_ms=0 L_exec_write_ms=0 L_exec_other_ms=0 L_reads_cache=0 L_reads_provider=0 L_reads_view=0 L_graft_base_ms=0 L_graft_reserve_ms=0 L_graft_insert_ms=0 L_graft_reverts_ms=0 L_graft_other_ms=0 L_par_exec_ms=26 L_par_graft_ms=0 F_exec_read_ms=- F_exec_evm_ms=- F_exec_write_ms=- F_exec_other_ms=- F_reads_cache=- F_reads_provider=- F_reads_view=- F_groups_ms=- L_tx_root_wait_ms=0 L_par_exec_ms=26 L_par_graft_ms=0 L_par_fold_ms=6 L_sealed_ms=5 L_state_ready_ms=87 L_roots_ms=35 L_finish_ms=116 L_total_ms=195 L_setup_ms=0 L_par_pull_ms=5 L_give_back_ms=0 L_state_wait_ms=0 L_state_after_pull=1125 L_seal_at_exec=1125 L_tx_root_ahead=0 flood_w1=2429048 txs_p10=200000 acq_us=7033 slots_busy=20 ingest_rate=2430429 L_scope_join_ms=0 L_par_release_ms=0 L_commit_body_ms=0 L_par_commit_ms=2 L_give_back_ms=0 L_sealed_ms=5 L_par_exec_ms=26 L_state_wait_ms=0 L_par_pull_ms=5 L_par_prep_ms=3 L_par_start_ms=9 L_pre_exec_ms=0 L_par_run_ms=28 L_sealed_at_ms=61 F_partition_ms=- F_env_ms=- F_groups_ms=- F_merge_ms=- F_reverts_wait_ms=- F_ahead_wait_ms=- F_total_ms=- I_engine_ms=- I_root_ms=- I_total_ms=- H_engine_remember_ms=- H_engine_listing_ms=- H_engine_new_payload_ms=- busy_us=1 L_par_start_ms=9 L_start_handoff_ms=2 L_start_best_ms=9 L_start_puller_ms=0 L_par_pull_ms=5 L_par_prep_ms=3 L_state_wait_ms=0 L_par_exec_ms=26 L_par_commit_ms=2 L_sealed_ms=5 L_sealed_at_ms=61 L_par_graft_ms=0 L_graft_insert_ms=0 L_graft_reverts_ms=0 L_graft_split_us=0 L_graft_build_us=0 L_graft_merge_us=0 L_state_ready_ms=87 Q_queue_ms=0 R_dispatch_wait_ms=- R_total_ms=- R_road_runtime=0 gate_holds=0 peer_fetch=0 pool_limit=limit=4 gate_opened=gate_opened_for_block=0 I_root_ms=- flood_rate_hdr=rate=4000000/s fills=0 fill_waited=- slots_busy=20 acq_us=7033 busy_us=1 converged=0 fallbacks=0 busy_us=1 recover_us=0 tf_on_output=2 tf_fallback=0 still_importing=0 busy_us=1 slots_busy=20 batches=altsig_txs=0 altsig_batches=0 tf_on_output=2 tf_fallback=0 gate_holds=0 sign_s=sign 0s replay_note=replay       : 64 files from /data/n42-pregen/g900000-400m, 400000000 transactio sign_s=sign 0s shard=shard_verified=0 shard_claimed=0 road_verified=- slots_busy=20 gate_us=5829 reply_us=13070 queued=1506000 assemble_ms=- road_take_ms=- road_body_ms=- road_encode_ms=- shards=16 shard_insert_ms=0 shard_wait_ms=0 shard_fold_ms=4 shard_append_ms=241 shard_merge_ms=48 state_ready_ms=87 roots_ms=35 exec_read_ms=0 exec_evm_ms=0 exec_write_ms=0 exec_other_ms=0 reads_cache=0 reads_provider=0 reads_view=0 par_run_ms=28 fold_task_cpu_max_us=3732 fold_task_minflt_max=128 fold_task_minflt_sum=128 fold_task_migrated=0 fold_task_nivcsw_max=0 fold_index=1 fold_index_build_ms=3 fold_index_conflicts=8576 fold_queue_us=20 fold_skew_us=41 fold_task_max_us=3730 fold_tail_us=20 start_best_ms=9 start_select_ms=0 start_walk_ms=5 start_walk_check_ms=0 start_best_other_ms=0 start_frames_by_ref=400 start_frames_slow=0 start_pull_ms=0 start_other_ms=0 start_handoff_ms=2 par_start_ms=9 par_prep_ms=3 par_commit_ms=2 commit_body_ms=0 par_fold_ms=6 sealed_ms=5 copy_ms=- prune_ms=0 frames=- frames_missing=- frame_root_ms=- root_ms=- frames_admitted=frames_admitted=449412 frames_unaligned=0 frame_root_indexed=- seal_layout_ms=0 seal_root_ms=0 attested= busy_us=1 slots_busy=20 reply_us=13070 prune_ms=0 body_refused=0 body_failed_late=0
loop334FV win1 tps=2,433,333 txs=73,000,000 blocks= 365 cycle=0.082s occupancy=100.0% full(>=95%)=365/365 basefee=n/a (from the layer's log)
loop334FV win2 tps=2,386,667 txs=71,600,000 blocks= 358 cycle=0.084s occupancy=100.0% full(>=95%)=358/358 basefee=n/a (from the layer's log)
loop334FV win3 tps=2,426,667 txs=72,800,000 blocks= 364 cycle=0.082s occupancy=100.0% full(>=95%)=364/364 basefee=n/a (from the layer's log)
loop334FV tps=2,433,333 round_txs=217400000 cycles_w1=
loop334FV imp_fields_p90= b_p75=6
loop334FV overlay: filter_skips=0 probes=0 ratio=- (ratio = skips/(skips+probes))
loop334FV overlay_manager:       1 state_trie_overlay=false  state-ovly_cpu=0
loop334FV verify: written to /data/blockchain/rust-fleet7-bench/bench-loop334FV/verify.json
== loop334FV  (E=1: seven validator keys on one execution layer)
  window 1: canonical 366 blocks, 73.2M tx = 2,440,000/s (100.0% of window 1), full 365/366 (100%); cycle mean/median/p90 82.1/81.4/87.7 ms
    leader builds 366: sealed_at median/p90/p99 62/97/139; phases median/p90 ms: gap_before_exec 2/8, state_wait 0/6, par 54/89, par_exec 27/29, roots 34/43, parent_fields 0/0, sealed 5/7
    state_wait_on {'none': 325, 'grandparent': 35, 'open': 6}; builds with state_wait > 20 ms: 35 ([('grandparent', 35)]); gp_layer {1.0: 331, 0.0: 35}, ggp_missing {0.0: 331, 1.0: 35}
    queue at the builds min/median 1,319,500/1,617,500
    binding wait (tick / quorum / seal share, mean cycle): tick 95% (81); quorum 0%; seal 5% (94); feed-bound (blocks under 95% of the tier): 1 of 366
    slowest key vote delay median/p90 8.7/30.8 ms
    engine own-import total_ms per block median/p90/max 33/50/76 (n=365)
    layer RSS 3.7 -> 22.0 G (max 22.0), in-memory blocks max 10
    execution layer cores busy 24.1    validators cores busy 1.0
    flood delivered (median per 5 s over the leg) 2,433,194/s
  window 2: canonical 358 blocks, 71.6M tx = 2,386,667/s (97.8% of window 1), full 358/358 (100%); cycle mean/median/p90 82.1/81.3/87.9 ms
    leader builds 358: sealed_at median/p90/p99 61/95/142; phases median/p90 ms: gap_before_exec 2/7, state_wait 0/5, par 53/84, par_exec 26/28, roots 36/44, parent_fields 0/0, sealed 5/8
    state_wait_on {'grandparent': 33, 'none': 319, 'open': 6}; builds with state_wait > 20 ms: 33 ([('grandparent', 33)]); gp_layer {0.0: 33, 1.0: 325}, ggp_missing {1.0: 33, 0.0: 325}
    queue at the builds min/median 1,462,500/1,637,500
    binding wait (tick / quorum / seal share, mean cycle): tick 96% (81); quorum 0%; seal 4% (98); feed-bound (blocks under 95% of the tier): 0 of 358
    slowest key vote delay median/p90 9.5/29.4 ms
    engine own-import total_ms per block median/p90/max 31/47/171 (n=358)
    layer RSS 21.1 -> 27.3 G (max 27.5), in-memory blocks max 11
    execution layer cores busy 23.6    validators cores busy 1.0
  window 3: canonical 364 blocks, 72.8M tx = 2,426,667/s (99.5% of window 1), full 364/364 (100%); cycle -
    leader builds 364: sealed_at median/p90/p99 61/103/149; phases median/p90 ms: gap_before_exec 2/41, state_wait 0/39, par 54/95, par_exec 26/29, roots 36/44, parent_fields 0/0, sealed 5/7
    state_wait_on {'none': 318, 'grandparent': 40, 'open': 6}; builds with state_wait > 20 ms: 40 ([('grandparent', 40)]); gp_layer {1.0: 324, 0.0: 40}, ggp_missing {0.0: 324, 1.0: 40}
    queue at the builds min/median 1,466,500/1,634,500
    engine own-import total_ms per block median/p90/max 33/53/81 (n=364)
    layer RSS 26.8 -> 33.2 G (max 33.2), in-memory blocks max 11
    execution layer cores busy 23.8    validators cores busy 1.0
  round total (3 windows, canonical): 217.6M tx
  layer peak RSS 33.2 G; in-memory blocks max 11
  fields at seal: mode "verify", verified 1125, unchecked 0, mismatches 0 (last build line, cumulative)
  own_executed_again (built here and also directly imported): 0 of 1124 built blocks
== loop334FV
  layer-0 leader window-1 builds 366: txs mean 200000, share >= 95% of the tier 100% (max 200000); sealed_at_ms 62.0/97.0; par_ms 54.0/89.0; par_exec_ms 27.0/29.0; roots_ms 34.5/43.0; parent_fields_ms 0.0/0.0; sealed_ms 5.0/7.0
  proposal cycle window 1 (n=377): mean 82.1 median 81.4 p90 87.7 ms; blocks in the 30 s: 377
  binding wait (tick / quorum / seal, share and mean cycle): tick 94.8% (81.5); quorum 0%; seal 5.2% (94.2)
  vote delay after the proposal, slowest key per block: median 8.7 p90 30.8 ms (slowest minus the median key: median 0.6); last key: {1: 59, 2: 47, 3: 44, 4: 78, 5: 64, 6: 66} of 358 blocks
  CPU in window 1 (cores busy): execution layers 24.1 over 1 process(es); validators 1.0 over 7 process(es)
  execution layer peak RSS 33.2 G; in-memory blocks max 11 (node0 and others, all layers)
  blocks built here 1124; none also directly imported
  import-once counters at the last direct import: ; start-up lines with import_once=true: 1; queue-lock lines 0
  layer-0 queue (queued after canonical prune), median per 10 s: t+0:1503500 t+20:1507000 t+40:1504750 t+60:1505750 t+80:1505500
  flood: median per 5 s 2433194/s, final -
  timeout / given-up lines: 1; 07:06:22 v0 INFO process_event{view=1 kind="message"}: n42::cl::timeout: TC formed
loop334FV page_faults_per_s_median: node0=131133 
FV gate: fields_verified=1125 fields_mismatches=0
leg loop334FS: /data free 1112G (needs 120 G)
leg loop334FS start 03:10:51 load 3.18
round loop334FS exit 0 at 03:13:38
loop334FS save stages (node0, seconds summed over the leg / count): batch_size=1508.0/502  batch_size=1508.0/502  reth_consensus_engine_beacon_persistence_duration=74.9/502  duration_seconds=73.8/502  total=70.6/502  scope=57.4/502  sf=57.4/502  sf_transactions=57.2/502  sf_receipts=22.8/502  sf_account_changesets=18.9/502
el binary: /data/n42-build/target-n42-rs/loop334-base/release/n42 env: N42_IMPORT_ONCE=1 N42_SETTLEMENT_TAGS=legacy N42_BUILD_THROTTLE_SOFT=48 F7_EL_MAP=0,0,0,0,0,0,0 N42_FIELDS_AT_SEAL=1 N42_TX_INGEST_RECOVER_PARALLEL=12 N42_PARALLEL_BUILD_THREADS=32 N42_HASHED_TABLES=off F7_FLOOD_RATE=4000000 N42_COMPACT_BODY=1 MALLOC_CONF=thp:always,oversize_threshold:0,dirty_decay_ms:2000,background_thread:true N42_ACCOUNT_HISTORY=off N42_TAKE_COMPACT=1 N42_TX_INGEST_HIGH_WATER=1666666 F7_BENCH_POOL_SLOTS=2000000 N42_BUILD_THROTTLE_HARD=80 RAYON_NUM_THREADS=16 TOKIO_WORKER_THREADS=16 N42_QMDB_READS=on F7_BLOCK_INTERVAL_MS=80 F7_MEASURE_FROM_LOG=1
validator env: N42_IMPORT_ONCE=1 N42_SETTLEMENT_TAGS=legacy N42_BUILD_THROTTLE_SOFT=48 F7_EL_MAP=0,0,0,0,0,0,0 N42_FIELDS_AT_SEAL=1 N42_PARALLEL_BUILD_THREADS=32 N42_HASHED_TABLES=off F7_FLOOD_RATE=4000000 N42_COMPACT_BODY=1 N42_ACCOUNT_HISTORY=off N42_TAKE_COMPACT=1 N42_TX_INGEST_HIGH_WATER=1666666 F7_BENCH_POOL_SLOTS=2000000 N42_BUILD_THROTTLE_HARD=80 RAYON_NUM_THREADS=16 TOKIO_WORKER_THREADS=16 N42_QMDB_READS=on F7_MEASURE_FROM_LOG=1
loop334FS once: start-up lines import_once=true 1; last direct-import counters 
loop334FS imports: layers=1 direct_imports=0 canonical_blocks=3057 import_once_lines=1 (per layer: direct imports should equal canonical blocks for one execution per block)
grep: /data/blockchain/rust-fleet7-bench/node1/el.log: No such file or directory
grep: /data/blockchain/rust-fleet7-bench/node2/el.log: No such file or directory
grep: /data/blockchain/rust-fleet7-bench/node3/el.log: No such file or directory
grep: /data/blockchain/rust-fleet7-bench/node1/el.log: No such file or directory
grep: /data/blockchain/rust-fleet7-bench/node2/el.log: No such file or directory
grep: /data/blockchain/rust-fleet7-bench/node3/el.log: No such file or directory
cat: /data/blockchain/rust-fleet7-bench/node2/el.log: No such file or directory
cat: /data/blockchain/rust-fleet7-bench/node2/el.log: No such file or directory
cat: /data/blockchain/rust-fleet7-bench/node2/el.log: No such file or directory
cat: /data/blockchain/rust-fleet7-bench/node1/el.log: No such file or directory
cat: /data/blockchain/rust-fleet7-bench/node2/el.log: No such file or directory
cat: /data/blockchain/rust-fleet7-bench/node3/el.log: No such file or directory
Traceback (most recent call last):
  File [35m"<stdin>"[0m, line [35m4[0m, in [35m<module>[0m
[1;35mIndexError[0m: [35mlist index out of range[0m
loop334FS no_variant=0 own_not_committed=0 tc=1 invalid_blocks=0 incomplete=0 gas_mismatch=0 direct_imports_failed=0 stuck_at_hashed_state=0 engine_idles_over_5s=1 proposals_given_up=0 tables_off_nodes=1 unanswered_reads=0 seal_first_total=1129 seal_first_direct=1129 direct_guard_errors=0 commit_ms_median=1 fold_ms_median=6 sealed_at_ms_median=60 state_ready_ms_median=83 build_total_ms_median=165 recover_us_median=0 par_exec_ms_median=26 par_exec_ms_median=26 giveback_filtered=0 giveback_offered_max=200000 seal_first=1129 reader_lag_max=11 reader_lag_warns=0 view_invalidated=0 el_sum_peak_g=32.9 el_max_peak_g=32.9 val_sum_peak_g=2.0 flood_peak_g=0.6 two_roads_blocks=0 two_roads_overlap_ms_median=- exec_on_output_declined=0 r1_collect_ms_median=5 proposal_at_ms_median=69 view_total_ms_median=81 import_exec_ms_median=- import_total_ms_median=- import_senders_ms_median=- import_convert_ms_median=- import_groups_median=- imports_over_600ms=0 min_avail_g=94.2 road_foreign_body_recv_ms=- road_foreign_body_decode_ms=- road_foreign_body_senders_ms=- road_foreign_body_parent_wait_ms=- road_foreign_body_check_ms=- road_foreign_body_total_ms=- road_new_payload_recv_ms=- road_new_payload_decode_ms=- road_new_payload_senders_ms=- road_new_payload_parent_wait_ms=- road_new_payload_check_ms=- road_new_payload_total_ms=- road_foreign_body_blocks=0 road_new_payload_blocks=0 fcu_answered=1401 fcu_in_flight_ms_median=0 fcu_queued_ms_median=0 fcu_queued_ms_max=68 fcu_refused=0 fcu_slow=1153 bodies_held=0 road_reuse_ms=- road_prepare_ms=- road_dispatch_ms=- road_convert_ms=- road_remember_ms=- road_header_ms=- road_fields_ms=- road_other_ms=- import_engine_ms_median=- gate_forced=0 gate_warns=0 flood_timeouts=0 canonical_min=3080 canonical_max=3080 chained_builds=1991 chain_lead_ms_median=76 chain_wait_ms_median=0 chain_started=1995 chain_discarded=2 chain_discard_reasons=_1_reason="no_,_1_reason="the_execution_layer_produced_nothing,_1_reason="the_request_names_another_parent chain_alias_warns=0 el_chained=2003 bodies_held_warns=0 el_build_refused=2 el_build_refused_reasons=_1_no_QMDB_tree_for_parent_block_0x,_1_2026-10-05T07:12:57.251164Z_WARN_build_on_own_blo queued_p5=1405000 queued_p50=1521000 road_compact_blocks=0 road_compact_recv_ms=- road_compact_assemble_ms=- road_compact_root_ms=- road_compact_miss_wait_ms=- road_compact_senders_ms=- road_compact_check_ms=- road_compact_other_ms=- road_compact_total_ms=- road_compact_misses_total= compact_refused_el=0 compact_fallbacks=0 compact_bytes_median=- pool_order9=13412 par_pull_ms_median=5 build_total_ms_median2=73 road_compact_filled_blocks=0 road_compact_filled_median=- road_compact_fill_ms_median=- need_txns=0 fill_failed=0 ingest_rate_gate_open_median=- ingest_gate_open_intervals=0 ingest_slots_busy_median=- flood_rate= fill_asked_proposer=0 fill_asked_other=0 loop_lines=2899 loop_unnamed_ms_median=67 loop_body_served_ms_median=- loop_txns_served_ms_median=- import_exec_ms_median2=- pip_partition_ms=- pip_env_ms=- pip_batch_ms=- pip_groups_ms=- pip_gas_ms=- pip_merge_ms=- pip_receipts_ms=- pip_drop_ms=- pip_other_ms=- pip_total_ms=- senders_indexed_median=- road_senders_ms_median=- road_total_ms_median=- pew_ms_median=- pew_ms_p90= gate_ms_median=- gate_ms_p90= root_ms_p50=- root_ms_p90= two_roads=0 not_on_output=0 not_on_output_why= ckpt_ms_first_q=2 ckpt_ms_last_q=26 ckpt_bytes_last=26548276 parent_still_importing=0 root_wait_ms_p50=- root_wait_ms_p90= tenures_low_seal=18 seal_first_share=0.99 empty_over_deep=0 near_empty_warns=0 no_seal_why= par_skipped_median=- usable_p5=1405000 ckpt_replay_ms_last_q=11 candidates_zero=0 dropped_ingest=0 let_go_warns=0 let_go_reasons= parked_p50=0 parked_max=0 held_warns=0 park_capped_total=0 superseded_builds=2 empty_not_superseded=0 mass_park_warns=0 heads_lines=0 holes_lines=0 stale_parent_refusals=1 par_groups_p5=0 cancelled_decided=1 heads_nonce0=0 stale_unconfirmed= handovers=0 el_panics=0 decided_cancelled=1 min_window_blocks=359 road_desc_blocks=0 road_desc_total_ms=- road_desc_copy_ms=- desc_misses=0 fill_failed2=0 sf_par_collect_ms=0 sf_par_commit_ms=1 sf_par_fold_ms=6 sf_par_graft_ms=0 sf_par_prefault_ms=0 sf_par_exec_ms=26 sf_sealed_at_ms=60 sf_roots_ms=32 sf_state_ready_ms=83 sf_total_ms=165 ba_find_ms=0 ba_queue_ms=2 ba_total_ms=73 ba_on_output=1128 queue_fold_us=0 queue_lock_us=40 sf_par_exec_ms=26 sf_par_fold_ms=6 pip_groups_ms=- import_exec_ms_median2=- reads_d0=0 reads_hist=0 f_reads_d0=- f_reads_hist=- f_overlay_depth=- L_read_set_ms=0 read_set_accounts=0 read_set_unresolved=0 read_set_hits=0 read_set_misses=0 start_best_ms=- par_prep_ms=- gap_before_exec_ms=- gap_after_exec_ms=- gap_before_seal_ms=- index_ms=- road_copy_aside_ms=- road_copy_wait_ms=- road_total_ms=- queue_first_miss=queue_first_miss=0:1922,queue_first_miss=18446744073709551615:1136 root_append_behind=0 populate_lag_mb=0 swap_used_g=0 root_faults=- root_faults_p90= root_faults_entries=0 root_faults_offsets=0 root_faults_index=0 root_faults_bits=0 root_faults_twigs=0 root_faults_undo=0 root_faults_tmp=0 root_append_faults=1 root_twig_pool_misses=0 batch_max_ms=16 batch_min_ms=5 batch_median_ms=11 batch_cpu_max_ms=9 batch_txs_max=3500 batch_txs_min=500 batch_start_skew_ms=13 batch_wait_ms=0 loop_fetch_ns=0 loop_check_ns=0 loop_transfer_ns=0 loop_receipt_ns=0 loop_gas_ns=0 loop_sink_ns=0 loop_other_ns=0 batch_setup_ns=0 batch_close_ns=0 imp_exec_part_ms=- imp_exec_batches_ms=- imp_exec_graft_ms=- imp_exec_batches=- imp_exec_threads=- imp_exec_batch_max_ms=- imp_exec_batch_median_ms=- imp_parent_output_wait_ms=- road_parent_output_wait_ms=- next_start_gap_ms=0 next_entry_gap_ms=0 commit_body_ahead_used=- imp_exec_keys_ms=- imp_keys_ahead=- imp_exec_sink_ms=- imp_exec_pre_ms=- imp_exec_post_ms=- imp_exec_receipts_ms=- imp_exec_drop_ms=- root_gap_ms=- queue_whole=queue_whole=false:1922,queue_whole=true:1136 tick_tick_late_us=969 tick_preamble_us=342 tick_take_sealed_us=1 tick_sign_us=0 tick_cache_us=0 tick_presealed=- tick_describe_us=10 tick_publish_us=604 tick_tick_to_send_us=2004 road_check_ms=- road_check_include_us=- road_check_scan_us=- road_check_fold_us=- road_check_senders_us=- road_check_frames_summarized=- road_check_frames_scanned=- imp_exec_start_gap_us=- imp_gap_road_us=- imp_gap_header_us=- imp_gap_senders_us=- imp_gap_parent_us=- imp_gap_setup_us=- imp_gap_keys_wait_us=- sealed_at_p90= sealed_over_130=0 roots_ms=- cycle_p90= batch_max_ms=- batch_median_ms=- imp_batch_max=- forest_lock_warns=903 root_seal_ms=1 root_seals=31 root_majflt=7 roots_p90= gp_layer=1056 ggp_missing=81 state_wait_split=0/0/0/0:1055,0/76/0/0:6,0/70/0/0:5 qmdb_releases=0 state_wait_on= imp_road_end_ms=- imp_exec_start_ms=- imp_exec_end_ms=- imp_root_end_ms=- imp_fields_ready_ms=- imp_parent_fields_wait_ms=- imp_exec_ms=- imp_root_ms=- imp_checks_ms=- imp_engine_ms=- imp_total_ms=- road_parent_fields_wait_ms=- exec_read_ms=0 L_exec_evm_ms=0 L_exec_write_ms=0 L_exec_other_ms=0 L_reads_cache=0 L_reads_provider=0 L_reads_view=0 L_graft_base_ms=0 L_graft_reserve_ms=0 L_graft_insert_ms=0 L_graft_reverts_ms=0 L_graft_other_ms=0 L_par_exec_ms=26 L_par_graft_ms=0 F_exec_read_ms=- F_exec_evm_ms=- F_exec_write_ms=- F_exec_other_ms=- F_reads_cache=- F_reads_provider=- F_reads_view=- F_groups_ms=- L_tx_root_wait_ms=0 L_par_exec_ms=26 L_par_graft_ms=0 L_par_fold_ms=6 L_sealed_ms=5 L_state_ready_ms=83 L_roots_ms=32 L_finish_ms=89 L_total_ms=165 L_setup_ms=0 L_par_pull_ms=5 L_give_back_ms=0 L_state_wait_ms=0 L_state_after_pull=1129 L_seal_at_exec=1129 L_tx_root_ahead=0 flood_w1=2440552 txs_p10=200000 acq_us=7336 slots_busy=20 ingest_rate=2431903 L_scope_join_ms=0 L_par_release_ms=0 L_commit_body_ms=0 L_par_commit_ms=1 L_give_back_ms=0 L_sealed_ms=5 L_par_exec_ms=26 L_state_wait_ms=0 L_par_pull_ms=5 L_par_prep_ms=4 L_par_start_ms=9 L_pre_exec_ms=0 L_par_run_ms=27 L_sealed_at_ms=60 F_partition_ms=- F_env_ms=- F_groups_ms=- F_merge_ms=- F_reverts_wait_ms=- F_ahead_wait_ms=- F_total_ms=- I_engine_ms=- I_root_ms=- I_total_ms=- H_engine_remember_ms=- H_engine_listing_ms=- H_engine_new_payload_ms=- busy_us=1 L_par_start_ms=9 L_start_handoff_ms=2 L_start_best_ms=9 L_start_puller_ms=0 L_par_pull_ms=5 L_par_prep_ms=4 L_state_wait_ms=0 L_par_exec_ms=26 L_par_commit_ms=1 L_sealed_ms=5 L_sealed_at_ms=60 L_par_graft_ms=0 L_graft_insert_ms=0 L_graft_reverts_ms=0 L_graft_split_us=0 L_graft_build_us=0 L_graft_merge_us=0 L_state_ready_ms=83 Q_queue_ms=0 R_dispatch_wait_ms=- R_total_ms=- R_road_runtime=0 gate_holds=0 peer_fetch=0 pool_limit=limit=4 gate_opened=gate_opened_for_block=0 I_root_ms=- flood_rate_hdr=rate=4000000/s fills=0 fill_waited=- slots_busy=20 acq_us=7336 busy_us=1 converged=0 fallbacks=0 busy_us=1 recover_us=0 tf_on_output=2 tf_fallback=0 still_importing=0 busy_us=1 slots_busy=20 batches=altsig_txs=0 altsig_batches=0 tf_on_output=2 tf_fallback=0 gate_holds=0 sign_s=sign 0s replay_note=replay       : 64 files from /data/n42-pregen/g900000-400m, 400000000 transactio sign_s=sign 0s shard=shard_verified=0 shard_claimed=0 road_verified=- slots_busy=20 gate_us=5682 reply_us=13015 queued=1521000 assemble_ms=- road_take_ms=- road_body_ms=- road_encode_ms=- shards=16 shard_insert_ms=0 shard_wait_ms=0 shard_fold_ms=4 shard_append_ms=233 shard_merge_ms=47 state_ready_ms=83 roots_ms=32 exec_read_ms=0 exec_evm_ms=0 exec_write_ms=0 exec_other_ms=0 reads_cache=0 reads_provider=0 reads_view=0 par_run_ms=27 fold_task_cpu_max_us=3832 fold_task_minflt_max=169 fold_task_minflt_sum=169 fold_task_migrated=0 fold_task_nivcsw_max=0 fold_index=1 fold_index_build_ms=3 fold_index_conflicts=8819 fold_queue_us=20 fold_skew_us=38 fold_task_max_us=3830 fold_tail_us=19 start_best_ms=9 start_select_ms=0 start_walk_ms=5 start_walk_check_ms=0 start_best_other_ms=0 start_frames_by_ref=400 start_frames_slow=0 start_pull_ms=0 start_other_ms=0 start_handoff_ms=2 par_start_ms=9 par_prep_ms=4 par_commit_ms=1 commit_body_ms=0 par_fold_ms=6 sealed_ms=5 copy_ms=- prune_ms=0 frames=- frames_missing=- frame_root_ms=- root_ms=- frames_admitted=frames_admitted=450940 frames_unaligned=0 frame_root_indexed=- seal_layout_ms=0 seal_root_ms=0 attested= busy_us=1 slots_busy=20 reply_us=13015 prune_ms=0 body_refused=0 body_failed_late=0
loop334FS win1 tps=2,446,667 txs=73,400,000 blocks= 367 cycle=0.082s occupancy= 99.7% full(>=95%)=366/367 basefee=n/a (from the layer's log)
loop334FS win2 tps=2,393,333 txs=71,800,000 blocks= 359 cycle=0.084s occupancy=100.0% full(>=95%)=359/359 basefee=n/a (from the layer's log)
loop334FS win3 tps=2,433,333 txs=73,000,000 blocks= 365 cycle=0.082s occupancy=100.0% full(>=95%)=365/365 basefee=n/a (from the layer's log)
loop334FS tps=2,446,667 round_txs=218200000 cycles_w1=
loop334FS imp_fields_p90= b_p75=6
loop334FS overlay: filter_skips=0 probes=0 ratio=- (ratio = skips/(skips+probes))
loop334FS overlay_manager:       1 state_trie_overlay=false  state-ovly_cpu=0
loop334FS verify: written to /data/blockchain/rust-fleet7-bench/bench-loop334FS/verify.json
== loop334FS  (E=1: seven validator keys on one execution layer)
  window 1: canonical 367 blocks, 73.4M tx = 2,446,667/s (100.0% of window 1), full 366/367 (100%); cycle mean/median/p90 82.0/81.4/89.8 ms
    leader builds 366: sealed_at median/p90/p99 59/83/135; phases median/p90 ms: gap_before_exec 2/7, state_wait 0/5, par 54/80, par_exec 26/30, roots 31/39, parent_fields 0/0, sealed 5/7
    state_wait_on {'none': 314, 'output': 2, 'open': 23, 'grandparent': 27}; builds with state_wait > 20 ms: 27 ([('grandparent', 27)]); gp_layer {1.0: 339, 0.0: 27}, ggp_missing {0.0: 339, 1.0: 27}
    queue at the builds min/median 1,341,500/1,570,750
    binding wait (tick / quorum / seal share, mean cycle): tick 96% (81); quorum 0%; seal 4% (96); feed-bound (blocks under 95% of the tier): 1 of 367
    slowest key vote delay median/p90 7.5/30.6 ms
    engine own-import total_ms per block median/p90/max 32/49/82 (n=366)
    layer RSS 3.7 -> 21.4 G (max 21.4), in-memory blocks max 11
    execution layer cores busy 23.6    validators cores busy 1.0
    flood delivered (median per 5 s over the leg) 2,433,448/s
  window 2: canonical 359 blocks, 71.8M tx = 2,393,333/s (97.8% of window 1), full 359/359 (100%); cycle mean/median/p90 81.8/81.4/86.2 ms
    leader builds 361: sealed_at median/p90/p99 60/78/133; phases median/p90 ms: gap_before_exec 2/6, state_wait 0/4, par 53/62, par_exec 25/28, roots 32/41, parent_fields 0/0, sealed 5/6
    state_wait_on {'none': 323, 'grandparent': 22, 'open': 16}; builds with state_wait > 20 ms: 22 ([('grandparent', 22)]); gp_layer {1.0: 339, 0.0: 22}, ggp_missing {0.0: 339, 1.0: 22}
    queue at the builds min/median 1,372,000/1,572,500
    binding wait (tick / quorum / seal share, mean cycle): tick 97% (81); quorum 0% (140); seal 3% (91); feed-bound (blocks under 95% of the tier): 0 of 359
    slowest key vote delay median/p90 9.6/32.4 ms
    engine own-import total_ms per block median/p90/max 32/47/386 (n=359)
    layer RSS 21.2 -> 27.2 G (max 27.4), in-memory blocks max 11
    execution layer cores busy 23.2    validators cores busy 1.0
  window 3: canonical 365 blocks, 73.0M tx = 2,433,333/s (99.5% of window 1), full 365/365 (100%); cycle -
    leader builds 365: sealed_at median/p90/p99 61/82/143; phases median/p90 ms: gap_before_exec 2/7, state_wait 0/5, par 53/70, par_exec 26/28, roots 32/41, parent_fields 0/0, sealed 5/7
    state_wait_on {'none': 323, 'grandparent': 31, 'open': 11}; builds with state_wait > 20 ms: 31 ([('grandparent', 31)]); gp_layer {1.0: 334, 0.0: 31}, ggp_missing {0.0: 334, 1.0: 31}
    queue at the builds min/median 1,340,500/1,559,500
    engine own-import total_ms per block median/p90/max 36/53/95 (n=365)
    layer RSS 26.6 -> 32.6 G (max 32.6), in-memory blocks max 11
    execution layer cores busy 23.4    validators cores busy 1.0
  round total (3 windows, canonical): 218.2M tx
  layer peak RSS 32.6 G; in-memory blocks max 11
  fields at seal: mode "early", verified 0, unchecked 0, mismatches 0 (last build line, cumulative)
  own_executed_again (built here and also directly imported): 0 of 1128 built blocks
== loop334FS
  layer-0 leader window-1 builds 367: txs mean 200000, share >= 95% of the tier 100% (max 200000); sealed_at_ms 59.0/83.0; par_ms 54.0/80.0; par_exec_ms 26.0/30.0; roots_ms 31.0/39.0; parent_fields_ms 0.0/0.0; sealed_ms 5.0/7.0
  proposal cycle window 1 (n=378): mean 82.0 median 81.4 p90 89.8 ms; blocks in the 30 s: 378
  binding wait (tick / quorum / seal, share and mean cycle): tick 95.9% (81.5); quorum 0%; seal 4.1% (95.1)
  vote delay after the proposal, slowest key per block: median 7.4 p90 30.6 ms (slowest minus the median key: median 0.6); last key: {1: 43, 2: 77, 3: 52, 4: 63, 5: 60, 6: 65} of 360 blocks
  CPU in window 1 (cores busy): execution layers 23.6 over 1 process(es); validators 1.0 over 7 process(es)
  execution layer peak RSS 32.6 G; in-memory blocks max 11 (node0 and others, all layers)
  blocks built here 1128; none also directly imported
  import-once counters at the last direct import: ; start-up lines with import_once=true: 1; queue-lock lines 0
  layer-0 queue (queued after canonical prune), median per 10 s: t+0:1580500 t+20:1539000 t+40:1509000 t+60:1535000 t+80:1503500
  flood: median per 5 s 2433448/s, final -
  timeout / given-up lines: 1; 07:11:33 v0 INFO process_event{view=1 kind="message"}: n42::cl::timeout: TC formed
loop334FS page_faults_per_s_median: node0=130111 
leg loop334FSb: /data free 1111G (needs 120 G)
leg loop334FSb start 03:16:02 load 3.27
round loop334FSb exit 0 at 03:18:48
loop334FSb save stages (node0, seconds summed over the leg / count): batch_size=1506.0/502  batch_size=1506.0/502  reth_consensus_engine_beacon_persistence_duration=73.6/502  duration_seconds=72.5/502  total=69.4/502  scope=56.6/502  sf=56.6/502  sf_transactions=56.3/502  sf_receipts=22.5/502  sf_account_changesets=19.5/502
el binary: /data/n42-build/target-n42-rs/loop334-base/release/n42 env: N42_IMPORT_ONCE=1 N42_SETTLEMENT_TAGS=legacy N42_BUILD_THROTTLE_SOFT=48 F7_EL_MAP=0,0,0,0,0,0,0 N42_FIELDS_AT_SEAL=1 N42_TX_INGEST_RECOVER_PARALLEL=12 N42_PARALLEL_BUILD_THREADS=32 N42_HASHED_TABLES=off F7_FLOOD_RATE=4000000 N42_COMPACT_BODY=1 MALLOC_CONF=thp:always,oversize_threshold:0,dirty_decay_ms:2000,background_thread:true N42_ACCOUNT_HISTORY=off N42_TAKE_COMPACT=1 N42_TX_INGEST_HIGH_WATER=1666666 F7_BENCH_POOL_SLOTS=2000000 N42_BUILD_THROTTLE_HARD=80 RAYON_NUM_THREADS=16 TOKIO_WORKER_THREADS=16 N42_QMDB_READS=on F7_BLOCK_INTERVAL_MS=80 F7_MEASURE_FROM_LOG=1
validator env: N42_IMPORT_ONCE=1 N42_SETTLEMENT_TAGS=legacy N42_BUILD_THROTTLE_SOFT=48 F7_EL_MAP=0,0,0,0,0,0,0 N42_FIELDS_AT_SEAL=1 N42_PARALLEL_BUILD_THREADS=32 N42_HASHED_TABLES=off F7_FLOOD_RATE=4000000 N42_COMPACT_BODY=1 N42_ACCOUNT_HISTORY=off N42_TAKE_COMPACT=1 N42_TX_INGEST_HIGH_WATER=1666666 F7_BENCH_POOL_SLOTS=2000000 N42_BUILD_THROTTLE_HARD=80 RAYON_NUM_THREADS=16 TOKIO_WORKER_THREADS=16 N42_QMDB_READS=on F7_MEASURE_FROM_LOG=1
loop334FSb once: start-up lines import_once=true 1; last direct-import counters 
loop334FSb imports: layers=1 direct_imports=0 canonical_blocks=3059 import_once_lines=1 (per layer: direct imports should equal canonical blocks for one execution per block)
grep: /data/blockchain/rust-fleet7-bench/node1/el.log: No such file or directory
grep: /data/blockchain/rust-fleet7-bench/node2/el.log: No such file or directory
grep: /data/blockchain/rust-fleet7-bench/node3/el.log: No such file or directory
grep: /data/blockchain/rust-fleet7-bench/node1/el.log: No such file or directory
grep: /data/blockchain/rust-fleet7-bench/node2/el.log: No such file or directory
grep: /data/blockchain/rust-fleet7-bench/node3/el.log: No such file or directory
cat: /data/blockchain/rust-fleet7-bench/node2/el.log: No such file or directory
cat: /data/blockchain/rust-fleet7-bench/node2/el.log: No such file or directory
cat: /data/blockchain/rust-fleet7-bench/node2/el.log: No such file or directory
cat: /data/blockchain/rust-fleet7-bench/node1/el.log: No such file or directory
cat: /data/blockchain/rust-fleet7-bench/node2/el.log: No such file or directory
cat: /data/blockchain/rust-fleet7-bench/node3/el.log: No such file or directory
Traceback (most recent call last):
  File [35m"<stdin>"[0m, line [35m4[0m, in [35m<module>[0m
[1;35mIndexError[0m: [35mlist index out of range[0m
loop334FSb no_variant=0 own_not_committed=0 tc=1 invalid_blocks=0 incomplete=0 gas_mismatch=0 direct_imports_failed=0 stuck_at_hashed_state=0 engine_idles_over_5s=1 proposals_given_up=0 tables_off_nodes=1 unanswered_reads=0 seal_first_total=1126 seal_first_direct=1126 direct_guard_errors=0 commit_ms_median=2 fold_ms_median=6 sealed_at_ms_median=61 state_ready_ms_median=83 build_total_ms_median=165 recover_us_median=0 par_exec_ms_median=26 par_exec_ms_median=26 giveback_filtered=0 giveback_offered_max=200000 seal_first=1126 reader_lag_max=11 reader_lag_warns=0 view_invalidated=0 el_sum_peak_g=33.0 el_max_peak_g=33.0 val_sum_peak_g=2.1 flood_peak_g=0.6 two_roads_blocks=0 two_roads_overlap_ms_median=- exec_on_output_declined=0 r1_collect_ms_median=5 proposal_at_ms_median=69 view_total_ms_median=81 import_exec_ms_median=- import_total_ms_median=- import_senders_ms_median=- import_convert_ms_median=- import_groups_median=- imports_over_600ms=0 min_avail_g=94.6 road_foreign_body_recv_ms=- road_foreign_body_decode_ms=- road_foreign_body_senders_ms=- road_foreign_body_parent_wait_ms=- road_foreign_body_check_ms=- road_foreign_body_total_ms=- road_new_payload_recv_ms=- road_new_payload_decode_ms=- road_new_payload_senders_ms=- road_new_payload_parent_wait_ms=- road_new_payload_check_ms=- road_new_payload_total_ms=- road_foreign_body_blocks=0 road_new_payload_blocks=0 fcu_answered=1400 fcu_in_flight_ms_median=0 fcu_queued_ms_median=0 fcu_queued_ms_max=53 fcu_refused=0 fcu_slow=1128 bodies_held=0 road_reuse_ms=- road_prepare_ms=- road_dispatch_ms=- road_convert_ms=- road_remember_ms=- road_header_ms=- road_fields_ms=- road_other_ms=- import_engine_ms_median=- gate_forced=0 gate_warns=0 flood_timeouts=0 canonical_min=3081 canonical_max=3081 chained_builds=1987 chain_lead_ms_median=77 chain_wait_ms_median=0 chain_started=1991 chain_discarded=3 chain_discard_reasons=_1_reason="the_build_was_aborted,_1_reason="the_chained_build_produced_nothing,_1_reason="the_execution_layer_produced_nothing,_1_reason="the_request_names_another_parent chain_alias_warns=0 el_chained=1999 bodies_held_warns=0 el_build_refused=2 el_build_refused_reasons=_2_the_build_was_aborted queued_p5=1410500 queued_p50=1507500 road_compact_blocks=0 road_compact_recv_ms=- road_compact_assemble_ms=- road_compact_root_ms=- road_compact_miss_wait_ms=- road_compact_senders_ms=- road_compact_check_ms=- road_compact_other_ms=- road_compact_total_ms=- road_compact_misses_total= compact_refused_el=0 compact_fallbacks=0 compact_bytes_median=- pool_order9=13115 par_pull_ms_median=5 build_total_ms_median2=73 road_compact_filled_blocks=0 road_compact_filled_median=- road_compact_fill_ms_median=- need_txns=0 fill_failed=0 ingest_rate_gate_open_median=- ingest_gate_open_intervals=0 ingest_slots_busy_median=- flood_rate= fill_asked_proposer=0 fill_asked_other=0 loop_lines=2874 loop_unnamed_ms_median=67 loop_body_served_ms_median=- loop_txns_served_ms_median=- import_exec_ms_median2=- pip_partition_ms=- pip_env_ms=- pip_batch_ms=- pip_groups_ms=- pip_gas_ms=- pip_merge_ms=- pip_receipts_ms=- pip_drop_ms=- pip_other_ms=- pip_total_ms=- senders_indexed_median=- road_senders_ms_median=- road_total_ms_median=- pew_ms_median=- pew_ms_p90= gate_ms_median=- gate_ms_p90= root_ms_p50=- root_ms_p90= two_roads=0 not_on_output=0 not_on_output_why= ckpt_ms_first_q=2 ckpt_ms_last_q=25 ckpt_bytes_last=26492356 parent_still_importing=16 root_wait_ms_p50=- root_wait_ms_p90= tenures_low_seal=18 seal_first_share=0.99 empty_over_deep=0 near_empty_warns=0 no_seal_why=_1_why="the_parallel_step_built_nothing" par_skipped_median=- usable_p5=1410500 ckpt_replay_ms_last_q=11 candidates_zero=0 dropped_ingest=0 let_go_warns=0 let_go_reasons= parked_p50=0 parked_max=0 held_warns=0 park_capped_total=0 superseded_builds=1 empty_not_superseded=0 mass_park_warns=0 heads_lines=0 holes_lines=0 stale_parent_refusals=0 par_groups_p5=0 cancelled_decided=0 heads_nonce0=0 stale_unconfirmed= handovers=16 el_panics=0 decided_cancelled=0 min_window_blocks=358 road_desc_blocks=0 road_desc_total_ms=- road_desc_copy_ms=- desc_misses=0 fill_failed2=0 sf_par_collect_ms=0 sf_par_commit_ms=2 sf_par_fold_ms=6 sf_par_graft_ms=0 sf_par_prefault_ms=0 sf_par_exec_ms=26 sf_sealed_at_ms=61 sf_roots_ms=32 sf_state_ready_ms=83 sf_total_ms=165 ba_find_ms=0 ba_queue_ms=2 ba_total_ms=73 ba_on_output=1125 queue_fold_us=0 queue_lock_us=2 sf_par_exec_ms=26 sf_par_fold_ms=6 pip_groups_ms=- import_exec_ms_median2=- reads_d0=0 reads_hist=0 f_reads_d0=- f_reads_hist=- f_overlay_depth=- L_read_set_ms=0 read_set_accounts=0 read_set_unresolved=0 read_set_hits=0 read_set_misses=0 start_best_ms=- par_prep_ms=- gap_before_exec_ms=- gap_after_exec_ms=- gap_before_seal_ms=- index_ms=- road_copy_aside_ms=- road_copy_wait_ms=- road_total_ms=- queue_first_miss=queue_first_miss=0:1924,queue_first_miss=18446744073709551615:1135 root_append_behind=0 populate_lag_mb=0 swap_used_g=0 root_faults=- root_faults_p90= root_faults_entries=0 root_faults_offsets=0 root_faults_index=0 root_faults_bits=0 root_faults_twigs=0 root_faults_undo=0 root_faults_tmp=0 root_append_faults=0 root_twig_pool_misses=0 batch_max_ms=17 batch_min_ms=5 batch_median_ms=11 batch_cpu_max_ms=9 batch_txs_max=3500 batch_txs_min=500 batch_start_skew_ms=13 batch_wait_ms=0 loop_fetch_ns=0 loop_check_ns=0 loop_transfer_ns=0 loop_receipt_ns=0 loop_gas_ns=0 loop_sink_ns=0 loop_other_ns=0 batch_setup_ns=0 batch_close_ns=0 imp_exec_part_ms=- imp_exec_batches_ms=- imp_exec_graft_ms=- imp_exec_batches=- imp_exec_threads=- imp_exec_batch_max_ms=- imp_exec_batch_median_ms=- imp_parent_output_wait_ms=- road_parent_output_wait_ms=- next_start_gap_ms=0 next_entry_gap_ms=0 commit_body_ahead_used=- imp_exec_keys_ms=- imp_keys_ahead=- imp_exec_sink_ms=- imp_exec_pre_ms=- imp_exec_post_ms=- imp_exec_receipts_ms=- imp_exec_drop_ms=- root_gap_ms=- queue_whole=queue_whole=false:1924,queue_whole=true:1135 tick_tick_late_us=968 tick_preamble_us=342 tick_take_sealed_us=1 tick_sign_us=0 tick_cache_us=0 tick_presealed=- tick_describe_us=10 tick_publish_us=604 tick_tick_to_send_us=1995 road_check_ms=- road_check_include_us=- road_check_scan_us=- road_check_fold_us=- road_check_senders_us=- road_check_frames_summarized=- road_check_frames_scanned=- imp_exec_start_gap_us=- imp_gap_road_us=- imp_gap_header_us=- imp_gap_senders_us=- imp_gap_parent_us=- imp_gap_setup_us=- imp_gap_keys_wait_us=- sealed_at_p90= sealed_over_130=0 roots_ms=- cycle_p90= batch_max_ms=- batch_median_ms=- imp_batch_max=- forest_lock_warns=851 root_seal_ms=1 root_seals=31 root_majflt=6 roots_p90= gp_layer=1069 ggp_missing=66 state_wait_split=0/0/0/0:1071,0/66/0/0:4,0/59/0/0:4 qmdb_releases=0 state_wait_on= imp_road_end_ms=- imp_exec_start_ms=- imp_exec_end_ms=- imp_root_end_ms=- imp_fields_ready_ms=- imp_parent_fields_wait_ms=- imp_exec_ms=- imp_root_ms=- imp_checks_ms=- imp_engine_ms=- imp_total_ms=- road_parent_fields_wait_ms=- exec_read_ms=0 L_exec_evm_ms=0 L_exec_write_ms=0 L_exec_other_ms=0 L_reads_cache=0 L_reads_provider=0 L_reads_view=0 L_graft_base_ms=0 L_graft_reserve_ms=0 L_graft_insert_ms=0 L_graft_reverts_ms=0 L_graft_other_ms=0 L_par_exec_ms=26 L_par_graft_ms=0 F_exec_read_ms=- F_exec_evm_ms=- F_exec_write_ms=- F_exec_other_ms=- F_reads_cache=- F_reads_provider=- F_reads_view=- F_groups_ms=- L_tx_root_wait_ms=0 L_par_exec_ms=26 L_par_graft_ms=0 L_par_fold_ms=6 L_sealed_ms=5 L_state_ready_ms=83 L_roots_ms=32 L_finish_ms=89 L_total_ms=165 L_setup_ms=0 L_par_pull_ms=5 L_give_back_ms=0 L_state_wait_ms=0 L_state_after_pull=1126 L_seal_at_exec=1126 L_tx_root_ahead=0 flood_w1=2443340 txs_p10=200000 acq_us=6955 slots_busy=20 ingest_rate=2438234 L_scope_join_ms=0 L_par_release_ms=0 L_commit_body_ms=0 L_par_commit_ms=2 L_give_back_ms=0 L_sealed_ms=5 L_par_exec_ms=26 L_state_wait_ms=0 L_par_pull_ms=5 L_par_prep_ms=3 L_par_start_ms=9 L_pre_exec_ms=0 L_par_run_ms=28 L_sealed_at_ms=61 F_partition_ms=- F_env_ms=- F_groups_ms=- F_merge_ms=- F_reverts_wait_ms=- F_ahead_wait_ms=- F_total_ms=- I_engine_ms=- I_root_ms=- I_total_ms=- H_engine_remember_ms=- H_engine_listing_ms=- H_engine_new_payload_ms=- busy_us=0 L_par_start_ms=9 L_start_handoff_ms=2 L_start_best_ms=9 L_start_puller_ms=0 L_par_pull_ms=5 L_par_prep_ms=3 L_state_wait_ms=0 L_par_exec_ms=26 L_par_commit_ms=2 L_sealed_ms=5 L_sealed_at_ms=61 L_par_graft_ms=0 L_graft_insert_ms=0 L_graft_reverts_ms=0 L_graft_split_us=0 L_graft_build_us=0 L_graft_merge_us=0 L_state_ready_ms=83 Q_queue_ms=0 R_dispatch_wait_ms=- R_total_ms=- R_road_runtime=0 gate_holds=0 peer_fetch=0 pool_limit=limit=4 gate_opened=gate_opened_for_block=0 I_root_ms=- flood_rate_hdr=rate=4000000/s fills=0 fill_waited=- slots_busy=20 acq_us=6955 busy_us=0 converged=0 fallbacks=0 busy_us=0 recover_us=0 tf_on_output=2 tf_fallback=0 still_importing=16 busy_us=0 slots_busy=20 batches=altsig_txs=0 altsig_batches=0 tf_on_output=2 tf_fallback=0 gate_holds=0 sign_s=sign 0s replay_note=replay       : 64 files from /data/n42-pregen/g900000-400m, 400000000 transactio sign_s=sign 0s shard=shard_verified=0 shard_claimed=0 road_verified=- slots_busy=20 gate_us=6123 reply_us=12961 queued=1507500 assemble_ms=- road_take_ms=- road_body_ms=- road_encode_ms=- shards=16 shard_insert_ms=0 shard_wait_ms=0 shard_fold_ms=4 shard_append_ms=238 shard_merge_ms=48 state_ready_ms=83 roots_ms=32 exec_read_ms=0 exec_evm_ms=0 exec_write_ms=0 exec_other_ms=0 reads_cache=0 reads_provider=0 reads_view=0 par_run_ms=28 fold_task_cpu_max_us=3766 fold_task_minflt_max=167 fold_task_minflt_sum=167 fold_task_migrated=0 fold_task_nivcsw_max=0 fold_index=1 fold_index_build_ms=3 fold_index_conflicts=8580 fold_queue_us=20 fold_skew_us=39 fold_task_max_us=3764 fold_tail_us=19 start_best_ms=9 start_select_ms=0 start_walk_ms=5 start_walk_check_ms=0 start_best_other_ms=0 start_frames_by_ref=400 start_frames_slow=0 start_pull_ms=0 start_other_ms=0 start_handoff_ms=2 par_start_ms=9 par_prep_ms=3 par_commit_ms=2 commit_body_ms=0 par_fold_ms=6 sealed_ms=5 copy_ms=- prune_ms=0 frames=- frames_missing=- frame_root_ms=- root_ms=- frames_admitted=frames_admitted=450145 frames_unaligned=0 frame_root_indexed=- seal_layout_ms=0 seal_root_ms=0 attested= busy_us=0 slots_busy=20 reply_us=12961 prune_ms=0 body_refused=0 body_failed_late=0
loop334FSb win1 tps=2,440,000 txs=73,200,000 blocks= 366 cycle=0.082s occupancy= 99.7% full(>=95%)=365/366 basefee=n/a (from the layer's log)
loop334FSb win2 tps=2,386,667 txs=71,600,000 blocks= 358 cycle=0.084s occupancy=100.0% full(>=95%)=358/358 basefee=n/a (from the layer's log)
loop334FSb win3 tps=2,433,333 txs=73,000,000 blocks= 365 cycle=0.082s occupancy=100.0% full(>=95%)=365/365 basefee=n/a (from the layer's log)
loop334FSb tps=2,440,000 round_txs=217800000 cycles_w1=
loop334FSb imp_fields_p90= b_p75=6
loop334FSb overlay: filter_skips=0 probes=0 ratio=- (ratio = skips/(skips+probes))
loop334FSb overlay_manager:       1 state_trie_overlay=false  state-ovly_cpu=0
loop334FSb verify: written to /data/blockchain/rust-fleet7-bench/bench-loop334FSb/verify.json
== loop334FSb  (E=1: seven validator keys on one execution layer)
  window 1: canonical 366 blocks, 73.2M tx = 2,440,000/s (100.0% of window 1), full 365/366 (100%); cycle mean/median/p90 82.1/81.4/89.6 ms
    leader builds 366: sealed_at median/p90/p99 61/82/126; phases median/p90 ms: gap_before_exec 2/6, state_wait 0/4, par 54/74, par_exec 26/30, roots 30/38, parent_fields 0/0, sealed 5/7
    state_wait_on {'none': 329, 'open': 18, 'grandparent': 19}; builds with state_wait > 20 ms: 19 ([('grandparent', 19)]); gp_layer {1.0: 347, 0.0: 19}, ggp_missing {0.0: 347, 1.0: 19}
    queue at the builds min/median 1,260,000/1,579,250
    binding wait (tick / quorum / seal share, mean cycle): tick 94% (81); quorum 0%; seal 6% (91); feed-bound (blocks under 95% of the tier): 1 of 366
    slowest key vote delay median/p90 9.1/31.7 ms
    engine own-import total_ms per block median/p90/max 32/49/79 (n=365)
    layer RSS 3.7 -> 21.5 G (max 21.5), in-memory blocks max 11
    execution layer cores busy 23.4    validators cores busy 1.0
    flood delivered (median per 5 s over the leg) 2,441,192/s
  window 2: canonical 358 blocks, 71.6M tx = 2,386,667/s (97.8% of window 1), full 358/358 (100%); cycle mean/median/p90 82.1/81.4/88.5 ms
    leader builds 358: sealed_at median/p90/p99 60/80/131; phases median/p90 ms: gap_before_exec 2/3, state_wait 0/0, par 53/60, par_exec 26/28, roots 32/39, parent_fields 0/0, sealed 5/7
    state_wait_on {'none': 324, 'open': 17, 'grandparent': 17}; builds with state_wait > 20 ms: 17 ([('grandparent', 17)]); gp_layer {1.0: 341, 0.0: 17}, ggp_missing {0.0: 341, 1.0: 17}
    queue at the builds min/median 1,363,500/1,560,750
    binding wait (tick / quorum / seal share, mean cycle): tick 95% (82); quorum 0%; seal 5% (93); feed-bound (blocks under 95% of the tier): 0 of 358
    slowest key vote delay median/p90 8.6/35.5 ms
    engine own-import total_ms per block median/p90/max 33/49/115 (n=359)
    layer RSS 20.4 -> 27.3 G (max 27.3), in-memory blocks max 11
    execution layer cores busy 23.2    validators cores busy 1.0
  window 3: canonical 365 blocks, 73.0M tx = 2,433,333/s (99.7% of window 1), full 365/365 (100%); cycle -
    leader builds 365: sealed_at median/p90/p99 61/84/143; phases median/p90 ms: gap_before_exec 2/4, state_wait 0/0, par 54/68, par_exec 26/29, roots 33/42, parent_fields 0/0, sealed 5/7
    state_wait_on {'none': 330, 'grandparent': 26, 'open': 9}; builds with state_wait > 20 ms: 26 ([('grandparent', 26)]); gp_layer {1.0: 339, 0.0: 26}, ggp_missing {0.0: 339, 1.0: 26}
    queue at the builds min/median 1,382,500/1,557,000
    engine own-import total_ms per block median/p90/max 34/54/84 (n=364)
    layer RSS 27.0 -> 33.0 G (max 33.0), in-memory blocks max 11
    execution layer cores busy 23.7    validators cores busy 1.0
  round total (3 windows, canonical): 217.8M tx
  layer peak RSS 33.0 G; in-memory blocks max 11
  fields at seal: mode "early", verified 0, unchecked 0, mismatches 0 (last build line, cumulative)
  own_executed_again (built here and also directly imported): 0 of 1125 built blocks
== loop334FSb
  layer-0 leader window-1 builds 366: txs mean 200000, share >= 95% of the tier 100% (max 200000); sealed_at_ms 61.0/82.0; par_ms 54.0/75.0; par_exec_ms 26.0/30.0; roots_ms 30.0/38.0; parent_fields_ms 0.0/0.0; sealed_ms 5.0/7.0
  proposal cycle window 1 (n=378): mean 82.1 median 81.4 p90 89.6 ms; blocks in the 30 s: 378
  binding wait (tick / quorum / seal, share and mean cycle): tick 93.7% (81.5); quorum 0%; seal 6.3% (91.1)
  vote delay after the proposal, slowest key per block: median 9.1 p90 31.7 ms (slowest minus the median key: median 0.6); last key: {1: 41, 2: 56, 3: 46, 4: 65, 5: 61, 6: 90} of 359 blocks
  CPU in window 1 (cores busy): execution layers 23.4 over 1 process(es); validators 1.0 over 7 process(es)
  execution layer peak RSS 33.0 G; in-memory blocks max 11 (node0 and others, all layers)
  blocks built here 1125; none also directly imported
  import-once counters at the last direct import: ; start-up lines with import_once=true: 1; queue-lock lines 0
  layer-0 queue (queued after canonical prune), median per 10 s: t+0:1516750 t+20:1507000 t+40:1549500 t+60:1535000 t+80:1505000
  flood: median per 5 s 2441192/s, final -
  timeout / given-up lines: 1; 07:16:44 v0 INFO process_event{view=1 kind="message"}: n42::cl::timeout: TC formed
loop334FSb page_faults_per_s_median: node0=123889 
datadirs of this round wiped; /data free 1177G
released at 03:21
ALLDONE
