/data free 672G at launch
tree at bce4921b8 (test(fleet7): loop346 second claim a stopped by the settlement check (E=1 -38006); box free at 21:48; builds:
built at 21:48; ingest/tx-types tests:
test result: ok. 65 passed; 0 failed; 0 ignored; 0 measured; 0 filtered out; finished in 1.07s
test result: ok. 21 passed; 0 failed; 4 ignored; 0 measured; 0 filtered out; finished in 8.89s
flood tests:
test result: ok. 8 passed; 0 failed; 1 ignored; 0 measured; 0 filtered out; finished in 0.81s
tests from 21:48 (no claim)
tests passed at 22:03: 2089 tests
built bce4921b8+tree at 22:03
waiting for a quiet box from 22:03
claimed at 22:05 (1791425072): avail 98G load 7.02
tip bce4921b8 tree: 2 changed files; native n42 built 19:49:12, h2_validator 19:47:24, deferred n42 20:11:58; last source change 18:59:43 (crates/n42/n42-testing/src/dev.rs)
replay set for every leg: /data/n42-pregen/g900000-400m (senders 12500)
leg loop346W3: /data free 672G (needs 120 G)
leg loop346W3 start 22:05:02 load 7.02
round loop346W3 exit 0 at 22:07:58
loop346W3 save stages (node0, seconds summed over the leg / count): batch_size=1928.0/626  batch_size=1928.0/626  reth_consensus_engine_beacon_persistence_duration=58.0/626  duration_seconds=53.4/626  total=48.8/626  scope=44.3/626  sf=43.1/626  sf_transactions=42.9/626  qmdb_persisted=22.0/626  sf_account_changesets=19.5/626
el binary: /data/n42-build/target-n42-rs/native/release/n42 env: N42_IMPORT_ONCE=1 N42_SETTLEMENT_TAGS=legacy N42_BUILD_THROTTLE_SOFT=48 F7_EL_MAP=0,0,0,0,0,0,0 N42_FIELDS_AT_SEAL=1 N42_FREEZE_AFTER_SEAL=1 N42_FRAME_BLOCKS=1 N42_TX_INGEST_RECOVER_PARALLEL=24 N42_FREEZE_POOL=own N42_PARALLEL_BUILD_THREADS=32 N42_PLAN_AHEAD=1 N42_HASHED_TABLES=off F7_FLOOD_RATE=6000000 N42_COMPACT_BODY=1 N42_BUILD_BATCHES=128 MALLOC_CONF=thp:always,oversize_threshold:0,dirty_decay_ms:2000,background_thread:true N42_SEAL_ON_COUNTERS=1 N42_ACCOUNT_HISTORY=off N42_TAKE_COMPACT=1 N42_SF_EARLY_WRITEBACK=1 N42_ROAD_RUNTIME=1 N42_TX_INGEST_HIGH_WATER=2500000 F7_BENCH_POOL_SLOTS=3000000 N42_PLAN_AHEAD_BODY=1 N42_SEAL_AT_EXEC=1 N42_TX_QUEUE_DRAIN_CHUNK=8192 N42_ANSWER_LAYOUT_ONLY=1 N42_PULL_BY_FRAMES=1 N42_SF_PARALLEL_ENCODE=1 N42_BUILD_THROTTLE_HARD=80 N42_LIVE_INDEX_DEFER=1 RAYON_NUM_THREADS=16 N42_ROOT_OPS_AHEAD=1 TOKIO_WORKER_THREADS=16 N42_QMDB_READS=on N42_LEADER_LAYERS=3 N42_PERSIST_QMDB_IN_SCOPE=1 F7_BLOCK_INTERVAL_MS=60 F7_MEASURE_FROM_LOG=1
validator env: N42_IMPORT_ONCE=1 N42_SETTLEMENT_TAGS=legacy N42_BUILD_THROTTLE_SOFT=48 F7_EL_MAP=0,0,0,0,0,0,0 N42_FIELDS_AT_SEAL=1 N42_FREEZE_AFTER_SEAL=1 N42_FRAME_BLOCKS=1 N42_TX_INGEST_RECOVER_PARALLEL=24 N42_FREEZE_POOL=own N42_PARALLEL_BUILD_THREADS=32 N42_PLAN_AHEAD=1 N42_HASHED_TABLES=off F7_FLOOD_RATE=6000000 N42_COMPACT_BODY=1 N42_BUILD_BATCHES=128 N42_SEAL_ON_COUNTERS=1 N42_ACCOUNT_HISTORY=off N42_TAKE_COMPACT=1 N42_SF_EARLY_WRITEBACK=1 N42_ROAD_RUNTIME=1 N42_TX_INGEST_HIGH_WATER=2500000 F7_BENCH_POOL_SLOTS=3000000 N42_PLAN_AHEAD_BODY=1 N42_SEAL_AT_EXEC=1 N42_TX_QUEUE_DRAIN_CHUNK=8192 N42_ANSWER_LAYOUT_ONLY=1 N42_PULL_BY_FRAMES=1 N42_SF_PARALLEL_ENCODE=1 N42_BUILD_THROTTLE_HARD=80 N42_LIVE_INDEX_DEFER=1 RAYON_NUM_THREADS=16 N42_ROOT_OPS_AHEAD=1 TOKIO_WORKER_THREADS=16 N42_QMDB_READS=on N42_LEADER_LAYERS=3 N42_PERSIST_QMDB_IN_SCOPE=1 F7_MEASURE_FROM_LOG=1
loop346W3 once: start-up lines import_once=true 1; last direct-import counters 
loop346W3 imports: layers=1 direct_imports=0 canonical_blocks=2690 import_once_lines=1 (per layer: direct imports should equal canonical blocks for one execution per block)
grep: /data/blockchain/rust-fleet7-bench/node1/el.log: No such file or directory
grep: /data/blockchain/rust-fleet7-bench/node2/el.log: No such file or directory
grep: /data/blockchain/rust-fleet7-bench/node3/el.log: No such file or directory
grep: /data/blockchain/rust-fleet7-bench/node1/el.log: No such file or directory
grep: /data/blockchain/rust-fleet7-bench/node2/el.log: No such file or directory
grep: /data/blockchain/rust-fleet7-bench/node3/el.log: No such file or directory
cat: /data/blockchain/rust-fleet7-bench/node2/el.log: No such file or directory
cat: /data/blockchain/rust-fleet7-bench/node2/el.log: No such file or directory
cat: /data/blockchain/rust-fleet7-bench/node2/el.log: No such file or directory
cat: /data/blockchain/rust-fleet7-bench/node1/el.log: No such file or directory
cat: /data/blockchain/rust-fleet7-bench/node2/el.log: No such file or directory
cat: /data/blockchain/rust-fleet7-bench/node3/el.log: No such file or directory
loop346W3 no_variant=0 own_not_committed=0 tc=1 invalid_blocks=0 incomplete=0 gas_mismatch=0 direct_imports_failed=0 stuck_at_hashed_state=0 engine_idles_over_5s=1 proposals_given_up=0 tables_off_nodes=1 unanswered_reads=0 seal_first_total=1430 seal_first_direct=1430 direct_guard_errors=0 commit_ms_median=0 fold_ms_median=8 sealed_at_ms_median=50 state_ready_ms_median=93 build_total_ms_median=167 recover_us_median=0 par_exec_ms_median=21 par_exec_ms_median=21 giveback_filtered=0 giveback_offered_max=200000 seal_first=1430 reader_lag_max=10 reader_lag_warns=0 view_invalidated=0 el_sum_peak_g=41.9 el_max_peak_g=41.9 val_sum_peak_g=2.0 flood_peak_g=0.6 two_roads_blocks=0 two_roads_overlap_ms_median=- exec_on_output_declined=0 r1_collect_ms_median=5 proposal_at_ms_median=49 view_total_ms_median=61 import_exec_ms_median=- import_total_ms_median=- import_senders_ms_median=- import_convert_ms_median=- import_groups_median=- imports_over_600ms=0 min_avail_g=74.7 road_foreign_body_recv_ms=- road_foreign_body_decode_ms=- road_foreign_body_senders_ms=- road_foreign_body_parent_wait_ms=- road_foreign_body_check_ms=- road_foreign_body_total_ms=- road_new_payload_recv_ms=- road_new_payload_decode_ms=- road_new_payload_senders_ms=- road_new_payload_parent_wait_ms=- road_new_payload_check_ms=- road_new_payload_total_ms=- road_foreign_body_blocks=0 road_new_payload_blocks=0 fcu_answered=1261 fcu_in_flight_ms_median=0 fcu_queued_ms_median=0 fcu_queued_ms_max=106 fcu_refused=0 fcu_slow=2500 bodies_held=0 road_reuse_ms=- road_prepare_ms=- road_dispatch_ms=- road_convert_ms=- road_remember_ms=- road_header_ms=- road_fields_ms=- road_other_ms=- import_engine_ms_median=- gate_forced=0 gate_warns=0 flood_timeouts=0 canonical_min=2723 canonical_max=2723 chained_builds=1836 chain_lead_ms_median=53 chain_wait_ms_median=4 chain_started=1841 chain_discarded=4 chain_discard_reasons=_1_reason="no_,_1_reason="the_build_was_aborted,_1_reason="the_chained_build_produced_nothing,_2_reason="the_execution_layer_produced_nothing,_1_reason="the_request_names_another_parent chain_alias_warns=0 el_chained=1854 bodies_held_warns=0 el_build_refused=3 el_build_refused_reasons=_2_the_build_was_aborted,_1_no_QMDB_tree_for_parent_block_0x queued_p5=2316000 queued_p50=2468500 road_compact_blocks=0 road_compact_recv_ms=- road_compact_assemble_ms=- road_compact_root_ms=- road_compact_miss_wait_ms=- road_compact_senders_ms=- road_compact_check_ms=- road_compact_other_ms=- road_compact_total_ms=- road_compact_misses_total= compact_refused_el=0 compact_fallbacks=0 compact_bytes_median=- pool_order9=14568 par_pull_ms_median=0 build_total_ms_median2=53 road_compact_filled_blocks=0 road_compact_filled_median=- road_compact_fill_ms_median=- need_txns=0 fill_failed=0 ingest_rate_gate_open_median=- ingest_gate_open_intervals=0 ingest_slots_busy_median=- flood_rate= fill_asked_proposer=0 fill_asked_other=0 loop_lines=1894 loop_unnamed_ms_median=47 loop_body_served_ms_median=- loop_txns_served_ms_median=- import_exec_ms_median2=- pip_partition_ms=- pip_env_ms=- pip_batch_ms=- pip_groups_ms=- pip_gas_ms=- pip_merge_ms=- pip_receipts_ms=- pip_drop_ms=- pip_other_ms=- pip_total_ms=- senders_indexed_median=- road_senders_ms_median=- road_total_ms_median=- pew_ms_median=- pew_ms_p90= gate_ms_median=- gate_ms_p90= root_ms_p50=- root_ms_p90= two_roads=0 not_on_output=0 not_on_output_why= ckpt_ms_first_q=2 ckpt_ms_last_q=54 ckpt_bytes_last=34096076 parent_still_importing=10 root_wait_ms_p50=- root_wait_ms_p90= tenures_low_seal=23 seal_first_share=0.99 empty_over_deep=0 near_empty_warns=0 no_seal_why=_1_why="the_parallel_step_built_nothing" par_skipped_median=- usable_p5=2315000 ckpt_replay_ms_last_q=15 candidates_zero=0 dropped_ingest=0 let_go_warns=0 let_go_reasons= parked_p50=0 parked_max=0 held_warns=0 park_capped_total=0 superseded_builds=1 empty_not_superseded=0 mass_park_warns=0 heads_lines=0 holes_lines=0 stale_parent_refusals=0 par_groups_p5=0 cancelled_decided=1 heads_nonce0=0 stale_unconfirmed= handovers=10 el_panics=0 decided_cancelled=1 min_window_blocks=237 road_desc_blocks=0 road_desc_total_ms=- road_desc_copy_ms=- desc_misses=0 fill_failed2=0 sf_par_collect_ms=0 sf_par_commit_ms=0 sf_par_fold_ms=8 sf_par_graft_ms=0 sf_par_prefault_ms=0 sf_par_exec_ms=21 sf_sealed_at_ms=50 sf_roots_ms=30 sf_state_ready_ms=93 sf_total_ms=167 ba_find_ms=0 ba_queue_ms=0 ba_total_ms=53 ba_on_output=1429 queue_fold_us=0 queue_lock_us=2 sf_par_exec_ms=21 sf_par_fold_ms=8 pip_groups_ms=- import_exec_ms_median2=- reads_d0=0 reads_hist=0 f_reads_d0=- f_reads_hist=- f_overlay_depth=- L_read_set_ms=0 read_set_accounts=0 read_set_unresolved=0 read_set_hits=0 read_set_misses=0 start_best_ms=- par_prep_ms=- gap_before_exec_ms=- gap_after_exec_ms=- gap_before_seal_ms=- index_ms=- road_copy_aside_ms=- road_copy_wait_ms=- road_total_ms=- queue_first_miss=queue_first_miss=18446744073709551615:1441,queue_first_miss=0:1250 root_append_behind=0 populate_lag_mb=0 swap_used_g=0 root_faults=- root_faults_p90= root_faults_entries=0 root_faults_offsets=0 root_faults_index=0 root_faults_bits=0 root_faults_twigs=0 root_faults_undo=0 root_faults_tmp=0 root_append_faults=5 root_twig_pool_misses=0 batch_max_ms=8 batch_min_ms=2 batch_median_ms=4 batch_cpu_max_ms=8 batch_txs_max=2000 batch_txs_min=1500 batch_start_skew_ms=16 batch_wait_ms=0 loop_fetch_ns=0 loop_check_ns=0 loop_transfer_ns=0 loop_receipt_ns=0 loop_gas_ns=0 loop_sink_ns=0 loop_other_ns=0 batch_setup_ns=0 batch_close_ns=0 imp_exec_part_ms=- imp_exec_batches_ms=- imp_exec_graft_ms=- imp_exec_batches=- imp_exec_threads=- imp_exec_batch_max_ms=- imp_exec_batch_median_ms=- imp_parent_output_wait_ms=- road_parent_output_wait_ms=- next_start_gap_ms=1 next_entry_gap_ms=0 commit_body_ahead_used=- imp_exec_keys_ms=- imp_keys_ahead=- imp_exec_sink_ms=- imp_exec_pre_ms=- imp_exec_post_ms=- imp_exec_receipts_ms=- imp_exec_drop_ms=- root_gap_ms=- queue_whole=queue_whole=true:1441,queue_whole=false:1250 tick_tick_late_us=956 tick_preamble_us=340 tick_take_sealed_us=1 tick_sign_us=0 tick_cache_us=0 tick_presealed=- tick_describe_us=11 tick_publish_us=596 tick_tick_to_send_us=2001 road_check_ms=- road_check_include_us=- road_check_scan_us=- road_check_fold_us=- road_check_senders_us=- road_check_frames_summarized=- road_check_frames_scanned=- imp_exec_start_gap_us=- imp_gap_road_us=- imp_gap_header_us=- imp_gap_senders_us=- imp_gap_parent_us=- imp_gap_setup_us=- imp_gap_keys_wait_us=- sealed_at_p90= sealed_over_130=0 roots_ms=- cycle_p90=106/144/115 batch_max_ms=- batch_median_ms=- imp_batch_max=- forest_lock_warns=1377 root_seal_ms=1 root_seals=39 root_majflt=13217 roots_p90= gp_layer=1438 ggp_missing=320 state_wait_split=0/0/0/0:438,9/0/0/0:79,8/0/0/0:77 qmdb_releases=0 state_wait_on= imp_road_end_ms=- imp_exec_start_ms=- imp_exec_end_ms=- imp_root_end_ms=- imp_fields_ready_ms=- imp_parent_fields_wait_ms=- imp_exec_ms=- imp_root_ms=- imp_checks_ms=- imp_engine_ms=- imp_total_ms=- road_parent_fields_wait_ms=- exec_read_ms=0 L_exec_evm_ms=0 L_exec_write_ms=0 L_exec_other_ms=0 L_reads_cache=0 L_reads_provider=0 L_reads_view=0 L_graft_base_ms=0 L_graft_reserve_ms=0 L_graft_insert_ms=0 L_graft_reverts_ms=0 L_graft_other_ms=0 L_par_exec_ms=21 L_par_graft_ms=0 F_exec_read_ms=- F_exec_evm_ms=- F_exec_write_ms=- F_exec_other_ms=- F_reads_cache=- F_reads_provider=- F_reads_view=- F_groups_ms=- L_tx_root_wait_ms=0 L_par_exec_ms=21 L_par_graft_ms=0 L_par_fold_ms=8 L_sealed_ms=5 L_state_ready_ms=93 L_roots_ms=30 L_finish_ms=101 L_total_ms=167 L_setup_ms=0 L_par_pull_ms=0 L_give_back_ms=0 L_state_wait_ms=7 L_state_after_pull=1430 L_seal_at_exec=1430 L_tx_root_ahead=0 flood_w1=3167521 txs_p10=200000 acq_us=465 slots_busy=13 ingest_rate=3092550 L_scope_join_ms=0 L_par_release_ms=0 L_commit_body_ms=0 L_par_commit_ms=0 L_give_back_ms=0 L_sealed_ms=5 L_par_exec_ms=21 L_state_wait_ms=7 L_par_pull_ms=0 L_par_prep_ms=0 L_par_start_ms=3 L_pre_exec_ms=0 L_par_run_ms=30 L_sealed_at_ms=50 F_partition_ms=- F_env_ms=- F_groups_ms=- F_merge_ms=- F_reverts_wait_ms=- F_ahead_wait_ms=- F_total_ms=- I_engine_ms=- I_root_ms=- I_total_ms=- H_engine_remember_ms=- H_engine_listing_ms=- H_engine_new_payload_ms=- busy_us=1 L_par_start_ms=3 L_start_handoff_ms=0 L_start_best_ms=3 L_start_puller_ms=0 L_par_pull_ms=0 L_par_prep_ms=0 L_state_wait_ms=7 L_par_exec_ms=21 L_par_commit_ms=0 L_sealed_ms=5 L_sealed_at_ms=50 L_par_graft_ms=0 L_graft_insert_ms=0 L_graft_reverts_ms=0 L_graft_split_us=0 L_graft_build_us=0 L_graft_merge_us=0 L_state_ready_ms=93 Q_queue_ms=0 R_dispatch_wait_ms=- R_total_ms=- R_road_runtime=1 gate_holds=0 peer_fetch=0 pool_limit=limit=4 gate_opened=gate_opened_for_block=0 I_root_ms=- flood_rate_hdr=rate=6000000/s fills=0 fill_waited=- slots_busy=13 acq_us=465 busy_us=1 converged=0 fallbacks=0 busy_us=1 recover_us=0 tf_on_output=2 tf_fallback=0 still_importing=10 busy_us=1 slots_busy=13 batches=altsig_txs=0 altsig_batches=0 tf_on_output=2 tf_fallback=0 gate_holds=0 sign_s=sign 0s replay_note=replay       : 64 files from /data/n42-pregen/g900000-400m, 400000000 transactio sign_s=sign 0s shard=shard_verified=0 shard_claimed=0 road_verified=- slots_busy=13 gate_us=7344 reply_us=7904 queued=2468500 assemble_ms=- road_take_ms=- road_body_ms=- road_encode_ms=- shards=16 shard_insert_ms=0 shard_wait_ms=0 shard_fold_ms=13 shard_append_ms=16 shard_merge_ms=57 state_ready_ms=93 roots_ms=30 exec_read_ms=0 exec_evm_ms=0 exec_write_ms=0 exec_other_ms=0 reads_cache=0 reads_provider=0 reads_view=0 par_run_ms=30 fold_task_cpu_max_us=12606 fold_task_minflt_max=1 fold_task_minflt_sum=1 fold_task_migrated=0 fold_task_nivcsw_max=0 fold_index=1 fold_index_build_ms=12 fold_index_conflicts=7506 fold_queue_us=59 fold_skew_us=37 fold_task_max_us=12602 fold_tail_us=16 start_best_ms=3 start_select_ms=0 start_walk_ms=0 start_walk_check_ms=0 start_best_other_ms=0 start_frames_by_ref=0 start_frames_slow=0 start_pull_ms=0 start_other_ms=0 start_handoff_ms=0 par_start_ms=3 par_prep_ms=0 par_commit_ms=0 commit_body_ms=0 par_fold_ms=8 sealed_ms=5 copy_ms=- prune_ms=0 frames=- frames_missing=- frame_root_ms=- root_ms=- frames_admitted=frames_admitted=571619 frames_unaligned=0 frame_root_indexed=- seal_layout_ms=0 seal_root_ms=0 attested= busy_us=1 slots_busy=13 reply_us=7904 prune_ms=0 body_refused=0 body_failed_late=0
loop346W3 win1 tps=3,213,333 txs=96,400,000 blocks= 482 cycle=0.062s occupancy= 99.8% full(>=95%)=481/482 basefee=n/a (from the layer's log)
loop346W3 win2 tps=3,126,667 txs=93,800,000 blocks= 469 cycle=0.064s occupancy=100.0% full(>=95%)=469/469 basefee=n/a (from the layer's log)
loop346W3 win3 tps=3,073,333 txs=92,200,000 blocks= 461 cycle=0.065s occupancy=100.0% full(>=95%)=461/461 basefee=n/a (from the layer's log)
loop346W3 win1 tps=3,133,333 txs=94,000,000 blocks= 470 cycle=0.064s occupancy= 99.8% full(>=95%)=469/470 basefee=n/a (from the layer's log)
loop346W3 win2 tps=3,066,667 txs=92,000,000 blocks= 460 cycle=0.065s occupancy=100.0% full(>=95%)=460/460 basefee=n/a (from the layer's log)
loop346W3 win3 tps=3,033,333 txs=91,000,000 blocks= 455 cycle=0.066s occupancy=100.0% full(>=95%)=455/455 basefee=n/a (from the layer's log)
loop346W3 win1 tps=3,106,233 txs=93,187,000 blocks= 466 cycle=0.064s occupancy= 99.8% full(>=95%)=464/466 basefee=n/a (from the layer's log)
loop346W3 win2 tps=3,073,333 txs=92,200,000 blocks= 461 cycle=0.065s occupancy=100.0% full(>=95%)=461/461 basefee=n/a (from the layer's log)
loop346W3 win3 tps=3,106,667 txs=93,200,000 blocks= 466 cycle=0.064s occupancy=100.0% full(>=95%)=466/466 basefee=n/a (from the layer's log)
loop346W3 win1 tps=3,466,667 txs=104,000,000 blocks= 260 cycle=0.115s occupancy= 99.6% full(>=95%)=259/260 basefee=n/a (from the layer's log)
loop346W3 win2 tps=3,453,333 txs=103,600,000 blocks= 259 cycle=0.116s occupancy=100.0% full(>=95%)=259/259 basefee=n/a (from the layer's log)
loop346W3 win3 tps=3,160,000 txs=94,800,000 blocks= 237 cycle=0.127s occupancy=100.0% full(>=95%)=237/237 basefee=n/a (from the layer's log)
loop346W3 win1 tps=3,126,667 txs=93,800,000 blocks= 469 cycle=0.064s occupancy=100.0% full(>=95%)=469/469 basefee=n/a (from the layer's log)
loop346W3 win2 tps=3,126,667 txs=93,800,000 blocks= 469 cycle=0.064s occupancy=100.0% full(>=95%)=469/469 basefee=n/a (from the layer's log)
loop346W3 win3 tps=2,960,000 txs=88,800,000 blocks= 444 cycle=0.068s occupancy=100.0% full(>=95%)=444/444 basefee=n/a (from the layer's log)
loop346W3 tps=3,213,333
tps=3,133,333
tps=3,106,233
tps=3,466,667
tps=3,126,667 round_txs=1416787000 cycles_w1=
loop346W3 imp_fields_p90= b_p75=16
loop346W3 overlay: filter_skips=0 probes=0 ratio=- (ratio = skips/(skips+probes))
loop346W3 overlay_manager:       1 state_trie_overlay=false  state-ovly_cpu=0
loop346W3 verify: written to /data/blockchain/rust-fleet7-bench/bench-loop346W3/verify.json
== loop346W3  (E=1: seven validator keys on one execution layer)
  window 1: canonical 470 blocks, 94.0M tx = 3,133,333/s (100.0% of window 1), full 469/470 (100%); cycle mean/median/p90 63.7/61.4/68.0 ms
    leader builds 471: sealed_at median/p90/p99 48/71/105; phases median/p90 ms: gap_before_exec 7/39, state_wait 7/39, par 50/85, par_exec 21/29, roots 28/41, parent_fields 3/18, sealed 4/19
    state_wait_on {'output': 246, 'grandparent': 78, 'none': 146, 'open': 1}; builds with state_wait > 20 ms: 99 ([('grandparent', 71), ('output', 28)]); gp_layer {1.0: 471}, ggp_missing {0.0: 386, 1.0: 85}
    queue at the builds min/median 1,191,000/2,516,500
    new field batch_cpu_sum_us: median/p90/max 592931.0/770710.0/1949959, nonzero 471
    new field batch_dispatch_us: median/p90/max 215.0/301.0/564, nonzero 471
    new field batch_first_start_us: median/p90/max 67.0/106.0/173, nonzero 471
    new field batch_ivcsw: median/p90/max 1.0/6.0/31, nonzero 263
    new field batch_last_end_us: median/p90/max 21639.0/28948.0/69301, nonzero 471
    new field batch_last_start_us: median/p90/max 16829.0/21630.0/54371, nonzero 471
    new field batch_live_deferred: median/p90/max 71.0/78.0/87, nonzero 471
    new field batch_live_lock_hold_us: median/p90/max 10194.0/12188.0/16101, nonzero 471
    new field batch_live_lock_wait_us: median/p90/max 0.0/0.0/0, nonzero 0
    new field batch_live_lock_waits: median/p90/max 0.0/0.0/0, nonzero 0
    new field batch_majflt: median/p90/max 0.0/0.0/0, nonzero 0
    new field batch_minflt: median/p90/max 748.0/9060.0/28649, nonzero 471
    new field batch_open_max_us: median/p90/max 425.0/518.0/2279, nonzero 471
    new field batch_open_sum_us: median/p90/max 10250.0/12999.0/17555, nonzero 471
    new field batch_threads: median/p90/max 32.0/32.0/32, nonzero 471
    new field batch_vcsw: median/p90/max 165.0/450.0/1058, nonzero 471
    new field batch_view_index_wait_us: median/p90/max 0.0/15995.0/53958, nonzero 90
    new field batch_view_index_waits: median/p90/max 0.0/239.0/746, nonzero 90
    new field batch_view_slot_wait_us: median/p90/max 0.0/1962.0/4436, nonzero 96
    new field batch_view_slot_waits: median/p90/max 0.0/54.0/127, nonzero 96
    new field batch_wall_sum_us: median/p90/max 602399.0/781507.0/1951712, nonzero 471
    new field batches: median/p90/max 128.0/128.0/128, nonzero 471
    new field build_batches: median/p90/max 128.0/128.0/128, nonzero 471
    new field carried_depth: median/p90/max 1.0/1.0/1, nonzero 471
    new field exec_end_to_seal_us: median/p90/max 91.0/135.0/357, nonzero 471
    new field exec_partition_us: median/p90/max 6.0/8.0/1341, nonzero 471
    new field exec_prepared_groups: {'true': 465, 'false': 6}
    new field exec_prepared_slots: {'true': 465, 'false': 6}
    new field exec_slots_us: median/p90/max 0.0/0.0/1718, nonzero 6
    new field freeze_join_wait_us: median/p90/max 8706.0/16864.0/37923, nonzero 471
    new field freeze_late: {'true': 471}
    new field freeze_pool_own: {'true': 471}
    new field live_index_defer: {'true': 471}
    new field merge_accounts: median/p90/max 192391.0/195823.0/198674, nonzero 471
    new field merge_append_us: median/p90/max 3557.0/7166.0/17904, nonzero 471
    new field merge_reverts: median/p90/max 192391.0/195823.0/198674, nonzero 471
    new field merge_reverts_us: median/p90/max 15412.0/20334.0/33533, nonzero 471
    new field merge_state_us: median/p90/max 38202.0/45759.0/56294, nonzero 471
    new field merge_tail_us: median/p90/max 0.0/0.0/1, nonzero 8
    new field merge_threads: median/p90/max 1.0/1.0/1, nonzero 471
    new field one_wave: {'false': 471}
    new field open_engine_us: median/p90/max 0.0/27841.0/102621, nonzero 85
    new field open_fallback: {'false': 386, 'true': 85}
    new field open_keep_us: median/p90/max 4.0/7.0/23, nonzero 471
    new field open_layers: median/p90/max 3.0/3.0/3, nonzero 471
    new field open_provider_us: median/p90/max 91.0/149.0/322, nonzero 471
    new field plan_age_us: median/p90/max 48034.0/101489.0/156864, nonzero 471
    new field plan_ahead: median/p90/max 1.0/1.0/2, nonzero 471
    new field plan_body: median/p90/max 1.0/1.0/2, nonzero 470
    new field plan_body_us: median/p90/max 15579.0/19360.0/25477, nonzero 465
    new field plan_discard: {'': 471}
    new field plan_prep_us: median/p90/max 7319.0/12639.0/25602, nonzero 471
    new field plan_topup_txs: median/p90/max 0.0/0.0/150000, nonzero 1
    new field prep_from_plan: {'true': 465, 'false': 6}
    new field prev_seal_to_answer_us: median/p90/max 2007.0/3578.0/11936, nonzero 471
    new field prev_seal_to_entry_us: median/p90/max 0.0/0.0/0, nonzero 0
    new field prev_seal_to_header_us: median/p90/max 195.0/335.0/953, nonzero 471
    new field prev_seal_to_import_us: median/p90/max 115648.0/149818.0/192765, nonzero 424
    new field prev_seal_to_request_us: median/p90/max 948.0/68035.0/86331, nonzero 471
    new field prev_seal_to_start_us: median/p90/max 1217.0/68242.0/86647, nonzero 471
    new field pull_bulk_txs: median/p90/max 200000.0/200000.0/200000, nonzero 471
    new field pull_bulk_us: median/p90/max 5.0/9.0/1045, nonzero 471
    new field rename_fallbacks: median/p90/max 0.0/0.0/0, nonzero 0
    new field rename_record_waits: median/p90/max 0.0/0.0/0, nonzero 0
    new field root_apply_gap_us: median/p90/max 10.0/13.0/21, nonzero 471
    new field root_apply_total_us: median/p90/max 20056.0/28416.0/53282, nonzero 471
    new field root_compute_us: median/p90/max 22050.0/31784.0/56018, nonzero 471
    new field root_delta_us: median/p90/max 1172.0/1972.0/14185, nonzero 471
    new field root_index_us: median/p90/max 2536.0/3980.0/21906, nonzero 471
    new field root_leaves_us: median/p90/max 6711.0/9884.0/23084, nonzero 471
    new field root_note_us: median/p90/max 150.0/210.0/1600, nonzero 471
    new field root_ops_ahead: {'true': 471}
    new field root_ops_ahead_wait_us: median/p90/max 2057.0/7694.0/23189, nonzero 471
    new field root_ops_concat_us: median/p90/max 0.0/0.0/0, nonzero 0
    new field root_ops_encode_us: median/p90/max 4983.0/9160.0/21420, nonzero 471
    new field root_ops_finish_us: median/p90/max 2253.0/2886.0/8944, nonzero 471
    new field root_ops_sort_us: median/p90/max 3364.0/6658.0/14906, nonzero 471
    new field root_ops_us: median/p90/max 4404.0/10094.0/26077, nonzero 471
    new field root_rehash_us: median/p90/max 1391.0/1775.0/9718, nonzero 471
    new field root_retire_us: median/p90/max 1625.0/2730.0/8072, nonzero 471
    new field root_sort_us: median/p90/max 177.0/389.0/2722, nonzero 471
    new field root_undo_us: median/p90/max 366.0/720.0/2778, nonzero 471
    new field root_writes_us: median/p90/max 6778.0/9946.0/21666, nonzero 471
    new field seal_hashes_ahead: {'true': 471}
    new field seal_on_counters: {'true': 471}
    new field seal_to_complete_us: median/p90/max 105640.0/123933.0/155632, nonzero 471
    new field seal_to_frozen_us: median/p90/max 8636.0/16849.0/37887, nonzero 372
    new field seal_to_merge_end_us: median/p90/max 105549.0/123851.0/155565, nonzero 471
    new field seal_to_merge_start_us: median/p90/max 47046.0/61627.0/86146, nonzero 471
    new field seal_to_ops_ahead_us: median/p90/max 19818.0/30445.0/50172, nonzero 471
    new field seal_to_state_ready_us: median/p90/max 105557.0/123863.0/155575, nonzero 471
    new field sealed_unix_us: median/p90/max 1791425197814375.0/1791425209551972.0/1791425212522032, nonzero 471
    new field start_walk_check_us: median/p90/max 0.0/0.0/178, nonzero 1
    new field start_walk_ids_us: median/p90/max 0.0/0.0/96, nonzero 1
    new field start_walk_settle_us: median/p90/max 0.0/0.0/0, nonzero 0
    new field start_walk_us: median/p90/max 0.0/0.0/3888, nonzero 1
    new field state_wait_us: median/p90/max 7656.0/39229.0/117266, nonzero 471
    new field view_journal_reads: median/p90/max 0.0/77824.0/184320, nonzero 230
    new field view_journal_searches: median/p90/max 0.0/227787.0/550315, nonzero 230
    new field view_journal_skips: median/p90/max 0.0/0.0/0, nonzero 0
    new field whole_take_noted: {'true': 471}
    binding wait (tick / quorum / seal share, mean cycle): tick 98% (63); quorum 1% (113); seal 1% (82); feed-bound (blocks under 95% of the tier): 1 of 470
    slowest key vote delay median/p90 10.2/52.9 ms
    engine own-import total_ms per block median/p90/max 39/60/98 (n=469)
    layer RSS 8.6 -> 26.9 G (max 26.9), in-memory blocks max 10
    execution layer cores busy 34.3    validators cores busy 1.2
    flood delivered (median per 5 s over the leg) 3,128,322/s
  window 2: canonical 469 blocks, 93.8M tx = 3,126,667/s (99.8% of window 1), full 469/469 (100%); cycle mean/median/p90 63.8/61.4/67.5 ms
    leader builds 468: sealed_at median/p90/p99 48/65/86; phases median/p90 ms: gap_before_exec 5/26, state_wait 5/26, par 48/70, par_exec 22/27, roots 30/45, parent_fields 6/22, sealed 6/23
    state_wait_on {'output': 241, 'none': 163, 'grandparent': 62, 'open': 1, 'layer_release': 1}; builds with state_wait > 20 ms: 53 ([('grandparent', 51), ('output', 2)]); gp_layer {1.0: 468}, ggp_missing {0.0: 401, 1.0: 67}
    queue at the builds min/median 2,261,000/2,516,500
    new field batch_cpu_sum_us: median/p90/max 605969.0/713328.0/1353399, nonzero 468
    new field batch_dispatch_us: median/p90/max 219.0/306.0/435, nonzero 468
    new field batch_first_start_us: median/p90/max 71.0/100.0/212, nonzero 468
    new field batch_ivcsw: median/p90/max 1.0/7.0/22, nonzero 274
    new field batch_last_end_us: median/p90/max 22333.5/27545.0/49741, nonzero 468
    new field batch_last_start_us: median/p90/max 16952.5/20336.0/39059, nonzero 468
    new field batch_live_deferred: median/p90/max 72.0/81.0/215, nonzero 468
    new field batch_live_lock_hold_us: median/p90/max 10494.0/12324.0/31368, nonzero 468
    new field batch_live_lock_wait_us: median/p90/max 0.0/0.0/0, nonzero 0
    new field batch_live_lock_waits: median/p90/max 0.0/0.0/0, nonzero 0
    new field batch_majflt: median/p90/max 0.0/0.0/0, nonzero 0
    new field batch_minflt: median/p90/max 912.0/10464.0/30747, nonzero 468
    new field batch_open_max_us: median/p90/max 413.0/509.0/1006, nonzero 468
    new field batch_open_sum_us: median/p90/max 10198.5/12785.0/17529, nonzero 468
    new field batch_threads: median/p90/max 32.0/32.0/32, nonzero 468
    new field batch_vcsw: median/p90/max 167.0/462.0/966, nonzero 468
    new field batch_view_index_wait_us: median/p90/max 0.0/17507.0/43509, nonzero 113
    new field batch_view_index_waits: median/p90/max 0.0/253.0/683, nonzero 113
    new field batch_view_slot_wait_us: median/p90/max 0.0/1909.0/4085, nonzero 119
    new field batch_view_slot_waits: median/p90/max 0.0/49.0/115, nonzero 119
    new field batch_wall_sum_us: median/p90/max 613022.5/727484.0/1355169, nonzero 468
    new field batches: median/p90/max 128.0/128.0/128, nonzero 468
    new field build_batches: median/p90/max 128.0/128.0/128, nonzero 468
    new field carried_depth: median/p90/max 1.0/1.0/1, nonzero 468
    new field exec_end_to_seal_us: median/p90/max 89.0/141.0/593, nonzero 468
    new field exec_partition_us: median/p90/max 6.0/9.0/2192, nonzero 468
    new field exec_prepared_groups: {'true': 464, 'false': 4}
    new field exec_prepared_slots: {'true': 464, 'false': 4}
    new field exec_slots_us: median/p90/max 0.0/0.0/1132, nonzero 9
    new field freeze_join_wait_us: median/p90/max 6484.0/14302.0/29336, nonzero 468
    new field freeze_late: {'true': 468}
    new field freeze_pool_own: {'true': 468}
    new field live_index_defer: {'true': 468}
    new field merge_accounts: median/p90/max 193170.0/196276.0/198792, nonzero 468
    new field merge_append_us: median/p90/max 3374.0/7480.0/15663, nonzero 468
    new field merge_reverts: median/p90/max 193170.0/196276.0/198792, nonzero 468
    new field merge_reverts_us: median/p90/max 15204.5/20066.0/28425, nonzero 468
    new field merge_state_us: median/p90/max 38470.5/45439.0/70434, nonzero 468
    new field merge_tail_us: median/p90/max 0.0/0.0/6, nonzero 5
    new field merge_threads: median/p90/max 1.0/1.0/1, nonzero 468
    new field one_wave: {'false': 468}
    new field open_engine_us: median/p90/max 0.0/20188.0/67610, nonzero 67
    new field open_fallback: {'false': 401, 'true': 67}
    new field open_keep_us: median/p90/max 4.0/6.0/4932, nonzero 468
    new field open_layers: median/p90/max 3.0/3.0/3, nonzero 468
    new field open_provider_us: median/p90/max 90.0/144.0/440, nonzero 468
    new field plan_age_us: median/p90/max 45388.0/100254.0/244577, nonzero 467
    new field plan_ahead: median/p90/max 1.0/1.0/1, nonzero 467
    new field plan_body: median/p90/max 1.0/1.0/2, nonzero 467
    new field plan_body_us: median/p90/max 16337.0/19051.0/24384, nonzero 464
    new field plan_discard: {'': 467, 'not_on_its_parent': 1}
    new field plan_prep_us: median/p90/max 7456.5/14505.0/31801, nonzero 467
    new field plan_topup_txs: median/p90/max 0.0/0.0/0, nonzero 0
    new field prep_from_plan: {'true': 464, 'false': 4}
    new field prev_seal_to_answer_us: median/p90/max 2064.0/3440.0/7583, nonzero 467
    new field prev_seal_to_entry_us: median/p90/max 0.0/0.0/0, nonzero 0
    new field prev_seal_to_header_us: median/p90/max 210.0/343.0/559, nonzero 467
    new field prev_seal_to_import_us: median/p90/max 114175.0/147150.0/189522, nonzero 446
    new field prev_seal_to_request_us: median/p90/max 970.0/68638.0/93008, nonzero 467
    new field prev_seal_to_start_us: median/p90/max 1257.0/68947.0/93384, nonzero 467
    new field pull_bulk_txs: median/p90/max 200000.0/200000.0/200000, nonzero 468
    new field pull_bulk_us: median/p90/max 6.0/9.0/1446, nonzero 468
    new field rename_fallbacks: median/p90/max 0.0/0.0/0, nonzero 0
    new field rename_record_waits: median/p90/max 0.0/0.0/0, nonzero 0
    new field root_apply_gap_us: median/p90/max 11.0/13.0/21, nonzero 468
    new field root_apply_total_us: median/p90/max 21564.5/30986.0/43835, nonzero 468
    new field root_compute_us: median/p90/max 23604.0/34278.0/82692, nonzero 468
    new field root_delta_us: median/p90/max 1169.5/2358.0/13014, nonzero 468
    new field root_index_us: median/p90/max 2723.0/4905.0/20583, nonzero 468
    new field root_leaves_us: median/p90/max 6919.0/10142.0/19368, nonzero 468
    new field root_note_us: median/p90/max 147.0/229.0/1058, nonzero 468
    new field root_ops_ahead: {'true': 468}
    new field root_ops_ahead_wait_us: median/p90/max 2464.5/8733.0/25482, nonzero 466
    new field root_ops_concat_us: median/p90/max 0.0/0.0/0, nonzero 0
    new field root_ops_encode_us: median/p90/max 5182.0/9280.0/28129, nonzero 468
    new field root_ops_finish_us: median/p90/max 2227.5/3314.0/5980, nonzero 468
    new field root_ops_sort_us: median/p90/max 3339.0/6363.0/19748, nonzero 468
    new field root_ops_us: median/p90/max 4873.5/11190.0/27489, nonzero 468
    new field root_rehash_us: median/p90/max 1971.0/2767.0/17776, nonzero 468
    new field root_retire_us: median/p90/max 1697.5/2768.0/16175, nonzero 468
    new field root_sort_us: median/p90/max 199.0/410.0/4123, nonzero 468
    new field root_undo_us: median/p90/max 340.0/669.0/2952, nonzero 468
    new field root_writes_us: median/p90/max 7057.5/10139.0/25153, nonzero 468
    new field seal_hashes_ahead: {'true': 468}
    new field seal_on_counters: {'true': 468}
    new field seal_to_complete_us: median/p90/max 107187.0/124811.0/172902, nonzero 468
    new field seal_to_frozen_us: median/p90/max 6477.0/14254.0/29287, nonzero 310
    new field seal_to_merge_end_us: median/p90/max 107111.0/124712.0/172810, nonzero 468
    new field seal_to_merge_start_us: median/p90/max 48165.5/62452.0/126996, nonzero 468
    new field seal_to_ops_ahead_us: median/p90/max 19493.5/27216.0/40886, nonzero 468
    new field seal_to_state_ready_us: median/p90/max 107117.0/124723.0/172819, nonzero 468
    new field sealed_unix_us: median/p90/max 1791425227823457.0/1791425239608722.0/1791425242494427, nonzero 468
    new field start_walk_check_us: median/p90/max 0.0/0.0/178, nonzero 1
    new field start_walk_ids_us: median/p90/max 0.0/0.0/576, nonzero 1
    new field start_walk_settle_us: median/p90/max 0.0/0.0/0, nonzero 0
    new field start_walk_us: median/p90/max 0.0/0.0/4666, nonzero 1
    new field state_wait_us: median/p90/max 5211.5/26664.0/84075, nonzero 468
    new field view_journal_reads: median/p90/max 4096.0/81920.0/139264, nonzero 240
    new field view_journal_searches: median/p90/max 12097.5/233539.0/417792, nonzero 240
    new field view_journal_skips: median/p90/max 0.0/0.0/0, nonzero 0
    new field whole_take_noted: {'true': 468}
    binding wait (tick / quorum / seal share, mean cycle): tick 97% (62); quorum 2% (114); seal 1% (69); feed-bound (blocks under 95% of the tier): 0 of 469
    slowest key vote delay median/p90 3.5/40.7 ms
    engine own-import total_ms per block median/p90/max 38/57/142 (n=469)
    layer RSS 26.8 -> 34.4 G (max 34.4), in-memory blocks max 10
    execution layer cores busy 34.4    validators cores busy 1.2
  window 3: canonical 444 blocks, 88.8M tx = 2,960,000/s (94.5% of window 1), full 444/444 (100%); cycle -
    leader builds 444: sealed_at median/p90/p99 56/83/125; phases median/p90 ms: gap_before_exec 10/58, state_wait 9/58, par 59/92, par_exec 21/28, roots 32/50, parent_fields 2/25, sealed 3/26
    state_wait_on {'grandparent': 148, 'output': 189, 'none': 106, 'open': 1}; builds with state_wait > 20 ms: 143 ([('grandparent', 135), ('output', 8)]); gp_layer {1.0: 444}, ggp_missing {1.0: 158, 0.0: 286}
    queue at the builds min/median 2,230,000/2,513,000
    new field batch_cpu_sum_us: median/p90/max 571793.5/721456.0/1369653, nonzero 444
    new field batch_dispatch_us: median/p90/max 227.0/344.0/2296, nonzero 444
    new field batch_first_start_us: median/p90/max 76.0/127.0/327, nonzero 444
    new field batch_ivcsw: median/p90/max 1.0/7.0/32, nonzero 260
    new field batch_last_end_us: median/p90/max 21275.5/28013.0/147835, nonzero 444
    new field batch_last_start_us: median/p90/max 16331.5/21304.0/126446, nonzero 444
    new field batch_live_deferred: median/p90/max 75.0/91.0/581, nonzero 444
    new field batch_live_lock_hold_us: median/p90/max 10921.0/14050.0/74621, nonzero 444
    new field batch_live_lock_wait_us: median/p90/max 0.0/0.0/0, nonzero 0
    new field batch_live_lock_waits: median/p90/max 0.0/0.0/0, nonzero 0
    new field batch_majflt: median/p90/max 0.0/0.0/17407, nonzero 27
    new field batch_minflt: median/p90/max 1023.0/10765.0/38470, nonzero 444
    new field batch_open_max_us: median/p90/max 443.0/554.0/3896, nonzero 444
    new field batch_open_sum_us: median/p90/max 10803.5/13598.0/25473, nonzero 444
    new field batch_threads: median/p90/max 32.0/32.0/32, nonzero 444
    new field batch_vcsw: median/p90/max 182.0/555.0/17637, nonzero 444
    new field batch_view_index_wait_us: median/p90/max 0.0/19848.0/2520868, nonzero 109
    new field batch_view_index_waits: median/p90/max 0.0/246.0/863, nonzero 109
    new field batch_view_slot_wait_us: median/p90/max 0.0/2047.0/302460, nonzero 116
    new field batch_view_slot_waits: median/p90/max 0.0/49.0/99, nonzero 116
    new field batch_wall_sum_us: median/p90/max 585589.5/753262.0/4270104, nonzero 444
    new field batches: median/p90/max 128.0/128.0/128, nonzero 444
    new field build_batches: median/p90/max 128.0/128.0/128, nonzero 444
    new field carried_depth: median/p90/max 1.0/1.0/1, nonzero 444
    new field exec_end_to_seal_us: median/p90/max 90.0/160.0/1198, nonzero 444
    new field exec_partition_us: median/p90/max 6.0/8.0/1817, nonzero 444
    new field exec_prepared_groups: {'true': 441, 'false': 3}
    new field exec_prepared_slots: {'true': 441, 'false': 3}
    new field exec_slots_us: median/p90/max 0.0/0.0/2168, nonzero 3
    new field freeze_join_wait_us: median/p90/max 9511.0/15287.0/24059, nonzero 444
    new field freeze_late: {'true': 444}
    new field freeze_pool_own: {'true': 444}
    new field live_index_defer: {'true': 444}
    new field merge_accounts: median/p90/max 192368.0/195661.0/198423, nonzero 444
    new field merge_append_us: median/p90/max 3822.0/9129.0/16929, nonzero 444
    new field merge_reverts: median/p90/max 192368.0/195661.0/198423, nonzero 444
    new field merge_reverts_us: median/p90/max 14615.0/21107.0/124258, nonzero 444
    new field merge_state_us: median/p90/max 37833.0/46552.0/64234, nonzero 444
    new field merge_tail_us: median/p90/max 0.0/0.0/1, nonzero 4
    new field merge_threads: median/p90/max 1.0/1.0/1, nonzero 444
    new field one_wave: {'false': 444}
    new field open_engine_us: median/p90/max 0.0/41219.0/87432, nonzero 158
    new field open_fallback: {'false': 286, 'true': 158}
    new field open_keep_us: median/p90/max 4.0/6.0/102, nonzero 444
    new field open_layers: median/p90/max 3.0/3.0/3, nonzero 444
    new field open_provider_us: median/p90/max 84.5/166.0/1248, nonzero 444
    new field plan_age_us: median/p90/max 53782.0/99308.0/157249, nonzero 444
    new field plan_ahead: median/p90/max 1.0/1.0/1, nonzero 444
    new field plan_body: median/p90/max 1.0/1.0/2, nonzero 444
    new field plan_body_us: median/p90/max 16873.0/20438.0/26714, nonzero 441
    new field plan_discard: {'': 444}
    new field plan_prep_us: median/p90/max 6941.0/13166.0/32238, nonzero 444
    new field plan_topup_txs: median/p90/max 0.0/0.0/0, nonzero 0
    new field prep_from_plan: {'true': 441, 'false': 3}
    new field prev_seal_to_answer_us: median/p90/max 1947.0/3371.0/7248, nonzero 444
    new field prev_seal_to_entry_us: median/p90/max 0.0/0.0/0, nonzero 0
    new field prev_seal_to_header_us: median/p90/max 193.0/322.0/913, nonzero 444
    new field prev_seal_to_import_us: median/p90/max 125831.5/159595.0/226978, nonzero 380
    new field prev_seal_to_request_us: median/p90/max 927.0/56251.0/81575, nonzero 444
    new field prev_seal_to_start_us: median/p90/max 1246.0/56595.0/81817, nonzero 444
    new field pull_bulk_txs: median/p90/max 200000.0/200000.0/200000, nonzero 444
    new field pull_bulk_us: median/p90/max 5.0/8.0/1662, nonzero 444
    new field rename_fallbacks: median/p90/max 0.0/0.0/0, nonzero 0
    new field rename_record_waits: median/p90/max 0.0/0.0/0, nonzero 0
    new field root_apply_gap_us: median/p90/max 11.0/13.0/67, nonzero 444
    new field root_apply_total_us: median/p90/max 22311.5/31405.0/111247, nonzero 444
    new field root_compute_us: median/p90/max 24281.5/34614.0/112832, nonzero 444
    new field root_delta_us: median/p90/max 1167.0/2280.0/16588, nonzero 444
    new field root_index_us: median/p90/max 2681.5/5131.0/91486, nonzero 444
    new field root_leaves_us: median/p90/max 6695.0/11606.0/25985, nonzero 444
    new field root_note_us: median/p90/max 135.0/216.0/895, nonzero 444
    new field root_ops_ahead: {'true': 444}
    new field root_ops_ahead_wait_us: median/p90/max 2730.5/8505.0/49506, nonzero 443
    new field root_ops_concat_us: median/p90/max 0.0/0.0/0, nonzero 0
    new field root_ops_encode_us: median/p90/max 5199.5/9168.0/26172, nonzero 444
    new field root_ops_finish_us: median/p90/max 2237.0/3535.0/9291, nonzero 444
    new field root_ops_sort_us: median/p90/max 3073.5/6736.0/53277, nonzero 444
    new field root_ops_us: median/p90/max 5184.5/11126.0/51351, nonzero 444
    new field root_rehash_us: median/p90/max 2505.0/3466.0/17351, nonzero 444
    new field root_retire_us: median/p90/max 1852.0/2669.0/10629, nonzero 444
    new field root_sort_us: median/p90/max 192.5/371.0/2901, nonzero 444
    new field root_undo_us: median/p90/max 336.0/635.0/2919, nonzero 444
    new field root_writes_us: median/p90/max 6898.5/9653.0/33819, nonzero 444
    new field seal_hashes_ahead: {'true': 444}
    new field seal_on_counters: {'true': 444}
    new field seal_to_complete_us: median/p90/max 109406.5/135470.0/243775, nonzero 444
    new field seal_to_frozen_us: median/p90/max 9474.0/15241.0/23967, nonzero 306
    new field seal_to_merge_end_us: median/p90/max 109345.0/135411.0/243639, nonzero 444
    new field seal_to_merge_start_us: median/p90/max 50697.5/71301.0/152464, nonzero 444
    new field seal_to_ops_ahead_us: median/p90/max 20413.5/28771.0/73067, nonzero 444
    new field seal_to_state_ready_us: median/p90/max 109354.0/135418.0/243649, nonzero 444
    new field sealed_unix_us: median/p90/max 1791425257093113.0/1791425269166878.0/1791425272438481, nonzero 444
    new field start_walk_check_us: median/p90/max 0.0/0.0/0, nonzero 0
    new field start_walk_ids_us: median/p90/max 0.0/0.0/0, nonzero 0
    new field start_walk_settle_us: median/p90/max 0.0/0.0/0, nonzero 0
    new field start_walk_us: median/p90/max 0.0/0.0/0, nonzero 0
    new field state_wait_us: median/p90/max 9770.0/58285.0/104233, nonzero 444
    new field view_journal_reads: median/p90/max 0.0/73728.0/143360, nonzero 208
    new field view_journal_searches: median/p90/max 0.0/202681.0/432970, nonzero 208
    new field view_journal_skips: median/p90/max 0.0/0.0/0, nonzero 0
    new field whole_take_noted: {'true': 444}
    engine own-import total_ms per block median/p90/max 45/69/145 (n=444)
    layer RSS 34.4 -> 41.9 G (max 41.9), in-memory blocks max 10
    execution layer cores busy 34.0    validators cores busy 1.1
  round total (3 windows, canonical): 276.6M tx
  layer peak RSS 41.9 G; in-memory blocks max 10
  fields at seal: mode "early", verified 0, unchecked 0, mismatches 0 (last build line, cumulative)
  own_executed_again (built here and also directly imported): 0 of 1429 built blocks
== loop346W3
  layer-0 leader window-1 builds 472: txs mean 200000, share >= 95% of the tier 100% (max 200000); sealed_at_ms 48.0/71.0; par_ms 50.0/85.0; par_exec_ms 21.0/29.0; roots_ms 28.0/41.0; parent_fields_ms 3.0/18.0; sealed_ms 4.0/19.0
  proposal cycle window 1 (n=486): mean 63.7 median 61.4 p90 68.0 ms; blocks in the 30 s: 486
  binding wait (tick / quorum / seal, share and mean cycle): tick 97.9% (63.1); quorum 0.9% (113.1); seal 1.3% (82.5)
  vote delay after the proposal, slowest key per block: median 10.2 p90 51.3 ms (slowest minus the median key: median 0.2); last key: {1: 93, 2: 82, 3: 62, 4: 83, 5: 76, 6: 74} of 470 blocks
  CPU in window 1 (cores busy): execution layers 34.3 over 1 process(es); validators 1.2 over 7 process(es)
  execution layer peak RSS 41.9 G; in-memory blocks max 10 (node0 and others, all layers)
  blocks built here 1429; none also directly imported
  import-once counters at the last direct import: ; start-up lines with import_once=true: 1; queue-lock lines 0
  layer-0 queue (queued after canonical prune), median per 10 s: t+0:2501000 t+20:2470500 t+40:2473500 t+60:2489000 t+80:2437000
  flood: median per 5 s 3128322/s, final -
  timeout / given-up lines: 1; 02:05:54 v0 INFO process_event{view=1 kind="message"}: n42::cl::timeout: TC formed
loop346W3 page_faults_per_s_median: node0=180152 
leg loop346W3b: /data free 588G (needs 120 G)
leg loop346W3b start 22:09:11 load 7.97
round loop346W3b exit 0 at 22:12:08
loop346W3b save stages (node0, seconds summed over the leg / count): batch_size=1940.0/629  batch_size=1940.0/629  reth_consensus_engine_beacon_persistence_duration=56.7/629  duration_seconds=52.2/629  total=47.9/629  scope=43.3/629  sf=43.1/629  sf_transactions=42.9/629  qmdb_persisted=20.3/629  sf_account_changesets=19.4/629
el binary: /data/n42-build/target-n42-rs/native/release/n42 env: N42_IMPORT_ONCE=1 N42_SETTLEMENT_TAGS=legacy N42_BUILD_THROTTLE_SOFT=48 F7_EL_MAP=0,0,0,0,0,0,0 N42_FIELDS_AT_SEAL=1 N42_FREEZE_AFTER_SEAL=1 N42_FRAME_BLOCKS=1 N42_TX_INGEST_RECOVER_PARALLEL=24 N42_FREEZE_POOL=own N42_PARALLEL_BUILD_THREADS=32 N42_PLAN_AHEAD=1 N42_HASHED_TABLES=off F7_FLOOD_RATE=6000000 N42_COMPACT_BODY=1 N42_BUILD_BATCHES=128 MALLOC_CONF=thp:always,oversize_threshold:0,dirty_decay_ms:2000,background_thread:true N42_SEAL_ON_COUNTERS=1 N42_ACCOUNT_HISTORY=off N42_TAKE_COMPACT=1 N42_SF_EARLY_WRITEBACK=1 N42_ROAD_RUNTIME=1 N42_TX_INGEST_HIGH_WATER=2500000 F7_BENCH_POOL_SLOTS=3000000 N42_PLAN_AHEAD_BODY=1 N42_SEAL_AT_EXEC=1 N42_TX_QUEUE_DRAIN_CHUNK=8192 N42_ANSWER_LAYOUT_ONLY=1 N42_PULL_BY_FRAMES=1 N42_SF_PARALLEL_ENCODE=1 N42_BUILD_THROTTLE_HARD=80 N42_LIVE_INDEX_DEFER=1 RAYON_NUM_THREADS=16 N42_ROOT_OPS_AHEAD=1 TOKIO_WORKER_THREADS=16 N42_QMDB_READS=on N42_LEADER_LAYERS=3 N42_PERSIST_QMDB_IN_SCOPE=1 F7_BLOCK_INTERVAL_MS=60 F7_MEASURE_FROM_LOG=1
validator env: N42_IMPORT_ONCE=1 N42_SETTLEMENT_TAGS=legacy N42_BUILD_THROTTLE_SOFT=48 F7_EL_MAP=0,0,0,0,0,0,0 N42_FIELDS_AT_SEAL=1 N42_FREEZE_AFTER_SEAL=1 N42_FRAME_BLOCKS=1 N42_TX_INGEST_RECOVER_PARALLEL=24 N42_FREEZE_POOL=own N42_PARALLEL_BUILD_THREADS=32 N42_PLAN_AHEAD=1 N42_HASHED_TABLES=off F7_FLOOD_RATE=6000000 N42_COMPACT_BODY=1 N42_BUILD_BATCHES=128 N42_SEAL_ON_COUNTERS=1 N42_ACCOUNT_HISTORY=off N42_TAKE_COMPACT=1 N42_SF_EARLY_WRITEBACK=1 N42_ROAD_RUNTIME=1 N42_TX_INGEST_HIGH_WATER=2500000 F7_BENCH_POOL_SLOTS=3000000 N42_PLAN_AHEAD_BODY=1 N42_SEAL_AT_EXEC=1 N42_TX_QUEUE_DRAIN_CHUNK=8192 N42_ANSWER_LAYOUT_ONLY=1 N42_PULL_BY_FRAMES=1 N42_SF_PARALLEL_ENCODE=1 N42_BUILD_THROTTLE_HARD=80 N42_LIVE_INDEX_DEFER=1 RAYON_NUM_THREADS=16 N42_ROOT_OPS_AHEAD=1 TOKIO_WORKER_THREADS=16 N42_QMDB_READS=on N42_LEADER_LAYERS=3 N42_PERSIST_QMDB_IN_SCOPE=1 F7_MEASURE_FROM_LOG=1
loop346W3b once: start-up lines import_once=true 1; last direct-import counters 
loop346W3b imports: layers=1 direct_imports=0 canonical_blocks=2690 import_once_lines=1 (per layer: direct imports should equal canonical blocks for one execution per block)
grep: /data/blockchain/rust-fleet7-bench/node1/el.log: No such file or directory
grep: /data/blockchain/rust-fleet7-bench/node2/el.log: No such file or directory
grep: /data/blockchain/rust-fleet7-bench/node3/el.log: No such file or directory
grep: /data/blockchain/rust-fleet7-bench/node1/el.log: No such file or directory
grep: /data/blockchain/rust-fleet7-bench/node2/el.log: No such file or directory
grep: /data/blockchain/rust-fleet7-bench/node3/el.log: No such file or directory
cat: /data/blockchain/rust-fleet7-bench/node2/el.log: No such file or directory
cat: /data/blockchain/rust-fleet7-bench/node2/el.log: No such file or directory
cat: /data/blockchain/rust-fleet7-bench/node2/el.log: No such file or directory
cat: /data/blockchain/rust-fleet7-bench/node1/el.log: No such file or directory
cat: /data/blockchain/rust-fleet7-bench/node2/el.log: No such file or directory
cat: /data/blockchain/rust-fleet7-bench/node3/el.log: No such file or directory
loop346W3b no_variant=0 own_not_committed=0 tc=1 invalid_blocks=0 incomplete=0 gas_mismatch=0 direct_imports_failed=0 stuck_at_hashed_state=0 engine_idles_over_5s=1 proposals_given_up=0 tables_off_nodes=1 unanswered_reads=0 seal_first_total=1441 seal_first_direct=1441 direct_guard_errors=0 commit_ms_median=0 fold_ms_median=8 sealed_at_ms_median=52 state_ready_ms_median=93 build_total_ms_median=170 recover_us_median=0 par_exec_ms_median=21 par_exec_ms_median=21 giveback_filtered=0 giveback_offered_max=200000 seal_first=1441 reader_lag_max=9 reader_lag_warns=0 view_invalidated=0 el_sum_peak_g=41.8 el_max_peak_g=41.8 val_sum_peak_g=2.0 flood_peak_g=0.6 two_roads_blocks=0 two_roads_overlap_ms_median=- exec_on_output_declined=0 r1_collect_ms_median=5 proposal_at_ms_median=49 view_total_ms_median=61 import_exec_ms_median=- import_total_ms_median=- import_senders_ms_median=- import_convert_ms_median=- import_groups_median=- imports_over_600ms=0 min_avail_g=73.8 road_foreign_body_recv_ms=- road_foreign_body_decode_ms=- road_foreign_body_senders_ms=- road_foreign_body_parent_wait_ms=- road_foreign_body_check_ms=- road_foreign_body_total_ms=- road_new_payload_recv_ms=- road_new_payload_decode_ms=- road_new_payload_senders_ms=- road_new_payload_parent_wait_ms=- road_new_payload_check_ms=- road_new_payload_total_ms=- road_foreign_body_blocks=0 road_new_payload_blocks=0 fcu_answered=1261 fcu_in_flight_ms_median=1 fcu_queued_ms_median=0 fcu_queued_ms_max=105 fcu_refused=0 fcu_slow=2586 bodies_held=0 road_reuse_ms=- road_prepare_ms=- road_dispatch_ms=- road_convert_ms=- road_remember_ms=- road_header_ms=- road_fields_ms=- road_other_ms=- import_engine_ms_median=- gate_forced=0 gate_warns=0 flood_timeouts=0 canonical_min=2723 canonical_max=2724 chained_builds=1862 chain_lead_ms_median=52 chain_wait_ms_median=5 chain_started=1867 chain_discarded=4 chain_discard_reasons=_1_reason="no_,_1_reason="the_build_was_aborted,_1_reason="the_chained_build_produced_nothing,_2_reason="the_execution_layer_produced_nothing,_1_reason="the_request_names_another_parent chain_alias_warns=0 el_chained=1880 bodies_held_warns=0 el_build_refused=4 el_build_refused_reasons=_2_the_build_was_aborted,_2_no_QMDB_tree_for_parent_block_0x queued_p5=2315500 queued_p50=2446500 road_compact_blocks=0 road_compact_recv_ms=- road_compact_assemble_ms=- road_compact_root_ms=- road_compact_miss_wait_ms=- road_compact_senders_ms=- road_compact_check_ms=- road_compact_other_ms=- road_compact_total_ms=- road_compact_misses_total= compact_refused_el=0 compact_fallbacks=0 compact_bytes_median=- pool_order9=14459 par_pull_ms_median=0 build_total_ms_median2=54 road_compact_filled_blocks=0 road_compact_filled_median=- road_compact_fill_ms_median=- need_txns=0 fill_failed=0 ingest_rate_gate_open_median=- ingest_gate_open_intervals=0 ingest_slots_busy_median=- flood_rate= fill_asked_proposer=0 fill_asked_other=0 loop_lines=1878 loop_unnamed_ms_median=47 loop_body_served_ms_median=- loop_txns_served_ms_median=- import_exec_ms_median2=- pip_partition_ms=- pip_env_ms=- pip_batch_ms=- pip_groups_ms=- pip_gas_ms=- pip_merge_ms=- pip_receipts_ms=- pip_drop_ms=- pip_other_ms=- pip_total_ms=- senders_indexed_median=- road_senders_ms_median=- road_total_ms_median=- pew_ms_median=- pew_ms_p90= gate_ms_median=- gate_ms_p90= root_ms_p50=- root_ms_p90= two_roads=0 not_on_output=0 not_on_output_why= ckpt_ms_first_q=2 ckpt_ms_last_q=51 ckpt_bytes_last=34269596 parent_still_importing=19 root_wait_ms_p50=- root_wait_ms_p90= tenures_low_seal=23 seal_first_share=0.99 empty_over_deep=0 near_empty_warns=0 no_seal_why=_1_why="the_parallel_step_built_nothing" par_skipped_median=- usable_p5=2315500 ckpt_replay_ms_last_q=15 candidates_zero=0 dropped_ingest=0 let_go_warns=0 let_go_reasons= parked_p50=0 parked_max=0 held_warns=0 park_capped_total=0 superseded_builds=1 empty_not_superseded=0 mass_park_warns=0 heads_lines=0 holes_lines=0 stale_parent_refusals=0 par_groups_p5=0 cancelled_decided=0 heads_nonce0=0 stale_unconfirmed= handovers=19 el_panics=0 decided_cancelled=0 min_window_blocks=242 road_desc_blocks=0 road_desc_total_ms=- road_desc_copy_ms=- desc_misses=0 fill_failed2=0 sf_par_collect_ms=0 sf_par_commit_ms=0 sf_par_fold_ms=8 sf_par_graft_ms=0 sf_par_prefault_ms=0 sf_par_exec_ms=21 sf_sealed_at_ms=52 sf_roots_ms=31 sf_state_ready_ms=93 sf_total_ms=170 ba_find_ms=0 ba_queue_ms=0 ba_total_ms=54 ba_on_output=1439 queue_fold_us=0 queue_lock_us=179 sf_par_exec_ms=21 sf_par_fold_ms=8 pip_groups_ms=- import_exec_ms_median2=- reads_d0=0 reads_hist=0 f_reads_d0=- f_reads_hist=- f_overlay_depth=- L_read_set_ms=0 read_set_accounts=0 read_set_unresolved=0 read_set_hits=0 read_set_misses=0 start_best_ms=- par_prep_ms=- gap_before_exec_ms=- gap_after_exec_ms=- gap_before_seal_ms=- index_ms=- road_copy_aside_ms=- road_copy_wait_ms=- road_total_ms=- queue_first_miss=queue_first_miss=18446744073709551615:1451,queue_first_miss=0:1239 root_append_behind=0 populate_lag_mb=12 swap_used_g=0 root_faults=- root_faults_p90= root_faults_entries=0 root_faults_offsets=0 root_faults_index=0 root_faults_bits=0 root_faults_twigs=0 root_faults_undo=0 root_faults_tmp=0 root_append_faults=0 root_twig_pool_misses=0 batch_max_ms=8 batch_min_ms=2 batch_median_ms=4 batch_cpu_max_ms=8 batch_txs_max=2000 batch_txs_min=1500 batch_start_skew_ms=16 batch_wait_ms=0 loop_fetch_ns=0 loop_check_ns=0 loop_transfer_ns=0 loop_receipt_ns=0 loop_gas_ns=0 loop_sink_ns=0 loop_other_ns=0 batch_setup_ns=0 batch_close_ns=0 imp_exec_part_ms=- imp_exec_batches_ms=- imp_exec_graft_ms=- imp_exec_batches=- imp_exec_threads=- imp_exec_batch_max_ms=- imp_exec_batch_median_ms=- imp_parent_output_wait_ms=- road_parent_output_wait_ms=- next_start_gap_ms=1 next_entry_gap_ms=0 commit_body_ahead_used=- imp_exec_keys_ms=- imp_keys_ahead=- imp_exec_sink_ms=- imp_exec_pre_ms=- imp_exec_post_ms=- imp_exec_receipts_ms=- imp_exec_drop_ms=- root_gap_ms=- queue_whole=queue_whole=true:1451,queue_whole=false:1239 tick_tick_late_us=939 tick_preamble_us=340 tick_take_sealed_us=1 tick_sign_us=0 tick_cache_us=0 tick_presealed=- tick_describe_us=11 tick_publish_us=598 tick_tick_to_send_us=1988 road_check_ms=- road_check_include_us=- road_check_scan_us=- road_check_fold_us=- road_check_senders_us=- road_check_frames_summarized=- road_check_frames_scanned=- imp_exec_start_gap_us=- imp_gap_road_us=- imp_gap_header_us=- imp_gap_senders_us=- imp_gap_parent_us=- imp_gap_setup_us=- imp_gap_keys_wait_us=- sealed_at_p90= sealed_over_130=0 roots_ms=- cycle_p90=106/147/115 batch_max_ms=- batch_median_ms=- imp_batch_max=- forest_lock_warns=1458 root_seal_ms=1 root_seals=40 root_majflt=2790 roots_p90= gp_layer=1450 ggp_missing=323 state_wait_split=0/0/0/0:440,9/0/0/0:58,8/0/0/0:56 qmdb_releases=0 state_wait_on= imp_road_end_ms=- imp_exec_start_ms=- imp_exec_end_ms=- imp_root_end_ms=- imp_fields_ready_ms=- imp_parent_fields_wait_ms=- imp_exec_ms=- imp_root_ms=- imp_checks_ms=- imp_engine_ms=- imp_total_ms=- road_parent_fields_wait_ms=- exec_read_ms=0 L_exec_evm_ms=0 L_exec_write_ms=0 L_exec_other_ms=0 L_reads_cache=0 L_reads_provider=0 L_reads_view=0 L_graft_base_ms=0 L_graft_reserve_ms=0 L_graft_insert_ms=0 L_graft_reverts_ms=0 L_graft_other_ms=0 L_par_exec_ms=21 L_par_graft_ms=0 F_exec_read_ms=- F_exec_evm_ms=- F_exec_write_ms=- F_exec_other_ms=- F_reads_cache=- F_reads_provider=- F_reads_view=- F_groups_ms=- L_tx_root_wait_ms=0 L_par_exec_ms=21 L_par_graft_ms=0 L_par_fold_ms=8 L_sealed_ms=7 L_state_ready_ms=93 L_roots_ms=31 L_finish_ms=101 L_total_ms=170 L_setup_ms=0 L_par_pull_ms=0 L_give_back_ms=0 L_state_wait_ms=7 L_state_after_pull=1441 L_seal_at_exec=1441 L_tx_root_ahead=0 flood_w1=3153230 txs_p10=200000 acq_us=463 slots_busy=13 ingest_rate=3158259 L_scope_join_ms=0 L_par_release_ms=0 L_commit_body_ms=0 L_par_commit_ms=0 L_give_back_ms=0 L_sealed_ms=7 L_par_exec_ms=21 L_state_wait_ms=7 L_par_pull_ms=0 L_par_prep_ms=0 L_par_start_ms=4 L_pre_exec_ms=0 L_par_run_ms=31 L_sealed_at_ms=52 F_partition_ms=- F_env_ms=- F_groups_ms=- F_merge_ms=- F_reverts_wait_ms=- F_ahead_wait_ms=- F_total_ms=- I_engine_ms=- I_root_ms=- I_total_ms=- H_engine_remember_ms=- H_engine_listing_ms=- H_engine_new_payload_ms=- busy_us=1 L_par_start_ms=4 L_start_handoff_ms=0 L_start_best_ms=4 L_start_puller_ms=0 L_par_pull_ms=0 L_par_prep_ms=0 L_state_wait_ms=7 L_par_exec_ms=21 L_par_commit_ms=0 L_sealed_ms=7 L_sealed_at_ms=52 L_par_graft_ms=0 L_graft_insert_ms=0 L_graft_reverts_ms=0 L_graft_split_us=0 L_graft_build_us=0 L_graft_merge_us=0 L_state_ready_ms=93 Q_queue_ms=0 R_dispatch_wait_ms=- R_total_ms=- R_road_runtime=1 gate_holds=0 peer_fetch=0 pool_limit=limit=4 gate_opened=gate_opened_for_block=0 I_root_ms=- flood_rate_hdr=rate=6000000/s fills=0 fill_waited=- slots_busy=13 acq_us=463 busy_us=1 converged=0 fallbacks=0 busy_us=1 recover_us=0 tf_on_output=2 tf_fallback=0 still_importing=19 busy_us=1 slots_busy=13 batches=altsig_txs=0 altsig_batches=0 tf_on_output=2 tf_fallback=0 gate_holds=0 sign_s=sign 0s replay_note=replay       : 64 files from /data/n42-pregen/g900000-400m, 400000000 transactio sign_s=sign 0s shard=shard_verified=0 shard_claimed=0 road_verified=- slots_busy=13 gate_us=7195 reply_us=7640 queued=2446500 assemble_ms=- road_take_ms=- road_body_ms=- road_encode_ms=- shards=16 shard_insert_ms=0 shard_wait_ms=0 shard_fold_ms=14 shard_append_ms=16 shard_merge_ms=57 state_ready_ms=93 roots_ms=31 exec_read_ms=0 exec_evm_ms=0 exec_write_ms=0 exec_other_ms=0 reads_cache=0 reads_provider=0 reads_view=0 par_run_ms=31 fold_task_cpu_max_us=13584 fold_task_minflt_max=1 fold_task_minflt_sum=1 fold_task_migrated=0 fold_task_nivcsw_max=0 fold_index=1 fold_index_build_ms=13 fold_index_conflicts=8091 fold_queue_us=60 fold_skew_us=34 fold_task_max_us=13579 fold_tail_us=17 start_best_ms=4 start_select_ms=0 start_walk_ms=0 start_walk_check_ms=0 start_best_other_ms=0 start_frames_by_ref=0 start_frames_slow=0 start_pull_ms=0 start_other_ms=0 start_handoff_ms=0 par_start_ms=4 par_prep_ms=0 par_commit_ms=0 commit_body_ms=0 par_fold_ms=8 sealed_ms=7 copy_ms=- prune_ms=0 frames=- frames_missing=- frame_root_ms=- root_ms=- frames_admitted=frames_admitted=576054 frames_unaligned=0 frame_root_indexed=- seal_layout_ms=0 seal_root_ms=0 attested= busy_us=1 slots_busy=13 reply_us=7640 prune_ms=0 body_refused=0 body_failed_late=0
loop346W3b win1 tps=3,159,867 txs=94,796,000 blocks= 474 cycle=0.063s occupancy= 99.9% full(>=95%)=473/474 basefee=n/a (from the layer's log)
loop346W3b win2 tps=3,100,000 txs=93,000,000 blocks= 465 cycle=0.065s occupancy=100.0% full(>=95%)=465/465 basefee=n/a (from the layer's log)
loop346W3b win3 tps=3,020,000 txs=90,600,000 blocks= 453 cycle=0.066s occupancy=100.0% full(>=95%)=453/453 basefee=n/a (from the layer's log)
loop346W3b win1 tps=3,186,667 txs=95,600,000 blocks= 478 cycle=0.063s occupancy=100.0% full(>=95%)=478/478 basefee=n/a (from the layer's log)
loop346W3b win2 tps=3,213,333 txs=96,400,000 blocks= 482 cycle=0.062s occupancy=100.0% full(>=95%)=482/482 basefee=n/a (from the layer's log)
loop346W3b win3 tps=3,033,333 txs=91,000,000 blocks= 455 cycle=0.066s occupancy=100.0% full(>=95%)=455/455 basefee=n/a (from the layer's log)
loop346W3b win1 tps=3,106,667 txs=93,200,000 blocks= 466 cycle=0.064s occupancy=100.0% full(>=95%)=466/466 basefee=n/a (from the layer's log)
loop346W3b win2 tps=3,146,667 txs=94,400,000 blocks= 472 cycle=0.064s occupancy=100.0% full(>=95%)=472/472 basefee=n/a (from the layer's log)
loop346W3b win3 tps=2,913,333 txs=87,400,000 blocks= 437 cycle=0.069s occupancy=100.0% full(>=95%)=437/437 basefee=n/a (from the layer's log)
loop346W3b win1 tps=3,440,000 txs=103,200,000 blocks= 258 cycle=0.116s occupancy= 99.6% full(>=95%)=257/258 basefee=n/a (from the layer's log)
loop346W3b win2 tps=3,386,667 txs=101,600,000 blocks= 254 cycle=0.118s occupancy=100.0% full(>=95%)=254/254 basefee=n/a (from the layer's log)
loop346W3b win3 tps=3,226,667 txs=96,800,000 blocks= 242 cycle=0.124s occupancy=100.0% full(>=95%)=242/242 basefee=n/a (from the layer's log)
loop346W3b win1 tps=3,180,000 txs=95,400,000 blocks= 477 cycle=0.063s occupancy= 99.9% full(>=95%)=476/477 basefee=n/a (from the layer's log)
loop346W3b win2 tps=3,040,000 txs=91,200,000 blocks= 456 cycle=0.066s occupancy=100.0% full(>=95%)=456/456 basefee=n/a (from the layer's log)
loop346W3b win3 tps=3,046,667 txs=91,400,000 blocks= 457 cycle=0.066s occupancy=100.0% full(>=95%)=457/457 basefee=n/a (from the layer's log)
loop346W3b tps=3,159,867
tps=3,186,667
tps=3,106,667
tps=3,440,000
tps=3,180,000 round_txs=1415996000 cycles_w1=
loop346W3b imp_fields_p90= b_p75=16
loop346W3b overlay: filter_skips=0 probes=0 ratio=- (ratio = skips/(skips+probes))
loop346W3b overlay_manager:       1 state_trie_overlay=false  state-ovly_cpu=0
loop346W3b verify: written to /data/blockchain/rust-fleet7-bench/bench-loop346W3b/verify.json
== loop346W3b  (E=1: seven validator keys on one execution layer)
  window 1: canonical 477 blocks, 95.4M tx = 3,180,000/s (100.0% of window 1), full 476/477 (100%); cycle mean/median/p90 62.9/61.4/67.1 ms
    leader builds 477: sealed_at median/p90/p99 49/66/99; phases median/p90 ms: gap_before_exec 6/33, state_wait 6/32, par 49/78, par_exec 22/28, roots 29/41, parent_fields 5/18, sealed 5/19
    state_wait_on {'output': 254, 'grandparent': 56, 'none': 167}; builds with state_wait > 20 ms: 71 ([('grandparent', 52), ('output', 19)]); gp_layer {1.0: 477}, ggp_missing {0.0: 418, 1.0: 59}
    queue at the builds min/median 917,500/2,517,500
    new field batch_cpu_sum_us: median/p90/max 606907.0/768606.0/1261845, nonzero 477
    new field batch_dispatch_us: median/p90/max 210.0/297.0/937, nonzero 477
    new field batch_first_start_us: median/p90/max 66.0/101.0/211, nonzero 477
    new field batch_ivcsw: median/p90/max 1.0/6.0/28, nonzero 294
    new field batch_last_end_us: median/p90/max 22205.0/28519.0/44521, nonzero 477
    new field batch_last_start_us: median/p90/max 17048.0/21663.0/37657, nonzero 477
    new field batch_live_deferred: median/p90/max 72.0/79.0/88, nonzero 477
    new field batch_live_lock_hold_us: median/p90/max 10549.0/12440.0/13955, nonzero 477
    new field batch_live_lock_wait_us: median/p90/max 0.0/0.0/0, nonzero 0
    new field batch_live_lock_waits: median/p90/max 0.0/0.0/0, nonzero 0
    new field batch_majflt: median/p90/max 0.0/0.0/0, nonzero 0
    new field batch_minflt: median/p90/max 663.0/8294.0/25923, nonzero 477
    new field batch_open_max_us: median/p90/max 438.0/546.0/3709, nonzero 477
    new field batch_open_sum_us: median/p90/max 10807.0/13509.0/19043, nonzero 477
    new field batch_threads: median/p90/max 32.0/32.0/32, nonzero 477
    new field batch_vcsw: median/p90/max 163.0/472.0/1081, nonzero 477
    new field batch_view_index_wait_us: median/p90/max 0.0/17374.0/50174, nonzero 104
    new field batch_view_index_waits: median/p90/max 0.0/257.0/762, nonzero 104
    new field batch_view_slot_wait_us: median/p90/max 0.0/2124.0/4403, nonzero 106
    new field batch_view_slot_waits: median/p90/max 0.0/50.0/138, nonzero 106
    new field batch_wall_sum_us: median/p90/max 615273.0/782214.0/1264211, nonzero 477
    new field batches: median/p90/max 128.0/128.0/128, nonzero 477
    new field build_batches: median/p90/max 128.0/128.0/128, nonzero 477
    new field carried_depth: median/p90/max 1.0/1.0/1, nonzero 477
    new field exec_end_to_seal_us: median/p90/max 90.0/139.0/411, nonzero 477
    new field exec_partition_us: median/p90/max 6.0/9.0/4233, nonzero 477
    new field exec_prepared_groups: {'true': 473, 'false': 4}
    new field exec_prepared_slots: {'true': 473, 'false': 4}
    new field exec_slots_us: median/p90/max 0.0/0.0/1852, nonzero 4
    new field freeze_join_wait_us: median/p90/max 9201.0/18560.0/36096, nonzero 477
    new field freeze_late: {'true': 477}
    new field freeze_pool_own: {'true': 477}
    new field live_index_defer: {'true': 477}
    new field merge_accounts: median/p90/max 191657.0/194584.0/199004, nonzero 477
    new field merge_append_us: median/p90/max 2563.0/6703.0/10572, nonzero 477
    new field merge_reverts: median/p90/max 191657.0/194584.0/199004, nonzero 477
    new field merge_reverts_us: median/p90/max 14884.0/19648.0/34485, nonzero 477
    new field merge_state_us: median/p90/max 37200.0/43670.0/56485, nonzero 477
    new field merge_tail_us: median/p90/max 0.0/0.0/0, nonzero 0
    new field merge_threads: median/p90/max 1.0/1.0/1, nonzero 477
    new field one_wave: {'false': 477}
    new field open_engine_us: median/p90/max 0.0/20169.0/65278, nonzero 59
    new field open_fallback: {'false': 418, 'true': 59}
    new field open_keep_us: median/p90/max 4.0/6.0/17, nonzero 477
    new field open_layers: median/p90/max 3.0/3.0/3, nonzero 477
    new field open_provider_us: median/p90/max 92.0/145.0/413, nonzero 477
    new field plan_age_us: median/p90/max 47001.0/98947.0/118578, nonzero 477
    new field plan_ahead: median/p90/max 1.0/1.0/2, nonzero 477
    new field plan_body: median/p90/max 1.0/1.0/2, nonzero 476
    new field plan_body_us: median/p90/max 16362.0/19658.0/26468, nonzero 473
    new field plan_discard: {'': 477}
    new field plan_prep_us: median/p90/max 7330.0/13448.0/24262, nonzero 477
    new field plan_topup_txs: median/p90/max 0.0/0.0/130500, nonzero 1
    new field prep_from_plan: {'true': 473, 'false': 4}
    new field prev_seal_to_answer_us: median/p90/max 1810.0/3009.0/7005, nonzero 477
    new field prev_seal_to_entry_us: median/p90/max 0.0/0.0/0, nonzero 0
    new field prev_seal_to_header_us: median/p90/max 187.0/299.0/513, nonzero 477
    new field prev_seal_to_import_us: median/p90/max 110260.0/140481.0/235354, nonzero 444
    new field prev_seal_to_request_us: median/p90/max 946.0/67837.0/85471, nonzero 477
    new field prev_seal_to_start_us: median/p90/max 1194.0/68033.0/85670, nonzero 477
    new field pull_bulk_txs: median/p90/max 200000.0/200000.0/200000, nonzero 477
    new field pull_bulk_us: median/p90/max 5.0/9.0/2022, nonzero 477
    new field rename_fallbacks: median/p90/max 0.0/0.0/0, nonzero 0
    new field rename_record_waits: median/p90/max 0.0/0.0/0, nonzero 0
    new field root_apply_gap_us: median/p90/max 10.0/12.0/21, nonzero 477
    new field root_apply_total_us: median/p90/max 20194.0/28243.0/41578, nonzero 477
    new field root_compute_us: median/p90/max 22089.0/31115.0/46818, nonzero 477
    new field root_delta_us: median/p90/max 1137.0/3105.0/16574, nonzero 477
    new field root_index_us: median/p90/max 2598.0/4638.0/14992, nonzero 477
    new field root_leaves_us: median/p90/max 6939.0/10060.0/21580, nonzero 477
    new field root_note_us: median/p90/max 152.0/229.0/1386, nonzero 477
    new field root_ops_ahead: {'true': 477}
    new field root_ops_ahead_wait_us: median/p90/max 2920.0/8504.0/24166, nonzero 477
    new field root_ops_concat_us: median/p90/max 0.0/0.0/0, nonzero 0
    new field root_ops_encode_us: median/p90/max 5012.0/8838.0/23892, nonzero 477
    new field root_ops_finish_us: median/p90/max 2257.0/2864.0/8070, nonzero 477
    new field root_ops_sort_us: median/p90/max 3381.0/7085.0/16556, nonzero 477
    new field root_ops_us: median/p90/max 5290.0/11125.0/26932, nonzero 477
    new field root_rehash_us: median/p90/max 1387.0/1894.0/8823, nonzero 477
    new field root_retire_us: median/p90/max 1489.0/2383.0/6721, nonzero 477
    new field root_sort_us: median/p90/max 160.0/330.0/3754, nonzero 477
    new field root_undo_us: median/p90/max 332.0/650.0/2775, nonzero 477
    new field root_writes_us: median/p90/max 6754.0/9730.0/23292, nonzero 477
    new field seal_hashes_ahead: {'true': 477}
    new field seal_on_counters: {'true': 477}
    new field seal_to_complete_us: median/p90/max 105608.0/121739.0/146021, nonzero 477
    new field seal_to_frozen_us: median/p90/max 9193.0/18542.0/36065, nonzero 376
    new field seal_to_merge_end_us: median/p90/max 105553.0/121652.0/145946, nonzero 477
    new field seal_to_merge_start_us: median/p90/max 48060.0/60788.0/74711, nonzero 477
    new field seal_to_ops_ahead_us: median/p90/max 20625.0/32528.0/46071, nonzero 477
    new field seal_to_state_ready_us: median/p90/max 105559.0/121662.0/145953, nonzero 477
    new field sealed_unix_us: median/p90/max 1791425447043533.0/1791425459143460.0/1791425462049003, nonzero 477
    new field start_walk_check_us: median/p90/max 0.0/0.0/163, nonzero 1
    new field start_walk_ids_us: median/p90/max 0.0/0.0/144, nonzero 1
    new field start_walk_settle_us: median/p90/max 0.0/0.0/0, nonzero 0
    new field start_walk_us: median/p90/max 0.0/0.0/3665, nonzero 1
    new field state_wait_us: median/p90/max 6058.0/32662.0/79900, nonzero 477
    new field view_journal_reads: median/p90/max 0.0/90112.0/147456, nonzero 229
    new field view_journal_searches: median/p90/max 0.0/258048.0/428630, nonzero 229
    new field view_journal_skips: median/p90/max 0.0/0.0/0, nonzero 0
    new field whole_take_noted: {'true': 477}
    binding wait (tick / quorum / seal share, mean cycle): tick 99% (63); quorum 0% (115); seal 1% (79); feed-bound (blocks under 95% of the tier): 1 of 477
    slowest key vote delay median/p90 3.8/46.2 ms
    engine own-import total_ms per block median/p90/max 35/53/92 (n=476)
    layer RSS 4.8 -> 26.5 G (max 26.5), in-memory blocks max 10
    execution layer cores busy 34.9    validators cores busy 1.2
    flood delivered (median per 5 s over the leg) 3,132,972/s
  window 2: canonical 456 blocks, 91.2M tx = 3,040,000/s (95.6% of window 1), full 456/456 (100%); cycle mean/median/p90 62.5/61.3/66.8 ms
    leader builds 457: sealed_at median/p90/p99 54/78/95; phases median/p90 ms: gap_before_exec 9/53, state_wait 9/53, par 54/86, par_exec 20/27, roots 30/43, parent_fields 5/21, sealed 6/22
    state_wait_on {'output': 227, 'none': 121, 'grandparent': 108, 'layer_release': 1}; builds with state_wait > 20 ms: 122 ([('grandparent', 100), ('output', 22)]); gp_layer {1.0: 457}, ggp_missing {0.0: 335, 1.0: 122}
    queue at the builds min/median 2,256,500/2,515,500
    new field batch_cpu_sum_us: median/p90/max 572152.0/710471.0/1540925, nonzero 457
    new field batch_dispatch_us: median/p90/max 217.0/298.0/443, nonzero 457
    new field batch_first_start_us: median/p90/max 77.0/109.0/288, nonzero 457
    new field batch_ivcsw: median/p90/max 1.0/6.0/35, nonzero 267
    new field batch_last_end_us: median/p90/max 20859.0/27066.0/51573, nonzero 457
    new field batch_last_start_us: median/p90/max 16232.0/20458.0/46617, nonzero 457
    new field batch_live_deferred: median/p90/max 72.0/79.0/320, nonzero 457
    new field batch_live_lock_hold_us: median/p90/max 10162.0/12016.0/36121, nonzero 457
    new field batch_live_lock_wait_us: median/p90/max 0.0/0.0/0, nonzero 0
    new field batch_live_lock_waits: median/p90/max 0.0/0.0/0, nonzero 0
    new field batch_majflt: median/p90/max 0.0/0.0/0, nonzero 0
    new field batch_minflt: median/p90/max 876.0/10269.0/29345, nonzero 457
    new field batch_open_max_us: median/p90/max 429.0/534.0/2083, nonzero 457
    new field batch_open_sum_us: median/p90/max 10323.0/13014.0/23713, nonzero 457
    new field batch_threads: median/p90/max 32.0/32.0/32, nonzero 457
    new field batch_vcsw: median/p90/max 170.0/487.0/968, nonzero 457
    new field batch_view_index_wait_us: median/p90/max 0.0/20255.0/58961, nonzero 101
    new field batch_view_index_waits: median/p90/max 0.0/272.0/702, nonzero 101
    new field batch_view_slot_wait_us: median/p90/max 0.0/2038.0/4424, nonzero 104
    new field batch_view_slot_waits: median/p90/max 0.0/51.0/123, nonzero 105
    new field batch_wall_sum_us: median/p90/max 576191.0/728217.0/1543563, nonzero 457
    new field batches: median/p90/max 128.0/128.0/128, nonzero 457
    new field build_batches: median/p90/max 128.0/128.0/128, nonzero 457
    new field carried_depth: median/p90/max 1.0/1.0/1, nonzero 457
    new field exec_end_to_seal_us: median/p90/max 90.0/139.0/437, nonzero 457
    new field exec_partition_us: median/p90/max 6.0/8.0/1463, nonzero 457
    new field exec_prepared_groups: {'true': 455, 'false': 2}
    new field exec_prepared_slots: {'true': 455, 'false': 2}
    new field exec_slots_us: median/p90/max 0.0/0.0/1198, nonzero 3
    new field freeze_join_wait_us: median/p90/max 9547.0/18438.0/35345, nonzero 457
    new field freeze_late: {'true': 457}
    new field freeze_pool_own: {'true': 457}
    new field live_index_defer: {'true': 457}
    new field merge_accounts: median/p90/max 192034.0/195256.0/198677, nonzero 457
    new field merge_append_us: median/p90/max 2571.0/7554.0/13875, nonzero 457
    new field merge_reverts: median/p90/max 192034.0/195256.0/198677, nonzero 457
    new field merge_reverts_us: median/p90/max 15195.0/20347.0/34441, nonzero 457
    new field merge_state_us: median/p90/max 37240.0/45127.0/73443, nonzero 457
    new field merge_tail_us: median/p90/max 0.0/0.0/1, nonzero 3
    new field merge_threads: median/p90/max 1.0/1.0/1, nonzero 457
    new field one_wave: {'false': 457}
    new field open_engine_us: median/p90/max 0.0/40261.0/74173, nonzero 122
    new field open_fallback: {'false': 335, 'true': 122}
    new field open_keep_us: median/p90/max 4.0/7.0/4698, nonzero 457
    new field open_layers: median/p90/max 3.0/3.0/3, nonzero 457
    new field open_provider_us: median/p90/max 90.0/157.0/845, nonzero 457
    new field plan_age_us: median/p90/max 51208.0/92393.0/251101, nonzero 456
    new field plan_ahead: median/p90/max 1.0/1.0/1, nonzero 456
    new field plan_body: median/p90/max 1.0/1.0/2, nonzero 456
    new field plan_body_us: median/p90/max 15806.0/19017.0/24989, nonzero 455
    new field plan_discard: {'': 456, 'not_on_its_parent': 1}
    new field plan_prep_us: median/p90/max 7145.0/12069.0/30878, nonzero 456
    new field plan_topup_txs: median/p90/max 0.0/0.0/0, nonzero 0
    new field prep_from_plan: {'true': 455, 'false': 2}
    new field prev_seal_to_answer_us: median/p90/max 1786.0/3166.0/6001, nonzero 456
    new field prev_seal_to_entry_us: median/p90/max 0.0/0.0/0, nonzero 0
    new field prev_seal_to_header_us: median/p90/max 191.0/304.0/596, nonzero 456
    new field prev_seal_to_import_us: median/p90/max 117988.0/149482.0/201907, nonzero 410
    new field prev_seal_to_request_us: median/p90/max 927.0/63507.0/93305, nonzero 456
    new field prev_seal_to_start_us: median/p90/max 1189.0/63748.0/93654, nonzero 456
    new field pull_bulk_txs: median/p90/max 200000.0/200000.0/200000, nonzero 457
    new field pull_bulk_us: median/p90/max 5.0/8.0/926, nonzero 457
    new field rename_fallbacks: median/p90/max 0.0/0.0/0, nonzero 0
    new field rename_record_waits: median/p90/max 0.0/0.0/0, nonzero 0
    new field root_apply_gap_us: median/p90/max 10.0/13.0/22, nonzero 457
    new field root_apply_total_us: median/p90/max 21402.0/30106.0/41785, nonzero 457
    new field root_compute_us: median/p90/max 23561.0/33386.0/89988, nonzero 457
    new field root_delta_us: median/p90/max 1214.0/4061.0/12450, nonzero 457
    new field root_index_us: median/p90/max 2683.0/5218.0/13927, nonzero 457
    new field root_leaves_us: median/p90/max 6904.0/10547.0/26043, nonzero 457
    new field root_note_us: median/p90/max 144.0/219.0/1408, nonzero 457
    new field root_ops_ahead: {'true': 457}
    new field root_ops_ahead_wait_us: median/p90/max 2387.0/8039.0/20034, nonzero 457
    new field root_ops_concat_us: median/p90/max 0.0/0.0/0, nonzero 0
    new field root_ops_encode_us: median/p90/max 5254.0/8823.0/21241, nonzero 457
    new field root_ops_finish_us: median/p90/max 2289.0/3110.0/8245, nonzero 457
    new field root_ops_sort_us: median/p90/max 3239.0/6744.0/15226, nonzero 457
    new field root_ops_us: median/p90/max 4754.0/10843.0/24596, nonzero 457
    new field root_rehash_us: median/p90/max 2004.0/2932.0/15954, nonzero 457
    new field root_retire_us: median/p90/max 1453.0/2714.0/5705, nonzero 457
    new field root_sort_us: median/p90/max 184.0/383.0/2490, nonzero 457
    new field root_undo_us: median/p90/max 339.0/645.0/2102, nonzero 457
    new field root_writes_us: median/p90/max 6867.0/9876.0/19500, nonzero 457
    new field seal_hashes_ahead: {'true': 457}
    new field seal_on_counters: {'true': 457}
    new field seal_to_complete_us: median/p90/max 108618.0/126319.0/170788, nonzero 457
    new field seal_to_frozen_us: median/p90/max 9526.0/18409.0/35310, nonzero 339
    new field seal_to_merge_end_us: median/p90/max 108503.0/126200.0/170666, nonzero 457
    new field seal_to_merge_start_us: median/p90/max 50330.0/64739.0/127267, nonzero 457
    new field seal_to_ops_ahead_us: median/p90/max 21179.0/31318.0/53770, nonzero 457
    new field seal_to_state_ready_us: median/p90/max 108511.0/126209.0/170673, nonzero 457
    new field sealed_unix_us: median/p90/max 1791425477236647.0/1791425489088713.0/1791425492031669, nonzero 457
    new field start_walk_check_us: median/p90/max 0.0/0.0/148, nonzero 1
    new field start_walk_ids_us: median/p90/max 0.0/0.0/452, nonzero 1
    new field start_walk_settle_us: median/p90/max 0.0/0.0/0, nonzero 0
    new field start_walk_us: median/p90/max 0.0/0.0/4380, nonzero 1
    new field state_wait_us: median/p90/max 9643.0/53446.0/88403, nonzero 457
    new field view_journal_reads: median/p90/max 0.0/86016.0/139264, nonzero 218
    new field view_journal_searches: median/p90/max 0.0/236417.0/437782, nonzero 218
    new field view_journal_skips: median/p90/max 0.0/0.0/0, nonzero 0
    new field whole_take_noted: {'true': 457}
    binding wait (tick / quorum / seal share, mean cycle): tick 100% (63); quorum 0%; seal 0%; feed-bound (blocks under 95% of the tier): 0 of 456
    slowest key vote delay median/p90 4.5/41.5 ms
    engine own-import total_ms per block median/p90/max 41/62/190 (n=456)
    layer RSS 26.3 -> 34.5 G (max 34.5), in-memory blocks max 10
    execution layer cores busy 33.0    validators cores busy 1.2
  window 3: canonical 457 blocks, 91.4M tx = 3,046,667/s (95.8% of window 1), full 457/457 (100%); cycle -
    leader builds 456: sealed_at median/p90/p99 55/82/104; phases median/p90 ms: gap_before_exec 8/51, state_wait 8/51, par 55/89, par_exec 21/26, roots 34/50, parent_fields 8/26, sealed 9/27
    state_wait_on {'none': 125, 'grandparent': 128, 'output': 202, 'open': 1}; builds with state_wait > 20 ms: 110 ([('grandparent', 103), ('output', 7)]); gp_layer {1.0: 456}, ggp_missing {0.0: 320, 1.0: 136}
    queue at the builds min/median 2,263,500/2,515,000
    new field batch_cpu_sum_us: median/p90/max 572996.0/706735.0/1244385, nonzero 456
    new field batch_dispatch_us: median/p90/max 222.5/314.0/3942, nonzero 456
    new field batch_first_start_us: median/p90/max 79.0/119.0/397, nonzero 456
    new field batch_ivcsw: median/p90/max 1.0/6.0/42, nonzero 276
    new field batch_last_end_us: median/p90/max 21017.5/26581.0/45722, nonzero 456
    new field batch_last_start_us: median/p90/max 16187.0/20096.0/36754, nonzero 456
    new field batch_live_deferred: median/p90/max 74.0/87.0/315, nonzero 456
    new field batch_live_lock_hold_us: median/p90/max 10406.0/13112.0/40460, nonzero 456
    new field batch_live_lock_wait_us: median/p90/max 0.0/0.0/0, nonzero 0
    new field batch_live_lock_waits: median/p90/max 0.0/0.0/0, nonzero 0
    new field batch_majflt: median/p90/max 0.0/0.0/19, nonzero 4
    new field batch_minflt: median/p90/max 1023.5/10197.0/32098, nonzero 456
    new field batch_open_max_us: median/p90/max 426.5/510.0/3415, nonzero 456
    new field batch_open_sum_us: median/p90/max 10589.0/13177.0/18306, nonzero 456
    new field batch_threads: median/p90/max 32.0/32.0/32, nonzero 456
    new field batch_vcsw: median/p90/max 179.5/519.0/884, nonzero 456
    new field batch_view_index_wait_us: median/p90/max 0.0/21625.0/50667, nonzero 111
    new field batch_view_index_waits: median/p90/max 0.0/289.0/611, nonzero 111
    new field batch_view_slot_wait_us: median/p90/max 0.0/2171.0/3926, nonzero 121
    new field batch_view_slot_waits: median/p90/max 0.0/59.0/101, nonzero 121
    new field batch_wall_sum_us: median/p90/max 577634.5/719307.0/1245970, nonzero 456
    new field batches: median/p90/max 128.0/128.0/128, nonzero 456
    new field build_batches: median/p90/max 128.0/128.0/128, nonzero 456
    new field carried_depth: median/p90/max 1.0/1.0/1, nonzero 456
    new field exec_end_to_seal_us: median/p90/max 96.0/153.0/1765, nonzero 456
    new field exec_partition_us: median/p90/max 6.0/8.0/2757, nonzero 456
    new field exec_prepared_groups: {'true': 450, 'false': 6}
    new field exec_prepared_slots: {'true': 450, 'false': 6}
    new field exec_slots_us: median/p90/max 0.0/0.0/2275, nonzero 6
    new field freeze_join_wait_us: median/p90/max 2922.0/14741.0/25346, nonzero 456
    new field freeze_late: {'true': 456}
    new field freeze_pool_own: {'true': 456}
    new field live_index_defer: {'true': 456}
    new field merge_accounts: median/p90/max 192764.0/195697.0/198302, nonzero 456
    new field merge_append_us: median/p90/max 3671.0/8757.0/19112, nonzero 456
    new field merge_reverts: median/p90/max 192764.0/195697.0/198302, nonzero 456
    new field merge_reverts_us: median/p90/max 15621.5/20821.0/33400, nonzero 456
    new field merge_state_us: median/p90/max 39272.0/49062.0/66430, nonzero 456
    new field merge_tail_us: median/p90/max 0.0/0.0/1, nonzero 1
    new field merge_threads: median/p90/max 1.0/1.0/1, nonzero 456
    new field one_wave: {'false': 456}
    new field open_engine_us: median/p90/max 0.0/40315.0/123388, nonzero 136
    new field open_fallback: {'false': 320, 'true': 136}
    new field open_keep_us: median/p90/max 4.0/7.0/13, nonzero 456
    new field open_layers: median/p90/max 3.0/3.0/3, nonzero 456
    new field open_provider_us: median/p90/max 97.0/160.0/1295, nonzero 456
    new field plan_age_us: median/p90/max 52392.0/91644.0/155861, nonzero 456
    new field plan_ahead: median/p90/max 1.0/1.0/1, nonzero 456
    new field plan_body: median/p90/max 1.0/1.0/2, nonzero 456
    new field plan_body_us: median/p90/max 17327.0/21582.0/29396, nonzero 450
    new field plan_discard: {'': 456}
    new field plan_prep_us: median/p90/max 7088.5/13406.0/27805, nonzero 456
    new field plan_topup_txs: median/p90/max 0.0/0.0/0, nonzero 0
    new field prep_from_plan: {'true': 450, 'false': 6}
    new field prev_seal_to_answer_us: median/p90/max 1874.5/2890.0/5969, nonzero 456
    new field prev_seal_to_entry_us: median/p90/max 0.0/0.0/0, nonzero 0
    new field prev_seal_to_header_us: median/p90/max 199.5/350.0/2008, nonzero 456
    new field prev_seal_to_import_us: median/p90/max 127431.5/160275.0/224309, nonzero 410
    new field prev_seal_to_request_us: median/p90/max 931.5/62352.0/83452, nonzero 456
    new field prev_seal_to_start_us: median/p90/max 1240.5/62551.0/84118, nonzero 456
    new field pull_bulk_txs: median/p90/max 200000.0/200000.0/200000, nonzero 456
    new field pull_bulk_us: median/p90/max 5.0/9.0/2535, nonzero 456
    new field rename_fallbacks: median/p90/max 0.0/0.0/0, nonzero 0
    new field rename_record_waits: median/p90/max 0.0/0.0/0, nonzero 0
    new field root_apply_gap_us: median/p90/max 11.0/13.0/22, nonzero 456
    new field root_apply_total_us: median/p90/max 22848.5/31837.0/46612, nonzero 456
    new field root_compute_us: median/p90/max 25179.5/34719.0/48169, nonzero 456
    new field root_delta_us: median/p90/max 1219.0/3036.0/12496, nonzero 456
    new field root_index_us: median/p90/max 2953.0/5482.0/18841, nonzero 456
    new field root_leaves_us: median/p90/max 7044.0/11080.0/25100, nonzero 456
    new field root_note_us: median/p90/max 140.0/199.0/1027, nonzero 456
    new field root_ops_ahead: {'true': 456}
    new field root_ops_ahead_wait_us: median/p90/max 3147.5/9467.0/27367, nonzero 456
    new field root_ops_concat_us: median/p90/max 0.0/0.0/0, nonzero 0
    new field root_ops_encode_us: median/p90/max 5548.5/10016.0/19838, nonzero 456
    new field root_ops_finish_us: median/p90/max 2267.5/3793.0/8250, nonzero 456
    new field root_ops_sort_us: median/p90/max 3469.5/7304.0/16575, nonzero 456
    new field root_ops_us: median/p90/max 5674.5/12485.0/31209, nonzero 456
    new field root_rehash_us: median/p90/max 2583.0/4358.0/11567, nonzero 456
    new field root_retire_us: median/p90/max 1616.0/2617.0/7724, nonzero 456
    new field root_sort_us: median/p90/max 195.0/455.0/3406, nonzero 456
    new field root_undo_us: median/p90/max 331.5/652.0/2583, nonzero 456
    new field root_writes_us: median/p90/max 6945.0/9698.0/23907, nonzero 456
    new field seal_hashes_ahead: {'true': 456}
    new field seal_on_counters: {'true': 456}
    new field seal_to_complete_us: median/p90/max 113718.5/136127.0/172409, nonzero 456
    new field seal_to_frozen_us: median/p90/max 2884.0/14692.0/25295, nonzero 267
    new field seal_to_merge_end_us: median/p90/max 113601.5/136057.0/172293, nonzero 456
    new field seal_to_merge_start_us: median/p90/max 51906.0/69703.0/104232, nonzero 456
    new field seal_to_ops_ahead_us: median/p90/max 20359.0/29756.0/43059, nonzero 456
    new field seal_to_state_ready_us: median/p90/max 113613.0/136066.0/172304, nonzero 456
    new field sealed_unix_us: median/p90/max 1791425507438626.0/1791425519052030.0/1791425522013019, nonzero 456
    new field start_walk_check_us: median/p90/max 0.0/0.0/0, nonzero 0
    new field start_walk_ids_us: median/p90/max 0.0/0.0/0, nonzero 0
    new field start_walk_settle_us: median/p90/max 0.0/0.0/0, nonzero 0
    new field start_walk_us: median/p90/max 0.0/0.0/0, nonzero 0
    new field state_wait_us: median/p90/max 8510.5/51609.0/140750, nonzero 456
    new field view_journal_reads: median/p90/max 0.0/77824.0/147456, nonzero 220
    new field view_journal_searches: median/p90/max 0.0/205442.0/417497, nonzero 220
    new field view_journal_skips: median/p90/max 0.0/0.0/0, nonzero 0
    new field whole_take_noted: {'true': 456}
    engine own-import total_ms per block median/p90/max 42/64/96 (n=457)
    layer RSS 33.8 -> 41.8 G (max 41.8), in-memory blocks max 11
    execution layer cores busy 34.4    validators cores busy 1.2
  round total (3 windows, canonical): 278.0M tx
  layer peak RSS 41.8 G; in-memory blocks max 11
  fields at seal: mode "early", verified 0, unchecked 0, mismatches 0 (last build line, cumulative)
  own_executed_again (built here and also directly imported): 0 of 1440 built blocks
== loop346W3b
  layer-0 leader window-1 builds 477: txs mean 200000, share >= 95% of the tier 100% (max 200000); sealed_at_ms 49.0/66.0; par_ms 49.0/78.0; par_exec_ms 22.0/28.0; roots_ms 29.0/41.0; parent_fields_ms 4.0/18.0; sealed_ms 5.0/19.0
  proposal cycle window 1 (n=493): mean 62.9 median 61.4 p90 67.1 ms; blocks in the 30 s: 493
  binding wait (tick / quorum / seal, share and mean cycle): tick 98.7% (62.7); quorum 0.2% (115.0); seal 1.1% (78.6)
  vote delay after the proposal, slowest key per block: median 3.8 p90 46.2 ms (slowest minus the median key: median 0.3); last key: {1: 82, 2: 85, 3: 97, 4: 75, 5: 77, 6: 60} of 476 blocks
  CPU in window 1 (cores busy): execution layers 34.9 over 1 process(es); validators 1.2 over 7 process(es)
  execution layer peak RSS 41.8 G; in-memory blocks max 11 (node0 and others, all layers)
  blocks built here 1440; none also directly imported
  import-once counters at the last direct import: ; start-up lines with import_once=true: 1; queue-lock lines 0
  layer-0 queue (queued after canonical prune), median per 10 s: t+0:2437500 t+20:2501250 t+40:2438750 t+60:2451500 t+80:2438750
  flood: median per 5 s 3132972/s, final -
  timeout / given-up lines: 1; 02:10:03 v0 INFO process_event{view=1 kind="message"}: n42::cl::timeout: TC formed
loop346W3b page_faults_per_s_median: node0=177957 
best depth-2 single leg: S400A2
leg loop346A2X: /data free 588G (needs 120 G)
load 11.71 at 22:13:20, waiting
leg loop346A2X start 22:13:50 load 7.09
round loop346A2X exit 0 at 22:17:18
loop346A2X save stages (node0, seconds summed over the leg / count): batch_size=1275.0/419  batch_size=1275.0/419  reth_consensus_engine_beacon_persistence_duration=84.8/419  duration_seconds=79.4/419  total=73.7/419  scope=67.2/419  sf=65.7/419  sf_transactions=65.5/419  qmdb_persisted=36.5/419  sf_account_changesets=27.6/419
el binary: /data/n42-build/target-n42-rs/native/release/n42 env: N42_IMPORT_ONCE=1 N42_SETTLEMENT_TAGS=legacy N42_BUILD_THROTTLE_SOFT=48 F7_EL_MAP=0,0,0,0,0,0,0 N42_FIELDS_AT_SEAL=1 N42_FREEZE_AFTER_SEAL=1 N42_FRAME_BLOCKS=1 N42_TX_INGEST_RECOVER_PARALLEL=24 N42_FREEZE_POOL=own N42_PARALLEL_BUILD_THREADS=32 N42_PLAN_AHEAD=1 N42_HASHED_TABLES=off F7_FLOOD_RATE=6000000 N42_COMPACT_BODY=1 N42_BUILD_BATCHES=128 MALLOC_CONF=thp:always,oversize_threshold:0,dirty_decay_ms:2000,background_thread:true N42_SEAL_ON_COUNTERS=1 N42_ACCOUNT_HISTORY=off N42_TAKE_COMPACT=1 N42_SF_EARLY_WRITEBACK=1 N42_ROAD_RUNTIME=1 N42_TX_INGEST_HIGH_WATER=2500000 F7_BENCH_POOL_SLOTS=3000000 N42_PLAN_AHEAD_BODY=1 N42_SEAL_AT_EXEC=1 N42_TX_QUEUE_DRAIN_CHUNK=8192 N42_ANSWER_LAYOUT_ONLY=1 N42_PULL_BY_FRAMES=1 N42_SF_PARALLEL_ENCODE=1 N42_BUILD_THROTTLE_HARD=80 N42_LIVE_INDEX_DEFER=1 RAYON_NUM_THREADS=16 N42_ROOT_OPS_AHEAD=1 TOKIO_WORKER_THREADS=16 N42_QMDB_READS=on N42_LEADER_LAYERS=3 N42_PERSIST_QMDB_IN_SCOPE=1 F7_BLOCK_INTERVAL_MS=104 F7_MEASURE_FROM_LOG=1
validator env: N42_IMPORT_ONCE=1 N42_SETTLEMENT_TAGS=legacy N42_BUILD_THROTTLE_SOFT=48 F7_EL_MAP=0,0,0,0,0,0,0 N42_FIELDS_AT_SEAL=1 N42_FREEZE_AFTER_SEAL=1 N42_FRAME_BLOCKS=1 N42_TX_INGEST_RECOVER_PARALLEL=24 N42_FREEZE_POOL=own N42_PARALLEL_BUILD_THREADS=32 N42_PLAN_AHEAD=1 N42_HASHED_TABLES=off F7_FLOOD_RATE=6000000 N42_COMPACT_BODY=1 N42_BUILD_BATCHES=128 N42_SEAL_ON_COUNTERS=1 N42_ACCOUNT_HISTORY=off N42_TAKE_COMPACT=1 N42_SF_EARLY_WRITEBACK=1 N42_ROAD_RUNTIME=1 N42_TX_INGEST_HIGH_WATER=2500000 F7_BENCH_POOL_SLOTS=3000000 N42_PLAN_AHEAD_BODY=1 N42_SEAL_AT_EXEC=1 N42_TX_QUEUE_DRAIN_CHUNK=8192 N42_ANSWER_LAYOUT_ONLY=1 N42_PULL_BY_FRAMES=1 N42_SF_PARALLEL_ENCODE=1 N42_BUILD_THROTTLE_HARD=80 N42_LIVE_INDEX_DEFER=1 RAYON_NUM_THREADS=16 N42_ROOT_OPS_AHEAD=1 TOKIO_WORKER_THREADS=16 N42_QMDB_READS=on N42_LEADER_LAYERS=3 N42_PERSIST_QMDB_IN_SCOPE=1 F7_MEASURE_FROM_LOG=1
loop346A2X once: start-up lines import_once=true 1; last direct-import counters 
loop346A2X imports: layers=1 direct_imports=0 canonical_blocks=2224 import_once_lines=1 (per layer: direct imports should equal canonical blocks for one execution per block)
grep: /data/blockchain/rust-fleet7-bench/node1/el.log: No such file or directory
grep: /data/blockchain/rust-fleet7-bench/node2/el.log: No such file or directory
grep: /data/blockchain/rust-fleet7-bench/node3/el.log: No such file or directory
grep: /data/blockchain/rust-fleet7-bench/node1/el.log: No such file or directory
grep: /data/blockchain/rust-fleet7-bench/node2/el.log: No such file or directory
grep: /data/blockchain/rust-fleet7-bench/node3/el.log: No such file or directory
cat: /data/blockchain/rust-fleet7-bench/node2/el.log: No such file or directory
cat: /data/blockchain/rust-fleet7-bench/node2/el.log: No such file or directory
cat: /data/blockchain/rust-fleet7-bench/node2/el.log: No such file or directory
cat: /data/blockchain/rust-fleet7-bench/node1/el.log: No such file or directory
cat: /data/blockchain/rust-fleet7-bench/node2/el.log: No such file or directory
cat: /data/blockchain/rust-fleet7-bench/node3/el.log: No such file or directory
Traceback (most recent call last):
  File [35m"<stdin>"[0m, line [35m4[0m, in [35m<module>[0m
[1;35mIndexError[0m: [35mlist index out of range[0m
loop346A2X no_variant=0 own_not_committed=0 tc=1 invalid_blocks=0 incomplete=0 gas_mismatch=0 direct_imports_failed=0 stuck_at_hashed_state=0 engine_idles_over_5s=1 proposals_given_up=0 tables_off_nodes=1 unanswered_reads=0 seal_first_total=1001 seal_first_direct=1001 direct_guard_errors=0 commit_ms_median=0 fold_ms_median=50 sealed_at_ms_median=101 state_ready_ms_median=208 build_total_ms_median=384 recover_us_median=0 par_exec_ms_median=35 par_exec_ms_median=35 giveback_filtered=0 giveback_offered_max=400000 seal_first=1001 reader_lag_max=10 reader_lag_warns=0 view_invalidated=0 el_sum_peak_g=45.2 el_max_peak_g=45.2 val_sum_peak_g=1.9 flood_peak_g=0.6 two_roads_blocks=0 two_roads_overlap_ms_median=- exec_on_output_declined=0 r1_collect_ms_median=5 proposal_at_ms_median=93 view_total_ms_median=105 import_exec_ms_median=- import_total_ms_median=- import_senders_ms_median=- import_convert_ms_median=- import_groups_median=- imports_over_600ms=0 min_avail_g=63.3 road_foreign_body_recv_ms=- road_foreign_body_decode_ms=- road_foreign_body_senders_ms=- road_foreign_body_parent_wait_ms=- road_foreign_body_check_ms=- road_foreign_body_total_ms=- road_new_payload_recv_ms=- road_new_payload_decode_ms=- road_new_payload_senders_ms=- road_new_payload_parent_wait_ms=- road_new_payload_check_ms=- road_new_payload_total_ms=- road_foreign_body_blocks=0 road_new_payload_blocks=0 fcu_answered=1032 fcu_in_flight_ms_median=0 fcu_queued_ms_median=0 fcu_queued_ms_max=161 fcu_refused=0 fcu_slow=1508 bodies_held=0 road_reuse_ms=- road_prepare_ms=- road_dispatch_ms=- road_convert_ms=- road_remember_ms=- road_header_ms=- road_fields_ms=- road_other_ms=- import_engine_ms_median=- gate_forced=0 gate_warns=0 flood_timeouts=0 canonical_min=2240 canonical_max=2240 chained_builds=1488 chain_lead_ms_median=101 chain_wait_ms_median=3 chain_started=1490 chain_discarded=1 chain_discard_reasons=_1_reason="the_request_names_another_parent chain_alias_warns=0 el_chained=1497 bodies_held_warns=0 el_build_refused=1 el_build_refused_reasons=_1_no_QMDB_tree_for_parent_block_0x queued_p5=2117000 queued_p50=2360500 road_compact_blocks=0 road_compact_recv_ms=- road_compact_assemble_ms=- road_compact_root_ms=- road_compact_miss_wait_ms=- road_compact_senders_ms=- road_compact_check_ms=- road_compact_other_ms=- road_compact_total_ms=- road_compact_misses_total= compact_refused_el=0 compact_fallbacks=0 compact_bytes_median=- pool_order9=15175 par_pull_ms_median=- build_total_ms_median2=- road_compact_filled_blocks=0 road_compact_filled_median=- road_compact_fill_ms_median=- need_txns=0 fill_failed=0 ingest_rate_gate_open_median=- ingest_gate_open_intervals=0 ingest_slots_busy_median=- flood_rate=3301862/s fill_asked_proposer=0 fill_asked_other=0 loop_lines=1568 loop_unnamed_ms_median=90 loop_body_served_ms_median=- loop_txns_served_ms_median=- import_exec_ms_median2=- pip_partition_ms=- pip_env_ms=- pip_batch_ms=- pip_groups_ms=- pip_gas_ms=- pip_merge_ms=- pip_receipts_ms=- pip_drop_ms=- pip_other_ms=- pip_total_ms=- senders_indexed_median=- road_senders_ms_median=- road_total_ms_median=- pew_ms_median=- pew_ms_p90= gate_ms_median=- gate_ms_p90= root_ms_p50=- root_ms_p90= two_roads=0 not_on_output=0 not_on_output_why= ckpt_ms_first_q=4 ckpt_ms_last_q=82 ckpt_bytes_last=45405964 parent_still_importing=5 root_wait_ms_p50=- root_wait_ms_p90= tenures_low_seal=16 seal_first_share=0.99 empty_over_deep=0 near_empty_warns=0 no_seal_why= par_skipped_median=- usable_p5=2116000 ckpt_replay_ms_last_q=22 candidates_zero=0 dropped_ingest=0 let_go_warns=0 let_go_reasons= parked_p50=0 parked_max=0 held_warns=0 park_capped_total=0 superseded_builds=0 empty_not_superseded=0 mass_park_warns=0 heads_lines=0 holes_lines=0 stale_parent_refusals=0 par_groups_p5=0 cancelled_decided=2 heads_nonce0=0 stale_unconfirmed= handovers=5 el_panics=0 decided_cancelled=2 min_window_blocks=239 road_desc_blocks=0 road_desc_total_ms=- road_desc_copy_ms=- desc_misses=0 fill_failed2=0 sf_par_collect_ms=- sf_par_commit_ms=- sf_par_fold_ms=- sf_par_graft_ms=- sf_par_prefault_ms=- sf_par_exec_ms=- sf_sealed_at_ms=- sf_roots_ms=- sf_state_ready_ms=- sf_total_ms=- ba_find_ms=- ba_queue_ms=- ba_total_ms=- ba_on_output=0 queue_fold_us=- queue_lock_us=- sf_par_exec_ms=- sf_par_fold_ms=- pip_groups_ms=- import_exec_ms_median2=- reads_d0=0 reads_hist=0 f_reads_d0=- f_reads_hist=- f_overlay_depth=- L_read_set_ms=0 read_set_accounts=0 read_set_unresolved=0 read_set_hits=0 read_set_misses=0 start_best_ms=- par_prep_ms=- gap_before_exec_ms=- gap_after_exec_ms=- gap_before_seal_ms=- index_ms=- road_copy_aside_ms=- road_copy_wait_ms=- road_total_ms=- queue_first_miss=queue_first_miss=0:1218,queue_first_miss=18446744073709551615:1007 root_append_behind=0 populate_lag_mb=0 swap_used_g=0 root_faults=- root_faults_p90= root_faults_entries=0 root_faults_offsets=0 root_faults_index=0 root_faults_bits=0 root_faults_twigs=0 root_faults_undo=0 root_faults_tmp=0 root_append_faults=0 root_twig_pool_misses=0 batch_max_ms=13 batch_min_ms=4 batch_median_ms=7 batch_cpu_max_ms=12 batch_txs_max=3500 batch_txs_min=3000 batch_start_skew_ms=27 batch_wait_ms=0 loop_fetch_ns=0 loop_check_ns=0 loop_transfer_ns=0 loop_receipt_ns=0 loop_gas_ns=0 loop_sink_ns=0 loop_other_ns=0 batch_setup_ns=0 batch_close_ns=0 imp_exec_part_ms=- imp_exec_batches_ms=- imp_exec_graft_ms=- imp_exec_batches=- imp_exec_threads=- imp_exec_batch_max_ms=- imp_exec_batch_median_ms=- imp_parent_output_wait_ms=- road_parent_output_wait_ms=- next_start_gap_ms=1 next_entry_gap_ms=0 commit_body_ahead_used=- imp_exec_keys_ms=- imp_keys_ahead=- imp_exec_sink_ms=- imp_exec_pre_ms=- imp_exec_post_ms=- imp_exec_receipts_ms=- imp_exec_drop_ms=- root_gap_ms=- queue_whole=queue_whole=false:1218,queue_whole=true:1007 tick_tick_late_us=651 tick_preamble_us=344 tick_take_sealed_us=1 tick_sign_us=0 tick_cache_us=0 tick_presealed=- tick_describe_us=12 tick_publish_us=600 tick_tick_to_send_us=1698 road_check_ms=- road_check_include_us=- road_check_scan_us=- road_check_fold_us=- road_check_senders_us=- road_check_frames_summarized=- road_check_frames_scanned=- imp_exec_start_gap_us=- imp_gap_road_us=- imp_gap_header_us=- imp_gap_senders_us=- imp_gap_parent_us=- imp_gap_setup_us=- imp_gap_keys_wait_us=- sealed_at_p90= sealed_over_130=0 roots_ms=- cycle_p90= batch_max_ms=- batch_median_ms=- imp_batch_max=- forest_lock_warns=2152 root_seal_ms=1 root_seals=54 root_majflt=27157 roots_p90= gp_layer=1007 ggp_missing=344 state_wait_split=0/0/0/0:130,49/0/0/0:20,56/0/0/0:19 qmdb_releases=0 state_wait_on= imp_road_end_ms=- imp_exec_start_ms=- imp_exec_end_ms=- imp_root_end_ms=- imp_fields_ready_ms=- imp_parent_fields_wait_ms=- imp_exec_ms=- imp_root_ms=- imp_checks_ms=- imp_engine_ms=- imp_total_ms=- road_parent_fields_wait_ms=- exec_read_ms=- L_exec_evm_ms=- L_exec_write_ms=- L_exec_other_ms=- L_reads_cache=- L_reads_provider=- L_reads_view=- L_graft_base_ms=- L_graft_reserve_ms=- L_graft_insert_ms=- L_graft_reverts_ms=- L_graft_other_ms=- L_par_exec_ms=- L_par_graft_ms=- F_exec_read_ms=- F_exec_evm_ms=- F_exec_write_ms=- F_exec_other_ms=- F_reads_cache=- F_reads_provider=- F_reads_view=- F_groups_ms=- L_tx_root_wait_ms=- L_par_exec_ms=- L_par_graft_ms=- L_par_fold_ms=- L_sealed_ms=- L_state_ready_ms=- L_roots_ms=- L_finish_ms=- L_total_ms=- L_setup_ms=- L_par_pull_ms=- L_give_back_ms=- L_state_wait_ms=- L_state_after_pull=1001 L_seal_at_exec=1001 L_tx_root_ahead=0 flood_w1=3344598 txs_p10=400000 acq_us=460 slots_busy=14 ingest_rate=3290687 L_scope_join_ms=- L_par_release_ms=- L_commit_body_ms=- L_par_commit_ms=- L_give_back_ms=- L_sealed_ms=- L_par_exec_ms=- L_state_wait_ms=- L_par_pull_ms=- L_par_prep_ms=- L_par_start_ms=- L_pre_exec_ms=- L_par_run_ms=- L_sealed_at_ms=- F_partition_ms=- F_env_ms=- F_groups_ms=- F_merge_ms=- F_reverts_wait_ms=- F_ahead_wait_ms=- F_total_ms=- I_engine_ms=- I_root_ms=- I_total_ms=- H_engine_remember_ms=- H_engine_listing_ms=- H_engine_new_payload_ms=- busy_us=1 L_par_start_ms=- L_start_handoff_ms=- L_start_best_ms=- L_start_puller_ms=- L_par_pull_ms=- L_par_prep_ms=- L_state_wait_ms=- L_par_exec_ms=- L_par_commit_ms=- L_sealed_ms=- L_sealed_at_ms=- L_par_graft_ms=- L_graft_insert_ms=- L_graft_reverts_ms=- L_graft_split_us=- L_graft_build_us=- L_graft_merge_us=- L_state_ready_ms=- Q_queue_ms=0 R_dispatch_wait_ms=- R_total_ms=- R_road_runtime=1 gate_holds=0 peer_fetch=0 pool_limit=limit=8 gate_opened=gate_opened_for_block=0 I_root_ms=- flood_rate_hdr=rate=6000000/s fills=0 fill_waited=- slots_busy=14 acq_us=460 busy_us=1 converged=0 fallbacks=0 busy_us=1 recover_us=0 tf_on_output=2 tf_fallback=0 still_importing=5 busy_us=1 slots_busy=14 batches=altsig_txs=0 altsig_batches=0 tf_on_output=2 tf_fallback=0 gate_holds=0 sign_s=sign 0s replay_note=replay       : 64 files from /data/n42-pregen/g900000-400m, 400000000 transactio sign_s=sign 0s shard=shard_verified=0 shard_claimed=0 road_verified=- slots_busy=14 gate_us=5320 reply_us=5881 queued=2360500 assemble_ms=- road_take_ms=- road_body_ms=- road_encode_ms=- shards=16 shard_insert_ms=0 shard_wait_ms=0 shard_fold_ms=52 shard_append_ms=32 shard_merge_ms=131 state_ready_ms=208 roots_ms=63 exec_read_ms=0 exec_evm_ms=0 exec_write_ms=0 exec_other_ms=0 reads_cache=0 reads_provider=0 reads_view=0 par_run_ms=91 fold_task_cpu_max_us=50385 fold_task_minflt_max=110 fold_task_minflt_sum=111 fold_task_migrated=0 fold_task_nivcsw_max=0 fold_index=1 fold_index_build_ms=50 fold_index_conflicts=33051 fold_queue_us=67 fold_skew_us=37 fold_task_max_us=50383 fold_tail_us=30 start_best_ms=1 start_select_ms=0 start_walk_ms=0 start_walk_check_ms=0 start_best_other_ms=0 start_frames_by_ref=0 start_frames_slow=0 start_pull_ms=0 start_other_ms=0 start_handoff_ms=0 par_start_ms=1 par_prep_ms=0 par_commit_ms=0 commit_body_ms=0 par_fold_ms=50 sealed_ms=2 copy_ms=- prune_ms=0 frames=- frames_missing=- frame_root_ms=- root_ms=- frames_admitted=frames_admitted=800000 frames_unaligned=0 frame_root_indexed=- seal_layout_ms=1 seal_root_ms=0 attested= busy_us=1 slots_busy=14 reply_us=5881 prune_ms=0 body_refused=0 body_failed_late=0
loop346A2X win1 tps=3,373,333 txs=101,200,000 blocks= 253 cycle=0.119s occupancy= 99.6% full(>=95%)=252/253 basefee=n/a (from the layer's log)
loop346A2X win2 tps=3,333,333 txs=100,000,000 blocks= 250 cycle=0.120s occupancy=100.0% full(>=95%)=250/250 basefee=n/a (from the layer's log)
loop346A2X win3 tps=3,226,667 txs=96,800,000 blocks= 242 cycle=0.124s occupancy=100.0% full(>=95%)=242/242 basefee=n/a (from the layer's log)
loop346A2X win4 tps=3,186,667 txs=95,600,000 blocks= 239 cycle=0.126s occupancy=100.0% full(>=95%)=239/239 basefee=n/a (from the layer's log)
loop346A2X tps=3,373,333 round_txs=393600000 cycles_w1=
loop346A2X imp_fields_p90= b_p75=72
loop346A2X overlay: filter_skips=0 probes=0 ratio=- (ratio = skips/(skips+probes))
loop346A2X overlay_manager:       1 state_trie_overlay=false  state-ovly_cpu=0
loop346A2X verify: written to /data/blockchain/rust-fleet7-bench/bench-loop346A2X/verify.json
== loop346A2X  (E=1: seven validator keys on one execution layer)
  window 1: canonical 254 blocks, 101.6M tx = 3,386,667/s (100.0% of window 1), full 252/254 (99%); cycle mean/median/p90 117.7/106.2/149.0 ms
    leader builds 254: sealed_at median/p90/p99 98/143/173; phases median/p90 ms: gap_before_exec 54/101, state_wait 53/100, par 144/194, par_exec 35/41, roots 61/86, parent_fields 0/0, sealed 2/3
    state_wait_on {'output': 186, 'none': 34, 'grandparent': 34}; builds with state_wait > 20 ms: 214 ([('output', 180), ('grandparent', 34)]); gp_layer {1.0: 254}, ggp_missing {0.0: 182, 1.0: 72}
    queue at the builds min/median 2,032,000/2,408,000
    new field batch_cpu_sum_us: median/p90/max 981620.5/1147192.0/1901494, nonzero 254
    new field batch_dispatch_us: median/p90/max 289.0/383.0/611, nonzero 254
    new field batch_first_start_us: median/p90/max 107.0/188.0/333, nonzero 254
    new field batch_ivcsw: median/p90/max 3.0/8.0/25, nonzero 196
    new field batch_last_end_us: median/p90/max 35406.5/41136.0/63434, nonzero 254
    new field batch_last_start_us: median/p90/max 27683.5/32100.0/52600, nonzero 254
    new field batch_live_deferred: median/p90/max 83.0/88.0/92, nonzero 254
    new field batch_live_lock_hold_us: median/p90/max 18489.0/21603.0/25600, nonzero 254
    new field batch_live_lock_wait_us: median/p90/max 0.0/0.0/0, nonzero 0
    new field batch_live_lock_waits: median/p90/max 0.0/0.0/0, nonzero 0
    new field batch_majflt: median/p90/max 0.0/0.0/0, nonzero 0
    new field batch_minflt: median/p90/max 2024.0/19913.0/47541, nonzero 254
    new field batch_open_max_us: median/p90/max 497.0/597.0/1248, nonzero 254
    new field batch_open_sum_us: median/p90/max 12368.0/15113.0/17820, nonzero 254
    new field batch_threads: median/p90/max 32.0/32.0/32, nonzero 254
    new field batch_vcsw: median/p90/max 177.0/355.0/1038, nonzero 254
    new field batch_view_index_wait_us: median/p90/max 0.0/19492.0/100298, nonzero 58
    new field batch_view_index_waits: median/p90/max 0.0/168.0/815, nonzero 58
    new field batch_view_slot_wait_us: median/p90/max 0.0/528.0/2734, nonzero 65
    new field batch_view_slot_waits: median/p90/max 0.0/21.0/79, nonzero 65
    new field batch_wall_sum_us: median/p90/max 987496.5/1168040.0/1902737, nonzero 254
    new field batches: median/p90/max 128.0/128.0/128, nonzero 254
    new field build_batches: median/p90/max 128.0/128.0/128, nonzero 254
    new field carried_depth: median/p90/max 2.0/2.0/2, nonzero 254
    new field exec_end_to_seal_us: median/p90/max 121.0/171.0/443, nonzero 254
    new field exec_partition_us: median/p90/max 12.0/16.0/3389, nonzero 254
    new field exec_prepared_groups: {'true': 246, 'false': 8}
    new field exec_prepared_slots: {'true': 246, 'false': 8}
    new field exec_slots_us: median/p90/max 0.0/0.0/2766, nonzero 9
    new field freeze_join_wait_us: median/p90/max 50094.0/65007.0/92364, nonzero 254
    new field freeze_late: {'true': 254}
    new field freeze_pool_own: {'true': 254}
    new field live_index_defer: {'true': 254}
    new field merge_accounts: median/p90/max 367727.0/377326.0/385497, nonzero 254
    new field merge_append_us: median/p90/max 11100.0/17595.0/34088, nonzero 254
    new field merge_reverts: median/p90/max 367727.0/377326.0/385497, nonzero 254
    new field merge_reverts_us: median/p90/max 34436.0/46617.0/64285, nonzero 254
    new field merge_state_us: median/p90/max 83754.0/99254.0/126863, nonzero 254
    new field merge_tail_us: median/p90/max 0.0/0.0/1, nonzero 1
    new field merge_threads: median/p90/max 1.0/1.0/1, nonzero 254
    new field one_wave: {'false': 254}
    new field open_engine_us: median/p90/max 0.0/40381.0/99460, nonzero 72
    new field open_fallback: {'false': 182, 'true': 72}
    new field open_keep_us: median/p90/max 6.0/9.0/25, nonzero 254
    new field open_layers: median/p90/max 3.0/3.0/3, nonzero 254
    new field open_provider_us: median/p90/max 126.5/238.0/425, nonzero 254
    new field plan_age_us: median/p90/max 93964.5/180087.0/322800, nonzero 254
    new field plan_ahead: median/p90/max 1.0/1.0/1, nonzero 254
    new field plan_body: median/p90/max 1.0/1.0/2, nonzero 254
    new field plan_body_us: median/p90/max 27484.5/39698.0/57050, nonzero 246
    new field plan_discard: {'': 254}
    new field plan_prep_us: median/p90/max 12570.5/22296.0/44626, nonzero 254
    new field plan_topup_txs: median/p90/max 0.0/0.0/0, nonzero 0
    new field prep_from_plan: {'true': 246, 'false': 8}
    new field prev_seal_to_answer_us: median/p90/max 3018.0/5403.0/20257, nonzero 254
    new field prev_seal_to_entry_us: median/p90/max 0.0/0.0/0, nonzero 0
    new field prev_seal_to_header_us: median/p90/max 207.5/337.0/1030, nonzero 254
    new field prev_seal_to_import_us: median/p90/max 272822.5/332374.0/385817, nonzero 243
    new field prev_seal_to_request_us: median/p90/max 971.5/111716.0/175303, nonzero 254
    new field prev_seal_to_start_us: median/p90/max 1265.5/112084.0/175539, nonzero 254
    new field pull_bulk_txs: median/p90/max 400000.0/400000.0/400000, nonzero 254
    new field pull_bulk_us: median/p90/max 8.0/14.0/2351, nonzero 254
    new field rename_fallbacks: median/p90/max 0.0/0.0/0, nonzero 0
    new field rename_record_waits: median/p90/max 9.0/13.0/13, nonzero 219
    new field root_apply_gap_us: median/p90/max 10.0/14.0/35, nonzero 254
    new field root_apply_total_us: median/p90/max 38997.5/55860.0/82543, nonzero 254
    new field root_compute_us: median/p90/max 41916.0/63134.0/92171, nonzero 254
    new field root_delta_us: median/p90/max 2025.5/4501.0/14876, nonzero 254
    new field root_index_us: median/p90/max 4627.5/10981.0/30864, nonzero 254
    new field root_leaves_us: median/p90/max 12073.0/18702.0/35623, nonzero 254
    new field root_note_us: median/p90/max 271.5/593.0/2622, nonzero 254
    new field root_ops_ahead: {'true': 254}
    new field root_ops_ahead_wait_us: median/p90/max 10148.0/24945.0/50451, nonzero 254
    new field root_ops_concat_us: median/p90/max 0.0/0.0/0, nonzero 0
    new field root_ops_encode_us: median/p90/max 11931.5/21891.0/50382, nonzero 254
    new field root_ops_finish_us: median/p90/max 4329.5/5371.0/9902, nonzero 254
    new field root_ops_sort_us: median/p90/max 7785.0/15728.0/34098, nonzero 254
    new field root_ops_us: median/p90/max 14380.5/29692.0/57755, nonzero 254
    new field root_rehash_us: median/p90/max 1558.5/2105.0/9334, nonzero 254
    new field root_retire_us: median/p90/max 1649.5/3052.0/11517, nonzero 254
    new field root_sort_us: median/p90/max 538.5/1018.0/6105, nonzero 254
    new field root_undo_us: median/p90/max 673.5/1245.0/4631, nonzero 254
    new field root_writes_us: median/p90/max 15879.5/23434.0/36999, nonzero 254
    new field seal_hashes_ahead: {'true': 254}
    new field seal_on_counters: {'true': 254}
    new field seal_to_complete_us: median/p90/max 258763.5/295878.0/330279, nonzero 254
    new field seal_to_frozen_us: median/p90/max 50063.0/64931.0/92331, nonzero 254
    new field seal_to_merge_end_us: median/p90/max 258642.5/295714.0/330147, nonzero 254
    new field seal_to_merge_start_us: median/p90/max 127954.5/156275.0/197111, nonzero 254
    new field seal_to_ops_ahead_us: median/p90/max 75763.5/95750.0/118255, nonzero 254
    new field seal_to_state_ready_us: median/p90/max 258652.0/295725.0/330156, nonzero 254
    new field sealed_unix_us: median/p90/max 1791425729581384.0/1791425741602427.0/1791425744713701, nonzero 254
    new field start_walk_check_us: median/p90/max 0.0/0.0/0, nonzero 0
    new field start_walk_ids_us: median/p90/max 0.0/0.0/0, nonzero 0
    new field start_walk_settle_us: median/p90/max 0.0/0.0/0, nonzero 0
    new field start_walk_us: median/p90/max 0.0/0.0/0, nonzero 0
    new field state_wait_us: median/p90/max 53725.5/100580.0/144147, nonzero 254
    new field view_journal_reads: median/p90/max 4096.0/40960.0/98304, nonzero 137
    new field view_journal_searches: median/p90/max 11641.0/93861.0/209488, nonzero 137
    new field view_journal_skips: median/p90/max 0.0/0.0/0, nonzero 0
    new field whole_take_noted: {'true': 254}
    binding wait (tick / quorum / seal share, mean cycle): tick 61% (107); quorum 36% (134); seal 3% (151); feed-bound (blocks under 95% of the tier): 2 of 254
    slowest key vote delay median/p90 68.4/133.9 ms
    engine own-import total_ms per block median/p90/max 70/110/154 (n=253)
    layer RSS 4.8 -> 35.8 G (max 35.8), in-memory blocks max 10
    execution layer cores busy 35.3    validators cores busy 0.7
    flood delivered (median per 5 s over the leg) 3,331,920/s
  window 2: canonical 250 blocks, 100.0M tx = 3,333,333/s (98.4% of window 1), full 250/250 (100%); cycle mean/median/p90 120.2/107.5/156.1 ms
    leader builds 250: sealed_at median/p90/p99 98/146/215; phases median/p90 ms: gap_before_exec 53/112, state_wait 52/111, par 142/191, par_exec 35/40, roots 62/98, parent_fields 0/0, sealed 2/3
    state_wait_on {'output': 173, 'grandparent': 43, 'none': 34}; builds with state_wait > 20 ms: 207 ([('output', 164), ('grandparent', 43)]); gp_layer {1.0: 250}, ggp_missing {0.0: 165, 1.0: 85}
    queue at the builds min/median 1,978,500/2,418,500
    new field batch_cpu_sum_us: median/p90/max 987577.5/1123052.0/1500261, nonzero 250
    new field batch_dispatch_us: median/p90/max 261.0/359.0/1497, nonzero 250
    new field batch_first_start_us: median/p90/max 95.0/146.0/343, nonzero 250
    new field batch_ivcsw: median/p90/max 3.0/9.0/34, nonzero 196
    new field batch_last_end_us: median/p90/max 35664.5/40608.0/50978, nonzero 250
    new field batch_last_start_us: median/p90/max 27779.0/32135.0/43702, nonzero 250
    new field batch_live_deferred: median/p90/max 82.0/93.0/193, nonzero 250
    new field batch_live_lock_hold_us: median/p90/max 19029.0/22203.0/33676, nonzero 250
    new field batch_live_lock_wait_us: median/p90/max 0.0/0.0/0, nonzero 0
    new field batch_live_lock_waits: median/p90/max 0.0/0.0/0, nonzero 0
    new field batch_majflt: median/p90/max 0.0/0.0/0, nonzero 0
    new field batch_minflt: median/p90/max 2210.5/21270.0/66893, nonzero 250
    new field batch_open_max_us: median/p90/max 467.0/565.0/1602, nonzero 250
    new field batch_open_sum_us: median/p90/max 11420.5/14283.0/18154, nonzero 250
    new field batch_threads: median/p90/max 32.0/32.0/32, nonzero 250
    new field batch_vcsw: median/p90/max 174.5/358.0/665, nonzero 250
    new field batch_view_index_wait_us: median/p90/max 0.0/23871.0/55427, nonzero 58
    new field batch_view_index_waits: median/p90/max 0.0/169.0/453, nonzero 58
    new field batch_view_slot_wait_us: median/p90/max 0.0/538.0/1725, nonzero 66
    new field batch_view_slot_waits: median/p90/max 0.0/21.0/54, nonzero 66
    new field batch_wall_sum_us: median/p90/max 990127.0/1143801.0/1501637, nonzero 250
    new field batches: median/p90/max 128.0/128.0/128, nonzero 250
    new field build_batches: median/p90/max 128.0/128.0/128, nonzero 250
    new field carried_depth: median/p90/max 2.0/2.0/2, nonzero 250
    new field exec_end_to_seal_us: median/p90/max 122.0/173.0/719, nonzero 250
    new field exec_partition_us: median/p90/max 12.0/17.0/5476, nonzero 250
    new field exec_prepared_groups: {'true': 246, 'false': 4}
    new field exec_prepared_slots: {'true': 246, 'false': 4}
    new field exec_slots_us: median/p90/max 0.0/0.0/2362, nonzero 5
    new field freeze_join_wait_us: median/p90/max 48599.5/61666.0/76061, nonzero 250
    new field freeze_late: {'true': 250}
    new field freeze_pool_own: {'true': 250}
    new field live_index_defer: {'true': 250}
    new field merge_accounts: median/p90/max 364908.0/372365.0/378498, nonzero 250
    new field merge_append_us: median/p90/max 10793.0/20809.0/42881, nonzero 250
    new field merge_reverts: median/p90/max 364908.0/372365.0/378498, nonzero 250
    new field merge_reverts_us: median/p90/max 34308.5/44800.0/57843, nonzero 250
    new field merge_state_us: median/p90/max 84528.5/105828.0/137314, nonzero 250
    new field merge_tail_us: median/p90/max 0.0/0.0/1, nonzero 1
    new field merge_threads: median/p90/max 1.0/1.0/1, nonzero 250
    new field one_wave: {'false': 250}
    new field open_engine_us: median/p90/max 0.0/60456.0/179331, nonzero 85
    new field open_fallback: {'false': 165, 'true': 85}
    new field open_keep_us: median/p90/max 5.0/8.0/237, nonzero 250
    new field open_layers: median/p90/max 3.0/3.0/3, nonzero 250
    new field open_provider_us: median/p90/max 115.0/220.0/764, nonzero 250
    new field plan_age_us: median/p90/max 91301.0/193878.0/259856, nonzero 250
    new field plan_ahead: median/p90/max 1.0/1.0/1, nonzero 250
    new field plan_body: median/p90/max 1.0/1.0/2, nonzero 250
    new field plan_body_us: median/p90/max 26737.0/33381.0/45027, nonzero 246
    new field plan_discard: {'': 250}
    new field plan_prep_us: median/p90/max 13229.0/24527.0/45894, nonzero 250
    new field plan_topup_txs: median/p90/max 0.0/0.0/0, nonzero 0
    new field prep_from_plan: {'true': 246, 'false': 4}
    new field prev_seal_to_answer_us: median/p90/max 3393.0/6272.0/13764, nonzero 250
    new field prev_seal_to_entry_us: median/p90/max 0.0/0.0/0, nonzero 0
    new field prev_seal_to_header_us: median/p90/max 257.0/385.0/781, nonzero 250
    new field prev_seal_to_import_us: median/p90/max 277781.0/342448.0/419413, nonzero 233
    new field prev_seal_to_request_us: median/p90/max 1004.5/112883.0/153623, nonzero 250
    new field prev_seal_to_start_us: median/p90/max 1348.5/113140.0/154104, nonzero 250
    new field pull_bulk_txs: median/p90/max 400000.0/400000.0/400000, nonzero 250
    new field pull_bulk_us: median/p90/max 8.0/14.0/2407, nonzero 250
    new field rename_fallbacks: median/p90/max 0.0/0.0/0, nonzero 0
    new field rename_record_waits: median/p90/max 23.0/28.0/29, nonzero 250
    new field root_apply_gap_us: median/p90/max 11.0/14.0/24, nonzero 250
    new field root_apply_total_us: median/p90/max 40438.0/55712.0/90818, nonzero 250
    new field root_compute_us: median/p90/max 44082.0/61403.0/101268, nonzero 250
    new field root_delta_us: median/p90/max 2036.0/4715.0/28360, nonzero 250
    new field root_index_us: median/p90/max 4740.5/10426.0/32434, nonzero 250
    new field root_leaves_us: median/p90/max 12762.5/20990.0/47616, nonzero 250
    new field root_note_us: median/p90/max 271.0/562.0/2432, nonzero 250
    new field root_ops_ahead: {'true': 250}
    new field root_ops_ahead_wait_us: median/p90/max 9063.5/24129.0/48550, nonzero 250
    new field root_ops_concat_us: median/p90/max 0.0/0.0/0, nonzero 0
    new field root_ops_encode_us: median/p90/max 11736.5/20126.0/49812, nonzero 250
    new field root_ops_finish_us: median/p90/max 4373.5/6406.0/10943, nonzero 250
    new field root_ops_sort_us: median/p90/max 7485.0/14782.0/32540, nonzero 250
    new field root_ops_us: median/p90/max 13638.5/29743.0/54079, nonzero 250
    new field root_rehash_us: median/p90/max 2169.0/2933.0/17781, nonzero 250
    new field root_retire_us: median/p90/max 1741.0/2891.0/7835, nonzero 250
    new field root_sort_us: median/p90/max 588.0/1177.0/2824, nonzero 250
    new field root_undo_us: median/p90/max 727.5/1210.0/4006, nonzero 250
    new field root_writes_us: median/p90/max 15687.0/23243.0/39432, nonzero 250
    new field seal_hashes_ahead: {'true': 250}
    new field seal_on_counters: {'true': 250}
    new field seal_to_complete_us: median/p90/max 262879.0/302894.0/389400, nonzero 250
    new field seal_to_frozen_us: median/p90/max 48571.0/61567.0/75976, nonzero 250
    new field seal_to_merge_end_us: median/p90/max 262781.5/302776.0/389289, nonzero 250
    new field seal_to_merge_start_us: median/p90/max 129080.5/163612.0/221211, nonzero 250
    new field seal_to_ops_ahead_us: median/p90/max 71818.0/90647.0/109260, nonzero 250
    new field seal_to_state_ready_us: median/p90/max 262791.0/302786.0/389298, nonzero 250
    new field sealed_unix_us: median/p90/max 1791425759405300.0/1791425771622548.0/1791425774794795, nonzero 250
    new field start_walk_check_us: median/p90/max 0.0/0.0/0, nonzero 0
    new field start_walk_ids_us: median/p90/max 0.0/0.0/0, nonzero 0
    new field start_walk_settle_us: median/p90/max 0.0/0.0/0, nonzero 0
    new field start_walk_us: median/p90/max 0.0/0.0/0, nonzero 0
    new field state_wait_us: median/p90/max 52889.5/111199.0/219792, nonzero 250
    new field view_journal_reads: median/p90/max 2048.0/40960.0/86016, nonzero 125
    new field view_journal_searches: median/p90/max 4424.5/108623.0/218410, nonzero 125
    new field view_journal_skips: median/p90/max 0.0/0.0/0, nonzero 0
    new field whole_take_noted: {'true': 250}
    binding wait (tick / quorum / seal share, mean cycle): tick 59% (110); quorum 41% (135); seal 0% (159); feed-bound (blocks under 95% of the tier): 0 of 250
    slowest key vote delay median/p90 78.2/141.4 ms
    engine own-import total_ms per block median/p90/max 79/118/174 (n=250)
    layer RSS 35.0 -> 43.1 G (max 43.1), in-memory blocks max 10
    execution layer cores busy 34.2    validators cores busy 0.7
  window 3: canonical 242 blocks, 96.8M tx = 3,226,667/s (95.3% of window 1), full 242/242 (100%); cycle mean/median/p90 123.5/111.0/154.3 ms
    leader builds 243: sealed_at median/p90/p99 101/158/201; phases median/p90 ms: gap_before_exec 53/116, state_wait 53/115, par 144/200, par_exec 35/41, roots 67/113, parent_fields 0/0, sealed 2/3
    state_wait_on {'output': 170, 'none': 34, 'grandparent': 39}; builds with state_wait > 20 ms: 199 ([('output', 160), ('grandparent', 39)]); gp_layer {1.0: 243}, ggp_missing {0.0: 154, 1.0: 89}
    queue at the builds min/median 1,889,000/2,425,000
    new field batch_cpu_sum_us: median/p90/max 986475.0/1106220.0/1400173, nonzero 243
    new field batch_dispatch_us: median/p90/max 278.0/375.0/578, nonzero 243
    new field batch_first_start_us: median/p90/max 98.0/173.0/293, nonzero 243
    new field batch_ivcsw: median/p90/max 2.0/10.0/26, nonzero 194
    new field batch_last_end_us: median/p90/max 35635.0/41428.0/81267, nonzero 243
    new field batch_last_start_us: median/p90/max 27839.0/32053.0/59559, nonzero 243
    new field batch_live_deferred: median/p90/max 83.0/107.0/247, nonzero 243
    new field batch_live_lock_hold_us: median/p90/max 19655.0/27446.0/52408, nonzero 243
    new field batch_live_lock_wait_us: median/p90/max 0.0/0.0/0, nonzero 0
    new field batch_live_lock_waits: median/p90/max 0.0/0.0/0, nonzero 0
    new field batch_majflt: median/p90/max 0.0/0.0/11494, nonzero 13
    new field batch_minflt: median/p90/max 2932.0/25000.0/56195, nonzero 243
    new field batch_open_max_us: median/p90/max 492.0/606.0/3348, nonzero 243
    new field batch_open_sum_us: median/p90/max 12314.0/15230.0/30082, nonzero 243
    new field batch_threads: median/p90/max 32.0/32.0/32, nonzero 243
    new field batch_vcsw: median/p90/max 182.0/368.0/11789, nonzero 243
    new field batch_view_index_wait_us: median/p90/max 0.0/20321.0/67946, nonzero 47
    new field batch_view_index_waits: median/p90/max 0.0/156.0/353, nonzero 47
    new field batch_view_slot_wait_us: median/p90/max 0.0/355.0/1316, nonzero 57
    new field batch_view_slot_waits: median/p90/max 0.0/16.0/37, nonzero 57
    new field batch_wall_sum_us: median/p90/max 995665.0/1134211.0/2108104, nonzero 243
    new field batches: median/p90/max 128.0/128.0/128, nonzero 243
    new field build_batches: median/p90/max 128.0/128.0/128, nonzero 243
    new field carried_depth: median/p90/max 2.0/2.0/2, nonzero 243
    new field exec_end_to_seal_us: median/p90/max 118.0/193.0/1347, nonzero 243
    new field exec_partition_us: median/p90/max 12.0/16.0/4237, nonzero 243
    new field exec_prepared_groups: {'true': 241, 'false': 2}
    new field exec_prepared_slots: {'true': 241, 'false': 2}
    new field exec_slots_us: median/p90/max 0.0/0.0/2098, nonzero 2
    new field freeze_join_wait_us: median/p90/max 49606.0/58960.0/78351, nonzero 243
    new field freeze_late: {'true': 243}
    new field freeze_pool_own: {'true': 243}
    new field live_index_defer: {'true': 243}
    new field merge_accounts: median/p90/max 367458.0/376147.0/384058, nonzero 243
    new field merge_append_us: median/p90/max 11265.0/20683.0/37151, nonzero 243
    new field merge_reverts: median/p90/max 367458.0/376147.0/384058, nonzero 243
    new field merge_reverts_us: median/p90/max 35203.0/45935.0/66852, nonzero 243
    new field merge_state_us: median/p90/max 86067.0/108693.0/144960, nonzero 243
    new field merge_tail_us: median/p90/max 0.0/0.0/1, nonzero 7
    new field merge_threads: median/p90/max 1.0/1.0/1, nonzero 243
    new field one_wave: {'false': 243}
    new field open_engine_us: median/p90/max 0.0/67606.0/179371, nonzero 89
    new field open_fallback: {'false': 154, 'true': 89}
    new field open_keep_us: median/p90/max 6.0/9.0/31, nonzero 243
    new field open_layers: median/p90/max 3.0/3.0/3, nonzero 243
    new field open_provider_us: median/p90/max 119.0/309.0/1506, nonzero 243
    new field plan_age_us: median/p90/max 95291.0/189282.0/347996, nonzero 243
    new field plan_ahead: median/p90/max 1.0/1.0/1, nonzero 243
    new field plan_body: median/p90/max 1.0/1.0/2, nonzero 243
    new field plan_body_us: median/p90/max 27313.0/33922.0/45642, nonzero 241
    new field plan_discard: {'': 243}
    new field plan_prep_us: median/p90/max 12806.0/22443.0/64646, nonzero 243
    new field plan_topup_txs: median/p90/max 0.0/0.0/0, nonzero 0
    new field prep_from_plan: {'true': 241, 'false': 2}
    new field prev_seal_to_answer_us: median/p90/max 3177.0/5328.0/12038, nonzero 243
    new field prev_seal_to_entry_us: median/p90/max 0.0/0.0/0, nonzero 0
    new field prev_seal_to_header_us: median/p90/max 222.0/371.0/1681, nonzero 243
    new field prev_seal_to_import_us: median/p90/max 297195.0/359347.0/439819, nonzero 226
    new field prev_seal_to_request_us: median/p90/max 1001.0/110387.0/209337, nonzero 243
    new field prev_seal_to_start_us: median/p90/max 1348.0/110734.0/209574, nonzero 243
    new field pull_bulk_txs: median/p90/max 400000.0/400000.0/400000, nonzero 243
    new field pull_bulk_us: median/p90/max 9.0/15.0/2508, nonzero 243
    new field rename_fallbacks: median/p90/max 0.0/0.0/0, nonzero 0
    new field rename_record_waits: median/p90/max 40.0/48.0/49, nonzero 243
    new field root_apply_gap_us: median/p90/max 12.0/15.0/28, nonzero 243
    new field root_apply_total_us: median/p90/max 42655.0/57490.0/204713, nonzero 243
    new field root_compute_us: median/p90/max 45816.0/63711.0/206736, nonzero 243
    new field root_delta_us: median/p90/max 2223.0/4904.0/36744, nonzero 243
    new field root_index_us: median/p90/max 4811.0/8507.0/50643, nonzero 243
    new field root_leaves_us: median/p90/max 12908.0/24405.0/184337, nonzero 243
    new field root_note_us: median/p90/max 288.0/530.0/2699, nonzero 243
    new field root_ops_ahead: {'true': 243}
    new field root_ops_ahead_wait_us: median/p90/max 8308.0/25014.0/56643, nonzero 243
    new field root_ops_concat_us: median/p90/max 0.0/0.0/0, nonzero 0
    new field root_ops_encode_us: median/p90/max 11696.0/23577.0/71937, nonzero 243
    new field root_ops_finish_us: median/p90/max 4579.0/7569.0/13442, nonzero 243
    new field root_ops_sort_us: median/p90/max 7297.0/15035.0/34824, nonzero 243
    new field root_ops_us: median/p90/max 13427.0/30884.0/65872, nonzero 243
    new field root_rehash_us: median/p90/max 2794.0/4112.0/43308, nonzero 243
    new field root_retire_us: median/p90/max 1767.0/3395.0/9419, nonzero 243
    new field root_sort_us: median/p90/max 637.0/1154.0/4870, nonzero 243
    new field root_undo_us: median/p90/max 666.0/1391.0/5731, nonzero 243
    new field root_writes_us: median/p90/max 16044.0/24202.0/40175, nonzero 243
    new field seal_hashes_ahead: {'true': 243}
    new field seal_on_counters: {'true': 243}
    new field seal_to_complete_us: median/p90/max 272243.0/327707.0/412090, nonzero 243
    new field seal_to_frozen_us: median/p90/max 49572.0/58942.0/78284, nonzero 243
    new field seal_to_merge_end_us: median/p90/max 272152.0/327584.0/412004, nonzero 243
    new field seal_to_merge_start_us: median/p90/max 132875.0/187075.0/306279, nonzero 243
    new field seal_to_ops_ahead_us: median/p90/max 72766.0/92828.0/122481, nonzero 243
    new field seal_to_state_ready_us: median/p90/max 272158.0/327594.0/412011, nonzero 243
    new field sealed_unix_us: median/p90/max 1791425790583441.0/1791425801957086.0/1791425804758570, nonzero 243
    new field start_walk_check_us: median/p90/max 0.0/0.0/0, nonzero 0
    new field start_walk_ids_us: median/p90/max 0.0/0.0/0, nonzero 0
    new field start_walk_settle_us: median/p90/max 0.0/0.0/0, nonzero 0
    new field start_walk_us: median/p90/max 0.0/0.0/0, nonzero 0
    new field state_wait_us: median/p90/max 53451.0/115808.0/213881, nonzero 243
    new field view_journal_reads: median/p90/max 4096.0/40960.0/73728, nonzero 132
    new field view_journal_searches: median/p90/max 12288.0/106762.0/196517, nonzero 132
    new field view_journal_skips: median/p90/max 0.0/0.0/0, nonzero 0
    new field whole_take_noted: {'true': 243}
    binding wait (tick / quorum / seal share, mean cycle): tick 54% (110); quorum 46% (140); seal 0%; feed-bound (blocks under 95% of the tier): 0 of 242
    slowest key vote delay median/p90 87.1/142.5 ms
    engine own-import total_ms per block median/p90/max 84/128/228 (n=242)
    layer RSS 43.1 -> 36.5 G (max 46.6), in-memory blocks max 11
    execution layer cores busy 32.8    validators cores busy 0.6
  round total (3 windows, canonical): 298.4M tx
  layer peak RSS 46.6 G; in-memory blocks max 12
  fields at seal: mode "early", verified 0, unchecked 0, mismatches 0 (last build line, cumulative)
  own_executed_again (built here and also directly imported): 0 of 1000 built blocks
== loop346A2X
  layer-0 leader window-1 builds 255: txs mean 400000, share >= 95% of the tier 100% (max 400000); sealed_at_ms 98.0/143.0; par_ms 144.0/194.0; par_exec_ms 35.0/42.0; roots_ms 61.0/86.0; parent_fields_ms 0.0/0.0; sealed_ms 2.0/3.0
  proposal cycle window 1 (n=264): mean 117.6 median 106.2 p90 149.0 ms; blocks in the 30 s: 264
  binding wait (tick / quorum / seal, share and mean cycle): tick 61.2% (107.2); quorum 36.1% (133.7); seal 2.7% (150.6)
  vote delay after the proposal, slowest key per block: median 68.4 p90 133.9 ms (slowest minus the median key: median 0.2); last key: {1: 54, 2: 39, 3: 37, 4: 46, 5: 45, 6: 34} of 255 blocks
  CPU in window 1 (cores busy): execution layers 35.3 over 1 process(es); validators 0.7 over 7 process(es)
  execution layer peak RSS 46.6 G; in-memory blocks max 12 (node0 and others, all layers)
  blocks built here 1000; none also directly imported
  import-once counters at the last direct import: ; start-up lines with import_once=true: 1; queue-lock lines 0
  layer-0 queue (queued after canonical prune), median per 10 s: t+0:2351500 t+20:2411750 t+40:2403750 t+60:2346000 t+80:2406000 t+100:2319500
  flood: median per 5 s 3331920/s, final 400000000 accepted 0 rejected 121.1s
  timeout / given-up lines: 1; 02:14:46 v0 INFO process_event{view=1 kind="message"}: n42::cl::timeout: TC formed
loop346A2X page_faults_per_s_median: node0=227778 
feedcheck loop346A2X: ok (block 400,000 tx)
== loop346A2X: feed check (acq_us / gate_us / reply_us are per frame of 500; rate per 5 s `ingest` line)
  window 1: ingest lines 6; acq_us 458 (max 1106); gate_us 4988; reply_us 5550; slots_busy 14%; delivered median 3,389,855/s max 3,528,738/s; queue at builds median 2,408,000 min 2,032,000; full 99% of 254 blocks
  window 2: ingest lines 6; acq_us 461 (max 467); gate_us 5103; reply_us 5667; slots_busy 14%; delivered median 3,376,316/s max 3,582,327/s; queue at builds median 2,418,500 min 1,978,500; full 100% of 250 blocks
  window 3: ingest lines 6; acq_us 459 (max 463); gate_us 5529; reply_us 6088; slots_busy 14%; delivered median 3,283,611/s max 3,442,857/s; queue at builds median 2,425,000 min 1,889,000; full 100% of 242 blocks
  flood.log (+15..+100 s): rate per 5 s median 3,333,926/s max 3,522,620/s; reply latency median 57.3 ms max 66.8 ms
== loop346A2X: lanes lock, drain and pruner (new fields)
  window 1: lock duty 61.0% (max 65.0); holds/5s 1,838; longest hold 44.47 ms median, 79.08 ms max by crates/n42/tx-queue/src/lib.rs:2046 (most frequent holders [('crates/n42/tx-queue/src/lib.rs:2046', 4), ('crates/n42/tx-queue/src/lib.rs:2692', 2)]); lock wait 2527.7 ms/5s, longest 79.12 ms; drains/5s 1,155 of 14691 tx, mean 1340 us, max 30.01 ms
           prune (241 blocks): prune_ms 58/89; fold 1.1 ms, lock 0.0 ms, remove(hold) 15.8 ms, free 0.0 ms; frames_swept 800; coalesced on 241 of 241; prune_wait_ms 0/0; pruner busy 49% of a thread, lock held by it 1.3%
  window 2: lock duty 63.5% (max 66.0); holds/5s 1,715; longest hold 44.85 ms median, 60.53 ms max by crates/n42/tx-queue/src/lib.rs:2046 (most frequent holders [('crates/n42/tx-queue/src/lib.rs:2046', 4), ('crates/n42/tx-queue/src/lib.rs:2692', 2)]); lock wait 2660.5 ms/5s, longest 65.59 ms; drains/5s 1,022 of 16689 tx, mean 1504 us, max 33.89 ms
           prune (235 blocks): prune_ms 67/102; fold 1.1 ms, lock 0.0 ms, remove(hold) 17.5 ms, free 0.0 ms; frames_swept 800; coalesced on 235 of 235; prune_wait_ms 0/0; pruner busy 53% of a thread, lock held by it 1.5%
  window 3: lock duty 61.0% (max 65.0); holds/5s 1,760; longest hold 46.70 ms median, 64.65 ms max by crates/n42/tx-queue/src/lib.rs:2692 (most frequent holders [('crates/n42/tx-queue/src/lib.rs:2046', 4), ('crates/n42/tx-queue/src/lib.rs:1766', 1)]); lock wait 2490.2 ms/5s, longest 62.69 ms; drains/5s 1,083 of 15173 tx, mean 1464 us, max 37.11 ms
           prune (231 blocks): prune_ms 62/93; fold 1.0 ms, lock 0.0 ms, remove(hold) 16.6 ms, free 0.0 ms; frames_swept 800; coalesced on 231 of 231; prune_wait_ms 0/0; pruner busy 49% of a thread, lock held by it 1.1%
== loop346A2X: pruner (per block; busy = sum prune_ms / 30 s, lock = sum (remove_us + settle_us) / 30 s)
  window 1: 241 prunes; prune_ms 58/89; remove_us 15.8/30.3 ms; forget_us 5.9/9.1 ms; settle_us 5.8 ms; pruner busy 49% of a worker; lanes lock held for removal 20%
  window 2: 235 prunes; prune_ms 67/102; remove_us 17.5/36.7 ms; forget_us 6.0/9.5 ms; settle_us 6.5 ms; pruner busy 53% of a worker; lanes lock held for removal 22%
  window 3: 231 prunes; prune_ms 62/93; remove_us 16.6/31.6 ms; forget_us 6.0/9.3 ms; settle_us 5.7 ms; pruner busy 49% of a worker; lanes lock held for removal 20%
== loop346A2X: seal start / pull, prepared plan, answer, chunked drain
  window 1: 254 builds; start_best_ms 1/20; start_walk_us 0/0; start_pull_ms 0/0; par_pull_ms 0/0; par_start_ms 1/20; par_ms 144/194; sealed_at_ms 98/143; pull_bulk_us 8/14; pull_bulk_txs 400000/400000; plan_age_us 93964/180087; plan_prep_us 12570/22296; plan_topup_txs 0/0
           plan_ahead {'1': 254}; plan_discard {'': 254}
           answer: built-ahead bytes median/max 29,642/29,645, layout_only {'true': 256}; proposal sent bytes median/max 29,642/29,645, layout_only {'true': 255}
           drain: chunks/5s 1,067, chunk max 8,192 tx, finished by others/5s 35; plan_discards (last ingest line) -
  window 2: 250 builds; start_best_ms 3/23; start_walk_us 0/0; start_pull_ms 0/0; par_pull_ms 0/0; par_start_ms 3/24; par_ms 142/191; sealed_at_ms 98/146; pull_bulk_us 8/14; pull_bulk_txs 400000/400000; plan_age_us 91301/193878; plan_prep_us 13229/24527; plan_topup_txs 0/0
           plan_ahead {'1': 250}; plan_discard {'': 250}
           answer: built-ahead bytes median/max 29,647/29,647, layout_only {'true': 249}; proposal sent bytes median/max 29,647/29,647, layout_only {'true': 249}
           drain: chunks/5s 936, chunk max 8,192 tx, finished by others/5s 34; plan_discards (last ingest line) -
  window 3: 243 builds; start_best_ms 1/24; start_walk_us 0/0; start_pull_ms 0/0; par_pull_ms 0/0; par_start_ms 1/24; par_ms 144/200; sealed_at_ms 101/158; pull_bulk_us 9/15; pull_bulk_txs 400000/400000; plan_age_us 95291/189282; plan_prep_us 12806/22443; plan_topup_txs 0/0
           plan_ahead {'1': 243}; plan_discard {'': 243}
           answer: built-ahead bytes median/max 29,647/29,647, layout_only {'true': 243}; proposal sent bytes median/max 29,647/29,647, layout_only {'true': 243}
           drain: chunks/5s 982, chunk max 8,192 tx, finished by others/5s 37; plan_discards (last ingest line) -
== loop346A2X: persistence per window (ms per block = part sum / blocks persisted)
  window 1: persisted 255 of 254 produced (100%); total 67.4, sf_tx 60.9, sf_rcpt 12.2, sf_acct 26.2, sf_send 19.8, scope 61.0, qmdb 30.3, post 0.0, pre 6.4, plain_rev 6.4, commit_sf 1.1, commit_mdbx 0.1, commit_rocks 0.1; longest task sf_tx 60.9; in-memory 8 -> 9 (max 10); RSS 17.1 -> 35.8 G; lag 8 -> 9 = +2.0 blocks/min; bp max 0
  window 2: persisted 248 of 250 produced (99%); total 70.1, sf_tx 63.1, sf_rcpt 12.2, sf_acct 26.9, sf_send 19.8, scope 63.4, qmdb 33.2, post 0.0, pre 6.8, plain_rev 6.8, commit_sf 1.1, commit_mdbx 0.1, commit_rocks 0.1; longest task sf_tx 63.1; in-memory 9 -> 10 (max 10); RSS 35.8 -> 43.1 G; lag 9 -> 8 = -2.0 blocks/min; bp max 0
  window 3: persisted 244 of 242 produced (101%); total 77.5, sf_tx 69.1, sf_rcpt 12.9, sf_acct 28.2, sf_send 20.4, scope 71.0, qmdb 37.6, post 0.0, pre 6.4, plain_rev 6.4, commit_sf 1.2, commit_mdbx 0.1, commit_rocks 0.1; longest task sf_tx 69.1; in-memory 10 -> 9 (max 11); RSS 43.1 -> 36.5 G; lag 8 -> 11 = +6.0 blocks/min; bp max 0
  leg end: in-memory 11, max over the sampler 12, backpressure stalls 0
== loop346A2X: execution and root fields (median / p90 per block); over 1001 full builds: rename_fallbacks total 0, rename_record_waits total 33379, carried_depth values ['2']
    folded lines 255: pending_max max 90 (median 82); pending_us_max max 49,935; drops_max max 234024
    flags: seal_on_counters true:254; freeze_pool_own true:254; plan_body 1:246/2:8; prep_from_plan false:8/true:246; plan_ahead 1:254; seal per 1,000 transfers 0.245 ms
  window 1 (254 builds): on-CPU share 1.00/1.00; CPU per transfer 2.45/2.87 us; sealed_at_ms 98/143; par_exec_ms 35/41; par_fold_ms 50/65; index_ms 52/67; par_start_ms 1/20; gap_before_exec_ms 54/101; state_wait_us 53,726/100,580; parent_fields_ms 0/0; roots_ms 61/86; seal_to_fields_us 127,830/156,079; seal_to_complete_us 258,764/295,878; rename_fallbacks 0/0; rename_record_waits 9/13; carried_depth 2/2; plan_body_us 27,484/39,698; batch_max_ms 12/17; tx_root_ms 2/3; sealed_ms 2/3
    folded lines 249: pending_max max 93 (median 81); pending_us_max max 50,554; drops_max max 105133
    flags: seal_on_counters true:250; freeze_pool_own true:250; plan_body 1:246/2:4; prep_from_plan false:4/true:246; plan_ahead 1:250; seal per 1,000 transfers 0.245 ms
  window 2 (250 builds): on-CPU share 1.00/1.00; CPU per transfer 2.47/2.81 us; sealed_at_ms 98/146; par_exec_ms 35/40; par_fold_ms 48/61; index_ms 50/63; par_start_ms 3/24; gap_before_exec_ms 53/112; state_wait_us 52,890/111,199; parent_fields_ms 0/0; roots_ms 62/98; seal_to_fields_us 128,929/163,504; seal_to_complete_us 262,879/302,894; rename_fallbacks 0/0; rename_record_waits 23/28; carried_depth 2/2; plan_body_us 26,737/33,381; batch_max_ms 13/16; tx_root_ms 2/3; sealed_ms 2/3
    folded lines 244: pending_max max 94 (median 82); pending_us_max max 49,422; drops_max max 98234
    flags: seal_on_counters true:243; freeze_pool_own true:243; plan_body 1:241/2:2; prep_from_plan false:2/true:241; plan_ahead 1:243; seal per 1,000 transfers 0.253 ms
  window 3 (243 builds): on-CPU share 1.00/1.00; CPU per transfer 2.47/2.77 us; sealed_at_ms 101/158; par_exec_ms 35/41; par_fold_ms 49/59; index_ms 52/61; par_start_ms 1/24; gap_before_exec_ms 53/116; state_wait_us 53,451/115,808; parent_fields_ms 0/0; roots_ms 67/113; seal_to_fields_us 132,687/186,519; seal_to_complete_us 272,243/327,707; rename_fallbacks 0/0; rename_record_waits 40/48; carried_depth 2/2; plan_body_us 27,313/33,922; batch_max_ms 13/17; tx_root_ms 2/3; sealed_ms 2/3
== loop346A2X: 2315 proposals; proposal -> quorum (leader's commit) median 11.3 / p90 130.3 / max 362.6 ms; proposal interval median 105.3 / p90 136.0 ms; TC formed lines 1; leader views timed out 1; ParentUnknown lines 0
   handover at view 1024: proposal intervals (view, ms) [(1023, 105), (1024, 235), (1025, 105), (1026, 146), (1027, 186)] against the median 105 ms
   handover at view 2048: proposal intervals (view, ms) [(2047, 105), (2048, 106), (2049, 105), (2050, 105), (2051, 105)] against the median 105 ms
     block 1024 (view 1024): sealed_at_ms 97, gap_before_exec_ms 64, parent_fields_ms 0, rename_fallbacks 0, rename_record_waits 52, carried_depth 2
     block 1025 (view 1025): sealed_at_ms 151, gap_before_exec_ms 60, parent_fields_ms 62, rename_fallbacks 0, rename_record_waits 52, carried_depth 2
     block 1026 (view 1026): sealed_at_ms 50, gap_before_exec_ms 14, parent_fields_ms 3, rename_fallbacks 0, rename_record_waits 52, carried_depth 2
     block 1027 (view 1027): sealed_at_ms 155, gap_before_exec_ms 97, parent_fields_ms 0, rename_fallbacks 0, rename_record_waits 52, carried_depth 2
flood span 120 s; tokio-rt threads alive throughout 73 of 73; group 13.7 cores busy over them (all threads incl. short-lived 13.7)
  per-thread cores busy, top 12: 0.64 0.63 0.60 0.60 0.60 0.60 0.60 0.59 0.59 0.59 0.59 0.58; threads over 0.9 core: 0, over 0.7: 0
== loop346A2X: 747 full builds in the 3 windows
  par_exec_ms 35/41; par_run_ms 89/141; batch_start_skew_ms 27/31; batch_median_ms 7/8; batch_max_ms 13/17; batch_first_start_us 100/171; batch_last_start_us 27744/32100; batch_dispatch_us 278/372; batch_last_end_us 35569/41130; batches 128/128; batch_threads 32/32; batch_txs_max 3500/3500; batch_txs_min 3000/3000; start_walk_ms 0/0; start_walk_check_ms 0/0; par_start_ms 2/23; sealed_at_ms 99/148; prev_seal_to_answer_us 3198/5819; prev_seal_to_entry_us 0/0; prev_seal_to_header_us 230/372; prev_seal_to_import_us 281065/347436; prev_seal_to_request_us 991/111716; prev_seal_to_start_us 1324/112084; start_walk_check_us 0/0; start_walk_ids_us 0/0; start_walk_settle_us 0/0; start_walk_us 0/0
  one_wave {'false': 747}
  batches == batch_threads on 0 of 747 builds
  last - first batch start (ms) median/p90 27.64/32.00; under 2 ms on 0 of 747 builds
bodygate loop346A2X: invalid_blocks=0 gas_mismatch=0 fields_mismatches=0 own_not_committed=0 proposals_given_up=0
d2gate loop346A2X: invalid_blocks=0 fields_mismatches=0 ParentUnknown=0 TC_formed_lines=1 verify=pass rename_fallbacks_total=0 rename_record_waits_total=33379
== loop346A2X: persistence per window (ms per block = part sum / blocks persisted)
  window 1: persisted 255 of 254 produced (100%); total 67.4, sf_tx 60.9, sf_rcpt 12.2, sf_acct 26.2, sf_send 19.8, scope 61.0, qmdb 30.3, post 0.0, pre 6.4, plain_rev 6.4, commit_sf 1.1, commit_mdbx 0.1, commit_rocks 0.1; longest task sf_tx 60.9; in-memory 8 -> 9 (max 10); RSS 17.1 -> 35.8 G; lag 8 -> 9 = +2.0 blocks/min; bp max 0
  window 2: persisted 248 of 250 produced (99%); total 70.1, sf_tx 63.1, sf_rcpt 12.2, sf_acct 26.9, sf_send 19.8, scope 63.4, qmdb 33.2, post 0.0, pre 6.8, plain_rev 6.8, commit_sf 1.1, commit_mdbx 0.1, commit_rocks 0.1; longest task sf_tx 63.1; in-memory 9 -> 10 (max 10); RSS 35.8 -> 43.1 G; lag 9 -> 8 = -2.0 blocks/min; bp max 0
  window 3: persisted 244 of 242 produced (101%); total 77.5, sf_tx 69.1, sf_rcpt 12.9, sf_acct 28.2, sf_send 20.4, scope 71.0, qmdb 37.6, post 0.0, pre 6.4, plain_rev 6.4, commit_sf 1.2, commit_mdbx 0.1, commit_rocks 0.1; longest task sf_tx 69.1; in-memory 10 -> 9 (max 11); RSS 43.1 -> 36.5 G; lag 8 -> 11 = +6.0 blocks/min; bp max 0
  window 4: persisted 237 of 239 produced (99%); total 78.1, sf_tx 68.3, sf_rcpt 12.5, sf_acct 28.1, sf_send 20.0, scope 71.6, qmdb 45.2, post 0.0, pre 6.6, plain_rev 6.5, commit_sf 1.2, commit_mdbx 0.1, commit_rocks 0.1; longest task sf_tx 68.3; in-memory 9 -> 10 (max 12); RSS 36.5 -> 36.3 G; lag 11 -> 10 = -2.0 blocks/min; bp max 0
  leg end: in-memory 11, max over the sampler 12, backpressure stalls 0
== loop346A2X: execution and root fields (median / p90 per block); over 1001 full builds: rename_fallbacks total 0, rename_record_waits total 33379, carried_depth values ['2']
    folded lines 255: pending_max max 90 (median 82); pending_us_max max 49,935; drops_max max 234024
    flags: seal_on_counters true:254; freeze_pool_own true:254; plan_body 1:246/2:8; prep_from_plan false:8/true:246; plan_ahead 1:254; seal per 1,000 transfers 0.245 ms
  window 1 (254 builds): on-CPU share 1.00/1.00; CPU per transfer 2.45/2.87 us; sealed_at_ms 98/143; par_exec_ms 35/41; par_fold_ms 50/65; index_ms 52/67; par_start_ms 1/20; gap_before_exec_ms 54/101; state_wait_us 53,726/100,580; parent_fields_ms 0/0; roots_ms 61/86; seal_to_fields_us 127,830/156,079; seal_to_complete_us 258,764/295,878; rename_fallbacks 0/0; rename_record_waits 9/13; carried_depth 2/2; plan_body_us 27,484/39,698; batch_max_ms 12/17; tx_root_ms 2/3; sealed_ms 2/3
    folded lines 249: pending_max max 93 (median 81); pending_us_max max 50,554; drops_max max 105133
    flags: seal_on_counters true:250; freeze_pool_own true:250; plan_body 1:246/2:4; prep_from_plan false:4/true:246; plan_ahead 1:250; seal per 1,000 transfers 0.245 ms
  window 2 (250 builds): on-CPU share 1.00/1.00; CPU per transfer 2.47/2.81 us; sealed_at_ms 98/146; par_exec_ms 35/40; par_fold_ms 48/61; index_ms 50/63; par_start_ms 3/24; gap_before_exec_ms 53/112; state_wait_us 52,890/111,199; parent_fields_ms 0/0; roots_ms 62/98; seal_to_fields_us 128,929/163,504; seal_to_complete_us 262,879/302,894; rename_fallbacks 0/0; rename_record_waits 23/28; carried_depth 2/2; plan_body_us 26,737/33,381; batch_max_ms 13/16; tx_root_ms 2/3; sealed_ms 2/3
    folded lines 244: pending_max max 94 (median 82); pending_us_max max 49,422; drops_max max 98234
    flags: seal_on_counters true:243; freeze_pool_own true:243; plan_body 1:241/2:2; prep_from_plan false:2/true:241; plan_ahead 1:243; seal per 1,000 transfers 0.253 ms
  window 3 (243 builds): on-CPU share 1.00/1.00; CPU per transfer 2.47/2.77 us; sealed_at_ms 101/158; par_exec_ms 35/41; par_fold_ms 49/59; index_ms 52/61; par_start_ms 1/24; gap_before_exec_ms 53/116; state_wait_us 53,451/115,808; parent_fields_ms 0/0; roots_ms 67/113; seal_to_fields_us 132,687/186,519; seal_to_complete_us 272,243/327,707; rename_fallbacks 0/0; rename_record_waits 40/48; carried_depth 2/2; plan_body_us 27,313/33,922; batch_max_ms 13/17; tx_root_ms 2/3; sealed_ms 2/3
    folded lines 239: pending_max max 97 (median 82); pending_us_max max 52,678; drops_max max 113176
    flags: seal_on_counters true:239; freeze_pool_own true:239; plan_body 0:1/1:235/2:3; prep_from_plan false:4/true:235; plan_ahead 0:1/1:238; seal per 1,000 transfers 0.268 ms
  window 4 (239 builds): on-CPU share 1.00/1.00; CPU per transfer 2.44/2.83 us; sealed_at_ms 107/158; par_exec_ms 35/43; par_fold_ms 52/67; index_ms 54/69; par_start_ms 0/20; gap_before_exec_ms 62/119; state_wait_us 62,078/118,505; parent_fields_ms 0/0; roots_ms 63/127; seal_to_fields_us 135,369/202,354; seal_to_complete_us 272,622/340,063; rename_fallbacks 0/0; rename_record_waits 62/75; carried_depth 2/2; plan_body_us 27,828/33,837; batch_max_ms 13/21; tx_root_ms 2/3; sealed_ms 2/3
win1   tps=3,373,333 txs=101,200,000 blocks= 253 cycle=0.119s occupancy= 99.6% full(>=95%)=252/253 basefee=n/a (from the layer's log)
win2   tps=3,333,333 txs=100,000,000 blocks= 250 cycle=0.120s occupancy=100.0% full(>=95%)=250/250 basefee=n/a (from the layer's log)
win3   tps=3,226,667 txs=96,800,000 blocks= 242 cycle=0.124s occupancy=100.0% full(>=95%)=242/242 basefee=n/a (from the layer's log)
win4   tps=3,186,667 txs=95,600,000 blocks= 239 cycle=0.126s occupancy=100.0% full(>=95%)=239/239 basefee=n/a (from the layer's log)
leg loop346BEST: /data free 556G (needs 120 G)
leg loop346BEST start 22:19:16 load 6.02
round loop346BEST exit 0 at 22:22:13
loop346BEST save stages (node0, seconds summed over the leg / count): batch_size=1040.0/339  batch_size=1040.0/339  reth_consensus_engine_beacon_persistence_duration=64.4/339  duration_seconds=60.2/339  total=55.5/339  scope=50.8/339  sf=49.8/339  sf_transactions=49.6/339  qmdb_persisted=26.4/339  sf_account_changesets=21.0/339
el binary: /data/n42-build/target-n42-rs/native/release/n42 env: N42_IMPORT_ONCE=1 N42_SETTLEMENT_TAGS=legacy N42_BUILD_THROTTLE_SOFT=48 F7_EL_MAP=0,0,0,0,0,0,0 N42_FIELDS_AT_SEAL=1 N42_FREEZE_AFTER_SEAL=1 N42_FRAME_BLOCKS=1 N42_TX_INGEST_RECOVER_PARALLEL=24 N42_FREEZE_POOL=own N42_PARALLEL_BUILD_THREADS=32 N42_PLAN_AHEAD=1 N42_HASHED_TABLES=off F7_FLOOD_RATE=6000000 N42_COMPACT_BODY=1 N42_BUILD_BATCHES=128 MALLOC_CONF=thp:always,oversize_threshold:0,dirty_decay_ms:2000,background_thread:true N42_SEAL_ON_COUNTERS=1 N42_ACCOUNT_HISTORY=off N42_TAKE_COMPACT=1 N42_SF_EARLY_WRITEBACK=1 N42_ROAD_RUNTIME=1 N42_TX_INGEST_HIGH_WATER=2500000 F7_BENCH_POOL_SLOTS=3000000 N42_PLAN_AHEAD_BODY=1 N42_SEAL_AT_EXEC=1 N42_TX_QUEUE_DRAIN_CHUNK=8192 N42_ANSWER_LAYOUT_ONLY=1 N42_PULL_BY_FRAMES=1 N42_SF_PARALLEL_ENCODE=1 N42_BUILD_THROTTLE_HARD=80 N42_LIVE_INDEX_DEFER=1 RAYON_NUM_THREADS=16 N42_ROOT_OPS_AHEAD=1 TOKIO_WORKER_THREADS=16 N42_QMDB_READS=on N42_LEADER_LAYERS=3 N42_PERSIST_QMDB_IN_SCOPE=1 F7_BLOCK_INTERVAL_MS=104 F7_MEASURE_FROM_LOG=1
validator env: N42_IMPORT_ONCE=1 N42_SETTLEMENT_TAGS=legacy N42_BUILD_THROTTLE_SOFT=48 F7_EL_MAP=0,0,0,0,0,0,0 N42_FIELDS_AT_SEAL=1 N42_FREEZE_AFTER_SEAL=1 N42_FRAME_BLOCKS=1 N42_TX_INGEST_RECOVER_PARALLEL=24 N42_FREEZE_POOL=own N42_PARALLEL_BUILD_THREADS=32 N42_PLAN_AHEAD=1 N42_HASHED_TABLES=off F7_FLOOD_RATE=6000000 N42_COMPACT_BODY=1 N42_BUILD_BATCHES=128 N42_SEAL_ON_COUNTERS=1 N42_ACCOUNT_HISTORY=off N42_TAKE_COMPACT=1 N42_SF_EARLY_WRITEBACK=1 N42_ROAD_RUNTIME=1 N42_TX_INGEST_HIGH_WATER=2500000 F7_BENCH_POOL_SLOTS=3000000 N42_PLAN_AHEAD_BODY=1 N42_SEAL_AT_EXEC=1 N42_TX_QUEUE_DRAIN_CHUNK=8192 N42_ANSWER_LAYOUT_ONLY=1 N42_PULL_BY_FRAMES=1 N42_SF_PARALLEL_ENCODE=1 N42_BUILD_THROTTLE_HARD=80 N42_LIVE_INDEX_DEFER=1 RAYON_NUM_THREADS=16 N42_ROOT_OPS_AHEAD=1 TOKIO_WORKER_THREADS=16 N42_QMDB_READS=on N42_LEADER_LAYERS=3 N42_PERSIST_QMDB_IN_SCOPE=1 F7_MEASURE_FROM_LOG=1
loop346BEST once: start-up lines import_once=true 1; last direct-import counters 
loop346BEST imports: layers=1 direct_imports=0 canonical_blocks=2254 import_once_lines=1 (per layer: direct imports should equal canonical blocks for one execution per block)
grep: /data/blockchain/rust-fleet7-bench/node1/el.log: No such file or directory
grep: /data/blockchain/rust-fleet7-bench/node2/el.log: No such file or directory
grep: /data/blockchain/rust-fleet7-bench/node3/el.log: No such file or directory
grep: /data/blockchain/rust-fleet7-bench/node1/el.log: No such file or directory
grep: /data/blockchain/rust-fleet7-bench/node2/el.log: No such file or directory
grep: /data/blockchain/rust-fleet7-bench/node3/el.log: No such file or directory
cat: /data/blockchain/rust-fleet7-bench/node2/el.log: No such file or directory
cat: /data/blockchain/rust-fleet7-bench/node2/el.log: No such file or directory
cat: /data/blockchain/rust-fleet7-bench/node2/el.log: No such file or directory
cat: /data/blockchain/rust-fleet7-bench/node1/el.log: No such file or directory
cat: /data/blockchain/rust-fleet7-bench/node2/el.log: No such file or directory
cat: /data/blockchain/rust-fleet7-bench/node3/el.log: No such file or directory
Traceback (most recent call last):
  File [35m"<stdin>"[0m, line [35m4[0m, in [35m<module>[0m
[1;35mIndexError[0m: [35mlist index out of range[0m
loop346BEST no_variant=0 own_not_committed=0 tc=1 invalid_blocks=0 incomplete=0 gas_mismatch=0 direct_imports_failed=0 stuck_at_hashed_state=0 engine_idles_over_5s=1 proposals_given_up=0 tables_off_nodes=1 unanswered_reads=0 seal_first_total=764 seal_first_direct=764 direct_guard_errors=0 commit_ms_median=0 fold_ms_median=48 sealed_at_ms_median=99 state_ready_ms_median=205 build_total_ms_median=375 recover_us_median=0 par_exec_ms_median=35 par_exec_ms_median=35 giveback_filtered=0 giveback_offered_max=400000 seal_first=764 reader_lag_max=10 reader_lag_warns=0 view_invalidated=0 el_sum_peak_g=46.0 el_max_peak_g=46.0 val_sum_peak_g=1.9 flood_peak_g=0.6 two_roads_blocks=0 two_roads_overlap_ms_median=- exec_on_output_declined=0 r1_collect_ms_median=5 proposal_at_ms_median=93 view_total_ms_median=105 import_exec_ms_median=- import_total_ms_median=- import_senders_ms_median=- import_convert_ms_median=- import_groups_median=- imports_over_600ms=0 min_avail_g=64.2 road_foreign_body_recv_ms=- road_foreign_body_decode_ms=- road_foreign_body_senders_ms=- road_foreign_body_parent_wait_ms=- road_foreign_body_check_ms=- road_foreign_body_total_ms=- road_new_payload_recv_ms=- road_new_payload_decode_ms=- road_new_payload_senders_ms=- road_new_payload_parent_wait_ms=- road_new_payload_check_ms=- road_new_payload_total_ms=- road_foreign_body_blocks=0 road_new_payload_blocks=0 fcu_answered=1030 fcu_in_flight_ms_median=0 fcu_queued_ms_median=0 fcu_queued_ms_max=168 fcu_refused=0 fcu_slow=1260 bodies_held=0 road_reuse_ms=- road_prepare_ms=- road_dispatch_ms=- road_convert_ms=- road_remember_ms=- road_header_ms=- road_fields_ms=- road_other_ms=- import_engine_ms_median=- gate_forced=0 gate_warns=0 flood_timeouts=0 canonical_min=2268 canonical_max=2268 chained_builds=1406 chain_lead_ms_median=101 chain_wait_ms_median=0 chain_started=1411 chain_discarded=6 chain_discard_reasons=_1_reason="no_,_2_reason="no_state_found_for_block_,_2_reason="the_chained_build_produced_nothing,_3_reason="the_execution_layer_produced_nothing,_1_reason="the_request_names_another_parent chain_alias_warns=0 el_chained=1415 bodies_held_warns=0 el_build_refused=4 el_build_refused_reasons=_2_no_state_found_for_block_0x,_1_the_build_was_aborted,_1_no_QMDB_tree_for_parent_block_0x queued_p5=2114500 queued_p50=2322500 road_compact_blocks=0 road_compact_recv_ms=- road_compact_assemble_ms=- road_compact_root_ms=- road_compact_miss_wait_ms=- road_compact_senders_ms=- road_compact_check_ms=- road_compact_other_ms=- road_compact_total_ms=- road_compact_misses_total= compact_refused_el=0 compact_fallbacks=0 compact_bytes_median=- pool_order9=14328 par_pull_ms_median=0 build_total_ms_median2=21 road_compact_filled_blocks=0 road_compact_filled_median=- road_compact_fill_ms_median=- need_txns=0 fill_failed=0 ingest_rate_gate_open_median=- ingest_gate_open_intervals=0 ingest_slots_busy_median=- flood_rate= fill_asked_proposer=0 fill_asked_other=0 loop_lines=1777 loop_unnamed_ms_median=90 loop_body_served_ms_median=- loop_txns_served_ms_median=- import_exec_ms_median2=- pip_partition_ms=- pip_env_ms=- pip_batch_ms=- pip_groups_ms=- pip_gas_ms=- pip_merge_ms=- pip_receipts_ms=- pip_drop_ms=- pip_other_ms=- pip_total_ms=- senders_indexed_median=- road_senders_ms_median=- road_total_ms_median=- pew_ms_median=- pew_ms_p90= gate_ms_median=- gate_ms_p90= root_ms_p50=- root_ms_p90= two_roads=0 not_on_output=0 not_on_output_why= ckpt_ms_first_q=4 ckpt_ms_last_q=74 ckpt_bytes_last=34798684 parent_still_importing=0 root_wait_ms_p50=- root_wait_ms_p90= tenures_low_seal=12 seal_first_share=0.99 empty_over_deep=0 near_empty_warns=0 no_seal_why=_1_why="the_parallel_step_built_nothing" par_skipped_median=- usable_p5=2109500 ckpt_replay_ms_last_q=19 candidates_zero=0 dropped_ingest=0 let_go_warns=0 let_go_reasons= parked_p50=0 parked_max=0 held_warns=0 park_capped_total=0 superseded_builds=1 empty_not_superseded=0 mass_park_warns=0 heads_lines=0 holes_lines=0 stale_parent_refusals=0 par_groups_p5=0 cancelled_decided=0 heads_nonce0=0 stale_unconfirmed= handovers=0 el_panics=0 decided_cancelled=0 min_window_blocks=235 road_desc_blocks=0 road_desc_total_ms=- road_desc_copy_ms=- desc_misses=0 fill_failed2=0 sf_par_collect_ms=0 sf_par_commit_ms=0 sf_par_fold_ms=8 sf_par_graft_ms=0 sf_par_prefault_ms=0 sf_par_exec_ms=14 sf_sealed_at_ms=19 sf_roots_ms=21 sf_state_ready_ms=70 sf_total_ms=104 ba_find_ms=0 ba_queue_ms=0 ba_total_ms=21 ba_on_output=1 queue_fold_us=0 queue_lock_us=0 sf_par_exec_ms=14 sf_par_fold_ms=8 pip_groups_ms=- import_exec_ms_median2=- reads_d0=0 reads_hist=0 f_reads_d0=- f_reads_hist=- f_overlay_depth=- L_read_set_ms=0 read_set_accounts=0 read_set_unresolved=0 read_set_hits=0 read_set_misses=0 start_best_ms=- par_prep_ms=- gap_before_exec_ms=- gap_after_exec_ms=- gap_before_seal_ms=- index_ms=- road_copy_aside_ms=- road_copy_wait_ms=- road_total_ms=- queue_first_miss=queue_first_miss=0:1487,queue_first_miss=18446744073709551615:768 root_append_behind=0 populate_lag_mb=0 swap_used_g=0 root_faults=- root_faults_p90= root_faults_entries=0 root_faults_offsets=0 root_faults_index=0 root_faults_bits=0 root_faults_twigs=0 root_faults_undo=0 root_faults_tmp=0 root_append_faults=0 root_twig_pool_misses=0 batch_max_ms=12 batch_min_ms=4 batch_median_ms=7 batch_cpu_max_ms=12 batch_txs_max=3500 batch_txs_min=3000 batch_start_skew_ms=27 batch_wait_ms=0 loop_fetch_ns=0 loop_check_ns=0 loop_transfer_ns=0 loop_receipt_ns=0 loop_gas_ns=0 loop_sink_ns=0 loop_other_ns=0 batch_setup_ns=0 batch_close_ns=0 imp_exec_part_ms=- imp_exec_batches_ms=- imp_exec_graft_ms=- imp_exec_batches=- imp_exec_threads=- imp_exec_batch_max_ms=- imp_exec_batch_median_ms=- imp_parent_output_wait_ms=- road_parent_output_wait_ms=- next_start_gap_ms=1 next_entry_gap_ms=0 commit_body_ahead_used=- imp_exec_keys_ms=- imp_keys_ahead=- imp_exec_sink_ms=- imp_exec_pre_ms=- imp_exec_post_ms=- imp_exec_receipts_ms=- imp_exec_drop_ms=- root_gap_ms=- queue_whole=queue_whole=false:1487,queue_whole=true:768 tick_tick_late_us=710 tick_preamble_us=343 tick_take_sealed_us=1 tick_sign_us=0 tick_cache_us=0 tick_presealed=- tick_describe_us=10 tick_publish_us=601 tick_tick_to_send_us=1745 road_check_ms=- road_check_include_us=- road_check_scan_us=- road_check_fold_us=- road_check_senders_us=- road_check_frames_summarized=- road_check_frames_scanned=- imp_exec_start_gap_us=- imp_gap_road_us=- imp_gap_header_us=- imp_gap_senders_us=- imp_gap_parent_us=- imp_gap_setup_us=- imp_gap_keys_wait_us=- sealed_at_p90= sealed_over_130=0 roots_ms=- cycle_p90= batch_max_ms=- batch_median_ms=- imp_batch_max=- forest_lock_warns=1456 root_seal_ms=2 root_seals=40 root_majflt=18067 roots_p90= gp_layer=770 ggp_missing=252 state_wait_split=0/0/0/0:109,54/0/0/0:16,50/0/0/0:15 qmdb_releases=0 state_wait_on= imp_road_end_ms=- imp_exec_start_ms=- imp_exec_end_ms=- imp_root_end_ms=- imp_fields_ready_ms=- imp_parent_fields_wait_ms=- imp_exec_ms=- imp_root_ms=- imp_checks_ms=- imp_engine_ms=- imp_total_ms=- road_parent_fields_wait_ms=- exec_read_ms=0 L_exec_evm_ms=0 L_exec_write_ms=0 L_exec_other_ms=0 L_reads_cache=0 L_reads_provider=0 L_reads_view=0 L_graft_base_ms=0 L_graft_reserve_ms=0 L_graft_insert_ms=0 L_graft_reverts_ms=0 L_graft_other_ms=0 L_par_exec_ms=14 L_par_graft_ms=0 F_exec_read_ms=- F_exec_evm_ms=- F_exec_write_ms=- F_exec_other_ms=- F_reads_cache=- F_reads_provider=- F_reads_view=- F_groups_ms=- L_tx_root_wait_ms=0 L_par_exec_ms=14 L_par_graft_ms=0 L_par_fold_ms=8 L_sealed_ms=0 L_state_ready_ms=70 L_roots_ms=21 L_finish_ms=71 L_total_ms=104 L_setup_ms=0 L_par_pull_ms=0 L_give_back_ms=0 L_state_wait_ms=0 L_state_after_pull=764 L_seal_at_exec=764 L_tx_root_ahead=0 flood_w1=3360400 txs_p10=400000 acq_us=460 slots_busy=14 ingest_rate=3306419 L_scope_join_ms=0 L_par_release_ms=0 L_commit_body_ms=0 L_par_commit_ms=0 L_give_back_ms=0 L_sealed_ms=0 L_par_exec_ms=14 L_state_wait_ms=0 L_par_pull_ms=0 L_par_prep_ms=0 L_par_start_ms=3 L_pre_exec_ms=0 L_par_run_ms=15 L_sealed_at_ms=19 F_partition_ms=- F_env_ms=- F_groups_ms=- F_merge_ms=- F_reverts_wait_ms=- F_ahead_wait_ms=- F_total_ms=- I_engine_ms=- I_root_ms=- I_total_ms=- H_engine_remember_ms=- H_engine_listing_ms=- H_engine_new_payload_ms=- busy_us=1 L_par_start_ms=3 L_start_handoff_ms=0 L_start_best_ms=3 L_start_puller_ms=0 L_par_pull_ms=0 L_par_prep_ms=0 L_state_wait_ms=0 L_par_exec_ms=14 L_par_commit_ms=0 L_sealed_ms=0 L_sealed_at_ms=19 L_par_graft_ms=0 L_graft_insert_ms=0 L_graft_reverts_ms=0 L_graft_split_us=0 L_graft_build_us=0 L_graft_merge_us=0 L_state_ready_ms=70 Q_queue_ms=0 R_dispatch_wait_ms=- R_total_ms=- R_road_runtime=1 gate_holds=0 peer_fetch=0 pool_limit=limit=8 gate_opened=gate_opened_for_block=0 I_root_ms=- flood_rate_hdr=rate=6000000/s fills=0 fill_waited=- slots_busy=14 acq_us=460 busy_us=1 converged=0 fallbacks=0 busy_us=1 recover_us=0 tf_on_output=2 tf_fallback=0 still_importing=0 busy_us=1 slots_busy=14 batches=altsig_txs=0 altsig_batches=0 tf_on_output=2 tf_fallback=0 gate_holds=0 sign_s=sign 0s replay_note=replay       : 64 files from /data/n42-pregen/g900000-400m, 400000000 transactio sign_s=sign 0s shard=shard_verified=0 shard_claimed=0 road_verified=- slots_busy=14 gate_us=5031 reply_us=5595 queued=2322500 assemble_ms=- road_take_ms=- road_body_ms=- road_encode_ms=- shards=16 shard_insert_ms=0 shard_wait_ms=0 shard_fold_ms=50 shard_append_ms=32 shard_merge_ms=131 state_ready_ms=205 roots_ms=63 exec_read_ms=0 exec_evm_ms=0 exec_write_ms=0 exec_other_ms=0 reads_cache=0 reads_provider=0 reads_view=0 par_run_ms=88 fold_task_cpu_max_us=48842 fold_task_minflt_max=83 fold_task_minflt_sum=83 fold_task_migrated=0 fold_task_nivcsw_max=0 fold_index=1 fold_index_build_ms=49 fold_index_conflicts=31498 fold_queue_us=74 fold_skew_us=49 fold_task_max_us=48920 fold_tail_us=34 start_best_ms=3 start_select_ms=0 start_walk_ms=0 start_walk_check_ms=0 start_best_other_ms=0 start_frames_by_ref=0 start_frames_slow=0 start_pull_ms=0 start_other_ms=0 start_handoff_ms=0 par_start_ms=3 par_prep_ms=0 par_commit_ms=0 commit_body_ms=0 par_fold_ms=48 sealed_ms=2 copy_ms=- prune_ms=0 frames=- frames_missing=- frame_root_ms=- root_ms=- frames_admitted=frames_admitted=610723 frames_unaligned=0 frame_root_indexed=- seal_layout_ms=1 seal_root_ms=0 attested= busy_us=1 slots_busy=14 reply_us=5595 prune_ms=0 body_refused=0 body_failed_late=0
loop346BEST win1 tps=3,480,000 txs=104,400,000 blocks= 261 cycle=0.115s occupancy= 99.2% full(>=95%)=259/261 basefee=n/a (from the layer's log)
loop346BEST win2 tps=3,253,333 txs=97,600,000 blocks= 244 cycle=0.123s occupancy=100.0% full(>=95%)=244/244 basefee=n/a (from the layer's log)
loop346BEST win3 tps=3,133,333 txs=94,000,000 blocks= 235 cycle=0.128s occupancy=100.0% full(>=95%)=235/235 basefee=n/a (from the layer's log)
loop346BEST tps=3,480,000 round_txs=296000000 cycles_w1=
loop346BEST imp_fields_p90= b_p75=43
loop346BEST overlay: filter_skips=0 probes=0 ratio=- (ratio = skips/(skips+probes))
loop346BEST overlay_manager:       1 state_trie_overlay=false  state-ovly_cpu=0
loop346BEST verify: written to /data/blockchain/rust-fleet7-bench/bench-loop346BEST/verify.json
== loop346BEST  (E=1: seven validator keys on one execution layer)
  window 1: canonical 261 blocks, 104.4M tx = 3,480,000/s (100.0% of window 1), full 259/261 (99%); cycle mean/median/p90 115.2/106.0/142.7 ms
    leader builds 261: sealed_at median/p90/p99 96/137/173; phases median/p90 ms: gap_before_exec 49/92, state_wait 48/91, par 139/184, par_exec 35/41, roots 63/87, parent_fields 0/0, sealed 2/3
    state_wait_on {'output': 205, 'none': 35, 'grandparent': 21}; builds with state_wait > 20 ms: 212 ([('output', 192), ('grandparent', 20)]); gp_layer {1.0: 261}, ggp_missing {0.0: 201, 1.0: 60}
    queue at the builds min/median 1,952,000/2,388,000
    new field batch_cpu_sum_us: median/p90/max 978080.0/1134701.0/1859022, nonzero 261
    new field batch_dispatch_us: median/p90/max 296.0/397.0/620, nonzero 261
    new field batch_first_start_us: median/p90/max 105.0/203.0/315, nonzero 261
    new field batch_ivcsw: median/p90/max 3.0/9.0/36, nonzero 217
    new field batch_last_end_us: median/p90/max 35160.0/41425.0/63665, nonzero 261
    new field batch_last_start_us: median/p90/max 27433.0/32033.0/51174, nonzero 261
    new field batch_live_deferred: median/p90/max 82.0/87.0/107, nonzero 261
    new field batch_live_lock_hold_us: median/p90/max 18277.0/21097.0/25263, nonzero 261
    new field batch_live_lock_wait_us: median/p90/max 0.0/0.0/0, nonzero 0
    new field batch_live_lock_waits: median/p90/max 0.0/0.0/0, nonzero 0
    new field batch_majflt: median/p90/max 0.0/0.0/0, nonzero 0
    new field batch_minflt: median/p90/max 1631.0/17566.0/40948, nonzero 261
    new field batch_open_max_us: median/p90/max 503.0/611.0/3233, nonzero 261
    new field batch_open_sum_us: median/p90/max 12453.0/15013.0/20896, nonzero 261
    new field batch_threads: median/p90/max 32.0/32.0/32, nonzero 261
    new field batch_vcsw: median/p90/max 167.0/361.0/666, nonzero 261
    new field batch_view_index_wait_us: median/p90/max 0.0/21755.0/56065, nonzero 56
    new field batch_view_index_waits: median/p90/max 0.0/175.0/426, nonzero 56
    new field batch_view_slot_wait_us: median/p90/max 0.0/585.0/1910, nonzero 63
    new field batch_view_slot_waits: median/p90/max 0.0/24.0/57, nonzero 63
    new field batch_wall_sum_us: median/p90/max 986955.0/1162525.0/1864011, nonzero 261
    new field batches: median/p90/max 128.0/128.0/128, nonzero 261
    new field build_batches: median/p90/max 128.0/128.0/128, nonzero 261
    new field carried_depth: median/p90/max 2.0/2.0/2, nonzero 261
    new field exec_end_to_seal_us: median/p90/max 130.0/184.0/451, nonzero 261
    new field exec_partition_us: median/p90/max 11.0/15.0/6090, nonzero 261
    new field exec_prepared_groups: {'true': 254, 'false': 7}
    new field exec_prepared_slots: {'true': 254, 'false': 7}
    new field exec_slots_us: median/p90/max 0.0/0.0/2214, nonzero 7
    new field freeze_join_wait_us: median/p90/max 50011.0/65977.0/89867, nonzero 261
    new field freeze_late: {'true': 261}
    new field freeze_pool_own: {'true': 261}
    new field live_index_defer: {'true': 261}
    new field merge_accounts: median/p90/max 366655.0/373641.0/378847, nonzero 261
    new field merge_append_us: median/p90/max 9770.0/16452.0/28569, nonzero 261
    new field merge_reverts: median/p90/max 366655.0/373641.0/378847, nonzero 261
    new field merge_reverts_us: median/p90/max 32778.0/43164.0/65056, nonzero 261
    new field merge_state_us: median/p90/max 86991.0/102180.0/124256, nonzero 261
    new field merge_tail_us: median/p90/max 0.0/0.0/1, nonzero 3
    new field merge_threads: median/p90/max 1.0/1.0/1, nonzero 261
    new field one_wave: {'false': 261}
    new field open_engine_us: median/p90/max 0.0/40291.0/104007, nonzero 60
    new field open_fallback: {'false': 201, 'true': 60}
    new field open_keep_us: median/p90/max 6.0/8.0/32, nonzero 261
    new field open_layers: median/p90/max 3.0/3.0/3, nonzero 261
    new field open_provider_us: median/p90/max 138.0/217.0/412, nonzero 261
    new field plan_age_us: median/p90/max 89677.0/178546.0/242522, nonzero 261
    new field plan_ahead: median/p90/max 1.0/1.0/1, nonzero 261
    new field plan_body: median/p90/max 1.0/1.0/2, nonzero 261
    new field plan_body_us: median/p90/max 27170.0/35667.0/45207, nonzero 254
    new field plan_discard: {'': 261}
    new field plan_prep_us: median/p90/max 12880.0/20151.0/53727, nonzero 261
    new field plan_topup_txs: median/p90/max 0.0/0.0/0, nonzero 0
    new field prep_from_plan: {'true': 254, 'false': 7}
    new field prev_seal_to_answer_us: median/p90/max 3191.0/4814.0/11692, nonzero 261
    new field prev_seal_to_entry_us: median/p90/max 0.0/0.0/0, nonzero 0
    new field prev_seal_to_header_us: median/p90/max 226.0/332.0/640, nonzero 261
    new field prev_seal_to_import_us: median/p90/max 267475.0/324231.0/370939, nonzero 253
    new field prev_seal_to_request_us: median/p90/max 982.0/111487.0/147786, nonzero 261
    new field prev_seal_to_start_us: median/p90/max 1298.0/111790.0/148092, nonzero 261
    new field pull_bulk_txs: median/p90/max 400000.0/400000.0/400000, nonzero 261
    new field pull_bulk_us: median/p90/max 8.0/13.0/2783, nonzero 261
    new field rename_fallbacks: median/p90/max 0.0/0.0/0, nonzero 0
    new field rename_record_waits: median/p90/max 4.0/5.0/5, nonzero 208
    new field root_apply_gap_us: median/p90/max 11.0/14.0/20, nonzero 261
    new field root_apply_total_us: median/p90/max 40373.0/55783.0/90376, nonzero 261
    new field root_compute_us: median/p90/max 43945.0/60633.0/93804, nonzero 261
    new field root_delta_us: median/p90/max 2049.0/3210.0/22658, nonzero 261
    new field root_index_us: median/p90/max 4426.0/8490.0/26215, nonzero 261
    new field root_leaves_us: median/p90/max 12310.0/20591.0/40845, nonzero 261
    new field root_note_us: median/p90/max 282.0/731.0/2147, nonzero 261
    new field root_ops_ahead: {'true': 261}
    new field root_ops_ahead_wait_us: median/p90/max 9431.0/24029.0/42926, nonzero 261
    new field root_ops_concat_us: median/p90/max 0.0/0.0/0, nonzero 0
    new field root_ops_encode_us: median/p90/max 11164.0/21589.0/42756, nonzero 261
    new field root_ops_finish_us: median/p90/max 4579.0/5816.0/13438, nonzero 261
    new field root_ops_sort_us: median/p90/max 7840.0/15397.0/42398, nonzero 261
    new field root_ops_us: median/p90/max 14463.0/29399.0/47884, nonzero 261
    new field root_rehash_us: median/p90/max 1549.0/2081.0/14248, nonzero 261
    new field root_retire_us: median/p90/max 1695.0/3177.0/12837, nonzero 261
    new field root_sort_us: median/p90/max 586.0/1310.0/6063, nonzero 261
    new field root_undo_us: median/p90/max 753.0/1423.0/7749, nonzero 261
    new field root_writes_us: median/p90/max 17189.0/25202.0/43647, nonzero 261
    new field seal_hashes_ahead: {'true': 261}
    new field seal_on_counters: {'true': 261}
    new field seal_to_complete_us: median/p90/max 261043.0/291431.0/329373, nonzero 261
    new field seal_to_frozen_us: median/p90/max 49992.0/65929.0/89830, nonzero 261
    new field seal_to_merge_end_us: median/p90/max 260878.0/291295.0/329231, nonzero 261
    new field seal_to_merge_start_us: median/p90/max 128352.0/153025.0/191796, nonzero 261
    new field seal_to_ops_ahead_us: median/p90/max 75498.0/96757.0/123737, nonzero 261
    new field seal_to_state_ready_us: median/p90/max 260892.0/291304.0/329247, nonzero 261
    new field sealed_unix_us: median/p90/max 1791426052968126.0/1791426064791746.0/1791426067802195, nonzero 261
    new field start_walk_check_us: median/p90/max 0.0/0.0/0, nonzero 0
    new field start_walk_ids_us: median/p90/max 0.0/0.0/0, nonzero 0
    new field start_walk_settle_us: median/p90/max 0.0/0.0/0, nonzero 0
    new field start_walk_us: median/p90/max 0.0/0.0/0, nonzero 0
    new field state_wait_us: median/p90/max 48916.0/91415.0/133798, nonzero 261
    new field view_journal_reads: median/p90/max 4096.0/40960.0/114688, nonzero 131
    new field view_journal_searches: median/p90/max 7609.0/102243.0/298838, nonzero 131
    new field view_journal_skips: median/p90/max 0.0/0.0/0, nonzero 0
    new field whole_take_noted: {'true': 261}
    binding wait (tick / quorum / seal share, mean cycle): tick 59% (106); quorum 38% (127); seal 3% (145); feed-bound (blocks under 95% of the tier): 2 of 261
    slowest key vote delay median/p90 65.4/124.4 ms
    engine own-import total_ms per block median/p90/max 68/98/142 (n=260)
    layer RSS 4.8 -> 35.3 G (max 36.0), in-memory blocks max 11
    execution layer cores busy 35.2    validators cores busy 0.7
    flood delivered (median per 5 s over the leg) 3,391,662/s
  window 2: canonical 244 blocks, 97.6M tx = 3,253,333/s (93.5% of window 1), full 244/244 (100%); cycle mean/median/p90 122.4/106.7/157.8 ms
    leader builds 244: sealed_at median/p90/p99 102/158/223; phases median/p90 ms: gap_before_exec 55/113, state_wait 54/112, par 145/200, par_exec 35/40, roots 65/99, parent_fields 0/0, sealed 2/3
    state_wait_on {'output': 175, 'none': 27, 'grandparent': 41, 'layer_release': 1}; builds with state_wait > 20 ms: 206 ([('output', 167), ('grandparent', 39)]); gp_layer {1.0: 244}, ggp_missing {0.0: 159, 1.0: 85}
    queue at the builds min/median 2,007,000/2,394,250
    new field batch_cpu_sum_us: median/p90/max 998281.0/1122088.0/1417886, nonzero 244
    new field batch_dispatch_us: median/p90/max 281.0/371.0/1391, nonzero 244
    new field batch_first_start_us: median/p90/max 101.5/163.0/320, nonzero 244
    new field batch_ivcsw: median/p90/max 3.0/9.0/17, nonzero 186
    new field batch_last_end_us: median/p90/max 35776.5/40745.0/50140, nonzero 244
    new field batch_last_start_us: median/p90/max 27911.0/31889.0/40495, nonzero 244
    new field batch_live_deferred: median/p90/max 84.0/97.0/219, nonzero 244
    new field batch_live_lock_hold_us: median/p90/max 19269.5/23323.0/44497, nonzero 244
    new field batch_live_lock_wait_us: median/p90/max 0.0/0.0/0, nonzero 0
    new field batch_live_lock_waits: median/p90/max 0.0/0.0/0, nonzero 0
    new field batch_majflt: median/p90/max 0.0/0.0/0, nonzero 0
    new field batch_minflt: median/p90/max 1928.5/24006.0/60656, nonzero 244
    new field batch_open_max_us: median/p90/max 475.5/579.0/3960, nonzero 244
    new field batch_open_sum_us: median/p90/max 11653.5/14338.0/22176, nonzero 244
    new field batch_threads: median/p90/max 32.0/32.0/32, nonzero 244
    new field batch_vcsw: median/p90/max 169.5/334.0/556, nonzero 244
    new field batch_view_index_wait_us: median/p90/max 0.0/20637.0/46662, nonzero 53
    new field batch_view_index_waits: median/p90/max 0.0/161.0/362, nonzero 53
    new field batch_view_slot_wait_us: median/p90/max 0.0/423.0/1770, nonzero 57
    new field batch_view_slot_waits: median/p90/max 0.0/18.0/63, nonzero 57
    new field batch_wall_sum_us: median/p90/max 1003502.5/1140677.0/1419399, nonzero 244
    new field batches: median/p90/max 128.0/128.0/128, nonzero 244
    new field build_batches: median/p90/max 128.0/128.0/128, nonzero 244
    new field carried_depth: median/p90/max 2.0/2.0/2, nonzero 244
    new field exec_end_to_seal_us: median/p90/max 128.0/178.0/991, nonzero 244
    new field exec_partition_us: median/p90/max 12.0/17.0/4728, nonzero 244
    new field exec_prepared_groups: {'true': 237, 'false': 7}
    new field exec_prepared_slots: {'true': 237, 'false': 7}
    new field exec_slots_us: median/p90/max 0.0/0.0/2492, nonzero 7
    new field freeze_join_wait_us: median/p90/max 49597.5/62288.0/95015, nonzero 244
    new field freeze_late: {'true': 244}
    new field freeze_pool_own: {'true': 244}
    new field live_index_defer: {'true': 244}
    new field merge_accounts: median/p90/max 366818.0/373829.0/380102, nonzero 244
    new field merge_append_us: median/p90/max 11548.0/21859.0/38317, nonzero 244
    new field merge_reverts: median/p90/max 366818.0/373829.0/380102, nonzero 244
    new field merge_reverts_us: median/p90/max 33933.0/46042.0/85100, nonzero 244
    new field merge_state_us: median/p90/max 86934.0/106205.0/148424, nonzero 244
    new field merge_tail_us: median/p90/max 0.0/0.0/1, nonzero 4
    new field merge_threads: median/p90/max 1.0/1.0/1, nonzero 244
    new field one_wave: {'false': 244}
    new field open_engine_us: median/p90/max 0.0/60448.0/177344, nonzero 85
    new field open_fallback: {'false': 159, 'true': 85}
    new field open_keep_us: median/p90/max 5.0/9.0/9205, nonzero 244
    new field open_layers: median/p90/max 3.0/3.0/3, nonzero 244
    new field open_provider_us: median/p90/max 116.0/235.0/787, nonzero 244
    new field plan_age_us: median/p90/max 95021.5/186401.0/249527, nonzero 243
    new field plan_ahead: median/p90/max 1.0/1.0/1, nonzero 243
    new field plan_body: median/p90/max 1.0/1.0/2, nonzero 243
    new field plan_body_us: median/p90/max 29392.5/37742.0/47501, nonzero 237
    new field plan_discard: {'': 243, 'not_on_its_parent': 1}
    new field plan_prep_us: median/p90/max 13423.5/22259.0/50020, nonzero 243
    new field plan_topup_txs: median/p90/max 0.0/0.0/0, nonzero 0
    new field prep_from_plan: {'true': 237, 'false': 7}
    new field prev_seal_to_answer_us: median/p90/max 2935.5/4976.0/8828, nonzero 244
    new field prev_seal_to_entry_us: median/p90/max 0.0/0.0/0, nonzero 0
    new field prev_seal_to_header_us: median/p90/max 217.0/336.0/4195, nonzero 244
    new field prev_seal_to_import_us: median/p90/max 285752.5/341618.0/434298, nonzero 227
    new field prev_seal_to_request_us: median/p90/max 941.5/107862.0/155496, nonzero 244
    new field prev_seal_to_start_us: median/p90/max 1273.0/108214.0/155769, nonzero 244
    new field pull_bulk_txs: median/p90/max 400000.0/400000.0/400000, nonzero 244
    new field pull_bulk_us: median/p90/max 9.0/15.0/2127, nonzero 244
    new field rename_fallbacks: median/p90/max 0.0/0.0/0, nonzero 0
    new field rename_record_waits: median/p90/max 8.0/20.0/22, nonzero 244
    new field root_apply_gap_us: median/p90/max 11.0/14.0/23, nonzero 244
    new field root_apply_total_us: median/p90/max 41313.5/58409.0/97581, nonzero 244
    new field root_compute_us: median/p90/max 45348.5/64685.0/104694, nonzero 244
    new field root_delta_us: median/p90/max 2095.0/3820.0/31676, nonzero 244
    new field root_index_us: median/p90/max 4854.0/9462.0/30533, nonzero 244
    new field root_leaves_us: median/p90/max 13153.0/21844.0/57825, nonzero 244
    new field root_note_us: median/p90/max 273.5/443.0/1467, nonzero 244
    new field root_ops_ahead: {'true': 244}
    new field root_ops_ahead_wait_us: median/p90/max 9575.5/22918.0/54618, nonzero 244
    new field root_ops_concat_us: median/p90/max 0.0/0.0/0, nonzero 0
    new field root_ops_encode_us: median/p90/max 11135.5/21282.0/53111, nonzero 244
    new field root_ops_finish_us: median/p90/max 4445.0/7157.0/13594, nonzero 244
    new field root_ops_sort_us: median/p90/max 7834.0/14491.0/26612, nonzero 244
    new field root_ops_us: median/p90/max 14089.5/27484.0/59689, nonzero 244
    new field root_rehash_us: median/p90/max 2158.0/3144.0/26450, nonzero 244
    new field root_retire_us: median/p90/max 1730.0/3533.0/10305, nonzero 244
    new field root_sort_us: median/p90/max 629.5/1409.0/5690, nonzero 244
    new field root_undo_us: median/p90/max 688.0/1422.0/7959, nonzero 244
    new field root_writes_us: median/p90/max 16034.5/24119.0/42066, nonzero 244
    new field seal_hashes_ahead: {'true': 244}
    new field seal_on_counters: {'true': 244}
    new field seal_to_complete_us: median/p90/max 266573.0/310881.0/387200, nonzero 244
    new field seal_to_frozen_us: median/p90/max 49558.0/62254.0/95001, nonzero 244
    new field seal_to_merge_end_us: median/p90/max 266456.0/310773.0/387001, nonzero 244
    new field seal_to_merge_start_us: median/p90/max 131019.5/165133.0/207267, nonzero 244
    new field seal_to_ops_ahead_us: median/p90/max 73960.0/90413.0/129421, nonzero 244
    new field seal_to_state_ready_us: median/p90/max 266464.5/310782.0/387012, nonzero 244
    new field sealed_unix_us: median/p90/max 1791426082173921.0/1791426094851760.0/1791426097696515, nonzero 244
    new field start_walk_check_us: median/p90/max 0.0/0.0/268, nonzero 1
    new field start_walk_ids_us: median/p90/max 0.0/0.0/754, nonzero 1
    new field start_walk_settle_us: median/p90/max 0.0/0.0/0, nonzero 0
    new field start_walk_us: median/p90/max 0.0/0.0/9337, nonzero 1
    new field state_wait_us: median/p90/max 54692.5/112997.0/204433, nonzero 244
    new field view_journal_reads: median/p90/max 4096.0/36864.0/86016, nonzero 123
    new field view_journal_searches: median/p90/max 9662.0/90017.0/198059, nonzero 123
    new field view_journal_skips: median/p90/max 0.0/0.0/0, nonzero 0
    new field whole_take_noted: {'true': 244}
    binding wait (tick / quorum / seal share, mean cycle): tick 58% (109); quorum 41% (141); seal 0% (244); feed-bound (blocks under 95% of the tier): 0 of 244
    slowest key vote delay median/p90 79.5/147.0 ms
    engine own-import total_ms per block median/p90/max 77/104/167 (n=244)
    layer RSS 36.0 -> 42.9 G (max 42.9), in-memory blocks max 10
    execution layer cores busy 33.6    validators cores busy 0.6
  window 3: canonical 235 blocks, 94.0M tx = 3,133,333/s (90.0% of window 1), full 235/235 (100%); cycle mean/median/p90 127.3/109.0/178.2 ms
    leader builds 236: sealed_at median/p90/p99 101/172/219; phases median/p90 ms: gap_before_exec 54/131, state_wait 53/130, par 141/215, par_exec 35/40, roots 64/103, parent_fields 0/0, sealed 2/3
    state_wait_on {'none': 30, 'output': 149, 'grandparent': 56, 'layer_release': 1}; builds with state_wait > 20 ms: 198 ([('output', 144), ('grandparent', 54)]); gp_layer {1.0: 236}, ggp_missing {0.0: 134, 1.0: 102}
    queue at the builds min/median 1,961,500/2,377,750
    new field batch_cpu_sum_us: median/p90/max 961677.0/1113016.0/1367322, nonzero 236
    new field batch_dispatch_us: median/p90/max 283.0/369.0/3271, nonzero 236
    new field batch_first_start_us: median/p90/max 98.5/174.0/3120, nonzero 236
    new field batch_ivcsw: median/p90/max 3.0/11.0/34, nonzero 194
    new field batch_last_end_us: median/p90/max 34927.5/40537.0/59949, nonzero 236
    new field batch_last_start_us: median/p90/max 27005.0/31916.0/52776, nonzero 236
    new field batch_live_deferred: median/p90/max 85.0/127.0/363, nonzero 236
    new field batch_live_lock_hold_us: median/p90/max 18875.5/27981.0/69249, nonzero 236
    new field batch_live_lock_wait_us: median/p90/max 0.0/0.0/0, nonzero 0
    new field batch_live_lock_waits: median/p90/max 0.0/0.0/0, nonzero 0
    new field batch_majflt: median/p90/max 0.0/0.0/6478, nonzero 12
    new field batch_minflt: median/p90/max 2560.0/26422.0/80342, nonzero 236
    new field batch_open_max_us: median/p90/max 470.0/591.0/3375, nonzero 236
    new field batch_open_sum_us: median/p90/max 11720.0/14947.0/35422, nonzero 236
    new field batch_threads: median/p90/max 32.0/32.0/32, nonzero 236
    new field batch_vcsw: median/p90/max 177.5/345.0/6714, nonzero 236
    new field batch_view_index_wait_us: median/p90/max 0.0/17624.0/59569, nonzero 42
    new field batch_view_index_waits: median/p90/max 0.0/131.0/436, nonzero 42
    new field batch_view_slot_wait_us: median/p90/max 0.0/343.0/3467, nonzero 52
    new field batch_view_slot_waits: median/p90/max 0.0/14.0/34, nonzero 52
    new field batch_wall_sum_us: median/p90/max 975029.0/1139928.0/1779913, nonzero 236
    new field batches: median/p90/max 128.0/128.0/128, nonzero 236
    new field build_batches: median/p90/max 128.0/128.0/128, nonzero 236
    new field carried_depth: median/p90/max 2.0/2.0/2, nonzero 236
    new field exec_end_to_seal_us: median/p90/max 125.5/218.0/1014, nonzero 236
    new field exec_partition_us: median/p90/max 12.0/15.0/3303, nonzero 236
    new field exec_prepared_groups: {'true': 229, 'false': 7}
    new field exec_prepared_slots: {'true': 229, 'false': 7}
    new field exec_slots_us: median/p90/max 0.0/0.0/3094, nonzero 8
    new field freeze_join_wait_us: median/p90/max 46790.5/57630.0/75590, nonzero 236
    new field freeze_late: {'true': 236}
    new field freeze_pool_own: {'true': 236}
    new field live_index_defer: {'true': 236}
    new field merge_accounts: median/p90/max 369758.0/376381.0/381847, nonzero 236
    new field merge_append_us: median/p90/max 7000.5/21300.0/38715, nonzero 236
    new field merge_reverts: median/p90/max 369758.0/376381.0/381847, nonzero 236
    new field merge_reverts_us: median/p90/max 33670.0/47087.0/102035, nonzero 236
    new field merge_state_us: median/p90/max 87006.0/107592.0/141816, nonzero 236
    new field merge_tail_us: median/p90/max 0.0/0.0/1, nonzero 3
    new field merge_threads: median/p90/max 1.0/1.0/1, nonzero 236
    new field one_wave: {'false': 236}
    new field open_engine_us: median/p90/max 0.0/85911.0/171516, nonzero 102
    new field open_fallback: {'false': 134, 'true': 102}
    new field open_keep_us: median/p90/max 5.0/8.0/12065, nonzero 236
    new field open_layers: median/p90/max 3.0/3.0/3, nonzero 236
    new field open_provider_us: median/p90/max 101.5/283.0/2070, nonzero 236
    new field plan_age_us: median/p90/max 98290.0/188218.0/282668, nonzero 235
    new field plan_ahead: median/p90/max 1.0/1.0/1, nonzero 235
    new field plan_body: median/p90/max 1.0/1.0/2, nonzero 235
    new field plan_body_us: median/p90/max 26075.0/31332.0/41216, nonzero 229
    new field plan_discard: {'': 235, 'not_on_its_parent': 1}
    new field plan_prep_us: median/p90/max 13331.0/23343.0/74728, nonzero 235
    new field plan_topup_txs: median/p90/max 0.0/0.0/0, nonzero 0
    new field prep_from_plan: {'true': 229, 'false': 7}
    new field prev_seal_to_answer_us: median/p90/max 2899.5/5311.0/9719, nonzero 236
    new field prev_seal_to_entry_us: median/p90/max 0.0/0.0/0, nonzero 0
    new field prev_seal_to_header_us: median/p90/max 215.5/359.0/1349, nonzero 236
    new field prev_seal_to_import_us: median/p90/max 280727.5/365005.0/454086, nonzero 201
    new field prev_seal_to_request_us: median/p90/max 959.0/109944.0/172724, nonzero 236
    new field prev_seal_to_start_us: median/p90/max 1290.5/110881.0/173103, nonzero 236
    new field pull_bulk_txs: median/p90/max 400000.0/400000.0/400000, nonzero 236
    new field pull_bulk_us: median/p90/max 9.0/15.0/3362, nonzero 236
    new field rename_fallbacks: median/p90/max 0.0/0.0/0, nonzero 0
    new field rename_record_waits: median/p90/max 32.0/37.0/38, nonzero 236
    new field root_apply_gap_us: median/p90/max 11.0/14.0/26, nonzero 236
    new field root_apply_total_us: median/p90/max 42631.0/54858.0/165979, nonzero 236
    new field root_compute_us: median/p90/max 46221.0/60888.0/168134, nonzero 236
    new field root_delta_us: median/p90/max 2181.0/6417.0/17350, nonzero 236
    new field root_index_us: median/p90/max 4709.0/8704.0/27540, nonzero 236
    new field root_leaves_us: median/p90/max 12712.5/20629.0/109984, nonzero 236
    new field root_note_us: median/p90/max 259.0/509.0/1517, nonzero 236
    new field root_ops_ahead: {'true': 236}
    new field root_ops_ahead_wait_us: median/p90/max 7892.5/22488.0/88444, nonzero 236
    new field root_ops_concat_us: median/p90/max 0.0/0.0/0, nonzero 0
    new field root_ops_encode_us: median/p90/max 10609.5/21922.0/65843, nonzero 236
    new field root_ops_finish_us: median/p90/max 4467.5/7551.0/25042, nonzero 236
    new field root_ops_sort_us: median/p90/max 7375.0/15067.0/57135, nonzero 236
    new field root_ops_us: median/p90/max 12699.0/28967.0/92078, nonzero 236
    new field root_rehash_us: median/p90/max 2537.0/4035.0/32504, nonzero 236
    new field root_retire_us: median/p90/max 1680.0/2825.0/6747, nonzero 236
    new field root_sort_us: median/p90/max 625.5/1316.0/10670, nonzero 236
    new field root_undo_us: median/p90/max 684.0/1232.0/2253, nonzero 236
    new field root_writes_us: median/p90/max 16233.5/23074.0/58840, nonzero 236
    new field seal_hashes_ahead: {'true': 236}
    new field seal_on_counters: {'true': 236}
    new field seal_to_complete_us: median/p90/max 261879.5/313689.0/475648, nonzero 236
    new field seal_to_frozen_us: median/p90/max 46770.5/57636.0/75596, nonzero 235
    new field seal_to_merge_end_us: median/p90/max 261762.5/313604.0/475557, nonzero 236
    new field seal_to_merge_start_us: median/p90/max 128181.5/169905.0/361807, nonzero 236
    new field seal_to_ops_ahead_us: median/p90/max 70495.5/88101.0/143347, nonzero 236
    new field seal_to_state_ready_us: median/p90/max 261773.5/313610.0/475568, nonzero 236
    new field sealed_unix_us: median/p90/max 1791426113531327.5/1791426124997922.0/1791426127816462, nonzero 236
    new field start_walk_check_us: median/p90/max 0.0/0.0/295, nonzero 1
    new field start_walk_ids_us: median/p90/max 0.0/0.0/735, nonzero 1
    new field start_walk_settle_us: median/p90/max 0.0/0.0/0, nonzero 0
    new field start_walk_us: median/p90/max 0.0/0.0/12362, nonzero 1
    new field state_wait_us: median/p90/max 53663.0/130892.0/199527, nonzero 236
    new field view_journal_reads: median/p90/max 2048.0/32768.0/69632, nonzero 118
    new field view_journal_searches: median/p90/max 4275.5/84236.0/174365, nonzero 118
    new field view_journal_skips: median/p90/max 0.0/0.0/0, nonzero 0
    new field whole_take_noted: {'true': 236}
    binding wait (tick / quorum / seal share, mean cycle): tick 52% (109); quorum 46% (147); seal 1% (214); feed-bound (blocks under 95% of the tier): 0 of 235
    slowest key vote delay median/p90 84.5/163.8 ms
    engine own-import total_ms per block median/p90/max 85/122/153 (n=235)
    layer RSS 42.8 -> 37.4 G (max 46.0), in-memory blocks max 11
    execution layer cores busy 32.3    validators cores busy 0.6
  round total (3 windows, canonical): 296.0M tx
  layer peak RSS 46.0 G; in-memory blocks max 11
  fields at seal: mode "early", verified 0, unchecked 0, mismatches 0 (last build line, cumulative)
  own_executed_again (built here and also directly imported): 0 of 763 built blocks
== loop346BEST
  layer-0 leader window-1 builds 261: txs mean 400000, share >= 95% of the tier 100% (max 400000); sealed_at_ms 95.0/137.0; par_ms 139.0/184.0; par_exec_ms 35.0/41.0; roots_ms 62.0/87.0; parent_fields_ms 0.0/0.0; sealed_ms 2.0/3.0
  proposal cycle window 1 (n=269): mean 115.1 median 106.0 p90 142.7 ms; blocks in the 30 s: 269
  binding wait (tick / quorum / seal, share and mean cycle): tick 59.2% (106.4); quorum 38.1% (127.1); seal 2.7% (145.2)
  vote delay after the proposal, slowest key per block: median 65.9 p90 124.5 ms (slowest minus the median key: median 0.2); last key: {1: 47, 2: 34, 3: 47, 4: 49, 5: 54, 6: 29} of 260 blocks
  CPU in window 1 (cores busy): execution layers 35.2 over 1 process(es); validators 0.7 over 7 process(es)
  execution layer peak RSS 46.0 G; in-memory blocks max 11 (node0 and others, all layers)
  blocks built here 763; none also directly imported
  import-once counters at the last direct import: ; start-up lines with import_once=true: 1; queue-lock lines 0
  layer-0 queue (queued after canonical prune), median per 10 s: t+0:2313250 t+20:2424250 t+40:2322750 t+60:2271500 t+80:2345250
  flood: median per 5 s 3391662/s, final -
  timeout / given-up lines: 1; 02:20:09 v0 INFO process_event{view=1 kind="message"}: n42::cl::timeout: TC formed
loop346BEST page_faults_per_s_median: node0=228180 
feedcheck loop346BEST: ok (block 400,000 tx)
== loop346BEST: feed check (acq_us / gate_us / reply_us are per frame of 500; rate per 5 s `ingest` line)
  window 1: ingest lines 6; acq_us 456 (max 1077); gate_us 4665; reply_us 5209; slots_busy 15%; delivered median 3,467,157/s max 3,595,137/s; queue at builds median 2,388,000 min 1,952,000; full 99% of 261 blocks
  window 2: ingest lines 6; acq_us 460 (max 462); gate_us 5144; reply_us 5704; slots_busy 14%; delivered median 3,332,567/s max 3,438,980/s; queue at builds median 2,394,250 min 2,007,000; full 100% of 244 blocks
  window 3: ingest lines 6; acq_us 460 (max 545); gate_us 5998; reply_us 6602; slots_busy 13%; delivered median 3,070,520/s max 3,417,191/s; queue at builds median 2,377,750 min 1,961,500; full 100% of 235 blocks
  flood.log (+15..+100 s): rate per 5 s median 3,330,308/s max 3,586,113/s; reply latency median 57.7 ms max 66.8 ms
== loop346BEST: lanes lock, drain and pruner (new fields)
  window 1: lock duty 64.5% (max 69.0); holds/5s 1,809; longest hold 51.60 ms median, 54.95 ms max by crates/n42/tx-queue/src/lib.rs:2046 (most frequent holders [('crates/n42/tx-queue/src/lib.rs:2046', 5), ('crates/n42/tx-queue/src/lib.rs:2692', 1)]); lock wait 2806.1 ms/5s, longest 59.58 ms; drains/5s 1,100 of 15698 tx, mean 1568 us, max 30.95 ms
           prune (253 blocks): prune_ms 61/92; fold 1.1 ms, lock 0.0 ms, remove(hold) 15.6 ms, free 0.0 ms; frames_swept 800; coalesced on 253 of 253; prune_wait_ms 0/0; pruner busy 52% of a thread, lock held by it 1.6%
  window 2: lock duty 65.0% (max 70.0); holds/5s 1,751; longest hold 51.42 ms median, 73.49 ms max by crates/n42/tx-queue/src/lib.rs:2576 (most frequent holders [('crates/n42/tx-queue/src/lib.rs:2046', 3), ('crates/n42/tx-queue/src/lib.rs:1766', 1)]); lock wait 2704.1 ms/5s, longest 72.95 ms; drains/5s 1,076 of 15484 tx, mean 1602 us, max 33.26 ms
           prune (225 blocks): prune_ms 68/102; fold 1.1 ms, lock 0.0 ms, remove(hold) 18.9 ms, free 0.0 ms; frames_swept 800; coalesced on 225 of 225; prune_wait_ms 0/0; pruner busy 53% of a thread, lock held by it 1.9%
  window 3: lock duty 60.0% (max 65.0); holds/5s 1,891; longest hold 52.97 ms median, 92.02 ms max by crates/n42/tx-queue/src/lib.rs:2576 (most frequent holders [('crates/n42/tx-queue/src/lib.rs:2046', 3), ('crates/n42/tx-queue/src/lib.rs:2692', 2)]); lock wait 2415.4 ms/5s, longest 84.43 ms; drains/5s 1,270 of 12132 tx, mean 1312 us, max 30.38 ms
           prune (206 blocks): prune_ms 68/104; fold 1.1 ms, lock 0.0 ms, remove(hold) 17.4 ms, free 0.0 ms; frames_swept 800; coalesced on 206 of 206; prune_wait_ms 0/0; pruner busy 47% of a thread, lock held by it 1.6%
== loop346BEST: pruner (per block; busy = sum prune_ms / 30 s, lock = sum (remove_us + settle_us) / 30 s)
  window 1: 253 prunes; prune_ms 61/92; remove_us 15.6/35.7 ms; forget_us 5.2/8.4 ms; settle_us 5.9 ms; pruner busy 52% of a worker; lanes lock held for removal 23%
  window 2: 225 prunes; prune_ms 68/102; remove_us 18.9/37.6 ms; forget_us 6.0/9.5 ms; settle_us 7.2 ms; pruner busy 53% of a worker; lanes lock held for removal 23%
  window 3: 206 prunes; prune_ms 68/104; remove_us 17.4/32.9 ms; forget_us 6.6/11.6 ms; settle_us 6.3 ms; pruner busy 47% of a worker; lanes lock held for removal 20%
== loop346BEST: seal start / pull, prepared plan, answer, chunked drain
  window 1: 261 builds; start_best_ms 4/23; start_walk_us 0/0; start_pull_ms 0/0; par_pull_ms 0/0; par_start_ms 4/24; par_ms 139/184; sealed_at_ms 96/137; pull_bulk_us 8/13; pull_bulk_txs 400000/400000; plan_age_us 89677/178546; plan_prep_us 12880/20151; plan_topup_txs 0/0
           plan_ahead {'1': 261}; plan_discard {'': 261}
           answer: built-ahead bytes median/max 29,643/29,645, layout_only {'true': 261}; proposal sent bytes median/max 29,643/29,645, layout_only {'true': 261}
           drain: chunks/5s 992, chunk max 8,192 tx, finished by others/5s 37; plan_discards (last ingest line) -
  window 2: 244 builds; start_best_ms 4/23; start_walk_us 0/0; start_pull_ms 0/0; par_pull_ms 0/0; par_start_ms 4/24; par_ms 145/200; sealed_at_ms 102/158; pull_bulk_us 9/15; pull_bulk_txs 400000/400000; plan_age_us 95022/186401; plan_prep_us 13424/22259; plan_topup_txs 0/0
           plan_ahead {'1': 243, '0': 1}; plan_discard {'': 243, 'not_on_its_parent': 1}
           answer: built-ahead bytes median/max 29,647/29,647, layout_only {'true': 245}; proposal sent bytes median/max 29,647/29,647, layout_only {'true': 245}
           drain: chunks/5s 969, chunk max 8,192 tx, finished by others/5s 40; plan_discards (last ingest line) not_on_its_parent:1
  window 3: 236 builds; start_best_ms 2/22; start_walk_us 0/0; start_pull_ms 0/0; par_pull_ms 0/0; par_start_ms 2/23; par_ms 141/215; sealed_at_ms 101/172; pull_bulk_us 9/15; pull_bulk_txs 400000/400000; plan_age_us 98290/188218; plan_prep_us 13331/23343; plan_topup_txs 0/0
           plan_ahead {'1': 235, '0': 1}; plan_discard {'': 235, 'not_on_its_parent': 1}
           answer: built-ahead bytes median/max 29,647/29,647, layout_only {'true': 236}; proposal sent bytes median/max 29,647/29,647, layout_only {'true': 235}
           drain: chunks/5s 1,181, chunk max 8,192 tx, finished by others/5s 28; plan_discards (last ingest line) -
== loop346BEST: persistence per window (ms per block = part sum / blocks persisted)
  window 1: persisted 257 of 261 produced (98%); total 65.4, sf_tx 59.7, sf_rcpt 12.1, sf_acct 25.6, sf_send 20.3, scope 59.8, qmdb 30.9, post 0.0, pre 5.7, plain_rev 5.7, commit_sf 1.1, commit_mdbx 0.1, commit_rocks 0.1; longest task sf_tx 59.7; in-memory 9 -> 9 (max 11); RSS 4.8 -> 36.0 G; lag 8 -> 9 = +1.0 blocks/min; bp max 0
  window 2: persisted 246 of 244 produced (101%); total 71.9, sf_tx 65.6, sf_rcpt 12.3, sf_acct 27.5, sf_send 20.7, scope 65.8, qmdb 32.8, post 0.0, pre 6.1, plain_rev 6.1, commit_sf 1.1, commit_mdbx 0.1, commit_rocks 0.1; longest task sf_tx 65.6; in-memory 9 -> 8 (max 10); RSS 36.0 -> 42.8 G; lag 9 -> 9 = +0.0 blocks/min; bp max 0
  window 3: persisted 233 of 235 produced (99%); total 75.3, sf_tx 67.4, sf_rcpt 12.8, sf_acct 28.2, sf_send 20.4, scope 68.9, qmdb 36.7, post 0.0, pre 6.5, plain_rev 6.5, commit_sf 1.2, commit_mdbx 0.1, commit_rocks 0.1; longest task sf_tx 67.4; in-memory 8 -> 11 (max 11); RSS 42.8 -> 36.4 G; lag 9 -> 9 = +0.0 blocks/min; bp max 0
  leg end: in-memory 8, max over the sampler 11, backpressure stalls 0
== loop346BEST: execution and root fields (median / p90 per block); over 764 full builds: rename_fallbacks total 0, rename_record_waits total 11440, carried_depth values ['2']
    folded lines 261: pending_max max 89 (median 81); pending_us_max max 62,050; drops_max max 212343
    flags: seal_on_counters true:261; freeze_pool_own true:261; plan_body 1:254/2:7; prep_from_plan false:7/true:254; plan_ahead 1:261; seal per 1,000 transfers 0.240 ms
  window 1 (261 builds): on-CPU share 1.00/1.00; CPU per transfer 2.45/2.84 us; sealed_at_ms 96/137; par_exec_ms 35/41; par_fold_ms 50/66; index_ms 52/69; par_start_ms 4/24; gap_before_exec_ms 49/92; state_wait_us 48,916/91,415; parent_fields_ms 0/0; roots_ms 63/87; seal_to_fields_us 128,218/152,859; seal_to_complete_us 261,043/291,431; rename_fallbacks 0/0; rename_record_waits 4/5; carried_depth 2/2; plan_body_us 27,170/35,667; batch_max_ms 13/17; tx_root_ms 2/3; sealed_ms 2/3
    folded lines 245: pending_max max 91 (median 82); pending_us_max max 50,982; drops_max max 95185
    flags: seal_on_counters true:244; freeze_pool_own true:244; plan_body 0:1/1:237/2:6; prep_from_plan false:7/true:237; plan_ahead 0:1/1:243; seal per 1,000 transfers 0.254 ms
  window 2 (244 builds): on-CPU share 1.00/1.00; CPU per transfer 2.50/2.81 us; sealed_at_ms 102/158; par_exec_ms 35/40; par_fold_ms 49/62; index_ms 52/64; par_start_ms 4/24; gap_before_exec_ms 55/113; state_wait_us 54,692/112,997; parent_fields_ms 0/0; roots_ms 65/99; seal_to_fields_us 130,836/164,975; seal_to_complete_us 266,573/310,881; rename_fallbacks 0/0; rename_record_waits 8/20; carried_depth 2/2; plan_body_us 29,392/37,742; batch_max_ms 13/16; tx_root_ms 2/3; sealed_ms 2/3
    folded lines 235: pending_max max 94 (median 83); pending_us_max max 48,493; drops_max max 87987
    flags: seal_on_counters true:236; freeze_pool_own true:236; plan_body 0:1/1:229/2:6; prep_from_plan false:7/true:229; plan_ahead 0:1/1:235; seal per 1,000 transfers 0.253 ms
  window 3 (236 builds): on-CPU share 1.00/1.00; CPU per transfer 2.40/2.78 us; sealed_at_ms 101/172; par_exec_ms 35/40; par_fold_ms 46/57; index_ms 49/59; par_start_ms 2/23; gap_before_exec_ms 54/131; state_wait_us 53,663/130,892; parent_fields_ms 0/0; roots_ms 64/103; seal_to_fields_us 128,000/169,681; seal_to_complete_us 261,880/313,689; rename_fallbacks 0/0; rename_record_waits 32/37; carried_depth 2/2; plan_body_us 26,075/31,332; batch_max_ms 12/16; tx_root_ms 2/3; sealed_ms 2/3
== loop346BEST: 2332 proposals; proposal -> quorum (leader's commit) median 11.2 / p90 115.8 / max 246.3 ms; proposal interval median 105.3 / p90 122.0 ms; TC formed lines 1; leader views timed out 1; ParentUnknown lines 0
   handover at view 1024: proposal intervals (view, ms) [(1023, 107), (1024, 228), (1025, 300), (1026, 105), (1027, 1205)] against the median 105 ms
   handover at view 2048: proposal intervals (view, ms) [(2047, 104), (2048, 105), (2049, 105), (2050, 105), (2051, 105)] against the median 105 ms
     block 1024 (view 1024): sealed_at_ms 97, gap_before_exec_ms 61, parent_fields_ms 0, rename_fallbacks 0, rename_record_waits 41, carried_depth 2
     block 1025 (view 1025): sealed_at_ms 132, gap_before_exec_ms 46, parent_fields_ms 53, rename_fallbacks 0, rename_record_waits 41, carried_depth 2
flood span 95 s; tokio-rt threads alive throughout 33 of 66; group 9.8 cores busy over them (all threads incl. short-lived 13.1)
  per-thread cores busy, top 12: 0.62 0.61 0.59 0.59 0.59 0.58 0.57 0.57 0.57 0.57 0.57 0.57; threads over 0.9 core: 0, over 0.7: 0
== loop346BEST: 741 full builds in the 3 windows
  par_exec_ms 35/40; par_run_ms 89/146; batch_start_skew_ms 27/31; batch_median_ms 7/8; batch_max_ms 12/16; batch_first_start_us 102/183; batch_last_start_us 27604/31965; batch_dispatch_us 287/385; batch_last_end_us 35298/40759; batches 128/128; batch_threads 32/32; batch_txs_max 3500/3500; batch_txs_min 3000/3000; start_walk_ms 0/0; start_walk_check_ms 0/0; par_start_ms 3/23; sealed_at_ms 100/155; prev_seal_to_answer_us 2973/5050; prev_seal_to_entry_us 0/0; prev_seal_to_header_us 221/337; prev_seal_to_import_us 277740/340208; prev_seal_to_request_us 960/108962; prev_seal_to_start_us 1286/109300; start_walk_check_us 0/0; start_walk_ids_us 0/0; start_walk_settle_us 0/0; start_walk_us 0/0
  one_wave {'false': 741}
  batches == batch_threads on 0 of 741 builds
  last - first batch start (ms) median/p90 27.48/31.80; under 2 ms on 0 of 741 builds
bodygate loop346BEST: invalid_blocks=0 gas_mismatch=0 fields_mismatches=0 own_not_committed=0 proposals_given_up=0
d2gate loop346BEST: invalid_blocks=0 fields_mismatches=0 ParentUnknown=0 TC_formed_lines=1 verify=pass rename_fallbacks_total=0 rename_record_waits_total=11440
leg loop346BESTb: /data free 583G (needs 120 G)
leg loop346BESTb start 22:24:37 load 2.87
round loop346BESTb exit 0 at 22:27:33
loop346BESTb save stages (node0, seconds summed over the leg / count): batch_size=1039.0/338  batch_size=1039.0/338  reth_consensus_engine_beacon_persistence_duration=63.2/338  duration_seconds=59.4/338  total=55.0/338  scope=49.9/338  sf=49.1/338  sf_transactions=48.8/338  qmdb_persisted=26.4/338  sf_account_changesets=20.6/338
el binary: /data/n42-build/target-n42-rs/native/release/n42 env: N42_IMPORT_ONCE=1 N42_SETTLEMENT_TAGS=legacy N42_BUILD_THROTTLE_SOFT=48 F7_EL_MAP=0,0,0,0,0,0,0 N42_FIELDS_AT_SEAL=1 N42_FREEZE_AFTER_SEAL=1 N42_FRAME_BLOCKS=1 N42_TX_INGEST_RECOVER_PARALLEL=24 N42_FREEZE_POOL=own N42_PARALLEL_BUILD_THREADS=32 N42_PLAN_AHEAD=1 N42_HASHED_TABLES=off F7_FLOOD_RATE=6000000 N42_COMPACT_BODY=1 N42_BUILD_BATCHES=128 MALLOC_CONF=thp:always,oversize_threshold:0,dirty_decay_ms:2000,background_thread:true N42_SEAL_ON_COUNTERS=1 N42_ACCOUNT_HISTORY=off N42_TAKE_COMPACT=1 N42_SF_EARLY_WRITEBACK=1 N42_ROAD_RUNTIME=1 N42_TX_INGEST_HIGH_WATER=2500000 F7_BENCH_POOL_SLOTS=3000000 N42_PLAN_AHEAD_BODY=1 N42_SEAL_AT_EXEC=1 N42_TX_QUEUE_DRAIN_CHUNK=8192 N42_ANSWER_LAYOUT_ONLY=1 N42_PULL_BY_FRAMES=1 N42_SF_PARALLEL_ENCODE=1 N42_BUILD_THROTTLE_HARD=80 N42_LIVE_INDEX_DEFER=1 RAYON_NUM_THREADS=16 N42_ROOT_OPS_AHEAD=1 TOKIO_WORKER_THREADS=16 N42_QMDB_READS=on N42_LEADER_LAYERS=3 N42_PERSIST_QMDB_IN_SCOPE=1 F7_BLOCK_INTERVAL_MS=104 F7_MEASURE_FROM_LOG=1
validator env: N42_IMPORT_ONCE=1 N42_SETTLEMENT_TAGS=legacy N42_BUILD_THROTTLE_SOFT=48 F7_EL_MAP=0,0,0,0,0,0,0 N42_FIELDS_AT_SEAL=1 N42_FREEZE_AFTER_SEAL=1 N42_FRAME_BLOCKS=1 N42_TX_INGEST_RECOVER_PARALLEL=24 N42_FREEZE_POOL=own N42_PARALLEL_BUILD_THREADS=32 N42_PLAN_AHEAD=1 N42_HASHED_TABLES=off F7_FLOOD_RATE=6000000 N42_COMPACT_BODY=1 N42_BUILD_BATCHES=128 N42_SEAL_ON_COUNTERS=1 N42_ACCOUNT_HISTORY=off N42_TAKE_COMPACT=1 N42_SF_EARLY_WRITEBACK=1 N42_ROAD_RUNTIME=1 N42_TX_INGEST_HIGH_WATER=2500000 F7_BENCH_POOL_SLOTS=3000000 N42_PLAN_AHEAD_BODY=1 N42_SEAL_AT_EXEC=1 N42_TX_QUEUE_DRAIN_CHUNK=8192 N42_ANSWER_LAYOUT_ONLY=1 N42_PULL_BY_FRAMES=1 N42_SF_PARALLEL_ENCODE=1 N42_BUILD_THROTTLE_HARD=80 N42_LIVE_INDEX_DEFER=1 RAYON_NUM_THREADS=16 N42_ROOT_OPS_AHEAD=1 TOKIO_WORKER_THREADS=16 N42_QMDB_READS=on N42_LEADER_LAYERS=3 N42_PERSIST_QMDB_IN_SCOPE=1 F7_MEASURE_FROM_LOG=1
loop346BESTb once: start-up lines import_once=true 1; last direct-import counters 
loop346BESTb imports: layers=1 direct_imports=0 canonical_blocks=2248 import_once_lines=1 (per layer: direct imports should equal canonical blocks for one execution per block)
grep: /data/blockchain/rust-fleet7-bench/node1/el.log: No such file or directory
grep: /data/blockchain/rust-fleet7-bench/node2/el.log: No such file or directory
grep: /data/blockchain/rust-fleet7-bench/node3/el.log: No such file or directory
grep: /data/blockchain/rust-fleet7-bench/node1/el.log: No such file or directory
grep: /data/blockchain/rust-fleet7-bench/node2/el.log: No such file or directory
grep: /data/blockchain/rust-fleet7-bench/node3/el.log: No such file or directory
cat: /data/blockchain/rust-fleet7-bench/node2/el.log: No such file or directory
cat: /data/blockchain/rust-fleet7-bench/node2/el.log: No such file or directory
cat: /data/blockchain/rust-fleet7-bench/node2/el.log: No such file or directory
cat: /data/blockchain/rust-fleet7-bench/node1/el.log: No such file or directory
cat: /data/blockchain/rust-fleet7-bench/node2/el.log: No such file or directory
cat: /data/blockchain/rust-fleet7-bench/node3/el.log: No such file or directory
Traceback (most recent call last):
  File [35m"<stdin>"[0m, line [35m4[0m, in [35m<module>[0m
[1;35mIndexError[0m: [35mlist index out of range[0m
loop346BESTb no_variant=0 own_not_committed=0 tc=1 invalid_blocks=0 incomplete=0 gas_mismatch=0 direct_imports_failed=0 stuck_at_hashed_state=0 engine_idles_over_5s=1 proposals_given_up=0 tables_off_nodes=1 unanswered_reads=0 seal_first_total=758 seal_first_direct=758 direct_guard_errors=0 commit_ms_median=0 fold_ms_median=47 sealed_at_ms_median=99 state_ready_ms_median=207 build_total_ms_median=378 recover_us_median=0 par_exec_ms_median=35 par_exec_ms_median=35 giveback_filtered=0 giveback_offered_max=400000 seal_first=758 reader_lag_max=9 reader_lag_warns=0 view_invalidated=0 el_sum_peak_g=45.6 el_max_peak_g=45.6 val_sum_peak_g=1.9 flood_peak_g=0.6 two_roads_blocks=0 two_roads_overlap_ms_median=- exec_on_output_declined=0 r1_collect_ms_median=5 proposal_at_ms_median=93 view_total_ms_median=105 import_exec_ms_median=- import_total_ms_median=- import_senders_ms_median=- import_convert_ms_median=- import_groups_median=- imports_over_600ms=0 min_avail_g=64.9 road_foreign_body_recv_ms=- road_foreign_body_decode_ms=- road_foreign_body_senders_ms=- road_foreign_body_parent_wait_ms=- road_foreign_body_check_ms=- road_foreign_body_total_ms=- road_new_payload_recv_ms=- road_new_payload_decode_ms=- road_new_payload_senders_ms=- road_new_payload_parent_wait_ms=- road_new_payload_check_ms=- road_new_payload_total_ms=- road_foreign_body_blocks=0 road_new_payload_blocks=0 fcu_answered=1024 fcu_in_flight_ms_median=0 fcu_queued_ms_median=0 fcu_queued_ms_max=185 fcu_refused=0 fcu_slow=1314 bodies_held=0 road_reuse_ms=- road_prepare_ms=- road_dispatch_ms=- road_convert_ms=- road_remember_ms=- road_header_ms=- road_fields_ms=- road_other_ms=- import_engine_ms_median=- gate_forced=0 gate_warns=0 flood_timeouts=0 canonical_min=2262 canonical_max=2263 chained_builds=1407 chain_lead_ms_median=101 chain_wait_ms_median=0 chain_started=1409 chain_discarded=3 chain_discard_reasons=_1_reason="no_state_found_for_block_,_1_reason="the_chained_build_produced_nothing,_1_reason="the_execution_layer_produced_nothing,_1_reason="the_request_names_another_parent chain_alias_warns=0 el_chained=1415 bodies_held_warns=0 el_build_refused=2 el_build_refused_reasons=_1_no_state_found_for_block_0x,_1_no_QMDB_tree_for_parent_block_0x queued_p5=2110000 queued_p50=2305000 road_compact_blocks=0 road_compact_recv_ms=- road_compact_assemble_ms=- road_compact_root_ms=- road_compact_miss_wait_ms=- road_compact_senders_ms=- road_compact_check_ms=- road_compact_other_ms=- road_compact_total_ms=- road_compact_misses_total= compact_refused_el=0 compact_fallbacks=0 compact_bytes_median=- pool_order9=13944 par_pull_ms_median=- build_total_ms_median2=- road_compact_filled_blocks=0 road_compact_filled_median=- road_compact_fill_ms_median=- need_txns=0 fill_failed=0 ingest_rate_gate_open_median=- ingest_gate_open_intervals=0 ingest_slots_busy_median=- flood_rate= fill_asked_proposer=0 fill_asked_other=0 loop_lines=1778 loop_unnamed_ms_median=90 loop_body_served_ms_median=- loop_txns_served_ms_median=- import_exec_ms_median2=- pip_partition_ms=- pip_env_ms=- pip_batch_ms=- pip_groups_ms=- pip_gas_ms=- pip_merge_ms=- pip_receipts_ms=- pip_drop_ms=- pip_other_ms=- pip_total_ms=- senders_indexed_median=- road_senders_ms_median=- road_total_ms_median=- pew_ms_median=- pew_ms_p90= gate_ms_median=- gate_ms_p90= root_ms_p50=- root_ms_p90= two_roads=0 not_on_output=0 not_on_output_why= ckpt_ms_first_q=5 ckpt_ms_last_q=60 ckpt_bytes_last=34665564 parent_still_importing=4 root_wait_ms_p50=- root_wait_ms_p90= tenures_low_seal=12 seal_first_share=0.99 empty_over_deep=0 near_empty_warns=0 no_seal_why= par_skipped_median=- usable_p5=2103000 ckpt_replay_ms_last_q=19 candidates_zero=0 dropped_ingest=0 let_go_warns=0 let_go_reasons= parked_p50=0 parked_max=0 held_warns=0 park_capped_total=0 superseded_builds=0 empty_not_superseded=0 mass_park_warns=0 heads_lines=0 holes_lines=0 stale_parent_refusals=0 par_groups_p5=0 cancelled_decided=1 heads_nonce0=0 stale_unconfirmed= handovers=4 el_panics=0 decided_cancelled=1 min_window_blocks=239 road_desc_blocks=0 road_desc_total_ms=- road_desc_copy_ms=- desc_misses=0 fill_failed2=0 sf_par_collect_ms=- sf_par_commit_ms=- sf_par_fold_ms=- sf_par_graft_ms=- sf_par_prefault_ms=- sf_par_exec_ms=- sf_sealed_at_ms=- sf_roots_ms=- sf_state_ready_ms=- sf_total_ms=- ba_find_ms=- ba_queue_ms=- ba_total_ms=- ba_on_output=0 queue_fold_us=- queue_lock_us=- sf_par_exec_ms=- sf_par_fold_ms=- pip_groups_ms=- import_exec_ms_median2=- reads_d0=0 reads_hist=0 f_reads_d0=- f_reads_hist=- f_overlay_depth=- L_read_set_ms=0 read_set_accounts=0 read_set_unresolved=0 read_set_hits=0 read_set_misses=0 start_best_ms=- par_prep_ms=- gap_before_exec_ms=- gap_after_exec_ms=- gap_before_seal_ms=- index_ms=- road_copy_aside_ms=- road_copy_wait_ms=- road_total_ms=- queue_first_miss=queue_first_miss=0:1484,queue_first_miss=18446744073709551615:764 root_append_behind=0 populate_lag_mb=0 swap_used_g=0 root_faults=- root_faults_p90= root_faults_entries=0 root_faults_offsets=0 root_faults_index=0 root_faults_bits=0 root_faults_twigs=0 root_faults_undo=0 root_faults_tmp=0 root_append_faults=0 root_twig_pool_misses=0 batch_max_ms=12 batch_min_ms=4 batch_median_ms=7 batch_cpu_max_ms=12 batch_txs_max=3500 batch_txs_min=3000 batch_start_skew_ms=27 batch_wait_ms=0 loop_fetch_ns=0 loop_check_ns=0 loop_transfer_ns=0 loop_receipt_ns=0 loop_gas_ns=0 loop_sink_ns=0 loop_other_ns=0 batch_setup_ns=0 batch_close_ns=0 imp_exec_part_ms=- imp_exec_batches_ms=- imp_exec_graft_ms=- imp_exec_batches=- imp_exec_threads=- imp_exec_batch_max_ms=- imp_exec_batch_median_ms=- imp_parent_output_wait_ms=- road_parent_output_wait_ms=- next_start_gap_ms=1 next_entry_gap_ms=0 commit_body_ahead_used=- imp_exec_keys_ms=- imp_keys_ahead=- imp_exec_sink_ms=- imp_exec_pre_ms=- imp_exec_post_ms=- imp_exec_receipts_ms=- imp_exec_drop_ms=- root_gap_ms=- queue_whole=queue_whole=false:1485,queue_whole=true:763 tick_tick_late_us=678 tick_preamble_us=343 tick_take_sealed_us=1 tick_sign_us=0 tick_cache_us=0 tick_presealed=- tick_describe_us=10 tick_publish_us=600 tick_tick_to_send_us=1704 road_check_ms=- road_check_include_us=- road_check_scan_us=- road_check_fold_us=- road_check_senders_us=- road_check_frames_summarized=- road_check_frames_scanned=- imp_exec_start_gap_us=- imp_gap_road_us=- imp_gap_header_us=- imp_gap_senders_us=- imp_gap_parent_us=- imp_gap_setup_us=- imp_gap_keys_wait_us=- sealed_at_p90= sealed_over_130=0 roots_ms=- cycle_p90= batch_max_ms=- batch_median_ms=- imp_batch_max=- forest_lock_warns=1564 root_seal_ms=1 root_seals=40 root_majflt=3498 roots_p90= gp_layer=764 ggp_missing=308 state_wait_split=0/0/0/0:105,51/0/0/0:16,54/0/0/0:14 qmdb_releases=0 state_wait_on= imp_road_end_ms=- imp_exec_start_ms=- imp_exec_end_ms=- imp_root_end_ms=- imp_fields_ready_ms=- imp_parent_fields_wait_ms=- imp_exec_ms=- imp_root_ms=- imp_checks_ms=- imp_engine_ms=- imp_total_ms=- road_parent_fields_wait_ms=- exec_read_ms=- L_exec_evm_ms=- L_exec_write_ms=- L_exec_other_ms=- L_reads_cache=- L_reads_provider=- L_reads_view=- L_graft_base_ms=- L_graft_reserve_ms=- L_graft_insert_ms=- L_graft_reverts_ms=- L_graft_other_ms=- L_par_exec_ms=- L_par_graft_ms=- F_exec_read_ms=- F_exec_evm_ms=- F_exec_write_ms=- F_exec_other_ms=- F_reads_cache=- F_reads_provider=- F_reads_view=- F_groups_ms=- L_tx_root_wait_ms=- L_par_exec_ms=- L_par_graft_ms=- L_par_fold_ms=- L_sealed_ms=- L_state_ready_ms=- L_roots_ms=- L_finish_ms=- L_total_ms=- L_setup_ms=- L_par_pull_ms=- L_give_back_ms=- L_state_wait_ms=- L_state_after_pull=758 L_seal_at_exec=758 L_tx_root_ahead=0 flood_w1=3342522 txs_p10=400000 acq_us=461 slots_busy=14 ingest_rate=3267496 L_scope_join_ms=- L_par_release_ms=- L_commit_body_ms=- L_par_commit_ms=- L_give_back_ms=- L_sealed_ms=- L_par_exec_ms=- L_state_wait_ms=- L_par_pull_ms=- L_par_prep_ms=- L_par_start_ms=- L_pre_exec_ms=- L_par_run_ms=- L_sealed_at_ms=- F_partition_ms=- F_env_ms=- F_groups_ms=- F_merge_ms=- F_reverts_wait_ms=- F_ahead_wait_ms=- F_total_ms=- I_engine_ms=- I_root_ms=- I_total_ms=- H_engine_remember_ms=- H_engine_listing_ms=- H_engine_new_payload_ms=- busy_us=1 L_par_start_ms=- L_start_handoff_ms=- L_start_best_ms=- L_start_puller_ms=- L_par_pull_ms=- L_par_prep_ms=- L_state_wait_ms=- L_par_exec_ms=- L_par_commit_ms=- L_sealed_ms=- L_sealed_at_ms=- L_par_graft_ms=- L_graft_insert_ms=- L_graft_reverts_ms=- L_graft_split_us=- L_graft_build_us=- L_graft_merge_us=- L_state_ready_ms=- Q_queue_ms=0 R_dispatch_wait_ms=- R_total_ms=- R_road_runtime=1 gate_holds=0 peer_fetch=0 pool_limit=limit=8 gate_opened=gate_opened_for_block=0 I_root_ms=- flood_rate_hdr=rate=6000000/s fills=0 fill_waited=- slots_busy=14 acq_us=461 busy_us=1 converged=0 fallbacks=0 busy_us=1 recover_us=0 tf_on_output=2 tf_fallback=0 still_importing=4 busy_us=1 slots_busy=14 batches=altsig_txs=0 altsig_batches=0 tf_on_output=2 tf_fallback=0 gate_holds=0 sign_s=sign 0s replay_note=replay       : 64 files from /data/n42-pregen/g900000-400m, 400000000 transactio sign_s=sign 0s shard=shard_verified=0 shard_claimed=0 road_verified=- slots_busy=14 gate_us=5246 reply_us=5808 queued=2305000 assemble_ms=- road_take_ms=- road_body_ms=- road_encode_ms=- shards=16 shard_insert_ms=0 shard_wait_ms=0 shard_fold_ms=48 shard_append_ms=30 shard_merge_ms=131 state_ready_ms=207 roots_ms=63 exec_read_ms=0 exec_evm_ms=0 exec_write_ms=0 exec_other_ms=0 reads_cache=0 reads_provider=0 reads_view=0 par_run_ms=90 fold_task_cpu_max_us=47180 fold_task_minflt_max=110 fold_task_minflt_sum=110 fold_task_migrated=0 fold_task_nivcsw_max=0 fold_index=1 fold_index_build_ms=47 fold_index_conflicts=31161 fold_queue_us=71 fold_skew_us=38 fold_task_max_us=47177 fold_tail_us=33 start_best_ms=2 start_select_ms=0 start_walk_ms=0 start_walk_check_ms=0 start_best_other_ms=0 start_frames_by_ref=0 start_frames_slow=0 start_pull_ms=0 start_other_ms=0 start_handoff_ms=0 par_start_ms=2 par_prep_ms=0 par_commit_ms=0 commit_body_ms=0 par_fold_ms=47 sealed_ms=2 copy_ms=- prune_ms=0 frames=- frames_missing=- frame_root_ms=- root_ms=- frames_admitted=frames_admitted=605812 frames_unaligned=0 frame_root_indexed=- seal_layout_ms=1 seal_root_ms=0 attested= busy_us=1 slots_busy=14 reply_us=5808 prune_ms=0 body_refused=0 body_failed_late=0
loop346BESTb win1 tps=3,253,333 txs=97,600,000 blocks= 244 cycle=0.123s occupancy= 99.6% full(>=95%)=243/244 basefee=n/a (from the layer's log)
loop346BESTb win2 tps=3,280,000 txs=98,400,000 blocks= 246 cycle=0.122s occupancy=100.0% full(>=95%)=246/246 basefee=n/a (from the layer's log)
loop346BESTb win3 tps=3,186,667 txs=95,600,000 blocks= 239 cycle=0.126s occupancy=100.0% full(>=95%)=239/239 basefee=n/a (from the layer's log)
loop346BESTb tps=3,253,333 round_txs=291600000 cycles_w1=
loop346BESTb imp_fields_p90= b_p75=38
loop346BESTb overlay: filter_skips=0 probes=0 ratio=- (ratio = skips/(skips+probes))
loop346BESTb overlay_manager:       1 state_trie_overlay=false  state-ovly_cpu=0
loop346BESTb verify: written to /data/blockchain/rust-fleet7-bench/bench-loop346BESTb/verify.json
== loop346BESTb  (E=1: seven validator keys on one execution layer)
  window 1: canonical 245 blocks, 98.0M tx = 3,266,667/s (100.0% of window 1), full 243/245 (99%); cycle mean/median/p90 122.1/106.1/163.6 ms
    leader builds 245: sealed_at median/p90/p99 103/162/181; phases median/p90 ms: gap_before_exec 60/123, state_wait 59/122, par 147/211, par_exec 35/42, roots 57/79, parent_fields 0/0, sealed 2/3
    state_wait_on {'output': 176, 'none': 22, 'grandparent': 46, 'layer_release': 1}; builds with state_wait > 20 ms: 214 ([('output', 168), ('grandparent', 46)]); gp_layer {1.0: 245}, ggp_missing {0.0: 149, 1.0: 96}
    queue at the builds min/median 2,042,500/2,412,500
    new field batch_cpu_sum_us: median/p90/max 974975.0/1183871.0/1847068, nonzero 245
    new field batch_dispatch_us: median/p90/max 267.0/370.0/1623, nonzero 245
    new field batch_first_start_us: median/p90/max 98.0/178.0/234, nonzero 245
    new field batch_ivcsw: median/p90/max 3.0/11.0/34, nonzero 197
    new field batch_last_end_us: median/p90/max 35279.0/42584.0/62615, nonzero 245
    new field batch_last_start_us: median/p90/max 27254.0/33846.0/53960, nonzero 245
    new field batch_live_deferred: median/p90/max 81.0/86.0/95, nonzero 245
    new field batch_live_lock_hold_us: median/p90/max 17842.0/21536.0/24521, nonzero 245
    new field batch_live_lock_wait_us: median/p90/max 0.0/0.0/0, nonzero 0
    new field batch_live_lock_waits: median/p90/max 0.0/0.0/0, nonzero 0
    new field batch_majflt: median/p90/max 0.0/0.0/0, nonzero 0
    new field batch_minflt: median/p90/max 1812.0/19064.0/40612, nonzero 245
    new field batch_open_max_us: median/p90/max 503.0/632.0/3371, nonzero 245
    new field batch_open_sum_us: median/p90/max 12824.0/15613.0/21256, nonzero 245
    new field batch_threads: median/p90/max 32.0/32.0/32, nonzero 245
    new field batch_vcsw: median/p90/max 184.0/340.0/879, nonzero 245
    new field batch_view_index_wait_us: median/p90/max 0.0/16808.0/70144, nonzero 46
    new field batch_view_index_waits: median/p90/max 0.0/144.0/622, nonzero 47
    new field batch_view_slot_wait_us: median/p90/max 0.0/478.0/3842, nonzero 47
    new field batch_view_slot_waits: median/p90/max 0.0/20.0/153, nonzero 48
    new field batch_wall_sum_us: median/p90/max 979956.0/1197757.0/1849846, nonzero 245
    new field batches: median/p90/max 128.0/128.0/128, nonzero 245
    new field build_batches: median/p90/max 128.0/128.0/128, nonzero 245
    new field carried_depth: median/p90/max 2.0/2.0/2, nonzero 245
    new field exec_end_to_seal_us: median/p90/max 120.0/178.0/549, nonzero 245
    new field exec_partition_us: median/p90/max 12.0/16.0/4348, nonzero 245
    new field exec_prepared_groups: {'true': 242, 'false': 3}
    new field exec_prepared_slots: {'true': 242, 'false': 3}
    new field exec_slots_us: median/p90/max 0.0/0.0/1956, nonzero 3
    new field freeze_join_wait_us: median/p90/max 49091.0/64950.0/77745, nonzero 245
    new field freeze_late: {'true': 245}
    new field freeze_pool_own: {'true': 245}
    new field live_index_defer: {'true': 245}
    new field merge_accounts: median/p90/max 366167.0/373991.0/380098, nonzero 245
    new field merge_append_us: median/p90/max 9969.0/15927.0/25409, nonzero 245
    new field merge_reverts: median/p90/max 366167.0/373991.0/380098, nonzero 245
    new field merge_reverts_us: median/p90/max 32420.0/43588.0/64808, nonzero 245
    new field merge_state_us: median/p90/max 82959.0/97132.0/115456, nonzero 245
    new field merge_tail_us: median/p90/max 0.0/0.0/1, nonzero 1
    new field merge_threads: median/p90/max 1.0/1.0/1, nonzero 245
    new field one_wave: {'false': 245}
    new field open_engine_us: median/p90/max 0.0/74709.0/108559, nonzero 96
    new field open_fallback: {'false': 149, 'true': 96}
    new field open_keep_us: median/p90/max 6.0/9.0/10139, nonzero 245
    new field open_layers: median/p90/max 3.0/3.0/3, nonzero 245
    new field open_provider_us: median/p90/max 109.0/232.0/438, nonzero 245
    new field plan_age_us: median/p90/max 94951.0/165839.0/269764, nonzero 244
    new field plan_ahead: median/p90/max 1.0/1.0/1, nonzero 244
    new field plan_body: median/p90/max 1.0/1.0/2, nonzero 244
    new field plan_body_us: median/p90/max 23332.0/29539.0/38539, nonzero 242
    new field plan_discard: {'': 244, 'not_on_its_parent': 1}
    new field plan_prep_us: median/p90/max 12307.0/20001.0/54764, nonzero 244
    new field plan_topup_txs: median/p90/max 0.0/0.0/0, nonzero 0
    new field prep_from_plan: {'true': 242, 'false': 3}
    new field prev_seal_to_answer_us: median/p90/max 3055.0/5205.0/8650, nonzero 245
    new field prev_seal_to_entry_us: median/p90/max 0.0/0.0/0, nonzero 0
    new field prev_seal_to_header_us: median/p90/max 226.0/351.0/567, nonzero 245
    new field prev_seal_to_import_us: median/p90/max 262355.0/332047.0/408810, nonzero 221
    new field prev_seal_to_request_us: median/p90/max 965.0/1381.0/159215, nonzero 245
    new field prev_seal_to_start_us: median/p90/max 1283.0/1799.0/159526, nonzero 245
    new field pull_bulk_txs: median/p90/max 400000.0/400000.0/400000, nonzero 245
    new field pull_bulk_us: median/p90/max 8.0/13.0/2005, nonzero 245
    new field rename_fallbacks: median/p90/max 0.0/0.0/0, nonzero 0
    new field rename_record_waits: median/p90/max 1.0/4.0/5, nonzero 167
    new field root_apply_gap_us: median/p90/max 11.0/13.0/21, nonzero 245
    new field root_apply_total_us: median/p90/max 37039.0/50251.0/74661, nonzero 245
    new field root_compute_us: median/p90/max 40456.0/55816.0/80388, nonzero 245
    new field root_delta_us: median/p90/max 1930.0/3068.0/18318, nonzero 245
    new field root_index_us: median/p90/max 4258.0/7162.0/28002, nonzero 245
    new field root_leaves_us: median/p90/max 11807.0/18322.0/34343, nonzero 245
    new field root_note_us: median/p90/max 261.0/496.0/2407, nonzero 245
    new field root_ops_ahead: {'true': 245}
    new field root_ops_ahead_wait_us: median/p90/max 9173.0/19884.0/43077, nonzero 245
    new field root_ops_concat_us: median/p90/max 0.0/0.0/0, nonzero 0
    new field root_ops_encode_us: median/p90/max 10573.0/18330.0/46604, nonzero 245
    new field root_ops_finish_us: median/p90/max 4386.0/5207.0/9611, nonzero 245
    new field root_ops_sort_us: median/p90/max 6866.0/13970.0/36364, nonzero 245
    new field root_ops_us: median/p90/max 13418.0/25672.0/48927, nonzero 245
    new field root_rehash_us: median/p90/max 1495.0/2012.0/34951, nonzero 245
    new field root_retire_us: median/p90/max 1547.0/2850.0/8167, nonzero 245
    new field root_sort_us: median/p90/max 546.0/1079.0/3567, nonzero 245
    new field root_undo_us: median/p90/max 647.0/1293.0/6096, nonzero 245
    new field root_writes_us: median/p90/max 15590.0/21805.0/37164, nonzero 245
    new field seal_hashes_ahead: {'true': 245}
    new field seal_on_counters: {'true': 245}
    new field seal_to_complete_us: median/p90/max 247225.0/281110.0/324392, nonzero 245
    new field seal_to_frozen_us: median/p90/max 49072.0/64918.0/77702, nonzero 245
    new field seal_to_merge_end_us: median/p90/max 247101.0/281006.0/324248, nonzero 245
    new field seal_to_merge_start_us: median/p90/max 120432.0/145302.0/179471, nonzero 245
    new field seal_to_ops_ahead_us: median/p90/max 71154.0/92518.0/102749, nonzero 245
    new field seal_to_state_ready_us: median/p90/max 247111.0/281014.0/324256, nonzero 245
    new field sealed_unix_us: median/p90/max 1791426373729654.0/1791426385499165.0/1791426388231114, nonzero 245
    new field start_walk_check_us: median/p90/max 0.0/0.0/356, nonzero 1
    new field start_walk_ids_us: median/p90/max 0.0/0.0/754, nonzero 1
    new field start_walk_settle_us: median/p90/max 0.0/0.0/0, nonzero 0
    new field start_walk_us: median/p90/max 0.0/0.0/9084, nonzero 1
    new field state_wait_us: median/p90/max 59829.0/122887.0/155734, nonzero 245
    new field view_journal_reads: median/p90/max 4096.0/40960.0/110592, nonzero 127
    new field view_journal_searches: median/p90/max 11369.0/123355.0/389668, nonzero 127
    new field view_journal_skips: median/p90/max 0.0/0.0/0, nonzero 0
    new field whole_take_noted: {'true': 245}
    binding wait (tick / quorum / seal share, mean cycle): tick 59% (110); quorum 38% (140); seal 4% (145); feed-bound (blocks under 95% of the tier): 2 of 245
    slowest key vote delay median/p90 67.9/152.2 ms
    engine own-import total_ms per block median/p90/max 70/108/157 (n=244)
    layer RSS 4.8 -> 35.1 G (max 35.3), in-memory blocks max 11
    execution layer cores busy 32.3    validators cores busy 0.6
    flood delivered (median per 5 s over the leg) 3,281,268/s
  window 2: canonical 246 blocks, 98.4M tx = 3,280,000/s (100.4% of window 1), full 246/246 (100%); cycle mean/median/p90 121.2/107.1/156.4 ms
    leader builds 247: sealed_at median/p90/p99 97/162/198; phases median/p90 ms: gap_before_exec 52/121, state_wait 51/120, par 139/201, par_exec 35/39, roots 64/99, parent_fields 0/0, sealed 2/3
    state_wait_on {'output': 162, 'grandparent': 51, 'none': 34}; builds with state_wait > 20 ms: 202 ([('output', 152), ('grandparent', 50)]); gp_layer {1.0: 247}, ggp_missing {1.0: 101, 0.0: 146}
    queue at the builds min/median 1,949,500/2,387,000
    new field batch_cpu_sum_us: median/p90/max 989300.0/1105172.0/1187814, nonzero 247
    new field batch_dispatch_us: median/p90/max 269.0/362.0/522, nonzero 247
    new field batch_first_start_us: median/p90/max 102.0/170.0/282, nonzero 247
    new field batch_ivcsw: median/p90/max 2.0/10.0/38, nonzero 186
    new field batch_last_end_us: median/p90/max 35467.0/39565.0/43177, nonzero 247
    new field batch_last_start_us: median/p90/max 27558.0/31158.0/34611, nonzero 247
    new field batch_live_deferred: median/p90/max 83.0/90.0/199, nonzero 247
    new field batch_live_lock_hold_us: median/p90/max 18587.0/21609.0/32894, nonzero 247
    new field batch_live_lock_wait_us: median/p90/max 0.0/0.0/0, nonzero 0
    new field batch_live_lock_waits: median/p90/max 0.0/0.0/0, nonzero 0
    new field batch_majflt: median/p90/max 0.0/0.0/0, nonzero 0
    new field batch_minflt: median/p90/max 2378.0/20575.0/67789, nonzero 247
    new field batch_open_max_us: median/p90/max 469.0/557.0/3336, nonzero 247
    new field batch_open_sum_us: median/p90/max 11948.0/14378.0/27257, nonzero 247
    new field batch_threads: median/p90/max 32.0/32.0/32, nonzero 247
    new field batch_vcsw: median/p90/max 190.0/362.0/524, nonzero 247
    new field batch_view_index_wait_us: median/p90/max 0.0/21117.0/37357, nonzero 57
    new field batch_view_index_waits: median/p90/max 0.0/156.0/309, nonzero 57
    new field batch_view_slot_wait_us: median/p90/max 0.0/382.0/2374, nonzero 64
    new field batch_view_slot_waits: median/p90/max 0.0/18.0/28, nonzero 65
    new field batch_wall_sum_us: median/p90/max 994570.0/1122301.0/1212166, nonzero 247
    new field batches: median/p90/max 128.0/128.0/128, nonzero 247
    new field build_batches: median/p90/max 128.0/128.0/128, nonzero 247
    new field carried_depth: median/p90/max 2.0/2.0/2, nonzero 247
    new field exec_end_to_seal_us: median/p90/max 123.0/198.0/611, nonzero 247
    new field exec_partition_us: median/p90/max 12.0/17.0/3063, nonzero 247
    new field exec_prepared_groups: {'true': 242, 'false': 5}
    new field exec_prepared_slots: {'true': 242, 'false': 5}
    new field exec_slots_us: median/p90/max 0.0/0.0/2433, nonzero 6
    new field freeze_join_wait_us: median/p90/max 46881.0/55492.0/67729, nonzero 247
    new field freeze_late: {'true': 247}
    new field freeze_pool_own: {'true': 247}
    new field live_index_defer: {'true': 247}
    new field merge_accounts: median/p90/max 369442.0/377392.0/383098, nonzero 247
    new field merge_append_us: median/p90/max 11037.0/21120.0/32054, nonzero 247
    new field merge_reverts: median/p90/max 369442.0/377392.0/383098, nonzero 247
    new field merge_reverts_us: median/p90/max 35703.0/48212.0/69771, nonzero 247
    new field merge_state_us: median/p90/max 85281.0/104011.0/147736, nonzero 247
    new field merge_tail_us: median/p90/max 0.0/0.0/1, nonzero 2
    new field merge_threads: median/p90/max 1.0/1.0/1, nonzero 247
    new field one_wave: {'false': 247}
    new field open_engine_us: median/p90/max 0.0/80568.0/122734, nonzero 101
    new field open_fallback: {'false': 146, 'true': 101}
    new field open_keep_us: median/p90/max 5.0/8.0/23, nonzero 247
    new field open_layers: median/p90/max 3.0/3.0/3, nonzero 247
    new field open_provider_us: median/p90/max 102.0/202.0/629, nonzero 247
    new field plan_age_us: median/p90/max 97480.0/185524.0/242485, nonzero 247
    new field plan_ahead: median/p90/max 1.0/1.0/1, nonzero 247
    new field plan_body: median/p90/max 1.0/1.0/2, nonzero 247
    new field plan_body_us: median/p90/max 26268.0/32694.0/47725, nonzero 242
    new field plan_discard: {'': 247}
    new field plan_prep_us: median/p90/max 13508.0/22319.0/53057, nonzero 247
    new field plan_topup_txs: median/p90/max 0.0/0.0/0, nonzero 0
    new field prep_from_plan: {'true': 242, 'false': 5}
    new field prev_seal_to_answer_us: median/p90/max 3005.0/5592.0/11107, nonzero 247
    new field prev_seal_to_entry_us: median/p90/max 0.0/0.0/0, nonzero 0
    new field prev_seal_to_header_us: median/p90/max 227.0/353.0/752, nonzero 247
    new field prev_seal_to_import_us: median/p90/max 288026.0/349091.0/409810, nonzero 233
    new field prev_seal_to_request_us: median/p90/max 1002.0/111728.0/161104, nonzero 247
    new field prev_seal_to_start_us: median/p90/max 1352.0/112100.0/161516, nonzero 247
    new field pull_bulk_txs: median/p90/max 400000.0/400000.0/400000, nonzero 247
    new field pull_bulk_us: median/p90/max 8.0/14.0/2713, nonzero 247
    new field rename_fallbacks: median/p90/max 0.0/0.0/0, nonzero 0
    new field rename_record_waits: median/p90/max 13.0/26.0/31, nonzero 247
    new field root_apply_gap_us: median/p90/max 12.0/15.0/31, nonzero 247
    new field root_apply_total_us: median/p90/max 42784.0/60826.0/105702, nonzero 247
    new field root_compute_us: median/p90/max 45756.0/66648.0/114782, nonzero 247
    new field root_delta_us: median/p90/max 2177.0/4103.0/32690, nonzero 247
    new field root_index_us: median/p90/max 4939.0/12217.0/36934, nonzero 247
    new field root_leaves_us: median/p90/max 13258.0/21254.0/45798, nonzero 247
    new field root_note_us: median/p90/max 278.0/584.0/3758, nonzero 247
    new field root_ops_ahead: {'true': 247}
    new field root_ops_ahead_wait_us: median/p90/max 9679.0/23524.0/47370, nonzero 247
    new field root_ops_concat_us: median/p90/max 0.0/0.0/0, nonzero 0
    new field root_ops_encode_us: median/p90/max 11969.0/23506.0/43389, nonzero 247
    new field root_ops_finish_us: median/p90/max 4475.0/6770.0/15021, nonzero 247
    new field root_ops_sort_us: median/p90/max 8007.0/16223.0/40170, nonzero 247
    new field root_ops_us: median/p90/max 14594.0/29735.0/53001, nonzero 247
    new field root_rehash_us: median/p90/max 2155.0/3144.0/32696, nonzero 247
    new field root_retire_us: median/p90/max 1738.0/3724.0/7712, nonzero 247
    new field root_sort_us: median/p90/max 627.0/1224.0/6513, nonzero 247
    new field root_undo_us: median/p90/max 709.0/1352.0/3438, nonzero 247
    new field root_writes_us: median/p90/max 16236.0/24375.0/48081, nonzero 247
    new field seal_hashes_ahead: {'true': 247}
    new field seal_on_counters: {'true': 247}
    new field seal_to_complete_us: median/p90/max 263082.0/309192.0/365048, nonzero 247
    new field seal_to_frozen_us: median/p90/max 46831.0/55395.0/67595, nonzero 247
    new field seal_to_merge_end_us: median/p90/max 262961.0/309040.0/364913, nonzero 247
    new field seal_to_merge_start_us: median/p90/max 128088.0/163644.0/230143, nonzero 247
    new field seal_to_ops_ahead_us: median/p90/max 70143.0/86765.0/110713, nonzero 247
    new field seal_to_state_ready_us: median/p90/max 262970.0/309056.0/364926, nonzero 247
    new field sealed_unix_us: median/p90/max 1791426402879359.0/1791426415346421.0/1791426418235311, nonzero 247
    new field start_walk_check_us: median/p90/max 0.0/0.0/0, nonzero 0
    new field start_walk_ids_us: median/p90/max 0.0/0.0/0, nonzero 0
    new field start_walk_settle_us: median/p90/max 0.0/0.0/0, nonzero 0
    new field start_walk_us: median/p90/max 0.0/0.0/0, nonzero 0
    new field state_wait_us: median/p90/max 51700.0/120808.0/166588, nonzero 247
    new field view_journal_reads: median/p90/max 4096.0/32768.0/65536, nonzero 132
    new field view_journal_searches: median/p90/max 11117.0/76423.0/183124, nonzero 132
    new field view_journal_skips: median/p90/max 0.0/0.0/0, nonzero 0
    new field whole_take_noted: {'true': 247}
    binding wait (tick / quorum / seal share, mean cycle): tick 57% (108); quorum 43% (139); seal 1% (185); feed-bound (blocks under 95% of the tier): 0 of 246
    slowest key vote delay median/p90 79.7/143.1 ms
    engine own-import total_ms per block median/p90/max 78/119/185 (n=246)
    layer RSS 35.3 -> 43.1 G (max 43.1), in-memory blocks max 10
    execution layer cores busy 33.8    validators cores busy 0.6
  window 3: canonical 239 blocks, 95.6M tx = 3,186,667/s (97.6% of window 1), full 239/239 (100%); cycle mean/median/p90 126.1/110.9/163.6 ms
    leader builds 237: sealed_at median/p90/p99 103/166/208; phases median/p90 ms: gap_before_exec 53/128, state_wait 51/128, par 140/209, par_exec 34/39, roots 71/120, parent_fields 0/0, sealed 2/3
    state_wait_on {'grandparent': 68, 'output': 134, 'none': 35}; builds with state_wait > 20 ms: 195 ([('output', 127), ('grandparent', 68)]); gp_layer {1.0: 237}, ggp_missing {1.0: 106, 0.0: 131}
    queue at the builds min/median 1,833,500/2,409,000
    new field batch_cpu_sum_us: median/p90/max 950813.0/1061394.0/1576036, nonzero 237
    new field batch_dispatch_us: median/p90/max 258.0/359.0/1017, nonzero 237
    new field batch_first_start_us: median/p90/max 90.0/146.0/269, nonzero 237
    new field batch_ivcsw: median/p90/max 3.0/11.0/81, nonzero 176
    new field batch_last_end_us: median/p90/max 34591.0/39166.0/91982, nonzero 237
    new field batch_last_start_us: median/p90/max 26600.0/30444.0/76015, nonzero 237
    new field batch_live_deferred: median/p90/max 85.0/154.0/364, nonzero 237
    new field batch_live_lock_hold_us: median/p90/max 19060.0/30249.0/77371, nonzero 237
    new field batch_live_lock_wait_us: median/p90/max 0.0/0.0/0, nonzero 0
    new field batch_live_lock_waits: median/p90/max 0.0/0.0/0, nonzero 0
    new field batch_majflt: median/p90/max 0.0/0.0/5113, nonzero 8
    new field batch_minflt: median/p90/max 3075.0/23360.0/64186, nonzero 237
    new field batch_open_max_us: median/p90/max 492.0/583.0/1854, nonzero 237
    new field batch_open_sum_us: median/p90/max 12166.0/14532.0/24781, nonzero 237
    new field batch_threads: median/p90/max 32.0/32.0/32, nonzero 237
    new field batch_vcsw: median/p90/max 191.0/370.0/5958, nonzero 237
    new field batch_view_index_wait_us: median/p90/max 0.0/24274.0/49047, nonzero 65
    new field batch_view_index_waits: median/p90/max 0.0/164.0/347, nonzero 65
    new field batch_view_slot_wait_us: median/p90/max 0.0/328.0/973, nonzero 72
    new field batch_view_slot_waits: median/p90/max 0.0/15.0/39, nonzero 72
    new field batch_wall_sum_us: median/p90/max 960738.0/1090836.0/2679167, nonzero 237
    new field batches: median/p90/max 128.0/128.0/128, nonzero 237
    new field build_batches: median/p90/max 128.0/128.0/128, nonzero 237
    new field carried_depth: median/p90/max 2.0/2.0/2, nonzero 237
    new field exec_end_to_seal_us: median/p90/max 119.0/223.0/1980, nonzero 237
    new field exec_partition_us: median/p90/max 12.0/18.0/5203, nonzero 237
    new field exec_prepared_groups: {'true': 224, 'false': 13}
    new field exec_prepared_slots: {'true': 224, 'false': 13}
    new field exec_slots_us: median/p90/max 0.0/0.0/15716, nonzero 13
    new field freeze_join_wait_us: median/p90/max 46092.0/54729.0/67335, nonzero 237
    new field freeze_late: {'true': 237}
    new field freeze_pool_own: {'true': 237}
    new field live_index_defer: {'true': 237}
    new field merge_accounts: median/p90/max 368678.0/375722.0/384882, nonzero 237
    new field merge_append_us: median/p90/max 8481.0/21627.0/37463, nonzero 237
    new field merge_reverts: median/p90/max 368678.0/375722.0/384882, nonzero 237
    new field merge_reverts_us: median/p90/max 35387.0/49897.0/83554, nonzero 237
    new field merge_state_us: median/p90/max 89123.0/113672.0/158607, nonzero 237
    new field merge_tail_us: median/p90/max 0.0/0.0/1, nonzero 1
    new field merge_threads: median/p90/max 1.0/1.0/1, nonzero 237
    new field one_wave: {'false': 237}
    new field open_engine_us: median/p90/max 0.0/80604.0/164313, nonzero 106
    new field open_fallback: {'false': 131, 'true': 106}
    new field open_keep_us: median/p90/max 5.0/8.0/639, nonzero 237
    new field open_layers: median/p90/max 3.0/3.0/3, nonzero 237
    new field open_provider_us: median/p90/max 89.0/234.0/1180, nonzero 237
    new field plan_age_us: median/p90/max 101157.0/189749.0/259646, nonzero 237
    new field plan_ahead: median/p90/max 1.0/1.0/1, nonzero 237
    new field plan_body: median/p90/max 1.0/1.0/2, nonzero 237
    new field plan_body_us: median/p90/max 28363.0/34148.0/44778, nonzero 224
    new field plan_discard: {'': 237}
    new field plan_prep_us: median/p90/max 13172.0/24511.0/65665, nonzero 237
    new field plan_topup_txs: median/p90/max 0.0/0.0/0, nonzero 0
    new field prep_from_plan: {'true': 224, 'false': 13}
    new field prev_seal_to_answer_us: median/p90/max 2845.0/4593.0/9367, nonzero 237
    new field prev_seal_to_entry_us: median/p90/max 0.0/0.0/0, nonzero 0
    new field prev_seal_to_header_us: median/p90/max 215.0/335.0/771, nonzero 237
    new field prev_seal_to_import_us: median/p90/max 295620.0/383641.0/446849, nonzero 221
    new field prev_seal_to_request_us: median/p90/max 968.0/114826.0/186984, nonzero 237
    new field prev_seal_to_start_us: median/p90/max 1333.0/115481.0/187592, nonzero 237
    new field pull_bulk_txs: median/p90/max 400000.0/400000.0/400000, nonzero 237
    new field pull_bulk_us: median/p90/max 8.0/17.0/3343, nonzero 237
    new field rename_fallbacks: median/p90/max 0.0/0.0/0, nonzero 0
    new field rename_record_waits: median/p90/max 54.0/70.0/71, nonzero 237
    new field root_apply_gap_us: median/p90/max 11.0/15.0/19, nonzero 237
    new field root_apply_total_us: median/p90/max 44369.0/62440.0/91265, nonzero 237
    new field root_compute_us: median/p90/max 48600.0/69184.0/97769, nonzero 237
    new field root_delta_us: median/p90/max 2306.0/6224.0/36863, nonzero 237
    new field root_index_us: median/p90/max 5315.0/13837.0/47251, nonzero 237
    new field root_leaves_us: median/p90/max 13945.0/26019.0/53443, nonzero 237
    new field root_note_us: median/p90/max 267.0/522.0/1141, nonzero 237
    new field root_ops_ahead: {'true': 237}
    new field root_ops_ahead_wait_us: median/p90/max 9704.0/28778.0/59545, nonzero 235
    new field root_ops_concat_us: median/p90/max 0.0/0.0/0, nonzero 0
    new field root_ops_encode_us: median/p90/max 12321.0/26787.0/62494, nonzero 237
    new field root_ops_finish_us: median/p90/max 4445.0/7316.0/13229, nonzero 237
    new field root_ops_sort_us: median/p90/max 7224.0/17198.0/47150, nonzero 237
    new field root_ops_us: median/p90/max 14374.0/35510.0/67101, nonzero 237
    new field root_rehash_us: median/p90/max 2718.0/3985.0/19494, nonzero 237
    new field root_retire_us: median/p90/max 1762.0/3890.0/8568, nonzero 237
    new field root_sort_us: median/p90/max 614.0/1384.0/9124, nonzero 237
    new field root_undo_us: median/p90/max 745.0/1449.0/5623, nonzero 237
    new field root_writes_us: median/p90/max 16152.0/21635.0/58121, nonzero 237
    new field seal_hashes_ahead: {'true': 237}
    new field seal_on_counters: {'true': 237}
    new field seal_to_complete_us: median/p90/max 281324.0/345802.0/405286, nonzero 237
    new field seal_to_frozen_us: median/p90/max 46081.0/54667.0/67313, nonzero 237
    new field seal_to_merge_end_us: median/p90/max 281234.0/345666.0/405159, nonzero 237
    new field seal_to_merge_start_us: median/p90/max 139545.0/195486.0/241278, nonzero 237
    new field seal_to_ops_ahead_us: median/p90/max 71915.0/90128.0/114760, nonzero 237
    new field seal_to_state_ready_us: median/p90/max 281243.0/345676.0/405168, nonzero 237
    new field sealed_unix_us: median/p90/max 1791426433779752.0/1791426445357065.0/1791426448144732, nonzero 237
    new field start_walk_check_us: median/p90/max 0.0/0.0/0, nonzero 0
    new field start_walk_ids_us: median/p90/max 0.0/0.0/0, nonzero 0
    new field start_walk_settle_us: median/p90/max 0.0/0.0/0, nonzero 0
    new field start_walk_us: median/p90/max 0.0/0.0/0, nonzero 0
    new field state_wait_us: median/p90/max 51919.0/128340.0/206707, nonzero 237
    new field view_journal_reads: median/p90/max 4096.0/32768.0/81920, nonzero 123
    new field view_journal_searches: median/p90/max 9228.0/73748.0/207535, nonzero 123
    new field view_journal_skips: median/p90/max 0.0/0.0/0, nonzero 0
    new field whole_take_noted: {'true': 237}
    binding wait (tick / quorum / seal share, mean cycle): tick 52% (108); quorum 48% (145); seal 0% (197); feed-bound (blocks under 95% of the tier): 0 of 239
    slowest key vote delay median/p90 88.1/153.0 ms
    engine own-import total_ms per block median/p90/max 85/130/190 (n=239)
    layer RSS 42.2 -> 36.9 G (max 46.9), in-memory blocks max 10
    execution layer cores busy 33.2    validators cores busy 0.6
  round total (3 windows, canonical): 292.0M tx
  layer peak RSS 46.9 G; in-memory blocks max 11
  fields at seal: mode "early", verified 0, unchecked 0, mismatches 0 (last build line, cumulative)
  own_executed_again (built here and also directly imported): 0 of 758 built blocks
== loop346BESTb
  layer-0 leader window-1 builds 246: txs mean 400000, share >= 95% of the tier 100% (max 400000); sealed_at_ms 102.5/162.0; par_ms 147.5/211.0; par_exec_ms 35.0/42.0; roots_ms 56.5/79.0; parent_fields_ms 0.0/0.0; sealed_ms 2.0/3.0
  proposal cycle window 1 (n=254): mean 122.1 median 106.1 p90 163.6 ms; blocks in the 30 s: 254
  binding wait (tick / quorum / seal, share and mean cycle): tick 58.8% (109.5); quorum 37.1% (140.7); seal 4.1% (144.0)
  vote delay after the proposal, slowest key per block: median 67.9 p90 152.2 ms (slowest minus the median key: median 0.2); last key: {1: 39, 2: 64, 3: 56, 4: 29, 5: 28, 6: 29} of 245 blocks
  CPU in window 1 (cores busy): execution layers 32.3 over 1 process(es); validators 0.6 over 7 process(es)
  execution layer peak RSS 46.9 G; in-memory blocks max 11 (node0 and others, all layers)
  blocks built here 758; none also directly imported
  import-once counters at the last direct import: ; start-up lines with import_once=true: 1; queue-lock lines 0
  layer-0 queue (queued after canonical prune), median per 10 s: t+0:2313000 t+20:2375500 t+40:2297500 t+60:2407750 t+80:2320500
  flood: median per 5 s 3281268/s, final -
  timeout / given-up lines: 1; 02:25:30 v0 INFO process_event{view=1 kind="message"}: n42::cl::timeout: TC formed
loop346BESTb page_faults_per_s_median: node0=233003 
feedcheck loop346BESTb: ok (block 400,000 tx)
== loop346BESTb: feed check (acq_us / gate_us / reply_us are per frame of 500; rate per 5 s `ingest` line)
  window 1: ingest lines 6; acq_us 454 (max 1204); gate_us 5364; reply_us 5922; slots_busy 14%; delivered median 3,251,140/s max 3,523,633/s; queue at builds median 2,412,500 min 2,042,500; full 99% of 245 blocks
  window 2: ingest lines 6; acq_us 464 (max 471); gate_us 5017; reply_us 5584; slots_busy 14%; delivered median 3,351,501/s max 3,471,963/s; queue at builds median 2,387,000 min 1,949,500; full 100% of 246 blocks
  window 3: ingest lines 6; acq_us 462 (max 586); gate_us 5436; reply_us 6060; slots_busy 14%; delivered median 3,198,208/s max 3,366,582/s; queue at builds median 2,409,000 min 1,833,500; full 100% of 239 blocks
  flood.log (+15..+100 s): rate per 5 s median 3,281,268/s max 3,512,415/s; reply latency median 58.1 ms max 64.5 ms
== loop346BESTb: lanes lock, drain and pruner (new fields)
  window 1: lock duty 55.0% (max 64.0); holds/5s 1,964; longest hold 36.94 ms median, 79.30 ms max by crates/n42/tx-queue/src/lib.rs:2576 (most frequent holders [('crates/n42/tx-queue/src/lib.rs:2046', 2), ('crates/n42/tx-queue/src/lib.rs:1766', 2)]); lock wait 1879.3 ms/5s, longest 75.35 ms; drains/5s 1,270 of 12791 tx, mean 1174 us, max 31.34 ms
           prune (211 blocks): prune_ms 58/87; fold 1.1 ms, lock 0.0 ms, remove(hold) 16.9 ms, free 0.0 ms; frames_swept 800; coalesced on 211 of 211; prune_wait_ms 0/0; pruner busy 42% of a thread, lock held by it 1.1%
  window 2: lock duty 62.5% (max 66.0); holds/5s 1,854; longest hold 42.91 ms median, 48.12 ms max by crates/n42/tx-queue/src/lib.rs:2046 (most frequent holders [('crates/n42/tx-queue/src/lib.rs:1766', 3), ('crates/n42/tx-queue/src/lib.rs:2692', 2)]); lock wait 2420.7 ms/5s, longest 94.24 ms; drains/5s 1,204 of 13978 tx, mean 1362 us, max 28.57 ms
           prune (230 blocks): prune_ms 61/95; fold 1.0 ms, lock 0.0 ms, remove(hold) 16.3 ms, free 0.0 ms; frames_swept 800; coalesced on 230 of 230; prune_wait_ms 0/0; pruner busy 48% of a thread, lock held by it 1.5%
  window 3: lock duty 60.0% (max 65.0); holds/5s 1,795; longest hold 49.07 ms median, 67.96 ms max by crates/n42/tx-queue/src/lib.rs:2046 (most frequent holders [('crates/n42/tx-queue/src/lib.rs:2046', 4), ('crates/n42/tx-queue/src/lib.rs:1766', 2)]); lock wait 2477.4 ms/5s, longest 67.98 ms; drains/5s 1,162 of 13766 tx, mean 1325 us, max 35.13 ms
           prune (225 blocks): prune_ms 61/100; fold 1.1 ms, lock 0.0 ms, remove(hold) 15.8 ms, free 0.0 ms; frames_swept 800; coalesced on 225 of 225; prune_wait_ms 0/0; pruner busy 48% of a thread, lock held by it 1.9%
== loop346BESTb: pruner (per block; busy = sum prune_ms / 30 s, lock = sum (remove_us + settle_us) / 30 s)
  window 1: 211 prunes; prune_ms 58/87; remove_us 16.9/29.4 ms; forget_us 5.7/10.1 ms; settle_us 5.8 ms; pruner busy 42% of a worker; lanes lock held for removal 19%
  window 2: 230 prunes; prune_ms 61/95; remove_us 16.3/29.6 ms; forget_us 6.1/10.8 ms; settle_us 5.9 ms; pruner busy 48% of a worker; lanes lock held for removal 20%
  window 3: 225 prunes; prune_ms 61/100; remove_us 15.8/34.0 ms; forget_us 6.2/9.2 ms; settle_us 6.0 ms; pruner busy 48% of a worker; lanes lock held for removal 20%
== loop346BESTb: seal start / pull, prepared plan, answer, chunked drain
  window 1: 245 builds; start_best_ms 1/18; start_walk_us 0/0; start_pull_ms 0/0; par_pull_ms 0/0; par_start_ms 1/18; par_ms 147/211; sealed_at_ms 103/162; pull_bulk_us 8/13; pull_bulk_txs 400000/400000; plan_age_us 94951/165839; plan_prep_us 12307/20001; plan_topup_txs 0/0
           plan_ahead {'1': 244, '0': 1}; plan_discard {'': 244, 'not_on_its_parent': 1}
           answer: built-ahead bytes median/max 29,642/29,645, layout_only {'true': 245}; proposal sent bytes median/max 29,642/29,645, layout_only {'true': 245}
           drain: chunks/5s 1,176, chunk max 8,192 tx, finished by others/5s 30; plan_discards (last ingest line) -
  window 2: 247 builds; start_best_ms 3/23; start_walk_us 0/0; start_pull_ms 0/0; par_pull_ms 0/0; par_start_ms 3/23; par_ms 139/201; sealed_at_ms 97/162; pull_bulk_us 8/14; pull_bulk_txs 400000/400000; plan_age_us 97480/185524; plan_prep_us 13508/22319; plan_topup_txs 0/0
           plan_ahead {'1': 247}; plan_discard {'': 247}
           answer: built-ahead bytes median/max 29,647/29,647, layout_only {'true': 247}; proposal sent bytes median/max 29,647/29,647, layout_only {'true': 246}
           drain: chunks/5s 1,092, chunk max 8,192 tx, finished by others/5s 36; plan_discards (last ingest line) -
  window 3: 237 builds; start_best_ms 1/21; start_walk_us 0/0; start_pull_ms 0/0; par_pull_ms 0/0; par_start_ms 2/21; par_ms 140/209; sealed_at_ms 103/166; pull_bulk_us 8/17; pull_bulk_txs 400000/400000; plan_age_us 101157/189749; plan_prep_us 13172/24511; plan_topup_txs 0/0
           plan_ahead {'1': 237}; plan_discard {'': 237}
           answer: built-ahead bytes median/max 29,647/29,647, layout_only {'true': 238}; proposal sent bytes median/max 29,647/29,647, layout_only {'true': 238}
           drain: chunks/5s 1,054, chunk max 8,192 tx, finished by others/5s 38; plan_discards (last ingest line) -
== loop346BESTb: persistence per window (ms per block = part sum / blocks persisted)
  window 1: persisted 246 of 245 produced (100%); total 67.3, sf_tx 61.5, sf_rcpt 12.4, sf_acct 26.4, sf_send 20.6, scope 61.5, qmdb 25.7, post 0.0, pre 5.8, plain_rev 5.8, commit_sf 1.1, commit_mdbx 0.1, commit_rocks 0.1; longest task sf_tx 61.5; in-memory 9 -> 9 (max 11); RSS 20.4 -> 35.1 G; lag 8 -> 9 = +2.0 blocks/min; bp max 0
  window 2: persisted 246 of 246 produced (100%); total 71.8, sf_tx 64.8, sf_rcpt 12.1, sf_acct 27.1, sf_send 20.7, scope 64.9, qmdb 34.1, post 0.0, pre 6.8, plain_rev 6.8, commit_sf 1.2, commit_mdbx 0.1, commit_rocks 0.1; longest task sf_tx 64.8; in-memory 9 -> 8 (max 10); RSS 35.1 -> 43.1 G; lag 9 -> 9 = +0.0 blocks/min; bp max 0
  window 3: persisted 238 of 239 produced (100%); total 77.7, sf_tx 66.9, sf_rcpt 12.8, sf_acct 27.2, sf_send 20.7, scope 69.9, qmdb 46.3, post 0.0, pre 7.9, plain_rev 7.9, commit_sf 1.1, commit_mdbx 0.1, commit_rocks 0.1; longest task sf_tx 66.9; in-memory 8 -> 9 (max 10); RSS 43.1 -> 36.9 G; lag 9 -> 9 = +0.0 blocks/min; bp max 0
  leg end: in-memory 6, max over the sampler 11, backpressure stalls 0
== loop346BESTb: execution and root fields (median / p90 per block); over 758 full builds: rename_fallbacks total 0, rename_record_waits total 18618, carried_depth values ['2']
    folded lines 246: pending_max max 89 (median 81); pending_us_max max 49,546; drops_max max 170014
    flags: seal_on_counters true:245; freeze_pool_own true:245; plan_body 0:1/1:242/2:2; prep_from_plan false:3/true:242; plan_ahead 0:1/1:244; seal per 1,000 transfers 0.258 ms
  window 1 (245 builds): on-CPU share 1.00/1.00; CPU per transfer 2.44/2.96 us; sealed_at_ms 103/162; par_exec_ms 35/42; par_fold_ms 49/65; index_ms 51/67; par_start_ms 1/18; gap_before_exec_ms 60/123; state_wait_us 59,829/122,887; parent_fields_ms 0/0; roots_ms 57/79; seal_to_fields_us 120,308/145,104; seal_to_complete_us 247,225/281,110; rename_fallbacks 0/0; rename_record_waits 1/4; carried_depth 2/2; plan_body_us 23,332/29,539; batch_max_ms 13/16; tx_root_ms 2/3; sealed_ms 2/3
    folded lines 246: pending_max max 92 (median 82); pending_us_max max 41,857; drops_max max 93510
    flags: seal_on_counters true:247; freeze_pool_own true:247; plan_body 1:242/2:5; prep_from_plan false:5/true:242; plan_ahead 1:247; seal per 1,000 transfers 0.242 ms
  window 2 (247 builds): on-CPU share 1.00/1.00; CPU per transfer 2.47/2.76 us; sealed_at_ms 97/162; par_exec_ms 35/39; par_fold_ms 47/55; index_ms 48/57; par_start_ms 3/23; gap_before_exec_ms 52/121; state_wait_us 51,700/120,808; parent_fields_ms 0/0; roots_ms 64/99; seal_to_fields_us 127,902/163,427; seal_to_complete_us 263,082/309,192; rename_fallbacks 0/0; rename_record_waits 13/26; carried_depth 2/2; plan_body_us 26,268/32,694; batch_max_ms 12/14; tx_root_ms 2/3; sealed_ms 2/3
    folded lines 239: pending_max max 93 (median 82); pending_us_max max 44,627; drops_max max 105806
    flags: seal_on_counters true:237; freeze_pool_own true:237; plan_body 1:224/2:13; prep_from_plan false:13/true:224; plan_ahead 1:237; seal per 1,000 transfers 0.258 ms
  window 3 (237 builds): on-CPU share 1.00/1.00; CPU per transfer 2.38/2.65 us; sealed_at_ms 103/166; par_exec_ms 34/39; par_fold_ms 46/54; index_ms 48/57; par_start_ms 2/21; gap_before_exec_ms 53/128; state_wait_us 51,919/128,340; parent_fields_ms 0/0; roots_ms 71/120; seal_to_fields_us 139,435/194,149; seal_to_complete_us 281,324/345,802; rename_fallbacks 0/0; rename_record_waits 54/70; carried_depth 2/2; plan_body_us 28,363/34,148; batch_max_ms 12/16; tx_root_ms 2/3; sealed_ms 2/3
== loop346BESTb: 2326 proposals; proposal -> quorum (leader's commit) median 11.1 / p90 120.7 / max 247.0 ms; proposal interval median 105.3 / p90 128.2 ms; TC formed lines 1; leader views timed out 1; ParentUnknown lines 0
   handover at view 1024: proposal intervals (view, ms) [(1023, 112), (1024, 138), (1025, 108), (1026, 104), (1027, 103)] against the median 105 ms
   handover at view 2048: proposal intervals (view, ms) [(2047, 105), (2048, 106), (2049, 105), (2050, 105), (2051, 104)] against the median 105 ms
     block 1025 (view 1025): sealed_at_ms 73, gap_before_exec_ms 37, parent_fields_ms 0, rename_fallbacks 0, rename_record_waits 75, carried_depth 2
     block 1026 (view 1026): sealed_at_ms 74, gap_before_exec_ms 25, parent_fields_ms 0, rename_fallbacks 0, rename_record_waits 75, carried_depth 2
     block 1027 (view 1027): sealed_at_ms 53, gap_before_exec_ms 43, parent_fields_ms 0, rename_fallbacks 0, rename_record_waits 75, carried_depth 2
flood span 95 s; tokio-rt threads alive throughout 34 of 67; group 9.8 cores busy over them (all threads incl. short-lived 13.0)
  per-thread cores busy, top 12: 0.60 0.59 0.58 0.58 0.58 0.57 0.57 0.57 0.57 0.57 0.57 0.57; threads over 0.9 core: 0, over 0.7: 0
== loop346BESTb: 729 full builds in the 3 windows
  par_exec_ms 35/40; par_run_ms 90/155; batch_start_skew_ms 27/31; batch_median_ms 7/8; batch_max_ms 12/16; batch_first_start_us 97/166; batch_last_start_us 27278/31352; batch_dispatch_us 265/365; batch_last_end_us 35026/40384; batches 128/128; batch_threads 32/32; batch_txs_max 3500/3500; batch_txs_min 3000/3000; start_walk_ms 0/0; start_walk_check_ms 0/0; par_start_ms 2/21; sealed_at_ms 100/163; prev_seal_to_answer_us 2964/5071; prev_seal_to_entry_us 0/0; prev_seal_to_header_us 224/349; prev_seal_to_import_us 280061/355839; prev_seal_to_request_us 978/110301; prev_seal_to_start_us 1307/110655; start_walk_check_us 0/0; start_walk_ids_us 0/0; start_walk_settle_us 0/0; start_walk_us 0/0
  one_wave {'false': 729}
  batches == batch_threads on 0 of 729 builds
  last - first batch start (ms) median/p90 27.17/31.22; under 2 ms on 0 of 729 builds
bodygate loop346BESTb: invalid_blocks=0 gas_mismatch=0 fields_mismatches=0 own_not_committed=0 proposals_given_up=0
d2gate loop346BESTb: invalid_blocks=0 fields_mismatches=0 ParentUnknown=0 TC_formed_lines=1 verify=pass rename_fallbacks_total=0 rename_record_waits_total=18618
datadirs of this round wiped; /data free 671G
released at 22:29
ALLDONE
