/data free 598G at launch
tree at c64ba0991 (test(fleet7): loop348 first claim a (WARM, K7, K7A, K21, K21A, K7b, K7Ab), raw o); box free at 04:25; builds:
built at 04:28; ingest/tx-types tests:
test result: ok. 65 passed; 0 failed; 0 ignored; 0 measured; 0 filtered out; finished in 1.06s
test result: ok. 21 passed; 0 failed; 4 ignored; 0 measured; 0 filtered out; finished in 8.90s
flood tests:
test result: ok. 8 passed; 0 failed; 1 ignored; 0 measured; 0 filtered out; finished in 0.81s
tests from 04:29 (no claim)
test spec failed (try 1 of 3): -p n42-h2-execution
(standard_in) 1: syntax error
(standard_in) 1: illegal character: :
(standard_in) 1: syntax error
(standard_in) 1: syntax error
(standard_in) 1: syntax error
(standard_in) 1: syntax error
(standard_in) 1: syntax error
tests passed at 04:47:  tests
built e62334c77+tree at 04:51
waiting for a quiet box from 04:51
claimed at 04:53 (1791449544): avail 94G load 1.49
tip e62334c77 tree: 4 changed files; native n42 built 04:28:03, h2_validator 04:26:15, deferred n42 04:51:23; last source change 04:25:41 (crates/n42/h2-node/src/service_tests.rs)
replay set for every leg: /data/n42-pregen/g900000-400m (senders 12500)
leg loop348WARM: /data free 599G (needs 120 G)
plan loop348WARM: exit 0 (7 validators, 1 layer(s)): # validators 7, execution layers 1, 208 CPUs a layer, import-once 1, shared 1; # validators : 16 CPUs set aside, taskset -c 104-111,232-239; # fleet    : 7 nodes, quorum 5 of 7 (f = 2); 0 refusals
leg loop348WARM start 04:53:10 load 1.49
round loop348WARM exit 0 at 04:56:12
loop348WARM save stages (node0, seconds summed over the leg / count): batch_size=2013.0/661  batch_size=2013.0/661  reth_consensus_engine_beacon_persistence_duration=57.8/661  duration_seconds=53.9/661  total=49.4/661  scope=44.6/661  sf=44.5/661  sf_transactions=44.3/661  qmdb_persisted=22.0/661  sf_account_changesets=20.2/661
el binary: /data/n42-build/target-n42-rs/native/release/n42 env: N42_IMPORT_ONCE=1 N42_SETTLEMENT_TAGS=legacy N42_BUILD_THROTTLE_SOFT=48 F7_EL_MAP=0,0,0,0,0,0,0 N42_FIELDS_AT_SEAL=1 N42_FREEZE_AFTER_SEAL=1 N42_FRAME_BLOCKS=1 N42_TX_INGEST_RECOVER_PARALLEL=24 N42_FREEZE_POOL=own N42_PARALLEL_BUILD_THREADS=32 N42_PLAN_AHEAD=1 N42_HASHED_TABLES=off F7_FLOOD_RATE=6000000 N42_COMPACT_BODY=1 N42_BUILD_BATCHES=128 MALLOC_CONF=thp:always,oversize_threshold:0,dirty_decay_ms:2000,background_thread:true N42_SEAL_ON_COUNTERS=1 N42_ACCOUNT_HISTORY=off N42_TAKE_COMPACT=1 N42_SF_EARLY_WRITEBACK=1 F7_VAL_NO_MALLOC_CONF=1 N42_ROAD_RUNTIME=1 N42_TX_INGEST_HIGH_WATER=2500000 F7_BENCH_POOL_SLOTS=3000000 N42_PLAN_AHEAD_BODY=1 N42_SEAL_AT_EXEC=1 N42_TX_QUEUE_DRAIN_CHUNK=8192 N42_ANSWER_LAYOUT_ONLY=1 N42_PULL_BY_FRAMES=1 N42_SF_PARALLEL_ENCODE=1 N42_BUILD_THROTTLE_HARD=80 N42_LIVE_INDEX_DEFER=1 RAYON_NUM_THREADS=16 F7_VAL_CPUS=16 N42_ROOT_OPS_AHEAD=1 TOKIO_WORKER_THREADS=16 N42_QMDB_READS=on N42_LEADER_LAYERS=3 N42_PERSIST_QMDB_IN_SCOPE=1 F7_BLOCK_INTERVAL_MS=60 F7_MEASURE_FROM_LOG=1
validator env: N42_IMPORT_ONCE=1 N42_SETTLEMENT_TAGS=legacy N42_BUILD_THROTTLE_SOFT=48 F7_EL_MAP=0,0,0,0,0,0,0 N42_FIELDS_AT_SEAL=1 N42_FREEZE_AFTER_SEAL=1 N42_FRAME_BLOCKS=1 N42_TX_INGEST_RECOVER_PARALLEL=24 N42_FREEZE_POOL=own N42_PARALLEL_BUILD_THREADS=32 N42_PLAN_AHEAD=1 N42_HASHED_TABLES=off F7_FLOOD_RATE=6000000 N42_COMPACT_BODY=1 N42_BUILD_BATCHES=128 N42_SEAL_ON_COUNTERS=1 N42_ACCOUNT_HISTORY=off N42_TAKE_COMPACT=1 N42_SF_EARLY_WRITEBACK=1 N42_ROAD_RUNTIME=1 N42_TX_INGEST_HIGH_WATER=2500000 F7_BENCH_POOL_SLOTS=3000000 N42_PLAN_AHEAD_BODY=1 N42_SEAL_AT_EXEC=1 N42_TX_QUEUE_DRAIN_CHUNK=8192 N42_ANSWER_LAYOUT_ONLY=1 N42_PULL_BY_FRAMES=1 N42_SF_PARALLEL_ENCODE=1 N42_BUILD_THROTTLE_HARD=80 N42_LIVE_INDEX_DEFER=1 RAYON_NUM_THREADS=16 F7_VAL_CPUS=16 N42_ROOT_OPS_AHEAD=1 TOKIO_WORKER_THREADS=16 N42_QMDB_READS=on N42_LEADER_LAYERS=3 N42_PERSIST_QMDB_IN_SCOPE=1 F7_MEASURE_FROM_LOG=1
loop348WARM once: start-up lines import_once=true 1; last direct-import counters 
loop348WARM imports: layers=1 direct_imports=0 canonical_blocks=2684 import_once_lines=1 (per layer: direct imports should equal canonical blocks for one execution per block)
grep: /data/blockchain/rust-fleet7-bench/node1/el.log: No such file or directory
grep: /data/blockchain/rust-fleet7-bench/node2/el.log: No such file or directory
grep: /data/blockchain/rust-fleet7-bench/node3/el.log: No such file or directory
grep: /data/blockchain/rust-fleet7-bench/node1/el.log: No such file or directory
grep: /data/blockchain/rust-fleet7-bench/node2/el.log: No such file or directory
grep: /data/blockchain/rust-fleet7-bench/node3/el.log: No such file or directory
cat: /data/blockchain/rust-fleet7-bench/node2/el.log: No such file or directory
cat: /data/blockchain/rust-fleet7-bench/node2/el.log: No such file or directory
cat: /data/blockchain/rust-fleet7-bench/node2/el.log: No such file or directory
cat: /data/blockchain/rust-fleet7-bench/node1/el.log: No such file or directory
cat: /data/blockchain/rust-fleet7-bench/node2/el.log: No such file or directory
cat: /data/blockchain/rust-fleet7-bench/node3/el.log: No such file or directory
loop348WARM no_variant=0 own_not_committed=0 tc=0 invalid_blocks=0 incomplete=0 gas_mismatch=0 direct_imports_failed=0 stuck_at_hashed_state=0 engine_idles_over_5s=0 proposals_given_up=0 tables_off_nodes=1 unanswered_reads=0 seal_first_total=1471 seal_first_direct=1471 direct_guard_errors=0 commit_ms_median=0 fold_ms_median=8 sealed_at_ms_median=51 state_ready_ms_median=93 build_total_ms_median=167 recover_us_median=0 par_exec_ms_median=22 par_exec_ms_median=22 giveback_filtered=0 giveback_offered_max=200000 seal_first=1471 reader_lag_max=10 reader_lag_warns=0 view_invalidated=0 el_sum_peak_g=42.3 el_max_peak_g=42.3 val_sum_peak_g=0.9 flood_peak_g=0.6 two_roads_blocks=0 two_roads_overlap_ms_median=- exec_on_output_declined=0 r1_collect_ms_median=5 proposal_at_ms_median=49 view_total_ms_median=61 import_exec_ms_median=- import_total_ms_median=- import_senders_ms_median=- import_convert_ms_median=- import_groups_median=- imports_over_600ms=0 min_avail_g=73.0 road_foreign_body_recv_ms=- road_foreign_body_decode_ms=- road_foreign_body_senders_ms=- road_foreign_body_parent_wait_ms=- road_foreign_body_check_ms=- road_foreign_body_total_ms=- road_new_payload_recv_ms=- road_new_payload_decode_ms=- road_new_payload_senders_ms=- road_new_payload_parent_wait_ms=- road_new_payload_check_ms=- road_new_payload_total_ms=- road_foreign_body_blocks=0 road_new_payload_blocks=0 fcu_answered=1265 fcu_in_flight_ms_median=1 fcu_queued_ms_median=0 fcu_queued_ms_max=107 fcu_refused=0 fcu_slow=2334 bodies_held=4 road_reuse_ms=- road_prepare_ms=- road_dispatch_ms=- road_convert_ms=- road_remember_ms=- road_header_ms=- road_fields_ms=- road_other_ms=- import_engine_ms_median=- gate_forced=0 gate_warns=0 flood_timeouts=0 canonical_min=2726 canonical_max=2726 chained_builds=1855 chain_lead_ms_median=52 chain_wait_ms_median=4 chain_started=1858 chain_discarded=1 chain_discard_reasons=_1_reason="no_,_1_reason="the_execution_layer_produced_nothing chain_alias_warns=0 el_chained=1874 bodies_held_warns=0 el_build_refused=2 el_build_refused_reasons=_2_no_QMDB_tree_for_parent_block_0x queued_p5=2316500 queued_p50=2471500 road_compact_blocks=0 road_compact_recv_ms=- road_compact_assemble_ms=- road_compact_root_ms=- road_compact_miss_wait_ms=- road_compact_senders_ms=- road_compact_check_ms=- road_compact_other_ms=- road_compact_total_ms=- road_compact_misses_total= compact_refused_el=0 compact_fallbacks=0 compact_bytes_median=- pool_order9=14341 par_pull_ms_median=0 build_total_ms_median2=53 road_compact_filled_blocks=0 road_compact_filled_median=- road_compact_fill_ms_median=- need_txns=0 fill_failed=0 ingest_rate_gate_open_median=- ingest_gate_open_intervals=0 ingest_slots_busy_median=- flood_rate= fill_asked_proposer=0 fill_asked_other=0 loop_lines=1899 loop_unnamed_ms_median=48 loop_body_served_ms_median=- loop_txns_served_ms_median=- import_exec_ms_median2=- pip_partition_ms=- pip_env_ms=- pip_batch_ms=- pip_groups_ms=- pip_gas_ms=- pip_merge_ms=- pip_receipts_ms=- pip_drop_ms=- pip_other_ms=- pip_total_ms=- senders_indexed_median=- road_senders_ms_median=- road_total_ms_median=- pew_ms_median=- pew_ms_p90= gate_ms_median=- gate_ms_p90= root_ms_p50=- root_ms_p90= two_roads=0 not_on_output=0 not_on_output_why= ckpt_ms_first_q=2 ckpt_ms_last_q=47 ckpt_bytes_last=35152308 parent_still_importing=0 root_wait_ms_p50=- root_wait_ms_p90= tenures_low_seal=23 seal_first_share=0.99 empty_over_deep=0 near_empty_warns=0 no_seal_why= par_skipped_median=- usable_p5=2315500 ckpt_replay_ms_last_q=15 candidates_zero=0 dropped_ingest=0 let_go_warns=0 let_go_reasons= parked_p50=0 parked_max=0 held_warns=0 park_capped_total=0 superseded_builds=0 empty_not_superseded=0 mass_park_warns=0 heads_lines=0 holes_lines=0 stale_parent_refusals=0 par_groups_p5=0 cancelled_decided=1 heads_nonce0=0 stale_unconfirmed= handovers=0 el_panics=0 decided_cancelled=1 min_window_blocks=465 road_desc_blocks=0 road_desc_total_ms=- road_desc_copy_ms=- desc_misses=0 fill_failed2=0 sf_par_collect_ms=0 sf_par_commit_ms=0 sf_par_fold_ms=8 sf_par_graft_ms=0 sf_par_prefault_ms=0 sf_par_exec_ms=22 sf_sealed_at_ms=51 sf_roots_ms=31 sf_state_ready_ms=93 sf_total_ms=167 ba_find_ms=0 ba_queue_ms=0 ba_total_ms=53 ba_on_output=1470 queue_fold_us=0 queue_lock_us=5 sf_par_exec_ms=22 sf_par_fold_ms=8 pip_groups_ms=- import_exec_ms_median2=- reads_d0=0 reads_hist=0 f_reads_d0=- f_reads_hist=- f_overlay_depth=- L_read_set_ms=0 read_set_accounts=0 read_set_unresolved=0 read_set_hits=0 read_set_misses=0 start_best_ms=- par_prep_ms=- gap_before_exec_ms=- gap_after_exec_ms=- gap_before_seal_ms=- index_ms=- road_copy_aside_ms=- road_copy_wait_ms=- road_total_ms=- queue_first_miss=queue_first_miss=18446744073709551615:1482,queue_first_miss=0:1202 root_append_behind=0 populate_lag_mb=0 swap_used_g=0 root_faults=- root_faults_p90= root_faults_entries=0 root_faults_offsets=0 root_faults_index=0 root_faults_bits=0 root_faults_twigs=0 root_faults_undo=0 root_faults_tmp=0 root_append_faults=4 root_twig_pool_misses=0 batch_max_ms=9 batch_min_ms=2 batch_median_ms=4 batch_cpu_max_ms=9 batch_txs_max=2000 batch_txs_min=1500 batch_start_skew_ms=17 batch_wait_ms=0 loop_fetch_ns=0 loop_check_ns=0 loop_transfer_ns=0 loop_receipt_ns=0 loop_gas_ns=0 loop_sink_ns=0 loop_other_ns=0 batch_setup_ns=0 batch_close_ns=0 imp_exec_part_ms=- imp_exec_batches_ms=- imp_exec_graft_ms=- imp_exec_batches=- imp_exec_threads=- imp_exec_batch_max_ms=- imp_exec_batch_median_ms=- imp_parent_output_wait_ms=- road_parent_output_wait_ms=- next_start_gap_ms=1 next_entry_gap_ms=0 commit_body_ahead_used=- imp_exec_keys_ms=- imp_keys_ahead=- imp_exec_sink_ms=- imp_exec_pre_ms=- imp_exec_post_ms=- imp_exec_receipts_ms=- imp_exec_drop_ms=- root_gap_ms=- queue_whole=queue_whole=true:1482,queue_whole=false:1202 tick_tick_late_us=948 tick_preamble_us=340 tick_take_sealed_us=1 tick_sign_us=0 tick_cache_us=0 tick_presealed=- tick_describe_us=10 tick_publish_us=602 tick_tick_to_send_us=1989 road_check_ms=- road_check_include_us=- road_check_scan_us=- road_check_fold_us=- road_check_senders_us=- road_check_frames_summarized=- road_check_frames_scanned=- imp_exec_start_gap_us=- imp_gap_road_us=- imp_gap_header_us=- imp_gap_senders_us=- imp_gap_parent_us=- imp_gap_setup_us=- imp_gap_keys_wait_us=- sealed_at_p90= sealed_over_130=0 roots_ms=- cycle_p90=61/64/62 batch_max_ms=- batch_median_ms=- imp_batch_max=- forest_lock_warns=1525 root_seal_ms=1 root_seals=40 root_majflt=6 roots_p90= gp_layer=1479 ggp_missing=248 state_wait_split=0/0/0/0:470,8/0/0/0:72,10/0/0/0:71 qmdb_releases=0 state_wait_on= imp_road_end_ms=- imp_exec_start_ms=- imp_exec_end_ms=- imp_root_end_ms=- imp_fields_ready_ms=- imp_parent_fields_wait_ms=- imp_exec_ms=- imp_root_ms=- imp_checks_ms=- imp_engine_ms=- imp_total_ms=- road_parent_fields_wait_ms=- exec_read_ms=0 L_exec_evm_ms=0 L_exec_write_ms=0 L_exec_other_ms=0 L_reads_cache=0 L_reads_provider=0 L_reads_view=0 L_graft_base_ms=0 L_graft_reserve_ms=0 L_graft_insert_ms=0 L_graft_reverts_ms=0 L_graft_other_ms=0 L_par_exec_ms=22 L_par_graft_ms=0 F_exec_read_ms=- F_exec_evm_ms=- F_exec_write_ms=- F_exec_other_ms=- F_reads_cache=- F_reads_provider=- F_reads_view=- F_groups_ms=- L_tx_root_wait_ms=0 L_par_exec_ms=22 L_par_graft_ms=0 L_par_fold_ms=8 L_sealed_ms=7 L_state_ready_ms=93 L_roots_ms=31 L_finish_ms=102 L_total_ms=167 L_setup_ms=0 L_par_pull_ms=0 L_give_back_ms=0 L_state_wait_ms=7 L_state_after_pull=1471 L_seal_at_exec=1471 L_tx_root_ahead=0 flood_w1=3198694 txs_p10=200000 acq_us=465 slots_busy=13 ingest_rate=3162875 L_scope_join_ms=0 L_par_release_ms=0 L_commit_body_ms=0 L_par_commit_ms=0 L_give_back_ms=0 L_sealed_ms=7 L_par_exec_ms=22 L_state_wait_ms=7 L_par_pull_ms=0 L_par_prep_ms=0 L_par_start_ms=3 L_pre_exec_ms=0 L_par_run_ms=31 L_sealed_at_ms=51 F_partition_ms=- F_env_ms=- F_groups_ms=- F_merge_ms=- F_reverts_wait_ms=- F_ahead_wait_ms=- F_total_ms=- I_engine_ms=- I_root_ms=- I_total_ms=- H_engine_remember_ms=- H_engine_listing_ms=- H_engine_new_payload_ms=- busy_us=1 L_par_start_ms=3 L_start_handoff_ms=0 L_start_best_ms=3 L_start_puller_ms=0 L_par_pull_ms=0 L_par_prep_ms=0 L_state_wait_ms=7 L_par_exec_ms=22 L_par_commit_ms=0 L_sealed_ms=7 L_sealed_at_ms=51 L_par_graft_ms=0 L_graft_insert_ms=0 L_graft_reverts_ms=0 L_graft_split_us=0 L_graft_build_us=0 L_graft_merge_us=0 L_state_ready_ms=93 Q_queue_ms=0 R_dispatch_wait_ms=- R_total_ms=- R_road_runtime=1 gate_holds=0 peer_fetch=0 pool_limit=limit=4 gate_opened=gate_opened_for_block=0 I_root_ms=- flood_rate_hdr=rate=6000000/s fills=0 fill_waited=- slots_busy=13 acq_us=465 busy_us=1 converged=0 fallbacks=0 busy_us=1 recover_us=0 tf_on_output=2 tf_fallback=0 still_importing=0 busy_us=1 slots_busy=13 batches=altsig_txs=0 altsig_batches=0 tf_on_output=2 tf_fallback=0 gate_holds=0 sign_s=sign 0s replay_note=replay       : 64 files from /data/n42-pregen/g900000-400m, 400000000 transactio sign_s=sign 0s shard=shard_verified=0 shard_claimed=0 road_verified=- slots_busy=13 gate_us=7087 reply_us=7639 queued=2471500 assemble_ms=- road_take_ms=- road_body_ms=- road_encode_ms=- shards=16 shard_insert_ms=0 shard_wait_ms=0 shard_fold_ms=14 shard_append_ms=17 shard_merge_ms=57 state_ready_ms=93 roots_ms=31 exec_read_ms=0 exec_evm_ms=0 exec_write_ms=0 exec_other_ms=0 reads_cache=0 reads_provider=0 reads_view=0 par_run_ms=31 fold_task_cpu_max_us=13714 fold_task_minflt_max=0 fold_task_minflt_sum=0 fold_task_migrated=0 fold_task_nivcsw_max=0 fold_index=1 fold_index_build_ms=13 fold_index_conflicts=8447 fold_queue_us=60 fold_skew_us=34 fold_task_max_us=13711 fold_tail_us=18 start_best_ms=3 start_select_ms=0 start_walk_ms=0 start_walk_check_ms=0 start_best_other_ms=0 start_frames_by_ref=0 start_frames_slow=0 start_pull_ms=0 start_other_ms=0 start_handoff_ms=0 par_start_ms=3 par_prep_ms=0 par_commit_ms=0 commit_body_ms=0 par_fold_ms=8 sealed_ms=7 copy_ms=- prune_ms=0 frames=- frames_missing=- frame_root_ms=- root_ms=- frames_admitted=frames_admitted=587817 frames_unaligned=0 frame_root_indexed=- seal_layout_ms=0 seal_root_ms=0 attested= busy_us=1 slots_busy=13 reply_us=7639 prune_ms=0 body_refused=0 body_failed_late=0
loop348WARM win1 tps=3,173,333 txs=95,200,000 blocks= 476 cycle=0.063s occupancy=100.0% full(>=95%)=476/476 basefee=n/a (from the layer's log)
loop348WARM win2 tps=3,173,333 txs=95,200,000 blocks= 476 cycle=0.063s occupancy=100.0% full(>=95%)=476/476 basefee=n/a (from the layer's log)
loop348WARM win3 tps=3,153,333 txs=94,600,000 blocks= 473 cycle=0.063s occupancy=100.0% full(>=95%)=473/473 basefee=n/a (from the layer's log)
loop348WARM win1 tps=3,206,667 txs=96,200,000 blocks= 481 cycle=0.062s occupancy=100.0% full(>=95%)=481/481 basefee=n/a (from the layer's log)
loop348WARM win2 tps=3,166,667 txs=95,000,000 blocks= 475 cycle=0.063s occupancy=100.0% full(>=95%)=475/475 basefee=n/a (from the layer's log)
loop348WARM win3 tps=3,100,000 txs=93,000,000 blocks= 465 cycle=0.065s occupancy=100.0% full(>=95%)=465/465 basefee=n/a (from the layer's log)
loop348WARM tps=3,173,333
tps=3,206,667 round_txs=569200000 cycles_w1=
loop348WARM imp_fields_p90= b_p75=15
loop348WARM overlay: filter_skips=0 probes=0 ratio=- (ratio = skips/(skips+probes))
loop348WARM overlay_manager:       1 state_trie_overlay=false  state-ovly_cpu=0
loop348WARM verify: written to /data/blockchain/rust-fleet7-bench/bench-loop348WARM/verify.json
== validator memory at flood +70 s (loop348WARM)
validators 7: RSS sum 0.8 G, max 0.12 G, mean 0.12 G; threads 273 (mean 39)
one validator (pid 464155):
VmHWM:	  119840 kB
VmRSS:	  119840 kB
RssAnon:	  104088 kB
RssFile:	   15752 kB
RssShmem:	       0 kB
Threads:	39
Rss:              119840 kB
Private_Dirty:    104088 kB
Anonymous:        104088 kB
AnonHugePages:         0 kB
threads by name:
     33 h2_validator
      4 tokio-rt-worker
      1 n42-qmdb-prefau
      1 futures-timer
largest mappings by Rss:
51368  7a7468c00000-7a746da00000
15868  7a746db00000-7a7472200000
11008  7a7475c00000-7a7476c00000
10876 /data/n42-build/target-n42-rs/native/release/examples/h2_validator 5b33b52a9000-5b33b6143000
5400  7a7472300000-7a7473200000
4272  7a7479180000-7a7479c00000
4076  7a7476c80000-7a7477800000
3312  7a7478580000-7a7479000000
RSS of all validators, sorted:
min 119.292 MB median 119.848 MB max 120.324 MB
== many-keys report loop348WARM
== loop348WARM: 7 validator logs, f=2, quorum 5
1. the leaders' commit lines
  R1_collect (proposal -> prepare QC): n=3000 p50 5.0 p90 35.0 p99 83.0 max 125.0 ms
  R2_collect (prepare QC -> commit QC): n=3000 p50 5.0 p90 6.0 p99 12.0 max 17.0 ms
  total (proposal -> commit): n=3000 p50 61.0 p90 82.0 p99 138.0 max 622.0 ms
  votes at formation: R1 median 5 max 5 (quorum 5); R2 median 5 max 5
2. vote collection at the traced leaders (first vote -> quorum -> last vote)
 R1 (vote), 3000 views:
    proposal -> first vote: n=3000 p50 2.3 p90 32.6 p99 80.2 max 122.4 ms
    first vote -> quorum: n=3000 p50 2.2 p90 2.3 p99 2.6 max 4.1 ms
    quorum -> last vote: n=3000 p50 1.8 p90 2.0 p99 8.0 max 2462.8 ms
    proposal -> last vote (the slowest key): n=3000 p50 6.3 p90 37.0 p99 87.6 max 2467.7 ms
   views with fewer than 6 votes received: 1
 R2 (commit_vote), 3000 views:
    proposal -> first vote: n=3000 p50 8.2 p90 38.9 p99 85.9 max 134.2 ms
    first vote -> quorum: n=3000 p50 2.2 p90 2.3 p99 2.5 max 6.2 ms
    quorum -> last vote: n=3000 p50 0.9 p90 0.9 p99 1.1 max 9.3 ms
    proposal -> last vote (the slowest key): n=3000 p50 11.3 p90 41.9 p99 88.9 max 137.2 ms
   views with fewer than 6 votes received: 0
3. the straggler rule and the loop
  proposal interval (same leader, consecutive views): n=2997 p50 61.4 p90 63.4 p99 97.1 max 626.2 ms; >= 500 ms: 5
  no `slow step` lines
4. gossip propagation (proposal sent -> received at a traced follower)
    proposal arrival delay: n=6000 p50 0.2 p90 0.3 p99 1.1 max 11.7 ms
4b. the new fields (docs/E1_MANY_KEYS.md section 6), leaders' `block committed!` and `proposal sent` lines
    verify_us: n=3000 p50 6515.5 p90 6754.0 p99 7017.0 max 9103.0 us
    verify_n: n=3000 p50 10.0 p90 10.0 p99 10.0 max 14.0 
    verify_batches: n=3000 p50 0.0 p90 0.0 p99 0.0 max 0.0 
  verify_fallbacks: total 0 over 3000 blocks
    inbound_queue_max: n=3000 p50 0.0 p90 0.0 p99 0.0 max 0.0 
    gossip_poll_us: n=3000 p50 354.0 p90 383.0 p99 598.0 max 738.0 us
  straggler_waits (cumulative per leader log, summed over 3 leaders): 6; waits with straggler_wait_us > 0: 6 of 3000 proposals, p50 602.8 p90 611.2 max 611.2 ms, total 3.14 s
  direct votes at the leaders: received 0 (duplicates dropped 0); sent by those nodes 0, fallbacks to gossip 0; leaders led 3000 views = 36000 vote messages expected (2 rounds x 6); direct share of those 0.0%
5. validators
validators n=7: cpu total 0.02 cores, per key mean 0.003 median 0.002 max 0.003 (key 0) min 0.002; rss per key peak mean 0.123 max 0.124 G, sum of peaks 0.9 G; threads per key mean 39, total 273
libp2p connections (last census of 8): 39 in all (a full mesh of 7 is 21); sockets per process min 4 median 6 max 6
== loop348WARM  (E=1: seven validator keys on one execution layer)
  window 1: canonical 482 blocks, 96.4M tx = 3,213,333/s (100.0% of window 1), full 481/482 (100%); cycle mean/median/p90 62.4/61.4/66.3 ms
    leader builds 481: sealed_at median/p90/p99 48/64/89; phases median/p90 ms: gap_before_exec 7/28, state_wait 7/27, par 49/72, par_exec 22/27, roots 28/38, parent_fields 4/17, sealed 5/18
    state_wait_on {'output': 274, 'grandparent': 43, 'none': 162, 'open': 2}; builds with state_wait > 20 ms: 68 ([('grandparent', 41), ('output', 27)]); gp_layer {1.0: 481}, ggp_missing {0.0: 432, 1.0: 49}
    queue at the builds min/median 1,451,500/2,517,000
    new field batch_cpu_sum_us: median/p90/max 609098.0/732051.0/1584117, nonzero 481
    new field batch_dispatch_us: median/p90/max 212.0/290.0/749, nonzero 481
    new field batch_first_start_us: median/p90/max 68.0/97.0/179, nonzero 481
    new field batch_ivcsw: median/p90/max 1.0/5.0/36, nonzero 323
    new field batch_last_end_us: median/p90/max 22249.0/27473.0/57450, nonzero 481
    new field batch_last_start_us: median/p90/max 17174.0/20716.0/44270, nonzero 481
    new field batch_live_deferred: median/p90/max 71.0/79.0/88, nonzero 481
    new field batch_live_lock_hold_us: median/p90/max 10378.0/11936.0/15828, nonzero 481
    new field batch_live_lock_wait_us: median/p90/max 0.0/0.0/0, nonzero 0
    new field batch_live_lock_waits: median/p90/max 0.0/0.0/0, nonzero 0
    new field batch_majflt: median/p90/max 0.0/0.0/0, nonzero 0
    new field batch_minflt: median/p90/max 706.0/7818.0/24464, nonzero 481
    new field batch_open_max_us: median/p90/max 434.0/524.0/2627, nonzero 481
    new field batch_open_sum_us: median/p90/max 10413.0/12872.0/17417, nonzero 481
    new field batch_threads: median/p90/max 32.0/32.0/32, nonzero 481
    new field batch_vcsw: median/p90/max 165.0/434.0/839, nonzero 481
    new field batch_view_index_wait_us: median/p90/max 0.0/14915.0/38405, nonzero 95
    new field batch_view_index_waits: median/p90/max 0.0/230.0/586, nonzero 95
    new field batch_view_slot_wait_us: median/p90/max 0.0/1778.0/19374, nonzero 104
    new field batch_view_slot_waits: median/p90/max 0.0/49.0/118, nonzero 104
    new field batch_wall_sum_us: median/p90/max 616484.0/746451.0/1588132, nonzero 481
    new field batches: median/p90/max 128.0/128.0/128, nonzero 481
    new field build_batches: median/p90/max 128.0/128.0/128, nonzero 481
    new field carried_depth: median/p90/max 1.0/1.0/1, nonzero 481
    new field exec_end_to_seal_us: median/p90/max 89.0/126.0/249, nonzero 481
    new field exec_partition_us: median/p90/max 6.0/8.0/28, nonzero 481
    new field exec_prepared_groups: {'true': 481}
    new field exec_prepared_slots: {'true': 481}
    new field exec_slots_us: median/p90/max 0.0/0.0/0, nonzero 0
    new field freeze_join_wait_us: median/p90/max 9104.0/19021.0/32591, nonzero 481
    new field freeze_late: {'true': 481}
    new field freeze_pool_own: {'true': 481}
    new field live_index_defer: {'true': 481}
    new field merge_accounts: median/p90/max 191426.0/194984.0/198322, nonzero 481
    new field merge_append_us: median/p90/max 2809.0/6984.0/10780, nonzero 481
    new field merge_early: {'false': 481}
    new field merge_join_wait_us: median/p90/max 0.0/0.0/0, nonzero 0
    new field merge_reverts: median/p90/max 191426.0/194984.0/198322, nonzero 481
    new field merge_reverts_us: median/p90/max 14573.0/19506.0/30892, nonzero 481
    new field merge_state_us: median/p90/max 38520.0/46885.0/71204, nonzero 481
    new field merge_tail_us: median/p90/max 0.0/0.0/1, nonzero 4
    new field merge_threads: median/p90/max 1.0/1.0/1, nonzero 481
    new field one_wave: {'false': 481}
    new field open_engine_us: median/p90/max 0.0/7302.0/57201, nonzero 49
    new field open_fallback: {'false': 432, 'true': 49}
    new field open_keep_us: median/p90/max 6.0/10.0/26, nonzero 481
    new field open_kept_accounts: median/p90/max 574586.0/582256.0/593618, nonzero 481
    new field open_layers: median/p90/max 3.0/3.0/3, nonzero 481
    new field open_provider_us: median/p90/max 97.0/155.0/501, nonzero 481
    new field plan_age_us: median/p90/max 46128.0/100994.0/121012, nonzero 481
    new field plan_ahead: median/p90/max 1.0/1.0/1, nonzero 481
    new field plan_body: median/p90/max 1.0/1.0/1, nonzero 481
    new field plan_body_us: median/p90/max 14106.0/18825.0/25821, nonzero 481
    new field plan_discard: {'': 481}
    new field plan_prep_us: median/p90/max 7112.0/14524.0/26619, nonzero 481
    new field plan_topup_txs: median/p90/max 0.0/0.0/0, nonzero 0
    new field prep_from_plan: {'true': 481}
    new field prev_seal_to_answer_us: median/p90/max 1810.0/2982.0/5128, nonzero 481
    new field prev_seal_to_entry_us: median/p90/max 0.0/0.0/0, nonzero 0
    new field prev_seal_to_header_us: median/p90/max 201.0/316.0/562, nonzero 481
    new field prev_seal_to_import_us: median/p90/max 108982.0/143080.0/188457, nonzero 456
    new field prev_seal_to_request_us: median/p90/max 953.0/67953.0/83140, nonzero 481
    new field prev_seal_to_start_us: median/p90/max 1236.0/68221.0/83447, nonzero 481
    new field pull_bulk_txs: median/p90/max 200000.0/200000.0/200000, nonzero 481
    new field pull_bulk_us: median/p90/max 5.0/8.0/31, nonzero 481
    new field receipts_late: {'false': 481}
    new field receipts_late_wait_us: median/p90/max 0.0/0.0/0, nonzero 0
    new field rename_fallbacks: median/p90/max 0.0/0.0/0, nonzero 0
    new field rename_record_waits: median/p90/max 0.0/0.0/0, nonzero 0
    new field root_apply_gap_us: median/p90/max 10.0/12.0/22, nonzero 481
    new field root_apply_total_us: median/p90/max 20092.0/26963.0/41294, nonzero 481
    new field root_compute_us: median/p90/max 22276.0/29924.0/43129, nonzero 481
    new field root_delta_us: median/p90/max 1160.0/2366.0/11033, nonzero 481
    new field root_index_us: median/p90/max 2534.0/3886.0/15789, nonzero 481
    new field root_leaves_us: median/p90/max 6663.0/9859.0/23937, nonzero 481
    new field root_note_us: median/p90/max 151.0/213.0/1340, nonzero 481
    new field root_ops_ahead: {'true': 481}
    new field root_ops_ahead_wait_us: median/p90/max 1785.0/7043.0/18735, nonzero 479
    new field root_ops_concat_us: median/p90/max 0.0/0.0/0, nonzero 0
    new field root_ops_encode_us: median/p90/max 5063.0/8893.0/16990, nonzero 481
    new field root_ops_finish_us: median/p90/max 2157.0/2929.0/6037, nonzero 481
    new field root_ops_sort_us: median/p90/max 3298.0/6184.0/11478, nonzero 481
    new field root_ops_us: median/p90/max 4255.0/9788.0/21372, nonzero 481
    new field root_rehash_us: median/p90/max 1388.0/1793.0/11809, nonzero 481
    new field root_retire_us: median/p90/max 1734.0/2641.0/6833, nonzero 481
    new field root_sort_us: median/p90/max 197.0/369.0/2887, nonzero 481
    new field root_undo_us: median/p90/max 355.0/660.0/3355, nonzero 481
    new field root_writes_us: median/p90/max 6841.0/9590.0/26777, nonzero 481
    new field seal_hashes_ahead: {'true': 481}
    new field seal_on_counters: {'true': 481}
    new field seal_to_complete_us: median/p90/max 106096.0/123652.0/152691, nonzero 481
    new field seal_to_frozen_us: median/p90/max 9082.0/18925.0/32569, nonzero 387
    new field seal_to_merge_end_us: median/p90/max 106030.0/123531.0/152600, nonzero 481
    new field seal_to_merge_start_us: median/p90/max 48628.0/60441.0/71462, nonzero 481
    new field seal_to_ops_ahead_us: median/p90/max 20785.0/31074.0/46211, nonzero 481
    new field seal_to_shards_ready_us: median/p90/max 15287.0/23359.0/36565, nonzero 481
    new field seal_to_state_ready_us: median/p90/max 106037.0/123551.0/152608, nonzero 481
    new field sealed_unix_us: median/p90/max 1791449691045592.0/1791449702963112.0/1791449705941183, nonzero 481
    new field start_walk_check_us: median/p90/max 0.0/0.0/0, nonzero 0
    new field start_walk_ids_us: median/p90/max 0.0/0.0/0, nonzero 0
    new field start_walk_settle_us: median/p90/max 0.0/0.0/0, nonzero 0
    new field start_walk_us: median/p90/max 0.0/0.0/0, nonzero 0
    new field state_wait_us: median/p90/max 7511.0/27806.0/73094, nonzero 481
    new field view_journal_reads: median/p90/max 0.0/86016.0/172032, nonzero 238
    new field view_journal_searches: median/p90/max 0.0/245268.0/455762, nonzero 238
    new field view_journal_skips: median/p90/max 0.0/0.0/0, nonzero 0
    new field whole_take_noted: {'true': 481}
    binding wait (tick / quorum / seal share, mean cycle): tick 100% (62); quorum 0% (107); seal 0%; feed-bound (blocks under 95% of the tier): 1 of 482
    slowest key vote delay median/p90 3.5/39.5 ms
    engine own-import total_ms per block median/p90/max 36/53/82 (n=481)
    layer RSS 4.8 -> 27.0 G (max 27.0), in-memory blocks max 10
    execution layer cores busy 34.7    validators cores busy 1.2
    flood delivered (median per 5 s over the leg) 3,193,558/s
  window 2: canonical 475 blocks, 95.0M tx = 3,166,667/s (98.5% of window 1), full 475/475 (100%); cycle mean/median/p90 61.5/61.3/64.2 ms
    leader builds 477: sealed_at median/p90/p99 51/71/104; phases median/p90 ms: gap_before_exec 6/28, state_wait 6/27, par 52/74, par_exec 22/30, roots 33/45, parent_fields 6/21, sealed 7/23
    state_wait_on {'none': 157, 'output': 257, 'grandparent': 61, 'open': 2}; builds with state_wait > 20 ms: 69 ([('grandparent', 53), ('output', 16)]); gp_layer {1.0: 477}, ggp_missing {0.0: 408, 1.0: 69}
    queue at the builds min/median 2,290,000/2,513,500
    new field batch_cpu_sum_us: median/p90/max 621643.0/769611.0/2435191, nonzero 477
    new field batch_dispatch_us: median/p90/max 223.0/344.0/1129, nonzero 477
    new field batch_first_start_us: median/p90/max 75.0/121.0/408, nonzero 477
    new field batch_ivcsw: median/p90/max 1.0/7.0/36, nonzero 309
    new field batch_last_end_us: median/p90/max 22906.0/30114.0/87415, nonzero 477
    new field batch_last_start_us: median/p90/max 17701.0/21335.0/69796, nonzero 477
    new field batch_live_deferred: median/p90/max 72.0/80.0/138, nonzero 477
    new field batch_live_lock_hold_us: median/p90/max 11093.0/13167.0/21349, nonzero 477
    new field batch_live_lock_wait_us: median/p90/max 0.0/0.0/0, nonzero 0
    new field batch_live_lock_waits: median/p90/max 0.0/0.0/0, nonzero 0
    new field batch_majflt: median/p90/max 0.0/0.0/2, nonzero 1
    new field batch_minflt: median/p90/max 800.0/11156.0/29567, nonzero 477
    new field batch_open_max_us: median/p90/max 426.0/545.0/2574, nonzero 477
    new field batch_open_sum_us: median/p90/max 10540.0/13541.0/17956, nonzero 477
    new field batch_threads: median/p90/max 32.0/32.0/32, nonzero 477
    new field batch_vcsw: median/p90/max 178.0/496.0/937, nonzero 477
    new field batch_view_index_wait_us: median/p90/max 0.0/22533.0/51219, nonzero 123
    new field batch_view_index_waits: median/p90/max 0.0/293.0/658, nonzero 123
    new field batch_view_slot_wait_us: median/p90/max 0.0/1942.0/5065, nonzero 134
    new field batch_view_slot_waits: median/p90/max 0.0/54.0/109, nonzero 134
    new field batch_wall_sum_us: median/p90/max 637466.0/773903.0/2438441, nonzero 477
    new field batches: median/p90/max 128.0/128.0/128, nonzero 477
    new field build_batches: median/p90/max 128.0/128.0/128, nonzero 477
    new field carried_depth: median/p90/max 1.0/1.0/1, nonzero 477
    new field exec_end_to_seal_us: median/p90/max 94.0/137.0/599, nonzero 477
    new field exec_partition_us: median/p90/max 6.0/9.0/1455, nonzero 477
    new field exec_prepared_groups: {'true': 475, 'false': 2}
    new field exec_prepared_slots: {'true': 475, 'false': 2}
    new field exec_slots_us: median/p90/max 0.0/0.0/1750, nonzero 2
    new field freeze_join_wait_us: median/p90/max 6787.0/15148.0/28508, nonzero 477
    new field freeze_late: {'true': 477}
    new field freeze_pool_own: {'true': 477}
    new field live_index_defer: {'true': 477}
    new field merge_accounts: median/p90/max 192032.0/195193.0/197375, nonzero 477
    new field merge_append_us: median/p90/max 3323.0/7615.0/14487, nonzero 477
    new field merge_early: {'false': 477}
    new field merge_join_wait_us: median/p90/max 0.0/0.0/0, nonzero 0
    new field merge_reverts: median/p90/max 192032.0/195193.0/197375, nonzero 477
    new field merge_reverts_us: median/p90/max 14709.0/19649.0/34732, nonzero 477
    new field merge_state_us: median/p90/max 39486.0/47307.0/62760, nonzero 477
    new field merge_tail_us: median/p90/max 0.0/0.0/1, nonzero 6
    new field merge_threads: median/p90/max 1.0/1.0/1, nonzero 477
    new field one_wave: {'false': 477}
    new field open_engine_us: median/p90/max 0.0/20171.0/76976, nonzero 69
    new field open_fallback: {'false': 408, 'true': 69}
    new field open_keep_us: median/p90/max 6.0/9.0/18, nonzero 477
    new field open_kept_accounts: median/p90/max 575950.0/582423.0/588284, nonzero 477
    new field open_layers: median/p90/max 3.0/3.0/3, nonzero 477
    new field open_provider_us: median/p90/max 96.0/151.0/2654, nonzero 477
    new field plan_age_us: median/p90/max 47829.0/97086.0/129947, nonzero 476
    new field plan_ahead: median/p90/max 1.0/1.0/1, nonzero 476
    new field plan_body: median/p90/max 1.0/1.0/2, nonzero 476
    new field plan_body_us: median/p90/max 15208.0/19335.0/24317, nonzero 475
    new field plan_discard: {'': 476, 'not_on_its_parent': 1}
    new field plan_prep_us: median/p90/max 7335.0/13908.0/28438, nonzero 476
    new field plan_topup_txs: median/p90/max 0.0/0.0/0, nonzero 0
    new field prep_from_plan: {'true': 475, 'false': 2}
    new field prev_seal_to_answer_us: median/p90/max 1652.0/2673.0/8078, nonzero 477
    new field prev_seal_to_entry_us: median/p90/max 0.0/0.0/0, nonzero 0
    new field prev_seal_to_header_us: median/p90/max 181.0/286.0/645, nonzero 477
    new field prev_seal_to_import_us: median/p90/max 116143.0/146692.0/201357, nonzero 460
    new field prev_seal_to_request_us: median/p90/max 916.0/64463.0/118150, nonzero 477
    new field prev_seal_to_start_us: median/p90/max 1208.0/64817.0/118438, nonzero 477
    new field pull_bulk_txs: median/p90/max 200000.0/200000.0/200000, nonzero 477
    new field pull_bulk_us: median/p90/max 5.0/9.0/1241, nonzero 477
    new field receipts_late: {'false': 477}
    new field receipts_late_wait_us: median/p90/max 0.0/0.0/0, nonzero 0
    new field rename_fallbacks: median/p90/max 0.0/0.0/0, nonzero 0
    new field rename_record_waits: median/p90/max 0.0/0.0/0, nonzero 0
    new field root_apply_gap_us: median/p90/max 11.0/13.0/39, nonzero 477
    new field root_apply_total_us: median/p90/max 22591.0/31295.0/47372, nonzero 477
    new field root_compute_us: median/p90/max 24742.0/33866.0/83696, nonzero 477
    new field root_delta_us: median/p90/max 1182.0/2298.0/14575, nonzero 477
    new field root_index_us: median/p90/max 2844.0/5307.0/15601, nonzero 477
    new field root_leaves_us: median/p90/max 7080.0/11863.0/27229, nonzero 477
    new field root_note_us: median/p90/max 143.0/220.0/1131, nonzero 477
    new field root_ops_ahead: {'true': 477}
    new field root_ops_ahead_wait_us: median/p90/max 3113.0/8774.0/29477, nonzero 476
    new field root_ops_concat_us: median/p90/max 0.0/0.0/0, nonzero 0
    new field root_ops_encode_us: median/p90/max 5731.0/9978.0/26256, nonzero 477
    new field root_ops_finish_us: median/p90/max 2326.0/3381.0/9905, nonzero 477
    new field root_ops_sort_us: median/p90/max 3143.0/7422.0/16904, nonzero 477
    new field root_ops_us: median/p90/max 5506.0/11430.0/31698, nonzero 477
    new field root_rehash_us: median/p90/max 2063.0/2996.0/16795, nonzero 477
    new field root_retire_us: median/p90/max 1847.0/2628.0/8468, nonzero 477
    new field root_sort_us: median/p90/max 193.0/436.0/3920, nonzero 477
    new field root_undo_us: median/p90/max 347.0/619.0/3082, nonzero 477
    new field root_writes_us: median/p90/max 7098.0/10343.0/20945, nonzero 477
    new field seal_hashes_ahead: {'true': 477}
    new field seal_on_counters: {'true': 477}
    new field seal_to_complete_us: median/p90/max 110459.0/129541.0/171390, nonzero 477
    new field seal_to_frozen_us: median/p90/max 6757.0/15092.0/28494, nonzero 324
    new field seal_to_merge_end_us: median/p90/max 110377.0/129441.0/171308, nonzero 477
    new field seal_to_merge_start_us: median/p90/max 50545.0/65916.0/118433, nonzero 477
    new field seal_to_ops_ahead_us: median/p90/max 20054.0/29980.0/47637, nonzero 477
    new field seal_to_shards_ready_us: median/p90/max 13555.0/20376.0/31666, nonzero 477
    new field seal_to_state_ready_us: median/p90/max 110384.0/129447.0/171313, nonzero 477
    new field sealed_unix_us: median/p90/max 1791449720909824.0/1791449732852881.0/1791449735967212, nonzero 477
    new field start_walk_check_us: median/p90/max 0.0/0.0/207, nonzero 1
    new field start_walk_ids_us: median/p90/max 0.0/0.0/407, nonzero 1
    new field start_walk_settle_us: median/p90/max 0.0/0.0/0, nonzero 0
    new field start_walk_us: median/p90/max 0.0/0.0/4120, nonzero 1
    new field state_wait_us: median/p90/max 6824.0/27971.0/92954, nonzero 477
    new field view_journal_reads: median/p90/max 0.0/81920.0/155648, nonzero 237
    new field view_journal_searches: median/p90/max 0.0/232235.0/432215, nonzero 237
    new field view_journal_skips: median/p90/max 0.0/0.0/0, nonzero 0
    new field whole_take_noted: {'true': 477}
    binding wait (tick / quorum / seal share, mean cycle): tick 100% (62); quorum 0%; seal 0%; feed-bound (blocks under 95% of the tier): 0 of 475
    slowest key vote delay median/p90 3.0/37.0 ms
    engine own-import total_ms per block median/p90/max 37/55/81 (n=475)
    layer RSS 25.9 -> 34.5 G (max 34.5), in-memory blocks max 10
    execution layer cores busy 36.4    validators cores busy 1.2
  window 3: canonical 465 blocks, 93.0M tx = 3,100,000/s (96.5% of window 1), full 465/465 (100%); cycle -
    leader builds 465: sealed_at median/p90/p99 53/77/101; phases median/p90 ms: gap_before_exec 8/42, state_wait 8/42, par 53/84, par_exec 22/28, roots 32/48, parent_fields 7/24, sealed 8/25
    state_wait_on {'none': 130, 'output': 228, 'grandparent': 106, 'open': 1}; builds with state_wait > 20 ms: 103 ([('grandparent', 92), ('output', 11)]); gp_layer {1.0: 465}, ggp_missing {1.0: 112, 0.0: 353}
    queue at the builds min/median 2,300,500/2,513,000
    new field batch_cpu_sum_us: median/p90/max 606967.0/739155.0/2442544, nonzero 465
    new field batch_dispatch_us: median/p90/max 210.0/281.0/627, nonzero 465
    new field batch_first_start_us: median/p90/max 69.0/107.0/237, nonzero 465
    new field batch_ivcsw: median/p90/max 1.0/6.0/13, nonzero 319
    new field batch_last_end_us: median/p90/max 22098.0/27942.0/86921, nonzero 465
    new field batch_last_start_us: median/p90/max 17230.0/21340.0/68776, nonzero 465
    new field batch_live_deferred: median/p90/max 74.0/82.0/216, nonzero 465
    new field batch_live_lock_hold_us: median/p90/max 10923.0/13240.0/32852, nonzero 465
    new field batch_live_lock_wait_us: median/p90/max 0.0/0.0/0, nonzero 0
    new field batch_live_lock_waits: median/p90/max 0.0/0.0/0, nonzero 0
    new field batch_majflt: median/p90/max 0.0/0.0/7, nonzero 3
    new field batch_minflt: median/p90/max 983.0/10354.0/38383, nonzero 465
    new field batch_open_max_us: median/p90/max 437.0/526.0/3333, nonzero 465
    new field batch_open_sum_us: median/p90/max 10564.0/13224.0/22854, nonzero 465
    new field batch_threads: median/p90/max 32.0/32.0/32, nonzero 465
    new field batch_vcsw: median/p90/max 171.0/521.0/845, nonzero 465
    new field batch_view_index_wait_us: median/p90/max 0.0/23548.0/56551, nonzero 116
    new field batch_view_index_waits: median/p90/max 0.0/286.0/630, nonzero 116
    new field batch_view_slot_wait_us: median/p90/max 0.0/1882.0/6253, nonzero 125
    new field batch_view_slot_waits: median/p90/max 0.0/55.0/107, nonzero 125
    new field batch_wall_sum_us: median/p90/max 613595.0/763209.0/2449081, nonzero 465
    new field batches: median/p90/max 128.0/128.0/128, nonzero 465
    new field build_batches: median/p90/max 128.0/128.0/128, nonzero 465
    new field carried_depth: median/p90/max 1.0/1.0/1, nonzero 465
    new field exec_end_to_seal_us: median/p90/max 93.0/156.0/507, nonzero 465
    new field exec_partition_us: median/p90/max 6.0/9.0/2156, nonzero 465
    new field exec_prepared_groups: {'true': 464, 'false': 1}
    new field exec_prepared_slots: {'true': 464, 'false': 1}
    new field exec_slots_us: median/p90/max 0.0/0.0/1471, nonzero 1
    new field freeze_join_wait_us: median/p90/max 7037.0/15793.0/27151, nonzero 465
    new field freeze_late: {'true': 465}
    new field freeze_pool_own: {'true': 465}
    new field live_index_defer: {'true': 465}
    new field merge_accounts: median/p90/max 191731.0/195157.0/198210, nonzero 465
    new field merge_append_us: median/p90/max 2400.0/7669.0/14482, nonzero 465
    new field merge_early: {'false': 465}
    new field merge_join_wait_us: median/p90/max 0.0/0.0/0, nonzero 0
    new field merge_reverts: median/p90/max 191731.0/195157.0/198210, nonzero 465
    new field merge_reverts_us: median/p90/max 15130.0/20106.0/34432, nonzero 465
    new field merge_state_us: median/p90/max 38349.0/47007.0/73098, nonzero 465
    new field merge_tail_us: median/p90/max 0.0/0.0/6, nonzero 5
    new field merge_threads: median/p90/max 1.0/1.0/1, nonzero 465
    new field one_wave: {'false': 465}
    new field open_engine_us: median/p90/max 0.0/40239.0/71908, nonzero 112
    new field open_fallback: {'false': 353, 'true': 112}
    new field open_keep_us: median/p90/max 6.0/9.0/57, nonzero 465
    new field open_kept_accounts: median/p90/max 574634.0/581757.0/588452, nonzero 465
    new field open_layers: median/p90/max 3.0/3.0/3, nonzero 465
    new field open_provider_us: median/p90/max 95.0/161.0/801, nonzero 465
    new field plan_age_us: median/p90/max 52168.0/93743.0/131800, nonzero 465
    new field plan_ahead: median/p90/max 1.0/1.0/1, nonzero 465
    new field plan_body: median/p90/max 1.0/1.0/2, nonzero 465
    new field plan_body_us: median/p90/max 13051.0/16856.0/20566, nonzero 464
    new field plan_discard: {'': 465}
    new field plan_prep_us: median/p90/max 6962.0/13270.0/31552, nonzero 465
    new field plan_topup_txs: median/p90/max 0.0/0.0/0, nonzero 0
    new field prep_from_plan: {'true': 464, 'false': 1}
    new field prev_seal_to_answer_us: median/p90/max 2118.0/3776.0/6176, nonzero 465
    new field prev_seal_to_entry_us: median/p90/max 0.0/0.0/0, nonzero 0
    new field prev_seal_to_header_us: median/p90/max 213.0/336.0/1247, nonzero 465
    new field prev_seal_to_import_us: median/p90/max 124315.0/159354.0/233599, nonzero 428
    new field prev_seal_to_request_us: median/p90/max 940.0/62416.0/78075, nonzero 465
    new field prev_seal_to_start_us: median/p90/max 1239.0/62683.0/78402, nonzero 465
    new field pull_bulk_txs: median/p90/max 200000.0/200000.0/200000, nonzero 465
    new field pull_bulk_us: median/p90/max 5.0/8.0/1013, nonzero 465
    new field receipts_late: {'false': 465}
    new field receipts_late_wait_us: median/p90/max 0.0/0.0/0, nonzero 0
    new field rename_fallbacks: median/p90/max 0.0/0.0/0, nonzero 0
    new field rename_record_waits: median/p90/max 0.0/0.0/0, nonzero 0
    new field root_apply_gap_us: median/p90/max 11.0/13.0/28, nonzero 465
    new field root_apply_total_us: median/p90/max 22484.0/30771.0/58817, nonzero 465
    new field root_compute_us: median/p90/max 24647.0/33650.0/60290, nonzero 465
    new field root_delta_us: median/p90/max 1169.0/2828.0/13820, nonzero 465
    new field root_index_us: median/p90/max 2849.0/5284.0/16923, nonzero 465
    new field root_leaves_us: median/p90/max 7151.0/11001.0/31411, nonzero 465
    new field root_note_us: median/p90/max 140.0/208.0/1349, nonzero 465
    new field root_ops_ahead: {'true': 465}
    new field root_ops_ahead_wait_us: median/p90/max 2774.0/9540.0/22985, nonzero 464
    new field root_ops_concat_us: median/p90/max 0.0/0.0/0, nonzero 0
    new field root_ops_encode_us: median/p90/max 5531.0/10092.0/24705, nonzero 465
    new field root_ops_finish_us: median/p90/max 2330.0/3590.0/8797, nonzero 465
    new field root_ops_sort_us: median/p90/max 3189.0/7771.0/14742, nonzero 465
    new field root_ops_us: median/p90/max 5277.0/12509.0/24964, nonzero 465
    new field root_rehash_us: median/p90/max 2618.0/4028.0/32459, nonzero 465
    new field root_retire_us: median/p90/max 1754.0/2507.0/5179, nonzero 465
    new field root_sort_us: median/p90/max 186.0/387.0/2515, nonzero 465
    new field root_undo_us: median/p90/max 343.0/639.0/2046, nonzero 465
    new field root_writes_us: median/p90/max 6819.0/9531.0/33001, nonzero 465
    new field seal_hashes_ahead: {'true': 465}
    new field seal_on_counters: {'true': 465}
    new field seal_to_complete_us: median/p90/max 110125.0/129898.0/159479, nonzero 465
    new field seal_to_frozen_us: median/p90/max 7013.0/15742.0/27121, nonzero 308
    new field seal_to_merge_end_us: median/p90/max 110063.0/129768.0/159350, nonzero 465
    new field seal_to_merge_start_us: median/p90/max 50866.0/66675.0/91779, nonzero 465
    new field seal_to_ops_ahead_us: median/p90/max 20850.0/29544.0/52338, nonzero 465
    new field seal_to_shards_ready_us: median/p90/max 13681.0/20125.0/30921, nonzero 465
    new field seal_to_state_ready_us: median/p90/max 110070.0/129783.0/159366, nonzero 465
    new field sealed_unix_us: median/p90/max 1791449750836933.0/1791449762825330.0/1791449765933858, nonzero 465
    new field start_walk_check_us: median/p90/max 0.0/0.0/0, nonzero 0
    new field start_walk_ids_us: median/p90/max 0.0/0.0/0, nonzero 0
    new field start_walk_settle_us: median/p90/max 0.0/0.0/0, nonzero 0
    new field start_walk_us: median/p90/max 0.0/0.0/0, nonzero 0
    new field state_wait_us: median/p90/max 8083.0/42542.0/82695, nonzero 465
    new field view_journal_reads: median/p90/max 0.0/73728.0/139264, nonzero 232
    new field view_journal_searches: median/p90/max 0.0/200224.0/416847, nonzero 232
    new field view_journal_skips: median/p90/max 0.0/0.0/0, nonzero 0
    new field whole_take_noted: {'true': 465}
    engine own-import total_ms per block median/p90/max 46/71/98 (n=465)
    layer RSS 34.3 -> 41.4 G (max 41.4), in-memory blocks max 10
    execution layer cores busy 35.0    validators cores busy 1.2
  round total (3 windows, canonical): 284.4M tx
  layer peak RSS 41.9 G; in-memory blocks max 10
  fields at seal: mode "early", verified 0, unchecked 0, mismatches 0 (last build line, cumulative)
  own_executed_again (built here and also directly imported): 0 of 1470 built blocks
== loop348WARM
  layer-0 leader window-1 builds 482: txs mean 200000, share >= 95% of the tier 100% (max 200000); sealed_at_ms 48.0/64.0; par_ms 49.0/72.0; par_exec_ms 22.0/27.0; roots_ms 28.0/38.0; parent_fields_ms 4.0/17.0; sealed_ms 5.0/18.0
  proposal cycle window 1 (n=496): mean 62.4 median 61.4 p90 66.3 ms; blocks in the 30 s: 496
  binding wait (tick / quorum / seal, share and mean cycle): tick 99.6% (62.3); quorum 0.4% (107.1); seal 0%
  vote delay after the proposal, slowest key per block: median 3.5 p90 39.5 ms (slowest minus the median key: median 0.2); last key: {1: 87, 2: 84, 3: 71, 4: 91, 5: 85, 6: 62} of 480 blocks
  CPU in window 1 (cores busy): execution layers 34.7 over 1 process(es); validators 1.2 over 7 process(es)
  execution layer peak RSS 41.9 G; in-memory blocks max 10 (node0 and others, all layers)
  blocks built here 1470; none also directly imported
  import-once counters at the last direct import: ; start-up lines with import_once=true: 1; queue-lock lines 0
  layer-0 queue (queued after canonical prune), median per 10 s: t+0:2492500 t+20:2491500 t+40:2509250 t+60:2467500 t+80:2464000
  flood: median per 5 s 3193558/s, final -
  timeout / given-up lines: 0; 
loop348WARM page_faults_per_s_median: node0=187455 
feedcheck loop348WARM: ok (block 200,000 tx)
== loop348WARM: feed check (acq_us / gate_us / reply_us are per frame of 500; rate per 5 s `ingest` line)
  window 1: ingest lines 6; acq_us 460 (max 497); gate_us 6870; reply_us 7424; slots_busy 14%; delivered median 3,223,532/s max 3,274,413/s; queue at builds median 2,517,000 min 1,451,500; full 100% of 482 blocks
  window 2: ingest lines 6; acq_us 468 (max 480); gate_us 7062; reply_us 7632; slots_busy 14%; delivered median 3,167,142/s max 3,237,388/s; queue at builds median 2,513,500 min 2,290,000; full 100% of 475 blocks
  window 3: ingest lines 6; acq_us 464 (max 471); gate_us 7323; reply_us 7891; slots_busy 13%; delivered median 3,091,429/s max 3,201,412/s; queue at builds median 2,513,000 min 2,300,500; full 100% of 465 blocks
  flood.log (+15..+100 s): rate per 5 s median 3,174,616/s max 3,240,811/s; reply latency median 60.3 ms max 63.6 ms
== loop348WARM: lanes lock, drain and pruner (new fields)
  window 1: lock duty 55.0% (max 58.0); holds/5s 2,316; longest hold 23.97 ms median, 29.58 ms max by crates/n42/tx-queue/src/lib.rs:2046 (most frequent holders [('crates/n42/tx-queue/src/lib.rs:2046', 6)]); lock wait 2247.5 ms/5s, longest 31.19 ms; drains/5s 1,058 of 15307 tx, mean 1206 us, max 17.69 ms
           prune (452 blocks): prune_ms 30/48; fold 0.5 ms, lock 0.0 ms, remove(hold) 8.9 ms, free 0.0 ms; frames_swept 400; coalesced on 452 of 452; prune_wait_ms 0/0; pruner busy 47% of a thread, lock held by it 1.6%
  window 2: lock duty 57.5% (max 60.0); holds/5s 2,162; longest hold 25.88 ms median, 36.90 ms max by crates/n42/tx-queue/src/lib.rs:2576 (most frequent holders [('crates/n42/tx-queue/src/lib.rs:2046', 4), ('crates/n42/tx-queue/src/lib.rs:2692', 1)]); lock wait 2774.3 ms/5s, longest 36.92 ms; drains/5s 924 of 17197 tx, mean 1474 us, max 20.89 ms
           prune (448 blocks): prune_ms 34/50; fold 0.5 ms, lock 0.0 ms, remove(hold) 9.9 ms, free 0.0 ms; frames_swept 400; coalesced on 448 of 448; prune_wait_ms 0/0; pruner busy 50% of a thread, lock held by it 1.8%
  window 3: lock duty 57.5% (max 59.0); holds/5s 2,200; longest hold 28.91 ms median, 31.55 ms max by crates/n42/tx-queue/src/lib.rs:2692 (most frequent holders [('crates/n42/tx-queue/src/lib.rs:2046', 5), ('crates/n42/tx-queue/src/lib.rs:2692', 1)]); lock wait 2764.1 ms/5s, longest 30.70 ms; drains/5s 965 of 16033 tx, mean 1472 us, max 21.97 ms
           prune (438 blocks): prune_ms 34/52; fold 0.6 ms, lock 0.0 ms, remove(hold) 9.5 ms, free 0.0 ms; frames_swept 400; coalesced on 438 of 438; prune_wait_ms 0/0; pruner busy 51% of a thread, lock held by it 1.4%
== loop348WARM: pruner (per block; busy = sum prune_ms / 30 s, lock = sum (remove_us + settle_us) / 30 s)
  window 1: 452 prunes; prune_ms 30/48; remove_us 8.9/17.2 ms; forget_us 2.7/4.1 ms; settle_us 2.7 ms; pruner busy 47% of a worker; lanes lock held for removal 21%
  window 2: 448 prunes; prune_ms 34/50; remove_us 9.9/19.8 ms; forget_us 2.8/4.3 ms; settle_us 3.0 ms; pruner busy 50% of a worker; lanes lock held for removal 23%
  window 3: 438 prunes; prune_ms 34/52; remove_us 9.5/21.4 ms; forget_us 2.9/4.6 ms; settle_us 3.2 ms; pruner busy 51% of a worker; lanes lock held for removal 23%
== loop348WARM: seal start / pull, prepared plan, answer, chunked drain
  window 1: 481 builds; start_best_ms 3/14; start_walk_us 0/0; start_pull_ms 0/0; par_pull_ms 0/0; par_start_ms 3/14; par_ms 49/72; sealed_at_ms 48/64; pull_bulk_us 5/8; pull_bulk_txs 200000/200000; plan_age_us 46128/100994; plan_prep_us 7112/14524; plan_topup_txs 0/0
           plan_ahead {'1': 481}; plan_discard {'': 481}
           answer: built-ahead bytes median/max 15,243/15,245, layout_only {'true': 481}; proposal sent bytes median/max 15,243/15,245, layout_only {'true': 480}
           drain: chunks/5s 874, chunk max 8,192 tx, finished by others/5s 56; plan_discards (last ingest line) -
  window 2: 477 builds; start_best_ms 4/15; start_walk_us 0/0; start_pull_ms 0/0; par_pull_ms 0/0; par_start_ms 4/16; par_ms 52/74; sealed_at_ms 51/71; pull_bulk_us 5/9; pull_bulk_txs 200000/200000; plan_age_us 47829/97086; plan_prep_us 7335/13908; plan_topup_txs 0/0
           plan_ahead {'1': 476, '0': 1}; plan_discard {'': 476, 'not_on_its_parent': 1}
           answer: built-ahead bytes median/max 15,245/15,245, layout_only {'true': 477}; proposal sent bytes median/max 15,245/15,245, layout_only {'true': 476}
           drain: chunks/5s 750, chunk max 8,192 tx, finished by others/5s 59; plan_discards (last ingest line) -
  window 3: 465 builds; start_best_ms 4/16; start_walk_us 0/0; start_pull_ms 0/0; par_pull_ms 0/0; par_start_ms 4/16; par_ms 53/84; sealed_at_ms 53/77; pull_bulk_us 5/8; pull_bulk_txs 200000/200000; plan_age_us 52168/93743; plan_prep_us 6962/13270; plan_topup_txs 0/0
           plan_ahead {'1': 465}; plan_discard {'': 465}
           answer: built-ahead bytes median/max 15,245/15,245, layout_only {'true': 465}; proposal sent bytes median/max 15,245/15,245, layout_only {'true': 466}
           drain: chunks/5s 808, chunk max 8,192 tx, finished by others/5s 60; plan_discards (last ingest line) -
Traceback (most recent call last):
  File [35m"/data/n42-build/wt338/scripts/fleet7-runs/persist340.py"[0m, line [35m24[0m, in [35m<module>[0m
    r = {k: [31mfloat[0m[1;31m(v)[0m for k, v in d.items() if k != 'pid' and re.fullmatch(r'-?[\d.e+-]+', v)}
            [31m~~~~~[0m[1;31m^^^[0m
[1;35mValueError[0m: [35mcould not convert string to float: '-'[0m
== loop348WARM: execution and root fields (median / p90 per block); over 1471 full builds: rename_fallbacks total 0, rename_record_waits total 0, carried_depth values ['1']
    folded lines 481: pending_max max 86 (median 70); pending_us_max max 18,574; drops_max max 57087
    flags: seal_on_counters true:481; freeze_pool_own true:481; plan_body 1:481; prep_from_plan true:481; plan_ahead 1:481; seal per 1,000 transfers 0.240 ms
  window 1 (481 builds): on-CPU share 1.00/1.00; CPU per transfer 3.05/3.66 us; sealed_at_ms 48/64; par_exec_ms 22/27; par_fold_ms 9/19; index_ms 14/21; par_start_ms 3/14; gap_before_exec_ms 7/28; state_wait_us 7,511/27,806; parent_fields_ms 4/17; roots_ms 28/38; seal_to_fields_us 48,560/60,323; seal_to_complete_us 106,096/123,652; rename_fallbacks 0/0; rename_record_waits 0/0; carried_depth 1/1; plan_body_us 14,106/18,825; batch_max_ms 9/12; tx_root_ms 1/1; sealed_ms 5/18
    folded lines 477: pending_max max 87 (median 71); pending_us_max max 20,085; drops_max max 35460
    flags: seal_on_counters true:477; freeze_pool_own true:477; plan_body 0:1/1:475/2:1; prep_from_plan false:2/true:475; plan_ahead 0:1/1:476; seal per 1,000 transfers 0.255 ms
  window 2 (477 builds): on-CPU share 1.00/1.00; CPU per transfer 3.11/3.85 us; sealed_at_ms 51/71; par_exec_ms 22/30; par_fold_ms 7/15; index_ms 14/18; par_start_ms 4/16; gap_before_exec_ms 6/28; state_wait_us 6,824/27,971; parent_fields_ms 6/21; roots_ms 33/45; seal_to_fields_us 50,431/65,741; seal_to_complete_us 110,459/129,541; rename_fallbacks 0/0; rename_record_waits 0/0; carried_depth 1/1; plan_body_us 15,208/19,335; batch_max_ms 9/16; tx_root_ms 1/1; sealed_ms 7/23
    folded lines 465: pending_max max 91 (median 72); pending_us_max max 18,669; drops_max max 39700
    flags: seal_on_counters true:465; freeze_pool_own true:465; plan_body 1:464/2:1; prep_from_plan false:1/true:464; plan_ahead 1:465; seal per 1,000 transfers 0.265 ms
  window 3 (465 builds): on-CPU share 1.00/1.00; CPU per transfer 3.03/3.70 us; sealed_at_ms 53/77; par_exec_ms 22/28; par_fold_ms 7/15; index_ms 14/18; par_start_ms 4/16; gap_before_exec_ms 8/42; state_wait_us 8,083/42,542; parent_fields_ms 7/24; roots_ms 32/48; seal_to_fields_us 50,728/66,432; seal_to_complete_us 110,125/129,898; rename_fallbacks 0/0; rename_record_waits 0/0; carried_depth 1/1; plan_body_us 13,051/16,856; batch_max_ms 9/13; tx_root_ms 1/1; sealed_ms 8/25
== loop348WARM: 3000 proposals; proposal -> quorum (leader's commit) median 11.3 / p90 41.8 / max 137.2 ms; proposal interval median 61.4 / p90 63.4 ms; TC formed lines 0; leader views timed out 0; ParentUnknown lines 0
   handover at view 1024: proposal intervals (view, ms) [(1023, 60), (1024, 127), (1025, 119), (1026, 61), (1027, 62)] against the median 61 ms
   handover at view 2048: proposal intervals (view, ms) [(2047, 62), (2048, 62), (2049, 61), (2050, 61), (2051, 62)] against the median 61 ms
     block 1025 (view 1024): sealed_at_ms 117, gap_before_exec_ms 17, parent_fields_ms 76, rename_fallbacks 0, rename_record_waits 0, carried_depth 1
     block 1026 (view 1025): sealed_at_ms 34, gap_before_exec_ms 9, parent_fields_ms 3, rename_fallbacks 0, rename_record_waits 0, carried_depth 1
     block 1027 (view 1026): sealed_at_ms 39, gap_before_exec_ms 0, parent_fields_ms 3, rename_fallbacks 0, rename_record_waits 0, carried_depth 1
     block 1028 (view 1027): sealed_at_ms 53, gap_before_exec_ms 23, parent_fields_ms 0, rename_fallbacks 0, rename_record_waits 0, carried_depth 1
no busy samples
== loop348WARM: 1423 full builds in the 3 windows
  par_exec_ms 22/28; par_run_ms 31/57; batch_start_skew_ms 17/21; batch_median_ms 4/5; batch_max_ms 9/13; batch_first_start_us 70/110; batch_last_start_us 17394/21189; batch_dispatch_us 215/304; batch_last_end_us 22450/28028; batches 128/128; batch_threads 32/32; batch_txs_max 2000/2000; batch_txs_min 1500/1500; start_walk_ms 0/0; start_walk_check_ms 0/0; par_start_ms 4/15; sealed_at_ms 51/71; prev_seal_to_answer_us 1825/3226; prev_seal_to_entry_us 0/0; prev_seal_to_header_us 197/314; prev_seal_to_import_us 115772/149013; prev_seal_to_request_us 934/64895; prev_seal_to_start_us 1227/65296; start_walk_check_us 0/0; start_walk_ids_us 0/0; start_walk_settle_us 0/0; start_walk_us 0/0
  one_wave {'false': 1423}
  batches == batch_threads on 0 of 1423 builds
  last - first batch start (ms) median/p90 17.31/21.10; under 2 ms on 0 of 1423 builds
bodygate loop348WARM: invalid_blocks=0 gas_mismatch=0 fields_mismatches=0 own_not_committed=0 proposals_given_up=0
leg loop348K21c: /data free 513G (needs 120 G)
load 13.81 at 04:57:25, waiting
load 8.37 at 04:57:55, waiting
plan loop348K21c: exit 0 (21 validators, 1 layer(s)): # validators 21, execution layers 1, 192 CPUs a layer, import-once 1, shared 1; # validators : 32 CPUs set aside, taskset -c 96-111,224-239; # fleet    : 21 nodes, quorum 15 of 21 (f = 6); 0 refusals
leg loop348K21c start 04:58:25 load 5.07
round loop348K21c exit 0 at 05:01:27
loop348K21c save stages (node0, seconds summed over the leg / count): batch_size=1905.0/620  batch_size=1905.0/620  reth_consensus_engine_beacon_persistence_duration=56.0/620  duration_seconds=52.4/620  total=48.0/620  scope=43.4/620  sf=43.2/620  sf_transactions=43.0/620  qmdb_persisted=21.3/620  sf_account_changesets=19.6/620
el binary: /data/n42-build/target-n42-rs/native/release/n42 env: N42_IMPORT_ONCE=1 N42_SETTLEMENT_TAGS=legacy N42_BUILD_THROTTLE_SOFT=48 F7_EL_MAP=0,0,0,0,0,0,0,0,0,0,0,0,0,0,0,0,0,0,0,0,0 N42_FIELDS_AT_SEAL=1 N42_FREEZE_AFTER_SEAL=1 N42_FRAME_BLOCKS=1 N42_TX_INGEST_RECOVER_PARALLEL=24 N42_FREEZE_POOL=own N42_PARALLEL_BUILD_THREADS=32 N42_PLAN_AHEAD=1 N42_HASHED_TABLES=off F7_FLOOD_RATE=6000000 N42_COMPACT_BODY=1 N42_BUILD_BATCHES=128 MALLOC_CONF=thp:always,oversize_threshold:0,dirty_decay_ms:2000,background_thread:true N42_SEAL_ON_COUNTERS=1 N42_ACCOUNT_HISTORY=off N42_TAKE_COMPACT=1 N42_SF_EARLY_WRITEBACK=1 F7_VAL_NO_MALLOC_CONF=1 N42_ROAD_RUNTIME=1 N42_TX_INGEST_HIGH_WATER=2500000 F7_BENCH_POOL_SLOTS=3000000 N42_PLAN_AHEAD_BODY=1 N42_SEAL_AT_EXEC=1 N42_TX_QUEUE_DRAIN_CHUNK=8192 N42_ANSWER_LAYOUT_ONLY=1 N42_PULL_BY_FRAMES=1 N42_SF_PARALLEL_ENCODE=1 N42_BUILD_THROTTLE_HARD=80 N42_LIVE_INDEX_DEFER=1 RAYON_NUM_THREADS=16 F7_VAL_CPUS=32 N42_ROOT_OPS_AHEAD=1 TOKIO_WORKER_THREADS=16 N42_QMDB_READS=on N42_LEADER_LAYERS=3 N42_PERSIST_QMDB_IN_SCOPE=1 F7_BLOCK_INTERVAL_MS=60 F7_MEASURE_FROM_LOG=1
validator env: N42_IMPORT_ONCE=1 N42_SETTLEMENT_TAGS=legacy N42_BUILD_THROTTLE_SOFT=48 F7_EL_MAP=0,0,0,0,0,0,0,0,0,0,0,0,0,0,0,0,0,0,0,0,0 N42_FIELDS_AT_SEAL=1 N42_FREEZE_AFTER_SEAL=1 N42_FRAME_BLOCKS=1 N42_TX_INGEST_RECOVER_PARALLEL=24 N42_FREEZE_POOL=own N42_PARALLEL_BUILD_THREADS=32 N42_PLAN_AHEAD=1 N42_HASHED_TABLES=off F7_FLOOD_RATE=6000000 N42_COMPACT_BODY=1 N42_BUILD_BATCHES=128 N42_SEAL_ON_COUNTERS=1 N42_ACCOUNT_HISTORY=off N42_TAKE_COMPACT=1 N42_SF_EARLY_WRITEBACK=1 N42_ROAD_RUNTIME=1 N42_TX_INGEST_HIGH_WATER=2500000 F7_BENCH_POOL_SLOTS=3000000 N42_PLAN_AHEAD_BODY=1 N42_SEAL_AT_EXEC=1 N42_TX_QUEUE_DRAIN_CHUNK=8192 N42_ANSWER_LAYOUT_ONLY=1 N42_PULL_BY_FRAMES=1 N42_SF_PARALLEL_ENCODE=1 N42_BUILD_THROTTLE_HARD=80 N42_LIVE_INDEX_DEFER=1 RAYON_NUM_THREADS=16 F7_VAL_CPUS=32 N42_ROOT_OPS_AHEAD=1 TOKIO_WORKER_THREADS=16 N42_QMDB_READS=on N42_LEADER_LAYERS=3 N42_PERSIST_QMDB_IN_SCOPE=1 F7_MEASURE_FROM_LOG=1
loop348K21c once: start-up lines import_once=true 1; last direct-import counters 
loop348K21c imports: layers=1 direct_imports=0 canonical_blocks=3953 import_once_lines=1 (per layer: direct imports should equal canonical blocks for one execution per block)
grep: /data/blockchain/rust-fleet7-bench/node1/el.log: No such file or directory
grep: /data/blockchain/rust-fleet7-bench/node2/el.log: No such file or directory
grep: /data/blockchain/rust-fleet7-bench/node3/el.log: No such file or directory
grep: /data/blockchain/rust-fleet7-bench/node1/el.log: No such file or directory
grep: /data/blockchain/rust-fleet7-bench/node2/el.log: No such file or directory
grep: /data/blockchain/rust-fleet7-bench/node3/el.log: No such file or directory
cat: /data/blockchain/rust-fleet7-bench/node2/el.log: No such file or directory
cat: /data/blockchain/rust-fleet7-bench/node2/el.log: No such file or directory
cat: /data/blockchain/rust-fleet7-bench/node2/el.log: No such file or directory
cat: /data/blockchain/rust-fleet7-bench/node1/el.log: No such file or directory
cat: /data/blockchain/rust-fleet7-bench/node2/el.log: No such file or directory
cat: /data/blockchain/rust-fleet7-bench/node3/el.log: No such file or directory
Traceback (most recent call last):
  File [35m"<stdin>"[0m, line [35m4[0m, in [35m<module>[0m
[1;35mIndexError[0m: [35mlist index out of range[0m
loop348K21c no_variant=0 own_not_committed=0 tc=0 invalid_blocks=0 incomplete=0 gas_mismatch=0 direct_imports_failed=0 stuck_at_hashed_state=0 engine_idles_over_5s=1 proposals_given_up=0 tables_off_nodes=1 unanswered_reads=0 seal_first_total=1403 seal_first_direct=1403 direct_guard_errors=0 commit_ms_median=0 fold_ms_median=7 sealed_at_ms_median=50 state_ready_ms_median=97 build_total_ms_median=169 recover_us_median=0 par_exec_ms_median=21 par_exec_ms_median=21 giveback_filtered=0 giveback_offered_max=200000 seal_first=1403 reader_lag_max=10 reader_lag_warns=0 view_invalidated=0 el_sum_peak_g=40.1 el_max_peak_g=40.1 val_sum_peak_g=5.8 flood_peak_g=0.6 two_roads_blocks=0 two_roads_overlap_ms_median=- exec_on_output_declined=0 r1_collect_ms_median=14 proposal_at_ms_median=29 view_total_ms_median=61 import_exec_ms_median=- import_total_ms_median=- import_senders_ms_median=- import_convert_ms_median=- import_groups_median=- imports_over_600ms=0 min_avail_g=70.0 road_foreign_body_recv_ms=- road_foreign_body_decode_ms=- road_foreign_body_senders_ms=- road_foreign_body_parent_wait_ms=- road_foreign_body_check_ms=- road_foreign_body_total_ms=- road_new_payload_recv_ms=- road_new_payload_decode_ms=- road_new_payload_senders_ms=- road_new_payload_parent_wait_ms=- road_new_payload_check_ms=- road_new_payload_total_ms=- road_foreign_body_blocks=0 road_new_payload_blocks=0 fcu_answered=1824 fcu_in_flight_ms_median=0 fcu_queued_ms_median=0 fcu_queued_ms_max=118 fcu_refused=0 fcu_slow=2363 bodies_held=0 road_reuse_ms=- road_prepare_ms=- road_dispatch_ms=- road_convert_ms=- road_remember_ms=- road_header_ms=- road_fields_ms=- road_other_ms=- import_engine_ms_median=- gate_forced=0 gate_warns=0 flood_timeouts=0 canonical_min=4025 canonical_max=4025 chained_builds=2396 chain_lead_ms_median=57 chain_wait_ms_median=0 chain_started=2400 chain_discarded=3 chain_discard_reasons=_1_reason="no_,_1_reason="the_build_was_aborted,_1_reason="the_chained_build_produced_nothing,_2_reason="the_execution_layer_produced_nothing chain_alias_warns=0 el_chained=2421 bodies_held_warns=0 el_build_refused=4 el_build_refused_reasons=_2_the_build_was_aborted,_2_no_QMDB_tree_for_parent_block_0x queued_p5=2315000 queued_p50=2486000 road_compact_blocks=0 road_compact_recv_ms=- road_compact_assemble_ms=- road_compact_root_ms=- road_compact_miss_wait_ms=- road_compact_senders_ms=- road_compact_check_ms=- road_compact_other_ms=- road_compact_total_ms=- road_compact_misses_total= compact_refused_el=0 compact_fallbacks=0 compact_bytes_median=- pool_order9=14311 par_pull_ms_median=0 build_total_ms_median2=52 road_compact_filled_blocks=0 road_compact_filled_median=- road_compact_fill_ms_median=- need_txns=0 fill_failed=0 ingest_rate_gate_open_median=- ingest_gate_open_intervals=0 ingest_slots_busy_median=- flood_rate= fill_asked_proposer=0 fill_asked_other=0 loop_lines=0 loop_unnamed_ms_median=- loop_body_served_ms_median=- loop_txns_served_ms_median=- import_exec_ms_median2=- pip_partition_ms=- pip_env_ms=- pip_batch_ms=- pip_groups_ms=- pip_gas_ms=- pip_merge_ms=- pip_receipts_ms=- pip_drop_ms=- pip_other_ms=- pip_total_ms=- senders_indexed_median=- road_senders_ms_median=- road_total_ms_median=- pew_ms_median=- pew_ms_p90= gate_ms_median=- gate_ms_p90= root_ms_p50=- root_ms_p90= two_roads=0 not_on_output=0 not_on_output_why= ckpt_ms_first_q=2 ckpt_ms_last_q=52 ckpt_bytes_last=33238812 parent_still_importing=0 root_wait_ms_p50=- root_wait_ms_p90= tenures_low_seal=22 seal_first_share=0.99 empty_over_deep=0 near_empty_warns=0 no_seal_why=_1_why="the_parallel_step_built_nothing" par_skipped_median=- usable_p5=2314500 ckpt_replay_ms_last_q=15 candidates_zero=0 dropped_ingest=0 let_go_warns=0 let_go_reasons= parked_p50=0 parked_max=0 held_warns=0 park_capped_total=0 superseded_builds=1 empty_not_superseded=0 mass_park_warns=0 heads_lines=0 holes_lines=0 stale_parent_refusals=0 par_groups_p5=0 cancelled_decided=0 heads_nonce0=0 stale_unconfirmed= handovers=0 el_panics=0 decided_cancelled=0 min_window_blocks=442 road_desc_blocks=0 road_desc_total_ms=- road_desc_copy_ms=- desc_misses=0 fill_failed2=0 sf_par_collect_ms=0 sf_par_commit_ms=0 sf_par_fold_ms=7 sf_par_graft_ms=0 sf_par_prefault_ms=0 sf_par_exec_ms=21 sf_sealed_at_ms=50 sf_roots_ms=33 sf_state_ready_ms=97 sf_total_ms=169 ba_find_ms=0 ba_queue_ms=0 ba_total_ms=52 ba_on_output=1402 queue_fold_us=0 queue_lock_us=115 sf_par_exec_ms=21 sf_par_fold_ms=7 pip_groups_ms=- import_exec_ms_median2=- reads_d0=0 reads_hist=0 f_reads_d0=- f_reads_hist=- f_overlay_depth=- L_read_set_ms=0 read_set_accounts=0 read_set_unresolved=0 read_set_hits=0 read_set_misses=0 start_best_ms=- par_prep_ms=- gap_before_exec_ms=- gap_after_exec_ms=- gap_before_seal_ms=- index_ms=- road_copy_aside_ms=- road_copy_wait_ms=- road_total_ms=- queue_first_miss=queue_first_miss=0:2536,queue_first_miss=18446744073709551615:1414 root_append_behind=0 populate_lag_mb=0 swap_used_g=0 root_faults=- root_faults_p90= root_faults_entries=0 root_faults_offsets=0 root_faults_index=0 root_faults_bits=0 root_faults_twigs=0 root_faults_undo=0 root_faults_tmp=0 root_append_faults=3 root_twig_pool_misses=0 batch_max_ms=8 batch_min_ms=2 batch_median_ms=4 batch_cpu_max_ms=8 batch_txs_max=2000 batch_txs_min=1500 batch_start_skew_ms=16 batch_wait_ms=0 loop_fetch_ns=0 loop_check_ns=0 loop_transfer_ns=0 loop_receipt_ns=0 loop_gas_ns=0 loop_sink_ns=0 loop_other_ns=0 batch_setup_ns=0 batch_close_ns=0 imp_exec_part_ms=- imp_exec_batches_ms=- imp_exec_graft_ms=- imp_exec_batches=- imp_exec_threads=- imp_exec_batch_max_ms=- imp_exec_batch_median_ms=- imp_parent_output_wait_ms=- road_parent_output_wait_ms=- next_start_gap_ms=1 next_entry_gap_ms=0 commit_body_ahead_used=- imp_exec_keys_ms=- imp_keys_ahead=- imp_exec_sink_ms=- imp_exec_pre_ms=- imp_exec_post_ms=- imp_exec_receipts_ms=- imp_exec_drop_ms=- root_gap_ms=- queue_whole=queue_whole=false:2536,queue_whole=true:1414 tick_tick_late_us=976 tick_preamble_us=339 tick_take_sealed_us=3 tick_sign_us=1 tick_cache_us=0 tick_presealed=- tick_describe_us=21 tick_publish_us=655 tick_tick_to_send_us=2054 road_check_ms=- road_check_include_us=- road_check_scan_us=- road_check_fold_us=- road_check_senders_us=- road_check_frames_summarized=- road_check_frames_scanned=- imp_exec_start_gap_us=- imp_gap_road_us=- imp_gap_header_us=- imp_gap_senders_us=- imp_gap_parent_us=- imp_gap_setup_us=- imp_gap_keys_wait_us=- sealed_at_p90= sealed_over_130=0 roots_ms=- cycle_p90= batch_max_ms=- batch_median_ms=- imp_batch_max=- forest_lock_warns=1472 root_seal_ms=1 root_seals=39 root_majflt=6 roots_p90= gp_layer=1412 ggp_missing=156 state_wait_split=0/0/0/0:558,8/0/0/0:74,9/0/0/0:70 qmdb_releases=1 state_wait_on= imp_road_end_ms=- imp_exec_start_ms=- imp_exec_end_ms=- imp_root_end_ms=- imp_fields_ready_ms=- imp_parent_fields_wait_ms=- imp_exec_ms=- imp_root_ms=- imp_checks_ms=- imp_engine_ms=- imp_total_ms=- road_parent_fields_wait_ms=- exec_read_ms=0 L_exec_evm_ms=0 L_exec_write_ms=0 L_exec_other_ms=0 L_reads_cache=0 L_reads_provider=0 L_reads_view=0 L_graft_base_ms=0 L_graft_reserve_ms=0 L_graft_insert_ms=0 L_graft_reverts_ms=0 L_graft_other_ms=0 L_par_exec_ms=21 L_par_graft_ms=0 F_exec_read_ms=- F_exec_evm_ms=- F_exec_write_ms=- F_exec_other_ms=- F_reads_cache=- F_reads_provider=- F_reads_view=- F_groups_ms=- L_tx_root_wait_ms=0 L_par_exec_ms=21 L_par_graft_ms=0 L_par_fold_ms=7 L_sealed_ms=8 L_state_ready_ms=97 L_roots_ms=33 L_finish_ms=105 L_total_ms=169 L_setup_ms=0 L_par_pull_ms=0 L_give_back_ms=0 L_state_wait_ms=4 L_state_after_pull=1403 L_seal_at_exec=1403 L_tx_root_ahead=0 flood_w1=3041911 txs_p10=200000 acq_us=473 slots_busy=12 ingest_rate=3012496 L_scope_join_ms=0 L_par_release_ms=0 L_commit_body_ms=0 L_par_commit_ms=0 L_give_back_ms=0 L_sealed_ms=8 L_par_exec_ms=21 L_state_wait_ms=4 L_par_pull_ms=0 L_par_prep_ms=0 L_par_start_ms=5 L_pre_exec_ms=0 L_par_run_ms=27 L_sealed_at_ms=50 F_partition_ms=- F_env_ms=- F_groups_ms=- F_merge_ms=- F_reverts_wait_ms=- F_ahead_wait_ms=- F_total_ms=- I_engine_ms=- I_root_ms=- I_total_ms=- H_engine_remember_ms=- H_engine_listing_ms=- H_engine_new_payload_ms=- busy_us=1 L_par_start_ms=5 L_start_handoff_ms=0 L_start_best_ms=4 L_start_puller_ms=0 L_par_pull_ms=0 L_par_prep_ms=0 L_state_wait_ms=4 L_par_exec_ms=21 L_par_commit_ms=0 L_sealed_ms=8 L_sealed_at_ms=50 L_par_graft_ms=0 L_graft_insert_ms=0 L_graft_reverts_ms=0 L_graft_split_us=0 L_graft_build_us=0 L_graft_merge_us=0 L_state_ready_ms=97 Q_queue_ms=0 R_dispatch_wait_ms=- R_total_ms=- R_road_runtime=1 gate_holds=0 peer_fetch=0 pool_limit=limit=4 gate_opened=gate_opened_for_block=0 I_root_ms=- flood_rate_hdr=rate=6000000/s fills=0 fill_waited=- slots_busy=12 acq_us=473 busy_us=1 converged=0 fallbacks=0 busy_us=1 recover_us=0 tf_on_output=3 tf_fallback=0 still_importing=0 busy_us=1 slots_busy=12 batches=altsig_txs=0 altsig_batches=0 tf_on_output=3 tf_fallback=0 gate_holds=0 sign_s=sign 0s replay_note=replay       : 64 files from /data/n42-pregen/g900000-400m, 400000000 transactio sign_s=sign 0s shard=shard_verified=0 shard_claimed=0 road_verified=- slots_busy=12 gate_us=7528 reply_us=8102 queued=2486000 assemble_ms=- road_take_ms=- road_body_ms=- road_encode_ms=- shards=16 shard_insert_ms=0 shard_wait_ms=0 shard_fold_ms=14 shard_append_ms=17 shard_merge_ms=59 state_ready_ms=97 roots_ms=33 exec_read_ms=0 exec_evm_ms=0 exec_write_ms=0 exec_other_ms=0 reads_cache=0 reads_provider=0 reads_view=0 par_run_ms=27 fold_task_cpu_max_us=13664 fold_task_minflt_max=1 fold_task_minflt_sum=1 fold_task_migrated=0 fold_task_nivcsw_max=0 fold_index=1 fold_index_build_ms=13 fold_index_conflicts=8149 fold_queue_us=64 fold_skew_us=40 fold_task_max_us=13666 fold_tail_us=19 start_best_ms=4 start_select_ms=0 start_walk_ms=0 start_walk_check_ms=0 start_best_other_ms=0 start_frames_by_ref=0 start_frames_slow=0 start_pull_ms=0 start_other_ms=0 start_handoff_ms=0 par_start_ms=5 par_prep_ms=0 par_commit_ms=0 commit_body_ms=0 par_fold_ms=7 sealed_ms=8 copy_ms=- prune_ms=0 frames=- frames_missing=- frame_root_ms=- root_ms=- frames_admitted=frames_admitted=561060 frames_unaligned=0 frame_root_indexed=- seal_layout_ms=0 seal_root_ms=0 attested= busy_us=1 slots_busy=12 reply_us=8102 prune_ms=0 body_refused=0 body_failed_late=0
loop348K21c win1 tps=3,073,333 txs=92,200,000 blocks= 461 cycle=0.065s occupancy=100.0% full(>=95%)=461/461 basefee=n/a (from the layer's log)
loop348K21c win2 tps=2,946,667 txs=88,400,000 blocks= 442 cycle=0.068s occupancy=100.0% full(>=95%)=442/442 basefee=n/a (from the layer's log)
loop348K21c win3 tps=3,013,333 txs=90,400,000 blocks= 452 cycle=0.066s occupancy=100.0% full(>=95%)=452/452 basefee=n/a (from the layer's log)
loop348K21c tps=3,073,333 round_txs=271000000 cycles_w1=
loop348K21c imp_fields_p90= b_p75=15
loop348K21c overlay: filter_skips=0 probes=0 ratio=- (ratio = skips/(skips+probes))
loop348K21c overlay_manager:       1 state_trie_overlay=false  state-ovly_cpu=0
loop348K21c verify: written to /data/blockchain/rust-fleet7-bench/bench-loop348K21c/verify.json
== validator memory at flood +70 s (loop348K21c)
validators 21: RSS sum 4.6 G, max 0.25 G, mean 0.22 G; threads 1155 (mean 55)
one validator (pid 502080):
VmHWM:	  214884 kB
VmRSS:	  214884 kB
RssAnon:	  199284 kB
RssFile:	   15600 kB
RssShmem:	       0 kB
Threads:	55
Rss:              214884 kB
Private_Dirty:    199284 kB
Anonymous:        199284 kB
AnonHugePages:         0 kB
threads by name:
     49 h2_validator
      4 tokio-rt-worker
      1 n42-qmdb-prefau
      1 futures-timer
largest mappings by Rss:
86984  7854bde00000-7854c5a00000
51352  7854c6c00000-7854cc400000
20648  7854d9680000-7854dca00000
20464  7854d7700000-7854d8c00000
10816 /data/n42-build/target-n42-rs/native/release/examples/h2_validator 5fb9f2ae8000-5fb9f3982000
9104  7854d8d00000-7854d9600000
2488  7854e4200000-7854e4600000
2012 /data/n42-build/target-n42-rs/native/release/examples/h2_validator 5fb9f2568000-5fb9f2ae7000
RSS of all validators, sorted:
min 212.768 MB median 217.184 MB max 251.572 MB
== many-keys report loop348K21c
== loop348K21c: 21 validator logs, f=6, quorum 15
1. the leaders' commit lines
  R1_collect (proposal -> prepare QC): n=4313 p50 14.0 p90 34.0 p99 74.0 max 5759.0 ms
  R2_collect (prepare QC -> commit QC): n=4313 p50 17.0 p90 18.0 p99 24.0 max 29.0 ms
  total (proposal -> commit): n=4313 p50 61.0 p90 73.0 p99 117.0 max 5847.0 ms
  votes at formation: R1 median 15 max 15 (quorum 15); R2 median 15 max 15
2. vote collection at the traced leaders (first vote -> quorum -> last vote)
 R1 (vote), 3071 views:
    proposal -> first vote: n=3071 p50 2.9 p90 30.3 p99 67.7 max 121.1 ms
    first vote -> quorum: n=3071 p50 10.2 p90 10.7 p99 11.4 max 5752.3 ms
    quorum -> last vote: n=3071 p50 5.0 p90 5.6 p99 11.2 max 14.6 ms
    proposal -> last vote (the slowest key): n=3071 p50 18.4 p90 46.0 p99 83.7 max 5763.3 ms
   views with fewer than 20 votes received: 0
 R2 (commit_vote), 3071 views:
    proposal -> first vote: n=3071 p50 20.8 p90 49.0 p99 87.0 max 5765.6 ms
    first vote -> quorum: n=3071 p50 10.3 p90 10.7 p99 11.3 max 13.1 ms
    quorum -> last vote: n=3071 p50 1.6 p90 1.7 p99 1.8 max 3.8 ms
    proposal -> last vote (the slowest key): n=3071 p50 32.6 p90 61.1 p99 99.2 max 5777.7 ms
   views with fewer than 20 votes received: 0
3. the straggler rule and the loop
  proposal interval (same leader, consecutive views): n=4308 p50 61.4 p90 64.4 p99 100.4 max 5779.9 ms; >= 500 ms: 2
  no `slow step` lines
4. gossip propagation (proposal sent -> received at a traced follower)
    proposal arrival delay: n=9868 p50 0.4 p90 0.7 p99 1.4 max 10.4 ms
4b. the new fields (docs/E1_MANY_KEYS.md section 6), leaders' `block committed!` and `proposal sent` lines
    verify_us: n=4313 p50 23751.0 p90 24387.0 p99 25011.0 max 28301.0 us
    verify_n: n=4313 p50 34.0 p90 34.0 p99 34.0 max 34.0 
    verify_batches: n=4313 p50 0.0 p90 0.0 p99 0.0 max 0.0 
  verify_fallbacks: total 0 over 4313 blocks
    inbound_queue_max: n=4313 p50 0.0 p90 0.0 p99 0.0 max 0.0 
    gossip_poll_us: n=4313 p50 2213.0 p90 2608.0 p99 3553.0 max 4855.0 us
  straggler_waits (cumulative per leader log, summed over 5 leaders): 0; waits with straggler_wait_us > 0: 0 of 4313 proposals, none
  direct votes at the leaders: received 0 (duplicates dropped 0); sent by those nodes 0, fallbacks to gossip 0; leaders led 4313 views = 172520 vote messages expected (2 rounds x 20); direct share of those 0.0%
5. validators
validators n=21: cpu total 6.53 cores, per key mean 0.311 median 0.304 max 0.515 (key 1) min 0.251; rss per key peak mean 0.275 max 0.290 G, sum of peaks 5.8 G; threads per key mean 55, total 1155
libp2p connections (last census of 5): 414 in all (a full mesh of 21 is 210); sockets per process min 18 median 20 max 20
== loop348K21c  (E=1: seven validator keys on one execution layer)
  window 1: canonical 462 blocks, 92.4M tx = 3,080,000/s (100.0% of window 1), full 461/462 (100%); cycle mean/median/p90 64.9/61.6/73.5 ms
    leader builds 462: sealed_at median/p90/p99 48/66/88; phases median/p90 ms: gap_before_exec 5/25, state_wait 5/25, par 48/73, par_exec 21/27, roots 31/42, parent_fields 6/19, sealed 7/20
    state_wait_on {'output': 250, 'none': 173, 'grandparent': 35, 'open': 2, 'layer_release': 2}; builds with state_wait > 20 ms: 54 ([('grandparent', 34), ('output', 20)]); gp_layer {1.0: 462}, ggp_missing {0.0: 425, 1.0: 37}
    queue at the builds min/median 1,234,500/2,515,250
    new field batch_cpu_sum_us: median/p90/max 591477.0/747963.0/1843132, nonzero 462
    new field batch_dispatch_us: median/p90/max 214.0/302.0/1393, nonzero 462
    new field batch_first_start_us: median/p90/max 73.0/107.0/239, nonzero 462
    new field batch_ivcsw: median/p90/max 1.0/7.0/39, nonzero 310
    new field batch_last_end_us: median/p90/max 21705.0/27478.0/61836, nonzero 462
    new field batch_last_start_us: median/p90/max 16837.0/21139.0/55371, nonzero 462
    new field batch_live_deferred: median/p90/max 73.0/81.0/87, nonzero 462
    new field batch_live_lock_hold_us: median/p90/max 10581.0/12351.0/16988, nonzero 462
    new field batch_live_lock_wait_us: median/p90/max 0.0/0.0/0, nonzero 0
    new field batch_live_lock_waits: median/p90/max 0.0/0.0/0, nonzero 0
    new field batch_majflt: median/p90/max 0.0/0.0/0, nonzero 0
    new field batch_minflt: median/p90/max 808.5/9178.0/24646, nonzero 462
    new field batch_open_max_us: median/p90/max 410.0/504.0/1210, nonzero 462
    new field batch_open_sum_us: median/p90/max 9922.5/12386.0/21595, nonzero 462
    new field batch_threads: median/p90/max 32.0/32.0/32, nonzero 462
    new field batch_vcsw: median/p90/max 173.0/541.0/1198, nonzero 462
    new field batch_view_index_wait_us: median/p90/max 0.0/25945.0/71305, nonzero 101
    new field batch_view_index_waits: median/p90/max 0.0/331.0/924, nonzero 101
    new field batch_view_slot_wait_us: median/p90/max 0.0/2285.0/21004, nonzero 106
    new field batch_view_slot_waits: median/p90/max 0.0/55.0/142, nonzero 106
    new field batch_wall_sum_us: median/p90/max 601279.0/757425.0/1859671, nonzero 462
    new field batches: median/p90/max 128.0/128.0/128, nonzero 462
    new field build_batches: median/p90/max 128.0/128.0/128, nonzero 462
    new field carried_depth: median/p90/max 1.0/1.0/1, nonzero 462
    new field exec_end_to_seal_us: median/p90/max 93.5/141.0/378, nonzero 462
    new field exec_partition_us: median/p90/max 6.0/9.0/2258, nonzero 462
    new field exec_prepared_groups: {'true': 457, 'false': 5}
    new field exec_prepared_slots: {'true': 457, 'false': 5}
    new field exec_slots_us: median/p90/max 0.0/0.0/5797, nonzero 5
    new field freeze_join_wait_us: median/p90/max 8377.5/17309.0/41132, nonzero 462
    new field freeze_late: {'true': 462}
    new field freeze_pool_own: {'true': 462}
    new field live_index_defer: {'true': 462}
    new field merge_accounts: median/p90/max 191690.0/195289.0/198491, nonzero 462
    new field merge_append_us: median/p90/max 3419.0/6903.0/13499, nonzero 462
    new field merge_early: {'false': 462}
    new field merge_join_wait_us: median/p90/max 0.0/0.0/0, nonzero 0
    new field merge_reverts: median/p90/max 191690.0/195289.0/198491, nonzero 462
    new field merge_reverts_us: median/p90/max 14716.5/19234.0/34590, nonzero 462
    new field merge_state_us: median/p90/max 39619.5/46946.0/56875, nonzero 462
    new field merge_tail_us: median/p90/max 0.0/0.0/1, nonzero 10
    new field merge_threads: median/p90/max 1.0/1.0/1, nonzero 462
    new field one_wave: {'false': 462}
    new field open_engine_us: median/p90/max 0.0/0.0/65495, nonzero 37
    new field open_fallback: {'false': 425, 'true': 37}
    new field open_keep_us: median/p90/max 6.0/9.0/5705, nonzero 462
    new field open_kept_accounts: median/p90/max 574193.0/582778.0/590755, nonzero 462
    new field open_layers: median/p90/max 3.0/3.0/3, nonzero 462
    new field open_provider_us: median/p90/max 99.0/158.0/462, nonzero 462
    new field plan_age_us: median/p90/max 47065.5/104728.0/180406, nonzero 462
    new field plan_ahead: median/p90/max 1.0/1.0/1, nonzero 462
    new field plan_body: median/p90/max 1.0/1.0/2, nonzero 462
    new field plan_body_us: median/p90/max 15042.0/19793.0/26161, nonzero 457
    new field plan_discard: {'': 462}
    new field plan_prep_us: median/p90/max 7518.0/14612.0/26332, nonzero 462
    new field plan_topup_txs: median/p90/max 0.0/0.0/0, nonzero 0
    new field prep_from_plan: {'true': 457, 'false': 5}
    new field prev_seal_to_answer_us: median/p90/max 1758.0/3045.0/8608, nonzero 462
    new field prev_seal_to_entry_us: median/p90/max 0.0/0.0/0, nonzero 0
    new field prev_seal_to_header_us: median/p90/max 202.0/316.0/1837, nonzero 462
    new field prev_seal_to_import_us: median/p90/max 113611.5/149411.0/214313, nonzero 431
    new field prev_seal_to_request_us: median/p90/max 1105.0/71072.0/162143, nonzero 462
    new field prev_seal_to_start_us: median/p90/max 1413.5/71372.0/162457, nonzero 462
    new field pull_bulk_txs: median/p90/max 200000.0/200000.0/200000, nonzero 462
    new field pull_bulk_us: median/p90/max 6.0/10.0/1325, nonzero 462
    new field receipts_late: {'false': 462}
    new field receipts_late_wait_us: median/p90/max 0.0/0.0/0, nonzero 0
    new field rename_fallbacks: median/p90/max 0.0/0.0/0, nonzero 0
    new field rename_record_waits: median/p90/max 0.0/0.0/0, nonzero 0
    new field root_apply_gap_us: median/p90/max 10.0/12.0/22, nonzero 462
    new field root_apply_total_us: median/p90/max 21012.5/28894.0/45032, nonzero 462
    new field root_compute_us: median/p90/max 23075.0/31797.0/47083, nonzero 462
    new field root_delta_us: median/p90/max 1158.5/1974.0/17522, nonzero 462
    new field root_index_us: median/p90/max 2727.0/5033.0/14157, nonzero 462
    new field root_leaves_us: median/p90/max 7058.5/11304.0/22888, nonzero 462
    new field root_note_us: median/p90/max 153.0/223.0/1469, nonzero 462
    new field root_ops_ahead: {'true': 462}
    new field root_ops_ahead_wait_us: median/p90/max 3527.0/9279.0/25116, nonzero 461
    new field root_ops_concat_us: median/p90/max 0.0/0.0/0, nonzero 0
    new field root_ops_encode_us: median/p90/max 5615.0/10203.0/20426, nonzero 462
    new field root_ops_finish_us: median/p90/max 2275.0/3036.0/9066, nonzero 462
    new field root_ops_sort_us: median/p90/max 3274.5/7460.0/14666, nonzero 462
    new field root_ops_us: median/p90/max 5705.0/11714.0/27498, nonzero 462
    new field root_rehash_us: median/p90/max 1388.0/1790.0/13141, nonzero 462
    new field root_retire_us: median/p90/max 1551.5/2474.0/6834, nonzero 462
    new field root_sort_us: median/p90/max 197.0/380.0/3793, nonzero 462
    new field root_undo_us: median/p90/max 345.0/660.0/3283, nonzero 462
    new field root_writes_us: median/p90/max 6914.5/9822.0/22090, nonzero 462
    new field seal_hashes_ahead: {'true': 462}
    new field seal_on_counters: {'true': 462}
    new field seal_to_complete_us: median/p90/max 109224.0/127265.0/152130, nonzero 462
    new field seal_to_frozen_us: median/p90/max 8337.5/17302.0/41124, nonzero 332
    new field seal_to_merge_end_us: median/p90/max 109146.5/127189.0/152013, nonzero 462
    new field seal_to_merge_start_us: median/p90/max 50710.0/63510.0/82247, nonzero 462
    new field seal_to_ops_ahead_us: median/p90/max 21731.0/32230.0/51771, nonzero 462
    new field seal_to_shards_ready_us: median/p90/max 14445.5/21599.0/44879, nonzero 462
    new field seal_to_state_ready_us: median/p90/max 109154.0/127196.0/152023, nonzero 462
    new field sealed_unix_us: median/p90/max 1791450005451621.0/1791450017650098.0/1791450020566320, nonzero 462
    new field start_walk_check_us: median/p90/max 0.0/0.0/0, nonzero 0
    new field start_walk_ids_us: median/p90/max 0.0/0.0/0, nonzero 0
    new field start_walk_settle_us: median/p90/max 0.0/0.0/0, nonzero 0
    new field start_walk_us: median/p90/max 0.0/0.0/0, nonzero 0
    new field state_wait_us: median/p90/max 5119.5/25032.0/78454, nonzero 462
    new field view_journal_reads: median/p90/max 0.0/81920.0/147456, nonzero 221
    new field view_journal_searches: median/p90/max 0.0/229064.0/477524, nonzero 221
    new field view_journal_skips: median/p90/max 0.0/0.0/0, nonzero 0
    new field whole_take_noted: {'true': 462}
    binding wait (tick / quorum / seal share, mean cycle): tick 99% (65); quorum 1% (126); seal 0% (68); feed-bound (blocks under 95% of the tier): 1 of 462
    slowest key vote delay median/p90 6.3/39.4 ms
    engine own-import total_ms per block median/p90/max 34/55/76 (n=461)
    layer RSS 4.7 -> 26.8 G (max 26.8), in-memory blocks max 11
    execution layer cores busy 34.6    validators cores busy 6.5
    flood delivered (median per 5 s over the leg) 3,048,964/s
  window 2: canonical 442 blocks, 88.4M tx = 2,946,667/s (95.7% of window 1), full 442/442 (100%); cycle mean/median/p90 64.4/61.5/74.6 ms
    leader builds 441: sealed_at median/p90/p99 50/68/90; phases median/p90 ms: gap_before_exec 4/20, state_wait 4/20, par 50/66, par_exec 21/27, roots 33/48, parent_fields 8/24, sealed 8/24
    state_wait_on {'output': 213, 'none': 172, 'grandparent': 53, 'open': 1, 'layer_release': 2}; builds with state_wait > 20 ms: 42 ([('grandparent', 41), ('output', 1)]); gp_layer {1.0: 441}, ggp_missing {0.0: 387, 1.0: 54}
    queue at the builds min/median 2,272,500/2,517,500
    new field batch_cpu_sum_us: median/p90/max 598896.0/746040.0/1885311, nonzero 441
    new field batch_dispatch_us: median/p90/max 216.0/297.0/442, nonzero 441
    new field batch_first_start_us: median/p90/max 82.0/121.0/228, nonzero 441
    new field batch_ivcsw: median/p90/max 1.0/7.0/36, nonzero 258
    new field batch_last_end_us: median/p90/max 21864.0/27467.0/63319, nonzero 441
    new field batch_last_start_us: median/p90/max 16898.0/21040.0/56878, nonzero 441
    new field batch_live_deferred: median/p90/max 75.0/83.0/143, nonzero 441
    new field batch_live_lock_hold_us: median/p90/max 10721.0/12967.0/20263, nonzero 441
    new field batch_live_lock_wait_us: median/p90/max 0.0/0.0/0, nonzero 0
    new field batch_live_lock_waits: median/p90/max 0.0/0.0/0, nonzero 0
    new field batch_majflt: median/p90/max 0.0/0.0/0, nonzero 0
    new field batch_minflt: median/p90/max 844.0/10518.0/34875, nonzero 441
    new field batch_open_max_us: median/p90/max 390.0/486.0/4026, nonzero 441
    new field batch_open_sum_us: median/p90/max 9814.0/12503.0/16885, nonzero 441
    new field batch_threads: median/p90/max 32.0/32.0/32, nonzero 441
    new field batch_vcsw: median/p90/max 179.0/518.0/1024, nonzero 441
    new field batch_view_index_wait_us: median/p90/max 0.0/22563.0/61179, nonzero 114
    new field batch_view_index_waits: median/p90/max 0.0/294.0/718, nonzero 114
    new field batch_view_slot_wait_us: median/p90/max 0.0/2165.0/11564, nonzero 121
    new field batch_view_slot_waits: median/p90/max 0.0/60.0/143, nonzero 121
    new field batch_wall_sum_us: median/p90/max 614013.0/758528.0/1887556, nonzero 441
    new field batches: median/p90/max 128.0/128.0/128, nonzero 441
    new field build_batches: median/p90/max 128.0/128.0/128, nonzero 441
    new field carried_depth: median/p90/max 1.0/1.0/1, nonzero 441
    new field exec_end_to_seal_us: median/p90/max 92.0/147.0/590, nonzero 441
    new field exec_partition_us: median/p90/max 6.0/9.0/1475, nonzero 441
    new field exec_prepared_groups: {'true': 434, 'false': 7}
    new field exec_prepared_slots: {'true': 434, 'false': 7}
    new field exec_slots_us: median/p90/max 0.0/0.0/1975, nonzero 7
    new field freeze_join_wait_us: median/p90/max 6199.0/16133.0/30154, nonzero 439
    new field freeze_late: {'true': 441}
    new field freeze_pool_own: {'true': 441}
    new field live_index_defer: {'true': 441}
    new field merge_accounts: median/p90/max 192442.0/195555.0/198996, nonzero 441
    new field merge_append_us: median/p90/max 3239.0/7863.0/23060, nonzero 441
    new field merge_early: {'false': 441}
    new field merge_join_wait_us: median/p90/max 0.0/0.0/0, nonzero 0
    new field merge_reverts: median/p90/max 192442.0/195555.0/198996, nonzero 441
    new field merge_reverts_us: median/p90/max 15783.0/21254.0/29379, nonzero 441
    new field merge_state_us: median/p90/max 38671.0/47960.0/69212, nonzero 441
    new field merge_tail_us: median/p90/max 0.0/0.0/7, nonzero 11
    new field merge_threads: median/p90/max 1.0/1.0/1, nonzero 441
    new field one_wave: {'false': 441}
    new field open_engine_us: median/p90/max 0.0/20169.0/79321, nonzero 54
    new field open_fallback: {'false': 387, 'true': 54}
    new field open_keep_us: median/p90/max 6.0/10.0/5255, nonzero 441
    new field open_kept_accounts: median/p90/max 576982.0/584464.0/591511, nonzero 441
    new field open_layers: median/p90/max 3.0/3.0/3, nonzero 441
    new field open_provider_us: median/p90/max 99.0/149.0/754, nonzero 441
    new field plan_age_us: median/p90/max 47641.0/109366.0/363033, nonzero 440
    new field plan_ahead: median/p90/max 1.0/1.0/1, nonzero 440
    new field plan_body: median/p90/max 1.0/1.0/2, nonzero 440
    new field plan_body_us: median/p90/max 17044.0/19555.0/24919, nonzero 434
    new field plan_discard: {'': 440, 'not_on_its_parent': 1}
    new field plan_prep_us: median/p90/max 7499.0/14891.0/29412, nonzero 440
    new field plan_topup_txs: median/p90/max 0.0/0.0/0, nonzero 0
    new field prep_from_plan: {'true': 434, 'false': 7}
    new field prev_seal_to_answer_us: median/p90/max 1750.0/2839.0/5053, nonzero 440
    new field prev_seal_to_entry_us: median/p90/max 0.0/0.0/0, nonzero 0
    new field prev_seal_to_header_us: median/p90/max 194.0/313.0/1559, nonzero 440
    new field prev_seal_to_import_us: median/p90/max 118680.0/148722.0/207500, nonzero 408
    new field prev_seal_to_request_us: median/p90/max 1082.0/72414.0/119850, nonzero 440
    new field prev_seal_to_start_us: median/p90/max 1368.0/72676.0/120159, nonzero 440
    new field pull_bulk_txs: median/p90/max 200000.0/200000.0/200000, nonzero 441
    new field pull_bulk_us: median/p90/max 6.0/9.0/1641, nonzero 441
    new field receipts_late: {'false': 441}
    new field receipts_late_wait_us: median/p90/max 0.0/0.0/0, nonzero 0
    new field rename_fallbacks: median/p90/max 0.0/0.0/0, nonzero 0
    new field rename_record_waits: median/p90/max 0.0/0.0/0, nonzero 0
    new field root_apply_gap_us: median/p90/max 11.0/13.0/20, nonzero 441
    new field root_apply_total_us: median/p90/max 22730.0/32862.0/54938, nonzero 441
    new field root_compute_us: median/p90/max 25239.0/35803.0/83766, nonzero 441
    new field root_delta_us: median/p90/max 1268.0/3098.0/18065, nonzero 441
    new field root_index_us: median/p90/max 2998.0/6951.0/16818, nonzero 441
    new field root_leaves_us: median/p90/max 7030.0/11588.0/30986, nonzero 441
    new field root_note_us: median/p90/max 142.0/209.0/982, nonzero 441
    new field root_ops_ahead: {'true': 441}
    new field root_ops_ahead_wait_us: median/p90/max 3703.0/10892.0/21922, nonzero 441
    new field root_ops_concat_us: median/p90/max 0.0/0.0/0, nonzero 0
    new field root_ops_encode_us: median/p90/max 5890.0/11016.0/23612, nonzero 441
    new field root_ops_finish_us: median/p90/max 2276.0/3226.0/11422, nonzero 441
    new field root_ops_sort_us: median/p90/max 3266.0/7317.0/14605, nonzero 441
    new field root_ops_us: median/p90/max 6150.0/13813.0/24378, nonzero 441
    new field root_rehash_us: median/p90/max 1998.0/2754.0/17143, nonzero 441
    new field root_retire_us: median/p90/max 1651.0/2976.0/7181, nonzero 441
    new field root_sort_us: median/p90/max 205.0/438.0/3420, nonzero 441
    new field root_undo_us: median/p90/max 342.0/746.0/3221, nonzero 441
    new field root_writes_us: median/p90/max 6969.0/10186.0/24121, nonzero 441
    new field seal_hashes_ahead: {'true': 441}
    new field seal_on_counters: {'true': 441}
    new field seal_to_complete_us: median/p90/max 112897.0/131159.0/167329, nonzero 441
    new field seal_to_frozen_us: median/p90/max 6212.0/16087.0/30078, nonzero 282
    new field seal_to_merge_end_us: median/p90/max 112786.0/131045.0/167234, nonzero 441
    new field seal_to_merge_start_us: median/p90/max 51687.0/66499.0/112019, nonzero 441
    new field seal_to_ops_ahead_us: median/p90/max 21256.0/30253.0/46867, nonzero 441
    new field seal_to_shards_ready_us: median/p90/max 13491.0/20573.0/33008, nonzero 441
    new field seal_to_state_ready_us: median/p90/max 112793.0/131055.0/167255, nonzero 441
    new field sealed_unix_us: median/p90/max 1791450035809031.0/1791450047512222.0/1791450050480517, nonzero 441
    new field start_walk_check_us: median/p90/max 0.0/0.0/107, nonzero 1
    new field start_walk_ids_us: median/p90/max 0.0/0.0/461, nonzero 1
    new field start_walk_settle_us: median/p90/max 0.0/0.0/0, nonzero 0
    new field start_walk_us: median/p90/max 0.0/0.0/4059, nonzero 1
    new field state_wait_us: median/p90/max 4198.0/20353.0/96851, nonzero 441
    new field view_journal_reads: median/p90/max 4096.0/81920.0/151552, nonzero 221
    new field view_journal_searches: median/p90/max 9013.0/229146.0/434886, nonzero 221
    new field view_journal_skips: median/p90/max 0.0/0.0/0, nonzero 0
    new field whole_take_noted: {'true': 441}
    binding wait (tick / quorum / seal share, mean cycle): tick 98% (63); quorum 2% (124); seal 0%; feed-bound (blocks under 95% of the tier): 0 of 442
    slowest key vote delay median/p90 5.4/38.1 ms
    engine own-import total_ms per block median/p90/max 38/58/86 (n=442)
    layer RSS 26.3 -> 33.1 G (max 33.1), in-memory blocks max 10
    execution layer cores busy 33.8    validators cores busy 6.2
  window 3: canonical 452 blocks, 90.4M tx = 3,013,333/s (97.8% of window 1), full 452/452 (100%); cycle -
    leader builds 453: sealed_at median/p90/p99 52/71/94; phases median/p90 ms: gap_before_exec 5/20, state_wait 5/20, par 51/73, par_exec 22/27, roots 35/51, parent_fields 9/29, sealed 11/30
    state_wait_on {'grandparent': 53, 'none': 178, 'output': 219, 'open': 2, 'layer_release': 1}; builds with state_wait > 20 ms: 36 ([('grandparent', 36)]); gp_layer {1.0: 453}, ggp_missing {1.0: 57, 0.0: 396}
    queue at the builds min/median 2,275,000/2,515,500
    new field batch_cpu_sum_us: median/p90/max 601905.0/713015.0/2071572, nonzero 453
    new field batch_dispatch_us: median/p90/max 209.0/289.0/3832, nonzero 453
    new field batch_first_start_us: median/p90/max 74.0/110.0/812, nonzero 453
    new field batch_ivcsw: median/p90/max 0.0/8.0/25, nonzero 224
    new field batch_last_end_us: median/p90/max 22048.0/27060.0/72341, nonzero 453
    new field batch_last_start_us: median/p90/max 16982.0/20376.0/58894, nonzero 453
    new field batch_live_deferred: median/p90/max 74.0/82.0/170, nonzero 453
    new field batch_live_lock_hold_us: median/p90/max 10634.0/12809.0/19255, nonzero 453
    new field batch_live_lock_wait_us: median/p90/max 0.0/0.0/0, nonzero 0
    new field batch_live_lock_waits: median/p90/max 0.0/0.0/0, nonzero 0
    new field batch_majflt: median/p90/max 0.0/0.0/4, nonzero 3
    new field batch_minflt: median/p90/max 1008.0/9367.0/34971, nonzero 453
    new field batch_open_max_us: median/p90/max 383.0/463.0/3166, nonzero 453
    new field batch_open_sum_us: median/p90/max 9390.0/11744.0/15554, nonzero 453
    new field batch_threads: median/p90/max 32.0/32.0/32, nonzero 453
    new field batch_vcsw: median/p90/max 178.0/543.0/1127, nonzero 453
    new field batch_view_index_wait_us: median/p90/max 0.0/25724.0/61798, nonzero 119
    new field batch_view_index_waits: median/p90/max 0.0/317.0/833, nonzero 119
    new field batch_view_slot_wait_us: median/p90/max 0.0/1879.0/6695, nonzero 123
    new field batch_view_slot_waits: median/p90/max 0.0/59.0/140, nonzero 123
    new field batch_wall_sum_us: median/p90/max 616157.0/738178.0/2073638, nonzero 453
    new field batches: median/p90/max 128.0/128.0/128, nonzero 453
    new field build_batches: median/p90/max 128.0/128.0/128, nonzero 453
    new field carried_depth: median/p90/max 1.0/1.0/1, nonzero 453
    new field exec_end_to_seal_us: median/p90/max 91.0/142.0/238, nonzero 453
    new field exec_partition_us: median/p90/max 6.0/9.0/2268, nonzero 453
    new field exec_prepared_groups: {'true': 452, 'false': 1}
    new field exec_prepared_slots: {'true': 452, 'false': 1}
    new field exec_slots_us: median/p90/max 0.0/0.0/1069, nonzero 1
    new field freeze_join_wait_us: median/p90/max 2736.0/16116.0/23040, nonzero 453
    new field freeze_late: {'true': 453}
    new field freeze_pool_own: {'true': 453}
    new field live_index_defer: {'true': 453}
    new field merge_accounts: median/p90/max 192132.0/195608.0/198551, nonzero 453
    new field merge_append_us: median/p90/max 3352.0/8374.0/15061, nonzero 453
    new field merge_early: {'false': 453}
    new field merge_join_wait_us: median/p90/max 0.0/0.0/0, nonzero 0
    new field merge_reverts: median/p90/max 192132.0/195608.0/198551, nonzero 453
    new field merge_reverts_us: median/p90/max 15362.0/20048.0/30607, nonzero 453
    new field merge_state_us: median/p90/max 40295.0/48393.0/64826, nonzero 453
    new field merge_tail_us: median/p90/max 0.0/0.0/1, nonzero 6
    new field merge_threads: median/p90/max 1.0/1.0/1, nonzero 453
    new field one_wave: {'false': 453}
    new field open_engine_us: median/p90/max 0.0/20146.0/126318, nonzero 57
    new field open_fallback: {'false': 396, 'true': 57}
    new field open_keep_us: median/p90/max 6.0/10.0/5204, nonzero 453
    new field open_kept_accounts: median/p90/max 576371.0/583141.0/590744, nonzero 453
    new field open_layers: median/p90/max 3.0/3.0/3, nonzero 453
    new field open_provider_us: median/p90/max 97.0/181.0/677, nonzero 453
    new field plan_age_us: median/p90/max 48944.0/107761.0/158399, nonzero 453
    new field plan_ahead: median/p90/max 1.0/1.0/1, nonzero 453
    new field plan_body: median/p90/max 1.0/1.0/2, nonzero 453
    new field plan_body_us: median/p90/max 14181.0/18164.0/25176, nonzero 452
    new field plan_discard: {'': 453}
    new field plan_prep_us: median/p90/max 7393.0/14161.0/26761, nonzero 453
    new field plan_topup_txs: median/p90/max 0.0/0.0/0, nonzero 0
    new field prep_from_plan: {'true': 452, 'false': 1}
    new field prev_seal_to_answer_us: median/p90/max 1702.0/2994.0/6767, nonzero 453
    new field prev_seal_to_entry_us: median/p90/max 0.0/0.0/0, nonzero 0
    new field prev_seal_to_header_us: median/p90/max 189.0/300.0/694, nonzero 453
    new field prev_seal_to_import_us: median/p90/max 122907.0/154176.0/201953, nonzero 431
    new field prev_seal_to_request_us: median/p90/max 1019.0/70565.0/94431, nonzero 453
    new field prev_seal_to_start_us: median/p90/max 1337.0/70844.0/94730, nonzero 453
    new field pull_bulk_txs: median/p90/max 200000.0/200000.0/200000, nonzero 453
    new field pull_bulk_us: median/p90/max 6.0/9.0/1274, nonzero 453
    new field receipts_late: {'false': 453}
    new field receipts_late_wait_us: median/p90/max 0.0/0.0/0, nonzero 0
    new field rename_fallbacks: median/p90/max 0.0/0.0/0, nonzero 0
    new field rename_record_waits: median/p90/max 0.0/0.0/0, nonzero 0
    new field root_apply_gap_us: median/p90/max 11.0/14.0/64, nonzero 453
    new field root_apply_total_us: median/p90/max 23537.0/33563.0/52399, nonzero 453
    new field root_compute_us: median/p90/max 25948.0/36549.0/54660, nonzero 453
    new field root_delta_us: median/p90/max 1213.0/2634.0/12759, nonzero 453
    new field root_index_us: median/p90/max 2926.0/6749.0/17900, nonzero 453
    new field root_leaves_us: median/p90/max 7161.0/12030.0/26054, nonzero 453
    new field root_note_us: median/p90/max 142.0/219.0/1318, nonzero 453
    new field root_ops_ahead: {'true': 453}
    new field root_ops_ahead_wait_us: median/p90/max 3723.0/10879.0/31461, nonzero 449
    new field root_ops_concat_us: median/p90/max 0.0/0.0/0, nonzero 0
    new field root_ops_encode_us: median/p90/max 6001.0/10797.0/27420, nonzero 453
    new field root_ops_finish_us: median/p90/max 2180.0/3560.0/9267, nonzero 453
    new field root_ops_sort_us: median/p90/max 3393.0/7902.0/15676, nonzero 453
    new field root_ops_us: median/p90/max 6397.0/14006.0/33304, nonzero 453
    new field root_rehash_us: median/p90/max 2599.0/4634.0/10117, nonzero 453
    new field root_retire_us: median/p90/max 1782.0/2946.0/8292, nonzero 453
    new field root_sort_us: median/p90/max 220.0/513.0/4833, nonzero 453
    new field root_undo_us: median/p90/max 351.0/759.0/5274, nonzero 453
    new field root_writes_us: median/p90/max 7150.0/11108.0/23870, nonzero 453
    new field seal_hashes_ahead: {'true': 453}
    new field seal_on_counters: {'true': 453}
    new field seal_to_complete_us: median/p90/max 115666.0/135339.0/178355, nonzero 453
    new field seal_to_frozen_us: median/p90/max 2716.0/16077.0/22994, nonzero 259
    new field seal_to_merge_end_us: median/p90/max 115575.0/135257.0/178217, nonzero 453
    new field seal_to_merge_start_us: median/p90/max 53223.0/69748.0/96721, nonzero 453
    new field seal_to_ops_ahead_us: median/p90/max 20632.0/30267.0/51090, nonzero 453
    new field seal_to_shards_ready_us: median/p90/max 12800.0/20433.0/26723, nonzero 453
    new field seal_to_state_ready_us: median/p90/max 115581.0/135265.0/178226, nonzero 453
    new field sealed_unix_us: median/p90/max 1791450065657818.0/1791450077538821.0/1791450080546804, nonzero 453
    new field start_walk_check_us: median/p90/max 0.0/0.0/0, nonzero 0
    new field start_walk_ids_us: median/p90/max 0.0/0.0/0, nonzero 0
    new field start_walk_settle_us: median/p90/max 0.0/0.0/0, nonzero 0
    new field start_walk_us: median/p90/max 0.0/0.0/0, nonzero 0
    new field state_wait_us: median/p90/max 5307.0/20255.0/141218, nonzero 453
    new field view_journal_reads: median/p90/max 0.0/86016.0/147456, nonzero 222
    new field view_journal_searches: median/p90/max 0.0/229334.0/462783, nonzero 222
    new field view_journal_skips: median/p90/max 0.0/0.0/0, nonzero 0
    new field whole_take_noted: {'true': 453}
    engine own-import total_ms per block median/p90/max 40/62/95 (n=452)
    layer RSS 32.7 -> 40.0 G (max 40.0), in-memory blocks max 12
    execution layer cores busy 34.4    validators cores busy 6.5
  round total (3 windows, canonical): 271.2M tx
  layer peak RSS 40.1 G; in-memory blocks max 12
  fields at seal: mode "early", verified 0, unchecked 0, mismatches 0 (last build line, cumulative)
  own_executed_again (built here and also directly imported): 0 of 1402 built blocks
== loop348K21c
  layer-0 leader window-1 builds 462: txs mean 200000, share >= 95% of the tier 100% (max 200000); sealed_at_ms 48.0/66.0; par_ms 48.0/73.0; par_exec_ms 21.0/27.0; roots_ms 31.0/42.0; parent_fields_ms 6.0/19.0; sealed_ms 7.0/20.0
  proposal cycle window 1 (n=477): mean 64.9 median 61.6 p90 73.5 ms; blocks in the 30 s: 477
  binding wait (tick / quorum / seal, share and mean cycle): tick 98.9% (64.6); quorum 0.7% (126.1); seal 0.4% (67.7)
  vote delay after the proposal, slowest key per block: median 6.3 p90 39.4 ms (slowest minus the median key: median 0.3); last key: {1: 76, 2: 80, 3: 49, 4: 119, 5: 57, 6: 80} of 461 blocks
  CPU in window 1 (cores busy): execution layers 34.6 over 1 process(es); validators 6.5 over 21 process(es)
  execution layer peak RSS 40.1 G; in-memory blocks max 12 (node0 and others, all layers)
  blocks built here 1402; none also directly imported
  import-once counters at the last direct import: ; start-up lines with import_once=true: 1; queue-lock lines 0
  layer-0 queue (queued after canonical prune), median per 10 s: t+0:2457250 t+20:2513500 t+40:2466250 t+60:2509500 t+80:2507250
  flood: median per 5 s 3048964/s, final -
  timeout / given-up lines: 0; 
loop348K21c page_faults_per_s_median: node0=185579 
feedcheck loop348K21c: ok (block 200,000 tx)
== loop348K21c: feed check (acq_us / gate_us / reply_us are per frame of 500; rate per 5 s `ingest` line)
  window 1: ingest lines 6; acq_us 474 (max 4356); gate_us 7159; reply_us 7730; slots_busy 13%; delivered median 3,082,341/s max 3,216,299/s; queue at builds median 2,515,250 min 1,234,500; full 100% of 462 blocks
  window 2: ingest lines 6; acq_us 471 (max 484); gate_us 7564; reply_us 8150; slots_busy 12%; delivered median 2,996,498/s max 3,146,899/s; queue at builds median 2,517,500 min 2,272,500; full 100% of 442 blocks
  window 3: ingest lines 6; acq_us 472 (max 487); gate_us 7607; reply_us 8176; slots_busy 12%; delivered median 3,006,002/s max 3,119,016/s; queue at builds median 2,515,500 min 2,275,000; full 100% of 452 blocks
  flood.log (+15..+100 s): rate per 5 s median 3,021,672/s max 3,139,916/s; reply latency median 63.3 ms max 70.8 ms
== loop348K21c: lanes lock, drain and pruner (new fields)
  window 1: lock duty 54.5% (max 56.0); holds/5s 2,236; longest hold 28.14 ms median, 44.68 ms max by crates/n42/tx-queue/src/lib.rs:2046 (most frequent holders [('crates/n42/tx-queue/src/lib.rs:2046', 5), ('crates/n42/tx-queue/src/lib.rs:2692', 1)]); lock wait 2219.1 ms/5s, longest 44.72 ms; drains/5s 1,047 of 14678 tx, mean 1210 us, max 23.07 ms
           prune (423 blocks): prune_ms 31/53; fold 0.6 ms, lock 0.0 ms, remove(hold) 8.8 ms, free 0.0 ms; frames_swept 400; coalesced on 423 of 423; prune_wait_ms 0/0; pruner busy 47% of a thread, lock held by it 1.6%
  window 2: lock duty 55.5% (max 57.0); holds/5s 2,090; longest hold 34.90 ms median, 52.59 ms max by crates/n42/tx-queue/src/lib.rs:2576 (most frequent holders [('crates/n42/tx-queue/src/lib.rs:2046', 3), ('crates/n42/tx-queue/src/lib.rs:2692', 1)]); lock wait 2677.6 ms/5s, longest 57.91 ms; drains/5s 868 of 17186 tx, mean 1464 us, max 24.88 ms
           prune (405 blocks): prune_ms 33/56; fold 0.5 ms, lock 0.0 ms, remove(hold) 9.5 ms, free 0.0 ms; frames_swept 400; coalesced on 405 of 405; prune_wait_ms 0/0; pruner busy 47% of a thread, lock held by it 1.7%
  window 3: lock duty 56.0% (max 59.0); holds/5s 2,092; longest hold 27.64 ms median, 30.19 ms max by crates/n42/tx-queue/src/lib.rs:2046 (most frequent holders [('crates/n42/tx-queue/src/lib.rs:2046', 6)]); lock wait 2802.7 ms/5s, longest 29.87 ms; drains/5s 924 of 16369 tx, mean 1540 us, max 23.18 ms
           prune (425 blocks): prune_ms 33/54; fold 0.6 ms, lock 0.0 ms, remove(hold) 9.8 ms, free 0.0 ms; frames_swept 400; coalesced on 425 of 425; prune_wait_ms 0/0; pruner busy 49% of a thread, lock held by it 1.4%
== loop348K21c: pruner (per block; busy = sum prune_ms / 30 s, lock = sum (remove_us + settle_us) / 30 s)
  window 1: 423 prunes; prune_ms 31/53; remove_us 8.8/18.3 ms; forget_us 2.9/5.0 ms; settle_us 3.0 ms; pruner busy 47% of a worker; lanes lock held for removal 20%
  window 2: 405 prunes; prune_ms 33/56; remove_us 9.5/20.1 ms; forget_us 2.9/5.3 ms; settle_us 3.0 ms; pruner busy 47% of a worker; lanes lock held for removal 21%
  window 3: 425 prunes; prune_ms 33/54; remove_us 9.8/20.7 ms; forget_us 3.0/4.9 ms; settle_us 3.0 ms; pruner busy 49% of a worker; lanes lock held for removal 22%
== loop348K21c: seal start / pull, prepared plan, answer, chunked drain
  window 1: 462 builds; start_best_ms 4/14; start_walk_us 0/0; start_pull_ms 0/0; par_pull_ms 0/0; par_start_ms 4/14; par_ms 48/73; sealed_at_ms 48/66; pull_bulk_us 6/10; pull_bulk_txs 200000/200000; plan_age_us 47066/104728; plan_prep_us 7518/14612; plan_topup_txs 0/0
           plan_ahead {'1': 462}; plan_discard {'': 462}
           answer: built-ahead bytes median/max 15,243/15,245, layout_only {'true': 461}; proposal sent bytes median/max 15,243/15,245, layout_only {'true': 461}
           drain: chunks/5s 869, chunk max 8,192 tx, finished by others/5s 52; plan_discards (last ingest line) -
  window 2: 441 builds; start_best_ms 5/16; start_walk_us 0/0; start_pull_ms 0/0; par_pull_ms 0/0; par_start_ms 5/16; par_ms 50/66; sealed_at_ms 50/68; pull_bulk_us 6/9; pull_bulk_txs 200000/200000; plan_age_us 47641/109366; plan_prep_us 7499/14891; plan_topup_txs 0/0
           plan_ahead {'1': 440, '0': 1}; plan_discard {'': 440, 'not_on_its_parent': 1}
           answer: built-ahead bytes median/max 15,245/15,245, layout_only {'true': 442}; proposal sent bytes median/max 15,245/15,245, layout_only {'true': 440, 'false': 1}
           drain: chunks/5s 716, chunk max 8,192 tx, finished by others/5s 58; plan_discards (last ingest line) -
  window 3: 453 builds; start_best_ms 5/16; start_walk_us 0/0; start_pull_ms 0/0; par_pull_ms 0/0; par_start_ms 5/16; par_ms 51/73; sealed_at_ms 52/71; pull_bulk_us 6/9; pull_bulk_txs 200000/200000; plan_age_us 48944/107761; plan_prep_us 7393/14161; plan_topup_txs 0/0
           plan_ahead {'1': 453}; plan_discard {'': 453}
           answer: built-ahead bytes median/max 15,245/15,245, layout_only {'true': 453}; proposal sent bytes median/max 15,245/15,245, layout_only {'true': 453}
           drain: chunks/5s 776, chunk max 8,192 tx, finished by others/5s 60; plan_discards (last ingest line) -
== loop348K21c: persistence per window (ms per block = part sum / blocks persisted)
  window 1: persisted 460 of 462 produced (100%); total 31.3, sf_tx 28.4, sf_rcpt 6.7, sf_acct 13.3, sf_send 11.3, scope 28.5, qmdb 13.3, post 0.0, pre 2.8, plain_rev 2.8, commit_sf 0.7, commit_mdbx 0.1, commit_rocks 0.0; longest task sf_tx 28.4; in-memory 7 -> 10 (max 11); RSS 4.7 -> 26.3 G; lag 8 -> 10 = +5.0 blocks/min; bp max 0
  window 2: persisted 440 of 442 produced (100%); total 34.2, sf_tx 30.4, sf_rcpt 7.2, sf_acct 13.9, sf_send 11.6, scope 30.5, qmdb 14.7, post 0.0, pre 3.6, plain_rev 3.6, commit_sf 0.8, commit_mdbx 0.1, commit_rocks 0.1; longest task sf_tx 30.4; in-memory 10 -> 8 (max 10); RSS 26.3 -> 32.7 G; lag 10 -> 9 = -2.0 blocks/min; bp max 0
  window 3: persisted 451 of 452 produced (100%); total 35.5, sf_tx 31.9, sf_rcpt 6.9, sf_acct 14.1, sf_send 11.4, scope 32.1, qmdb 17.1, post 0.0, pre 3.5, plain_rev 3.5, commit_sf 0.7, commit_mdbx 0.1, commit_rocks 0.1; longest task sf_tx 31.9; in-memory 8 -> 10 (max 10); RSS 32.7 -> 39.7 G; lag 9 -> 10 = +2.0 blocks/min; bp max 0
  leg end: in-memory 6, max over the sampler 12, backpressure stalls 0
== loop348K21c: execution and root fields (median / p90 per block); over 1403 full builds: rename_fallbacks total 0, rename_record_waits total 0, carried_depth values ['1']
    folded lines 462: pending_max max 85 (median 72); pending_us_max max 19,218; drops_max max 71676
    flags: seal_on_counters true:462; freeze_pool_own true:462; plan_body 1:457/2:5; prep_from_plan false:5/true:457; plan_ahead 1:462; seal per 1,000 transfers 0.240 ms
  window 1 (462 builds): on-CPU share 1.00/1.00; CPU per transfer 2.96/3.74 us; sealed_at_ms 48/66; par_exec_ms 21/27; par_fold_ms 8/17; index_ms 14/20; par_start_ms 4/14; gap_before_exec_ms 5/25; state_wait_us 5,120/25,032; parent_fields_ms 6/19; roots_ms 31/42; seal_to_fields_us 50,602/63,393; seal_to_complete_us 109,224/127,265; rename_fallbacks 0/0; rename_record_waits 0/0; carried_depth 1/1; plan_body_us 15,042/19,793; batch_max_ms 8/12; tx_root_ms 1/1; sealed_ms 7/20
    folded lines 446: pending_max max 89 (median 74); pending_us_max max 20,823; drops_max max 33218
    flags: seal_on_counters true:441; freeze_pool_own true:441; plan_body 0:1/1:434/2:6; prep_from_plan false:7/true:434; plan_ahead 0:1/1:440; seal per 1,000 transfers 0.250 ms
  window 2 (441 builds): on-CPU share 1.00/1.00; CPU per transfer 2.99/3.73 us; sealed_at_ms 50/68; par_exec_ms 21/27; par_fold_ms 7/16; index_ms 14/19; par_start_ms 5/16; gap_before_exec_ms 4/20; state_wait_us 4,198/20,353; parent_fields_ms 8/24; roots_ms 33/48; seal_to_fields_us 51,528/66,388; seal_to_complete_us 112,897/131,159; rename_fallbacks 0/0; rename_record_waits 0/0; carried_depth 1/1; plan_body_us 17,044/19,555; batch_max_ms 8/11; tx_root_ms 1/1; sealed_ms 8/24
    folded lines 453: pending_max max 91 (median 73); pending_us_max max 24,584; drops_max max 37016
    flags: seal_on_counters true:453; freeze_pool_own true:453; plan_body 1:452/2:1; prep_from_plan false:1/true:452; plan_ahead 1:453; seal per 1,000 transfers 0.260 ms
  window 3 (453 builds): on-CPU share 1.00/1.00; CPU per transfer 3.01/3.57 us; sealed_at_ms 52/71; par_exec_ms 22/27; par_fold_ms 7/16; index_ms 14/20; par_start_ms 5/16; gap_before_exec_ms 5/20; state_wait_us 5,307/20,255; parent_fields_ms 9/29; roots_ms 35/51; seal_to_fields_us 53,122/69,655; seal_to_complete_us 115,666/135,339; rename_fallbacks 0/0; rename_record_waits 0/0; carried_depth 1/1; plan_body_us 14,181/18,164; batch_max_ms 8/12; tx_root_ms 1/1; sealed_ms 11/30
== loop348K21c: 4313 proposals; proposal -> quorum (leader's commit) median 32.0 / p90 53.2 / max 149.1 ms; proposal interval median 61.4 / p90 64.4 ms; TC formed lines 0; leader views timed out 0; ParentUnknown lines 0
   handover at view 1024: proposal intervals (view, ms) [(1023, 62), (1024, 131), (1025, 636), (1026, 54), (1027, 62)] against the median 61 ms
   handover at view 2048: proposal intervals (view, ms) [(2047, 62), (2048, 62), (2049, 62), (2050, 62), (2051, 60)] against the median 61 ms
   handover at view 3072: proposal intervals (view, ms) [(3071, 62), (3072, 62), (3073, 62), (3074, 62), (3075, 61)] against the median 61 ms
   handover at view 4096: proposal intervals (view, ms) [(4095, 62), (4096, 62), (4097, 62), (4098, 62), (4099, 61)] against the median 61 ms
     block 1026 (view 1025): sealed_at_ms 25, gap_before_exec_ms 5, parent_fields_ms 0, rename_fallbacks 0, rename_record_waits 0, carried_depth 1
     block 1028 (view 1027): sealed_at_ms 45, gap_before_exec_ms 4, parent_fields_ms 17, rename_fallbacks 0, rename_record_waits 0, carried_depth 1
flood span 95 s; tokio-rt threads alive throughout 34 of 75; group 9.5 cores busy over them (all threads incl. short-lived 12.4)
  per-thread cores busy, top 12: 0.59 0.58 0.57 0.56 0.56 0.56 0.56 0.56 0.55 0.55 0.55 0.55; threads over 0.9 core: 0, over 0.7: 0
== loop348K21c: 1356 full builds in the 3 windows
  par_exec_ms 21/27; par_run_ms 27/47; batch_start_skew_ms 16/20; batch_median_ms 4/5; batch_max_ms 8/11; batch_first_start_us 76/114; batch_last_start_us 16910/20929; batch_dispatch_us 213/297; batch_last_end_us 21845/27463; batches 128/128; batch_threads 32/32; batch_txs_max 2000/2000; batch_txs_min 1500/1500; start_walk_ms 0/0; start_walk_check_ms 0/0; par_start_ms 5/15; sealed_at_ms 50/68; prev_seal_to_answer_us 1728/2990; prev_seal_to_entry_us 0/0; prev_seal_to_header_us 194/311; prev_seal_to_import_us 118392/150805; prev_seal_to_request_us 1066/71533; prev_seal_to_start_us 1364/71870; start_walk_check_us 0/0; start_walk_ids_us 0/0; start_walk_settle_us 0/0; start_walk_us 0/0
  one_wave {'false': 1356}
  batches == batch_threads on 0 of 1356 builds
  last - first batch start (ms) median/p90 16.82/20.85; under 2 ms on 0 of 1356 builds
bodygate loop348K21c: invalid_blocks=0 gas_mismatch=0 fields_mismatches=0 own_not_committed=0 proposals_given_up=0
leg loop348K21AQ: /data free 516G (needs 120 G)
load 11.68 at 05:04:19, waiting
plan loop348K21AQ: exit 0 (21 validators, 1 layer(s)): # validators 21, execution layers 1, 192 CPUs a layer, import-once 1, shared 1; # validators : 32 CPUs set aside, taskset -c 96-111,224-239; # fleet    : 21 nodes, quorum 15 of 21 (f = 6); 0 refusals
leg loop348K21AQ start 05:04:49 load 7.08
round loop348K21AQ exit 0 at 05:07:52
loop348K21AQ save stages (node0, seconds summed over the leg / count): batch_size=1922.0/623  batch_size=1922.0/623  reth_consensus_engine_beacon_persistence_duration=58.2/623  duration_seconds=53.3/623  total=48.8/623  scope=44.0/623  sf=43.7/623  sf_transactions=43.5/623  qmdb_persisted=21.1/623  sf_account_changesets=19.7/623
el binary: /data/n42-build/target-n42-rs/native/release/n42 env: N42_IMPORT_ONCE=1 N42_SETTLEMENT_TAGS=legacy N42_BUILD_THROTTLE_SOFT=48 F7_EL_MAP=0,0,0,0,0,0,0,0,0,0,0,0,0,0,0,0,0,0,0,0,0 N42_FIELDS_AT_SEAL=1 N42_FREEZE_AFTER_SEAL=1 N42_FRAME_BLOCKS=1 N42_TX_INGEST_RECOVER_PARALLEL=24 N42_FREEZE_POOL=own N42_PARALLEL_BUILD_THREADS=32 N42_PLAN_AHEAD=1 N42_HASHED_TABLES=off F7_FLOOD_RATE=6000000 N42_COMPACT_BODY=1 N42_BUILD_BATCHES=128 MALLOC_CONF=thp:always,oversize_threshold:0,dirty_decay_ms:2000,background_thread:true N42_SEAL_ON_COUNTERS=1 N42_ACCOUNT_HISTORY=off N42_TAKE_COMPACT=1 N42_SF_EARLY_WRITEBACK=1 F7_VAL_NO_MALLOC_CONF=1 N42_ROAD_RUNTIME=1 N42_TX_INGEST_HIGH_WATER=2500000 F7_BENCH_POOL_SLOTS=3000000 N42_PLAN_AHEAD_BODY=1 N42_SEAL_AT_EXEC=1 N42_TX_QUEUE_DRAIN_CHUNK=8192 N42_ANSWER_LAYOUT_ONLY=1 N42_PULL_BY_FRAMES=1 N42_SF_PARALLEL_ENCODE=1 N42_BUILD_THROTTLE_HARD=80 N42_LIVE_INDEX_DEFER=1 RAYON_NUM_THREADS=16 F7_VAL_CPUS=32 N42_ROOT_OPS_AHEAD=1 TOKIO_WORKER_THREADS=16 N42_QMDB_READS=on N42_LEADER_LAYERS=3 N42_PERSIST_QMDB_IN_SCOPE=1 F7_BLOCK_INTERVAL_MS=60 F7_MEASURE_FROM_LOG=1
validator env: N42_IMPORT_ONCE=1 N42_SETTLEMENT_TAGS=legacy N42_BUILD_THROTTLE_SOFT=48 F7_EL_MAP=0,0,0,0,0,0,0,0,0,0,0,0,0,0,0,0,0,0,0,0,0 N42_FIELDS_AT_SEAL=1 N42_FREEZE_AFTER_SEAL=1 N42_FRAME_BLOCKS=1 N42_TX_INGEST_RECOVER_PARALLEL=24 N42_FREEZE_POOL=own N42_PARALLEL_BUILD_THREADS=32 N42_PLAN_AHEAD=1 N42_HASHED_TABLES=off F7_FLOOD_RATE=6000000 N42_COMPACT_BODY=1 N42_BUILD_BATCHES=128 N42_SEAL_ON_COUNTERS=1 N42_ACCOUNT_HISTORY=off N42_TAKE_COMPACT=1 N42_SF_EARLY_WRITEBACK=1 N42_ROAD_RUNTIME=1 N42_TX_INGEST_HIGH_WATER=2500000 F7_BENCH_POOL_SLOTS=3000000 N42_PLAN_AHEAD_BODY=1 N42_SEAL_AT_EXEC=1 N42_TX_QUEUE_DRAIN_CHUNK=8192 N42_ANSWER_LAYOUT_ONLY=1 N42_PULL_BY_FRAMES=1 N42_SF_PARALLEL_ENCODE=1 N42_BUILD_THROTTLE_HARD=80 N42_LIVE_INDEX_DEFER=1 RAYON_NUM_THREADS=16 F7_VAL_CPUS=32 N42_ROOT_OPS_AHEAD=1 TOKIO_WORKER_THREADS=16 N42_QMDB_READS=on N42_LEADER_LAYERS=3 N42_PERSIST_QMDB_IN_SCOPE=1 F7_MEASURE_FROM_LOG=1
loop348K21AQ once: start-up lines import_once=true 1; last direct-import counters 
loop348K21AQ imports: layers=1 direct_imports=0 canonical_blocks=3968 import_once_lines=1 (per layer: direct imports should equal canonical blocks for one execution per block)
grep: /data/blockchain/rust-fleet7-bench/node1/el.log: No such file or directory
grep: /data/blockchain/rust-fleet7-bench/node2/el.log: No such file or directory
grep: /data/blockchain/rust-fleet7-bench/node3/el.log: No such file or directory
grep: /data/blockchain/rust-fleet7-bench/node1/el.log: No such file or directory
grep: /data/blockchain/rust-fleet7-bench/node2/el.log: No such file or directory
grep: /data/blockchain/rust-fleet7-bench/node3/el.log: No such file or directory
cat: /data/blockchain/rust-fleet7-bench/node2/el.log: No such file or directory
cat: /data/blockchain/rust-fleet7-bench/node2/el.log: No such file or directory
cat: /data/blockchain/rust-fleet7-bench/node2/el.log: No such file or directory
cat: /data/blockchain/rust-fleet7-bench/node1/el.log: No such file or directory
cat: /data/blockchain/rust-fleet7-bench/node2/el.log: No such file or directory
cat: /data/blockchain/rust-fleet7-bench/node3/el.log: No such file or directory
Traceback (most recent call last):
  File [35m"<stdin>"[0m, line [35m4[0m, in [35m<module>[0m
[1;35mIndexError[0m: [35mlist index out of range[0m
loop348K21AQ no_variant=0 own_not_committed=0 tc=0 invalid_blocks=0 incomplete=0 gas_mismatch=0 direct_imports_failed=0 stuck_at_hashed_state=0 engine_idles_over_5s=1 proposals_given_up=0 tables_off_nodes=1 unanswered_reads=0 seal_first_total=1424 seal_first_direct=1424 direct_guard_errors=0 commit_ms_median=0 fold_ms_median=8 sealed_at_ms_median=53 state_ready_ms_median=97 build_total_ms_median=173 recover_us_median=0 par_exec_ms_median=22 par_exec_ms_median=22 giveback_filtered=0 giveback_offered_max=200000 seal_first=1424 reader_lag_max=10 reader_lag_warns=0 view_invalidated=0 el_sum_peak_g=41.0 el_max_peak_g=41.0 val_sum_peak_g=5.8 flood_peak_g=0.6 two_roads_blocks=0 two_roads_overlap_ms_median=- exec_on_output_declined=0 r1_collect_ms_median=7 proposal_at_ms_median=46 view_total_ms_median=61 import_exec_ms_median=- import_total_ms_median=- import_senders_ms_median=- import_convert_ms_median=- import_groups_median=- imports_over_600ms=0 min_avail_g=69.6 road_foreign_body_recv_ms=- road_foreign_body_decode_ms=- road_foreign_body_senders_ms=- road_foreign_body_parent_wait_ms=- road_foreign_body_check_ms=- road_foreign_body_total_ms=- road_new_payload_recv_ms=- road_new_payload_decode_ms=- road_new_payload_senders_ms=- road_new_payload_parent_wait_ms=- road_new_payload_check_ms=- road_new_payload_total_ms=- road_foreign_body_blocks=0 road_new_payload_blocks=0 fcu_answered=1832 fcu_in_flight_ms_median=0 fcu_queued_ms_median=0 fcu_queued_ms_max=113 fcu_refused=0 fcu_slow=2551 bodies_held=0 road_reuse_ms=- road_prepare_ms=- road_dispatch_ms=- road_convert_ms=- road_remember_ms=- road_header_ms=- road_fields_ms=- road_other_ms=- import_engine_ms_median=- gate_forced=0 gate_warns=0 flood_timeouts=0 canonical_min=4040 canonical_max=4041 chained_builds=2491 chain_lead_ms_median=57 chain_wait_ms_median=0 chain_started=2493 chain_discarded=2 chain_discard_reasons=_1_reason="no_,_1_reason="the_chained_build_produced_nothing,_1_reason="the_execution_layer_produced_nothing chain_alias_warns=0 el_chained=2516 bodies_held_warns=0 el_build_refused=2 el_build_refused_reasons=_2_no_QMDB_tree_for_parent_block_0x queued_p5=2317000 queued_p50=2470500 road_compact_blocks=0 road_compact_recv_ms=- road_compact_assemble_ms=- road_compact_root_ms=- road_compact_miss_wait_ms=- road_compact_senders_ms=- road_compact_check_ms=- road_compact_other_ms=- road_compact_total_ms=- road_compact_misses_total= compact_refused_el=0 compact_fallbacks=0 compact_bytes_median=- pool_order9=14454 par_pull_ms_median=0 build_total_ms_median2=55 road_compact_filled_blocks=0 road_compact_filled_median=- road_compact_fill_ms_median=- need_txns=0 fill_failed=0 ingest_rate_gate_open_median=- ingest_gate_open_intervals=0 ingest_slots_busy_median=- flood_rate= fill_asked_proposer=0 fill_asked_other=0 loop_lines=2944 loop_unnamed_ms_median=43 loop_body_served_ms_median=- loop_txns_served_ms_median=- import_exec_ms_median2=- pip_partition_ms=- pip_env_ms=- pip_batch_ms=- pip_groups_ms=- pip_gas_ms=- pip_merge_ms=- pip_receipts_ms=- pip_drop_ms=- pip_other_ms=- pip_total_ms=- senders_indexed_median=- road_senders_ms_median=- road_total_ms_median=- pew_ms_median=- pew_ms_p90= gate_ms_median=- gate_ms_p90= root_ms_p50=- root_ms_p90= two_roads=0 not_on_output=0 not_on_output_why= ckpt_ms_first_q=2 ckpt_ms_last_q=49 ckpt_bytes_last=33763772 parent_still_importing=6 root_wait_ms_p50=- root_wait_ms_p90= tenures_low_seal=23 seal_first_share=0.99 empty_over_deep=0 near_empty_warns=0 no_seal_why= par_skipped_median=- usable_p5=2316500 ckpt_replay_ms_last_q=15 candidates_zero=0 dropped_ingest=0 let_go_warns=0 let_go_reasons= parked_p50=0 parked_max=0 held_warns=0 park_capped_total=0 superseded_builds=0 empty_not_superseded=0 mass_park_warns=0 heads_lines=0 holes_lines=0 stale_parent_refusals=0 par_groups_p5=0 cancelled_decided=2 heads_nonce0=0 stale_unconfirmed= handovers=6 el_panics=0 decided_cancelled=2 min_window_blocks=454 road_desc_blocks=0 road_desc_total_ms=- road_desc_copy_ms=- desc_misses=0 fill_failed2=0 sf_par_collect_ms=0 sf_par_commit_ms=0 sf_par_fold_ms=8 sf_par_graft_ms=0 sf_par_prefault_ms=0 sf_par_exec_ms=22 sf_sealed_at_ms=53 sf_roots_ms=32 sf_state_ready_ms=97 sf_total_ms=173 ba_find_ms=0 ba_queue_ms=0 ba_total_ms=55 ba_on_output=1423 queue_fold_us=0 queue_lock_us=18 sf_par_exec_ms=22 sf_par_fold_ms=8 pip_groups_ms=- import_exec_ms_median2=- reads_d0=0 reads_hist=0 f_reads_d0=- f_reads_hist=- f_overlay_depth=- L_read_set_ms=0 read_set_accounts=0 read_set_unresolved=0 read_set_hits=0 read_set_misses=0 start_best_ms=- par_prep_ms=- gap_before_exec_ms=- gap_after_exec_ms=- gap_before_seal_ms=- index_ms=- road_copy_aside_ms=- road_copy_wait_ms=- road_total_ms=- queue_first_miss=queue_first_miss=0:2532,queue_first_miss=18446744073709551615:1435 root_append_behind=0 populate_lag_mb=0 swap_used_g=0 root_faults=- root_faults_p90= root_faults_entries=0 root_faults_offsets=0 root_faults_index=0 root_faults_bits=0 root_faults_twigs=0 root_faults_undo=0 root_faults_tmp=0 root_append_faults=3 root_twig_pool_misses=0 batch_max_ms=8 batch_min_ms=2 batch_median_ms=4 batch_cpu_max_ms=8 batch_txs_max=2000 batch_txs_min=1500 batch_start_skew_ms=16 batch_wait_ms=0 loop_fetch_ns=0 loop_check_ns=0 loop_transfer_ns=0 loop_receipt_ns=0 loop_gas_ns=0 loop_sink_ns=0 loop_other_ns=0 batch_setup_ns=0 batch_close_ns=0 imp_exec_part_ms=- imp_exec_batches_ms=- imp_exec_graft_ms=- imp_exec_batches=- imp_exec_threads=- imp_exec_batch_max_ms=- imp_exec_batch_median_ms=- imp_parent_output_wait_ms=- road_parent_output_wait_ms=- next_start_gap_ms=1 next_entry_gap_ms=0 commit_body_ahead_used=- imp_exec_keys_ms=- imp_keys_ahead=- imp_exec_sink_ms=- imp_exec_pre_ms=- imp_exec_post_ms=- imp_exec_receipts_ms=- imp_exec_drop_ms=- root_gap_ms=- queue_whole=queue_whole=false:2532,queue_whole=true:1435 tick_tick_late_us=1017 tick_preamble_us=346 tick_take_sealed_us=3 tick_sign_us=1 tick_cache_us=0 tick_presealed=- tick_describe_us=21 tick_publish_us=662 tick_tick_to_send_us=2110 road_check_ms=- road_check_include_us=- road_check_scan_us=- road_check_fold_us=- road_check_senders_us=- road_check_frames_summarized=- road_check_frames_scanned=- imp_exec_start_gap_us=- imp_gap_road_us=- imp_gap_header_us=- imp_gap_senders_us=- imp_gap_parent_us=- imp_gap_setup_us=- imp_gap_keys_wait_us=- sealed_at_p90= sealed_over_130=0 roots_ms=- cycle_p90= batch_max_ms=- batch_median_ms=- imp_batch_max=- forest_lock_warns=1469 root_seal_ms=1 root_seals=39 root_majflt=7081 roots_p90= gp_layer=1433 ggp_missing=330 state_wait_split=0/0/0/0:440,9/0/0/0:72,8/0/0/0:61 qmdb_releases=0 state_wait_on= imp_road_end_ms=- imp_exec_start_ms=- imp_exec_end_ms=- imp_root_end_ms=- imp_fields_ready_ms=- imp_parent_fields_wait_ms=- imp_exec_ms=- imp_root_ms=- imp_checks_ms=- imp_engine_ms=- imp_total_ms=- road_parent_fields_wait_ms=- exec_read_ms=0 L_exec_evm_ms=0 L_exec_write_ms=0 L_exec_other_ms=0 L_reads_cache=0 L_reads_provider=0 L_reads_view=0 L_graft_base_ms=0 L_graft_reserve_ms=0 L_graft_insert_ms=0 L_graft_reverts_ms=0 L_graft_other_ms=0 L_par_exec_ms=22 L_par_graft_ms=0 F_exec_read_ms=- F_exec_evm_ms=- F_exec_write_ms=- F_exec_other_ms=- F_reads_cache=- F_reads_provider=- F_reads_view=- F_groups_ms=- L_tx_root_wait_ms=0 L_par_exec_ms=22 L_par_graft_ms=0 L_par_fold_ms=8 L_sealed_ms=7 L_state_ready_ms=97 L_roots_ms=32 L_finish_ms=104 L_total_ms=173 L_setup_ms=0 L_par_pull_ms=0 L_give_back_ms=0 L_state_wait_ms=7 L_state_after_pull=1424 L_seal_at_exec=1424 L_tx_root_ahead=0 flood_w1=3084521 txs_p10=200000 acq_us=472 slots_busy=13 ingest_rate=3048040 L_scope_join_ms=0 L_par_release_ms=0 L_commit_body_ms=0 L_par_commit_ms=0 L_give_back_ms=0 L_sealed_ms=7 L_par_exec_ms=22 L_state_wait_ms=7 L_par_pull_ms=0 L_par_prep_ms=0 L_par_start_ms=3 L_pre_exec_ms=0 L_par_run_ms=31 L_sealed_at_ms=53 F_partition_ms=- F_env_ms=- F_groups_ms=- F_merge_ms=- F_reverts_wait_ms=- F_ahead_wait_ms=- F_total_ms=- I_engine_ms=- I_root_ms=- I_total_ms=- H_engine_remember_ms=- H_engine_listing_ms=- H_engine_new_payload_ms=- busy_us=1 L_par_start_ms=3 L_start_handoff_ms=0 L_start_best_ms=3 L_start_puller_ms=0 L_par_pull_ms=0 L_par_prep_ms=0 L_state_wait_ms=7 L_par_exec_ms=22 L_par_commit_ms=0 L_sealed_ms=7 L_sealed_at_ms=53 L_par_graft_ms=0 L_graft_insert_ms=0 L_graft_reverts_ms=0 L_graft_split_us=0 L_graft_build_us=0 L_graft_merge_us=0 L_state_ready_ms=97 Q_queue_ms=0 R_dispatch_wait_ms=- R_total_ms=- R_road_runtime=1 gate_holds=0 peer_fetch=0 pool_limit=limit=4 gate_opened=gate_opened_for_block=0 I_root_ms=- flood_rate_hdr=rate=6000000/s fills=0 fill_waited=- slots_busy=13 acq_us=472 busy_us=1 converged=0 fallbacks=0 busy_us=1 recover_us=0 tf_on_output=3 tf_fallback=0 still_importing=6 busy_us=1 slots_busy=13 batches=altsig_txs=0 altsig_batches=0 tf_on_output=3 tf_fallback=0 gate_holds=0 sign_s=sign 0s replay_note=replay       : 64 files from /data/n42-pregen/g900000-400m, 400000000 transactio sign_s=sign 0s shard=shard_verified=0 shard_claimed=0 road_verified=- slots_busy=13 gate_us=7363 reply_us=7946 queued=2470500 assemble_ms=- road_take_ms=- road_body_ms=- road_encode_ms=- shards=16 shard_insert_ms=0 shard_wait_ms=0 shard_fold_ms=14 shard_append_ms=17 shard_merge_ms=59 state_ready_ms=97 roots_ms=32 exec_read_ms=0 exec_evm_ms=0 exec_write_ms=0 exec_other_ms=0 reads_cache=0 reads_provider=0 reads_view=0 par_run_ms=31 fold_task_cpu_max_us=13671 fold_task_minflt_max=1 fold_task_minflt_sum=1 fold_task_migrated=0 fold_task_nivcsw_max=0 fold_index=1 fold_index_build_ms=13 fold_index_conflicts=8279 fold_queue_us=59 fold_skew_us=32 fold_task_max_us=13673 fold_tail_us=18 start_best_ms=3 start_select_ms=0 start_walk_ms=0 start_walk_check_ms=0 start_best_other_ms=0 start_frames_by_ref=0 start_frames_slow=0 start_pull_ms=0 start_other_ms=0 start_handoff_ms=0 par_start_ms=3 par_prep_ms=0 par_commit_ms=0 commit_body_ms=0 par_fold_ms=8 sealed_ms=7 copy_ms=- prune_ms=0 frames=- frames_missing=- frame_root_ms=- root_ms=- frames_admitted=frames_admitted=569029 frames_unaligned=0 frame_root_indexed=- seal_layout_ms=0 seal_root_ms=0 attested= busy_us=1 slots_busy=13 reply_us=7946 prune_ms=0 body_refused=0 body_failed_late=0
loop348K21AQ win1 tps=3,086,667 txs=92,600,000 blocks= 463 cycle=0.065s occupancy=100.0% full(>=95%)=463/463 basefee=n/a (from the layer's log)
loop348K21AQ win2 tps=3,026,667 txs=90,800,000 blocks= 454 cycle=0.066s occupancy=100.0% full(>=95%)=454/454 basefee=n/a (from the layer's log)
loop348K21AQ win3 tps=3,033,333 txs=91,000,000 blocks= 455 cycle=0.066s occupancy=100.0% full(>=95%)=455/455 basefee=n/a (from the layer's log)
loop348K21AQ tps=3,086,667 round_txs=274400000 cycles_w1=
loop348K21AQ imp_fields_p90= b_p75=9
loop348K21AQ overlay: filter_skips=0 probes=0 ratio=- (ratio = skips/(skips+probes))
loop348K21AQ overlay_manager:       1 state_trie_overlay=false  state-ovly_cpu=0
loop348K21AQ verify: written to /data/blockchain/rust-fleet7-bench/bench-loop348K21AQ/verify.json
== validator memory at flood +70 s (loop348K21AQ)
validators 21: RSS sum 4.6 G, max 0.24 G, mean 0.22 G; threads 1155 (mean 55)
one validator (pid 553533):
VmHWM:	  216448 kB
VmRSS:	  216448 kB
RssAnon:	  200536 kB
RssFile:	   15912 kB
RssShmem:	       0 kB
Threads:	55
Rss:              216448 kB
Private_Dirty:    200536 kB
Anonymous:        200536 kB
AnonHugePages:         0 kB
threads by name:
     49 h2_validator
      4 tokio-rt-worker
      1 n42-qmdb-prefau
      1 futures-timer
largest mappings by Rss:
87436  7f814a900000-7f8151c00000
32932  7f8152000000-7f8156400000
15532  7f8163a00000-7f8164c00000
13200  7f8164d00000-7f8165a00000
11828  7f8165a80000-7f8166a00000
11136  7f8158200000-7f815a600000
10960 /data/n42-build/target-n42-rs/native/release/examples/h2_validator 5e5660b6d000-5e5661a07000
8336  7f8168c80000-7f816ae00000
RSS of all validators, sorted:
min 214.796 MB median 218.816 MB max 236.68 MB
== many-keys report loop348K21AQ
== loop348K21AQ: 21 validator logs, f=6, quorum 15
1. the leaders' commit lines
  R1_collect (proposal -> prepare QC): n=4333 p50 7.0 p90 36.0 p99 85.0 max 5772.0 ms
  R2_collect (prepare QC -> commit QC): n=4333 p50 6.0 p90 7.0 p99 13.0 max 19.0 ms
  total (proposal -> commit): n=4333 p50 61.0 p90 78.0 p99 132.0 max 5835.0 ms
  votes at formation: R1 median 15 max 15 (quorum 15); R2 median 15 max 15
2. vote collection at the traced leaders (first vote -> quorum -> last vote)
 R1 (vote), 3071 views:
    proposal -> first vote: n=3071 p50 3.0 p90 42.0 p99 86.8 max 109.2 ms
    first vote -> quorum: n=3071 p50 1.7 p90 2.4 p99 3.5 max 5762.3 ms
    quorum -> last vote: n=3071 p50 3.6 p90 3.9 p99 9.7 max 11.4 ms
    proposal -> last vote (the slowest key): n=3071 p50 8.4 p90 46.1 p99 90.7 max 5772.5 ms
   views with fewer than 20 votes received: 0
 R2 (commit_vote), 3071 views:
    proposal -> first vote: n=3071 p50 10.1 p90 49.2 p99 93.9 max 5774.3 ms
    first vote -> quorum: n=3071 p50 1.8 p90 2.4 p99 3.2 max 5.6 ms
    quorum -> last vote: n=3071 p50 5.2 p90 6.6 p99 14.5 max 19.6 ms
    proposal -> last vote (the slowest key): n=3071 p50 17.3 p90 56.0 p99 104.2 max 5783.4 ms
   views with fewer than 20 votes received: 0
3. the straggler rule and the loop
  proposal interval (same leader, consecutive views): n=4329 p50 61.5 p90 62.6 p99 100.2 max 5782.8 ms; >= 500 ms: 1
  no `slow step` lines
4. gossip propagation (proposal sent -> received at a traced follower)
    proposal arrival delay: n=9928 p50 0.3 p90 0.7 p99 1.9 max 12.7 ms
4b. the new fields (docs/E1_MANY_KEYS.md section 6), leaders' `block committed!` and `proposal sent` lines
    verify_us: n=4333 p50 4647.0 p90 5547.0 p99 5913.0 max 6595.0 us
    verify_n: n=4333 p50 34.0 p90 38.0 p99 41.0 max 43.0 
    verify_batches: n=4333 p50 2.0 p90 3.0 p99 3.0 max 5.0 
  verify_fallbacks: total 0 over 4333 blocks
    inbound_queue_max: n=4333 p50 0.0 p90 0.0 p99 0.0 max 0.0 
    gossip_poll_us: n=4333 p50 1789.0 p90 2248.0 p99 3049.0 max 4474.0 us
  straggler_waits (cumulative per leader log, summed over 5 leaders): 0; waits with straggler_wait_us > 0: 0 of 4334 proposals, none
  direct votes at the leaders: received 0 (duplicates dropped 0); sent by those nodes 0, fallbacks to gossip 0; leaders led 4334 views = 173360 vote messages expected (2 rounds x 20); direct share of those 0.0%
5. validators
validators n=21: cpu total 6.02 cores, per key mean 0.287 median 0.294 max 0.310 (key 12) min 0.248; rss per key peak mean 0.274 max 0.288 G, sum of peaks 5.8 G; threads per key mean 55, total 1155
libp2p connections (last census of 5): 418 in all (a full mesh of 21 is 210); sockets per process min 19 median 20 max 20
== loop348K21AQ  (E=1: seven validator keys on one execution layer)
  window 1: canonical 464 blocks, 92.8M tx = 3,093,333/s (100.0% of window 1), full 463/464 (100%); cycle mean/median/p90 64.7/61.5/73.2 ms
    leader builds 463: sealed_at median/p90/p99 51/73/103; phases median/p90 ms: gap_before_exec 8/44, state_wait 8/43, par 52/92, par_exec 22/28, roots 30/42, parent_fields 4/19, sealed 5/20
    state_wait_on {'output': 254, 'grandparent': 79, 'none': 130}; builds with state_wait > 20 ms: 109 ([('grandparent', 72), ('output', 37)]); gp_layer {1.0: 463}, ggp_missing {0.0: 376, 1.0: 87}
    queue at the builds min/median 1,447,000/2,516,500
    new field batch_cpu_sum_us: median/p90/max 607653.0/757779.0/2337150, nonzero 463
    new field batch_dispatch_us: median/p90/max 217.0/303.0/2134, nonzero 463
    new field batch_first_start_us: median/p90/max 74.0/120.0/247, nonzero 463
    new field batch_ivcsw: median/p90/max 1.0/7.0/27, nonzero 288
    new field batch_last_end_us: median/p90/max 22085.0/28180.0/81701, nonzero 463
    new field batch_last_start_us: median/p90/max 17024.0/21854.0/65740, nonzero 463
    new field batch_live_deferred: median/p90/max 72.0/80.0/87, nonzero 463
    new field batch_live_lock_hold_us: median/p90/max 10488.0/12398.0/17293, nonzero 463
    new field batch_live_lock_wait_us: median/p90/max 0.0/0.0/0, nonzero 0
    new field batch_live_lock_waits: median/p90/max 0.0/0.0/0, nonzero 0
    new field batch_majflt: median/p90/max 0.0/0.0/0, nonzero 0
    new field batch_minflt: median/p90/max 719.0/9424.0/28925, nonzero 463
    new field batch_open_max_us: median/p90/max 435.0/544.0/3967, nonzero 463
    new field batch_open_sum_us: median/p90/max 10811.0/13404.0/17650, nonzero 463
    new field batch_threads: median/p90/max 32.0/32.0/32, nonzero 463
    new field batch_vcsw: median/p90/max 169.0/495.0/1104, nonzero 463
    new field batch_view_index_wait_us: median/p90/max 0.0/21451.0/53175, nonzero 103
    new field batch_view_index_waits: median/p90/max 0.0/279.0/766, nonzero 103
    new field batch_view_slot_wait_us: median/p90/max 0.0/2193.0/10098, nonzero 108
    new field batch_view_slot_waits: median/p90/max 0.0/58.0/134, nonzero 108
    new field batch_wall_sum_us: median/p90/max 614226.0/772747.0/2339125, nonzero 463
    new field batches: median/p90/max 128.0/128.0/128, nonzero 463
    new field build_batches: median/p90/max 128.0/128.0/128, nonzero 463
    new field carried_depth: median/p90/max 1.0/1.0/1, nonzero 463
    new field exec_end_to_seal_us: median/p90/max 93.0/141.0/359, nonzero 463
    new field exec_partition_us: median/p90/max 6.0/9.0/1435, nonzero 463
    new field exec_prepared_groups: {'true': 459, 'false': 4}
    new field exec_prepared_slots: {'true': 459, 'false': 4}
    new field exec_slots_us: median/p90/max 0.0/0.0/2222, nonzero 5
    new field freeze_join_wait_us: median/p90/max 8767.0/19687.0/39703, nonzero 463
    new field freeze_late: {'true': 463}
    new field freeze_pool_own: {'true': 463}
    new field live_index_defer: {'true': 463}
    new field merge_accounts: median/p90/max 192102.0/195502.0/198141, nonzero 463
    new field merge_append_us: median/p90/max 3559.0/7679.0/18843, nonzero 463
    new field merge_early: {'false': 463}
    new field merge_join_wait_us: median/p90/max 0.0/0.0/0, nonzero 0
    new field merge_reverts: median/p90/max 192102.0/195502.0/198141, nonzero 463
    new field merge_reverts_us: median/p90/max 15174.0/20568.0/32227, nonzero 463
    new field merge_state_us: median/p90/max 39566.0/48252.0/65643, nonzero 463
    new field merge_tail_us: median/p90/max 0.0/0.0/2, nonzero 7
    new field merge_threads: median/p90/max 1.0/1.0/1, nonzero 463
    new field one_wave: {'false': 463}
    new field open_engine_us: median/p90/max 0.0/29619.0/73018, nonzero 87
    new field open_fallback: {'false': 376, 'true': 87}
    new field open_keep_us: median/p90/max 7.0/10.0/41, nonzero 463
    new field open_kept_accounts: median/p90/max 576311.0/584552.0/589828, nonzero 463
    new field open_layers: median/p90/max 3.0/3.0/3, nonzero 463
    new field open_provider_us: median/p90/max 101.0/171.0/711, nonzero 463
    new field plan_age_us: median/p90/max 49426.0/101024.0/152593, nonzero 463
    new field plan_ahead: median/p90/max 1.0/1.0/1, nonzero 463
    new field plan_body: median/p90/max 1.0/1.0/2, nonzero 463
    new field plan_body_us: median/p90/max 16493.0/21251.0/29567, nonzero 459
    new field plan_discard: {'': 463}
    new field plan_prep_us: median/p90/max 7226.0/13716.0/35145, nonzero 463
    new field plan_topup_txs: median/p90/max 0.0/0.0/0, nonzero 0
    new field prep_from_plan: {'true': 459, 'false': 4}
    new field prev_seal_to_answer_us: median/p90/max 1748.0/3158.0/6693, nonzero 463
    new field prev_seal_to_entry_us: median/p90/max 0.0/0.0/0, nonzero 0
    new field prev_seal_to_header_us: median/p90/max 190.0/282.0/657, nonzero 463
    new field prev_seal_to_import_us: median/p90/max 116449.0/153175.0/204065, nonzero 421
    new field prev_seal_to_request_us: median/p90/max 1002.0/67462.0/94311, nonzero 463
    new field prev_seal_to_start_us: median/p90/max 1307.0/67770.0/94619, nonzero 463
    new field pull_bulk_txs: median/p90/max 200000.0/200000.0/200000, nonzero 463
    new field pull_bulk_us: median/p90/max 6.0/9.0/1161, nonzero 463
    new field receipts_late: {'false': 463}
    new field receipts_late_wait_us: median/p90/max 0.0/0.0/1, nonzero 1
    new field rename_fallbacks: median/p90/max 0.0/0.0/0, nonzero 0
    new field rename_record_waits: median/p90/max 0.0/0.0/0, nonzero 0
    new field root_apply_gap_us: median/p90/max 10.0/12.0/20, nonzero 463
    new field root_apply_total_us: median/p90/max 20652.0/27776.0/42320, nonzero 463
    new field root_compute_us: median/p90/max 22548.0/30850.0/48737, nonzero 463
    new field root_delta_us: median/p90/max 1138.0/2165.0/19792, nonzero 463
    new field root_index_us: median/p90/max 2651.0/4305.0/18742, nonzero 463
    new field root_leaves_us: median/p90/max 6892.0/10757.0/18596, nonzero 463
    new field root_note_us: median/p90/max 150.0/209.0/1658, nonzero 463
    new field root_ops_ahead: {'true': 463}
    new field root_ops_ahead_wait_us: median/p90/max 3201.0/9041.0/22836, nonzero 463
    new field root_ops_concat_us: median/p90/max 0.0/0.0/0, nonzero 0
    new field root_ops_encode_us: median/p90/max 5432.0/10178.0/20727, nonzero 463
    new field root_ops_finish_us: median/p90/max 2292.0/2934.0/7926, nonzero 463
    new field root_ops_sort_us: median/p90/max 3398.0/6812.0/18765, nonzero 463
    new field root_ops_us: median/p90/max 5593.0/11585.0/25164, nonzero 463
    new field root_rehash_us: median/p90/max 1427.0/1814.0/10684, nonzero 463
    new field root_retire_us: median/p90/max 1606.0/2530.0/7019, nonzero 463
    new field root_sort_us: median/p90/max 196.0/426.0/3982, nonzero 463
    new field root_undo_us: median/p90/max 354.0/671.0/2857, nonzero 463
    new field root_writes_us: median/p90/max 6904.0/9844.0/22142, nonzero 463
    new field seal_hashes_ahead: {'true': 463}
    new field seal_on_counters: {'true': 463}
    new field seal_to_complete_us: median/p90/max 110630.0/127133.0/161692, nonzero 463
    new field seal_to_frozen_us: median/p90/max 8742.0/19648.0/39697, nonzero 345
    new field seal_to_merge_end_us: median/p90/max 110533.0/127049.0/161571, nonzero 463
    new field seal_to_merge_start_us: median/p90/max 50280.0/64153.0/78295, nonzero 463
    new field seal_to_ops_ahead_us: median/p90/max 21625.0/34248.0/53060, nonzero 463
    new field seal_to_shards_ready_us: median/p90/max 14584.0/24122.0/44591, nonzero 463
    new field seal_to_state_ready_us: median/p90/max 110543.0/127056.0/161581, nonzero 463
    new field sealed_unix_us: median/p90/max 1791450390791829.0/1791450402726214.0/1791450405590972, nonzero 463
    new field start_walk_check_us: median/p90/max 0.0/0.0/0, nonzero 0
    new field start_walk_ids_us: median/p90/max 0.0/0.0/0, nonzero 0
    new field start_walk_settle_us: median/p90/max 0.0/0.0/0, nonzero 0
    new field start_walk_us: median/p90/max 0.0/0.0/0, nonzero 0
    new field state_wait_us: median/p90/max 8083.0/43790.0/86834, nonzero 463
    new field view_journal_reads: median/p90/max 0.0/81920.0/192512, nonzero 225
    new field view_journal_searches: median/p90/max 0.0/228899.0/494025, nonzero 225
    new field view_journal_skips: median/p90/max 0.0/0.0/0, nonzero 0
    new field whole_take_noted: {'true': 463}
    binding wait (tick / quorum / seal share, mean cycle): tick 97% (64); quorum 1% (119); seal 2% (80); feed-bound (blocks under 95% of the tier): 1 of 464
    slowest key vote delay median/p90 12.0/54.1 ms
    engine own-import total_ms per block median/p90/max 37/56/95 (n=463)
    layer RSS 4.7 -> 26.8 G (max 26.8), in-memory blocks max 10
    execution layer cores busy 34.9    validators cores busy 6.1
    flood delivered (median per 5 s over the leg) 3,075,670/s
  window 2: canonical 454 blocks, 90.8M tx = 3,026,667/s (97.8% of window 1), full 454/454 (100%); cycle mean/median/p90 67.1/61.5/87.4 ms
    leader builds 456: sealed_at median/p90/p99 54/76/101; phases median/p90 ms: gap_before_exec 6/48, state_wait 6/48, par 54/85, par_exec 21/27, roots 32/48, parent_fields 4/23, sealed 5/24
    state_wait_on {'output': 198, 'none': 149, 'grandparent': 108, 'open': 1}; builds with state_wait > 20 ms: 106 ([('grandparent', 91), ('output', 15)]); gp_layer {1.0: 456}, ggp_missing {0.0: 341, 1.0: 115}
    queue at the builds min/median 2,234,500/2,516,250
    new field batch_cpu_sum_us: median/p90/max 595332.5/732017.0/1434204, nonzero 456
    new field batch_dispatch_us: median/p90/max 215.5/317.0/3189, nonzero 456
    new field batch_first_start_us: median/p90/max 82.0/129.0/285, nonzero 456
    new field batch_ivcsw: median/p90/max 1.0/7.0/18, nonzero 272
    new field batch_last_end_us: median/p90/max 21775.0/27611.0/51186, nonzero 456
    new field batch_last_start_us: median/p90/max 16627.5/20644.0/42698, nonzero 456
    new field batch_live_deferred: median/p90/max 74.0/82.0/161, nonzero 456
    new field batch_live_lock_hold_us: median/p90/max 10621.0/12404.0/25620, nonzero 456
    new field batch_live_lock_wait_us: median/p90/max 0.0/0.0/0, nonzero 0
    new field batch_live_lock_waits: median/p90/max 0.0/0.0/0, nonzero 0
    new field batch_majflt: median/p90/max 0.0/0.0/6, nonzero 1
    new field batch_minflt: median/p90/max 906.5/9983.0/29885, nonzero 456
    new field batch_open_max_us: median/p90/max 419.0/513.0/3995, nonzero 456
    new field batch_open_sum_us: median/p90/max 10399.0/13048.0/27195, nonzero 456
    new field batch_threads: median/p90/max 32.0/32.0/32, nonzero 456
    new field batch_vcsw: median/p90/max 179.0/462.0/956, nonzero 456
    new field batch_view_index_wait_us: median/p90/max 0.0/17169.0/52882, nonzero 109
    new field batch_view_index_waits: median/p90/max 0.0/243.0/710, nonzero 109
    new field batch_view_slot_wait_us: median/p90/max 0.0/1859.0/4705, nonzero 114
    new field batch_view_slot_waits: median/p90/max 0.0/49.0/114, nonzero 114
    new field batch_wall_sum_us: median/p90/max 600503.0/739252.0/1435657, nonzero 456
    new field batches: median/p90/max 128.0/128.0/128, nonzero 456
    new field build_batches: median/p90/max 128.0/128.0/128, nonzero 456
    new field carried_depth: median/p90/max 1.0/1.0/1, nonzero 456
    new field exec_end_to_seal_us: median/p90/max 94.0/149.0/351, nonzero 456
    new field exec_partition_us: median/p90/max 6.0/9.0/1603, nonzero 456
    new field exec_prepared_groups: {'true': 445, 'false': 11}
    new field exec_prepared_slots: {'true': 445, 'false': 11}
    new field exec_slots_us: median/p90/max 0.0/0.0/1772, nonzero 12
    new field freeze_join_wait_us: median/p90/max 9051.5/17455.0/31108, nonzero 456
    new field freeze_late: {'true': 456}
    new field freeze_pool_own: {'true': 456}
    new field live_index_defer: {'true': 456}
    new field merge_accounts: median/p90/max 192025.0/194956.0/198292, nonzero 456
    new field merge_append_us: median/p90/max 3375.5/7750.0/14534, nonzero 456
    new field merge_early: {'false': 456}
    new field merge_join_wait_us: median/p90/max 0.0/0.0/0, nonzero 0
    new field merge_reverts: median/p90/max 192025.0/194956.0/198292, nonzero 456
    new field merge_reverts_us: median/p90/max 15798.5/21557.0/33476, nonzero 456
    new field merge_state_us: median/p90/max 38738.0/47417.0/71465, nonzero 456
    new field merge_tail_us: median/p90/max 0.0/0.0/1, nonzero 3
    new field merge_threads: median/p90/max 1.0/1.0/1, nonzero 456
    new field one_wave: {'false': 456}
    new field open_engine_us: median/p90/max 0.0/40253.0/75871, nonzero 115
    new field open_fallback: {'false': 341, 'true': 115}
    new field open_keep_us: median/p90/max 6.0/10.0/19, nonzero 456
    new field open_kept_accounts: median/p90/max 576351.5/582419.0/589477, nonzero 456
    new field open_layers: median/p90/max 3.0/3.0/3, nonzero 456
    new field open_provider_us: median/p90/max 92.5/156.0/414, nonzero 456
    new field plan_age_us: median/p90/max 51351.5/99966.0/147829, nonzero 455
    new field plan_ahead: median/p90/max 1.0/1.0/1, nonzero 455
    new field plan_body: median/p90/max 1.0/1.0/2, nonzero 455
    new field plan_body_us: median/p90/max 18472.5/21967.0/27304, nonzero 445
    new field plan_discard: {'': 455, 'not_on_its_parent': 1}
    new field plan_prep_us: median/p90/max 7341.0/15322.0/28700, nonzero 455
    new field plan_topup_txs: median/p90/max 0.0/0.0/0, nonzero 0
    new field prep_from_plan: {'true': 445, 'false': 11}
    new field prev_seal_to_answer_us: median/p90/max 1721.0/2917.0/6119, nonzero 456
    new field prev_seal_to_entry_us: median/p90/max 0.0/0.0/0, nonzero 0
    new field prev_seal_to_header_us: median/p90/max 195.5/325.0/877, nonzero 456
    new field prev_seal_to_import_us: median/p90/max 123420.0/158156.0/208253, nonzero 404
    new field prev_seal_to_request_us: median/p90/max 1033.5/65225.0/121603, nonzero 456
    new field prev_seal_to_start_us: median/p90/max 1317.0/65692.0/121792, nonzero 456
    new field pull_bulk_txs: median/p90/max 200000.0/200000.0/200000, nonzero 456
    new field pull_bulk_us: median/p90/max 6.0/10.0/2862, nonzero 456
    new field receipts_late: {'false': 456}
    new field receipts_late_wait_us: median/p90/max 0.0/0.0/0, nonzero 0
    new field rename_fallbacks: median/p90/max 0.0/0.0/0, nonzero 0
    new field rename_record_waits: median/p90/max 0.0/0.0/0, nonzero 0
    new field root_apply_gap_us: median/p90/max 10.0/13.0/24, nonzero 456
    new field root_apply_total_us: median/p90/max 22003.0/32751.0/49358, nonzero 456
    new field root_compute_us: median/p90/max 24135.0/35947.0/78670, nonzero 456
    new field root_delta_us: median/p90/max 1198.0/2338.0/9343, nonzero 456
    new field root_index_us: median/p90/max 2949.0/6526.0/20146, nonzero 456
    new field root_leaves_us: median/p90/max 6828.5/10714.0/23326, nonzero 456
    new field root_note_us: median/p90/max 144.0/229.0/1467, nonzero 456
    new field root_ops_ahead: {'true': 456}
    new field root_ops_ahead_wait_us: median/p90/max 3333.0/10347.0/30062, nonzero 456
    new field root_ops_concat_us: median/p90/max 0.0/0.0/0, nonzero 0
    new field root_ops_encode_us: median/p90/max 5364.0/9708.0/31629, nonzero 456
    new field root_ops_finish_us: median/p90/max 2246.0/3312.0/8230, nonzero 456
    new field root_ops_sort_us: median/p90/max 3565.5/7558.0/13799, nonzero 456
    new field root_ops_us: median/p90/max 5867.0/12885.0/32386, nonzero 456
    new field root_rehash_us: median/p90/max 2059.0/3358.0/17810, nonzero 456
    new field root_retire_us: median/p90/max 1787.0/2811.0/6767, nonzero 456
    new field root_sort_us: median/p90/max 199.0/392.0/3853, nonzero 456
    new field root_undo_us: median/p90/max 331.5/671.0/2227, nonzero 456
    new field root_writes_us: median/p90/max 6841.5/10596.0/26044, nonzero 456
    new field seal_hashes_ahead: {'true': 456}
    new field seal_on_counters: {'true': 456}
    new field seal_to_complete_us: median/p90/max 112295.0/130699.0/163150, nonzero 456
    new field seal_to_frozen_us: median/p90/max 9027.5/17436.0/31047, nonzero 321
    new field seal_to_merge_end_us: median/p90/max 112215.5/130577.0/163066, nonzero 456
    new field seal_to_merge_start_us: median/p90/max 52372.0/66682.0/116330, nonzero 456
    new field seal_to_ops_ahead_us: median/p90/max 21375.5/31471.0/52192, nonzero 456
    new field seal_to_shards_ready_us: median/p90/max 14356.5/21808.0/35203, nonzero 456
    new field seal_to_state_ready_us: median/p90/max 112222.5/130591.0/163078, nonzero 456
    new field sealed_unix_us: median/p90/max 1791450420641743.0/1791450432662567.0/1791450435587348, nonzero 456
    new field start_walk_check_us: median/p90/max 0.0/0.0/165, nonzero 1
    new field start_walk_ids_us: median/p90/max 0.0/0.0/556, nonzero 1
    new field start_walk_settle_us: median/p90/max 0.0/0.0/0, nonzero 0
    new field start_walk_us: median/p90/max 0.0/0.0/4652, nonzero 1
    new field state_wait_us: median/p90/max 6540.5/48497.0/82712, nonzero 456
    new field view_journal_reads: median/p90/max 0.0/73728.0/139264, nonzero 208
    new field view_journal_searches: median/p90/max 0.0/218360.0/412573, nonzero 208
    new field view_journal_skips: median/p90/max 0.0/0.0/0, nonzero 0
    new field whole_take_noted: {'true': 456}
    binding wait (tick / quorum / seal share, mean cycle): tick 97% (66); quorum 3% (113); seal 0%; feed-bound (blocks under 95% of the tier): 0 of 454
    slowest key vote delay median/p90 13.4/70.2 ms
    engine own-import total_ms per block median/p90/max 39/60/90 (n=454)
    layer RSS 26.7 -> 33.7 G (max 33.7), in-memory blocks max 10
    execution layer cores busy 35.4    validators cores busy 5.9
  window 3: canonical 455 blocks, 91.0M tx = 3,033,333/s (98.1% of window 1), full 455/455 (100%); cycle -
    leader builds 455: sealed_at median/p90/p99 54/78/96; phases median/p90 ms: gap_before_exec 9/45, state_wait 8/44, par 54/83, par_exec 21/26, roots 33/49, parent_fields 7/23, sealed 8/24
    state_wait_on {'grandparent': 113, 'output': 204, 'none': 135, 'open': 3}; builds with state_wait > 20 ms: 101 ([('grandparent', 93), ('output', 8)]); gp_layer {1.0: 455}, ggp_missing {1.0: 120, 0.0: 335}
    queue at the builds min/median 2,262,500/2,514,000
    new field batch_cpu_sum_us: median/p90/max 608925.0/724120.0/2146265, nonzero 455
    new field batch_dispatch_us: median/p90/max 210.0/291.0/791, nonzero 455
    new field batch_first_start_us: median/p90/max 77.0/114.0/220, nonzero 455
    new field batch_ivcsw: median/p90/max 1.0/7.0/39, nonzero 270
    new field batch_last_end_us: median/p90/max 21861.0/26300.0/73711, nonzero 455
    new field batch_last_start_us: median/p90/max 17194.0/20593.0/60279, nonzero 455
    new field batch_live_deferred: median/p90/max 75.0/84.0/376, nonzero 455
    new field batch_live_lock_hold_us: median/p90/max 10875.0/13150.0/52134, nonzero 455
    new field batch_live_lock_wait_us: median/p90/max 0.0/0.0/0, nonzero 0
    new field batch_live_lock_waits: median/p90/max 0.0/0.0/0, nonzero 0
    new field batch_majflt: median/p90/max 0.0/0.0/23, nonzero 2
    new field batch_minflt: median/p90/max 930.0/9685.0/30318, nonzero 455
    new field batch_open_max_us: median/p90/max 399.0/489.0/3768, nonzero 455
    new field batch_open_sum_us: median/p90/max 10174.0/12589.0/17225, nonzero 455
    new field batch_threads: median/p90/max 32.0/32.0/32, nonzero 455
    new field batch_vcsw: median/p90/max 184.0/485.0/1077, nonzero 455
    new field batch_view_index_wait_us: median/p90/max 0.0/21109.0/61215, nonzero 104
    new field batch_view_index_waits: median/p90/max 0.0/269.0/785, nonzero 104
    new field batch_view_slot_wait_us: median/p90/max 0.0/1928.0/13393, nonzero 107
    new field batch_view_slot_waits: median/p90/max 0.0/53.0/145, nonzero 107
    new field batch_wall_sum_us: median/p90/max 617478.0/738504.0/2148074, nonzero 455
    new field batches: median/p90/max 128.0/128.0/128, nonzero 455
    new field build_batches: median/p90/max 128.0/128.0/128, nonzero 455
    new field carried_depth: median/p90/max 1.0/1.0/1, nonzero 455
    new field exec_end_to_seal_us: median/p90/max 92.0/159.0/859, nonzero 455
    new field exec_partition_us: median/p90/max 6.0/8.0/19, nonzero 455
    new field exec_prepared_groups: {'true': 455}
    new field exec_prepared_slots: {'true': 455}
    new field exec_slots_us: median/p90/max 0.0/0.0/0, nonzero 0
    new field freeze_join_wait_us: median/p90/max 7062.0/16156.0/23548, nonzero 455
    new field freeze_late: {'true': 455}
    new field freeze_pool_own: {'true': 455}
    new field live_index_defer: {'true': 455}
    new field merge_accounts: median/p90/max 191689.0/194809.0/198627, nonzero 455
    new field merge_append_us: median/p90/max 2749.0/7801.0/20265, nonzero 455
    new field merge_early: {'false': 455}
    new field merge_join_wait_us: median/p90/max 0.0/0.0/0, nonzero 0
    new field merge_reverts: median/p90/max 191689.0/194809.0/198627, nonzero 455
    new field merge_reverts_us: median/p90/max 15364.0/20550.0/32691, nonzero 455
    new field merge_state_us: median/p90/max 40341.0/48731.0/63877, nonzero 455
    new field merge_tail_us: median/p90/max 0.0/0.0/1, nonzero 3
    new field merge_threads: median/p90/max 1.0/1.0/1, nonzero 455
    new field one_wave: {'false': 455}
    new field open_engine_us: median/p90/max 0.0/40213.0/63506, nonzero 120
    new field open_fallback: {'false': 335, 'true': 120}
    new field open_keep_us: median/p90/max 7.0/12.0/34, nonzero 455
    new field open_kept_accounts: median/p90/max 574854.0/581437.0/587383, nonzero 455
    new field open_layers: median/p90/max 3.0/3.0/3, nonzero 455
    new field open_provider_us: median/p90/max 94.0/201.0/2479, nonzero 455
    new field plan_age_us: median/p90/max 51483.0/99550.0/147469, nonzero 455
    new field plan_ahead: median/p90/max 1.0/1.0/1, nonzero 455
    new field plan_body: median/p90/max 1.0/1.0/1, nonzero 455
    new field plan_body_us: median/p90/max 12862.0/17207.0/22683, nonzero 455
    new field plan_discard: {'': 455}
    new field plan_prep_us: median/p90/max 7059.0/12791.0/30020, nonzero 455
    new field plan_topup_txs: median/p90/max 0.0/0.0/0, nonzero 0
    new field prep_from_plan: {'true': 455}
    new field prev_seal_to_answer_us: median/p90/max 1875.0/3620.0/6211, nonzero 455
    new field prev_seal_to_entry_us: median/p90/max 0.0/0.0/0, nonzero 0
    new field prev_seal_to_header_us: median/p90/max 205.0/342.0/862, nonzero 455
    new field prev_seal_to_import_us: median/p90/max 128746.0/161156.0/203918, nonzero 405
    new field prev_seal_to_request_us: median/p90/max 1028.0/64969.0/89470, nonzero 455
    new field prev_seal_to_start_us: median/p90/max 1337.0/65196.0/89736, nonzero 455
    new field pull_bulk_txs: median/p90/max 200000.0/200000.0/200000, nonzero 455
    new field pull_bulk_us: median/p90/max 5.0/8.0/21, nonzero 455
    new field receipts_late: {'false': 455}
    new field receipts_late_wait_us: median/p90/max 0.0/0.0/0, nonzero 0
    new field rename_fallbacks: median/p90/max 0.0/0.0/0, nonzero 0
    new field rename_record_waits: median/p90/max 0.0/0.0/0, nonzero 0
    new field root_apply_gap_us: median/p90/max 11.0/14.0/68, nonzero 455
    new field root_apply_total_us: median/p90/max 23248.0/32966.0/50109, nonzero 455
    new field root_compute_us: median/p90/max 25329.0/35995.0/51867, nonzero 455
    new field root_delta_us: median/p90/max 1220.0/2265.0/10520, nonzero 455
    new field root_index_us: median/p90/max 2812.0/6278.0/23839, nonzero 455
    new field root_leaves_us: median/p90/max 7080.0/11047.0/25957, nonzero 455
    new field root_note_us: median/p90/max 140.0/219.0/1342, nonzero 455
    new field root_ops_ahead: {'true': 455}
    new field root_ops_ahead_wait_us: median/p90/max 2795.0/9357.0/25529, nonzero 454
    new field root_ops_concat_us: median/p90/max 0.0/0.0/0, nonzero 0
    new field root_ops_encode_us: median/p90/max 5719.0/10378.0/23452, nonzero 455
    new field root_ops_finish_us: median/p90/max 2301.0/3493.0/7675, nonzero 455
    new field root_ops_sort_us: median/p90/max 3203.0/7238.0/18562, nonzero 455
    new field root_ops_us: median/p90/max 5411.0/12243.0/28794, nonzero 455
    new field root_rehash_us: median/p90/max 2578.0/4004.0/15137, nonzero 455
    new field root_retire_us: median/p90/max 1938.0/2924.0/8272, nonzero 455
    new field root_sort_us: median/p90/max 201.0/459.0/5266, nonzero 455
    new field root_undo_us: median/p90/max 338.0/679.0/4446, nonzero 455
    new field root_writes_us: median/p90/max 6960.0/10662.0/21507, nonzero 455
    new field seal_hashes_ahead: {'true': 455}
    new field seal_on_counters: {'true': 455}
    new field seal_to_complete_us: median/p90/max 114108.0/134233.0/162849, nonzero 455
    new field seal_to_frozen_us: median/p90/max 7028.0/16124.0/23570, nonzero 303
    new field seal_to_merge_end_us: median/p90/max 114042.0/134158.0/162738, nonzero 455
    new field seal_to_merge_start_us: median/p90/max 52759.0/67888.0/96997, nonzero 455
    new field seal_to_ops_ahead_us: median/p90/max 21035.0/29695.0/43656, nonzero 455
    new field seal_to_shards_ready_us: median/p90/max 13904.0/21201.0/32817, nonzero 455
    new field seal_to_state_ready_us: median/p90/max 114050.0/134167.0/162747, nonzero 455
    new field sealed_unix_us: median/p90/max 1791450450304855.0/1791450462590477.0/1791450465603100, nonzero 455
    new field start_walk_check_us: median/p90/max 0.0/0.0/0, nonzero 0
    new field start_walk_ids_us: median/p90/max 0.0/0.0/0, nonzero 0
    new field start_walk_settle_us: median/p90/max 0.0/0.0/0, nonzero 0
    new field start_walk_us: median/p90/max 0.0/0.0/0, nonzero 0
    new field state_wait_us: median/p90/max 8820.0/44884.0/71923, nonzero 455
    new field view_journal_reads: median/p90/max 0.0/77824.0/135168, nonzero 226
    new field view_journal_searches: median/p90/max 0.0/215571.0/420748, nonzero 226
    new field view_journal_skips: median/p90/max 0.0/0.0/0, nonzero 0
    new field whole_take_noted: {'true': 455}
    engine own-import total_ms per block median/p90/max 46/65/94 (n=455)
    layer RSS 33.0 -> 41.1 G (max 41.1), in-memory blocks max 10
    execution layer cores busy 34.9    validators cores busy 5.9
  round total (3 windows, canonical): 274.6M tx
  layer peak RSS 41.1 G; in-memory blocks max 10
  fields at seal: mode "early", verified 0, unchecked 0, mismatches 0 (last build line, cumulative)
  own_executed_again (built here and also directly imported): 0 of 1423 built blocks
== loop348K21AQ
  layer-0 leader window-1 builds 464: txs mean 200000, share >= 95% of the tier 100% (max 200000); sealed_at_ms 51.0/73.0; par_ms 52.0/92.0; par_exec_ms 22.0/28.0; roots_ms 30.0/42.0; parent_fields_ms 4.0/19.0; sealed_ms 5.0/20.0
  proposal cycle window 1 (n=479): mean 64.7 median 61.5 p90 73.2 ms; blocks in the 30 s: 479
  binding wait (tick / quorum / seal, share and mean cycle): tick 96.8% (63.8); quorum 1.3% (118.5); seal 1.9% (80.0)
  vote delay after the proposal, slowest key per block: median 12.0 p90 54.1 ms (slowest minus the median key: median 0.2); last key: {1: 92, 2: 93, 3: 61, 4: 61, 5: 58, 6: 98} of 463 blocks
  CPU in window 1 (cores busy): execution layers 34.9 over 1 process(es); validators 6.1 over 21 process(es)
  execution layer peak RSS 41.1 G; in-memory blocks max 10 (node0 and others, all layers)
  blocks built here 1423; none also directly imported
  import-once counters at the last direct import: ; start-up lines with import_once=true: 1; queue-lock lines 0
  layer-0 queue (queued after canonical prune), median per 10 s: t+0:2511250 t+20:2485500 t+40:2511000 t+60:2457500 t+80:2481500
  flood: median per 5 s 3075670/s, final -
  timeout / given-up lines: 0; 
loop348K21AQ page_faults_per_s_median: node0=181067 
feedcheck loop348K21AQ: ok (block 200,000 tx)
== loop348K21AQ: feed check (acq_us / gate_us / reply_us are per frame of 500; rate per 5 s `ingest` line)
  window 1: ingest lines 6; acq_us 466 (max 3142); gate_us 7388; reply_us 7954; slots_busy 12%; delivered median 3,048,134/s max 3,121,242/s; queue at builds median 2,516,500 min 1,447,000; full 100% of 464 blocks
  window 2: ingest lines 6; acq_us 476 (max 481); gate_us 7346; reply_us 7928; slots_busy 12%; delivered median 3,044,758/s max 3,243,086/s; queue at builds median 2,516,250 min 2,234,500; full 100% of 454 blocks
  window 3: ingest lines 6; acq_us 470 (max 474); gate_us 7414; reply_us 7978; slots_busy 13%; delivered median 3,044,864/s max 3,182,453/s; queue at builds median 2,514,000 min 2,262,500; full 100% of 455 blocks
  flood.log (+15..+100 s): rate per 5 s median 3,066,064/s max 3,237,322/s; reply latency median 62.7 ms max 66.4 ms
== loop348K21AQ: lanes lock, drain and pruner (new fields)
  window 1: lock duty 53.5% (max 57.0); holds/5s 2,195; longest hold 28.50 ms median, 32.17 ms max by crates/n42/tx-queue/src/lib.rs:2046 (most frequent holders [('crates/n42/tx-queue/src/lib.rs:2046', 6)]); lock wait 2008.9 ms/5s, longest 28.31 ms; drains/5s 993 of 15277 tx, mean 1248 us, max 22.87 ms
           prune (417 blocks): prune_ms 32/53; fold 0.5 ms, lock 0.0 ms, remove(hold) 9.2 ms, free 0.0 ms; frames_swept 400; coalesced on 417 of 417; prune_wait_ms 0/0; pruner busy 47% of a thread, lock held by it 1.7%
  window 2: lock duty 58.0% (max 64.0); holds/5s 2,090; longest hold 28.68 ms median, 36.59 ms max by crates/n42/tx-queue/src/lib.rs:2046 (most frequent holders [('crates/n42/tx-queue/src/lib.rs:2046', 6)]); lock wait 2950.4 ms/5s, longest 36.64 ms; drains/5s 936 of 16279 tx, mean 1538 us, max 20.79 ms
           prune (402 blocks): prune_ms 37/65; fold 0.6 ms, lock 0.0 ms, remove(hold) 10.5 ms, free 0.0 ms; frames_swept 400; coalesced on 402 of 402; prune_wait_ms 0/0; pruner busy 53% of a thread, lock held by it 2.0%
  window 3: lock duty 58.0% (max 60.0); holds/5s 2,114; longest hold 27.14 ms median, 29.92 ms max by crates/n42/tx-queue/src/lib.rs:2046 (most frequent holders [('crates/n42/tx-queue/src/lib.rs:2046', 5), ('crates/n42/tx-queue/src/lib.rs:2692', 1)]); lock wait 2500.3 ms/5s, longest 29.93 ms; drains/5s 931 of 16396 tx, mean 1576 us, max 20.73 ms
           prune (423 blocks): prune_ms 36/54; fold 0.7 ms, lock 0.0 ms, remove(hold) 9.7 ms, free 0.0 ms; frames_swept 400; coalesced on 423 of 423; prune_wait_ms 0/0; pruner busy 52% of a thread, lock held by it 1.5%
== loop348K21AQ: pruner (per block; busy = sum prune_ms / 30 s, lock = sum (remove_us + settle_us) / 30 s)
  window 1: 417 prunes; prune_ms 32/53; remove_us 9.2/18.6 ms; forget_us 2.8/5.6 ms; settle_us 3.0 ms; pruner busy 47% of a worker; lanes lock held for removal 21%
  window 2: 402 prunes; prune_ms 37/65; remove_us 10.5/22.5 ms; forget_us 3.1/6.0 ms; settle_us 3.7 ms; pruner busy 53% of a worker; lanes lock held for removal 24%
  window 3: 423 prunes; prune_ms 36/54; remove_us 9.7/20.5 ms; forget_us 3.2/5.3 ms; settle_us 3.4 ms; pruner busy 52% of a worker; lanes lock held for removal 22%
== loop348K21AQ: seal start / pull, prepared plan, answer, chunked drain
  window 1: 463 builds; start_best_ms 2/13; start_walk_us 0/0; start_pull_ms 0/0; par_pull_ms 0/0; par_start_ms 2/13; par_ms 52/92; sealed_at_ms 51/73; pull_bulk_us 6/9; pull_bulk_txs 200000/200000; plan_age_us 49426/101024; plan_prep_us 7226/13716; plan_topup_txs 0/0
           plan_ahead {'1': 463}; plan_discard {'': 463}
           answer: built-ahead bytes median/max 15,243/15,245, layout_only {'true': 463}; proposal sent bytes median/max 15,243/15,245, layout_only {'true': 463}
           drain: chunks/5s 836, chunk max 8,192 tx, finished by others/5s 52; plan_discards (last ingest line) -
  window 2: 456 builds; start_best_ms 5/16; start_walk_us 0/0; start_pull_ms 0/0; par_pull_ms 0/0; par_start_ms 5/16; par_ms 54/85; sealed_at_ms 54/76; pull_bulk_us 6/10; pull_bulk_txs 200000/200000; plan_age_us 51352/99966; plan_prep_us 7341/15322; plan_topup_txs 0/0
           plan_ahead {'1': 455, '0': 1}; plan_discard {'': 455, 'not_on_its_parent': 1}
           answer: built-ahead bytes median/max 15,245/15,245, layout_only {'true': 456}; proposal sent bytes median/max 15,245/15,245, layout_only {'true': 454}
           drain: chunks/5s 766, chunk max 8,192 tx, finished by others/5s 60; plan_discards (last ingest line) -
  window 3: 455 builds; start_best_ms 4/16; start_walk_us 0/0; start_pull_ms 0/0; par_pull_ms 0/0; par_start_ms 4/17; par_ms 54/83; sealed_at_ms 54/78; pull_bulk_us 5/8; pull_bulk_txs 200000/200000; plan_age_us 51483/99550; plan_prep_us 7059/12791; plan_topup_txs 0/0
           plan_ahead {'1': 455}; plan_discard {'': 455}
           answer: built-ahead bytes median/max 15,245/15,245, layout_only {'true': 455}; proposal sent bytes median/max 15,245/15,245, layout_only {'true': 455}
           drain: chunks/5s 776, chunk max 8,192 tx, finished by others/5s 56; plan_discards (last ingest line) -
== loop348K21AQ: persistence per window (ms per block = part sum / blocks persisted)
  window 1: persisted 459 of 464 produced (99%); total 32.0, sf_tx 28.8, sf_rcpt 6.6, sf_acct 13.2, sf_send 10.8, scope 28.9, qmdb 12.8, post 0.0, pre 3.1, plain_rev 3.1, commit_sf 0.7, commit_mdbx 0.1, commit_rocks 0.0; longest task sf_tx 28.8; in-memory 9 -> 7 (max 10); RSS 4.7 -> 26.7 G; lag 8 -> 8 = -1.0 blocks/min; bp max 0
  window 2: persisted 454 of 454 produced (100%); total 33.5, sf_tx 30.0, sf_rcpt 6.8, sf_acct 13.6, sf_send 11.1, scope 30.1, qmdb 13.9, post 0.0, pre 3.4, plain_rev 3.4, commit_sf 0.7, commit_mdbx 0.1, commit_rocks 0.0; longest task sf_tx 30.0; in-memory 7 -> 9 (max 10); RSS 26.7 -> 33.0 G; lag 8 -> 9 = +2.0 blocks/min; bp max 0
  window 3: persisted 456 of 455 produced (100%); total 35.4, sf_tx 31.7, sf_rcpt 6.6, sf_acct 13.7, sf_send 10.9, scope 31.8, qmdb 15.9, post 0.0, pre 3.6, plain_rev 3.6, commit_sf 0.8, commit_mdbx 0.1, commit_rocks 0.1; longest task sf_tx 31.7; in-memory 9 -> 8 (max 10); RSS 33.0 -> 40.4 G; lag 9 -> 9 = +0.0 blocks/min; bp max 0
  leg end: in-memory 6, max over the sampler 10, backpressure stalls 0
== loop348K21AQ: execution and root fields (median / p90 per block); over 1424 full builds: rename_fallbacks total 0, rename_record_waits total 0, carried_depth values ['1']
    folded lines 464: pending_max max 85 (median 71); pending_us_max max 25,596; drops_max max 74396
    flags: seal_on_counters true:463; freeze_pool_own true:463; plan_body 1:459/2:4; prep_from_plan false:4/true:459; plan_ahead 1:463; seal per 1,000 transfers 0.255 ms
  window 1 (463 builds): on-CPU share 1.00/1.00; CPU per transfer 3.04/3.79 us; sealed_at_ms 51/73; par_exec_ms 22/28; par_fold_ms 9/19; index_ms 14/22; par_start_ms 2/13; gap_before_exec_ms 8/44; state_wait_us 8,083/43,790; parent_fields_ms 4/19; roots_ms 30/42; seal_to_fields_us 50,103/64,023; seal_to_complete_us 110,630/127,133; rename_fallbacks 0/0; rename_record_waits 0/0; carried_depth 1/1; plan_body_us 16,493/21,251; batch_max_ms 9/13; tx_root_ms 1/1; sealed_ms 5/20
    folded lines 456: pending_max max 88 (median 74); pending_us_max max 24,776; drops_max max 38574
    flags: seal_on_counters true:456; freeze_pool_own true:456; plan_body 0:1/1:445/2:10; prep_from_plan false:11/true:445; plan_ahead 0:1/1:455; seal per 1,000 transfers 0.270 ms
  window 2 (456 builds): on-CPU share 1.00/1.00; CPU per transfer 2.98/3.66 us; sealed_at_ms 54/76; par_exec_ms 21/27; par_fold_ms 9/17; index_ms 14/19; par_start_ms 5/16; gap_before_exec_ms 6/48; state_wait_us 6,540/48,497; parent_fields_ms 4/23; roots_ms 32/48; seal_to_fields_us 52,212/66,455; seal_to_complete_us 112,295/130,699; rename_fallbacks 0/0; rename_record_waits 0/0; carried_depth 1/1; plan_body_us 18,472/21,967; batch_max_ms 8/12; tx_root_ms 1/1; sealed_ms 5/24
    folded lines 456: pending_max max 91 (median 74); pending_us_max max 15,303; drops_max max 36680
    flags: seal_on_counters true:455; freeze_pool_own true:455; plan_body 1:455; prep_from_plan true:455; plan_ahead 1:455; seal per 1,000 transfers 0.270 ms
  window 3 (455 builds): on-CPU share 1.00/1.00; CPU per transfer 3.04/3.62 us; sealed_at_ms 54/78; par_exec_ms 21/26; par_fold_ms 8/16; index_ms 14/18; par_start_ms 4/17; gap_before_exec_ms 9/45; state_wait_us 8,820/44,884; parent_fields_ms 7/23; roots_ms 33/49; seal_to_fields_us 52,664/67,721; seal_to_complete_us 114,108/134,233; rename_fallbacks 0/0; rename_record_waits 0/0; carried_depth 1/1; plan_body_us 12,862/17,207; batch_max_ms 8/12; tx_root_ms 1/1; sealed_ms 8/24
== loop348K21AQ: 4334 proposals; proposal -> quorum (leader's commit) median 14.8 / p90 44.0 / max 121.1 ms; proposal interval median 61.5 / p90 62.6 ms; TC formed lines 0; leader views timed out 0; ParentUnknown lines 0
   handover at view 1024: proposal intervals (view, ms) [(1023, 61), (1024, 139), (1025, 114), (1026, 61), (1027, 62)] against the median 61 ms
   handover at view 2048: proposal intervals (view, ms) [(2047, 62), (2048, 62), (2049, 62), (2050, 61), (2051, 62)] against the median 61 ms
   handover at view 3072: proposal intervals (view, ms) [(3071, 62), (3072, 62), (3073, 62), (3074, 61), (3075, 61)] against the median 61 ms
   handover at view 4096: proposal intervals (view, ms) [(4095, 61), (4096, 62), (4097, 62), (4098, 62), (4099, 62)] against the median 61 ms
     block 1025 (view 1024): sealed_at_ms 114, gap_before_exec_ms 24, parent_fields_ms 65, rename_fallbacks 0, rename_record_waits 0, carried_depth 1
     block 1026 (view 1025): sealed_at_ms 35, gap_before_exec_ms 8, parent_fields_ms 8, rename_fallbacks 0, rename_record_waits 0, carried_depth 1
     block 1027 (view 1026): sealed_at_ms 39, gap_before_exec_ms 4, parent_fields_ms 11, rename_fallbacks 0, rename_record_waits 0, carried_depth 1
     block 1028 (view 1027): sealed_at_ms 63, gap_before_exec_ms 8, parent_fields_ms 29, rename_fallbacks 0, rename_record_waits 0, carried_depth 1
flood span 95 s; tokio-rt threads alive throughout 34 of 76; group 9.7 cores busy over them (all threads incl. short-lived 12.7)
  per-thread cores busy, top 12: 0.63 0.60 0.59 0.58 0.58 0.57 0.57 0.57 0.56 0.56 0.56 0.55; threads over 0.9 core: 0, over 0.7: 0
== loop348K21AQ: 1374 full builds in the 3 windows
  par_exec_ms 22/27; par_run_ms 31/66; batch_start_skew_ms 16/20; batch_median_ms 4/5; batch_max_ms 8/12; batch_first_start_us 78/122; batch_last_start_us 17008/20813; batch_dispatch_us 214/302; batch_last_end_us 21895/27539; batches 128/128; batch_threads 32/32; batch_txs_max 2000/2000; batch_txs_min 1500/1500; start_walk_ms 0/0; start_walk_check_ms 0/0; par_start_ms 3/15; sealed_at_ms 53/76; prev_seal_to_answer_us 1784/3298; prev_seal_to_entry_us 0/0; prev_seal_to_header_us 196/310; prev_seal_to_import_us 123135/158506; prev_seal_to_request_us 1021/65638; prev_seal_to_start_us 1318/65863; start_walk_check_us 0/0; start_walk_ids_us 0/0; start_walk_settle_us 0/0; start_walk_us 0/0
  one_wave {'false': 1374}
  batches == batch_threads on 0 of 1374 builds
  last - first batch start (ms) median/p90 16.93/20.72; under 2 ms on 0 of 1374 builds
bodygate loop348K21AQ: invalid_blocks=0 gas_mismatch=0 fields_mismatches=0 own_not_committed=0 proposals_given_up=0
leg loop348K21AQG: /data free 515G (needs 120 G)
load 15.91 at 05:10:44, waiting
load 9.64 at 05:11:14, waiting
plan loop348K21AQG: exit 0 (21 validators, 1 layer(s)): # validators 21, execution layers 1, 192 CPUs a layer, import-once 1, shared 1; # validators : 32 CPUs set aside, taskset -c 96-111,224-239; # fleet    : 21 nodes, quorum 15 of 21 (f = 6); 0 refusals
leg loop348K21AQG start 05:11:45 load 5.84
round loop348K21AQG exit 0 at 05:14:45
loop348K21AQG save stages (node0, seconds summed over the leg / count): batch_size=1914.0/627  batch_size=1914.0/627  reth_consensus_engine_beacon_persistence_duration=60.3/627  duration_seconds=55.4/627  total=50.7/627  scope=45.4/627  sf=44.0/627  sf_transactions=43.8/627  qmdb_persisted=26.6/627  sf_account_changesets=20.3/627
el binary: /data/n42-build/target-n42-rs/native/release/n42 env: N42_IMPORT_ONCE=1 N42_SETTLEMENT_TAGS=legacy N42_BUILD_THROTTLE_SOFT=48 F7_EL_MAP=0,0,0,0,0,0,0,0,0,0,0,0,0,0,0,0,0,0,0,0,0 N42_FIELDS_AT_SEAL=1 N42_FREEZE_AFTER_SEAL=1 N42_FRAME_BLOCKS=1 N42_TX_INGEST_RECOVER_PARALLEL=24 N42_FREEZE_POOL=own N42_PARALLEL_BUILD_THREADS=32 N42_PLAN_AHEAD=1 N42_HASHED_TABLES=off F7_FLOOD_RATE=6000000 N42_COMPACT_BODY=1 N42_BUILD_BATCHES=128 MALLOC_CONF=thp:always,oversize_threshold:0,dirty_decay_ms:2000,background_thread:true N42_SEAL_ON_COUNTERS=1 N42_ACCOUNT_HISTORY=off N42_TAKE_COMPACT=1 N42_SF_EARLY_WRITEBACK=1 F7_VAL_NO_MALLOC_CONF=1 N42_ROAD_RUNTIME=1 N42_TX_INGEST_HIGH_WATER=2500000 F7_BENCH_POOL_SLOTS=3000000 N42_PLAN_AHEAD_BODY=1 N42_SEAL_AT_EXEC=1 N42_TX_QUEUE_DRAIN_CHUNK=8192 N42_ANSWER_LAYOUT_ONLY=1 N42_PULL_BY_FRAMES=1 N42_SF_PARALLEL_ENCODE=1 N42_BUILD_THROTTLE_HARD=80 N42_LIVE_INDEX_DEFER=1 RAYON_NUM_THREADS=16 F7_VAL_CPUS=32 N42_ROOT_OPS_AHEAD=1 TOKIO_WORKER_THREADS=16 N42_QMDB_READS=on N42_LEADER_LAYERS=3 N42_PERSIST_QMDB_IN_SCOPE=1 F7_BLOCK_INTERVAL_MS=60 F7_MEASURE_FROM_LOG=1
validator env: N42_IMPORT_ONCE=1 N42_SETTLEMENT_TAGS=legacy N42_BUILD_THROTTLE_SOFT=48 F7_EL_MAP=0,0,0,0,0,0,0,0,0,0,0,0,0,0,0,0,0,0,0,0,0 N42_FIELDS_AT_SEAL=1 N42_FREEZE_AFTER_SEAL=1 N42_FRAME_BLOCKS=1 N42_TX_INGEST_RECOVER_PARALLEL=24 N42_FREEZE_POOL=own N42_PARALLEL_BUILD_THREADS=32 N42_PLAN_AHEAD=1 N42_HASHED_TABLES=off F7_FLOOD_RATE=6000000 N42_COMPACT_BODY=1 N42_BUILD_BATCHES=128 N42_SEAL_ON_COUNTERS=1 N42_ACCOUNT_HISTORY=off N42_TAKE_COMPACT=1 N42_SF_EARLY_WRITEBACK=1 N42_ROAD_RUNTIME=1 N42_TX_INGEST_HIGH_WATER=2500000 F7_BENCH_POOL_SLOTS=3000000 N42_PLAN_AHEAD_BODY=1 N42_SEAL_AT_EXEC=1 N42_TX_QUEUE_DRAIN_CHUNK=8192 N42_ANSWER_LAYOUT_ONLY=1 N42_PULL_BY_FRAMES=1 N42_SF_PARALLEL_ENCODE=1 N42_BUILD_THROTTLE_HARD=80 N42_LIVE_INDEX_DEFER=1 RAYON_NUM_THREADS=16 F7_VAL_CPUS=32 N42_ROOT_OPS_AHEAD=1 TOKIO_WORKER_THREADS=16 N42_QMDB_READS=on N42_LEADER_LAYERS=3 N42_PERSIST_QMDB_IN_SCOPE=1 F7_MEASURE_FROM_LOG=1
loop348K21AQG once: start-up lines import_once=true 1; last direct-import counters 
loop348K21AQG imports: layers=1 direct_imports=0 canonical_blocks=3970 import_once_lines=1 (per layer: direct imports should equal canonical blocks for one execution per block)
grep: /data/blockchain/rust-fleet7-bench/node1/el.log: No such file or directory
grep: /data/blockchain/rust-fleet7-bench/node2/el.log: No such file or directory
grep: /data/blockchain/rust-fleet7-bench/node3/el.log: No such file or directory
grep: /data/blockchain/rust-fleet7-bench/node1/el.log: No such file or directory
grep: /data/blockchain/rust-fleet7-bench/node2/el.log: No such file or directory
grep: /data/blockchain/rust-fleet7-bench/node3/el.log: No such file or directory
cat: /data/blockchain/rust-fleet7-bench/node2/el.log: No such file or directory
cat: /data/blockchain/rust-fleet7-bench/node2/el.log: No such file or directory
cat: /data/blockchain/rust-fleet7-bench/node2/el.log: No such file or directory
cat: /data/blockchain/rust-fleet7-bench/node1/el.log: No such file or directory
cat: /data/blockchain/rust-fleet7-bench/node2/el.log: No such file or directory
cat: /data/blockchain/rust-fleet7-bench/node3/el.log: No such file or directory
Traceback (most recent call last):
  File [35m"<stdin>"[0m, line [35m4[0m, in [35m<module>[0m
[1;35mIndexError[0m: [35mlist index out of range[0m
loop348K21AQG no_variant=0 own_not_committed=0 tc=0 invalid_blocks=0 incomplete=0 gas_mismatch=0 direct_imports_failed=0 stuck_at_hashed_state=0 engine_idles_over_5s=1 proposals_given_up=0 tables_off_nodes=1 unanswered_reads=0 seal_first_total=1415 seal_first_direct=1415 direct_guard_errors=0 commit_ms_median=0 fold_ms_median=7 sealed_at_ms_median=55 state_ready_ms_median=101 build_total_ms_median=180 recover_us_median=0 par_exec_ms_median=21 par_exec_ms_median=21 giveback_filtered=0 giveback_offered_max=200000 seal_first=1415 reader_lag_max=10 reader_lag_warns=0 view_invalidated=0 el_sum_peak_g=41.9 el_max_peak_g=41.9 val_sum_peak_g=5.8 flood_peak_g=0.6 two_roads_blocks=0 two_roads_overlap_ms_median=- exec_on_output_declined=0 r1_collect_ms_median=7 proposal_at_ms_median=46 view_total_ms_median=61 import_exec_ms_median=- import_total_ms_median=- import_senders_ms_median=- import_convert_ms_median=- import_groups_median=- imports_over_600ms=0 min_avail_g=70.0 road_foreign_body_recv_ms=- road_foreign_body_decode_ms=- road_foreign_body_senders_ms=- road_foreign_body_parent_wait_ms=- road_foreign_body_check_ms=- road_foreign_body_total_ms=- road_new_payload_recv_ms=- road_new_payload_decode_ms=- road_new_payload_senders_ms=- road_new_payload_parent_wait_ms=- road_new_payload_check_ms=- road_new_payload_total_ms=- road_foreign_body_blocks=0 road_new_payload_blocks=0 fcu_answered=1832 fcu_in_flight_ms_median=0 fcu_queued_ms_median=0 fcu_queued_ms_max=97 fcu_refused=0 fcu_slow=2284 bodies_held=0 road_reuse_ms=- road_prepare_ms=- road_dispatch_ms=- road_convert_ms=- road_remember_ms=- road_header_ms=- road_fields_ms=- road_other_ms=- import_engine_ms_median=- gate_forced=0 gate_warns=0 flood_timeouts=0 canonical_min=4042 canonical_max=4042 chained_builds=2539 chain_lead_ms_median=57 chain_wait_ms_median=0 chain_started=2542 chain_discarded=1 chain_discard_reasons=_1_reason="no_,_1_reason="the_execution_layer_produced_nothing chain_alias_warns=0 el_chained=2564 bodies_held_warns=0 el_build_refused=2 el_build_refused_reasons=_2_no_QMDB_tree_for_parent_block_0x queued_p5=2316000 queued_p50=2450500 road_compact_blocks=0 road_compact_recv_ms=- road_compact_assemble_ms=- road_compact_root_ms=- road_compact_miss_wait_ms=- road_compact_senders_ms=- road_compact_check_ms=- road_compact_other_ms=- road_compact_total_ms=- road_compact_misses_total= compact_refused_el=0 compact_fallbacks=0 compact_bytes_median=- pool_order9=14457 par_pull_ms_median=0 build_total_ms_median2=57 road_compact_filled_blocks=0 road_compact_filled_median=- road_compact_fill_ms_median=- need_txns=0 fill_failed=0 ingest_rate_gate_open_median=- ingest_gate_open_intervals=0 ingest_slots_busy_median=- flood_rate= fill_asked_proposer=0 fill_asked_other=0 loop_lines=2909 loop_unnamed_ms_median=44 loop_body_served_ms_median=- loop_txns_served_ms_median=- import_exec_ms_median2=- pip_partition_ms=- pip_env_ms=- pip_batch_ms=- pip_groups_ms=- pip_gas_ms=- pip_merge_ms=- pip_receipts_ms=- pip_drop_ms=- pip_other_ms=- pip_total_ms=- senders_indexed_median=- road_senders_ms_median=- road_total_ms_median=- pew_ms_median=- pew_ms_p90= gate_ms_median=- gate_ms_p90= root_ms_p50=- root_ms_p90= two_roads=0 not_on_output=0 not_on_output_why= ckpt_ms_first_q=2 ckpt_ms_last_q=55 ckpt_bytes_last=33492684 parent_still_importing=7 root_wait_ms_p50=- root_wait_ms_p90= tenures_low_seal=22 seal_first_share=0.99 empty_over_deep=0 near_empty_warns=0 no_seal_why= par_skipped_median=- usable_p5=2315500 ckpt_replay_ms_last_q=15 candidates_zero=0 dropped_ingest=0 let_go_warns=0 let_go_reasons= parked_p50=0 parked_max=0 held_warns=0 park_capped_total=0 superseded_builds=0 empty_not_superseded=0 mass_park_warns=0 heads_lines=0 holes_lines=0 stale_parent_refusals=0 par_groups_p5=0 cancelled_decided=1 heads_nonce0=0 stale_unconfirmed= handovers=7 el_panics=0 decided_cancelled=1 min_window_blocks=448 road_desc_blocks=0 road_desc_total_ms=- road_desc_copy_ms=- desc_misses=0 fill_failed2=0 sf_par_collect_ms=0 sf_par_commit_ms=0 sf_par_fold_ms=7 sf_par_graft_ms=0 sf_par_prefault_ms=0 sf_par_exec_ms=21 sf_sealed_at_ms=55 sf_roots_ms=35 sf_state_ready_ms=101 sf_total_ms=180 ba_find_ms=0 ba_queue_ms=0 ba_total_ms=57 ba_on_output=1415 queue_fold_us=0 queue_lock_us=131 sf_par_exec_ms=21 sf_par_fold_ms=7 pip_groups_ms=- import_exec_ms_median2=- reads_d0=0 reads_hist=0 f_reads_d0=- f_reads_hist=- f_overlay_depth=- L_read_set_ms=0 read_set_accounts=0 read_set_unresolved=0 read_set_hits=0 read_set_misses=0 start_best_ms=- par_prep_ms=- gap_before_exec_ms=- gap_after_exec_ms=- gap_before_seal_ms=- index_ms=- road_copy_aside_ms=- road_copy_wait_ms=- road_total_ms=- queue_first_miss=queue_first_miss=0:2542,queue_first_miss=18446744073709551615:1425 root_append_behind=0 populate_lag_mb=0 swap_used_g=0 root_faults=- root_faults_p90= root_faults_entries=0 root_faults_offsets=0 root_faults_index=0 root_faults_bits=0 root_faults_twigs=0 root_faults_undo=0 root_faults_tmp=0 root_append_faults=0 root_twig_pool_misses=0 batch_max_ms=8 batch_min_ms=2 batch_median_ms=4 batch_cpu_max_ms=8 batch_txs_max=2000 batch_txs_min=1500 batch_start_skew_ms=16 batch_wait_ms=0 loop_fetch_ns=0 loop_check_ns=0 loop_transfer_ns=0 loop_receipt_ns=0 loop_gas_ns=0 loop_sink_ns=0 loop_other_ns=0 batch_setup_ns=0 batch_close_ns=0 imp_exec_part_ms=- imp_exec_batches_ms=- imp_exec_graft_ms=- imp_exec_batches=- imp_exec_threads=- imp_exec_batch_max_ms=- imp_exec_batch_median_ms=- imp_parent_output_wait_ms=- road_parent_output_wait_ms=- next_start_gap_ms=1 next_entry_gap_ms=0 commit_body_ahead_used=- imp_exec_keys_ms=- imp_keys_ahead=- imp_exec_sink_ms=- imp_exec_pre_ms=- imp_exec_post_ms=- imp_exec_receipts_ms=- imp_exec_drop_ms=- root_gap_ms=- queue_whole=queue_whole=false:2542,queue_whole=true:1425 tick_tick_late_us=993 tick_preamble_us=344 tick_take_sealed_us=3 tick_sign_us=1 tick_cache_us=0 tick_presealed=- tick_describe_us=21 tick_publish_us=612 tick_tick_to_send_us=2036 road_check_ms=- road_check_include_us=- road_check_scan_us=- road_check_fold_us=- road_check_senders_us=- road_check_frames_summarized=- road_check_frames_scanned=- imp_exec_start_gap_us=- imp_gap_road_us=- imp_gap_header_us=- imp_gap_senders_us=- imp_gap_parent_us=- imp_gap_setup_us=- imp_gap_keys_wait_us=- sealed_at_p90= sealed_over_130=0 roots_ms=- cycle_p90= batch_max_ms=- batch_median_ms=- imp_batch_max=- forest_lock_warns=1691 root_seal_ms=1 root_seals=39 root_majflt=4036 roots_p90= gp_layer=1424 ggp_missing=271 state_wait_split=0/0/0/0:428,8/0/0/0:86,9/0/0/0:66 qmdb_releases=0 state_wait_on= imp_road_end_ms=- imp_exec_start_ms=- imp_exec_end_ms=- imp_root_end_ms=- imp_fields_ready_ms=- imp_parent_fields_wait_ms=- imp_exec_ms=- imp_root_ms=- imp_checks_ms=- imp_engine_ms=- imp_total_ms=- road_parent_fields_wait_ms=- exec_read_ms=0 L_exec_evm_ms=0 L_exec_write_ms=0 L_exec_other_ms=0 L_reads_cache=0 L_reads_provider=0 L_reads_view=0 L_graft_base_ms=0 L_graft_reserve_ms=0 L_graft_insert_ms=0 L_graft_reverts_ms=0 L_graft_other_ms=0 L_par_exec_ms=21 L_par_graft_ms=0 F_exec_read_ms=- F_exec_evm_ms=- F_exec_write_ms=- F_exec_other_ms=- F_reads_cache=- F_reads_provider=- F_reads_view=- F_groups_ms=- L_tx_root_wait_ms=0 L_par_exec_ms=21 L_par_graft_ms=0 L_par_fold_ms=7 L_sealed_ms=10 L_state_ready_ms=101 L_roots_ms=35 L_finish_ms=109 L_total_ms=180 L_setup_ms=0 L_par_pull_ms=0 L_give_back_ms=0 L_state_wait_ms=7 L_state_after_pull=1415 L_seal_at_exec=1415 L_tx_root_ahead=0 flood_w1=3109025 txs_p10=200000 acq_us=482 slots_busy=13 ingest_rate=3075884 L_scope_join_ms=0 L_par_release_ms=0 L_commit_body_ms=0 L_par_commit_ms=0 L_give_back_ms=0 L_sealed_ms=10 L_par_exec_ms=21 L_state_wait_ms=7 L_par_pull_ms=0 L_par_prep_ms=0 L_par_start_ms=4 L_pre_exec_ms=0 L_par_run_ms=30 L_sealed_at_ms=55 F_partition_ms=- F_env_ms=- F_groups_ms=- F_merge_ms=- F_reverts_wait_ms=- F_ahead_wait_ms=- F_total_ms=- I_engine_ms=- I_root_ms=- I_total_ms=- H_engine_remember_ms=- H_engine_listing_ms=- H_engine_new_payload_ms=- busy_us=1 L_par_start_ms=4 L_start_handoff_ms=0 L_start_best_ms=4 L_start_puller_ms=0 L_par_pull_ms=0 L_par_prep_ms=0 L_state_wait_ms=7 L_par_exec_ms=21 L_par_commit_ms=0 L_sealed_ms=10 L_sealed_at_ms=55 L_par_graft_ms=0 L_graft_insert_ms=0 L_graft_reverts_ms=0 L_graft_split_us=0 L_graft_build_us=0 L_graft_merge_us=0 L_state_ready_ms=101 Q_queue_ms=0 R_dispatch_wait_ms=- R_total_ms=- R_road_runtime=1 gate_holds=0 peer_fetch=0 pool_limit=limit=4 gate_opened=gate_opened_for_block=0 I_root_ms=- flood_rate_hdr=rate=6000000/s fills=0 fill_waited=- slots_busy=13 acq_us=482 busy_us=1 converged=0 fallbacks=0 busy_us=1 recover_us=0 tf_on_output=3 tf_fallback=0 still_importing=7 busy_us=1 slots_busy=13 batches=altsig_txs=0 altsig_batches=0 tf_on_output=3 tf_fallback=0 gate_holds=0 sign_s=sign 0s replay_note=replay       : 64 files from /data/n42-pregen/g900000-400m, 400000000 transactio sign_s=sign 0s shard=shard_verified=0 shard_claimed=0 road_verified=- slots_busy=13 gate_us=7320 reply_us=7887 queued=2450500 assemble_ms=- road_take_ms=- road_body_ms=- road_encode_ms=- shards=16 shard_insert_ms=0 shard_wait_ms=0 shard_fold_ms=14 shard_append_ms=16 shard_merge_ms=60 state_ready_ms=101 roots_ms=35 exec_read_ms=0 exec_evm_ms=0 exec_write_ms=0 exec_other_ms=0 reads_cache=0 reads_provider=0 reads_view=0 par_run_ms=30 fold_task_cpu_max_us=13862 fold_task_minflt_max=1 fold_task_minflt_sum=1 fold_task_migrated=0 fold_task_nivcsw_max=0 fold_index=1 fold_index_build_ms=13 fold_index_conflicts=8406 fold_queue_us=61 fold_skew_us=38 fold_task_max_us=13860 fold_tail_us=19 start_best_ms=4 start_select_ms=0 start_walk_ms=0 start_walk_check_ms=0 start_best_other_ms=0 start_frames_by_ref=0 start_frames_slow=0 start_pull_ms=0 start_other_ms=0 start_handoff_ms=0 par_start_ms=4 par_prep_ms=0 par_commit_ms=0 commit_body_ms=0 par_fold_ms=7 sealed_ms=10 copy_ms=- prune_ms=0 frames=- frames_missing=- frame_root_ms=- root_ms=- frames_admitted=frames_admitted=565554 frames_unaligned=0 frame_root_indexed=- seal_layout_ms=0 seal_root_ms=0 attested= busy_us=1 slots_busy=13 reply_us=7887 prune_ms=0 body_refused=0 body_failed_late=0
loop348K21AQG win1 tps=3,066,667 txs=92,000,000 blocks= 460 cycle=0.065s occupancy=100.0% full(>=95%)=460/460 basefee=n/a (from the layer's log)
loop348K21AQG win2 tps=3,073,333 txs=92,200,000 blocks= 461 cycle=0.065s occupancy=100.0% full(>=95%)=461/461 basefee=n/a (from the layer's log)
loop348K21AQG win3 tps=2,986,667 txs=89,600,000 blocks= 448 cycle=0.067s occupancy=100.0% full(>=95%)=448/448 basefee=n/a (from the layer's log)
loop348K21AQG tps=3,066,667 round_txs=273800000 cycles_w1=
loop348K21AQG imp_fields_p90= b_p75=11
loop348K21AQG overlay: filter_skips=0 probes=0 ratio=- (ratio = skips/(skips+probes))
loop348K21AQG overlay_manager:       1 state_trie_overlay=false  state-ovly_cpu=0
loop348K21AQG verify: written to /data/blockchain/rust-fleet7-bench/bench-loop348K21AQG/verify.json
== validator memory at flood +70 s (loop348K21AQG)
validators 21: RSS sum 4.6 G, max 0.23 G, mean 0.22 G; threads 1155 (mean 55)
one validator (pid 603912):
VmHWM:	  217124 kB
VmRSS:	  217124 kB
RssAnon:	  201404 kB
RssFile:	   15720 kB
RssShmem:	       0 kB
Threads:	55
Rss:              217128 kB
Private_Dirty:    201408 kB
Anonymous:        201408 kB
AnonHugePages:         0 kB
threads by name:
     49 h2_validator
      4 tokio-rt-worker
      1 n42-qmdb-prefau
      1 futures-timer
largest mappings by Rss:
29368  766fbf300000-766fc3200000
24872  766fbcf80000-766fbea00000
22428  766fc3600000-766fc9200000
19520  766fd3b00000-766fd5000000
18340  766fd2800000-766fd3a00000
12360  766fbab00000-766fbbe00000
12344  766fcfc00000-766fd0a00000
11820  766fbbf00000-766fbce00000
RSS of all validators, sorted:
min 216.572 MB median 220.416 MB max 233.42 MB
== many-keys report loop348K21AQG
== loop348K21AQG: 21 validator logs, f=6, quorum 15
1. the leaders' commit lines
  R1_collect (proposal -> prepare QC): n=4333 p50 7.0 p90 39.0 p99 86.0 max 5752.0 ms
  R2_collect (prepare QC -> commit QC): n=4333 p50 6.0 p90 7.0 p99 13.0 max 18.0 ms
  total (proposal -> commit): n=4333 p50 61.0 p90 78.0 p99 137.0 max 5832.0 ms
  votes at formation: R1 median 15 max 15 (quorum 15); R2 median 15 max 15
2. vote collection at the traced leaders (first vote -> quorum -> last vote)
 R1 (vote), 3071 views:
    proposal -> first vote: n=3071 p50 4.2 p90 43.9 p99 87.2 max 150.0 ms
    first vote -> quorum: n=3071 p50 1.2 p90 2.2 p99 3.2 max 5740.8 ms
    quorum -> last vote: n=3071 p50 3.1 p90 3.5 p99 9.2 max 44.9 ms
    proposal -> last vote (the slowest key): n=3071 p50 8.2 p90 47.8 p99 91.9 max 5753.1 ms
   views with fewer than 20 votes received: 0
 R2 (commit_vote), 3071 views:
    proposal -> first vote: n=3071 p50 10.6 p90 51.0 p99 95.6 max 5757.4 ms
    first vote -> quorum: n=3071 p50 1.4 p90 2.3 p99 2.9 max 5.8 ms
    quorum -> last vote: n=3071 p50 5.0 p90 6.4 p99 15.4 max 61.4 ms
    proposal -> last vote (the slowest key): n=3071 p50 16.8 p90 57.7 p99 105.8 max 5764.5 ms
   views with fewer than 20 votes received: 0
3. the straggler rule and the loop
  proposal interval (same leader, consecutive views): n=4328 p50 61.5 p90 62.6 p99 102.0 max 5764.0 ms; >= 500 ms: 1
  no `slow step` lines
4. gossip propagation (proposal sent -> received at a traced follower)
    proposal arrival delay: n=9928 p50 0.5 p90 0.9 p99 1.3 max 10.0 ms
4b. the new fields (docs/E1_MANY_KEYS.md section 6), leaders' `block committed!` and `proposal sent` lines
    verify_us: n=4333 p50 4737.0 p90 5455.0 p99 5846.0 max 6273.0 us
    verify_n: n=4333 p50 33.0 p90 38.0 p99 41.0 max 44.0 
    verify_batches: n=4333 p50 3.0 p90 3.0 p99 3.0 max 4.0 
  verify_fallbacks: total 0 over 4333 blocks
    inbound_queue_max: n=4333 p50 13.0 p90 19.0 p99 20.0 max 41.0 
    gossip_poll_us: n=4333 p50 2157.0 p90 2788.0 p99 3747.0 max 7060.0 us
  straggler_waits (cumulative per leader log, summed over 5 leaders): 1; waits with straggler_wait_us > 0: 1 of 4333 proposals, p50 88.8 p90 88.8 max 88.8 ms, total 0.09 s
  direct votes at the leaders: received 0 (duplicates dropped 0); sent by those nodes 0, fallbacks to gossip 0; leaders led 4333 views = 173320 vote messages expected (2 rounds x 20); direct share of those 0.0%
5. validators
validators n=21: cpu total 5.58 cores, per key mean 0.266 median 0.265 max 0.311 (key 1) min 0.230; rss per key peak mean 0.276 max 0.293 G, sum of peaks 5.8 G; threads per key mean 55, total 1155
libp2p connections (last census of 5): 414 in all (a full mesh of 21 is 210); sockets per process min 18 median 20 max 20
== loop348K21AQG  (E=1: seven validator keys on one execution layer)
  window 1: canonical 461 blocks, 92.2M tx = 3,073,333/s (100.0% of window 1), full 460/461 (100%); cycle mean/median/p90 65.1/61.5/73.3 ms
    leader builds 460: sealed_at median/p90/p99 53/73/107; phases median/p90 ms: gap_before_exec 8/43, state_wait 8/42, par 54/89, par_exec 21/28, roots 33/47, parent_fields 6/24, sealed 8/25
    state_wait_on {'output': 246, 'none': 123, 'grandparent': 90, 'open': 1}; builds with state_wait > 20 ms: 103 ([('grandparent', 78), ('output', 25)]); gp_layer {1.0: 460}, ggp_missing {0.0: 366, 1.0: 94}
    queue at the builds min/median 1,542,500/2,517,500
    new field batch_cpu_sum_us: median/p90/max 580578.5/814909.0/1680493, nonzero 460
    new field batch_dispatch_us: median/p90/max 211.5/307.0/441, nonzero 460
    new field batch_first_start_us: median/p90/max 79.0/116.0/206, nonzero 460
    new field batch_ivcsw: median/p90/max 1.0/7.0/25, nonzero 263
    new field batch_last_end_us: median/p90/max 21115.5/28443.0/57997, nonzero 460
    new field batch_last_start_us: median/p90/max 16496.5/22092.0/49715, nonzero 460
    new field batch_live_deferred: median/p90/max 73.0/81.0/89, nonzero 460
    new field batch_live_lock_hold_us: median/p90/max 10020.5/11992.0/16010, nonzero 460
    new field batch_live_lock_wait_us: median/p90/max 0.0/0.0/0, nonzero 0
    new field batch_live_lock_waits: median/p90/max 0.0/0.0/0, nonzero 0
    new field batch_majflt: median/p90/max 0.0/0.0/0, nonzero 0
    new field batch_minflt: median/p90/max 721.5/10157.0/27089, nonzero 460
    new field batch_open_max_us: median/p90/max 409.5/494.0/3435, nonzero 460
    new field batch_open_sum_us: median/p90/max 9984.0/12587.0/18796, nonzero 460
    new field batch_threads: median/p90/max 32.0/32.0/32, nonzero 460
    new field batch_vcsw: median/p90/max 173.5/511.0/896, nonzero 460
    new field batch_view_index_wait_us: median/p90/max 0.0/22994.0/65850, nonzero 108
    new field batch_view_index_waits: median/p90/max 0.0/297.0/648, nonzero 108
    new field batch_view_slot_wait_us: median/p90/max 0.0/2010.0/4630, nonzero 114
    new field batch_view_slot_waits: median/p90/max 0.0/57.0/184, nonzero 114
    new field batch_wall_sum_us: median/p90/max 590097.5/818527.0/1682571, nonzero 460
    new field batches: median/p90/max 128.0/128.0/128, nonzero 460
    new field build_batches: median/p90/max 128.0/128.0/128, nonzero 460
    new field carried_depth: median/p90/max 1.0/1.0/1, nonzero 460
    new field exec_end_to_seal_us: median/p90/max 90.0/144.0/365, nonzero 460
    new field exec_partition_us: median/p90/max 6.0/9.0/1347, nonzero 460
    new field exec_prepared_groups: {'true': 459, 'false': 1}
    new field exec_prepared_slots: {'true': 459, 'false': 1}
    new field exec_slots_us: median/p90/max 0.0/0.0/1185, nonzero 3
    new field freeze_join_wait_us: median/p90/max 7221.0/16938.0/36617, nonzero 460
    new field freeze_late: {'true': 460}
    new field freeze_pool_own: {'true': 460}
    new field live_index_defer: {'true': 460}
    new field merge_accounts: median/p90/max 191649.5/195126.0/198894, nonzero 460
    new field merge_append_us: median/p90/max 3420.0/6944.0/17807, nonzero 460
    new field merge_early: {'false': 460}
    new field merge_join_wait_us: median/p90/max 0.0/0.0/0, nonzero 0
    new field merge_reverts: median/p90/max 191649.5/195126.0/198894, nonzero 460
    new field merge_reverts_us: median/p90/max 15937.0/21891.0/35314, nonzero 460
    new field merge_state_us: median/p90/max 38819.5/46648.0/63431, nonzero 460
    new field merge_tail_us: median/p90/max 0.0/0.0/1, nonzero 3
    new field merge_threads: median/p90/max 1.0/1.0/1, nonzero 460
    new field one_wave: {'false': 460}
    new field open_engine_us: median/p90/max 0.0/35342.0/78409, nonzero 94
    new field open_fallback: {'false': 366, 'true': 94}
    new field open_keep_us: median/p90/max 6.0/11.0/24, nonzero 460
    new field open_kept_accounts: median/p90/max 574959.5/582903.0/589230, nonzero 460
    new field open_layers: median/p90/max 3.0/3.0/3, nonzero 460
    new field open_provider_us: median/p90/max 96.0/170.0/432, nonzero 460
    new field plan_age_us: median/p90/max 51141.0/98508.0/137494, nonzero 460
    new field plan_ahead: median/p90/max 1.0/1.0/1, nonzero 460
    new field plan_body: median/p90/max 1.0/1.0/2, nonzero 460
    new field plan_body_us: median/p90/max 16928.0/19510.0/27966, nonzero 459
    new field plan_discard: {'': 460}
    new field plan_prep_us: median/p90/max 6875.5/12364.0/26807, nonzero 460
    new field plan_topup_txs: median/p90/max 0.0/0.0/0, nonzero 0
    new field prep_from_plan: {'true': 459, 'false': 1}
    new field prev_seal_to_answer_us: median/p90/max 1756.5/3007.0/5665, nonzero 460
    new field prev_seal_to_entry_us: median/p90/max 0.0/0.0/0, nonzero 0
    new field prev_seal_to_header_us: median/p90/max 195.5/320.0/795, nonzero 460
    new field prev_seal_to_import_us: median/p90/max 122960.5/157677.0/213978, nonzero 419
    new field prev_seal_to_request_us: median/p90/max 1022.0/64909.0/90044, nonzero 460
    new field prev_seal_to_start_us: median/p90/max 1317.0/65175.0/90280, nonzero 460
    new field pull_bulk_txs: median/p90/max 200000.0/200000.0/200000, nonzero 460
    new field pull_bulk_us: median/p90/max 5.0/8.0/1127, nonzero 460
    new field receipts_late: {'false': 460}
    new field receipts_late_wait_us: median/p90/max 0.0/0.0/0, nonzero 0
    new field rename_fallbacks: median/p90/max 0.0/0.0/0, nonzero 0
    new field rename_record_waits: median/p90/max 0.0/0.0/0, nonzero 0
    new field root_apply_gap_us: median/p90/max 10.0/13.0/24, nonzero 460
    new field root_apply_total_us: median/p90/max 21649.5/31117.0/48802, nonzero 460
    new field root_compute_us: median/p90/max 23794.5/35744.0/50888, nonzero 460
    new field root_delta_us: median/p90/max 1208.5/3613.0/11788, nonzero 460
    new field root_index_us: median/p90/max 3013.5/7030.0/22019, nonzero 460
    new field root_leaves_us: median/p90/max 7304.0/12020.0/23753, nonzero 460
    new field root_note_us: median/p90/max 148.0/217.0/1545, nonzero 460
    new field root_ops_ahead: {'true': 460}
    new field root_ops_ahead_wait_us: median/p90/max 3612.5/11186.0/28777, nonzero 459
    new field root_ops_concat_us: median/p90/max 0.0/0.0/0, nonzero 0
    new field root_ops_encode_us: median/p90/max 5948.0/10756.0/27642, nonzero 460
    new field root_ops_finish_us: median/p90/max 2352.0/3156.0/7889, nonzero 460
    new field root_ops_sort_us: median/p90/max 3734.5/7943.0/19577, nonzero 460
    new field root_ops_us: median/p90/max 6198.0/13918.0/31804, nonzero 460
    new field root_rehash_us: median/p90/max 1412.5/1883.0/15225, nonzero 460
    new field root_retire_us: median/p90/max 1527.0/2670.0/7856, nonzero 460
    new field root_sort_us: median/p90/max 198.0/451.0/3664, nonzero 460
    new field root_undo_us: median/p90/max 352.5/681.0/3782, nonzero 460
    new field root_writes_us: median/p90/max 6954.5/10378.0/29477, nonzero 460
    new field seal_hashes_ahead: {'true': 460}
    new field seal_on_counters: {'true': 460}
    new field seal_to_complete_us: median/p90/max 112281.0/131363.0/148638, nonzero 460
    new field seal_to_frozen_us: median/p90/max 7218.5/16924.0/36556, nonzero 295
    new field seal_to_merge_end_us: median/p90/max 112190.5/131259.0/148516, nonzero 460
    new field seal_to_merge_start_us: median/p90/max 51942.0/65336.0/88103, nonzero 460
    new field seal_to_ops_ahead_us: median/p90/max 21484.5/33297.0/52195, nonzero 460
    new field seal_to_shards_ready_us: median/p90/max 13925.0/21240.0/40518, nonzero 460
    new field seal_to_state_ready_us: median/p90/max 112198.5/131267.0/148530, nonzero 460
    new field sealed_unix_us: median/p90/max 1791450803469044.0/1791450815824994.0/1791450818709470, nonzero 460
    new field start_walk_check_us: median/p90/max 0.0/0.0/0, nonzero 0
    new field start_walk_ids_us: median/p90/max 0.0/0.0/0, nonzero 0
    new field start_walk_settle_us: median/p90/max 0.0/0.0/0, nonzero 0
    new field start_walk_us: median/p90/max 0.0/0.0/0, nonzero 0
    new field state_wait_us: median/p90/max 8253.0/42640.0/86568, nonzero 460
    new field view_journal_reads: median/p90/max 0.0/77824.0/159744, nonzero 212
    new field view_journal_searches: median/p90/max 0.0/214231.0/476037, nonzero 212
    new field view_journal_skips: median/p90/max 0.0/0.0/0, nonzero 0
    new field whole_take_noted: {'true': 460}
    binding wait (tick / quorum / seal share, mean cycle): tick 98% (64); quorum 2% (110); seal 1% (70); feed-bound (blocks under 95% of the tier): 1 of 461
    slowest key vote delay median/p90 17.8/59.6 ms
    engine own-import total_ms per block median/p90/max 37/59/92 (n=460)
    layer RSS 4.7 -> 27.5 G (max 27.5), in-memory blocks max 11
    execution layer cores busy 34.4    validators cores busy 5.5
    flood delivered (median per 5 s over the leg) 3,108,218/s
  window 2: canonical 461 blocks, 92.2M tx = 3,073,333/s (100.0% of window 1), full 461/461 (100%); cycle mean/median/p90 65.8/61.7/83.8 ms
    leader builds 463: sealed_at median/p90/p99 53/74/106; phases median/p90 ms: gap_before_exec 6/35, state_wait 6/34, par 54/77, par_exec 21/27, roots 35/50, parent_fields 9/27, sealed 10/28
    state_wait_on {'none': 154, 'output': 234, 'grandparent': 74, 'layer_release': 1}; builds with state_wait > 20 ms: 75 ([('grandparent', 64), ('output', 11)]); gp_layer {1.0: 463}, ggp_missing {0.0: 381, 1.0: 82}
    queue at the builds min/median 2,215,500/2,514,500
    new field batch_cpu_sum_us: median/p90/max 580303.0/724660.0/2120271, nonzero 463
    new field batch_dispatch_us: median/p90/max 220.0/306.0/3330, nonzero 463
    new field batch_first_start_us: median/p90/max 77.0/121.0/270, nonzero 463
    new field batch_ivcsw: median/p90/max 1.0/7.0/24, nonzero 268
    new field batch_last_end_us: median/p90/max 21023.0/27198.0/70678, nonzero 463
    new field batch_last_start_us: median/p90/max 16560.0/20630.0/61105, nonzero 463
    new field batch_live_deferred: median/p90/max 73.0/81.0/127, nonzero 463
    new field batch_live_lock_hold_us: median/p90/max 10270.0/12323.0/16638, nonzero 463
    new field batch_live_lock_wait_us: median/p90/max 0.0/0.0/0, nonzero 0
    new field batch_live_lock_waits: median/p90/max 0.0/0.0/0, nonzero 0
    new field batch_majflt: median/p90/max 0.0/0.0/0, nonzero 0
    new field batch_minflt: median/p90/max 909.0/9506.0/29707, nonzero 463
    new field batch_open_max_us: median/p90/max 418.0/514.0/3106, nonzero 463
    new field batch_open_sum_us: median/p90/max 10520.0/13155.0/15716, nonzero 463
    new field batch_threads: median/p90/max 32.0/32.0/32, nonzero 463
    new field batch_vcsw: median/p90/max 177.0/510.0/947, nonzero 463
    new field batch_view_index_wait_us: median/p90/max 0.0/22247.0/68818, nonzero 111
    new field batch_view_index_waits: median/p90/max 0.0/289.0/688, nonzero 111
    new field batch_view_slot_wait_us: median/p90/max 0.0/2095.0/5360, nonzero 123
    new field batch_view_slot_waits: median/p90/max 0.0/51.0/112, nonzero 123
    new field batch_wall_sum_us: median/p90/max 587113.0/735762.0/2122270, nonzero 463
    new field batches: median/p90/max 128.0/128.0/128, nonzero 463
    new field build_batches: median/p90/max 128.0/128.0/128, nonzero 463
    new field carried_depth: median/p90/max 1.0/1.0/1, nonzero 463
    new field exec_end_to_seal_us: median/p90/max 99.0/156.0/582, nonzero 463
    new field exec_partition_us: median/p90/max 6.0/9.0/1403, nonzero 463
    new field exec_prepared_groups: {'true': 460, 'false': 3}
    new field exec_prepared_slots: {'true': 460, 'false': 3}
    new field exec_slots_us: median/p90/max 0.0/0.0/1387, nonzero 3
    new field freeze_join_wait_us: median/p90/max 4192.0/15701.0/26694, nonzero 463
    new field freeze_late: {'true': 463}
    new field freeze_pool_own: {'true': 463}
    new field live_index_defer: {'true': 463}
    new field merge_accounts: median/p90/max 192095.0/195296.0/198062, nonzero 463
    new field merge_append_us: median/p90/max 3750.0/8249.0/19778, nonzero 463
    new field merge_early: {'false': 463}
    new field merge_join_wait_us: median/p90/max 0.0/0.0/0, nonzero 0
    new field merge_reverts: median/p90/max 192095.0/195296.0/198062, nonzero 463
    new field merge_reverts_us: median/p90/max 15553.0/20938.0/31144, nonzero 463
    new field merge_state_us: median/p90/max 40089.0/48885.0/73135, nonzero 463
    new field merge_tail_us: median/p90/max 0.0/0.0/1, nonzero 6
    new field merge_threads: median/p90/max 1.0/1.0/1, nonzero 463
    new field one_wave: {'false': 463}
    new field open_engine_us: median/p90/max 0.0/20352.0/86620, nonzero 82
    new field open_fallback: {'false': 381, 'true': 82}
    new field open_keep_us: median/p90/max 6.0/12.0/7292, nonzero 463
    new field open_kept_accounts: median/p90/max 576203.0/583132.0/589577, nonzero 463
    new field open_layers: median/p90/max 3.0/3.0/3, nonzero 463
    new field open_provider_us: median/p90/max 97.0/170.0/518, nonzero 463
    new field plan_age_us: median/p90/max 51045.0/98009.0/130930, nonzero 462
    new field plan_ahead: median/p90/max 1.0/1.0/1, nonzero 462
    new field plan_body: median/p90/max 1.0/1.0/2, nonzero 462
    new field plan_body_us: median/p90/max 17306.0/20096.0/25821, nonzero 460
    new field plan_discard: {'': 462, 'not_on_its_parent': 1}
    new field plan_prep_us: median/p90/max 6981.0/14144.0/31497, nonzero 462
    new field plan_topup_txs: median/p90/max 0.0/0.0/0, nonzero 0
    new field prep_from_plan: {'true': 460, 'false': 3}
    new field prev_seal_to_answer_us: median/p90/max 1646.0/2616.0/4390, nonzero 463
    new field prev_seal_to_entry_us: median/p90/max 0.0/0.0/0, nonzero 0
    new field prev_seal_to_header_us: median/p90/max 194.0/315.0/2630, nonzero 463
    new field prev_seal_to_import_us: median/p90/max 123291.0/152312.0/237808, nonzero 428
    new field prev_seal_to_request_us: median/p90/max 1007.0/65306.0/131765, nonzero 463
    new field prev_seal_to_start_us: median/p90/max 1296.0/65552.0/132002, nonzero 463
    new field pull_bulk_txs: median/p90/max 200000.0/200000.0/200000, nonzero 463
    new field pull_bulk_us: median/p90/max 5.0/8.0/1257, nonzero 463
    new field receipts_late: {'false': 463}
    new field receipts_late_wait_us: median/p90/max 0.0/0.0/0, nonzero 0
    new field rename_fallbacks: median/p90/max 0.0/0.0/0, nonzero 0
    new field rename_record_waits: median/p90/max 0.0/0.0/0, nonzero 0
    new field root_apply_gap_us: median/p90/max 11.0/14.0/19, nonzero 463
    new field root_apply_total_us: median/p90/max 23014.0/33933.0/47415, nonzero 463
    new field root_compute_us: median/p90/max 25257.0/36184.0/80161, nonzero 463
    new field root_delta_us: median/p90/max 1179.0/2378.0/12282, nonzero 463
    new field root_index_us: median/p90/max 2957.0/6298.0/19744, nonzero 463
    new field root_leaves_us: median/p90/max 7284.0/11838.0/23610, nonzero 463
    new field root_note_us: median/p90/max 145.0/230.0/1839, nonzero 463
    new field root_ops_ahead: {'true': 463}
    new field root_ops_ahead_wait_us: median/p90/max 3845.0/10616.0/28668, nonzero 463
    new field root_ops_concat_us: median/p90/max 0.0/0.0/0, nonzero 0
    new field root_ops_encode_us: median/p90/max 5770.0/10312.0/24758, nonzero 463
    new field root_ops_finish_us: median/p90/max 2226.0/3465.0/10204, nonzero 463
    new field root_ops_sort_us: median/p90/max 3762.0/7816.0/20629, nonzero 463
    new field root_ops_us: median/p90/max 6250.0/14652.0/30863, nonzero 463
    new field root_rehash_us: median/p90/max 2064.0/3430.0/16900, nonzero 463
    new field root_retire_us: median/p90/max 1490.0/2653.0/7416, nonzero 463
    new field root_sort_us: median/p90/max 211.0/487.0/3831, nonzero 463
    new field root_undo_us: median/p90/max 349.0/651.0/3438, nonzero 463
    new field root_writes_us: median/p90/max 7164.0/11222.0/31268, nonzero 463
    new field seal_hashes_ahead: {'true': 463}
    new field seal_on_counters: {'true': 463}
    new field seal_to_complete_us: median/p90/max 115406.0/134183.0/169496, nonzero 463
    new field seal_to_frozen_us: median/p90/max 4165.0/15651.0/26673, nonzero 274
    new field seal_to_merge_end_us: median/p90/max 115306.0/134092.0/169363, nonzero 463
    new field seal_to_merge_start_us: median/p90/max 53132.0/67638.0/105850, nonzero 463
    new field seal_to_ops_ahead_us: median/p90/max 20832.0/30178.0/46620, nonzero 463
    new field seal_to_shards_ready_us: median/p90/max 12798.0/19671.0/31675, nonzero 463
    new field seal_to_state_ready_us: median/p90/max 115317.0/134100.0/169371, nonzero 463
    new field sealed_unix_us: median/p90/max 1791450834033763.0/1791450845820332.0/1791450848759391, nonzero 463
    new field start_walk_check_us: median/p90/max 0.0/0.0/377, nonzero 1
    new field start_walk_ids_us: median/p90/max 0.0/0.0/585, nonzero 1
    new field start_walk_settle_us: median/p90/max 0.0/0.0/0, nonzero 0
    new field start_walk_us: median/p90/max 0.0/0.0/4914, nonzero 1
    new field state_wait_us: median/p90/max 6237.0/34800.0/100870, nonzero 463
    new field view_journal_reads: median/p90/max 0.0/77824.0/159744, nonzero 220
    new field view_journal_searches: median/p90/max 0.0/217576.0/470245, nonzero 220
    new field view_journal_skips: median/p90/max 0.0/0.0/0, nonzero 0
    new field whole_take_noted: {'true': 463}
    binding wait (tick / quorum / seal share, mean cycle): tick 99% (66); quorum 1% (111); seal 0%; feed-bound (blocks under 95% of the tier): 0 of 461
    slowest key vote delay median/p90 20.1/70.5 ms
    engine own-import total_ms per block median/p90/max 39/57/82 (n=461)
    layer RSS 26.5 -> 34.2 G (max 34.2), in-memory blocks max 11
    execution layer cores busy 35.4    validators cores busy 5.6
  window 3: canonical 448 blocks, 89.6M tx = 2,986,667/s (97.2% of window 1), full 448/448 (100%); cycle -
    leader builds 448: sealed_at median/p90/p99 58/84/152; phases median/p90 ms: gap_before_exec 7/28, state_wait 7/28, par 58/85, par_exec 22/30, roots 39/61, parent_fields 13/36, sealed 14/37
    state_wait_on {'output': 246, 'grandparent': 68, 'none': 132, 'provider_open': 1, 'open': 1}; builds with state_wait > 20 ms: 60 ([('grandparent', 51), ('output', 9)]); gp_layer {1.0: 448}, ggp_missing {0.0: 375, 1.0: 73}
    queue at the builds min/median 2,305,500/2,514,500
    new field batch_cpu_sum_us: median/p90/max 587449.0/726091.0/1437268, nonzero 448
    new field batch_dispatch_us: median/p90/max 222.0/317.0/1333, nonzero 448
    new field batch_first_start_us: median/p90/max 77.0/127.0/282, nonzero 448
    new field batch_ivcsw: median/p90/max 1.0/7.0/31, nonzero 280
    new field batch_last_end_us: median/p90/max 22875.0/30371.0/143689, nonzero 448
    new field batch_last_start_us: median/p90/max 17573.0/21584.0/101077, nonzero 448
    new field batch_live_deferred: median/p90/max 73.5/85.0/316, nonzero 448
    new field batch_live_lock_hold_us: median/p90/max 11218.5/14732.0/64197, nonzero 448
    new field batch_live_lock_wait_us: median/p90/max 0.0/0.0/0, nonzero 0
    new field batch_live_lock_waits: median/p90/max 0.0/0.0/0, nonzero 0
    new field batch_majflt: median/p90/max 0.0/72.0/15314, nonzero 54
    new field batch_minflt: median/p90/max 1244.5/9708.0/28442, nonzero 448
    new field batch_open_max_us: median/p90/max 430.0/534.0/3532, nonzero 448
    new field batch_open_sum_us: median/p90/max 10585.5/13126.0/19991, nonzero 448
    new field batch_threads: median/p90/max 32.0/32.0/32, nonzero 448
    new field batch_vcsw: median/p90/max 197.5/777.0/15675, nonzero 448
    new field batch_view_index_wait_us: median/p90/max 0.0/32582.0/1995806, nonzero 137
    new field batch_view_index_waits: median/p90/max 0.0/334.0/757, nonzero 137
    new field batch_view_slot_wait_us: median/p90/max 0.0/2265.0/38945, nonzero 145
    new field batch_view_slot_waits: median/p90/max 0.0/62.0/127, nonzero 145
    new field batch_wall_sum_us: median/p90/max 625338.5/784213.0/3832648, nonzero 448
    new field batches: median/p90/max 128.0/128.0/128, nonzero 448
    new field build_batches: median/p90/max 128.0/128.0/128, nonzero 448
    new field carried_depth: median/p90/max 1.0/1.0/1, nonzero 448
    new field exec_end_to_seal_us: median/p90/max 93.0/144.0/942, nonzero 448
    new field exec_partition_us: median/p90/max 6.0/9.0/27, nonzero 448
    new field exec_prepared_groups: {'true': 448}
    new field exec_prepared_slots: {'true': 448}
    new field exec_slots_us: median/p90/max 0.0/0.0/0, nonzero 0
    new field freeze_join_wait_us: median/p90/max 6.0/15209.0/30859, nonzero 447
    new field freeze_late: {'true': 448}
    new field freeze_pool_own: {'true': 448}
    new field live_index_defer: {'true': 448}
    new field merge_accounts: median/p90/max 191624.5/195106.0/199122, nonzero 448
    new field merge_append_us: median/p90/max 3501.5/8779.0/25021, nonzero 448
    new field merge_early: {'false': 448}
    new field merge_join_wait_us: median/p90/max 0.0/0.0/0, nonzero 0
    new field merge_reverts: median/p90/max 191624.5/195106.0/199122, nonzero 448
    new field merge_reverts_us: median/p90/max 16114.5/22723.0/101865, nonzero 448
    new field merge_state_us: median/p90/max 40683.5/49165.0/60415, nonzero 448
    new field merge_tail_us: median/p90/max 0.0/0.0/1, nonzero 6
    new field merge_threads: median/p90/max 1.0/1.0/1, nonzero 448
    new field one_wave: {'false': 448}
    new field open_engine_us: median/p90/max 0.0/20248.0/96718, nonzero 73
    new field open_fallback: {'false': 375, 'true': 73}
    new field open_keep_us: median/p90/max 6.0/10.0/20, nonzero 448
    new field open_kept_accounts: median/p90/max 575243.5/582876.0/588664, nonzero 448
    new field open_layers: median/p90/max 3.0/3.0/3, nonzero 448
    new field open_provider_us: median/p90/max 101.5/180.0/2001, nonzero 448
    new field plan_age_us: median/p90/max 53407.5/82570.0/152355, nonzero 448
    new field plan_ahead: median/p90/max 1.0/1.0/1, nonzero 448
    new field plan_body: median/p90/max 1.0/1.0/1, nonzero 448
    new field plan_body_us: median/p90/max 15704.0/19634.0/24146, nonzero 448
    new field plan_discard: {'': 448}
    new field plan_prep_us: median/p90/max 7608.5/16056.0/101900, nonzero 448
    new field plan_topup_txs: median/p90/max 0.0/0.0/0, nonzero 0
    new field prep_from_plan: {'true': 448}
    new field prev_seal_to_answer_us: median/p90/max 1650.5/2719.0/7636, nonzero 448
    new field prev_seal_to_entry_us: median/p90/max 0.0/0.0/0, nonzero 0
    new field prev_seal_to_header_us: median/p90/max 178.0/282.0/1470, nonzero 448
    new field prev_seal_to_import_us: median/p90/max 133071.5/159556.0/249267, nonzero 432
    new field prev_seal_to_request_us: median/p90/max 972.0/1540.0/86326, nonzero 448
    new field prev_seal_to_start_us: median/p90/max 1250.0/2141.0/86557, nonzero 448
    new field pull_bulk_txs: median/p90/max 200000.0/200000.0/200000, nonzero 448
    new field pull_bulk_us: median/p90/max 5.0/8.0/38, nonzero 448
    new field receipts_late: {'false': 448}
    new field receipts_late_wait_us: median/p90/max 0.0/0.0/0, nonzero 0
    new field rename_fallbacks: median/p90/max 0.0/0.0/0, nonzero 0
    new field rename_record_waits: median/p90/max 0.0/0.0/0, nonzero 0
    new field root_apply_gap_us: median/p90/max 11.0/14.0/21, nonzero 448
    new field root_apply_total_us: median/p90/max 25080.0/38374.0/57074, nonzero 448
    new field root_compute_us: median/p90/max 27257.0/40667.0/58335, nonzero 448
    new field root_delta_us: median/p90/max 1210.5/2758.0/18878, nonzero 448
    new field root_index_us: median/p90/max 3352.0/7847.0/18578, nonzero 448
    new field root_leaves_us: median/p90/max 7702.5/14834.0/38485, nonzero 448
    new field root_note_us: median/p90/max 143.5/225.0/1132, nonzero 448
    new field root_ops_ahead: {'true': 448}
    new field root_ops_ahead_wait_us: median/p90/max 4452.5/14412.0/140569, nonzero 448
    new field root_ops_concat_us: median/p90/max 0.0/0.0/0, nonzero 0
    new field root_ops_encode_us: median/p90/max 6520.5/13776.0/106773, nonzero 448
    new field root_ops_finish_us: median/p90/max 2243.5/3927.0/8720, nonzero 448
    new field root_ops_sort_us: median/p90/max 3511.0/8816.0/66696, nonzero 448
    new field root_ops_us: median/p90/max 7190.0/17509.0/143519, nonzero 448
    new field root_rehash_us: median/p90/max 2625.0/4821.0/18698, nonzero 448
    new field root_retire_us: median/p90/max 1766.5/2808.0/8298, nonzero 448
    new field root_sort_us: median/p90/max 219.5/435.0/3168, nonzero 448
    new field root_undo_us: median/p90/max 347.0/678.0/2191, nonzero 448
    new field root_writes_us: median/p90/max 7297.0/10883.0/32016, nonzero 448
    new field seal_hashes_ahead: {'true': 448}
    new field seal_on_counters: {'true': 448}
    new field seal_to_complete_us: median/p90/max 120712.5/148312.0/235434, nonzero 448
    new field seal_to_frozen_us: median/p90/max 0.0/15127.0/30825, nonzero 216
    new field seal_to_merge_end_us: median/p90/max 120617.0/148210.0/235345, nonzero 448
    new field seal_to_merge_start_us: median/p90/max 57800.0/80567.0/185610, nonzero 448
    new field seal_to_ops_ahead_us: median/p90/max 21212.0/32566.0/155308, nonzero 448
    new field seal_to_shards_ready_us: median/p90/max 12256.5/19695.0/33643, nonzero 448
    new field seal_to_state_ready_us: median/p90/max 120625.0/148221.0/235352, nonzero 448
    new field sealed_unix_us: median/p90/max 1791450863171949.0/1791450875911682.0/1791450878731361, nonzero 448
    new field start_walk_check_us: median/p90/max 0.0/0.0/0, nonzero 0
    new field start_walk_ids_us: median/p90/max 0.0/0.0/0, nonzero 0
    new field start_walk_settle_us: median/p90/max 0.0/0.0/0, nonzero 0
    new field start_walk_us: median/p90/max 0.0/0.0/0, nonzero 0
    new field state_wait_us: median/p90/max 7498.5/28278.0/110860, nonzero 448
    new field view_journal_reads: median/p90/max 4096.0/77824.0/126976, nonzero 231
    new field view_journal_searches: median/p90/max 10660.5/190249.0/356848, nonzero 231
    new field view_journal_skips: median/p90/max 0.0/0.0/0, nonzero 0
    new field whole_take_noted: {'true': 448}
    engine own-import total_ms per block median/p90/max 42/63/116 (n=448)
    layer RSS 33.7 -> 39.8 G (max 41.9), in-memory blocks max 10
    execution layer cores busy 34.6    validators cores busy 5.4
  round total (3 windows, canonical): 274.0M tx
  layer peak RSS 41.9 G; in-memory blocks max 11
  fields at seal: mode "early", verified 0, unchecked 0, mismatches 0 (last build line, cumulative)
  own_executed_again (built here and also directly imported): 0 of 1414 built blocks
== loop348K21AQG
  layer-0 leader window-1 builds 460: txs mean 200000, share >= 95% of the tier 100% (max 200000); sealed_at_ms 53.0/73.0; par_ms 54.0/89.0; par_exec_ms 21.0/28.0; roots_ms 33.0/47.0; parent_fields_ms 6.0/24.0; sealed_ms 7.5/25.0
  proposal cycle window 1 (n=476): mean 65.1 median 61.5 p90 73.3 ms; blocks in the 30 s: 476
  binding wait (tick / quorum / seal, share and mean cycle): tick 97.6% (64.4); quorum 1.7% (110.2); seal 0.7% (69.9)
  vote delay after the proposal, slowest key per block: median 17.7 p90 59.6 ms (slowest minus the median key: median 0.2); last key: {1: 85, 2: 85, 3: 77, 4: 73, 5: 69, 6: 71} of 460 blocks
  CPU in window 1 (cores busy): execution layers 34.4 over 1 process(es); validators 5.5 over 21 process(es)
  execution layer peak RSS 41.9 G; in-memory blocks max 11 (node0 and others, all layers)
  blocks built here 1414; none also directly imported
  import-once counters at the last direct import: ; start-up lines with import_once=true: 1; queue-lock lines 0
  layer-0 queue (queued after canonical prune), median per 10 s: t+0:2505500 t+20:2425250 t+40:2447750 t+60:2474500 t+80:2438000
  flood: median per 5 s 3108218/s, final -
  timeout / given-up lines: 0; 
loop348K21AQG page_faults_per_s_median: node0=185525 
feedcheck loop348K21AQG: ok (block 200,000 tx)
== loop348K21AQG: feed check (acq_us / gate_us / reply_us are per frame of 500; rate per 5 s `ingest` line)
  window 1: ingest lines 6; acq_us 473 (max 2893); gate_us 7246; reply_us 7816; slots_busy 13%; delivered median 3,056,708/s max 3,211,624/s; queue at builds median 2,517,500 min 1,542,500; full 100% of 461 blocks
  window 2: ingest lines 6; acq_us 486 (max 505); gate_us 7038; reply_us 7616; slots_busy 13%; delivered median 3,095,397/s max 3,199,242/s; queue at builds median 2,514,500 min 2,215,500; full 100% of 461 blocks
  window 3: ingest lines 6; acq_us 480 (max 491); gate_us 7468; reply_us 8046; slots_busy 13%; delivered median 3,070,047/s max 3,157,817/s; queue at builds median 2,514,500 min 2,305,500; full 100% of 448 blocks
  flood.log (+15..+100 s): rate per 5 s median 3,093,562/s max 3,167,534/s; reply latency median 62.3 ms max 72.2 ms
== loop348K21AQG: lanes lock, drain and pruner (new fields)
  window 1: lock duty 53.5% (max 56.0); holds/5s 2,198; longest hold 27.10 ms median, 28.36 ms max by crates/n42/tx-queue/src/lib.rs:2046 (most frequent holders [('crates/n42/tx-queue/src/lib.rs:2046', 6)]); lock wait 2300.0 ms/5s, longest 40.55 ms; drains/5s 1,010 of 15185 tx, mean 1260 us, max 21.57 ms
           prune (417 blocks): prune_ms 33/56; fold 0.6 ms, lock 0.0 ms, remove(hold) 9.3 ms, free 0.0 ms; frames_swept 400; coalesced on 417 of 417; prune_wait_ms 0/0; pruner busy 49% of a thread, lock held by it 1.6%
  window 2: lock duty 61.0% (max 62.0); holds/5s 2,119; longest hold 31.99 ms median, 41.11 ms max by crates/n42/tx-queue/src/lib.rs:2576 (most frequent holders [('crates/n42/tx-queue/src/lib.rs:2046', 5), ('crates/n42/tx-queue/src/lib.rs:2576', 1)]); lock wait 3036.9 ms/5s, longest 37.26 ms; drains/5s 918 of 16860 tx, mean 1567 us, max 27.40 ms
           prune (426 blocks): prune_ms 37/61; fold 0.6 ms, lock 0.0 ms, remove(hold) 10.5 ms, free 0.0 ms; frames_swept 400; coalesced on 426 of 426; prune_wait_ms 0/0; pruner busy 55% of a thread, lock held by it 2.2%
  window 3: lock duty 59.0% (max 66.0); holds/5s 2,072; longest hold 27.90 ms median, 101.90 ms max by crates/n42/tx-queue/src/lib.rs:2692 (most frequent holders [('crates/n42/tx-queue/src/lib.rs:2046', 4), ('crates/n42/tx-queue/src/lib.rs:2692', 2)]); lock wait 3003.3 ms/5s, longest 98.50 ms; drains/5s 824 of 18724 tx, mean 1684 us, max 23.96 ms
           prune (435 blocks): prune_ms 37/55; fold 0.6 ms, lock 0.0 ms, remove(hold) 10.8 ms, free 0.0 ms; frames_swept 400; coalesced on 435 of 435; prune_wait_ms 0/0; pruner busy 55% of a thread, lock held by it 1.6%
== loop348K21AQG: pruner (per block; busy = sum prune_ms / 30 s, lock = sum (remove_us + settle_us) / 30 s)
  window 1: 417 prunes; prune_ms 33/56; remove_us 9.3/20.6 ms; forget_us 2.8/5.2 ms; settle_us 3.1 ms; pruner busy 49% of a worker; lanes lock held for removal 22%
  window 2: 426 prunes; prune_ms 37/61; remove_us 10.5/22.4 ms; forget_us 3.0/5.4 ms; settle_us 3.6 ms; pruner busy 55% of a worker; lanes lock held for removal 24%
  window 3: 435 prunes; prune_ms 37/55; remove_us 10.8/21.7 ms; forget_us 3.0/4.9 ms; settle_us 3.2 ms; pruner busy 55% of a worker; lanes lock held for removal 25%
== loop348K21AQG: seal start / pull, prepared plan, answer, chunked drain
  window 1: 460 builds; start_best_ms 3/13; start_walk_us 0/0; start_pull_ms 0/0; par_pull_ms 0/0; par_start_ms 3/13; par_ms 54/89; sealed_at_ms 53/73; pull_bulk_us 5/8; pull_bulk_txs 200000/200000; plan_age_us 51141/98508; plan_prep_us 6876/12364; plan_topup_txs 0/0
           plan_ahead {'1': 460}; plan_discard {'': 460}
           answer: built-ahead bytes median/max 15,243/15,245, layout_only {'true': 460}; proposal sent bytes median/max 15,243/15,245, layout_only {'true': 459}
           drain: chunks/5s 852, chunk max 8,192 tx, finished by others/5s 55; plan_discards (last ingest line) -
  window 2: 463 builds; start_best_ms 4/16; start_walk_us 0/0; start_pull_ms 0/0; par_pull_ms 0/0; par_start_ms 4/16; par_ms 54/77; sealed_at_ms 53/74; pull_bulk_us 5/8; pull_bulk_txs 200000/200000; plan_age_us 51045/98009; plan_prep_us 6981/14144; plan_topup_txs 0/0
           plan_ahead {'1': 462, '0': 1}; plan_discard {'': 462, 'not_on_its_parent': 1}
           answer: built-ahead bytes median/max 15,245/15,245, layout_only {'true': 463}; proposal sent bytes median/max 15,245/15,245, layout_only {'true': 462}
           drain: chunks/5s 776, chunk max 8,192 tx, finished by others/5s 59; plan_discards (last ingest line) -
  window 3: 448 builds; start_best_ms 5/18; start_walk_us 0/0; start_pull_ms 0/0; par_pull_ms 0/0; par_start_ms 5/18; par_ms 58/85; sealed_at_ms 58/84; pull_bulk_us 5/8; pull_bulk_txs 200000/200000; plan_age_us 53408/82570; plan_prep_us 7608/16056; plan_topup_txs 0/0
           plan_ahead {'1': 448}; plan_discard {'': 448}
           answer: built-ahead bytes median/max 15,245/15,245, layout_only {'true': 448}; proposal sent bytes median/max 15,245/15,245, layout_only {'true': 448}
           drain: chunks/5s 690, chunk max 8,192 tx, finished by others/5s 62; plan_discards (last ingest line) -
== loop348K21AQG: persistence per window (ms per block = part sum / blocks persisted)
  window 1: persisted 457 of 461 produced (99%); total 33.4, sf_tx 29.4, sf_rcpt 6.9, sf_acct 14.0, sf_send 11.4, scope 29.6, qmdb 15.1, post 0.0, pre 3.9, plain_rev 3.9, commit_sf 0.7, commit_mdbx 0.1, commit_rocks 0.0; longest task sf_tx 29.4; in-memory 7 -> 10 (max 11); RSS 4.7 -> 26.5 G; lag 8 -> 9 = +2.0 blocks/min; bp max 0
  window 2: persisted 461 of 461 produced (100%); total 34.0, sf_tx 30.6, sf_rcpt 6.9, sf_acct 14.2, sf_send 11.2, scope 30.7, qmdb 16.5, post 0.0, pre 3.3, plain_rev 3.3, commit_sf 0.8, commit_mdbx 0.1, commit_rocks 0.1; longest task sf_tx 30.6; in-memory 10 -> 8 (max 11); RSS 26.5 -> 33.7 G; lag 9 -> 10 = +2.0 blocks/min; bp max 0
  window 3: persisted 449 of 448 produced (100%); total 39.7, sf_tx 32.6, sf_rcpt 6.8, sf_acct 14.3, sf_send 10.9, scope 35.4, qmdb 25.0, post 0.0, pre 4.3, plain_rev 4.3, commit_sf 0.9, commit_mdbx 0.1, commit_rocks 0.1; longest task sf_tx 32.6; in-memory 8 -> 10 (max 10); RSS 33.7 -> 39.9 G; lag 10 -> 7 = -6.0 blocks/min; bp max 0
  leg end: in-memory 8, max over the sampler 11, backpressure stalls 0
== loop348K21AQG: execution and root fields (median / p90 per block); over 1415 full builds: rename_fallbacks total 0, rename_record_waits total 0, carried_depth values ['1']
    folded lines 461: pending_max max 86 (median 72); pending_us_max max 17,589; drops_max max 71718
    flags: seal_on_counters true:460; freeze_pool_own true:460; plan_body 1:459/2:1; prep_from_plan false:1/true:459; plan_ahead 1:460; seal per 1,000 transfers 0.265 ms
  window 1 (460 builds): on-CPU share 1.00/1.00; CPU per transfer 2.90/4.07 us; sealed_at_ms 53/73; par_exec_ms 21/28; par_fold_ms 8/17; index_ms 14/19; par_start_ms 3/13; gap_before_exec_ms 8/43; state_wait_us 8,253/42,640; parent_fields_ms 6/24; roots_ms 33/47; seal_to_fields_us 51,796/65,198; seal_to_complete_us 112,281/131,363; rename_fallbacks 0/0; rename_record_waits 0/0; carried_depth 1/1; plan_body_us 16,928/19,510; batch_max_ms 8/13; tx_root_ms 1/1; sealed_ms 8/25
    folded lines 463: pending_max max 85 (median 72); pending_us_max max 19,217; drops_max max 29838
    flags: seal_on_counters true:463; freeze_pool_own true:463; plan_body 0:1/1:460/2:2; prep_from_plan false:3/true:460; plan_ahead 0:1/1:462; seal per 1,000 transfers 0.265 ms
  window 2 (463 builds): on-CPU share 1.00/1.00; CPU per transfer 2.90/3.62 us; sealed_at_ms 53/74; par_exec_ms 21/27; par_fold_ms 7/15; index_ms 14/19; par_start_ms 4/16; gap_before_exec_ms 6/35; state_wait_us 6,237/34,800; parent_fields_ms 9/27; roots_ms 35/50; seal_to_fields_us 53,032/67,484; seal_to_complete_us 115,406/134,183; rename_fallbacks 0/0; rename_record_waits 0/0; carried_depth 1/1; plan_body_us 17,306/20,096; batch_max_ms 8/12; tx_root_ms 1/1; sealed_ms 10/28
    folded lines 448: pending_max max 90 (median 72); pending_us_max max 19,067; drops_max max 34735
    flags: seal_on_counters true:448; freeze_pool_own true:448; plan_body 1:448; prep_from_plan true:448; plan_ahead 1:448; seal per 1,000 transfers 0.290 ms
  window 3 (448 builds): on-CPU share 0.99/1.00; CPU per transfer 2.94/3.63 us; sealed_at_ms 58/84; par_exec_ms 22/30; par_fold_ms 6/15; index_ms 14/19; par_start_ms 5/18; gap_before_exec_ms 7/28; state_wait_us 7,498/28,278; parent_fields_ms 13/36; roots_ms 39/61; seal_to_fields_us 57,644/80,410; seal_to_complete_us 120,712/148,312; rename_fallbacks 0/0; rename_record_waits 0/0; carried_depth 1/1; plan_body_us 15,704/19,634; batch_max_ms 9/18; tx_root_ms 1/1; sealed_ms 14/37
== loop348K21AQG: 4333 proposals; proposal -> quorum (leader's commit) median 14.4 / p90 47.0 / max 161.1 ms; proposal interval median 61.5 / p90 62.6 ms; TC formed lines 0; leader views timed out 0; ParentUnknown lines 0
   handover at view 1024: proposal intervals (view, ms) [(1023, 74), (1024, 148), (1025, 106), (1026, 62), (1027, 80)] against the median 61 ms
   handover at view 2048: proposal intervals (view, ms) [(2047, 62), (2048, 62), (2049, 61), (2050, 61), (2051, 61)] against the median 61 ms
   handover at view 3072: proposal intervals (view, ms) [(3071, 62), (3072, 62), (3073, 61), (3074, 62), (3075, 62)] against the median 61 ms
   handover at view 4096: proposal intervals (view, ms) [(4095, 62), (4096, 62), (4097, 61), (4098, 61), (4099, 61)] against the median 61 ms
     block 1025 (view 1024): sealed_at_ms 104, gap_before_exec_ms 16, parent_fields_ms 66, rename_fallbacks 0, rename_record_waits 0, carried_depth 1
     block 1026 (view 1025): sealed_at_ms 34, gap_before_exec_ms 9, parent_fields_ms 6, rename_fallbacks 0, rename_record_waits 0, carried_depth 1
     block 1027 (view 1026): sealed_at_ms 43, gap_before_exec_ms 0, parent_fields_ms 9, rename_fallbacks 0, rename_record_waits 0, carried_depth 1
     block 1028 (view 1027): sealed_at_ms 74, gap_before_exec_ms 0, parent_fields_ms 42, rename_fallbacks 0, rename_record_waits 0, carried_depth 1
flood span 95 s; tokio-rt threads alive throughout 35 of 73; group 9.8 cores busy over them (all threads incl. short-lived 12.7)
  per-thread cores busy, top 12: 0.68 0.60 0.58 0.58 0.58 0.58 0.57 0.56 0.56 0.56 0.56 0.55; threads over 0.9 core: 0, over 0.7: 0
== loop348K21AQG: 1371 full builds in the 3 windows
  par_exec_ms 21/28; par_run_ms 30/61; batch_start_skew_ms 16/21; batch_median_ms 4/5; batch_max_ms 8/15; batch_first_start_us 78/123; batch_last_start_us 16800/21300; batch_dispatch_us 218/310; batch_last_end_us 21619/28482; batches 128/128; batch_threads 32/32; batch_txs_max 2000/2000; batch_txs_min 1500/1500; start_walk_ms 0/0; start_walk_check_ms 0/0; par_start_ms 4/16; sealed_at_ms 55/78; prev_seal_to_answer_us 1680/2822; prev_seal_to_entry_us 0/0; prev_seal_to_header_us 190/312; prev_seal_to_import_us 126760/157677; prev_seal_to_request_us 998/62413; prev_seal_to_start_us 1288/62718; start_walk_check_us 0/0; start_walk_ids_us 0/0; start_walk_settle_us 0/0; start_walk_us 0/0
  one_wave {'false': 1371}
  batches == batch_threads on 0 of 1371 builds
  last - first batch start (ms) median/p90 16.68/21.19; under 2 ms on 0 of 1371 builds
bodygate loop348K21AQG: invalid_blocks=0 gas_mismatch=0 fields_mismatches=0 own_not_committed=0 proposals_given_up=0
leg loop348K21AQGD: /data free 515G (needs 120 G)
load 16.01 at 05:17:38, waiting
load 9.70 at 05:18:08, waiting
plan loop348K21AQGD: exit 0 (21 validators, 1 layer(s)): # validators 21, execution layers 1, 192 CPUs a layer, import-once 1, shared 1; # validators : 32 CPUs set aside, taskset -c 96-111,224-239; # fleet    : 21 nodes, quorum 15 of 21 (f = 6); 0 refusals
leg loop348K21AQGD start 05:18:38 load 5.49
round loop348K21AQGD exit 0 at 05:21:40
loop348K21AQGD save stages (node0, seconds summed over the leg / count): batch_size=1948.0/636  batch_size=1948.0/636  reth_consensus_engine_beacon_persistence_duration=58.5/636  duration_seconds=54.7/636  total=50.3/636  scope=45.2/636  sf=44.5/636  sf_transactions=44.3/636  qmdb_persisted=23.9/636  sf_account_changesets=20.2/636
el binary: /data/n42-build/target-n42-rs/native/release/n42 env: N42_IMPORT_ONCE=1 N42_SETTLEMENT_TAGS=legacy N42_BUILD_THROTTLE_SOFT=48 F7_EL_MAP=0,0,0,0,0,0,0,0,0,0,0,0,0,0,0,0,0,0,0,0,0 N42_FIELDS_AT_SEAL=1 N42_FREEZE_AFTER_SEAL=1 N42_FRAME_BLOCKS=1 N42_TX_INGEST_RECOVER_PARALLEL=24 N42_FREEZE_POOL=own N42_PARALLEL_BUILD_THREADS=32 N42_PLAN_AHEAD=1 N42_HASHED_TABLES=off F7_FLOOD_RATE=6000000 N42_COMPACT_BODY=1 N42_BUILD_BATCHES=128 MALLOC_CONF=thp:always,oversize_threshold:0,dirty_decay_ms:2000,background_thread:true N42_SEAL_ON_COUNTERS=1 N42_ACCOUNT_HISTORY=off N42_TAKE_COMPACT=1 N42_SF_EARLY_WRITEBACK=1 F7_VAL_NO_MALLOC_CONF=1 N42_ROAD_RUNTIME=1 N42_TX_INGEST_HIGH_WATER=2500000 F7_BENCH_POOL_SLOTS=3000000 N42_PLAN_AHEAD_BODY=1 N42_SEAL_AT_EXEC=1 N42_TX_QUEUE_DRAIN_CHUNK=8192 N42_ANSWER_LAYOUT_ONLY=1 N42_PULL_BY_FRAMES=1 N42_SF_PARALLEL_ENCODE=1 N42_BUILD_THROTTLE_HARD=80 N42_LIVE_INDEX_DEFER=1 RAYON_NUM_THREADS=16 F7_VAL_CPUS=32 N42_ROOT_OPS_AHEAD=1 TOKIO_WORKER_THREADS=16 N42_QMDB_READS=on N42_LEADER_LAYERS=3 N42_PERSIST_QMDB_IN_SCOPE=1 F7_BLOCK_INTERVAL_MS=60 F7_MEASURE_FROM_LOG=1
validator env: N42_IMPORT_ONCE=1 N42_SETTLEMENT_TAGS=legacy N42_BUILD_THROTTLE_SOFT=48 F7_EL_MAP=0,0,0,0,0,0,0,0,0,0,0,0,0,0,0,0,0,0,0,0,0 N42_FIELDS_AT_SEAL=1 N42_FREEZE_AFTER_SEAL=1 N42_FRAME_BLOCKS=1 N42_TX_INGEST_RECOVER_PARALLEL=24 N42_FREEZE_POOL=own N42_PARALLEL_BUILD_THREADS=32 N42_PLAN_AHEAD=1 N42_HASHED_TABLES=off F7_FLOOD_RATE=6000000 N42_COMPACT_BODY=1 N42_BUILD_BATCHES=128 N42_SEAL_ON_COUNTERS=1 N42_ACCOUNT_HISTORY=off N42_TAKE_COMPACT=1 N42_SF_EARLY_WRITEBACK=1 N42_ROAD_RUNTIME=1 N42_TX_INGEST_HIGH_WATER=2500000 F7_BENCH_POOL_SLOTS=3000000 N42_PLAN_AHEAD_BODY=1 N42_SEAL_AT_EXEC=1 N42_TX_QUEUE_DRAIN_CHUNK=8192 N42_ANSWER_LAYOUT_ONLY=1 N42_PULL_BY_FRAMES=1 N42_SF_PARALLEL_ENCODE=1 N42_BUILD_THROTTLE_HARD=80 N42_LIVE_INDEX_DEFER=1 RAYON_NUM_THREADS=16 F7_VAL_CPUS=32 N42_ROOT_OPS_AHEAD=1 TOKIO_WORKER_THREADS=16 N42_QMDB_READS=on N42_LEADER_LAYERS=3 N42_PERSIST_QMDB_IN_SCOPE=1 F7_MEASURE_FROM_LOG=1
loop348K21AQGD once: start-up lines import_once=true 1; last direct-import counters 
loop348K21AQGD imports: layers=1 direct_imports=0 canonical_blocks=4005 import_once_lines=1 (per layer: direct imports should equal canonical blocks for one execution per block)
grep: /data/blockchain/rust-fleet7-bench/node1/el.log: No such file or directory
grep: /data/blockchain/rust-fleet7-bench/node2/el.log: No such file or directory
grep: /data/blockchain/rust-fleet7-bench/node3/el.log: No such file or directory
grep: /data/blockchain/rust-fleet7-bench/node1/el.log: No such file or directory
grep: /data/blockchain/rust-fleet7-bench/node2/el.log: No such file or directory
grep: /data/blockchain/rust-fleet7-bench/node3/el.log: No such file or directory
cat: /data/blockchain/rust-fleet7-bench/node2/el.log: No such file or directory
cat: /data/blockchain/rust-fleet7-bench/node2/el.log: No such file or directory
cat: /data/blockchain/rust-fleet7-bench/node2/el.log: No such file or directory
cat: /data/blockchain/rust-fleet7-bench/node1/el.log: No such file or directory
cat: /data/blockchain/rust-fleet7-bench/node2/el.log: No such file or directory
cat: /data/blockchain/rust-fleet7-bench/node3/el.log: No such file or directory
Traceback (most recent call last):
  File [35m"<stdin>"[0m, line [35m4[0m, in [35m<module>[0m
[1;35mIndexError[0m: [35mlist index out of range[0m
loop348K21AQGD no_variant=0 own_not_committed=0 tc=0 invalid_blocks=0 incomplete=0 gas_mismatch=0 direct_imports_failed=0 stuck_at_hashed_state=0 engine_idles_over_5s=1 proposals_given_up=0 tables_off_nodes=1 unanswered_reads=0 seal_first_total=1447 seal_first_direct=1447 direct_guard_errors=0 commit_ms_median=0 fold_ms_median=8 sealed_at_ms_median=53 state_ready_ms_median=97 build_total_ms_median=175 recover_us_median=0 par_exec_ms_median=22 par_exec_ms_median=22 giveback_filtered=0 giveback_offered_max=200000 seal_first=1447 reader_lag_max=10 reader_lag_warns=0 view_invalidated=0 el_sum_peak_g=41.0 el_max_peak_g=41.0 val_sum_peak_g=2.7 flood_peak_g=0.6 two_roads_blocks=0 two_roads_overlap_ms_median=- exec_on_output_declined=0 r1_collect_ms_median=5 proposal_at_ms_median=50 view_total_ms_median=61 import_exec_ms_median=- import_total_ms_median=- import_senders_ms_median=- import_convert_ms_median=- import_groups_median=- imports_over_600ms=0 min_avail_g=71.4 road_foreign_body_recv_ms=- road_foreign_body_decode_ms=- road_foreign_body_senders_ms=- road_foreign_body_parent_wait_ms=- road_foreign_body_check_ms=- road_foreign_body_total_ms=- road_new_payload_recv_ms=- road_new_payload_decode_ms=- road_new_payload_senders_ms=- road_new_payload_parent_wait_ms=- road_new_payload_check_ms=- road_new_payload_total_ms=- road_foreign_body_blocks=0 road_new_payload_blocks=0 fcu_answered=1843 fcu_in_flight_ms_median=0 fcu_queued_ms_median=0 fcu_queued_ms_max=100 fcu_refused=0 fcu_slow=2243 bodies_held=0 road_reuse_ms=- road_prepare_ms=- road_dispatch_ms=- road_convert_ms=- road_remember_ms=- road_header_ms=- road_fields_ms=- road_other_ms=- import_engine_ms_median=- gate_forced=0 gate_warns=0 flood_timeouts=0 canonical_min=4059 canonical_max=4059 chained_builds=2544 chain_lead_ms_median=57 chain_wait_ms_median=0 chain_started=2546 chain_discarded=2 chain_discard_reasons=_1_reason="no_,_1_reason="the_chained_build_produced_nothing,_1_reason="the_execution_layer_produced_nothing chain_alias_warns=0 el_chained=2566 bodies_held_warns=0 el_build_refused=2 el_build_refused_reasons=_2_no_QMDB_tree_for_parent_block_0x queued_p5=2315500 queued_p50=2461500 road_compact_blocks=0 road_compact_recv_ms=- road_compact_assemble_ms=- road_compact_root_ms=- road_compact_miss_wait_ms=- road_compact_senders_ms=- road_compact_check_ms=- road_compact_other_ms=- road_compact_total_ms=- road_compact_misses_total= compact_refused_el=0 compact_fallbacks=0 compact_bytes_median=- pool_order9=14406 par_pull_ms_median=0 build_total_ms_median2=55 road_compact_filled_blocks=0 road_compact_filled_median=- road_compact_fill_ms_median=- need_txns=0 fill_failed=0 ingest_rate_gate_open_median=- ingest_gate_open_intervals=0 ingest_slots_busy_median=- flood_rate= fill_asked_proposer=0 fill_asked_other=0 loop_lines=3127 loop_unnamed_ms_median=47 loop_body_served_ms_median=- loop_txns_served_ms_median=- import_exec_ms_median2=- pip_partition_ms=- pip_env_ms=- pip_batch_ms=- pip_groups_ms=- pip_gas_ms=- pip_merge_ms=- pip_receipts_ms=- pip_drop_ms=- pip_other_ms=- pip_total_ms=- senders_indexed_median=- road_senders_ms_median=- road_total_ms_median=- pew_ms_median=- pew_ms_p90= gate_ms_median=- gate_ms_p90= root_ms_p50=- root_ms_p90= two_roads=0 not_on_output=0 not_on_output_why= ckpt_ms_first_q=2 ckpt_ms_last_q=51 ckpt_bytes_last=34246916 parent_still_importing=6 root_wait_ms_p50=- root_wait_ms_p90= tenures_low_seal=23 seal_first_share=0.99 empty_over_deep=0 near_empty_warns=0 no_seal_why= par_skipped_median=- usable_p5=2315500 ckpt_replay_ms_last_q=13 candidates_zero=0 dropped_ingest=0 let_go_warns=0 let_go_reasons= parked_p50=0 parked_max=0 held_warns=0 park_capped_total=0 superseded_builds=0 empty_not_superseded=0 mass_park_warns=0 heads_lines=0 holes_lines=0 stale_parent_refusals=0 par_groups_p5=0 cancelled_decided=1 heads_nonce0=0 stale_unconfirmed= handovers=6 el_panics=0 decided_cancelled=1 min_window_blocks=463 road_desc_blocks=0 road_desc_total_ms=- road_desc_copy_ms=- desc_misses=0 fill_failed2=0 sf_par_collect_ms=0 sf_par_commit_ms=0 sf_par_fold_ms=8 sf_par_graft_ms=0 sf_par_prefault_ms=0 sf_par_exec_ms=22 sf_sealed_at_ms=53 sf_roots_ms=33 sf_state_ready_ms=97 sf_total_ms=175 ba_find_ms=0 ba_queue_ms=0 ba_total_ms=55 ba_on_output=1447 queue_fold_us=0 queue_lock_us=178 sf_par_exec_ms=22 sf_par_fold_ms=8 pip_groups_ms=- import_exec_ms_median2=- reads_d0=0 reads_hist=0 f_reads_d0=- f_reads_hist=- f_overlay_depth=- L_read_set_ms=0 read_set_accounts=0 read_set_unresolved=0 read_set_hits=0 read_set_misses=0 start_best_ms=- par_prep_ms=- gap_before_exec_ms=- gap_after_exec_ms=- gap_before_seal_ms=- index_ms=- road_copy_aside_ms=- road_copy_wait_ms=- road_total_ms=- queue_first_miss=queue_first_miss=0:2546,queue_first_miss=18446744073709551615:1457 root_append_behind=0 populate_lag_mb=0 swap_used_g=0 root_faults=- root_faults_p90= root_faults_entries=0 root_faults_offsets=0 root_faults_index=0 root_faults_bits=0 root_faults_twigs=0 root_faults_undo=0 root_faults_tmp=0 root_append_faults=0 root_twig_pool_misses=0 batch_max_ms=9 batch_min_ms=2 batch_median_ms=4 batch_cpu_max_ms=8 batch_txs_max=2000 batch_txs_min=1500 batch_start_skew_ms=17 batch_wait_ms=0 loop_fetch_ns=0 loop_check_ns=0 loop_transfer_ns=0 loop_receipt_ns=0 loop_gas_ns=0 loop_sink_ns=0 loop_other_ns=0 batch_setup_ns=0 batch_close_ns=0 imp_exec_part_ms=- imp_exec_batches_ms=- imp_exec_graft_ms=- imp_exec_batches=- imp_exec_threads=- imp_exec_batch_max_ms=- imp_exec_batch_median_ms=- imp_parent_output_wait_ms=- road_parent_output_wait_ms=- next_start_gap_ms=1 next_entry_gap_ms=0 commit_body_ahead_used=- imp_exec_keys_ms=- imp_keys_ahead=- imp_exec_sink_ms=- imp_exec_pre_ms=- imp_exec_post_ms=- imp_exec_receipts_ms=- imp_exec_drop_ms=- root_gap_ms=- queue_whole=queue_whole=false:2546,queue_whole=true:1457 tick_tick_late_us=866 tick_preamble_us=344 tick_take_sealed_us=2 tick_sign_us=1 tick_cache_us=0 tick_presealed=- tick_describe_us=18 tick_publish_us=608 tick_tick_to_send_us=1904 road_check_ms=- road_check_include_us=- road_check_scan_us=- road_check_fold_us=- road_check_senders_us=- road_check_frames_summarized=- road_check_frames_scanned=- imp_exec_start_gap_us=- imp_gap_road_us=- imp_gap_header_us=- imp_gap_senders_us=- imp_gap_parent_us=- imp_gap_setup_us=- imp_gap_keys_wait_us=- sealed_at_p90= sealed_over_130=0 roots_ms=- cycle_p90= batch_max_ms=- batch_median_ms=- imp_batch_max=- forest_lock_warns=1633 root_seal_ms=1 root_seals=40 root_majflt=6354 roots_p90= gp_layer=1457 ggp_missing=292 state_wait_split=0/0/0/0:447,8/0/0/0:69,9/0/0/0:67 qmdb_releases=0 state_wait_on= imp_road_end_ms=- imp_exec_start_ms=- imp_exec_end_ms=- imp_root_end_ms=- imp_fields_ready_ms=- imp_parent_fields_wait_ms=- imp_exec_ms=- imp_root_ms=- imp_checks_ms=- imp_engine_ms=- imp_total_ms=- road_parent_fields_wait_ms=- exec_read_ms=0 L_exec_evm_ms=0 L_exec_write_ms=0 L_exec_other_ms=0 L_reads_cache=0 L_reads_provider=0 L_reads_view=0 L_graft_base_ms=0 L_graft_reserve_ms=0 L_graft_insert_ms=0 L_graft_reverts_ms=0 L_graft_other_ms=0 L_par_exec_ms=22 L_par_graft_ms=0 F_exec_read_ms=- F_exec_evm_ms=- F_exec_write_ms=- F_exec_other_ms=- F_reads_cache=- F_reads_provider=- F_reads_view=- F_groups_ms=- L_tx_root_wait_ms=0 L_par_exec_ms=22 L_par_graft_ms=0 L_par_fold_ms=8 L_sealed_ms=8 L_state_ready_ms=97 L_roots_ms=33 L_finish_ms=106 L_total_ms=175 L_setup_ms=0 L_par_pull_ms=0 L_give_back_ms=0 L_state_wait_ms=7 L_state_after_pull=1447 L_seal_at_exec=1447 L_tx_root_ahead=0 flood_w1=3125124 txs_p10=200000 acq_us=469 slots_busy=13 ingest_rate=3113069 L_scope_join_ms=0 L_par_release_ms=0 L_commit_body_ms=0 L_par_commit_ms=0 L_give_back_ms=0 L_sealed_ms=8 L_par_exec_ms=22 L_state_wait_ms=7 L_par_pull_ms=0 L_par_prep_ms=0 L_par_start_ms=4 L_pre_exec_ms=0 L_par_run_ms=31 L_sealed_at_ms=53 F_partition_ms=- F_env_ms=- F_groups_ms=- F_merge_ms=- F_reverts_wait_ms=- F_ahead_wait_ms=- F_total_ms=- I_engine_ms=- I_root_ms=- I_total_ms=- H_engine_remember_ms=- H_engine_listing_ms=- H_engine_new_payload_ms=- busy_us=1 L_par_start_ms=4 L_start_handoff_ms=0 L_start_best_ms=4 L_start_puller_ms=0 L_par_pull_ms=0 L_par_prep_ms=0 L_state_wait_ms=7 L_par_exec_ms=22 L_par_commit_ms=0 L_sealed_ms=8 L_sealed_at_ms=53 L_par_graft_ms=0 L_graft_insert_ms=0 L_graft_reverts_ms=0 L_graft_split_us=0 L_graft_build_us=0 L_graft_merge_us=0 L_state_ready_ms=97 Q_queue_ms=0 R_dispatch_wait_ms=- R_total_ms=- R_road_runtime=1 gate_holds=0 peer_fetch=0 pool_limit=limit=4 gate_opened=gate_opened_for_block=0 I_root_ms=- flood_rate_hdr=rate=6000000/s fills=0 fill_waited=- slots_busy=13 acq_us=469 busy_us=1 converged=0 fallbacks=0 busy_us=1 recover_us=0 tf_on_output=3 tf_fallback=0 still_importing=6 busy_us=1 slots_busy=13 batches=altsig_txs=0 altsig_batches=0 tf_on_output=3 tf_fallback=0 gate_holds=0 sign_s=sign 0s replay_note=replay       : 64 files from /data/n42-pregen/g900000-400m, 400000000 transactio sign_s=sign 0s shard=shard_verified=0 shard_claimed=0 road_verified=- slots_busy=13 gate_us=7279 reply_us=7854 queued=2461500 assemble_ms=- road_take_ms=- road_body_ms=- road_encode_ms=- shards=16 shard_insert_ms=0 shard_wait_ms=0 shard_fold_ms=14 shard_append_ms=17 shard_merge_ms=58 state_ready_ms=97 roots_ms=33 exec_read_ms=0 exec_evm_ms=0 exec_write_ms=0 exec_other_ms=0 reads_cache=0 reads_provider=0 reads_view=0 par_run_ms=31 fold_task_cpu_max_us=13447 fold_task_minflt_max=1 fold_task_minflt_sum=1 fold_task_migrated=0 fold_task_nivcsw_max=0 fold_index=1 fold_index_build_ms=13 fold_index_conflicts=8270 fold_queue_us=64 fold_skew_us=37 fold_task_max_us=13449 fold_tail_us=19 start_best_ms=4 start_select_ms=0 start_walk_ms=0 start_walk_check_ms=0 start_best_other_ms=0 start_frames_by_ref=0 start_frames_slow=0 start_pull_ms=0 start_other_ms=0 start_handoff_ms=0 par_start_ms=4 par_prep_ms=0 par_commit_ms=0 commit_body_ms=0 par_fold_ms=8 sealed_ms=8 copy_ms=- prune_ms=0 frames=- frames_missing=- frame_root_ms=- root_ms=- frames_admitted=frames_admitted=578302 frames_unaligned=0 frame_root_indexed=- seal_layout_ms=0 seal_root_ms=0 attested= busy_us=1 slots_busy=13 reply_us=7854 prune_ms=0 body_refused=0 body_failed_late=0
loop348K21AQGD win1 tps=3,166,667 txs=95,000,000 blocks= 475 cycle=0.063s occupancy= 99.8% full(>=95%)=474/475 basefee=n/a (from the layer's log)
loop348K21AQGD win2 tps=3,106,667 txs=93,200,000 blocks= 466 cycle=0.064s occupancy=100.0% full(>=95%)=466/466 basefee=n/a (from the layer's log)
loop348K21AQGD win3 tps=3,086,667 txs=92,600,000 blocks= 463 cycle=0.065s occupancy=100.0% full(>=95%)=463/463 basefee=n/a (from the layer's log)
loop348K21AQGD tps=3,166,667 round_txs=280800000 cycles_w1=
loop348K21AQGD imp_fields_p90= b_p75=6
loop348K21AQGD overlay: filter_skips=0 probes=0 ratio=- (ratio = skips/(skips+probes))
loop348K21AQGD overlay_manager:       1 state_trie_overlay=false  state-ovly_cpu=0
loop348K21AQGD verify: written to /data/blockchain/rust-fleet7-bench/bench-loop348K21AQGD/verify.json
== validator memory at flood +70 s (loop348K21AQGD)
validators 21: RSS sum 2.7 G, max 0.13 G, mean 0.13 G; threads 1155 (mean 55)
one validator (pid 655370):
VmHWM:	  126272 kB
VmRSS:	  126272 kB
RssAnon:	  110696 kB
RssFile:	   15576 kB
RssShmem:	       0 kB
Threads:	55
Rss:              126272 kB
Private_Dirty:    110696 kB
Anonymous:        110696 kB
AnonHugePages:         0 kB
threads by name:
     49 h2_validator
      4 tokio-rt-worker
      1 n42-qmdb-prefau
      1 futures-timer
largest mappings by Rss:
33748  759907600000-75990ce00000
14640  759918c00000-759919c00000
13196  759919d00000-75991aa00000
11904  75991db00000-759920000000
11452  75991aa80000-75991ba00000
10664 /data/n42-build/target-n42-rs/native/release/examples/h2_validator 5ad063944000-5ad0647de000
10148  759914000000-759914a00000
4492  75991be00000-75991c800000
RSS of all validators, sorted:
min 125.876 MB median 126.276 MB max 130.6 MB
== many-keys report loop348K21AQGD
== loop348K21AQGD: 21 validator logs, f=6, quorum 15
1. the leaders' commit lines
  R1_collect (proposal -> prepare QC): n=4346 p50 5.0 p90 33.0 p99 84.0 max 5770.0 ms
  R2_collect (prepare QC -> commit QC): n=4346 p50 4.0 p90 5.0 p99 11.0 max 16.0 ms
  total (proposal -> commit): n=4346 p50 61.0 p90 76.0 p99 132.0 max 5827.0 ms
  votes at formation: R1 median 15 max 15 (quorum 15); R2 median 15 max 15
2. vote collection at the traced leaders (first vote -> quorum -> last vote)
 R1 (vote), 3071 views:
    proposal -> first vote: n=3071 p50 3.0 p90 39.2 p99 86.7 max 123.2 ms
    first vote -> quorum: n=3071 p50 0.5 p90 0.8 p99 1.8 max 5763.1 ms
    quorum -> last vote: n=3071 p50 2.7 p90 3.0 p99 8.8 max 30.2 ms
    proposal -> last vote (the slowest key): n=3071 p50 6.4 p90 43.1 p99 92.0 max 5771.2 ms
   views with fewer than 20 votes received: 0
 R2 (commit_vote), 3071 views:
    proposal -> first vote: n=3071 p50 8.0 p90 45.1 p99 93.7 max 5772.9 ms
    first vote -> quorum: n=3071 p50 0.6 p90 0.8 p99 1.7 max 4.5 ms
    quorum -> last vote: n=3071 p50 4.8 p90 6.1 p99 14.4 max 121.9 ms
    proposal -> last vote (the slowest key): n=3071 p50 13.6 p90 51.1 p99 103.2 max 5779.7 ms
   views with fewer than 20 votes received: 0
3. the straggler rule and the loop
  proposal interval (same leader, consecutive views): n=4341 p50 61.3 p90 62.3 p99 98.0 max 5779.2 ms; >= 500 ms: 1
  no `slow step` lines
4. gossip propagation (proposal sent -> received at a traced follower)
    proposal arrival delay: n=9967 p50 0.4 p90 0.8 p99 1.2 max 13.9 ms
4b. the new fields (docs/E1_MANY_KEYS.md section 6), leaders' `block committed!` and `proposal sent` lines
    verify_us: n=4346 p50 4383.0 p90 4693.0 p99 4999.0 max 5862.0 us
    verify_n: n=4346 p50 30.0 p90 31.0 p99 33.0 max 37.0 
    verify_batches: n=4346 p50 3.0 p90 3.0 p99 3.0 max 5.0 
  verify_fallbacks: total 0 over 4346 blocks
    inbound_queue_max: n=4346 p50 6.0 p90 6.0 p99 10.0 max 41.0 
    gossip_poll_us: n=4346 p50 1144.0 p90 1265.0 p99 1380.0 max 6405.0 us
  straggler_waits (cumulative per leader log, summed over 5 leaders): 0; waits with straggler_wait_us > 0: 0 of 4346 proposals, none
  direct votes at the leaders: received 173640 (duplicates dropped 0); sent by those nodes 20472, fallbacks to gossip 0; leaders led 4346 views = 173840 vote messages expected (2 rounds x 20); direct share of those 99.9%
5. validators
validators n=21: cpu total 3.14 cores, per key mean 0.150 median 0.142 max 0.220 (key 1) min 0.138; rss per key peak mean 0.128 max 0.131 G, sum of peaks 2.7 G; threads per key mean 55, total 1155
libp2p connections (last census of 5): 421 in all (a full mesh of 21 is 210); sockets per process min 20 median 20 max 21
== loop348K21AQGD  (E=1: seven validator keys on one execution layer)
  window 1: canonical 475 blocks, 95.0M tx = 3,166,667/s (100.0% of window 1), full 474/475 (100%); cycle mean/median/p90 63.2/61.4/67.6 ms
    leader builds 474: sealed_at median/p90/p99 49/69/95; phases median/p90 ms: gap_before_exec 6/29, state_wait 6/28, par 51/73, par_exec 22/28, roots 31/45, parent_fields 4/22, sealed 5/23
    state_wait_on {'output': 243, 'none': 168, 'grandparent': 61, 'open': 2}; builds with state_wait > 20 ms: 65 ([('grandparent', 54), ('output', 11)]); gp_layer {1.0: 474}, ggp_missing {0.0: 411, 1.0: 63}
    queue at the builds min/median 1,460,500/2,515,500
    new field batch_cpu_sum_us: median/p90/max 613143.5/745664.0/1702285, nonzero 474
    new field batch_dispatch_us: median/p90/max 223.0/317.0/2257, nonzero 474
    new field batch_first_start_us: median/p90/max 77.0/127.0/327, nonzero 474
    new field batch_ivcsw: median/p90/max 1.0/7.0/26, nonzero 275
    new field batch_last_end_us: median/p90/max 22956.5/27943.0/64897, nonzero 474
    new field batch_last_start_us: median/p90/max 17460.5/21406.0/49000, nonzero 474
    new field batch_live_deferred: median/p90/max 72.0/81.0/89, nonzero 474
    new field batch_live_lock_hold_us: median/p90/max 10576.0/12555.0/17616, nonzero 474
    new field batch_live_lock_wait_us: median/p90/max 0.0/0.0/0, nonzero 0
    new field batch_live_lock_waits: median/p90/max 0.0/0.0/0, nonzero 0
    new field batch_majflt: median/p90/max 0.0/0.0/0, nonzero 0
    new field batch_minflt: median/p90/max 745.0/8624.0/25763, nonzero 474
    new field batch_open_max_us: median/p90/max 412.5/503.0/2730, nonzero 474
    new field batch_open_sum_us: median/p90/max 9830.0/12128.0/16721, nonzero 474
    new field batch_threads: median/p90/max 32.0/32.0/32, nonzero 474
    new field batch_vcsw: median/p90/max 175.0/478.0/888, nonzero 474
    new field batch_view_index_wait_us: median/p90/max 0.0/17887.0/58087, nonzero 113
    new field batch_view_index_waits: median/p90/max 0.0/258.0/655, nonzero 113
    new field batch_view_slot_wait_us: median/p90/max 0.0/2226.0/8186, nonzero 123
    new field batch_view_slot_waits: median/p90/max 0.0/52.0/128, nonzero 123
    new field batch_wall_sum_us: median/p90/max 631618.0/757045.0/1703779, nonzero 474
    new field batches: median/p90/max 128.0/128.0/128, nonzero 474
    new field build_batches: median/p90/max 128.0/128.0/128, nonzero 474
    new field carried_depth: median/p90/max 1.0/1.0/1, nonzero 474
    new field exec_end_to_seal_us: median/p90/max 94.0/140.0/392, nonzero 474
    new field exec_partition_us: median/p90/max 6.0/9.0/5105, nonzero 474
    new field exec_prepared_groups: {'true': 472, 'false': 2}
    new field exec_prepared_slots: {'true': 472, 'false': 2}
    new field exec_slots_us: median/p90/max 0.0/0.0/1510, nonzero 2
    new field freeze_join_wait_us: median/p90/max 9071.0/16522.0/35317, nonzero 474
    new field freeze_late: {'true': 474}
    new field freeze_pool_own: {'true': 474}
    new field live_index_defer: {'true': 474}
    new field merge_accounts: median/p90/max 192196.5/195548.0/198326, nonzero 474
    new field merge_append_us: median/p90/max 2944.5/6905.0/17808, nonzero 474
    new field merge_early: {'false': 474}
    new field merge_join_wait_us: median/p90/max 0.0/0.0/0, nonzero 0
    new field merge_reverts: median/p90/max 192196.5/195548.0/198326, nonzero 474
    new field merge_reverts_us: median/p90/max 15783.0/21059.0/32626, nonzero 474
    new field merge_state_us: median/p90/max 38446.0/46131.0/65874, nonzero 474
    new field merge_tail_us: median/p90/max 0.0/0.0/1, nonzero 7
    new field merge_threads: median/p90/max 1.0/1.0/1, nonzero 474
    new field one_wave: {'false': 474}
    new field open_engine_us: median/p90/max 0.0/20192.0/120518, nonzero 63
    new field open_fallback: {'false': 411, 'true': 63}
    new field open_keep_us: median/p90/max 6.0/9.0/33, nonzero 474
    new field open_kept_accounts: median/p90/max 576297.0/584209.0/589980, nonzero 474
    new field open_layers: median/p90/max 3.0/3.0/3, nonzero 474
    new field open_provider_us: median/p90/max 98.0/163.0/627, nonzero 474
    new field plan_age_us: median/p90/max 48078.5/95043.0/149229, nonzero 474
    new field plan_ahead: median/p90/max 1.0/1.0/1, nonzero 474
    new field plan_body: median/p90/max 1.0/1.0/2, nonzero 474
    new field plan_body_us: median/p90/max 14874.0/19701.0/24808, nonzero 472
    new field plan_discard: {'': 474}
    new field plan_prep_us: median/p90/max 7254.0/13761.0/29722, nonzero 474
    new field plan_topup_txs: median/p90/max 0.0/0.0/0, nonzero 0
    new field prep_from_plan: {'true': 472, 'false': 2}
    new field prev_seal_to_answer_us: median/p90/max 1680.5/2806.0/6639, nonzero 474
    new field prev_seal_to_entry_us: median/p90/max 0.0/0.0/0, nonzero 0
    new field prev_seal_to_header_us: median/p90/max 205.0/321.0/857, nonzero 474
    new field prev_seal_to_import_us: median/p90/max 113347.5/148948.0/202585, nonzero 449
    new field prev_seal_to_request_us: median/p90/max 999.5/65947.0/92928, nonzero 474
    new field prev_seal_to_start_us: median/p90/max 1281.0/66194.0/94496, nonzero 474
    new field pull_bulk_txs: median/p90/max 200000.0/200000.0/200000, nonzero 474
    new field pull_bulk_us: median/p90/max 5.0/9.0/1227, nonzero 474
    new field receipts_late: {'false': 474}
    new field receipts_late_wait_us: median/p90/max 0.0/0.0/1, nonzero 1
    new field rename_fallbacks: median/p90/max 0.0/0.0/0, nonzero 0
    new field rename_record_waits: median/p90/max 0.0/0.0/0, nonzero 0
    new field root_apply_gap_us: median/p90/max 10.0/12.0/23, nonzero 474
    new field root_apply_total_us: median/p90/max 20675.5/29792.0/44650, nonzero 474
    new field root_compute_us: median/p90/max 22697.0/33303.0/46803, nonzero 474
    new field root_delta_us: median/p90/max 1188.0/3655.0/12397, nonzero 474
    new field root_index_us: median/p90/max 2754.5/5271.0/18357, nonzero 474
    new field root_leaves_us: median/p90/max 6986.0/11666.0/27899, nonzero 474
    new field root_note_us: median/p90/max 154.0/241.0/1559, nonzero 474
    new field root_ops_ahead: {'true': 474}
    new field root_ops_ahead_wait_us: median/p90/max 3829.5/9862.0/25666, nonzero 473
    new field root_ops_concat_us: median/p90/max 0.0/0.0/0, nonzero 0
    new field root_ops_encode_us: median/p90/max 5521.5/9681.0/22871, nonzero 474
    new field root_ops_finish_us: median/p90/max 2370.5/3044.0/7877, nonzero 474
    new field root_ops_sort_us: median/p90/max 4034.5/7922.0/23941, nonzero 474
    new field root_ops_us: median/p90/max 6222.5/12561.0/28149, nonzero 474
    new field root_rehash_us: median/p90/max 1396.5/1912.0/15243, nonzero 474
    new field root_retire_us: median/p90/max 1567.5/2560.0/5831, nonzero 474
    new field root_sort_us: median/p90/max 182.0/391.0/2710, nonzero 474
    new field root_undo_us: median/p90/max 334.5/708.0/2725, nonzero 474
    new field root_writes_us: median/p90/max 6750.5/9705.0/17173, nonzero 474
    new field seal_hashes_ahead: {'true': 474}
    new field seal_on_counters: {'true': 474}
    new field seal_to_complete_us: median/p90/max 109758.0/126966.0/146684, nonzero 474
    new field seal_to_frozen_us: median/p90/max 9046.0/16472.0/35262, nonzero 343
    new field seal_to_merge_end_us: median/p90/max 109658.5/126899.0/146592, nonzero 474
    new field seal_to_merge_start_us: median/p90/max 49838.0/64759.0/80094, nonzero 474
    new field seal_to_ops_ahead_us: median/p90/max 21745.0/30686.0/44195, nonzero 474
    new field seal_to_shards_ready_us: median/p90/max 14331.5/21191.0/40676, nonzero 474
    new field seal_to_state_ready_us: median/p90/max 109667.0/126905.0/146603, nonzero 474
    new field sealed_unix_us: median/p90/max 1791451219410153.5/1791451231095255.0/1791451234031751, nonzero 474
    new field start_walk_check_us: median/p90/max 0.0/0.0/0, nonzero 0
    new field start_walk_ids_us: median/p90/max 0.0/0.0/0, nonzero 0
    new field start_walk_settle_us: median/p90/max 0.0/0.0/0, nonzero 0
    new field start_walk_us: median/p90/max 0.0/0.0/0, nonzero 0
    new field state_wait_us: median/p90/max 6379.0/28669.0/130075, nonzero 474
    new field view_journal_reads: median/p90/max 0.0/81920.0/155648, nonzero 223
    new field view_journal_searches: median/p90/max 0.0/225093.0/426504, nonzero 223
    new field view_journal_skips: median/p90/max 0.0/0.0/0, nonzero 0
    new field whole_take_noted: {'true': 474}
    binding wait (tick / quorum / seal share, mean cycle): tick 99% (63); quorum 1% (111); seal 0% (101); feed-bound (blocks under 95% of the tier): 1 of 475
    slowest key vote delay median/p90 9.0/45.0 ms
    engine own-import total_ms per block median/p90/max 35/56/91 (n=474)
    layer RSS 4.7 -> 27.1 G (max 27.1), in-memory blocks max 10
    execution layer cores busy 35.7    validators cores busy 3.1
    flood delivered (median per 5 s over the leg) 3,131,730/s
  window 2: canonical 466 blocks, 93.2M tx = 3,106,667/s (98.1% of window 1), full 466/466 (100%); cycle mean/median/p90 61.7/61.2/65.5 ms
    leader builds 467: sealed_at median/p90/p99 53/75/99; phases median/p90 ms: gap_before_exec 6/43, state_wait 6/43, par 53/81, par_exec 22/27, roots 34/49, parent_fields 8/25, sealed 9/26
    state_wait_on {'output': 230, 'grandparent': 86, 'none': 151}; builds with state_wait > 20 ms: 82 ([('grandparent', 75), ('output', 7)]); gp_layer {1.0: 467}, ggp_missing {0.0: 373, 1.0: 94}
    queue at the builds min/median 2,286,000/2,516,000
    new field batch_cpu_sum_us: median/p90/max 609354.0/732390.0/1490587, nonzero 467
    new field batch_dispatch_us: median/p90/max 226.0/306.0/3141, nonzero 467
    new field batch_first_start_us: median/p90/max 79.0/119.0/240, nonzero 467
    new field batch_ivcsw: median/p90/max 1.0/8.0/25, nonzero 264
    new field batch_last_end_us: median/p90/max 22298.0/27644.0/56946, nonzero 467
    new field batch_last_start_us: median/p90/max 17226.0/20793.0/42577, nonzero 467
    new field batch_live_deferred: median/p90/max 73.0/81.0/156, nonzero 467
    new field batch_live_lock_hold_us: median/p90/max 10789.0/12882.0/26646, nonzero 467
    new field batch_live_lock_wait_us: median/p90/max 0.0/0.0/0, nonzero 0
    new field batch_live_lock_waits: median/p90/max 0.0/0.0/0, nonzero 0
    new field batch_majflt: median/p90/max 0.0/0.0/0, nonzero 0
    new field batch_minflt: median/p90/max 911.0/9097.0/31996, nonzero 467
    new field batch_open_max_us: median/p90/max 423.0/518.0/2180, nonzero 467
    new field batch_open_sum_us: median/p90/max 10405.0/13228.0/30905, nonzero 467
    new field batch_threads: median/p90/max 32.0/32.0/32, nonzero 467
    new field batch_vcsw: median/p90/max 186.0/520.0/876, nonzero 467
    new field batch_view_index_wait_us: median/p90/max 0.0/24302.0/42788, nonzero 119
    new field batch_view_index_waits: median/p90/max 0.0/293.0/583, nonzero 119
    new field batch_view_slot_wait_us: median/p90/max 0.0/1894.0/6899, nonzero 126
    new field batch_view_slot_waits: median/p90/max 0.0/53.0/120, nonzero 126
    new field batch_wall_sum_us: median/p90/max 616573.0/749972.0/1493754, nonzero 467
    new field batches: median/p90/max 128.0/128.0/128, nonzero 467
    new field build_batches: median/p90/max 128.0/128.0/128, nonzero 467
    new field carried_depth: median/p90/max 1.0/1.0/1, nonzero 467
    new field exec_end_to_seal_us: median/p90/max 95.0/148.0/627, nonzero 467
    new field exec_partition_us: median/p90/max 6.0/9.0/2030, nonzero 467
    new field exec_prepared_groups: {'true': 462, 'false': 5}
    new field exec_prepared_slots: {'true': 462, 'false': 5}
    new field exec_slots_us: median/p90/max 0.0/0.0/1586, nonzero 6
    new field freeze_join_wait_us: median/p90/max 6100.0/15293.0/24487, nonzero 467
    new field freeze_late: {'true': 467}
    new field freeze_pool_own: {'true': 467}
    new field live_index_defer: {'true': 467}
    new field merge_accounts: median/p90/max 191926.0/195052.0/198965, nonzero 467
    new field merge_append_us: median/p90/max 3192.0/7687.0/18565, nonzero 467
    new field merge_early: {'false': 467}
    new field merge_join_wait_us: median/p90/max 0.0/0.0/0, nonzero 0
    new field merge_reverts: median/p90/max 191926.0/195052.0/198965, nonzero 467
    new field merge_reverts_us: median/p90/max 16018.0/21857.0/35529, nonzero 467
    new field merge_state_us: median/p90/max 38754.0/46526.0/62110, nonzero 467
    new field merge_tail_us: median/p90/max 0.0/0.0/5, nonzero 9
    new field merge_threads: median/p90/max 1.0/1.0/1, nonzero 467
    new field one_wave: {'false': 467}
    new field open_engine_us: median/p90/max 0.0/33105.0/89323, nonzero 94
    new field open_fallback: {'false': 373, 'true': 94}
    new field open_keep_us: median/p90/max 6.0/10.0/33, nonzero 467
    new field open_kept_accounts: median/p90/max 575195.0/582251.0/589279, nonzero 467
    new field open_layers: median/p90/max 3.0/3.0/3, nonzero 467
    new field open_provider_us: median/p90/max 101.0/163.0/914, nonzero 467
    new field plan_age_us: median/p90/max 49105.0/97181.0/147313, nonzero 466
    new field plan_ahead: median/p90/max 1.0/1.0/1, nonzero 466
    new field plan_body: median/p90/max 1.0/1.0/2, nonzero 466
    new field plan_body_us: median/p90/max 17618.0/20786.0/26738, nonzero 462
    new field plan_discard: {'': 466, 'not_on_its_parent': 1}
    new field plan_prep_us: median/p90/max 7376.0/14339.0/26713, nonzero 466
    new field plan_topup_txs: median/p90/max 0.0/0.0/0, nonzero 0
    new field prep_from_plan: {'true': 462, 'false': 5}
    new field prev_seal_to_answer_us: median/p90/max 1715.0/2880.0/7796, nonzero 467
    new field prev_seal_to_entry_us: median/p90/max 0.0/0.0/0, nonzero 0
    new field prev_seal_to_header_us: median/p90/max 201.0/327.0/1589, nonzero 467
    new field prev_seal_to_import_us: median/p90/max 120536.0/157107.0/210327, nonzero 427
    new field prev_seal_to_request_us: median/p90/max 1006.0/63145.0/124092, nonzero 467
    new field prev_seal_to_start_us: median/p90/max 1306.0/63423.0/124311, nonzero 467
    new field pull_bulk_txs: median/p90/max 200000.0/200000.0/200000, nonzero 467
    new field pull_bulk_us: median/p90/max 5.0/9.0/1298, nonzero 467
    new field receipts_late: {'false': 467}
    new field receipts_late_wait_us: median/p90/max 0.0/0.0/0, nonzero 0
    new field rename_fallbacks: median/p90/max 0.0/0.0/0, nonzero 0
    new field rename_record_waits: median/p90/max 0.0/0.0/0, nonzero 0
    new field root_apply_gap_us: median/p90/max 10.0/14.0/27, nonzero 467
    new field root_apply_total_us: median/p90/max 23046.0/33417.0/46949, nonzero 467
    new field root_compute_us: median/p90/max 25226.0/36794.0/76629, nonzero 467
    new field root_delta_us: median/p90/max 1193.0/3007.0/14024, nonzero 467
    new field root_index_us: median/p90/max 3123.0/6522.0/16711, nonzero 467
    new field root_leaves_us: median/p90/max 7402.0/11976.0/23731, nonzero 467
    new field root_note_us: median/p90/max 146.0/231.0/1642, nonzero 467
    new field root_ops_ahead: {'true': 467}
    new field root_ops_ahead_wait_us: median/p90/max 3692.0/10449.0/25014, nonzero 467
    new field root_ops_concat_us: median/p90/max 0.0/0.0/0, nonzero 0
    new field root_ops_encode_us: median/p90/max 5635.0/10192.0/23914, nonzero 467
    new field root_ops_finish_us: median/p90/max 2300.0/3190.0/10633, nonzero 467
    new field root_ops_sort_us: median/p90/max 3520.0/8222.0/18341, nonzero 467
    new field root_ops_us: median/p90/max 6182.0/12839.0/27840, nonzero 467
    new field root_rehash_us: median/p90/max 2066.0/4055.0/16743, nonzero 467
    new field root_retire_us: median/p90/max 1832.0/3014.0/10454, nonzero 467
    new field root_sort_us: median/p90/max 182.0/454.0/4439, nonzero 467
    new field root_undo_us: median/p90/max 351.0/664.0/4668, nonzero 467
    new field root_writes_us: median/p90/max 6815.0/10199.0/23286, nonzero 467
    new field seal_hashes_ahead: {'true': 467}
    new field seal_on_counters: {'true': 467}
    new field seal_to_complete_us: median/p90/max 112831.0/132810.0/171053, nonzero 467
    new field seal_to_frozen_us: median/p90/max 6101.0/15237.0/24433, nonzero 289
    new field seal_to_merge_end_us: median/p90/max 112746.0/132743.0/170919, nonzero 467
    new field seal_to_merge_start_us: median/p90/max 52663.0/67680.0/101681, nonzero 467
    new field seal_to_ops_ahead_us: median/p90/max 20931.0/30000.0/45995, nonzero 467
    new field seal_to_shards_ready_us: median/p90/max 13178.0/19775.0/29000, nonzero 467
    new field seal_to_state_ready_us: median/p90/max 112752.0/132751.0/170932, nonzero 467
    new field sealed_unix_us: median/p90/max 1791451248762393.0/1791451260895552.0/1791451264039538, nonzero 467
    new field start_walk_check_us: median/p90/max 0.0/0.0/100, nonzero 1
    new field start_walk_ids_us: median/p90/max 0.0/0.0/570, nonzero 1
    new field start_walk_settle_us: median/p90/max 0.0/0.0/0, nonzero 0
    new field start_walk_us: median/p90/max 0.0/0.0/4500, nonzero 1
    new field state_wait_us: median/p90/max 6161.0/43793.0/107794, nonzero 467
    new field view_journal_reads: median/p90/max 8192.0/77824.0/126976, nonzero 238
    new field view_journal_searches: median/p90/max 17610.0/208896.0/385307, nonzero 238
    new field view_journal_skips: median/p90/max 0.0/0.0/0, nonzero 0
    new field whole_take_noted: {'true': 467}
    binding wait (tick / quorum / seal share, mean cycle): tick 100% (62); quorum 0%; seal 0%; feed-bound (blocks under 95% of the tier): 0 of 466
    slowest key vote delay median/p90 9.4/42.4 ms
    engine own-import total_ms per block median/p90/max 42/61/98 (n=466)
    layer RSS 26.4 -> 34.0 G (max 34.0), in-memory blocks max 10
    execution layer cores busy 35.3    validators cores busy 3.1
  window 3: canonical 463 blocks, 92.6M tx = 3,086,667/s (97.5% of window 1), full 463/463 (100%); cycle -
    leader builds 464: sealed_at median/p90/p99 57/77/97; phases median/p90 ms: gap_before_exec 9/41, state_wait 9/40, par 58/83, par_exec 21/27, roots 34/52, parent_fields 9/27, sealed 10/28
    state_wait_on {'output': 232, 'none': 113, 'grandparent': 118, 'open': 1}; builds with state_wait > 20 ms: 115 ([('grandparent', 97), ('output', 18)]); gp_layer {1.0: 464}, ggp_missing {0.0: 334, 1.0: 130}
    queue at the builds min/median 2,281,000/2,515,500
    new field batch_cpu_sum_us: median/p90/max 592583.5/720118.0/1959011, nonzero 464
    new field batch_dispatch_us: median/p90/max 232.0/331.0/622, nonzero 464
    new field batch_first_start_us: median/p90/max 79.0/120.0/278, nonzero 464
    new field batch_ivcsw: median/p90/max 1.0/7.0/21, nonzero 265
    new field batch_last_end_us: median/p90/max 21841.5/27209.0/67435, nonzero 464
    new field batch_last_start_us: median/p90/max 17024.5/20557.0/53180, nonzero 464
    new field batch_live_deferred: median/p90/max 75.0/86.0/317, nonzero 464
    new field batch_live_lock_hold_us: median/p90/max 10919.0/13731.0/47002, nonzero 464
    new field batch_live_lock_wait_us: median/p90/max 0.0/0.0/0, nonzero 0
    new field batch_live_lock_waits: median/p90/max 0.0/0.0/0, nonzero 0
    new field batch_majflt: median/p90/max 0.0/0.0/10, nonzero 4
    new field batch_minflt: median/p90/max 949.0/10857.0/39568, nonzero 464
    new field batch_open_max_us: median/p90/max 416.5/519.0/3900, nonzero 464
    new field batch_open_sum_us: median/p90/max 10277.5/12977.0/23816, nonzero 464
    new field batch_threads: median/p90/max 32.0/32.0/32, nonzero 464
    new field batch_vcsw: median/p90/max 188.0/512.0/926, nonzero 464
    new field batch_view_index_wait_us: median/p90/max 0.0/22046.0/55351, nonzero 117
    new field batch_view_index_waits: median/p90/max 0.0/281.0/688, nonzero 117
    new field batch_view_slot_wait_us: median/p90/max 0.0/1904.0/3584, nonzero 124
    new field batch_view_slot_waits: median/p90/max 0.0/51.0/99, nonzero 124
    new field batch_wall_sum_us: median/p90/max 609583.0/737361.0/1962192, nonzero 464
    new field batches: median/p90/max 128.0/128.0/128, nonzero 464
    new field build_batches: median/p90/max 128.0/128.0/128, nonzero 464
    new field carried_depth: median/p90/max 1.0/1.0/1, nonzero 464
    new field exec_end_to_seal_us: median/p90/max 96.0/150.0/470, nonzero 464
    new field exec_partition_us: median/p90/max 6.0/8.0/114, nonzero 464
    new field exec_prepared_groups: {'true': 464}
    new field exec_prepared_slots: {'true': 464}
    new field exec_slots_us: median/p90/max 0.0/0.0/0, nonzero 0
    new field freeze_join_wait_us: median/p90/max 5618.5/16941.0/29847, nonzero 464
    new field freeze_late: {'true': 464}
    new field freeze_pool_own: {'true': 464}
    new field live_index_defer: {'true': 464}
    new field merge_accounts: median/p90/max 191716.5/195371.0/197700, nonzero 464
    new field merge_append_us: median/p90/max 3450.5/7985.0/17641, nonzero 464
    new field merge_early: {'false': 464}
    new field merge_join_wait_us: median/p90/max 0.0/0.0/0, nonzero 0
    new field merge_reverts: median/p90/max 191716.5/195371.0/197700, nonzero 464
    new field merge_reverts_us: median/p90/max 14435.0/19848.0/28048, nonzero 464
    new field merge_state_us: median/p90/max 40349.5/49094.0/60063, nonzero 464
    new field merge_tail_us: median/p90/max 0.0/0.0/1, nonzero 6
    new field merge_threads: median/p90/max 1.0/1.0/1, nonzero 464
    new field one_wave: {'false': 464}
    new field open_engine_us: median/p90/max 0.0/36007.0/83311, nonzero 130
    new field open_fallback: {'false': 334, 'true': 130}
    new field open_keep_us: median/p90/max 6.0/12.0/27, nonzero 464
    new field open_kept_accounts: median/p90/max 574884.5/582936.0/589093, nonzero 464
    new field open_layers: median/p90/max 3.0/3.0/3, nonzero 464
    new field open_provider_us: median/p90/max 99.0/204.0/2751, nonzero 464
    new field plan_age_us: median/p90/max 52674.0/84930.0/164677, nonzero 464
    new field plan_ahead: median/p90/max 1.0/1.0/1, nonzero 464
    new field plan_body: median/p90/max 1.0/1.0/1, nonzero 464
    new field plan_body_us: median/p90/max 13685.5/18559.0/31178, nonzero 464
    new field plan_discard: {'': 464}
    new field plan_prep_us: median/p90/max 6890.0/13105.0/29800, nonzero 464
    new field plan_topup_txs: median/p90/max 0.0/0.0/0, nonzero 0
    new field prep_from_plan: {'true': 464}
    new field prev_seal_to_answer_us: median/p90/max 1678.0/2995.0/5680, nonzero 464
    new field prev_seal_to_entry_us: median/p90/max 0.0/0.0/0, nonzero 0
    new field prev_seal_to_header_us: median/p90/max 187.0/288.0/2090, nonzero 464
    new field prev_seal_to_import_us: median/p90/max 129144.5/159957.0/207237, nonzero 433
    new field prev_seal_to_request_us: median/p90/max 955.0/1578.0/90529, nonzero 464
    new field prev_seal_to_start_us: median/p90/max 1248.5/2299.0/90795, nonzero 464
    new field pull_bulk_txs: median/p90/max 200000.0/200000.0/200000, nonzero 464
    new field pull_bulk_us: median/p90/max 6.0/8.0/26, nonzero 464
    new field receipts_late: {'false': 464}
    new field receipts_late_wait_us: median/p90/max 0.0/0.0/0, nonzero 0
    new field rename_fallbacks: median/p90/max 0.0/0.0/0, nonzero 0
    new field rename_record_waits: median/p90/max 0.0/0.0/0, nonzero 0
    new field root_apply_gap_us: median/p90/max 11.0/14.0/24, nonzero 464
    new field root_apply_total_us: median/p90/max 23337.0/34195.0/76727, nonzero 464
    new field root_compute_us: median/p90/max 25688.5/36714.0/78075, nonzero 464
    new field root_delta_us: median/p90/max 1176.5/2858.0/12093, nonzero 464
    new field root_index_us: median/p90/max 2897.5/6603.0/16926, nonzero 464
    new field root_leaves_us: median/p90/max 7091.5/11750.0/22690, nonzero 464
    new field root_note_us: median/p90/max 139.0/225.0/1749, nonzero 464
    new field root_ops_ahead: {'true': 464}
    new field root_ops_ahead_wait_us: median/p90/max 2861.5/9511.0/24327, nonzero 464
    new field root_ops_concat_us: median/p90/max 0.0/0.0/0, nonzero 0
    new field root_ops_encode_us: median/p90/max 5853.0/10266.0/28658, nonzero 464
    new field root_ops_finish_us: median/p90/max 2354.5/3794.0/9695, nonzero 464
    new field root_ops_sort_us: median/p90/max 3246.0/7298.0/14598, nonzero 464
    new field root_ops_us: median/p90/max 5350.0/12403.0/26360, nonzero 464
    new field root_rehash_us: median/p90/max 2674.5/4892.0/32990, nonzero 464
    new field root_retire_us: median/p90/max 1939.0/3128.0/9720, nonzero 464
    new field root_sort_us: median/p90/max 205.5/474.0/5472, nonzero 464
    new field root_undo_us: median/p90/max 340.5/662.0/3106, nonzero 464
    new field root_writes_us: median/p90/max 6836.5/10993.0/38860, nonzero 464
    new field seal_hashes_ahead: {'true': 464}
    new field seal_on_counters: {'true': 464}
    new field seal_to_complete_us: median/p90/max 115319.5/134678.0/161689, nonzero 464
    new field seal_to_frozen_us: median/p90/max 5582.5/16929.0/29838, nonzero 286
    new field seal_to_merge_end_us: median/p90/max 115220.0/134577.0/161591, nonzero 464
    new field seal_to_merge_start_us: median/p90/max 53721.5/70927.0/94905, nonzero 464
    new field seal_to_ops_ahead_us: median/p90/max 21148.0/29268.0/41720, nonzero 464
    new field seal_to_shards_ready_us: median/p90/max 14015.0/21713.0/35078, nonzero 464
    new field seal_to_state_ready_us: median/p90/max 115231.5/134587.0/161599, nonzero 464
    new field sealed_unix_us: median/p90/max 1791451279029786.5/1791451290924828.0/1791451294063358, nonzero 464
    new field start_walk_check_us: median/p90/max 0.0/0.0/0, nonzero 0
    new field start_walk_ids_us: median/p90/max 0.0/0.0/0, nonzero 0
    new field start_walk_settle_us: median/p90/max 0.0/0.0/0, nonzero 0
    new field start_walk_us: median/p90/max 0.0/0.0/0, nonzero 0
    new field state_wait_us: median/p90/max 9128.0/40935.0/85586, nonzero 464
    new field view_journal_reads: median/p90/max 4096.0/73728.0/131072, nonzero 238
    new field view_journal_searches: median/p90/max 10824.0/192740.0/374138, nonzero 238
    new field view_journal_skips: median/p90/max 0.0/0.0/0, nonzero 0
    new field whole_take_noted: {'true': 464}
    engine own-import total_ms per block median/p90/max 44/65/92 (n=463)
    layer RSS 33.6 -> 41.0 G (max 41.0), in-memory blocks max 10
    execution layer cores busy 35.9    validators cores busy 3.2
  round total (3 windows, canonical): 280.8M tx
  layer peak RSS 41.0 G; in-memory blocks max 10
  fields at seal: mode "early", verified 0, unchecked 0, mismatches 0 (last build line, cumulative)
  own_executed_again (built here and also directly imported): 0 of 1446 built blocks
== loop348K21AQGD
  layer-0 leader window-1 builds 475: txs mean 200000, share >= 95% of the tier 100% (max 200000); sealed_at_ms 49.0/69.0; par_ms 51.0/73.0; par_exec_ms 23.0/28.0; roots_ms 31.0/45.0; parent_fields_ms 4.0/22.0; sealed_ms 5.0/23.0
  proposal cycle window 1 (n=491): mean 63.2 median 61.4 p90 67.5 ms; blocks in the 30 s: 491
  binding wait (tick / quorum / seal, share and mean cycle): tick 98.7% (62.7); quorum 0.8% (110.5); seal 0.4% (101.1)
  vote delay after the proposal, slowest key per block: median 9.0 p90 45.0 ms (slowest minus the median key: median 0.2); last key: {1: 66, 2: 83, 3: 82, 4: 82, 5: 83, 6: 79} of 475 blocks
  CPU in window 1 (cores busy): execution layers 35.7 over 1 process(es); validators 3.1 over 21 process(es)
  execution layer peak RSS 41.0 G; in-memory blocks max 10 (node0 and others, all layers)
  blocks built here 1446; none also directly imported
  import-once counters at the last direct import: ; start-up lines with import_once=true: 1; queue-lock lines 0
  layer-0 queue (queued after canonical prune), median per 10 s: t+0:2464000 t+20:2463000 t+40:2443000 t+60:2486000 t+80:2470500
  flood: median per 5 s 3131730/s, final -
  timeout / given-up lines: 0; 
loop348K21AQGD page_faults_per_s_median: node0=186928 
feedcheck loop348K21AQGD: ok (block 200,000 tx)
== loop348K21AQGD: feed check (acq_us / gate_us / reply_us are per frame of 500; rate per 5 s `ingest` line)
  window 1: ingest lines 6; acq_us 469 (max 525); gate_us 6902; reply_us 7464; slots_busy 13%; delivered median 3,154,662/s max 3,238,205/s; queue at builds median 2,515,500 min 1,460,500; full 100% of 475 blocks
  window 2: ingest lines 6; acq_us 469 (max 478); gate_us 7073; reply_us 7646; slots_busy 13%; delivered median 3,149,511/s max 3,260,117/s; queue at builds median 2,516,000 min 2,286,000; full 100% of 466 blocks
  window 3: ingest lines 6; acq_us 470 (max 476); gate_us 7312; reply_us 7876; slots_busy 14%; delivered median 3,093,200/s max 3,204,612/s; queue at builds median 2,515,500 min 2,281,000; full 100% of 463 blocks
  flood.log (+15..+100 s): rate per 5 s median 3,131,730/s max 3,278,931/s; reply latency median 61.0 ms max 66.9 ms
== loop348K21AQGD: lanes lock, drain and pruner (new fields)
  window 1: lock duty 55.0% (max 62.0); holds/5s 2,214; longest hold 27.53 ms median, 32.95 ms max by crates/n42/tx-queue/src/lib.rs:2046 (most frequent holders [('crates/n42/tx-queue/src/lib.rs:2046', 3), ('crates/n42/tx-queue/src/lib.rs:2692', 2)]); lock wait 2454.7 ms/5s, longest 32.99 ms; drains/5s 971 of 16188 tx, mean 1312 us, max 17.54 ms
           prune (450 blocks): prune_ms 34/55; fold 0.6 ms, lock 0.0 ms, remove(hold) 9.4 ms, free 0.0 ms; frames_swept 400; coalesced on 450 of 450; prune_wait_ms 0/0; pruner busy 52% of a thread, lock held by it 1.6%
  window 2: lock duty 59.5% (max 62.0); holds/5s 2,132; longest hold 31.53 ms median, 41.32 ms max by crates/n42/tx-queue/src/lib.rs:2576 (most frequent holders [('crates/n42/tx-queue/src/lib.rs:2046', 5), ('crates/n42/tx-queue/src/lib.rs:2576', 1)]); lock wait 2917.8 ms/5s, longest 38.04 ms; drains/5s 928 of 16873 tx, mean 1573 us, max 24.76 ms
           prune (430 blocks): prune_ms 37/56; fold 0.7 ms, lock 0.0 ms, remove(hold) 11.2 ms, free 0.0 ms; frames_swept 400; coalesced on 430 of 430; prune_wait_ms 0/0; pruner busy 54% of a thread, lock held by it 1.8%
  window 3: lock duty 59.0% (max 62.0); holds/5s 2,086; longest hold 28.20 ms median, 30.73 ms max by crates/n42/tx-queue/src/lib.rs:2046 (most frequent holders [('crates/n42/tx-queue/src/lib.rs:2046', 5), ('crates/n42/tx-queue/src/lib.rs:2692', 1)]); lock wait 2723.1 ms/5s, longest 30.77 ms; drains/5s 848 of 18234 tx, mean 1630 us, max 24.46 ms
           prune (433 blocks): prune_ms 36/54; fold 0.6 ms, lock 0.0 ms, remove(hold) 10.3 ms, free 0.0 ms; frames_swept 400; coalesced on 433 of 433; prune_wait_ms 0/0; pruner busy 53% of a thread, lock held by it 1.8%
== loop348K21AQGD: pruner (per block; busy = sum prune_ms / 30 s, lock = sum (remove_us + settle_us) / 30 s)
  window 1: 450 prunes; prune_ms 34/55; remove_us 9.4/19.5 ms; forget_us 2.9/4.6 ms; settle_us 3.2 ms; pruner busy 52% of a worker; lanes lock held for removal 23%
  window 2: 430 prunes; prune_ms 37/56; remove_us 11.2/22.6 ms; forget_us 2.9/5.3 ms; settle_us 3.6 ms; pruner busy 54% of a worker; lanes lock held for removal 25%
  window 3: 433 prunes; prune_ms 36/54; remove_us 10.3/21.3 ms; forget_us 3.0/5.2 ms; settle_us 3.4 ms; pruner busy 53% of a worker; lanes lock held for removal 24%
== loop348K21AQGD: seal start / pull, prepared plan, answer, chunked drain
  window 1: 474 builds; start_best_ms 4/15; start_walk_us 0/0; start_pull_ms 0/0; par_pull_ms 0/0; par_start_ms 4/15; par_ms 51/73; sealed_at_ms 49/69; pull_bulk_us 5/9; pull_bulk_txs 200000/200000; plan_age_us 48078/95043; plan_prep_us 7254/13761; plan_topup_txs 0/0
           plan_ahead {'1': 474}; plan_discard {'': 474}
           answer: built-ahead bytes median/max 15,243/15,245, layout_only {'true': 474}; proposal sent bytes median/max 15,243/15,245, layout_only {'true': 474}
           drain: chunks/5s 785, chunk max 8,192 tx, finished by others/5s 56; plan_discards (last ingest line) -
  window 2: 467 builds; start_best_ms 5/17; start_walk_us 0/0; start_pull_ms 0/0; par_pull_ms 0/0; par_start_ms 5/17; par_ms 53/81; sealed_at_ms 53/75; pull_bulk_us 5/9; pull_bulk_txs 200000/200000; plan_age_us 49105/97181; plan_prep_us 7376/14339; plan_topup_txs 0/0
           plan_ahead {'1': 466, '0': 1}; plan_discard {'': 466, 'not_on_its_parent': 1}
           answer: built-ahead bytes median/max 15,245/15,245, layout_only {'true': 468}; proposal sent bytes median/max 15,245/15,245, layout_only {'true': 466}
           drain: chunks/5s 761, chunk max 8,192 tx, finished by others/5s 64; plan_discards (last ingest line) -
  window 3: 464 builds; start_best_ms 4/17; start_walk_us 0/0; start_pull_ms 0/0; par_pull_ms 0/0; par_start_ms 4/17; par_ms 58/83; sealed_at_ms 57/77; pull_bulk_us 6/8; pull_bulk_txs 200000/200000; plan_age_us 52674/84930; plan_prep_us 6890/13105; plan_topup_txs 0/0
           plan_ahead {'1': 464}; plan_discard {'': 464}
           answer: built-ahead bytes median/max 15,245/15,245, layout_only {'true': 463}; proposal sent bytes median/max 15,245/15,245, layout_only {'true': 463}
           drain: chunks/5s 716, chunk max 8,192 tx, finished by others/5s 62; plan_discards (last ingest line) -
== loop348K21AQGD: persistence per window (ms per block = part sum / blocks persisted)
  window 1: persisted 468 of 475 produced (99%); total 32.3, sf_tx 28.7, sf_rcpt 6.6, sf_acct 13.4, sf_send 11.1, scope 28.8, qmdb 13.2, post 0.0, pre 3.6, plain_rev 3.6, commit_sf 0.7, commit_mdbx 0.1, commit_rocks 0.0; longest task sf_tx 28.7; in-memory 6 -> 10 (max 10); RSS 4.7 -> 26.4 G; lag 6 -> 10 = +7.0 blocks/min; bp max 0
  window 2: persisted 467 of 466 produced (100%); total 33.8, sf_tx 29.9, sf_rcpt 6.9, sf_acct 14.0, sf_send 11.6, scope 30.1, qmdb 16.2, post 0.0, pre 3.6, plain_rev 3.6, commit_sf 0.8, commit_mdbx 0.1, commit_rocks 0.0; longest task sf_tx 29.9; in-memory 10 -> 9 (max 10); RSS 26.4 -> 33.6 G; lag 10 -> 9 = -2.0 blocks/min; bp max 0
  window 3: persisted 463 of 463 produced (100%); total 35.6, sf_tx 32.1, sf_rcpt 6.8, sf_acct 13.8, sf_send 10.8, scope 32.3, qmdb 17.1, post 0.0, pre 3.3, plain_rev 3.3, commit_sf 0.7, commit_mdbx 0.1, commit_rocks 0.0; longest task sf_tx 32.1; in-memory 9 -> 10 (max 10); RSS 33.6 -> 40.7 G; lag 9 -> 9 = +0.0 blocks/min; bp max 0
  leg end: in-memory 7, max over the sampler 10, backpressure stalls 0
== loop348K21AQGD: execution and root fields (median / p90 per block); over 1447 full builds: rename_fallbacks total 0, rename_record_waits total 0, carried_depth values ['1']
    folded lines 475: pending_max max 86 (median 72); pending_us_max max 18,683; drops_max max 55616
    flags: seal_on_counters true:474; freeze_pool_own true:474; plan_body 1:472/2:2; prep_from_plan false:2/true:472; plan_ahead 1:474; seal per 1,000 transfers 0.245 ms
  window 1 (474 builds): on-CPU share 1.00/1.00; CPU per transfer 3.07/3.73 us; sealed_at_ms 49/69; par_exec_ms 22/28; par_fold_ms 9/16; index_ms 14/19; par_start_ms 4/15; gap_before_exec_ms 6/29; state_wait_us 6,379/28,669; parent_fields_ms 4/22; roots_ms 31/45; seal_to_fields_us 49,699/64,634; seal_to_complete_us 109,758/126,966; rename_fallbacks 0/0; rename_record_waits 0/0; carried_depth 1/1; plan_body_us 14,874/19,701; batch_max_ms 9/13; tx_root_ms 1/1; sealed_ms 5/23
    folded lines 468: pending_max max 88 (median 72); pending_us_max max 16,461; drops_max max 41326
    flags: seal_on_counters true:467; freeze_pool_own true:467; plan_body 0:1/1:462/2:4; prep_from_plan false:5/true:462; plan_ahead 0:1/1:466; seal per 1,000 transfers 0.265 ms
  window 2 (467 builds): on-CPU share 1.00/1.00; CPU per transfer 3.05/3.66 us; sealed_at_ms 53/75; par_exec_ms 22/27; par_fold_ms 7/15; index_ms 13/18; par_start_ms 5/17; gap_before_exec_ms 6/43; state_wait_us 6,161/43,793; parent_fields_ms 8/25; roots_ms 34/49; seal_to_fields_us 52,545/67,564; seal_to_complete_us 112,831/132,810; rename_fallbacks 0/0; rename_record_waits 0/0; carried_depth 1/1; plan_body_us 17,618/20,786; batch_max_ms 9/13; tx_root_ms 1/1; sealed_ms 9/26
    folded lines 463: pending_max max 88 (median 73); pending_us_max max 21,682; drops_max max 36611
    flags: seal_on_counters true:464; freeze_pool_own true:464; plan_body 1:464; prep_from_plan true:464; plan_ahead 1:464; seal per 1,000 transfers 0.285 ms
  window 3 (464 builds): on-CPU share 1.00/1.00; CPU per transfer 2.96/3.60 us; sealed_at_ms 57/77; par_exec_ms 21/27; par_fold_ms 7/17; index_ms 14/20; par_start_ms 4/17; gap_before_exec_ms 9/41; state_wait_us 9,128/40,935; parent_fields_ms 9/27; roots_ms 34/52; seal_to_fields_us 53,590/70,738; seal_to_complete_us 115,320/134,678; rename_fallbacks 0/0; rename_record_waits 0/0; carried_depth 1/1; plan_body_us 13,686/18,559; batch_max_ms 8/12; tx_root_ms 1/1; sealed_ms 10/28
== loop348K21AQGD: 4346 proposals; proposal -> quorum (leader's commit) median 10.8 / p90 39.8 / max 131.0 ms; proposal interval median 61.3 / p90 62.3 ms; TC formed lines 0; leader views timed out 0; ParentUnknown lines 0
   handover at view 1024: proposal intervals (view, ms) [(1023, 61), (1024, 134), (1025, 101), (1026, 61), (1027, 61)] against the median 61 ms
   handover at view 2048: proposal intervals (view, ms) [(2047, 62), (2048, 62), (2049, 61), (2050, 61), (2051, 62)] against the median 61 ms
   handover at view 3072: proposal intervals (view, ms) [(3071, 61), (3072, 61), (3073, 62), (3074, 62), (3075, 61)] against the median 61 ms
   handover at view 4096: proposal intervals (view, ms) [(4095, 61), (4096, 62), (4097, 61), (4098, 62), (4099, 61)] against the median 61 ms
     block 1025 (view 1024): sealed_at_ms 100, gap_before_exec_ms 15, parent_fields_ms 61, rename_fallbacks 0, rename_record_waits 0, carried_depth 1
     block 1026 (view 1025): sealed_at_ms 31, gap_before_exec_ms 7, parent_fields_ms 6, rename_fallbacks 0, rename_record_waits 0, carried_depth 1
     block 1027 (view 1026): sealed_at_ms 42, gap_before_exec_ms 8, parent_fields_ms 11, rename_fallbacks 0, rename_record_waits 0, carried_depth 1
     block 1028 (view 1027): sealed_at_ms 61, gap_before_exec_ms 20, parent_fields_ms 9, rename_fallbacks 0, rename_record_waits 0, carried_depth 1
flood span 95 s; tokio-rt threads alive throughout 34 of 85; group 9.7 cores busy over them (all threads incl. short-lived 12.8)
  per-thread cores busy, top 12: 0.61 0.61 0.59 0.58 0.58 0.58 0.57 0.57 0.57 0.56 0.56 0.56; threads over 0.9 core: 0, over 0.7: 0
== loop348K21AQGD: 1405 full builds in the 3 windows
  par_exec_ms 22/27; par_run_ms 31/60; batch_start_skew_ms 17/20; batch_median_ms 4/5; batch_max_ms 8/13; batch_first_start_us 78/122; batch_last_start_us 17205/20958; batch_dispatch_us 226/316; batch_last_end_us 22273/27710; batches 128/128; batch_threads 32/32; batch_txs_max 2000/2000; batch_txs_min 1500/1500; start_walk_ms 0/0; start_walk_check_ms 0/0; par_start_ms 4/17; sealed_at_ms 53/74; prev_seal_to_answer_us 1689/2886; prev_seal_to_entry_us 0/0; prev_seal_to_header_us 196/315; prev_seal_to_import_us 120178/154466; prev_seal_to_request_us 986/64267; prev_seal_to_start_us 1280/64504; start_walk_check_us 0/0; start_walk_ids_us 0/0; start_walk_settle_us 0/0; start_walk_us 0/0
  one_wave {'false': 1405}
  batches == batch_threads on 0 of 1405 builds
  last - first batch start (ms) median/p90 17.11/20.87; under 2 ms on 0 of 1405 builds
bodygate loop348K21AQGD: invalid_blocks=0 gas_mismatch=0 fields_mismatches=0 own_not_committed=0 proposals_given_up=0
leg loop348K21AQGDb: /data free 513G (needs 120 G)
plan loop348K21AQGDb: exit 0 (21 validators, 1 layer(s)): # validators 21, execution layers 1, 192 CPUs a layer, import-once 1, shared 1; # validators : 32 CPUs set aside, taskset -c 96-111,224-239; # fleet    : 21 nodes, quorum 15 of 21 (f = 6); 0 refusals
leg loop348K21AQGDb start 05:24:26 load 6.77
round loop348K21AQGDb exit 0 at 05:27:27
loop348K21AQGDb save stages (node0, seconds summed over the leg / count): batch_size=1945.0/637  batch_size=1945.0/637  reth_consensus_engine_beacon_persistence_duration=59.3/637  duration_seconds=55.3/637  total=50.6/637  scope=45.4/637  sf=44.7/637  sf_transactions=44.5/637  qmdb_persisted=24.4/637  sf_account_changesets=20.2/637
el binary: /data/n42-build/target-n42-rs/native/release/n42 env: N42_IMPORT_ONCE=1 N42_SETTLEMENT_TAGS=legacy N42_BUILD_THROTTLE_SOFT=48 F7_EL_MAP=0,0,0,0,0,0,0,0,0,0,0,0,0,0,0,0,0,0,0,0,0 N42_FIELDS_AT_SEAL=1 N42_FREEZE_AFTER_SEAL=1 N42_FRAME_BLOCKS=1 N42_TX_INGEST_RECOVER_PARALLEL=24 N42_FREEZE_POOL=own N42_PARALLEL_BUILD_THREADS=32 N42_PLAN_AHEAD=1 N42_HASHED_TABLES=off F7_FLOOD_RATE=6000000 N42_COMPACT_BODY=1 N42_BUILD_BATCHES=128 MALLOC_CONF=thp:always,oversize_threshold:0,dirty_decay_ms:2000,background_thread:true N42_SEAL_ON_COUNTERS=1 N42_ACCOUNT_HISTORY=off N42_TAKE_COMPACT=1 N42_SF_EARLY_WRITEBACK=1 F7_VAL_NO_MALLOC_CONF=1 N42_ROAD_RUNTIME=1 N42_TX_INGEST_HIGH_WATER=2500000 F7_BENCH_POOL_SLOTS=3000000 N42_PLAN_AHEAD_BODY=1 N42_SEAL_AT_EXEC=1 N42_TX_QUEUE_DRAIN_CHUNK=8192 N42_ANSWER_LAYOUT_ONLY=1 N42_PULL_BY_FRAMES=1 N42_SF_PARALLEL_ENCODE=1 N42_BUILD_THROTTLE_HARD=80 N42_LIVE_INDEX_DEFER=1 RAYON_NUM_THREADS=16 F7_VAL_CPUS=32 N42_ROOT_OPS_AHEAD=1 TOKIO_WORKER_THREADS=16 N42_QMDB_READS=on N42_LEADER_LAYERS=3 N42_PERSIST_QMDB_IN_SCOPE=1 F7_BLOCK_INTERVAL_MS=60 F7_MEASURE_FROM_LOG=1
validator env: N42_IMPORT_ONCE=1 N42_SETTLEMENT_TAGS=legacy N42_BUILD_THROTTLE_SOFT=48 F7_EL_MAP=0,0,0,0,0,0,0,0,0,0,0,0,0,0,0,0,0,0,0,0,0 N42_FIELDS_AT_SEAL=1 N42_FREEZE_AFTER_SEAL=1 N42_FRAME_BLOCKS=1 N42_TX_INGEST_RECOVER_PARALLEL=24 N42_FREEZE_POOL=own N42_PARALLEL_BUILD_THREADS=32 N42_PLAN_AHEAD=1 N42_HASHED_TABLES=off F7_FLOOD_RATE=6000000 N42_COMPACT_BODY=1 N42_BUILD_BATCHES=128 N42_SEAL_ON_COUNTERS=1 N42_ACCOUNT_HISTORY=off N42_TAKE_COMPACT=1 N42_SF_EARLY_WRITEBACK=1 N42_ROAD_RUNTIME=1 N42_TX_INGEST_HIGH_WATER=2500000 F7_BENCH_POOL_SLOTS=3000000 N42_PLAN_AHEAD_BODY=1 N42_SEAL_AT_EXEC=1 N42_TX_QUEUE_DRAIN_CHUNK=8192 N42_ANSWER_LAYOUT_ONLY=1 N42_PULL_BY_FRAMES=1 N42_SF_PARALLEL_ENCODE=1 N42_BUILD_THROTTLE_HARD=80 N42_LIVE_INDEX_DEFER=1 RAYON_NUM_THREADS=16 F7_VAL_CPUS=32 N42_ROOT_OPS_AHEAD=1 TOKIO_WORKER_THREADS=16 N42_QMDB_READS=on N42_LEADER_LAYERS=3 N42_PERSIST_QMDB_IN_SCOPE=1 F7_MEASURE_FROM_LOG=1
loop348K21AQGDb once: start-up lines import_once=true 1; last direct-import counters 
loop348K21AQGDb imports: layers=1 direct_imports=0 canonical_blocks=4011 import_once_lines=1 (per layer: direct imports should equal canonical blocks for one execution per block)
grep: /data/blockchain/rust-fleet7-bench/node1/el.log: No such file or directory
grep: /data/blockchain/rust-fleet7-bench/node2/el.log: No such file or directory
grep: /data/blockchain/rust-fleet7-bench/node3/el.log: No such file or directory
grep: /data/blockchain/rust-fleet7-bench/node1/el.log: No such file or directory
grep: /data/blockchain/rust-fleet7-bench/node2/el.log: No such file or directory
grep: /data/blockchain/rust-fleet7-bench/node3/el.log: No such file or directory
cat: /data/blockchain/rust-fleet7-bench/node2/el.log: No such file or directory
cat: /data/blockchain/rust-fleet7-bench/node2/el.log: No such file or directory
cat: /data/blockchain/rust-fleet7-bench/node2/el.log: No such file or directory
cat: /data/blockchain/rust-fleet7-bench/node1/el.log: No such file or directory
cat: /data/blockchain/rust-fleet7-bench/node2/el.log: No such file or directory
cat: /data/blockchain/rust-fleet7-bench/node3/el.log: No such file or directory
Traceback (most recent call last):
  File [35m"<stdin>"[0m, line [35m4[0m, in [35m<module>[0m
[1;35mIndexError[0m: [35mlist index out of range[0m
loop348K21AQGDb no_variant=0 own_not_committed=0 tc=0 invalid_blocks=0 incomplete=0 gas_mismatch=0 direct_imports_failed=0 stuck_at_hashed_state=0 engine_idles_over_5s=1 proposals_given_up=0 tables_off_nodes=1 unanswered_reads=0 seal_first_total=1442 seal_first_direct=1442 direct_guard_errors=0 commit_ms_median=0 fold_ms_median=8 sealed_at_ms_median=53 state_ready_ms_median=98 build_total_ms_median=177 recover_us_median=0 par_exec_ms_median=22 par_exec_ms_median=22 giveback_filtered=0 giveback_offered_max=0 seal_first=1442 reader_lag_max=10 reader_lag_warns=0 view_invalidated=0 el_sum_peak_g=41.6 el_max_peak_g=41.6 val_sum_peak_g=2.7 flood_peak_g=0.6 two_roads_blocks=0 two_roads_overlap_ms_median=- exec_on_output_declined=0 r1_collect_ms_median=5 proposal_at_ms_median=49 view_total_ms_median=61 import_exec_ms_median=- import_total_ms_median=- import_senders_ms_median=- import_convert_ms_median=- import_groups_median=- imports_over_600ms=0 min_avail_g=71.0 road_foreign_body_recv_ms=- road_foreign_body_decode_ms=- road_foreign_body_senders_ms=- road_foreign_body_parent_wait_ms=- road_foreign_body_check_ms=- road_foreign_body_total_ms=- road_new_payload_recv_ms=- road_new_payload_decode_ms=- road_new_payload_senders_ms=- road_new_payload_parent_wait_ms=- road_new_payload_check_ms=- road_new_payload_total_ms=- road_foreign_body_blocks=0 road_new_payload_blocks=0 fcu_answered=1847 fcu_in_flight_ms_median=0 fcu_queued_ms_median=0 fcu_queued_ms_max=90 fcu_refused=0 fcu_slow=2304 bodies_held=0 road_reuse_ms=- road_prepare_ms=- road_dispatch_ms=- road_convert_ms=- road_remember_ms=- road_header_ms=- road_fields_ms=- road_other_ms=- import_engine_ms_median=- gate_forced=0 gate_warns=0 flood_timeouts=0 canonical_min=4065 canonical_max=4065 chained_builds=2549 chain_lead_ms_median=57 chain_wait_ms_median=0 chain_started=2550 chain_discarded=1 chain_discard_reasons=_1_reason="no_,_1_reason="the_execution_layer_produced_nothing chain_alias_warns=0 el_chained=2570 bodies_held_warns=0 el_build_refused=2 el_build_refused_reasons=_2_no_QMDB_tree_for_parent_block_0x queued_p5=2315000 queued_p50=2457000 road_compact_blocks=0 road_compact_recv_ms=- road_compact_assemble_ms=- road_compact_root_ms=- road_compact_miss_wait_ms=- road_compact_senders_ms=- road_compact_check_ms=- road_compact_other_ms=- road_compact_total_ms=- road_compact_misses_total= compact_refused_el=0 compact_fallbacks=0 compact_bytes_median=- pool_order9=14256 par_pull_ms_median=0 build_total_ms_median2=56 road_compact_filled_blocks=0 road_compact_filled_median=- road_compact_fill_ms_median=- need_txns=0 fill_failed=0 ingest_rate_gate_open_median=- ingest_gate_open_intervals=0 ingest_slots_busy_median=- flood_rate= fill_asked_proposer=0 fill_asked_other=0 loop_lines=3084 loop_unnamed_ms_median=47 loop_body_served_ms_median=- loop_txns_served_ms_median=- import_exec_ms_median2=- pip_partition_ms=- pip_env_ms=- pip_batch_ms=- pip_groups_ms=- pip_gas_ms=- pip_merge_ms=- pip_receipts_ms=- pip_drop_ms=- pip_other_ms=- pip_total_ms=- senders_indexed_median=- road_senders_ms_median=- road_total_ms_median=- pew_ms_median=- pew_ms_p90= gate_ms_median=- gate_ms_p90= root_ms_p50=- root_ms_p90= two_roads=0 not_on_output=0 not_on_output_why= ckpt_ms_first_q=2 ckpt_ms_last_q=49 ckpt_bytes_last=34242956 parent_still_importing=0 root_wait_ms_p50=- root_wait_ms_p90= tenures_low_seal=23 seal_first_share=0.99 empty_over_deep=0 near_empty_warns=0 no_seal_why= par_skipped_median=- usable_p5=2315000 ckpt_replay_ms_last_q=14 candidates_zero=0 dropped_ingest=0 let_go_warns=0 let_go_reasons= parked_p50=0 parked_max=0 held_warns=0 park_capped_total=0 superseded_builds=0 empty_not_superseded=0 mass_park_warns=0 heads_lines=0 holes_lines=0 stale_parent_refusals=0 par_groups_p5=0 cancelled_decided=1 heads_nonce0=0 stale_unconfirmed= handovers=0 el_panics=0 decided_cancelled=1 min_window_blocks=458 road_desc_blocks=0 road_desc_total_ms=- road_desc_copy_ms=- desc_misses=0 fill_failed2=0 sf_par_collect_ms=0 sf_par_commit_ms=0 sf_par_fold_ms=8 sf_par_graft_ms=0 sf_par_prefault_ms=0 sf_par_exec_ms=22 sf_sealed_at_ms=53 sf_roots_ms=33 sf_state_ready_ms=98 sf_total_ms=177 ba_find_ms=0 ba_queue_ms=0 ba_total_ms=56 ba_on_output=1441 queue_fold_us=0 queue_lock_us=106 sf_par_exec_ms=22 sf_par_fold_ms=8 pip_groups_ms=- import_exec_ms_median2=- reads_d0=0 reads_hist=0 f_reads_d0=- f_reads_hist=- f_overlay_depth=- L_read_set_ms=0 read_set_accounts=0 read_set_unresolved=0 read_set_hits=0 read_set_misses=0 start_best_ms=- par_prep_ms=- gap_before_exec_ms=- gap_after_exec_ms=- gap_before_seal_ms=- index_ms=- road_copy_aside_ms=- road_copy_wait_ms=- road_total_ms=- queue_first_miss=queue_first_miss=0:2555,queue_first_miss=18446744073709551615:1453 root_append_behind=0 populate_lag_mb=0 swap_used_g=0 root_faults=- root_faults_p90= root_faults_entries=0 root_faults_offsets=0 root_faults_index=0 root_faults_bits=0 root_faults_twigs=0 root_faults_undo=0 root_faults_tmp=0 root_append_faults=0 root_twig_pool_misses=0 batch_max_ms=9 batch_min_ms=2 batch_median_ms=4 batch_cpu_max_ms=8 batch_txs_max=2000 batch_txs_min=1500 batch_start_skew_ms=16 batch_wait_ms=0 loop_fetch_ns=0 loop_check_ns=0 loop_transfer_ns=0 loop_receipt_ns=0 loop_gas_ns=0 loop_sink_ns=0 loop_other_ns=0 batch_setup_ns=0 batch_close_ns=0 imp_exec_part_ms=- imp_exec_batches_ms=- imp_exec_graft_ms=- imp_exec_batches=- imp_exec_threads=- imp_exec_batch_max_ms=- imp_exec_batch_median_ms=- imp_parent_output_wait_ms=- road_parent_output_wait_ms=- next_start_gap_ms=1 next_entry_gap_ms=0 commit_body_ahead_used=- imp_exec_keys_ms=- imp_keys_ahead=- imp_exec_sink_ms=- imp_exec_pre_ms=- imp_exec_post_ms=- imp_exec_receipts_ms=- imp_exec_drop_ms=- root_gap_ms=- queue_whole=queue_whole=false:2555,queue_whole=true:1453 tick_tick_late_us=846 tick_preamble_us=344 tick_take_sealed_us=2 tick_sign_us=1 tick_cache_us=0 tick_presealed=- tick_describe_us=19 tick_publish_us=608 tick_tick_to_send_us=1873 road_check_ms=- road_check_include_us=- road_check_scan_us=- road_check_fold_us=- road_check_senders_us=- road_check_frames_summarized=- road_check_frames_scanned=- imp_exec_start_gap_us=- imp_gap_road_us=- imp_gap_header_us=- imp_gap_senders_us=- imp_gap_parent_us=- imp_gap_setup_us=- imp_gap_keys_wait_us=- sealed_at_p90= sealed_over_130=0 roots_ms=- cycle_p90= batch_max_ms=- batch_median_ms=- imp_batch_max=- forest_lock_warns=1627 root_seal_ms=1 root_seals=40 root_majflt=11644 roots_p90= gp_layer=1450 ggp_missing=294 state_wait_split=0/0/0/0:438,8/0/0/0:80,9/0/0/0:70 qmdb_releases=0 state_wait_on= imp_road_end_ms=- imp_exec_start_ms=- imp_exec_end_ms=- imp_root_end_ms=- imp_fields_ready_ms=- imp_parent_fields_wait_ms=- imp_exec_ms=- imp_root_ms=- imp_checks_ms=- imp_engine_ms=- imp_total_ms=- road_parent_fields_wait_ms=- exec_read_ms=0 L_exec_evm_ms=0 L_exec_write_ms=0 L_exec_other_ms=0 L_reads_cache=0 L_reads_provider=0 L_reads_view=0 L_graft_base_ms=0 L_graft_reserve_ms=0 L_graft_insert_ms=0 L_graft_reverts_ms=0 L_graft_other_ms=0 L_par_exec_ms=22 L_par_graft_ms=0 F_exec_read_ms=- F_exec_evm_ms=- F_exec_write_ms=- F_exec_other_ms=- F_reads_cache=- F_reads_provider=- F_reads_view=- F_groups_ms=- L_tx_root_wait_ms=0 L_par_exec_ms=22 L_par_graft_ms=0 L_par_fold_ms=8 L_sealed_ms=8 L_state_ready_ms=98 L_roots_ms=33 L_finish_ms=107 L_total_ms=177 L_setup_ms=0 L_par_pull_ms=0 L_give_back_ms=0 L_state_wait_ms=7 L_state_after_pull=1442 L_seal_at_exec=1442 L_tx_root_ahead=0 flood_w1=3119033 txs_p10=200000 acq_us=482 slots_busy=13 ingest_rate=3120805 L_scope_join_ms=0 L_par_release_ms=0 L_commit_body_ms=0 L_par_commit_ms=0 L_give_back_ms=0 L_sealed_ms=8 L_par_exec_ms=22 L_state_wait_ms=7 L_par_pull_ms=0 L_par_prep_ms=0 L_par_start_ms=4 L_pre_exec_ms=0 L_par_run_ms=31 L_sealed_at_ms=53 F_partition_ms=- F_env_ms=- F_groups_ms=- F_merge_ms=- F_reverts_wait_ms=- F_ahead_wait_ms=- F_total_ms=- I_engine_ms=- I_root_ms=- I_total_ms=- H_engine_remember_ms=- H_engine_listing_ms=- H_engine_new_payload_ms=- busy_us=1 L_par_start_ms=4 L_start_handoff_ms=0 L_start_best_ms=4 L_start_puller_ms=0 L_par_pull_ms=0 L_par_prep_ms=0 L_state_wait_ms=7 L_par_exec_ms=22 L_par_commit_ms=0 L_sealed_ms=8 L_sealed_at_ms=53 L_par_graft_ms=0 L_graft_insert_ms=0 L_graft_reverts_ms=0 L_graft_split_us=0 L_graft_build_us=0 L_graft_merge_us=0 L_state_ready_ms=98 Q_queue_ms=0 R_dispatch_wait_ms=- R_total_ms=- R_road_runtime=1 gate_holds=0 peer_fetch=0 pool_limit=limit=4 gate_opened=gate_opened_for_block=0 I_root_ms=- flood_rate_hdr=rate=6000000/s fills=0 fill_waited=- slots_busy=13 acq_us=482 busy_us=1 converged=0 fallbacks=0 busy_us=1 recover_us=0 tf_on_output=3 tf_fallback=0 still_importing=0 busy_us=1 slots_busy=13 batches=altsig_txs=0 altsig_batches=0 tf_on_output=3 tf_fallback=0 gate_holds=0 sign_s=sign 0s replay_note=replay       : 64 files from /data/n42-pregen/g900000-400m, 400000000 transactio sign_s=sign 0s shard=shard_verified=0 shard_claimed=0 road_verified=- slots_busy=13 gate_us=7241 reply_us=7817 queued=2457000 assemble_ms=- road_take_ms=- road_body_ms=- road_encode_ms=- shards=16 shard_insert_ms=0 shard_wait_ms=0 shard_fold_ms=14 shard_append_ms=16 shard_merge_ms=60 state_ready_ms=98 roots_ms=33 exec_read_ms=0 exec_evm_ms=0 exec_write_ms=0 exec_other_ms=0 reads_cache=0 reads_provider=0 reads_view=0 par_run_ms=31 fold_task_cpu_max_us=13777 fold_task_minflt_max=0 fold_task_minflt_sum=0 fold_task_migrated=0 fold_task_nivcsw_max=0 fold_index=1 fold_index_build_ms=13 fold_index_conflicts=7982 fold_queue_us=65 fold_skew_us=35 fold_task_max_us=13788 fold_tail_us=19 start_best_ms=4 start_select_ms=0 start_walk_ms=0 start_walk_check_ms=0 start_best_other_ms=0 start_frames_by_ref=0 start_frames_slow=0 start_pull_ms=0 start_other_ms=0 start_handoff_ms=0 par_start_ms=4 par_prep_ms=0 par_commit_ms=0 commit_body_ms=0 par_fold_ms=8 sealed_ms=8 copy_ms=- prune_ms=0 frames=- frames_missing=- frame_root_ms=- root_ms=- frames_admitted=frames_admitted=576695 frames_unaligned=0 frame_root_indexed=- seal_layout_ms=0 seal_root_ms=0 attested= busy_us=1 slots_busy=13 reply_us=7817 prune_ms=0 body_refused=0 body_failed_late=0
loop348K21AQGDb win1 tps=3,146,667 txs=94,400,000 blocks= 472 cycle=0.064s occupancy= 99.8% full(>=95%)=471/472 basefee=n/a (from the layer's log)
loop348K21AQGDb win2 tps=3,106,667 txs=93,200,000 blocks= 466 cycle=0.064s occupancy=100.0% full(>=95%)=466/466 basefee=n/a (from the layer's log)
loop348K21AQGDb win3 tps=3,053,333 txs=91,600,000 blocks= 458 cycle=0.066s occupancy=100.0% full(>=95%)=458/458 basefee=n/a (from the layer's log)
loop348K21AQGDb tps=3,146,667 round_txs=279200000 cycles_w1=
loop348K21AQGDb imp_fields_p90= b_p75=8
loop348K21AQGDb overlay: filter_skips=0 probes=0 ratio=- (ratio = skips/(skips+probes))
loop348K21AQGDb overlay_manager:       1 state_trie_overlay=false  state-ovly_cpu=0
loop348K21AQGDb verify: written to /data/blockchain/rust-fleet7-bench/bench-loop348K21AQGDb/verify.json
== validator memory at flood +70 s (loop348K21AQGDb)
validators 21: RSS sum 2.7 G, max 0.13 G, mean 0.13 G; threads 1155 (mean 55)
one validator (pid 705429):
VmHWM:	  127512 kB
VmRSS:	  127512 kB
RssAnon:	  111872 kB
RssFile:	   15640 kB
RssShmem:	       0 kB
Threads:	55
Rss:              127512 kB
Private_Dirty:    111872 kB
Anonymous:        111872 kB
AnonHugePages:         0 kB
threads by name:
     49 h2_validator
      4 tokio-rt-worker
      1 n42-qmdb-prefau
      1 futures-timer
largest mappings by Rss:
30868  6ffdd2800000-6ffdd5600000
18340  6ffdd7e00000-6ffdd9000000
13196  6ffdd9100000-6ffdd9e00000
11704  6ffdda900000-6ffddc800000
10768 /data/n42-build/target-n42-rs/native/release/examples/h2_validator 5cd3bf5f8000-5cd3c0492000
9092  6ffdd9f00000-6ffdda800000
8344  6ffdcde00000-6ffdcee00000
3472  6ffdd6e00000-6ffdd7600000
RSS of all validators, sorted:
min 127.388 MB median 127.612 MB max 130.732 MB
== many-keys report loop348K21AQGDb
== loop348K21AQGDb: 21 validator logs, f=6, quorum 15
1. the leaders' commit lines
  R1_collect (proposal -> prepare QC): n=4352 p50 5.0 p90 35.0 p99 85.0 max 5749.0 ms
  R2_collect (prepare QC -> commit QC): n=4352 p50 4.0 p90 5.0 p99 11.0 max 17.0 ms
  total (proposal -> commit): n=4352 p50 61.0 p90 79.0 p99 134.0 max 5825.0 ms
  votes at formation: R1 median 15 max 15 (quorum 15); R2 median 15 max 15
2. vote collection at the traced leaders (first vote -> quorum -> last vote)
 R1 (vote), 3071 views:
    proposal -> first vote: n=3071 p50 3.0 p90 41.4 p99 88.1 max 168.7 ms
    first vote -> quorum: n=3071 p50 0.6 p90 0.9 p99 1.9 max 5740.5 ms
    quorum -> last vote: n=3071 p50 2.7 p90 3.0 p99 8.8 max 11.3 ms
    proposal -> last vote (the slowest key): n=3071 p50 6.5 p90 45.2 p99 92.4 max 5750.3 ms
   views with fewer than 20 votes received: 0
 R2 (commit_vote), 3071 views:
    proposal -> first vote: n=3071 p50 8.2 p90 47.5 p99 94.1 max 5752.0 ms
    first vote -> quorum: n=3071 p50 0.6 p90 0.9 p99 1.7 max 4.7 ms
    quorum -> last vote: n=3071 p50 4.8 p90 6.0 p99 14.3 max 21.6 ms
    proposal -> last vote (the slowest key): n=3071 p50 13.8 p90 53.7 p99 101.9 max 5759.2 ms
   views with fewer than 20 votes received: 0
3. the straggler rule and the loop
  proposal interval (same leader, consecutive views): n=4347 p50 61.3 p90 62.3 p99 97.5 max 5758.7 ms; >= 500 ms: 1
  no `slow step` lines
4. gossip propagation (proposal sent -> received at a traced follower)
    proposal arrival delay: n=9985 p50 0.4 p90 0.8 p99 1.2 max 12.9 ms
4b. the new fields (docs/E1_MANY_KEYS.md section 6), leaders' `block committed!` and `proposal sent` lines
    verify_us: n=4352 p50 4396.0 p90 4732.0 p99 5052.0 max 6276.0 us
    verify_n: n=4352 p50 30.0 p90 32.0 p99 36.0 max 41.0 
    verify_batches: n=4352 p50 3.0 p90 3.0 p99 3.0 max 6.0 
  verify_fallbacks: total 0 over 4352 blocks
    inbound_queue_max: n=4352 p50 6.0 p90 7.0 p99 13.0 max 48.0 
    gossip_poll_us: n=4352 p50 1194.0 p90 1355.0 p99 1542.0 max 6125.0 us
  straggler_waits (cumulative per leader log, summed over 5 leaders): 0; waits with straggler_wait_us > 0: 0 of 4352 proposals, none
  direct votes at the leaders: received 169790 (duplicates dropped 0); sent by those nodes 18426, fallbacks to gossip 2046; leaders led 4352 views = 174080 vote messages expected (2 rounds x 20); direct share of those 97.5%
5. validators
validators n=21: cpu total 3.35 cores, per key mean 0.159 median 0.153 max 0.222 (key 1) min 0.148; rss per key peak mean 0.129 max 0.132 G, sum of peaks 2.7 G; threads per key mean 55, total 1155
libp2p connections (last census of 5): 416 in all (a full mesh of 21 is 210); sockets per process min 19 median 20 max 20
== loop348K21AQGDb  (E=1: seven validator keys on one execution layer)
  window 1: canonical 472 blocks, 94.4M tx = 3,146,667/s (100.0% of window 1), full 471/472 (100%); cycle mean/median/p90 63.6/61.5/68.3 ms
    leader builds 471: sealed_at median/p90/p99 51/71/90; phases median/p90 ms: gap_before_exec 7/40, state_wait 7/40, par 52/80, par_exec 21/27, roots 31/45, parent_fields 6/22, sealed 6/23
    state_wait_on {'output': 257, 'grandparent': 64, 'none': 150}; builds with state_wait > 20 ms: 86 ([('grandparent', 61), ('output', 25)]); gp_layer {1.0: 471}, ggp_missing {0.0: 400, 1.0: 71}
    queue at the builds min/median 1,307,500/2,513,500
    new field batch_cpu_sum_us: median/p90/max 587869.0/731258.0/2002560, nonzero 471
    new field batch_dispatch_us: median/p90/max 210.0/289.0/619, nonzero 471
    new field batch_first_start_us: median/p90/max 80.0/120.0/238, nonzero 471
    new field batch_ivcsw: median/p90/max 1.0/7.0/36, nonzero 282
    new field batch_last_end_us: median/p90/max 21648.0/27504.0/72967, nonzero 471
    new field batch_last_start_us: median/p90/max 16644.0/20741.0/52795, nonzero 471
    new field batch_live_deferred: median/p90/max 73.0/80.0/90, nonzero 471
    new field batch_live_lock_hold_us: median/p90/max 10309.0/11985.0/16135, nonzero 471
    new field batch_live_lock_wait_us: median/p90/max 0.0/0.0/0, nonzero 0
    new field batch_live_lock_waits: median/p90/max 0.0/0.0/0, nonzero 0
    new field batch_majflt: median/p90/max 0.0/0.0/0, nonzero 0
    new field batch_minflt: median/p90/max 727.0/8767.0/28404, nonzero 471
    new field batch_open_max_us: median/p90/max 401.0/497.0/2946, nonzero 471
    new field batch_open_sum_us: median/p90/max 9992.0/12724.0/21239, nonzero 471
    new field batch_threads: median/p90/max 32.0/32.0/32, nonzero 471
    new field batch_vcsw: median/p90/max 174.0/518.0/957, nonzero 471
    new field batch_view_index_wait_us: median/p90/max 0.0/21683.0/68312, nonzero 122
    new field batch_view_index_waits: median/p90/max 0.0/298.0/708, nonzero 122
    new field batch_view_slot_wait_us: median/p90/max 0.0/2270.0/4052, nonzero 131
    new field batch_view_slot_waits: median/p90/max 0.0/59.0/109, nonzero 131
    new field batch_wall_sum_us: median/p90/max 600447.0/748719.0/2004504, nonzero 471
    new field batches: median/p90/max 128.0/128.0/128, nonzero 471
    new field build_batches: median/p90/max 128.0/128.0/128, nonzero 471
    new field carried_depth: median/p90/max 1.0/1.0/1, nonzero 471
    new field exec_end_to_seal_us: median/p90/max 99.0/151.0/474, nonzero 471
    new field exec_partition_us: median/p90/max 6.0/9.0/1195, nonzero 471
    new field exec_prepared_groups: {'true': 465, 'false': 6}
    new field exec_prepared_slots: {'true': 465, 'false': 6}
    new field exec_slots_us: median/p90/max 0.0/0.0/2063, nonzero 6
    new field freeze_join_wait_us: median/p90/max 9670.0/18237.0/44486, nonzero 471
    new field freeze_late: {'true': 471}
    new field freeze_pool_own: {'true': 471}
    new field live_index_defer: {'true': 471}
    new field merge_accounts: median/p90/max 191769.0/195157.0/198046, nonzero 471
    new field merge_append_us: median/p90/max 3420.0/6908.0/20335, nonzero 471
    new field merge_early: {'false': 471}
    new field merge_join_wait_us: median/p90/max 0.0/0.0/0, nonzero 0
    new field merge_reverts: median/p90/max 191769.0/195157.0/198046, nonzero 471
    new field merge_reverts_us: median/p90/max 14511.0/19858.0/26283, nonzero 471
    new field merge_state_us: median/p90/max 39019.0/46998.0/67778, nonzero 471
    new field merge_tail_us: median/p90/max 0.0/0.0/1, nonzero 7
    new field merge_threads: median/p90/max 1.0/1.0/1, nonzero 471
    new field one_wave: {'false': 471}
    new field open_engine_us: median/p90/max 0.0/20314.0/70212, nonzero 71
    new field open_fallback: {'false': 400, 'true': 71}
    new field open_keep_us: median/p90/max 6.0/10.0/35, nonzero 471
    new field open_kept_accounts: median/p90/max 574947.0/582269.0/588280, nonzero 471
    new field open_layers: median/p90/max 3.0/3.0/3, nonzero 471
    new field open_provider_us: median/p90/max 99.0/173.0/615, nonzero 471
    new field plan_age_us: median/p90/max 48651.0/96951.0/141784, nonzero 471
    new field plan_ahead: median/p90/max 1.0/1.0/1, nonzero 471
    new field plan_body: median/p90/max 1.0/1.0/2, nonzero 471
    new field plan_body_us: median/p90/max 16743.0/20799.0/24459, nonzero 465
    new field plan_discard: {'': 471}
    new field plan_prep_us: median/p90/max 7175.0/13760.0/33346, nonzero 471
    new field plan_topup_txs: median/p90/max 0.0/0.0/0, nonzero 0
    new field prep_from_plan: {'true': 465, 'false': 6}
    new field prev_seal_to_answer_us: median/p90/max 1711.0/2901.0/7527, nonzero 471
    new field prev_seal_to_entry_us: median/p90/max 0.0/0.0/0, nonzero 0
    new field prev_seal_to_header_us: median/p90/max 209.0/336.0/665, nonzero 471
    new field prev_seal_to_import_us: median/p90/max 117442.0/149941.0/208615, nonzero 432
    new field prev_seal_to_request_us: median/p90/max 1011.0/64358.0/84783, nonzero 471
    new field prev_seal_to_start_us: median/p90/max 1306.0/64607.0/84988, nonzero 471
    new field pull_bulk_txs: median/p90/max 200000.0/200000.0/200000, nonzero 471
    new field pull_bulk_us: median/p90/max 5.0/8.0/1214, nonzero 471
    new field receipts_late: {'false': 471}
    new field receipts_late_wait_us: median/p90/max 0.0/0.0/0, nonzero 0
    new field rename_fallbacks: median/p90/max 0.0/0.0/0, nonzero 0
    new field rename_record_waits: median/p90/max 0.0/0.0/0, nonzero 0
    new field root_apply_gap_us: median/p90/max 10.0/13.0/23, nonzero 471
    new field root_apply_total_us: median/p90/max 21194.0/28897.0/43336, nonzero 471
    new field root_compute_us: median/p90/max 23366.0/32529.0/49605, nonzero 471
    new field root_delta_us: median/p90/max 1135.0/3486.0/14702, nonzero 471
    new field root_index_us: median/p90/max 2775.0/5972.0/18125, nonzero 471
    new field root_leaves_us: median/p90/max 6878.0/11687.0/21212, nonzero 471
    new field root_note_us: median/p90/max 153.0/238.0/1505, nonzero 471
    new field root_ops_ahead: {'true': 471}
    new field root_ops_ahead_wait_us: median/p90/max 3144.0/11168.0/24661, nonzero 471
    new field root_ops_concat_us: median/p90/max 0.0/0.0/0, nonzero 0
    new field root_ops_encode_us: median/p90/max 5943.0/10524.0/22009, nonzero 471
    new field root_ops_finish_us: median/p90/max 2293.0/2913.0/8172, nonzero 471
    new field root_ops_sort_us: median/p90/max 3017.0/7522.0/19367, nonzero 471
    new field root_ops_us: median/p90/max 5576.0/13605.0/27335, nonzero 471
    new field root_rehash_us: median/p90/max 1431.0/1918.0/15157, nonzero 471
    new field root_retire_us: median/p90/max 1633.0/2711.0/8730, nonzero 471
    new field root_sort_us: median/p90/max 193.0/415.0/2713, nonzero 471
    new field root_undo_us: median/p90/max 349.0/680.0/3872, nonzero 471
    new field root_writes_us: median/p90/max 6765.0/9455.0/20799, nonzero 471
    new field seal_hashes_ahead: {'true': 471}
    new field seal_on_counters: {'true': 471}
    new field seal_to_complete_us: median/p90/max 109975.0/127577.0/149684, nonzero 471
    new field seal_to_frozen_us: median/p90/max 9622.0/18188.0/44482, nonzero 330
    new field seal_to_merge_end_us: median/p90/max 109911.0/127492.0/149518, nonzero 471
    new field seal_to_merge_start_us: median/p90/max 51077.0/64454.0/91446, nonzero 471
    new field seal_to_ops_ahead_us: median/p90/max 22094.0/33173.0/62862, nonzero 471
    new field seal_to_shards_ready_us: median/p90/max 14870.0/23668.0/47673, nonzero 471
    new field seal_to_state_ready_us: median/p90/max 109916.0/127507.0/149528, nonzero 471
    new field sealed_unix_us: median/p90/max 1791451565827515.0/1791451577656819.0/1791451580743805, nonzero 471
    new field start_walk_check_us: median/p90/max 0.0/0.0/0, nonzero 0
    new field start_walk_ids_us: median/p90/max 0.0/0.0/0, nonzero 0
    new field start_walk_settle_us: median/p90/max 0.0/0.0/0, nonzero 0
    new field start_walk_us: median/p90/max 0.0/0.0/0, nonzero 0
    new field state_wait_us: median/p90/max 7601.0/40354.0/94292, nonzero 471
    new field view_journal_reads: median/p90/max 4096.0/81920.0/167936, nonzero 238
    new field view_journal_searches: median/p90/max 11998.0/225868.0/497101, nonzero 238
    new field view_journal_skips: median/p90/max 0.0/0.0/0, nonzero 0
    new field whole_take_noted: {'true': 471}
    binding wait (tick / quorum / seal share, mean cycle): tick 99% (63); quorum 1% (116); seal 0% (78); feed-bound (blocks under 95% of the tier): 1 of 472
    slowest key vote delay median/p90 11.3/51.5 ms
    engine own-import total_ms per block median/p90/max 41/60/89 (n=471)
    layer RSS 4.7 -> 26.3 G (max 26.3), in-memory blocks max 11
    execution layer cores busy 36.1    validators cores busy 3.5
    flood delivered (median per 5 s over the leg) 3,109,887/s
  window 2: canonical 466 blocks, 93.2M tx = 3,106,667/s (98.7% of window 1), full 466/466 (100%); cycle mean/median/p90 64.1/61.5/67.9 ms
    leader builds 468: sealed_at median/p90/p99 53/73/108; phases median/p90 ms: gap_before_exec 7/40, state_wait 6/40, par 53/81, par_exec 22/27, roots 33/47, parent_fields 8/24, sealed 9/25
    state_wait_on {'none': 141, 'output': 242, 'grandparent': 85}; builds with state_wait > 20 ms: 92 ([('grandparent', 70), ('output', 22)]); gp_layer {1.0: 468}, ggp_missing {0.0: 374, 1.0: 94}
    queue at the builds min/median 2,241,500/2,516,000
    new field batch_cpu_sum_us: median/p90/max 604098.5/734327.0/1864460, nonzero 468
    new field batch_dispatch_us: median/p90/max 218.5/299.0/475, nonzero 468
    new field batch_first_start_us: median/p90/max 78.0/114.0/271, nonzero 468
    new field batch_ivcsw: median/p90/max 1.0/7.0/17, nonzero 277
    new field batch_last_end_us: median/p90/max 22083.0/27848.0/65111, nonzero 468
    new field batch_last_start_us: median/p90/max 17021.0/21105.0/53523, nonzero 468
    new field batch_live_deferred: median/p90/max 73.0/80.0/133, nonzero 468
    new field batch_live_lock_hold_us: median/p90/max 10859.0/12749.0/21140, nonzero 468
    new field batch_live_lock_wait_us: median/p90/max 0.0/0.0/0, nonzero 0
    new field batch_live_lock_waits: median/p90/max 0.0/0.0/0, nonzero 0
    new field batch_majflt: median/p90/max 0.0/0.0/0, nonzero 0
    new field batch_minflt: median/p90/max 899.0/11025.0/33316, nonzero 468
    new field batch_open_max_us: median/p90/max 442.5/531.0/2733, nonzero 468
    new field batch_open_sum_us: median/p90/max 10827.0/13392.0/16856, nonzero 468
    new field batch_threads: median/p90/max 32.0/32.0/32, nonzero 468
    new field batch_vcsw: median/p90/max 175.0/498.0/906, nonzero 468
    new field batch_view_index_wait_us: median/p90/max 0.0/20454.0/61097, nonzero 120
    new field batch_view_index_waits: median/p90/max 0.0/279.0/665, nonzero 120
    new field batch_view_slot_wait_us: median/p90/max 0.0/2097.0/4199, nonzero 132
    new field batch_view_slot_waits: median/p90/max 0.0/57.0/101, nonzero 133
    new field batch_wall_sum_us: median/p90/max 610848.5/756381.0/1866003, nonzero 468
    new field batches: median/p90/max 128.0/128.0/128, nonzero 468
    new field build_batches: median/p90/max 128.0/128.0/128, nonzero 468
    new field carried_depth: median/p90/max 1.0/1.0/1, nonzero 468
    new field exec_end_to_seal_us: median/p90/max 106.0/165.0/436, nonzero 468
    new field exec_partition_us: median/p90/max 6.0/9.0/3873, nonzero 468
    new field exec_prepared_groups: {'true': 465, 'false': 3}
    new field exec_prepared_slots: {'true': 466, 'false': 2}
    new field exec_slots_us: median/p90/max 0.0/0.0/1276, nonzero 2
    new field freeze_join_wait_us: median/p90/max 7638.5/17925.0/46613, nonzero 467
    new field freeze_late: {'true': 468}
    new field freeze_pool_own: {'true': 468}
    new field live_index_defer: {'true': 468}
    new field merge_accounts: median/p90/max 192078.5/195519.0/198587, nonzero 468
    new field merge_append_us: median/p90/max 3492.0/7874.0/16761, nonzero 468
    new field merge_early: {'false': 468}
    new field merge_join_wait_us: median/p90/max 0.0/0.0/0, nonzero 0
    new field merge_reverts: median/p90/max 192078.5/195519.0/198587, nonzero 468
    new field merge_reverts_us: median/p90/max 15134.0/21058.0/34910, nonzero 468
    new field merge_state_us: median/p90/max 40043.0/48138.0/65332, nonzero 468
    new field merge_tail_us: median/p90/max 0.0/0.0/6, nonzero 8
    new field merge_threads: median/p90/max 1.0/1.0/1, nonzero 468
    new field one_wave: {'false': 468}
    new field open_engine_us: median/p90/max 0.0/32502.0/80080, nonzero 94
    new field open_fallback: {'false': 374, 'true': 94}
    new field open_keep_us: median/p90/max 6.0/10.0/28, nonzero 468
    new field open_kept_accounts: median/p90/max 576698.5/582921.0/591292, nonzero 468
    new field open_layers: median/p90/max 3.0/3.0/3, nonzero 468
    new field open_provider_us: median/p90/max 99.0/167.0/560, nonzero 468
    new field plan_age_us: median/p90/max 50258.0/97195.0/159411, nonzero 468
    new field plan_ahead: median/p90/max 1.0/1.0/1, nonzero 468
    new field plan_body: median/p90/max 1.0/1.0/2, nonzero 468
    new field plan_body_us: median/p90/max 16123.0/21165.0/25708, nonzero 466
    new field plan_discard: {'': 468}
    new field plan_prep_us: median/p90/max 6994.5/13278.0/25498, nonzero 468
    new field plan_topup_txs: median/p90/max 0.0/0.0/0, nonzero 0
    new field prep_from_plan: {'true': 466, 'false': 2}
    new field prev_seal_to_answer_us: median/p90/max 1683.0/2819.0/6027, nonzero 468
    new field prev_seal_to_entry_us: median/p90/max 0.0/0.0/0, nonzero 0
    new field prev_seal_to_header_us: median/p90/max 200.5/312.0/695, nonzero 468
    new field prev_seal_to_import_us: median/p90/max 123111.0/153694.0/213012, nonzero 434
    new field prev_seal_to_request_us: median/p90/max 994.5/63980.0/122320, nonzero 468
    new field prev_seal_to_start_us: median/p90/max 1299.5/64322.0/122644, nonzero 468
    new field pull_bulk_txs: median/p90/max 200000.0/200000.0/200000, nonzero 468
    new field pull_bulk_us: median/p90/max 6.0/9.0/1258, nonzero 468
    new field receipts_late: {'false': 468}
    new field receipts_late_wait_us: median/p90/max 0.0/0.0/0, nonzero 0
    new field rename_fallbacks: median/p90/max 0.0/0.0/0, nonzero 0
    new field rename_record_waits: median/p90/max 0.0/0.0/0, nonzero 0
    new field root_apply_gap_us: median/p90/max 11.0/13.0/26, nonzero 468
    new field root_apply_total_us: median/p90/max 22446.0/32286.0/51746, nonzero 468
    new field root_compute_us: median/p90/max 24464.5/35552.0/53352, nonzero 468
    new field root_delta_us: median/p90/max 1161.0/2375.0/10077, nonzero 468
    new field root_index_us: median/p90/max 2737.0/5289.0/18517, nonzero 468
    new field root_leaves_us: median/p90/max 7260.0/11599.0/37351, nonzero 468
    new field root_note_us: median/p90/max 149.0/236.0/1216, nonzero 468
    new field root_ops_ahead: {'true': 468}
    new field root_ops_ahead_wait_us: median/p90/max 3226.5/9654.0/21573, nonzero 468
    new field root_ops_concat_us: median/p90/max 0.0/0.0/0, nonzero 0
    new field root_ops_encode_us: median/p90/max 5589.0/9939.0/23487, nonzero 468
    new field root_ops_finish_us: median/p90/max 2317.0/3353.0/9894, nonzero 468
    new field root_ops_sort_us: median/p90/max 3653.5/7981.0/15901, nonzero 468
    new field root_ops_us: median/p90/max 5710.0/12359.0/27586, nonzero 468
    new field root_rehash_us: median/p90/max 2006.0/2876.0/17669, nonzero 468
    new field root_retire_us: median/p90/max 1766.0/2908.0/7113, nonzero 468
    new field root_sort_us: median/p90/max 194.0/405.0/3422, nonzero 468
    new field root_undo_us: median/p90/max 355.5/677.0/3204, nonzero 468
    new field root_writes_us: median/p90/max 7002.0/10486.0/22871, nonzero 468
    new field seal_hashes_ahead: {'true': 468}
    new field seal_on_counters: {'true': 468}
    new field seal_to_complete_us: median/p90/max 112462.0/130570.0/171147, nonzero 468
    new field seal_to_frozen_us: median/p90/max 7613.0/17875.0/46587, nonzero 314
    new field seal_to_merge_end_us: median/p90/max 112353.5/130381.0/171050, nonzero 468
    new field seal_to_merge_start_us: median/p90/max 51849.0/66223.0/95635, nonzero 468
    new field seal_to_ops_ahead_us: median/p90/max 21480.0/30993.0/53929, nonzero 468
    new field seal_to_shards_ready_us: median/p90/max 13871.5/22124.0/49172, nonzero 468
    new field seal_to_state_ready_us: median/p90/max 112360.0/130391.0/171065, nonzero 468
    new field sealed_unix_us: median/p90/max 1791451596047363.5/1791451607880938.0/1791451610826976, nonzero 468
    new field start_walk_check_us: median/p90/max 0.0/0.0/0, nonzero 0
    new field start_walk_ids_us: median/p90/max 0.0/0.0/0, nonzero 0
    new field start_walk_settle_us: median/p90/max 0.0/0.0/0, nonzero 0
    new field start_walk_us: median/p90/max 0.0/0.0/0, nonzero 0
    new field state_wait_us: median/p90/max 6962.5/40297.0/96212, nonzero 468
    new field view_journal_reads: median/p90/max 2048.0/77824.0/139264, nonzero 234
    new field view_journal_searches: median/p90/max 4984.0/207202.0/396322, nonzero 234
    new field view_journal_skips: median/p90/max 0.0/0.0/0, nonzero 0
    new field whole_take_noted: {'true': 468}
    binding wait (tick / quorum / seal share, mean cycle): tick 98% (62); quorum 1% (112); seal 1% (70); feed-bound (blocks under 95% of the tier): 0 of 466
    slowest key vote delay median/p90 7.2/42.4 ms
    engine own-import total_ms per block median/p90/max 41/62/104 (n=466)
    layer RSS 26.3 -> 33.8 G (max 33.8), in-memory blocks max 10
    execution layer cores busy 35.1    validators cores busy 3.4
  window 3: canonical 458 blocks, 91.6M tx = 3,053,333/s (97.0% of window 1), full 458/458 (100%); cycle -
    leader builds 456: sealed_at median/p90/p99 56/80/106; phases median/p90 ms: gap_before_exec 8/40, state_wait 8/40, par 56/85, par_exec 22/27, roots 35/53, parent_fields 9/30, sealed 10/30
    state_wait_on {'grandparent': 117, 'output': 210, 'none': 127, 'provider_open': 1, 'open': 1}; builds with state_wait > 20 ms: 98 ([('grandparent', 93), ('output', 5)]); gp_layer {1.0: 456}, ggp_missing {1.0: 122, 0.0: 334}
    queue at the builds min/median 2,260,500/2,513,000
    new field batch_cpu_sum_us: median/p90/max 595112.0/726692.0/1452742, nonzero 456
    new field batch_dispatch_us: median/p90/max 218.0/314.0/2432, nonzero 456
    new field batch_first_start_us: median/p90/max 73.5/124.0/626, nonzero 456
    new field batch_ivcsw: median/p90/max 1.0/7.0/40, nonzero 281
    new field batch_last_end_us: median/p90/max 22067.5/27200.0/86062, nonzero 456
    new field batch_last_start_us: median/p90/max 17006.5/21011.0/67991, nonzero 456
    new field batch_live_deferred: median/p90/max 74.0/85.0/299, nonzero 456
    new field batch_live_lock_hold_us: median/p90/max 11029.5/13406.0/37720, nonzero 456
    new field batch_live_lock_wait_us: median/p90/max 0.0/0.0/0, nonzero 0
    new field batch_live_lock_waits: median/p90/max 0.0/0.0/0, nonzero 0
    new field batch_majflt: median/p90/max 0.0/0.0/9049, nonzero 10
    new field batch_minflt: median/p90/max 962.5/10726.0/29905, nonzero 456
    new field batch_open_max_us: median/p90/max 445.5/551.0/3298, nonzero 456
    new field batch_open_sum_us: median/p90/max 10688.5/13401.0/18403, nonzero 456
    new field batch_threads: median/p90/max 32.0/32.0/32, nonzero 456
    new field batch_vcsw: median/p90/max 172.0/493.0/9304, nonzero 456
    new field batch_view_index_wait_us: median/p90/max 0.0/20204.0/45521, nonzero 114
    new field batch_view_index_waits: median/p90/max 0.0/273.0/551, nonzero 114
    new field batch_view_slot_wait_us: median/p90/max 0.0/1895.0/4372, nonzero 122
    new field batch_view_slot_waits: median/p90/max 0.0/54.0/99, nonzero 122
    new field batch_wall_sum_us: median/p90/max 607553.0/748233.0/2351480, nonzero 456
    new field batches: median/p90/max 128.0/128.0/128, nonzero 456
    new field build_batches: median/p90/max 128.0/128.0/128, nonzero 456
    new field carried_depth: median/p90/max 1.0/1.0/1, nonzero 456
    new field exec_end_to_seal_us: median/p90/max 98.0/147.0/610, nonzero 456
    new field exec_partition_us: median/p90/max 6.0/9.0/1507, nonzero 456
    new field exec_prepared_groups: {'true': 454, 'false': 2}
    new field exec_prepared_slots: {'true': 454, 'false': 2}
    new field exec_slots_us: median/p90/max 0.0/0.0/1324, nonzero 2
    new field freeze_join_wait_us: median/p90/max 4248.5/14960.0/25423, nonzero 456
    new field freeze_late: {'true': 456}
    new field freeze_pool_own: {'true': 456}
    new field live_index_defer: {'true': 456}
    new field merge_accounts: median/p90/max 193087.0/196222.0/198531, nonzero 456
    new field merge_append_us: median/p90/max 2787.5/9051.0/18299, nonzero 456
    new field merge_early: {'false': 456}
    new field merge_join_wait_us: median/p90/max 0.0/0.0/0, nonzero 0
    new field merge_reverts: median/p90/max 193087.0/196222.0/198531, nonzero 456
    new field merge_reverts_us: median/p90/max 16853.0/24423.0/76683, nonzero 456
    new field merge_state_us: median/p90/max 40641.0/49711.0/66174, nonzero 456
    new field merge_tail_us: median/p90/max 0.0/0.0/1, nonzero 11
    new field merge_threads: median/p90/max 1.0/1.0/1, nonzero 456
    new field one_wave: {'false': 456}
    new field open_engine_us: median/p90/max 0.0/38019.0/87798, nonzero 122
    new field open_fallback: {'false': 334, 'true': 122}
    new field open_keep_us: median/p90/max 6.0/10.0/22, nonzero 456
    new field open_kept_accounts: median/p90/max 579131.5/586309.0/591133, nonzero 456
    new field open_layers: median/p90/max 3.0/3.0/3, nonzero 456
    new field open_provider_us: median/p90/max 94.0/188.0/1362, nonzero 456
    new field plan_age_us: median/p90/max 52686.0/90175.0/133713, nonzero 456
    new field plan_ahead: median/p90/max 1.0/1.0/1, nonzero 456
    new field plan_body: median/p90/max 1.0/1.0/2, nonzero 456
    new field plan_body_us: median/p90/max 14148.0/17285.0/25131, nonzero 454
    new field plan_discard: {'': 456}
    new field plan_prep_us: median/p90/max 7287.5/13683.0/52178, nonzero 456
    new field plan_topup_txs: median/p90/max 0.0/0.0/0, nonzero 0
    new field prep_from_plan: {'true': 454, 'false': 2}
    new field prev_seal_to_answer_us: median/p90/max 1786.5/3347.0/5469, nonzero 456
    new field prev_seal_to_entry_us: median/p90/max 0.0/0.0/0, nonzero 0
    new field prev_seal_to_header_us: median/p90/max 186.0/313.0/1295, nonzero 456
    new field prev_seal_to_import_us: median/p90/max 131357.5/163039.0/230431, nonzero 424
    new field prev_seal_to_request_us: median/p90/max 952.0/1669.0/84903, nonzero 456
    new field prev_seal_to_start_us: median/p90/max 1260.5/2589.0/85302, nonzero 456
    new field pull_bulk_txs: median/p90/max 200000.0/200000.0/200000, nonzero 456
    new field pull_bulk_us: median/p90/max 5.0/9.0/1164, nonzero 456
    new field receipts_late: {'false': 456}
    new field receipts_late_wait_us: median/p90/max 0.0/0.0/0, nonzero 0
    new field rename_fallbacks: median/p90/max 0.0/0.0/0, nonzero 0
    new field rename_record_waits: median/p90/max 0.0/0.0/0, nonzero 0
    new field root_apply_gap_us: median/p90/max 11.0/13.0/22, nonzero 456
    new field root_apply_total_us: median/p90/max 23487.5/34420.0/50506, nonzero 456
    new field root_compute_us: median/p90/max 25669.0/37077.0/52081, nonzero 456
    new field root_delta_us: median/p90/max 1247.0/2504.0/12852, nonzero 456
    new field root_index_us: median/p90/max 3054.5/6044.0/23146, nonzero 456
    new field root_leaves_us: median/p90/max 7149.0/11929.0/35116, nonzero 456
    new field root_note_us: median/p90/max 143.0/217.0/1045, nonzero 456
    new field root_ops_ahead: {'true': 456}
    new field root_ops_ahead_wait_us: median/p90/max 3473.0/10872.0/76633, nonzero 454
    new field root_ops_concat_us: median/p90/max 0.0/0.0/0, nonzero 0
    new field root_ops_encode_us: median/p90/max 5935.5/11470.0/79530, nonzero 456
    new field root_ops_finish_us: median/p90/max 2363.0/3964.0/7630, nonzero 456
    new field root_ops_sort_us: median/p90/max 4183.0/7571.0/54746, nonzero 456
    new field root_ops_us: median/p90/max 6185.0/13501.0/79627, nonzero 456
    new field root_rehash_us: median/p90/max 2660.5/4172.0/26531, nonzero 456
    new field root_retire_us: median/p90/max 1753.0/2721.0/6144, nonzero 456
    new field root_sort_us: median/p90/max 216.0/418.0/6129, nonzero 456
    new field root_undo_us: median/p90/max 339.5/637.0/2103, nonzero 456
    new field root_writes_us: median/p90/max 6997.0/10898.0/19978, nonzero 456
    new field seal_hashes_ahead: {'true': 456}
    new field seal_on_counters: {'true': 456}
    new field seal_to_complete_us: median/p90/max 119084.5/141120.0/179241, nonzero 456
    new field seal_to_frozen_us: median/p90/max 4237.0/14903.0/25333, nonzero 277
    new field seal_to_merge_end_us: median/p90/max 118993.0/141061.0/179107, nonzero 456
    new field seal_to_merge_start_us: median/p90/max 53912.5/73496.0/119720, nonzero 456
    new field seal_to_ops_ahead_us: median/p90/max 20547.5/30507.0/96694, nonzero 456
    new field seal_to_shards_ready_us: median/p90/max 13031.0/19559.0/29948, nonzero 456
    new field seal_to_state_ready_us: median/p90/max 119002.5/141070.0/179119, nonzero 456
    new field sealed_unix_us: median/p90/max 1791451626044740.5/1791451637675838.0/1791451640730345, nonzero 456
    new field start_walk_check_us: median/p90/max 0.0/0.0/0, nonzero 0
    new field start_walk_ids_us: median/p90/max 0.0/0.0/0, nonzero 0
    new field start_walk_settle_us: median/p90/max 0.0/0.0/0, nonzero 0
    new field start_walk_us: median/p90/max 0.0/0.0/0, nonzero 0
    new field state_wait_us: median/p90/max 8392.0/40379.0/103985, nonzero 456
    new field view_journal_reads: median/p90/max 0.0/73728.0/147456, nonzero 218
    new field view_journal_searches: median/p90/max 0.0/197543.0/404378, nonzero 218
    new field view_journal_skips: median/p90/max 0.0/0.0/0, nonzero 0
    new field whole_take_noted: {'true': 456}
    engine own-import total_ms per block median/p90/max 45/68/101 (n=458)
    layer RSS 33.3 -> 41.0 G (max 41.1), in-memory blocks max 10
    execution layer cores busy 34.8    validators cores busy 3.4
  round total (3 windows, canonical): 279.2M tx
  layer peak RSS 41.1 G; in-memory blocks max 11
  fields at seal: mode "early", verified 0, unchecked 0, mismatches 0 (last build line, cumulative)
  own_executed_again (built here and also directly imported): 0 of 1442 built blocks
== loop348K21AQGDb
  layer-0 leader window-1 builds 472: txs mean 200000, share >= 95% of the tier 100% (max 200000); sealed_at_ms 51.0/71.0; par_ms 52.0/80.0; par_exec_ms 21.0/27.0; roots_ms 31.0/45.0; parent_fields_ms 6.0/22.0; sealed_ms 6.0/23.0
  proposal cycle window 1 (n=487): mean 63.6 median 61.5 p90 68.3 ms; blocks in the 30 s: 487
  binding wait (tick / quorum / seal, share and mean cycle): tick 98.7% (63.2); quorum 0.8% (115.5); seal 0.4% (77.9)
  vote delay after the proposal, slowest key per block: median 11.3 p90 51.5 ms (slowest minus the median key: median 0.2); last key: {1: 81, 2: 78, 3: 84, 4: 67, 5: 85, 6: 76} of 471 blocks
  CPU in window 1 (cores busy): execution layers 36.1 over 1 process(es); validators 3.5 over 21 process(es)
  execution layer peak RSS 41.1 G; in-memory blocks max 11 (node0 and others, all layers)
  blocks built here 1442; none also directly imported
  import-once counters at the last direct import: ; start-up lines with import_once=true: 1; queue-lock lines 0
  layer-0 queue (queued after canonical prune), median per 10 s: t+0:2455000 t+20:2505500 t+40:2444500 t+60:2439750 t+80:2409250
  flood: median per 5 s 3109887/s, final -
  timeout / given-up lines: 0; 
loop348K21AQGDb page_faults_per_s_median: node0=178995 
feedcheck loop348K21AQGDb: ok (block 200,000 tx)
== loop348K21AQGDb: feed check (acq_us / gate_us / reply_us are per frame of 500; rate per 5 s `ingest` line)
  window 1: ingest lines 6; acq_us 484 (max 557); gate_us 6850; reply_us 7443; slots_busy 13%; delivered median 3,147,814/s max 3,272,133/s; queue at builds median 2,513,500 min 1,307,500; full 100% of 472 blocks
  window 2: ingest lines 6; acq_us 480 (max 482); gate_us 7079; reply_us 7658; slots_busy 13%; delivered median 3,141,120/s max 3,221,626/s; queue at builds median 2,516,000 min 2,241,500; full 100% of 466 blocks
  window 3: ingest lines 6; acq_us 486 (max 493); gate_us 7340; reply_us 7930; slots_busy 12%; delivered median 3,056,140/s max 3,141,659/s; queue at builds median 2,513,000 min 2,260,500; full 100% of 458 blocks
  flood.log (+15..+100 s): rate per 5 s median 3,103,422/s max 3,239,618/s; reply latency median 61.8 ms max 66.2 ms
== loop348K21AQGDb: lanes lock, drain and pruner (new fields)
  window 1: lock duty 55.0% (max 63.0); holds/5s 2,194; longest hold 24.81 ms median, 30.26 ms max by crates/n42/tx-queue/src/lib.rs:2046 (most frequent holders [('crates/n42/tx-queue/src/lib.rs:2046', 4), ('crates/n42/tx-queue/src/lib.rs:2576', 1)]); lock wait 2280.6 ms/5s, longest 33.92 ms; drains/5s 968 of 16246 tx, mean 1358 us, max 18.29 ms
           prune (441 blocks): prune_ms 33/53; fold 0.6 ms, lock 0.0 ms, remove(hold) 9.7 ms, free 0.0 ms; frames_swept 400; coalesced on 441 of 441; prune_wait_ms 0/0; pruner busy 50% of a thread, lock held by it 1.5%
  window 2: lock duty 58.5% (max 60.0); holds/5s 2,091; longest hold 27.62 ms median, 31.84 ms max by crates/n42/tx-queue/src/lib.rs:2046 (most frequent holders [('crates/n42/tx-queue/src/lib.rs:2046', 5), ('crates/n42/tx-queue/src/lib.rs:1766', 1)]); lock wait 2796.8 ms/5s, longest 31.67 ms; drains/5s 916 of 17163 tx, mean 1545 us, max 23.02 ms
           prune (432 blocks): prune_ms 34/53; fold 0.5 ms, lock 0.0 ms, remove(hold) 10.0 ms, free 0.0 ms; frames_swept 400; coalesced on 432 of 432; prune_wait_ms 0/0; pruner busy 51% of a thread, lock held by it 1.5%
  window 3: lock duty 57.5% (max 60.0); holds/5s 2,078; longest hold 28.94 ms median, 34.09 ms max by crates/n42/tx-queue/src/lib.rs:2046 (most frequent holders [('crates/n42/tx-queue/src/lib.rs:2046', 6)]); lock wait 2704.1 ms/5s, longest 31.50 ms; drains/5s 902 of 17082 tx, mean 1510 us, max 21.79 ms
           prune (432 blocks): prune_ms 36/55; fold 0.5 ms, lock 0.0 ms, remove(hold) 10.5 ms, free 0.0 ms; frames_swept 400; coalesced on 432 of 432; prune_wait_ms 0/0; pruner busy 53% of a thread, lock held by it 1.5%
== loop348K21AQGDb: pruner (per block; busy = sum prune_ms / 30 s, lock = sum (remove_us + settle_us) / 30 s)
  window 1: 441 prunes; prune_ms 33/53; remove_us 9.7/20.0 ms; forget_us 2.9/5.3 ms; settle_us 3.1 ms; pruner busy 50% of a worker; lanes lock held for removal 22%
  window 2: 432 prunes; prune_ms 34/53; remove_us 10.0/20.1 ms; forget_us 2.9/4.9 ms; settle_us 3.2 ms; pruner busy 51% of a worker; lanes lock held for removal 23%
  window 3: 432 prunes; prune_ms 36/55; remove_us 10.5/21.6 ms; forget_us 3.0/5.4 ms; settle_us 3.2 ms; pruner busy 53% of a worker; lanes lock held for removal 24%
== loop348K21AQGDb: seal start / pull, prepared plan, answer, chunked drain
  window 1: 471 builds; start_best_ms 3/15; start_walk_us 0/0; start_pull_ms 0/0; par_pull_ms 0/0; par_start_ms 3/15; par_ms 52/80; sealed_at_ms 51/71; pull_bulk_us 5/8; pull_bulk_txs 200000/200000; plan_age_us 48651/96951; plan_prep_us 7175/13760; plan_topup_txs 0/0
           plan_ahead {'1': 471}; plan_discard {'': 471}
           answer: built-ahead bytes median/max 15,243/15,245, layout_only {'true': 472}; proposal sent bytes median/max 15,243/15,245, layout_only {'true': 471}
           drain: chunks/5s 800, chunk max 8,192 tx, finished by others/5s 56; plan_discards (last ingest line) -
  window 2: 468 builds; start_best_ms 4/15; start_walk_us 0/0; start_pull_ms 0/0; par_pull_ms 0/0; par_start_ms 4/15; par_ms 53/81; sealed_at_ms 53/73; pull_bulk_us 6/9; pull_bulk_txs 200000/200000; plan_age_us 50258/97195; plan_prep_us 6994/13278; plan_topup_txs 0/0
           plan_ahead {'1': 468}; plan_discard {'': 468}
           answer: built-ahead bytes median/max 15,245/15,245, layout_only {'true': 467}; proposal sent bytes median/max 15,245/15,245, layout_only {'true': 467}
           drain: chunks/5s 772, chunk max 8,192 tx, finished by others/5s 62; plan_discards (last ingest line) -
  window 3: 456 builds; start_best_ms 4/17; start_walk_us 0/0; start_pull_ms 0/0; par_pull_ms 0/0; par_start_ms 4/17; par_ms 56/85; sealed_at_ms 56/80; pull_bulk_us 5/9; pull_bulk_txs 200000/200000; plan_age_us 52686/90175; plan_prep_us 7288/13683; plan_topup_txs 0/0
           plan_ahead {'1': 456}; plan_discard {'': 456}
           answer: built-ahead bytes median/max 15,245/15,245, layout_only {'true': 456}; proposal sent bytes median/max 15,245/15,245, layout_only {'true': 457}
           drain: chunks/5s 758, chunk max 8,192 tx, finished by others/5s 58; plan_discards (last ingest line) -
== loop348K21AQGDb: persistence per window (ms per block = part sum / blocks persisted)
  window 1: persisted 468 of 472 produced (99%); total 32.7, sf_tx 29.4, sf_rcpt 6.6, sf_acct 13.6, sf_send 11.4, scope 29.6, qmdb 14.4, post 0.0, pre 3.2, plain_rev 3.2, commit_sf 0.7, commit_mdbx 0.1, commit_rocks 0.0; longest task sf_tx 29.4; in-memory 8 -> 9 (max 11); RSS 4.7 -> 26.3 G; lag 8 -> 9 = +1.0 blocks/min; bp max 0
  window 2: persisted 467 of 466 produced (100%); total 33.6, sf_tx 30.1, sf_rcpt 6.8, sf_acct 14.0, sf_send 11.4, scope 30.2, qmdb 15.3, post 0.0, pre 3.3, plain_rev 3.3, commit_sf 0.9, commit_mdbx 0.1, commit_rocks 0.1; longest task sf_tx 30.1; in-memory 9 -> 9 (max 10); RSS 26.3 -> 33.3 G; lag 9 -> 9 = +0.0 blocks/min; bp max 0
  window 3: persisted 458 of 458 produced (100%); total 36.8, sf_tx 32.4, sf_rcpt 6.7, sf_acct 13.9, sf_send 10.6, scope 32.6, qmdb 18.8, post 0.0, pre 4.2, plain_rev 4.2, commit_sf 0.8, commit_mdbx 0.1, commit_rocks 0.1; longest task sf_tx 32.4; in-memory 9 -> 10 (max 10); RSS 33.3 -> 40.5 G; lag 9 -> 10 = +2.0 blocks/min; bp max 0
  leg end: in-memory 6, max over the sampler 11, backpressure stalls 0
== loop348K21AQGDb: execution and root fields (median / p90 per block); over 1442 full builds: rename_fallbacks total 0, rename_record_waits total 0, carried_depth values ['1']
    folded lines 472: pending_max max 87 (median 73); pending_us_max max 24,833; drops_max max 50784
    flags: seal_on_counters true:471; freeze_pool_own true:471; plan_body 1:465/2:6; prep_from_plan false:6/true:465; plan_ahead 1:471; seal per 1,000 transfers 0.255 ms
  window 1 (471 builds): on-CPU share 1.00/1.00; CPU per transfer 2.94/3.66 us; sealed_at_ms 51/71; par_exec_ms 21/27; par_fold_ms 9/18; index_ms 15/21; par_start_ms 3/15; gap_before_exec_ms 7/40; state_wait_us 7,601/40,354; parent_fields_ms 6/22; roots_ms 31/45; seal_to_fields_us 50,957/64,322; seal_to_complete_us 109,975/127,577; rename_fallbacks 0/0; rename_record_waits 0/0; carried_depth 1/1; plan_body_us 16,743/20,799; batch_max_ms 8/12; tx_root_ms 1/1; sealed_ms 6/23
    folded lines 467: pending_max max 85 (median 72); pending_us_max max 29,747; drops_max max 33112
    flags: seal_on_counters true:468; freeze_pool_own true:468; plan_body 1:466/2:2; prep_from_plan false:2/true:466; plan_ahead 1:468; seal per 1,000 transfers 0.265 ms
  window 2 (468 builds): on-CPU share 1.00/1.00; CPU per transfer 3.02/3.67 us; sealed_at_ms 53/73; par_exec_ms 22/27; par_fold_ms 8/18; index_ms 14/21; par_start_ms 4/15; gap_before_exec_ms 7/40; state_wait_us 6,962/40,297; parent_fields_ms 8/24; roots_ms 33/47; seal_to_fields_us 51,694/66,033; seal_to_complete_us 112,462/130,570; rename_fallbacks 0/0; rename_record_waits 0/0; carried_depth 1/1; plan_body_us 16,123/21,165; batch_max_ms 9/12; tx_root_ms 1/1; sealed_ms 9/25
    folded lines 456: pending_max max 91 (median 72); pending_us_max max 18,852; drops_max max 34203
    flags: seal_on_counters true:456; freeze_pool_own true:456; plan_body 1:454/2:2; prep_from_plan false:2/true:454; plan_ahead 1:456; seal per 1,000 transfers 0.280 ms
  window 3 (456 builds): on-CPU share 1.00/1.00; CPU per transfer 2.98/3.63 us; sealed_at_ms 56/80; par_exec_ms 22/27; par_fold_ms 7/15; index_ms 13/18; par_start_ms 4/17; gap_before_exec_ms 8/40; state_wait_us 8,392/40,379; parent_fields_ms 9/30; roots_ms 35/53; seal_to_fields_us 53,756/73,369; seal_to_complete_us 119,084/141,120; rename_fallbacks 0/0; rename_record_waits 0/0; carried_depth 1/1; plan_body_us 14,148/17,285; batch_max_ms 9/13; tx_root_ms 1/1; sealed_ms 10/30
== loop348K21AQGDb: 4352 proposals; proposal -> quorum (leader's commit) median 11.0 / p90 41.4 / max 176.5 ms; proposal interval median 61.3 / p90 62.3 ms; TC formed lines 0; leader views timed out 0; ParentUnknown lines 0
   handover at view 1024: proposal intervals (view, ms) [(1023, 61), (1024, 84), (1025, 62), (1026, 66), (1027, 56)] against the median 61 ms
   handover at view 2048: proposal intervals (view, ms) [(2047, 61), (2048, 61), (2049, 60), (2050, 61), (2051, 61)] against the median 61 ms
   handover at view 3072: proposal intervals (view, ms) [(3071, 60), (3072, 62), (3073, 62), (3074, 62), (3075, 61)] against the median 61 ms
   handover at view 4096: proposal intervals (view, ms) [(4095, 61), (4096, 62), (4097, 61), (4098, 61), (4099, 61)] against the median 61 ms
     block 1026 (view 1025): sealed_at_ms 48, gap_before_exec_ms 0, parent_fields_ms 8, rename_fallbacks 0, rename_record_waits 0, carried_depth 1
     block 1027 (view 1026): sealed_at_ms 57, gap_before_exec_ms 3, parent_fields_ms 23, rename_fallbacks 0, rename_record_waits 0, carried_depth 1
     block 1028 (view 1027): sealed_at_ms 46, gap_before_exec_ms 8, parent_fields_ms 16, rename_fallbacks 0, rename_record_waits 0, carried_depth 1
flood span 95 s; tokio-rt threads alive throughout 34 of 64; group 9.9 cores busy over them (all threads incl. short-lived 12.8)
  per-thread cores busy, top 12: 0.63 0.61 0.58 0.58 0.58 0.58 0.58 0.58 0.58 0.57 0.57 0.57; threads over 0.9 core: 0, over 0.7: 0
== loop348K21AQGDb: 1395 full builds in the 3 windows
  par_exec_ms 22/27; par_run_ms 31/62; batch_start_skew_ms 16/20; batch_median_ms 4/5; batch_max_ms 8/13; batch_first_start_us 77/120; batch_last_start_us 16964/21026; batch_dispatch_us 216/301; batch_last_end_us 21976/27508; batches 128/128; batch_threads 32/32; batch_txs_max 2000/2000; batch_txs_min 1500/1500; start_walk_ms 0/0; start_walk_check_ms 0/0; par_start_ms 4/16; sealed_at_ms 53/75; prev_seal_to_answer_us 1727/3082; prev_seal_to_entry_us 0/0; prev_seal_to_header_us 199/320; prev_seal_to_import_us 123622/156185; prev_seal_to_request_us 989/63396; prev_seal_to_start_us 1289/63681; start_walk_check_us 0/0; start_walk_ids_us 0/0; start_walk_settle_us 0/0; start_walk_us 0/0
  one_wave {'false': 1395}
  batches == batch_threads on 0 of 1395 builds
  last - first batch start (ms) median/p90 16.89/20.94; under 2 ms on 0 of 1395 builds
bodygate loop348K21AQGDb: invalid_blocks=0 gas_mismatch=0 fields_mismatches=0 own_not_committed=0 proposals_given_up=0
leg loop348K7AQGD: /data free 513G (needs 120 G)
load 8.10 at 05:30:13, waiting
plan loop348K7AQGD: exit 0 (7 validators, 1 layer(s)): # validators 7, execution layers 1, 208 CPUs a layer, import-once 1, shared 1; # validators : 16 CPUs set aside, taskset -c 104-111,232-239; # fleet    : 7 nodes, quorum 5 of 7 (f = 2); 0 refusals
leg loop348K7AQGD start 05:30:43 load 4.91
round loop348K7AQGD exit 0 at 05:33:45
loop348K7AQGD save stages (node0, seconds summed over the leg / count): batch_size=2033.0/663  batch_size=2033.0/663  reth_consensus_engine_beacon_persistence_duration=58.8/663  duration_seconds=54.0/663  total=49.5/663  scope=44.5/663  sf=44.4/663  sf_transactions=44.1/663  qmdb_persisted=21.8/663  sf_account_changesets=20.5/663
el binary: /data/n42-build/target-n42-rs/native/release/n42 env: N42_IMPORT_ONCE=1 N42_SETTLEMENT_TAGS=legacy N42_BUILD_THROTTLE_SOFT=48 F7_EL_MAP=0,0,0,0,0,0,0 N42_FIELDS_AT_SEAL=1 N42_FREEZE_AFTER_SEAL=1 N42_FRAME_BLOCKS=1 N42_TX_INGEST_RECOVER_PARALLEL=24 N42_FREEZE_POOL=own N42_PARALLEL_BUILD_THREADS=32 N42_PLAN_AHEAD=1 N42_HASHED_TABLES=off F7_FLOOD_RATE=6000000 N42_COMPACT_BODY=1 N42_BUILD_BATCHES=128 MALLOC_CONF=thp:always,oversize_threshold:0,dirty_decay_ms:2000,background_thread:true N42_SEAL_ON_COUNTERS=1 N42_ACCOUNT_HISTORY=off N42_TAKE_COMPACT=1 N42_SF_EARLY_WRITEBACK=1 F7_VAL_NO_MALLOC_CONF=1 N42_ROAD_RUNTIME=1 N42_TX_INGEST_HIGH_WATER=2500000 F7_BENCH_POOL_SLOTS=3000000 N42_PLAN_AHEAD_BODY=1 N42_SEAL_AT_EXEC=1 N42_TX_QUEUE_DRAIN_CHUNK=8192 N42_ANSWER_LAYOUT_ONLY=1 N42_PULL_BY_FRAMES=1 N42_SF_PARALLEL_ENCODE=1 N42_BUILD_THROTTLE_HARD=80 N42_LIVE_INDEX_DEFER=1 RAYON_NUM_THREADS=16 F7_VAL_CPUS=16 N42_ROOT_OPS_AHEAD=1 TOKIO_WORKER_THREADS=16 N42_QMDB_READS=on N42_LEADER_LAYERS=3 N42_PERSIST_QMDB_IN_SCOPE=1 F7_BLOCK_INTERVAL_MS=60 F7_MEASURE_FROM_LOG=1
validator env: N42_IMPORT_ONCE=1 N42_SETTLEMENT_TAGS=legacy N42_BUILD_THROTTLE_SOFT=48 F7_EL_MAP=0,0,0,0,0,0,0 N42_FIELDS_AT_SEAL=1 N42_FREEZE_AFTER_SEAL=1 N42_FRAME_BLOCKS=1 N42_TX_INGEST_RECOVER_PARALLEL=24 N42_FREEZE_POOL=own N42_PARALLEL_BUILD_THREADS=32 N42_PLAN_AHEAD=1 N42_HASHED_TABLES=off F7_FLOOD_RATE=6000000 N42_COMPACT_BODY=1 N42_BUILD_BATCHES=128 N42_SEAL_ON_COUNTERS=1 N42_ACCOUNT_HISTORY=off N42_TAKE_COMPACT=1 N42_SF_EARLY_WRITEBACK=1 N42_ROAD_RUNTIME=1 N42_TX_INGEST_HIGH_WATER=2500000 F7_BENCH_POOL_SLOTS=3000000 N42_PLAN_AHEAD_BODY=1 N42_SEAL_AT_EXEC=1 N42_TX_QUEUE_DRAIN_CHUNK=8192 N42_ANSWER_LAYOUT_ONLY=1 N42_PULL_BY_FRAMES=1 N42_SF_PARALLEL_ENCODE=1 N42_BUILD_THROTTLE_HARD=80 N42_LIVE_INDEX_DEFER=1 RAYON_NUM_THREADS=16 F7_VAL_CPUS=16 N42_ROOT_OPS_AHEAD=1 TOKIO_WORKER_THREADS=16 N42_QMDB_READS=on N42_LEADER_LAYERS=3 N42_PERSIST_QMDB_IN_SCOPE=1 F7_MEASURE_FROM_LOG=1
loop348K7AQGD once: start-up lines import_once=true 1; last direct-import counters 
loop348K7AQGD imports: layers=1 direct_imports=0 canonical_blocks=4094 import_once_lines=1 (per layer: direct imports should equal canonical blocks for one execution per block)
grep: /data/blockchain/rust-fleet7-bench/node1/el.log: No such file or directory
grep: /data/blockchain/rust-fleet7-bench/node2/el.log: No such file or directory
grep: /data/blockchain/rust-fleet7-bench/node3/el.log: No such file or directory
grep: /data/blockchain/rust-fleet7-bench/node1/el.log: No such file or directory
grep: /data/blockchain/rust-fleet7-bench/node2/el.log: No such file or directory
grep: /data/blockchain/rust-fleet7-bench/node3/el.log: No such file or directory
cat: /data/blockchain/rust-fleet7-bench/node2/el.log: No such file or directory
cat: /data/blockchain/rust-fleet7-bench/node2/el.log: No such file or directory
cat: /data/blockchain/rust-fleet7-bench/node2/el.log: No such file or directory
cat: /data/blockchain/rust-fleet7-bench/node1/el.log: No such file or directory
cat: /data/blockchain/rust-fleet7-bench/node2/el.log: No such file or directory
cat: /data/blockchain/rust-fleet7-bench/node3/el.log: No such file or directory
Traceback (most recent call last):
  File [35m"<stdin>"[0m, line [35m4[0m, in [35m<module>[0m
[1;35mIndexError[0m: [35mlist index out of range[0m
loop348K7AQGD no_variant=0 own_not_committed=0 tc=0 invalid_blocks=0 incomplete=0 gas_mismatch=0 direct_imports_failed=0 stuck_at_hashed_state=0 engine_idles_over_5s=0 proposals_given_up=0 tables_off_nodes=1 unanswered_reads=0 seal_first_total=1449 seal_first_direct=1449 direct_guard_errors=0 commit_ms_median=0 fold_ms_median=8 sealed_at_ms_median=53 state_ready_ms_median=94 build_total_ms_median=173 recover_us_median=0 par_exec_ms_median=21 par_exec_ms_median=21 giveback_filtered=0 giveback_offered_max=200000 seal_first=1449 reader_lag_max=9 reader_lag_warns=0 view_invalidated=0 el_sum_peak_g=41.2 el_max_peak_g=41.2 val_sum_peak_g=0.9 flood_peak_g=0.6 two_roads_blocks=0 two_roads_overlap_ms_median=- exec_on_output_declined=0 r1_collect_ms_median=3 proposal_at_ms_median=54 view_total_ms_median=61 import_exec_ms_median=- import_total_ms_median=- import_senders_ms_median=- import_convert_ms_median=- import_groups_median=- imports_over_600ms=0 min_avail_g=72.9 road_foreign_body_recv_ms=- road_foreign_body_decode_ms=- road_foreign_body_senders_ms=- road_foreign_body_parent_wait_ms=- road_foreign_body_check_ms=- road_foreign_body_total_ms=- road_new_payload_recv_ms=- road_new_payload_decode_ms=- road_new_payload_senders_ms=- road_new_payload_parent_wait_ms=- road_new_payload_check_ms=- road_new_payload_total_ms=- road_foreign_body_blocks=0 road_new_payload_blocks=0 fcu_answered=1881 fcu_in_flight_ms_median=0 fcu_queued_ms_median=0 fcu_queued_ms_max=112 fcu_refused=0 fcu_slow=2480 bodies_held=0 road_reuse_ms=- road_prepare_ms=- road_dispatch_ms=- road_convert_ms=- road_remember_ms=- road_header_ms=- road_fields_ms=- road_other_ms=- import_engine_ms_median=- gate_forced=0 gate_warns=0 flood_timeouts=0 canonical_min=4143 canonical_max=4143 chained_builds=2613 chain_lead_ms_median=58 chain_wait_ms_median=0 chain_started=2616 chain_discarded=2 chain_discard_reasons=_1_reason="no_,_1_reason="the_chained_build_produced_nothing,_1_reason="the_execution_layer_produced_nothing chain_alias_warns=0 el_chained=2633 bodies_held_warns=0 el_build_refused=2 el_build_refused_reasons=_2_no_QMDB_tree_for_parent_block_0x queued_p5=2316000 queued_p50=2467500 road_compact_blocks=0 road_compact_recv_ms=- road_compact_assemble_ms=- road_compact_root_ms=- road_compact_miss_wait_ms=- road_compact_senders_ms=- road_compact_check_ms=- road_compact_other_ms=- road_compact_total_ms=- road_compact_misses_total= compact_refused_el=0 compact_fallbacks=0 compact_bytes_median=- pool_order9=14442 par_pull_ms_median=0 build_total_ms_median2=56 road_compact_filled_blocks=0 road_compact_filled_median=- road_compact_fill_ms_median=- need_txns=0 fill_failed=0 ingest_rate_gate_open_median=- ingest_gate_open_intervals=0 ingest_slots_busy_median=- flood_rate= fill_asked_proposer=0 fill_asked_other=0 loop_lines=3329 loop_unnamed_ms_median=52 loop_body_served_ms_median=- loop_txns_served_ms_median=- import_exec_ms_median2=- pip_partition_ms=- pip_env_ms=- pip_batch_ms=- pip_groups_ms=- pip_gas_ms=- pip_merge_ms=- pip_receipts_ms=- pip_drop_ms=- pip_other_ms=- pip_total_ms=- senders_indexed_median=- road_senders_ms_median=- road_total_ms_median=- pew_ms_median=- pew_ms_p90= gate_ms_median=- gate_ms_p90= root_ms_p50=- root_ms_p90= two_roads=0 not_on_output=0 not_on_output_why= ckpt_ms_first_q=2 ckpt_ms_last_q=49 ckpt_bytes_last=34438668 parent_still_importing=4 root_wait_ms_p50=- root_wait_ms_p90= tenures_low_seal=23 seal_first_share=0.99 empty_over_deep=0 near_empty_warns=0 no_seal_why= par_skipped_median=- usable_p5=2315500 ckpt_replay_ms_last_q=14 candidates_zero=0 dropped_ingest=0 let_go_warns=0 let_go_reasons= parked_p50=0 parked_max=0 held_warns=0 park_capped_total=0 superseded_builds=0 empty_not_superseded=0 mass_park_warns=0 heads_lines=0 holes_lines=0 stale_parent_refusals=0 par_groups_p5=0 cancelled_decided=1 heads_nonce0=0 stale_unconfirmed= handovers=4 el_panics=0 decided_cancelled=1 min_window_blocks=461 road_desc_blocks=0 road_desc_total_ms=- road_desc_copy_ms=- desc_misses=0 fill_failed2=0 sf_par_collect_ms=0 sf_par_commit_ms=0 sf_par_fold_ms=8 sf_par_graft_ms=0 sf_par_prefault_ms=0 sf_par_exec_ms=21 sf_sealed_at_ms=53 sf_roots_ms=31 sf_state_ready_ms=94 sf_total_ms=173 ba_find_ms=0 ba_queue_ms=0 ba_total_ms=56 ba_on_output=1448 queue_fold_us=0 queue_lock_us=36 sf_par_exec_ms=21 sf_par_fold_ms=8 pip_groups_ms=- import_exec_ms_median2=- reads_d0=0 reads_hist=0 f_reads_d0=- f_reads_hist=- f_overlay_depth=- L_read_set_ms=0 read_set_accounts=0 read_set_unresolved=0 read_set_hits=0 read_set_misses=0 start_best_ms=- par_prep_ms=- gap_before_exec_ms=- gap_after_exec_ms=- gap_before_seal_ms=- index_ms=- road_copy_aside_ms=- road_copy_wait_ms=- road_total_ms=- queue_first_miss=queue_first_miss=0:2632,queue_first_miss=18446744073709551615:1460 root_append_behind=0 populate_lag_mb=0 swap_used_g=0 root_faults=- root_faults_p90= root_faults_entries=0 root_faults_offsets=0 root_faults_index=0 root_faults_bits=0 root_faults_twigs=0 root_faults_undo=0 root_faults_tmp=0 root_append_faults=3 root_twig_pool_misses=0 batch_max_ms=9 batch_min_ms=2 batch_median_ms=4 batch_cpu_max_ms=8 batch_txs_max=2000 batch_txs_min=1500 batch_start_skew_ms=16 batch_wait_ms=0 loop_fetch_ns=0 loop_check_ns=0 loop_transfer_ns=0 loop_receipt_ns=0 loop_gas_ns=0 loop_sink_ns=0 loop_other_ns=0 batch_setup_ns=0 batch_close_ns=0 imp_exec_part_ms=- imp_exec_batches_ms=- imp_exec_graft_ms=- imp_exec_batches=- imp_exec_threads=- imp_exec_batch_max_ms=- imp_exec_batch_median_ms=- imp_parent_output_wait_ms=- road_parent_output_wait_ms=- next_start_gap_ms=1 next_entry_gap_ms=0 commit_body_ahead_used=- imp_exec_keys_ms=- imp_keys_ahead=- imp_exec_sink_ms=- imp_exec_pre_ms=- imp_exec_post_ms=- imp_exec_receipts_ms=- imp_exec_drop_ms=- root_gap_ms=- queue_whole=queue_whole=false:2632,queue_whole=true:1460 tick_tick_late_us=1002 tick_preamble_us=339 tick_take_sealed_us=1 tick_sign_us=0 tick_cache_us=0 tick_presealed=- tick_describe_us=9 tick_publish_us=586 tick_tick_to_send_us=2008 road_check_ms=- road_check_include_us=- road_check_scan_us=- road_check_fold_us=- road_check_senders_us=- road_check_frames_summarized=- road_check_frames_scanned=- imp_exec_start_gap_us=- imp_gap_road_us=- imp_gap_header_us=- imp_gap_senders_us=- imp_gap_parent_us=- imp_gap_setup_us=- imp_gap_keys_wait_us=- sealed_at_p90= sealed_over_130=0 roots_ms=- cycle_p90= batch_max_ms=- batch_median_ms=- imp_batch_max=- forest_lock_warns=1512 root_seal_ms=1 root_seals=40 root_majflt=6 roots_p90= gp_layer=1457 ggp_missing=370 state_wait_split=0/0/0/0:406,8/0/0/0:74,10/0/0/0:56 qmdb_releases=0 state_wait_on= imp_road_end_ms=- imp_exec_start_ms=- imp_exec_end_ms=- imp_root_end_ms=- imp_fields_ready_ms=- imp_parent_fields_wait_ms=- imp_exec_ms=- imp_root_ms=- imp_checks_ms=- imp_engine_ms=- imp_total_ms=- road_parent_fields_wait_ms=- exec_read_ms=0 L_exec_evm_ms=0 L_exec_write_ms=0 L_exec_other_ms=0 L_reads_cache=0 L_reads_provider=0 L_reads_view=0 L_graft_base_ms=0 L_graft_reserve_ms=0 L_graft_insert_ms=0 L_graft_reverts_ms=0 L_graft_other_ms=0 L_par_exec_ms=21 L_par_graft_ms=0 F_exec_read_ms=- F_exec_evm_ms=- F_exec_write_ms=- F_exec_other_ms=- F_reads_cache=- F_reads_provider=- F_reads_view=- F_groups_ms=- L_tx_root_wait_ms=0 L_par_exec_ms=21 L_par_graft_ms=0 L_par_fold_ms=8 L_sealed_ms=6 L_state_ready_ms=94 L_roots_ms=31 L_finish_ms=102 L_total_ms=173 L_setup_ms=0 L_par_pull_ms=0 L_give_back_ms=0 L_state_wait_ms=8 L_state_after_pull=1449 L_seal_at_exec=1449 L_tx_root_ahead=0 flood_w1=3131615 txs_p10=200000 acq_us=473 slots_busy=13 ingest_rate=3158160 L_scope_join_ms=0 L_par_release_ms=0 L_commit_body_ms=0 L_par_commit_ms=0 L_give_back_ms=0 L_sealed_ms=6 L_par_exec_ms=21 L_state_wait_ms=8 L_par_pull_ms=0 L_par_prep_ms=0 L_par_start_ms=3 L_pre_exec_ms=0 L_par_run_ms=33 L_sealed_at_ms=53 F_partition_ms=- F_env_ms=- F_groups_ms=- F_merge_ms=- F_reverts_wait_ms=- F_ahead_wait_ms=- F_total_ms=- I_engine_ms=- I_root_ms=- I_total_ms=- H_engine_remember_ms=- H_engine_listing_ms=- H_engine_new_payload_ms=- busy_us=1 L_par_start_ms=3 L_start_handoff_ms=0 L_start_best_ms=3 L_start_puller_ms=0 L_par_pull_ms=0 L_par_prep_ms=0 L_state_wait_ms=8 L_par_exec_ms=21 L_par_commit_ms=0 L_sealed_ms=6 L_sealed_at_ms=53 L_par_graft_ms=0 L_graft_insert_ms=0 L_graft_reverts_ms=0 L_graft_split_us=0 L_graft_build_us=0 L_graft_merge_us=0 L_state_ready_ms=94 Q_queue_ms=0 R_dispatch_wait_ms=- R_total_ms=- R_road_runtime=1 gate_holds=0 peer_fetch=0 pool_limit=limit=4 gate_opened=gate_opened_for_block=0 I_root_ms=- flood_rate_hdr=rate=6000000/s fills=0 fill_waited=- slots_busy=13 acq_us=473 busy_us=1 converged=0 fallbacks=0 busy_us=1 recover_us=0 tf_on_output=4 tf_fallback=0 still_importing=4 busy_us=1 slots_busy=13 batches=altsig_txs=0 altsig_batches=0 tf_on_output=4 tf_fallback=0 gate_holds=0 sign_s=sign 0s replay_note=replay       : 64 files from /data/n42-pregen/g900000-400m, 400000000 transactio sign_s=sign 0s shard=shard_verified=0 shard_claimed=0 road_verified=- slots_busy=13 gate_us=7167 reply_us=7743 queued=2467500 assemble_ms=- road_take_ms=- road_body_ms=- road_encode_ms=- shards=16 shard_insert_ms=0 shard_wait_ms=0 shard_fold_ms=13 shard_append_ms=17 shard_merge_ms=57 state_ready_ms=94 roots_ms=31 exec_read_ms=0 exec_evm_ms=0 exec_write_ms=0 exec_other_ms=0 reads_cache=0 reads_provider=0 reads_view=0 par_run_ms=33 fold_task_cpu_max_us=12987 fold_task_minflt_max=1 fold_task_minflt_sum=1 fold_task_migrated=0 fold_task_nivcsw_max=0 fold_index=1 fold_index_build_ms=13 fold_index_conflicts=8007 fold_queue_us=62 fold_skew_us=34 fold_task_max_us=12986 fold_tail_us=17 start_best_ms=3 start_select_ms=0 start_walk_ms=0 start_walk_check_ms=0 start_best_other_ms=0 start_frames_by_ref=0 start_frames_slow=0 start_pull_ms=0 start_other_ms=0 start_handoff_ms=0 par_start_ms=3 par_prep_ms=0 par_commit_ms=0 commit_body_ms=0 par_fold_ms=8 sealed_ms=6 copy_ms=- prune_ms=0 frames=- frames_missing=- frame_root_ms=- root_ms=- frames_admitted=frames_admitted=579030 frames_unaligned=0 frame_root_indexed=- seal_layout_ms=0 seal_root_ms=0 attested= busy_us=1 slots_busy=13 reply_us=7743 prune_ms=0 body_refused=0 body_failed_late=0
loop348K7AQGD win1 tps=3,126,667 txs=93,800,000 blocks= 469 cycle=0.064s occupancy= 99.8% full(>=95%)=468/469 basefee=n/a (from the layer's log)
loop348K7AQGD win2 tps=3,073,333 txs=92,200,000 blocks= 461 cycle=0.065s occupancy=100.0% full(>=95%)=461/461 basefee=n/a (from the layer's log)
loop348K7AQGD win3 tps=3,146,667 txs=94,400,000 blocks= 472 cycle=0.064s occupancy=100.0% full(>=95%)=472/472 basefee=n/a (from the layer's log)
loop348K7AQGD tps=3,126,667 round_txs=280400000 cycles_w1=
loop348K7AQGD imp_fields_p90= b_p75=4
loop348K7AQGD overlay: filter_skips=0 probes=0 ratio=- (ratio = skips/(skips+probes))
loop348K7AQGD overlay_manager:       1 state_trie_overlay=false  state-ovly_cpu=0
loop348K7AQGD verify: written to /data/blockchain/rust-fleet7-bench/bench-loop348K7AQGD/verify.json
== validator memory at flood +70 s (loop348K7AQGD)
validators 7: RSS sum 0.9 G, max 0.12 G, mean 0.12 G; threads 273 (mean 39)
one validator (pid 754714):
VmHWM:	  121812 kB
VmRSS:	  121812 kB
RssAnon:	  106320 kB
RssFile:	   15492 kB
RssShmem:	       0 kB
Threads:	39
Rss:              121812 kB
Private_Dirty:    106320 kB
Anonymous:        106320 kB
AnonHugePages:         0 kB
threads by name:
     33 h2_validator
      4 tokio-rt-worker
      1 n42-qmdb-prefau
      1 futures-timer
largest mappings by Rss:
44516  71e968800000-71e96fa00000
20268  71e973700000-71e974c00000
14768  71e976c80000-71e978400000
10580 /data/n42-build/target-n42-rs/native/release/examples/h2_validator 6210af0b4000-6210aff4e000
9628  71e974d00000-71e976c00000
8180  71e970400000-71e970c00000
3020  71e978800000-71e979400000
2408  71e97f800000-71e97fc00000
RSS of all validators, sorted:
min 121.856 MB median 122.02 MB max 124.436 MB
== many-keys report loop348K7AQGD
== loop348K7AQGD: 7 validator logs, f=2, quorum 5
1. the leaders' commit lines
  R1_collect (proposal -> prepare QC): n=4426 p50 3.0 p90 33.0 p99 85.0 max 152.0 ms
  R2_collect (prepare QC -> commit QC): n=4426 p50 3.0 p90 3.0 p99 9.0 max 15.0 ms
  total (proposal -> commit): n=4426 p50 61.0 p90 76.0 p99 138.0 max 245.0 ms
  votes at formation: R1 median 5 max 5 (quorum 5); R2 median 5 max 5
2. vote collection at the traced leaders (first vote -> quorum -> last vote)
 R1 (vote), 3071 views:
    proposal -> first vote: n=3071 p50 2.4 p90 41.8 p99 89.9 max 113.3 ms
    first vote -> quorum: n=3071 p50 0.2 p90 0.5 p99 1.3 max 140.8 ms
    quorum -> last vote: n=3071 p50 1.5 p90 1.7 p99 5.9 max 11.7 ms
    proposal -> last vote (the slowest key): n=3071 p50 4.3 p90 44.5 p99 92.1 max 156.8 ms
   views with fewer than 6 votes received: 0
 R2 (commit_vote), 3071 views:
    proposal -> first vote: n=3071 p50 5.6 p90 46.1 p99 93.5 max 153.9 ms
    first vote -> quorum: n=3071 p50 0.2 p90 0.4 p99 0.7 max 5.2 ms
    quorum -> last vote: n=3071 p50 2.8 p90 4.0 p99 12.0 max 18.5 ms
    proposal -> last vote (the slowest key): n=3071 p50 8.9 p90 49.3 p99 98.6 max 156.8 ms
   views with fewer than 6 votes received: 0
3. the straggler rule and the loop
  proposal interval (same leader, consecutive views): n=4422 p50 61.4 p90 62.4 p99 94.2 max 166.0 ms; >= 500 ms: 0
  no `slow step` lines
4. gossip propagation (proposal sent -> received at a traced follower)
    proposal arrival delay: n=10209 p50 0.2 p90 0.3 p99 0.8 max 9.5 ms
4b. the new fields (docs/E1_MANY_KEYS.md section 6), leaders' `block committed!` and `proposal sent` lines
    verify_us: n=4426 p50 2560.0 p90 2851.0 p99 3094.0 max 4018.0 us
    verify_n: n=4426 p50 9.0 p90 9.0 p99 11.0 max 12.0 
    verify_batches: n=4426 p50 3.0 p90 3.0 p99 3.0 max 5.0 
  verify_fallbacks: total 0 over 4426 blocks
    inbound_queue_max: n=4426 p50 2.0 p90 2.0 p99 4.0 max 25.0 
    gossip_poll_us: n=4426 p50 340.0 p90 393.0 p99 477.0 max 1926.0 us
  straggler_waits (cumulative per leader log, summed over 5 leaders): 1; waits with straggler_wait_us > 0: 1 of 4427 proposals, p50 3.6 p90 3.6 max 3.6 ms, total 0.00 s
  direct votes at the leaders: received 48974 (duplicates dropped 0); sent by those nodes 18426, fallbacks to gossip 2046; leaders led 4427 views = 53124 vote messages expected (2 rounds x 6); direct share of those 92.2%
5. validators
validators n=7: cpu total 0.88 cores, per key mean 0.126 median 0.120 max 0.140 (key 1) min 0.120; rss per key peak mean 0.124 max 0.126 G, sum of peaks 0.9 G; threads per key mean 39, total 273
libp2p connections (last census of 5): 40 in all (a full mesh of 7 is 21); sockets per process min 5 median 6 max 6
== loop348K7AQGD  (E=1: seven validator keys on one execution layer)
  window 1: canonical 470 blocks, 94.0M tx = 3,133,333/s (100.0% of window 1), full 469/470 (100%); cycle mean/median/p90 63.9/61.5/69.8 ms
    leader builds 470: sealed_at median/p90/p99 50/75/105; phases median/p90 ms: gap_before_exec 8/51, state_wait 8/51, par 51/94, par_exec 22/28, roots 29/41, parent_fields 3/18, sealed 4/19
    state_wait_on {'output': 255, 'grandparent': 82, 'none': 131, 'open': 2}; builds with state_wait > 20 ms: 113 ([('grandparent', 76), ('output', 37)]); gp_layer {1.0: 470}, ggp_missing {0.0: 376, 1.0: 94}
    queue at the builds min/median 1,405,000/2,517,000
    new field batch_cpu_sum_us: median/p90/max 592008.0/769231.0/2582587, nonzero 470
    new field batch_dispatch_us: median/p90/max 218.0/312.0/478, nonzero 470
    new field batch_first_start_us: median/p90/max 74.5/109.0/271, nonzero 470
    new field batch_ivcsw: median/p90/max 1.0/6.0/31, nonzero 315
    new field batch_last_end_us: median/p90/max 22230.0/28358.0/88068, nonzero 470
    new field batch_last_start_us: median/p90/max 16823.5/21566.0/73631, nonzero 470
    new field batch_live_deferred: median/p90/max 72.0/80.0/90, nonzero 470
    new field batch_live_lock_hold_us: median/p90/max 10471.5/12369.0/17031, nonzero 470
    new field batch_live_lock_wait_us: median/p90/max 0.0/0.0/0, nonzero 0
    new field batch_live_lock_waits: median/p90/max 0.0/0.0/0, nonzero 0
    new field batch_majflt: median/p90/max 0.0/0.0/0, nonzero 0
    new field batch_minflt: median/p90/max 776.0/9356.0/26446, nonzero 470
    new field batch_open_max_us: median/p90/max 429.5/524.0/3450, nonzero 470
    new field batch_open_sum_us: median/p90/max 10258.0/13015.0/15709, nonzero 470
    new field batch_threads: median/p90/max 32.0/32.0/32, nonzero 470
    new field batch_vcsw: median/p90/max 175.0/499.0/979, nonzero 470
    new field batch_view_index_wait_us: median/p90/max 0.0/20929.0/58910, nonzero 97
    new field batch_view_index_waits: median/p90/max 0.0/275.0/711, nonzero 97
    new field batch_view_slot_wait_us: median/p90/max 0.0/2211.0/4418, nonzero 108
    new field batch_view_slot_waits: median/p90/max 0.0/57.0/129, nonzero 108
    new field batch_wall_sum_us: median/p90/max 607421.5/780445.0/2585683, nonzero 470
    new field batches: median/p90/max 128.0/128.0/128, nonzero 470
    new field build_batches: median/p90/max 128.0/128.0/128, nonzero 470
    new field carried_depth: median/p90/max 1.0/1.0/1, nonzero 470
    new field exec_end_to_seal_us: median/p90/max 92.0/137.0/553, nonzero 470
    new field exec_partition_us: median/p90/max 6.0/8.0/1044, nonzero 470
    new field exec_prepared_groups: {'true': 469, 'false': 1}
    new field exec_prepared_slots: {'true': 469, 'false': 1}
    new field exec_slots_us: median/p90/max 0.0/0.0/1132, nonzero 1
    new field freeze_join_wait_us: median/p90/max 9104.5/18018.0/52521, nonzero 470
    new field freeze_late: {'true': 470}
    new field freeze_pool_own: {'true': 470}
    new field live_index_defer: {'true': 470}
    new field merge_accounts: median/p90/max 191198.5/195183.0/198711, nonzero 470
    new field merge_append_us: median/p90/max 3432.5/7006.0/21508, nonzero 470
    new field merge_early: {'false': 470}
    new field merge_join_wait_us: median/p90/max 0.0/0.0/0, nonzero 0
    new field merge_reverts: median/p90/max 191198.5/195183.0/198711, nonzero 470
    new field merge_reverts_us: median/p90/max 14652.5/19664.0/27598, nonzero 470
    new field merge_state_us: median/p90/max 38463.0/45490.0/73561, nonzero 470
    new field merge_tail_us: median/p90/max 0.0/0.0/1, nonzero 7
    new field merge_threads: median/p90/max 1.0/1.0/1, nonzero 470
    new field one_wave: {'false': 470}
    new field open_engine_us: median/p90/max 0.0/40229.0/104950, nonzero 94
    new field open_fallback: {'false': 376, 'true': 94}
    new field open_keep_us: median/p90/max 6.0/9.0/34, nonzero 470
    new field open_kept_accounts: median/p90/max 573185.5/583320.0/590919, nonzero 470
    new field open_layers: median/p90/max 3.0/3.0/3, nonzero 470
    new field open_provider_us: median/p90/max 92.5/143.0/340, nonzero 470
    new field plan_age_us: median/p90/max 48980.5/96213.0/143426, nonzero 470
    new field plan_ahead: median/p90/max 1.0/1.0/1, nonzero 470
    new field plan_body: median/p90/max 1.0/1.0/2, nonzero 470
    new field plan_body_us: median/p90/max 13379.5/18101.0/22036, nonzero 469
    new field plan_discard: {'': 470}
    new field plan_prep_us: median/p90/max 6784.0/13015.0/29951, nonzero 470
    new field plan_topup_txs: median/p90/max 0.0/0.0/0, nonzero 0
    new field prep_from_plan: {'true': 469, 'false': 1}
    new field prev_seal_to_answer_us: median/p90/max 1755.0/3127.0/5019, nonzero 470
    new field prev_seal_to_entry_us: median/p90/max 0.0/0.0/0, nonzero 0
    new field prev_seal_to_header_us: median/p90/max 200.0/315.0/750, nonzero 470
    new field prev_seal_to_import_us: median/p90/max 113827.0/150303.0/203866, nonzero 427
    new field prev_seal_to_request_us: median/p90/max 941.0/65055.0/83647, nonzero 470
    new field prev_seal_to_start_us: median/p90/max 1230.0/65333.0/83920, nonzero 470
    new field pull_bulk_txs: median/p90/max 200000.0/200000.0/200000, nonzero 470
    new field pull_bulk_us: median/p90/max 5.0/8.0/1025, nonzero 470
    new field receipts_late: {'false': 470}
    new field receipts_late_wait_us: median/p90/max 0.0/0.0/1, nonzero 1
    new field rename_fallbacks: median/p90/max 0.0/0.0/0, nonzero 0
    new field rename_record_waits: median/p90/max 0.0/0.0/0, nonzero 0
    new field root_apply_gap_us: median/p90/max 10.0/13.0/39, nonzero 470
    new field root_apply_total_us: median/p90/max 20747.0/27384.0/49628, nonzero 470
    new field root_compute_us: median/p90/max 22643.0/30187.0/51908, nonzero 470
    new field root_delta_us: median/p90/max 1146.5/2082.0/16712, nonzero 470
    new field root_index_us: median/p90/max 2693.5/5553.0/14076, nonzero 470
    new field root_leaves_us: median/p90/max 6974.5/10855.0/24830, nonzero 470
    new field root_note_us: median/p90/max 151.0/204.0/1798, nonzero 470
    new field root_ops_ahead: {'true': 470}
    new field root_ops_ahead_wait_us: median/p90/max 2192.0/8721.0/25088, nonzero 470
    new field root_ops_concat_us: median/p90/max 0.0/0.0/0, nonzero 0
    new field root_ops_encode_us: median/p90/max 5429.0/9457.0/27820, nonzero 470
    new field root_ops_finish_us: median/p90/max 2301.0/2932.0/9022, nonzero 470
    new field root_ops_sort_us: median/p90/max 3010.0/7098.0/14279, nonzero 470
    new field root_ops_us: median/p90/max 4579.5/11021.0/27719, nonzero 470
    new field root_rehash_us: median/p90/max 1403.5/1821.0/13775, nonzero 470
    new field root_retire_us: median/p90/max 1550.0/2453.0/6305, nonzero 470
    new field root_sort_us: median/p90/max 185.0/392.0/2589, nonzero 470
    new field root_undo_us: median/p90/max 346.0/621.0/2210, nonzero 470
    new field root_writes_us: median/p90/max 6771.5/9165.0/19700, nonzero 470
    new field seal_hashes_ahead: {'true': 470}
    new field seal_on_counters: {'true': 470}
    new field seal_to_complete_us: median/p90/max 107746.0/126630.0/159598, nonzero 470
    new field seal_to_frozen_us: median/p90/max 9071.0/17954.0/52505, nonzero 378
    new field seal_to_merge_end_us: median/p90/max 107621.0/126530.0/159491, nonzero 470
    new field seal_to_merge_start_us: median/p90/max 49347.5/63501.0/84921, nonzero 470
    new field seal_to_ops_ahead_us: median/p90/max 20791.0/31961.0/59919, nonzero 470
    new field seal_to_shards_ready_us: median/p90/max 15002.5/23307.0/56846, nonzero 470
    new field seal_to_state_ready_us: median/p90/max 107627.0/126536.0/159500, nonzero 470
    new field sealed_unix_us: median/p90/max 1791451943928240.5/1791451956145000.0/1791451958946804, nonzero 470
    new field start_walk_check_us: median/p90/max 0.0/0.0/0, nonzero 0
    new field start_walk_ids_us: median/p90/max 0.0/0.0/0, nonzero 0
    new field start_walk_settle_us: median/p90/max 0.0/0.0/0, nonzero 0
    new field start_walk_us: median/p90/max 0.0/0.0/0, nonzero 0
    new field state_wait_us: median/p90/max 8711.0/51320.0/117685, nonzero 470
    new field view_journal_reads: median/p90/max 0.0/81920.0/159744, nonzero 225
    new field view_journal_searches: median/p90/max 0.0/230930.0/427462, nonzero 225
    new field view_journal_skips: median/p90/max 0.0/0.0/0, nonzero 0
    new field whole_take_noted: {'true': 470}
    binding wait (tick / quorum / seal share, mean cycle): tick 96% (63); quorum 0% (116); seal 4% (76); feed-bound (blocks under 95% of the tier): 1 of 470
    slowest key vote delay median/p90 8.9/56.4 ms
    engine own-import total_ms per block median/p90/max 38/57/93 (n=469)
    layer RSS 5.1 -> 26.5 G (max 26.5), in-memory blocks max 10
    execution layer cores busy 35.0    validators cores busy 0.9
    flood delivered (median per 5 s over the leg) 3,133,174/s
  window 2: canonical 460 blocks, 92.0M tx = 3,066,667/s (97.9% of window 1), full 460/460 (100%); cycle mean/median/p90 61.3/61.4/62.3 ms
    leader builds 461: sealed_at median/p90/p99 54/78/107; phases median/p90 ms: gap_before_exec 8/56, state_wait 8/55, par 54/90, par_exec 21/27, roots 30/45, parent_fields 2/20, sealed 3/21
    state_wait_on {'none': 119, 'output': 203, 'grandparent': 137, 'open': 2}; builds with state_wait > 20 ms: 139 ([('grandparent', 123), ('output', 16)]); gp_layer {1.0: 461}, ggp_missing {0.0: 309, 1.0: 152}
    queue at the builds min/median 2,237,500/2,507,000
    new field batch_cpu_sum_us: median/p90/max 602889.0/739418.0/1347203, nonzero 461
    new field batch_dispatch_us: median/p90/max 223.0/299.0/457, nonzero 461
    new field batch_first_start_us: median/p90/max 79.0/111.0/240, nonzero 461
    new field batch_ivcsw: median/p90/max 1.0/7.0/35, nonzero 258
    new field batch_last_end_us: median/p90/max 21938.0/27603.0/52602, nonzero 461
    new field batch_last_start_us: median/p90/max 17026.0/20922.0/39175, nonzero 461
    new field batch_live_deferred: median/p90/max 73.0/81.0/152, nonzero 461
    new field batch_live_lock_hold_us: median/p90/max 10734.0/12751.0/19653, nonzero 461
    new field batch_live_lock_wait_us: median/p90/max 0.0/0.0/0, nonzero 0
    new field batch_live_lock_waits: median/p90/max 0.0/0.0/0, nonzero 0
    new field batch_majflt: median/p90/max 0.0/0.0/0, nonzero 0
    new field batch_minflt: median/p90/max 925.0/9860.0/31776, nonzero 461
    new field batch_open_max_us: median/p90/max 437.0/528.0/1181, nonzero 461
    new field batch_open_sum_us: median/p90/max 10666.0/13182.0/17215, nonzero 461
    new field batch_threads: median/p90/max 32.0/32.0/32, nonzero 461
    new field batch_vcsw: median/p90/max 182.0/477.0/1014, nonzero 461
    new field batch_view_index_wait_us: median/p90/max 0.0/18619.0/56734, nonzero 104
    new field batch_view_index_waits: median/p90/max 0.0/258.0/745, nonzero 104
    new field batch_view_slot_wait_us: median/p90/max 0.0/2121.0/6962, nonzero 112
    new field batch_view_slot_waits: median/p90/max 0.0/54.0/135, nonzero 113
    new field batch_wall_sum_us: median/p90/max 608662.0/749766.0/1351438, nonzero 461
    new field batches: median/p90/max 128.0/128.0/128, nonzero 461
    new field build_batches: median/p90/max 128.0/128.0/128, nonzero 461
    new field carried_depth: median/p90/max 1.0/1.0/1, nonzero 461
    new field exec_end_to_seal_us: median/p90/max 94.0/150.0/330, nonzero 461
    new field exec_partition_us: median/p90/max 6.0/9.0/1423, nonzero 461
    new field exec_prepared_groups: {'true': 459, 'false': 2}
    new field exec_prepared_slots: {'true': 459, 'false': 2}
    new field exec_slots_us: median/p90/max 0.0/0.0/1302, nonzero 2
    new field freeze_join_wait_us: median/p90/max 8980.0/15473.0/21657, nonzero 461
    new field freeze_late: {'true': 461}
    new field freeze_pool_own: {'true': 461}
    new field live_index_defer: {'true': 461}
    new field merge_accounts: median/p90/max 192833.0/195890.0/198962, nonzero 461
    new field merge_append_us: median/p90/max 2929.0/6910.0/16828, nonzero 461
    new field merge_early: {'false': 461}
    new field merge_join_wait_us: median/p90/max 0.0/0.0/0, nonzero 0
    new field merge_reverts: median/p90/max 192833.0/195890.0/198962, nonzero 461
    new field merge_reverts_us: median/p90/max 14798.0/18605.0/28989, nonzero 461
    new field merge_state_us: median/p90/max 37284.0/44814.0/63476, nonzero 461
    new field merge_tail_us: median/p90/max 0.0/0.0/1, nonzero 7
    new field merge_threads: median/p90/max 1.0/1.0/1, nonzero 461
    new field one_wave: {'false': 461}
    new field open_engine_us: median/p90/max 0.0/40320.0/73255, nonzero 152
    new field open_fallback: {'false': 309, 'true': 152}
    new field open_keep_us: median/p90/max 6.0/10.0/35, nonzero 461
    new field open_kept_accounts: median/p90/max 578318.0/584745.0/592254, nonzero 461
    new field open_layers: median/p90/max 3.0/3.0/3, nonzero 461
    new field open_provider_us: median/p90/max 89.0/152.0/693, nonzero 461
    new field plan_age_us: median/p90/max 52223.0/91590.0/114411, nonzero 460
    new field plan_ahead: median/p90/max 1.0/1.0/1, nonzero 460
    new field plan_body: median/p90/max 1.0/1.0/2, nonzero 460
    new field plan_body_us: median/p90/max 13347.0/17767.0/22584, nonzero 459
    new field plan_discard: {'': 460, 'not_on_its_parent': 1}
    new field plan_prep_us: median/p90/max 6880.0/13433.0/26652, nonzero 460
    new field plan_topup_txs: median/p90/max 0.0/0.0/0, nonzero 0
    new field prep_from_plan: {'true': 459, 'false': 2}
    new field prev_seal_to_answer_us: median/p90/max 1921.0/3656.0/6242, nonzero 461
    new field prev_seal_to_entry_us: median/p90/max 0.0/0.0/0, nonzero 0
    new field prev_seal_to_header_us: median/p90/max 217.0/336.0/529, nonzero 461
    new field prev_seal_to_import_us: median/p90/max 118767.0/156106.0/204401, nonzero 403
    new field prev_seal_to_request_us: median/p90/max 951.0/62715.0/114150, nonzero 461
    new field prev_seal_to_start_us: median/p90/max 1254.0/63014.0/114390, nonzero 461
    new field pull_bulk_txs: median/p90/max 200000.0/200000.0/200000, nonzero 461
    new field pull_bulk_us: median/p90/max 5.0/9.0/1237, nonzero 461
    new field receipts_late: {'false': 461}
    new field receipts_late_wait_us: median/p90/max 0.0/0.0/1, nonzero 1
    new field rename_fallbacks: median/p90/max 0.0/0.0/0, nonzero 0
    new field rename_record_waits: median/p90/max 0.0/0.0/0, nonzero 0
    new field root_apply_gap_us: median/p90/max 11.0/13.0/26, nonzero 461
    new field root_apply_total_us: median/p90/max 21252.0/31348.0/48947, nonzero 461
    new field root_compute_us: median/p90/max 23496.0/34511.0/83372, nonzero 461
    new field root_delta_us: median/p90/max 1169.0/2100.0/8091, nonzero 461
    new field root_index_us: median/p90/max 2674.0/5671.0/17606, nonzero 461
    new field root_leaves_us: median/p90/max 6772.0/10841.0/24065, nonzero 461
    new field root_note_us: median/p90/max 141.0/223.0/1119, nonzero 461
    new field root_ops_ahead: {'true': 461}
    new field root_ops_ahead_wait_us: median/p90/max 2671.0/8626.0/18623, nonzero 461
    new field root_ops_concat_us: median/p90/max 0.0/0.0/0, nonzero 0
    new field root_ops_encode_us: median/p90/max 5327.0/9498.0/17216, nonzero 461
    new field root_ops_finish_us: median/p90/max 2282.0/3264.0/8889, nonzero 461
    new field root_ops_sort_us: median/p90/max 3049.0/6827.0/12298, nonzero 461
    new field root_ops_us: median/p90/max 4974.0/10943.0/20684, nonzero 461
    new field root_rehash_us: median/p90/max 1986.0/3048.0/16679, nonzero 461
    new field root_retire_us: median/p90/max 1522.0/2714.0/6917, nonzero 461
    new field root_sort_us: median/p90/max 177.0/366.0/2777, nonzero 461
    new field root_undo_us: median/p90/max 333.0/636.0/4235, nonzero 461
    new field root_writes_us: median/p90/max 6997.0/10218.0/28635, nonzero 461
    new field seal_hashes_ahead: {'true': 461}
    new field seal_on_counters: {'true': 461}
    new field seal_to_complete_us: median/p90/max 106007.0/124810.0/169751, nonzero 461
    new field seal_to_frozen_us: median/p90/max 8948.0/15433.0/21613, nonzero 336
    new field seal_to_merge_end_us: median/p90/max 105862.0/124664.0/169642, nonzero 461
    new field seal_to_merge_start_us: median/p90/max 49209.0/63838.0/116340, nonzero 461
    new field seal_to_ops_ahead_us: median/p90/max 20651.0/28855.0/42624, nonzero 461
    new field seal_to_shards_ready_us: median/p90/max 14427.0/20124.0/25867, nonzero 461
    new field seal_to_state_ready_us: median/p90/max 105869.0/124674.0/169651, nonzero 461
    new field sealed_unix_us: median/p90/max 1791451973967388.0/1791451986100132.0/1791451988899180, nonzero 461
    new field start_walk_check_us: median/p90/max 0.0/0.0/176, nonzero 1
    new field start_walk_ids_us: median/p90/max 0.0/0.0/377, nonzero 1
    new field start_walk_settle_us: median/p90/max 0.0/0.0/0, nonzero 0
    new field start_walk_us: median/p90/max 0.0/0.0/4073, nonzero 1
    new field state_wait_us: median/p90/max 8447.0/55792.0/94049, nonzero 461
    new field view_journal_reads: median/p90/max 0.0/77824.0/155648, nonzero 223
    new field view_journal_searches: median/p90/max 0.0/220715.0/418310, nonzero 223
    new field view_journal_skips: median/p90/max 0.0/0.0/0, nonzero 0
    new field whole_take_noted: {'true': 461}
    binding wait (tick / quorum / seal share, mean cycle): tick 100% (61); quorum 0%; seal 0%; feed-bound (blocks under 95% of the tier): 0 of 460
    slowest key vote delay median/p90 8.5/33.7 ms
    engine own-import total_ms per block median/p90/max 47/71/100 (n=460)
    layer RSS 26.1 -> 33.9 G (max 33.9), in-memory blocks max 10
    execution layer cores busy 33.8    validators cores busy 0.9
  window 3: canonical 472 blocks, 94.4M tx = 3,146,667/s (100.4% of window 1), full 472/472 (100%); cycle -
    leader builds 472: sealed_at median/p90/p99 56/78/101; phases median/p90 ms: gap_before_exec 7/40, state_wait 7/40, par 55/81, par_exec 21/27, roots 36/52, parent_fields 10/29, sealed 11/30
    state_wait_on {'grandparent': 97, 'output': 231, 'none': 144}; builds with state_wait > 20 ms: 86 ([('grandparent', 81), ('output', 5)]); gp_layer {1.0: 472}, ggp_missing {1.0: 101, 0.0: 371}
    queue at the builds min/median 2,241,000/2,515,500
    new field batch_cpu_sum_us: median/p90/max 591518.5/717968.0/2255492, nonzero 472
    new field batch_dispatch_us: median/p90/max 215.5/292.0/775, nonzero 472
    new field batch_first_start_us: median/p90/max 73.0/121.0/286, nonzero 472
    new field batch_ivcsw: median/p90/max 1.0/6.0/36, nonzero 284
    new field batch_last_end_us: median/p90/max 21694.5/27069.0/81149, nonzero 472
    new field batch_last_start_us: median/p90/max 16741.0/20682.0/66693, nonzero 472
    new field batch_live_deferred: median/p90/max 73.0/83.0/255, nonzero 472
    new field batch_live_lock_hold_us: median/p90/max 10876.5/13107.0/35420, nonzero 472
    new field batch_live_lock_wait_us: median/p90/max 0.0/0.0/0, nonzero 0
    new field batch_live_lock_waits: median/p90/max 0.0/0.0/0, nonzero 0
    new field batch_majflt: median/p90/max 0.0/0.0/3, nonzero 2
    new field batch_minflt: median/p90/max 756.0/9726.0/33838, nonzero 472
    new field batch_open_max_us: median/p90/max 413.5/509.0/3414, nonzero 472
    new field batch_open_sum_us: median/p90/max 9761.5/12505.0/15743, nonzero 472
    new field batch_threads: median/p90/max 32.0/32.0/32, nonzero 472
    new field batch_vcsw: median/p90/max 178.5/591.0/1098, nonzero 472
    new field batch_view_index_wait_us: median/p90/max 0.0/27132.0/67991, nonzero 127
    new field batch_view_index_waits: median/p90/max 0.0/321.0/815, nonzero 127
    new field batch_view_slot_wait_us: median/p90/max 0.0/2213.0/3383, nonzero 135
    new field batch_view_slot_waits: median/p90/max 0.0/58.0/125, nonzero 136
    new field batch_wall_sum_us: median/p90/max 602899.5/734512.0/2258233, nonzero 472
    new field batches: median/p90/max 128.0/128.0/128, nonzero 472
    new field build_batches: median/p90/max 128.0/128.0/128, nonzero 472
    new field carried_depth: median/p90/max 1.0/1.0/1, nonzero 472
    new field exec_end_to_seal_us: median/p90/max 91.0/143.0/573, nonzero 472
    new field exec_partition_us: median/p90/max 6.0/9.0/1595, nonzero 472
    new field exec_prepared_groups: {'true': 468, 'false': 4}
    new field exec_prepared_slots: {'true': 468, 'false': 4}
    new field exec_slots_us: median/p90/max 0.0/0.0/1889, nonzero 5
    new field freeze_join_wait_us: median/p90/max 1722.5/15466.0/24190, nonzero 472
    new field freeze_late: {'true': 472}
    new field freeze_pool_own: {'true': 472}
    new field live_index_defer: {'true': 472}
    new field merge_accounts: median/p90/max 192403.0/195754.0/198017, nonzero 472
    new field merge_append_us: median/p90/max 3543.0/7628.0/20977, nonzero 472
    new field merge_early: {'false': 472}
    new field merge_join_wait_us: median/p90/max 0.0/0.0/0, nonzero 0
    new field merge_reverts: median/p90/max 192403.0/195754.0/198017, nonzero 472
    new field merge_reverts_us: median/p90/max 16359.0/21551.0/33545, nonzero 472
    new field merge_state_us: median/p90/max 38836.0/46843.0/68474, nonzero 472
    new field merge_tail_us: median/p90/max 0.0/0.0/1, nonzero 3
    new field merge_threads: median/p90/max 1.0/1.0/1, nonzero 472
    new field one_wave: {'false': 472}
    new field open_engine_us: median/p90/max 0.0/39318.0/76871, nonzero 101
    new field open_fallback: {'false': 371, 'true': 101}
    new field open_keep_us: median/p90/max 6.0/9.0/17, nonzero 472
    new field open_kept_accounts: median/p90/max 576891.0/583919.0/589777, nonzero 472
    new field open_layers: median/p90/max 3.0/3.0/3, nonzero 472
    new field open_provider_us: median/p90/max 94.5/158.0/1249, nonzero 472
    new field plan_age_us: median/p90/max 52435.0/84804.0/111500, nonzero 472
    new field plan_ahead: median/p90/max 1.0/1.0/1, nonzero 472
    new field plan_body: median/p90/max 1.0/1.0/2, nonzero 472
    new field plan_body_us: median/p90/max 16267.0/20951.0/25771, nonzero 468
    new field plan_discard: {'': 472}
    new field plan_prep_us: median/p90/max 6886.5/13379.0/26514, nonzero 472
    new field plan_topup_txs: median/p90/max 0.0/0.0/0, nonzero 0
    new field prep_from_plan: {'true': 468, 'false': 4}
    new field prev_seal_to_answer_us: median/p90/max 1944.0/2999.0/5573, nonzero 472
    new field prev_seal_to_entry_us: median/p90/max 0.0/0.0/0, nonzero 0
    new field prev_seal_to_header_us: median/p90/max 220.0/351.0/1177, nonzero 472
    new field prev_seal_to_import_us: median/p90/max 125318.5/153283.0/204223, nonzero 442
    new field prev_seal_to_request_us: median/p90/max 934.0/1341.0/81073, nonzero 472
    new field prev_seal_to_start_us: median/p90/max 1239.0/1803.0/81291, nonzero 472
    new field pull_bulk_txs: median/p90/max 200000.0/200000.0/200000, nonzero 472
    new field pull_bulk_us: median/p90/max 5.0/8.0/1058, nonzero 472
    new field receipts_late: {'false': 472}
    new field receipts_late_wait_us: median/p90/max 0.0/0.0/1, nonzero 1
    new field rename_fallbacks: median/p90/max 0.0/0.0/0, nonzero 0
    new field rename_record_waits: median/p90/max 0.0/0.0/0, nonzero 0
    new field root_apply_gap_us: median/p90/max 11.0/13.0/23, nonzero 472
    new field root_apply_total_us: median/p90/max 23868.5/35129.0/58242, nonzero 472
    new field root_compute_us: median/p90/max 26311.0/38555.0/71799, nonzero 472
    new field root_delta_us: median/p90/max 1268.0/3486.0/17090, nonzero 472
    new field root_index_us: median/p90/max 3205.5/6996.0/20790, nonzero 472
    new field root_leaves_us: median/p90/max 7378.5/12522.0/29195, nonzero 472
    new field root_note_us: median/p90/max 144.0/243.0/1442, nonzero 472
    new field root_ops_ahead: {'true': 472}
    new field root_ops_ahead_wait_us: median/p90/max 4171.5/10356.0/24331, nonzero 472
    new field root_ops_concat_us: median/p90/max 0.0/0.0/0, nonzero 0
    new field root_ops_encode_us: median/p90/max 6465.0/11022.0/24697, nonzero 472
    new field root_ops_finish_us: median/p90/max 2185.0/3318.0/6921, nonzero 472
    new field root_ops_sort_us: median/p90/max 3295.0/7484.0/15152, nonzero 472
    new field root_ops_us: median/p90/max 6584.5/12872.0/26667, nonzero 472
    new field root_rehash_us: median/p90/max 2716.5/5279.0/33614, nonzero 472
    new field root_retire_us: median/p90/max 1584.0/2605.0/6519, nonzero 472
    new field root_sort_us: median/p90/max 209.5/424.0/2506, nonzero 472
    new field root_undo_us: median/p90/max 347.0/664.0/3685, nonzero 472
    new field root_writes_us: median/p90/max 7134.0/10149.0/24046, nonzero 472
    new field seal_hashes_ahead: {'true': 472}
    new field seal_on_counters: {'true': 472}
    new field seal_to_complete_us: median/p90/max 114749.0/134024.0/166597, nonzero 472
    new field seal_to_frozen_us: median/p90/max 1719.0/15431.0/24101, nonzero 266
    new field seal_to_merge_end_us: median/p90/max 114687.0/133934.0/166511, nonzero 472
    new field seal_to_merge_start_us: median/p90/max 53705.5/70748.0/100689, nonzero 472
    new field seal_to_ops_ahead_us: median/p90/max 20755.0/29762.0/43561, nonzero 472
    new field seal_to_shards_ready_us: median/p90/max 12734.5/19860.0/29586, nonzero 472
    new field seal_to_state_ready_us: median/p90/max 114693.0/133941.0/166524, nonzero 472
    new field sealed_unix_us: median/p90/max 1791452003861170.0/1791452015757892.0/1791452018917070, nonzero 472
    new field start_walk_check_us: median/p90/max 0.0/0.0/0, nonzero 0
    new field start_walk_ids_us: median/p90/max 0.0/0.0/0, nonzero 0
    new field start_walk_settle_us: median/p90/max 0.0/0.0/0, nonzero 0
    new field start_walk_us: median/p90/max 0.0/0.0/0, nonzero 0
    new field state_wait_us: median/p90/max 7288.5/40507.0/91710, nonzero 472
    new field view_journal_reads: median/p90/max 4096.0/73728.0/139264, nonzero 237
    new field view_journal_searches: median/p90/max 7178.0/194797.0/429171, nonzero 237
    new field view_journal_skips: median/p90/max 0.0/0.0/0, nonzero 0
    new field whole_take_noted: {'true': 472}
    engine own-import total_ms per block median/p90/max 43/68/107 (n=472)
    layer RSS 33.2 -> 41.7 G (max 41.7), in-memory blocks max 11
    execution layer cores busy 36.4    validators cores busy 0.9
  round total (3 windows, canonical): 280.4M tx
  layer peak RSS 41.7 G; in-memory blocks max 11
  fields at seal: mode "early", verified 0, unchecked 0, mismatches 0 (last build line, cumulative)
  own_executed_again (built here and also directly imported): 0 of 1448 built blocks
== loop348K7AQGD
  layer-0 leader window-1 builds 469: txs mean 200000, share >= 95% of the tier 100% (max 200000); sealed_at_ms 51.0/75.0; par_ms 51.0/94.0; par_exec_ms 22.0/28.0; roots_ms 29.0/41.0; parent_fields_ms 3.0/18.0; sealed_ms 4.0/19.0
  proposal cycle window 1 (n=485): mean 63.9 median 61.5 p90 69.8 ms; blocks in the 30 s: 485
  binding wait (tick / quorum / seal, share and mean cycle): tick 95.3% (63.3); quorum 0.4% (116.2); seal 4.3% (76.1)
  vote delay after the proposal, slowest key per block: median 8.9 p90 56.4 ms (slowest minus the median key: median 0.2); last key: {1: 90, 2: 94, 3: 84, 4: 76, 5: 62, 6: 63} of 469 blocks
  CPU in window 1 (cores busy): execution layers 35.0 over 1 process(es); validators 0.9 over 7 process(es)
  execution layer peak RSS 41.7 G; in-memory blocks max 11 (node0 and others, all layers)
  blocks built here 1448; none also directly imported
  import-once counters at the last direct import: ; start-up lines with import_once=true: 1; queue-lock lines 0
  layer-0 queue (queued after canonical prune), median per 10 s: t+0:2473750 t+20:2491500 t+40:2455500 t+60:2507000 t+80:2476000
  flood: median per 5 s 3133174/s, final -
  timeout / given-up lines: 0; 
loop348K7AQGD page_faults_per_s_median: node0=175515 
feedcheck loop348K7AQGD: ok (block 200,000 tx)
== loop348K7AQGD: feed check (acq_us / gate_us / reply_us are per frame of 500; rate per 5 s `ingest` line)
  window 1: ingest lines 6; acq_us 472 (max 2830); gate_us 7066; reply_us 7632; slots_busy 13%; delivered median 3,134,744/s max 3,198,228/s; queue at builds median 2,517,000 min 1,405,000; full 100% of 470 blocks
  window 2: ingest lines 6; acq_us 467 (max 489); gate_us 7325; reply_us 7904; slots_busy 12%; delivered median 3,099,954/s max 3,161,035/s; queue at builds median 2,507,000 min 2,237,500; full 100% of 460 blocks
  window 3: ingest lines 6; acq_us 474 (max 510); gate_us 6998; reply_us 7576; slots_busy 13%; delivered median 3,176,335/s max 3,242,080/s; queue at builds median 2,515,500 min 2,241,000; full 100% of 472 blocks
  flood.log (+15..+100 s): rate per 5 s median 3,129,717/s max 3,229,117/s; reply latency median 61.0 ms max 65.9 ms
== loop348K7AQGD: lanes lock, drain and pruner (new fields)
  window 1: lock duty 53.0% (max 58.0); holds/5s 2,224; longest hold 28.36 ms median, 36.65 ms max by crates/n42/tx-queue/src/lib.rs:2046 (most frequent holders [('crates/n42/tx-queue/src/lib.rs:2046', 4), ('crates/n42/tx-queue/src/lib.rs:2692', 2)]); lock wait 2262.8 ms/5s, longest 36.69 ms; drains/5s 993 of 15708 tx, mean 1247 us, max 18.23 ms
           prune (428 blocks): prune_ms 32/57; fold 0.5 ms, lock 0.0 ms, remove(hold) 9.3 ms, free 0.0 ms; frames_swept 400; coalesced on 428 of 428; prune_wait_ms 0/0; pruner busy 49% of a thread, lock held by it 1.7%
  window 2: lock duty 57.0% (max 58.0); holds/5s 2,128; longest hold 27.46 ms median, 33.53 ms max by crates/n42/tx-queue/src/lib.rs:2576 (most frequent holders [('crates/n42/tx-queue/src/lib.rs:2046', 3), ('crates/n42/tx-queue/src/lib.rs:1766', 2)]); lock wait 2456.2 ms/5s, longest 35.67 ms; drains/5s 960 of 16243 tx, mean 1456 us, max 21.03 ms
           prune (414 blocks): prune_ms 35/55; fold 0.6 ms, lock 0.0 ms, remove(hold) 9.5 ms, free 0.0 ms; frames_swept 400; coalesced on 414 of 414; prune_wait_ms 0/0; pruner busy 50% of a thread, lock held by it 2.0%
  window 3: lock duty 58.5% (max 62.0); holds/5s 2,130; longest hold 27.82 ms median, 30.80 ms max by crates/n42/tx-queue/src/lib.rs:2046 (most frequent holders [('crates/n42/tx-queue/src/lib.rs:2046', 5), ('crates/n42/tx-queue/src/lib.rs:1766', 1)]); lock wait 3040.9 ms/5s, longest 32.16 ms; drains/5s 888 of 17930 tx, mean 1588 us, max 23.45 ms
           prune (447 blocks): prune_ms 35/51; fold 0.5 ms, lock 0.0 ms, remove(hold) 11.0 ms, free 0.0 ms; frames_swept 400; coalesced on 447 of 447; prune_wait_ms 0/0; pruner busy 53% of a thread, lock held by it 1.7%
== loop348K7AQGD: pruner (per block; busy = sum prune_ms / 30 s, lock = sum (remove_us + settle_us) / 30 s)
  window 1: 428 prunes; prune_ms 32/57; remove_us 9.3/19.2 ms; forget_us 2.9/5.5 ms; settle_us 3.2 ms; pruner busy 49% of a worker; lanes lock held for removal 22%
  window 2: 414 prunes; prune_ms 35/55; remove_us 9.5/21.2 ms; forget_us 3.0/5.5 ms; settle_us 3.5 ms; pruner busy 50% of a worker; lanes lock held for removal 22%
  window 3: 447 prunes; prune_ms 35/51; remove_us 11.0/20.9 ms; forget_us 2.9/4.6 ms; settle_us 3.2 ms; pruner busy 53% of a worker; lanes lock held for removal 25%
== loop348K7AQGD: seal start / pull, prepared plan, answer, chunked drain
  window 1: 470 builds; start_best_ms 3/14; start_walk_us 0/0; start_pull_ms 0/0; par_pull_ms 0/0; par_start_ms 3/14; par_ms 51/94; sealed_at_ms 50/75; pull_bulk_us 5/8; pull_bulk_txs 200000/200000; plan_age_us 48980/96213; plan_prep_us 6784/13015; plan_topup_txs 0/0
           plan_ahead {'1': 470}; plan_discard {'': 470}
           answer: built-ahead bytes median/max 15,243/15,245, layout_only {'true': 469}; proposal sent bytes median/max 15,243/15,245, layout_only {'true': 468}
           drain: chunks/5s 824, chunk max 8,192 tx, finished by others/5s 46; plan_discards (last ingest line) -
  window 2: 461 builds; start_best_ms 4/15; start_walk_us 0/0; start_pull_ms 0/0; par_pull_ms 0/0; par_start_ms 4/15; par_ms 54/90; sealed_at_ms 54/78; pull_bulk_us 5/9; pull_bulk_txs 200000/200000; plan_age_us 52223/91590; plan_prep_us 6880/13433; plan_topup_txs 0/0
           plan_ahead {'1': 460, '0': 1}; plan_discard {'': 460, 'not_on_its_parent': 1}
           answer: built-ahead bytes median/max 15,245/15,245, layout_only {'true': 462}; proposal sent bytes median/max 15,245/15,245, layout_only {'true': 461}
           drain: chunks/5s 806, chunk max 8,192 tx, finished by others/5s 56; plan_discards (last ingest line) -
  window 3: 472 builds; start_best_ms 5/18; start_walk_us 0/0; start_pull_ms 0/0; par_pull_ms 0/0; par_start_ms 5/18; par_ms 55/81; sealed_at_ms 56/78; pull_bulk_us 5/8; pull_bulk_txs 200000/200000; plan_age_us 52435/84804; plan_prep_us 6886/13379; plan_topup_txs 0/0
           plan_ahead {'1': 472}; plan_discard {'': 472}
           answer: built-ahead bytes median/max 15,245/15,245, layout_only {'true': 471}; proposal sent bytes median/max 15,245/15,245, layout_only {'true': 472}
           drain: chunks/5s 737, chunk max 8,192 tx, finished by others/5s 60; plan_discards (last ingest line) -
== loop348K7AQGD: persistence per window (ms per block = part sum / blocks persisted)
  window 1: persisted 465 of 470 produced (99%); total 32.2, sf_tx 29.2, sf_rcpt 6.9, sf_acct 13.9, sf_send 11.3, scope 29.2, qmdb 13.3, post 0.0, pre 3.0, plain_rev 3.0, commit_sf 0.6, commit_mdbx 0.1, commit_rocks 0.1; longest task sf_tx 29.2; in-memory 8 -> 9 (max 10); RSS 5.1 -> 26.1 G; lag 8 -> 9 = +2.0 blocks/min; bp max 0
  window 2: persisted 461 of 460 produced (100%); total 33.4, sf_tx 30.3, sf_rcpt 6.9, sf_acct 14.1, sf_send 11.7, scope 30.3, qmdb 14.6, post 0.0, pre 3.0, plain_rev 3.0, commit_sf 0.7, commit_mdbx 0.1, commit_rocks 0.1; longest task sf_tx 30.3; in-memory 9 -> 9 (max 10); RSS 26.1 -> 33.2 G; lag 9 -> 9 = +0.0 blocks/min; bp max 0
  window 3: persisted 470 of 472 produced (100%); total 35.7, sf_tx 31.5, sf_rcpt 6.5, sf_acct 13.9, sf_send 10.9, scope 31.6, qmdb 16.8, post 0.0, pre 4.2, plain_rev 4.2, commit_sf 0.8, commit_mdbx 0.1, commit_rocks 0.0; longest task sf_tx 31.5; in-memory 9 -> 11 (max 11); RSS 33.2 -> 41.6 G; lag 9 -> 8 = -2.0 blocks/min; bp max 0
  leg end: in-memory 8, max over the sampler 11, backpressure stalls 0
== loop348K7AQGD: execution and root fields (median / p90 per block); over 1449 full builds: rename_fallbacks total 0, rename_record_waits total 0, carried_depth values ['1']
    folded lines 470: pending_max max 90 (median 71); pending_us_max max 23,803; drops_max max 75637
    flags: seal_on_counters true:470; freeze_pool_own true:470; plan_body 1:469/2:1; prep_from_plan false:1/true:469; plan_ahead 1:470; seal per 1,000 transfers 0.253 ms
  window 1 (470 builds): on-CPU share 1.00/1.00; CPU per transfer 2.96/3.85 us; sealed_at_ms 50/75; par_exec_ms 22/28; par_fold_ms 9/18; index_ms 14/21; par_start_ms 3/14; gap_before_exec_ms 8/51; state_wait_us 8,711/51,320; parent_fields_ms 3/18; roots_ms 29/41; seal_to_fields_us 49,238/63,246; seal_to_complete_us 107,746/126,630; rename_fallbacks 0/0; rename_record_waits 0/0; carried_depth 1/1; plan_body_us 13,380/18,101; batch_max_ms 9/13; tx_root_ms 1/1; sealed_ms 4/19
    folded lines 462: pending_max max 85 (median 72); pending_us_max max 15,263; drops_max max 34648
    flags: seal_on_counters true:461; freeze_pool_own true:461; plan_body 0:1/1:459/2:1; prep_from_plan false:2/true:459; plan_ahead 0:1/1:460; seal per 1,000 transfers 0.270 ms
  window 2 (461 builds): on-CPU share 1.00/1.00; CPU per transfer 3.01/3.70 us; sealed_at_ms 54/78; par_exec_ms 21/27; par_fold_ms 9/15; index_ms 13/17; par_start_ms 4/15; gap_before_exec_ms 8/56; state_wait_us 8,447/55,792; parent_fields_ms 2/20; roots_ms 30/45; seal_to_fields_us 49,071/63,700; seal_to_complete_us 106,007/124,810; rename_fallbacks 0/0; rename_record_waits 0/0; carried_depth 1/1; plan_body_us 13,347/17,767; batch_max_ms 9/13; tx_root_ms 1/1; sealed_ms 3/21
    folded lines 472: pending_max max 87 (median 72); pending_us_max max 18,676; drops_max max 35875
    flags: seal_on_counters true:472; freeze_pool_own true:472; plan_body 1:468/2:4; prep_from_plan false:4/true:468; plan_ahead 1:472; seal per 1,000 transfers 0.280 ms
  window 3 (472 builds): on-CPU share 1.00/1.00; CPU per transfer 2.96/3.59 us; sealed_at_ms 56/78; par_exec_ms 21/27; par_fold_ms 7/15; index_ms 13/18; par_start_ms 5/18; gap_before_exec_ms 7/40; state_wait_us 7,288/40,507; parent_fields_ms 10/29; roots_ms 36/52; seal_to_fields_us 53,604/70,644; seal_to_complete_us 114,749/134,024; rename_fallbacks 0/0; rename_record_waits 0/0; carried_depth 1/1; plan_body_us 16,267/20,951; batch_max_ms 8/12; tx_root_ms 1/1; sealed_ms 11/30
== loop348K7AQGD: 4427 proposals; proposal -> quorum (leader's commit) median 6.9 / p90 37.5 / max 155.4 ms; proposal interval median 61.4 / p90 62.4 ms; TC formed lines 0; leader views timed out 0; ParentUnknown lines 0
   handover at view 1024: proposal intervals (view, ms) [(1023, 62), (1024, 131), (1025, 116), (1026, 61), (1027, 63)] against the median 61 ms
   handover at view 2048: proposal intervals (view, ms) [(2047, 61), (2048, 61), (2049, 62), (2050, 61), (2051, 61)] against the median 61 ms
   handover at view 3072: proposal intervals (view, ms) [(3071, 61), (3072, 61), (3073, 61), (3074, 61), (3075, 61)] against the median 61 ms
   handover at view 4096: proposal intervals (view, ms) [(4095, 62), (4096, 62), (4097, 61), (4098, 61), (4099, 62)] against the median 61 ms
     block 1025 (view 1024): sealed_at_ms 115, gap_before_exec_ms 19, parent_fields_ms 66, rename_fallbacks 0, rename_record_waits 0, carried_depth 1
     block 1026 (view 1025): sealed_at_ms 34, gap_before_exec_ms 8, parent_fields_ms 7, rename_fallbacks 0, rename_record_waits 0, carried_depth 1
     block 1027 (view 1026): sealed_at_ms 40, gap_before_exec_ms 4, parent_fields_ms 12, rename_fallbacks 0, rename_record_waits 0, carried_depth 1
     block 1028 (view 1027): sealed_at_ms 54, gap_before_exec_ms 20, parent_fields_ms 0, rename_fallbacks 0, rename_record_waits 0, carried_depth 1
flood span 95 s; tokio-rt threads alive throughout 34 of 61; group 9.7 cores busy over them (all threads incl. short-lived 12.6)
  per-thread cores busy, top 12: 0.63 0.59 0.58 0.58 0.58 0.57 0.56 0.56 0.56 0.56 0.56 0.56; threads over 0.9 core: 0, over 0.7: 0
== loop348K7AQGD: 1403 full builds in the 3 windows
  par_exec_ms 22/27; par_run_ms 32/71; batch_start_skew_ms 16/20; batch_median_ms 4/5; batch_max_ms 9/13; batch_first_start_us 75/114; batch_last_start_us 16879/20922; batch_dispatch_us 218/300; batch_last_end_us 21938/27692; batches 128/128; batch_threads 32/32; batch_txs_max 2000/2000; batch_txs_min 1500/1500; start_walk_ms 0/0; start_walk_check_ms 0/0; par_start_ms 4/16; sealed_at_ms 53/77; prev_seal_to_answer_us 1871/3225; prev_seal_to_entry_us 0/0; prev_seal_to_header_us 212/337; prev_seal_to_import_us 119572/153283; prev_seal_to_request_us 943/62220; prev_seal_to_start_us 1238/62875; start_walk_check_us 0/0; start_walk_ids_us 0/0; start_walk_settle_us 0/0; start_walk_us 0/0
  one_wave {'false': 1403}
  batches == batch_threads on 0 of 1403 builds
  last - first batch start (ms) median/p90 16.80/20.81; under 2 ms on 0 of 1403 builds
bodygate loop348K7AQGD: invalid_blocks=0 gas_mismatch=0 fields_mismatches=0 own_not_committed=0 proposals_given_up=0
datadirs of this round wiped; /data free 597G
released at 05:36
ALLDONE
