/data free 1012G at launch
tree at a34faf0b0 (test(fleet7): loop342 runner and launcher pair); box free at 00:37; builds:
built at 00:37; ingest/tx-types tests:
test result: ok. 64 passed; 0 failed; 0 ignored; 0 measured; 0 filtered out; finished in 1.08s
test result: ok. 21 passed; 0 failed; 4 ignored; 0 measured; 0 filtered out; finished in 8.85s
flood tests:
test result: ok. 8 passed; 0 failed; 1 ignored; 0 measured; 0 filtered out; finished in 0.81s
tests from 00:38 (no claim)
tests passed at 00:49: 1345 tests
built a34faf0b0+tree at 00:49
waiting for a quiet box from 00:49
claimed at 00:51 (1791262245): avail 109G load 1.81
tip a34faf0b0 tree: 2 changed files; native n42 built 23:42:29, h2_validator 23:40:54, deferred n42 00:02:58; last source change 22:59:28 (crates/n42/twig-core/src/lib.rs)
replay set for every leg: /data/n42-pregen/g900000-400m (senders 12500)
leg loop342W2: /data free 1012G (needs 120 G)
leg loop342W2 start 00:51:20 load 1.81
round loop342W2 exit 0 at 00:54:14
loop342W2 save stages (node0, seconds summed over the leg / count): batch_size=1928.0/642  batch_size=1928.0/642  reth_consensus_engine_beacon_persistence_duration=55.8/642  duration_seconds=53.1/642  total=48.6/642  scope=44.1/642  sf=43.2/642  sf_transactions=43.0/642  qmdb_persisted=23.1/642  sf_account_changesets=19.9/642
el binary: /data/n42-build/target-n42-rs/native/release/n42 env: N42_IMPORT_ONCE=1 N42_SETTLEMENT_TAGS=legacy N42_BUILD_THROTTLE_SOFT=48 F7_EL_MAP=0,0,0,0,0,0,0 N42_FIELDS_AT_SEAL=1 N42_FRAME_BLOCKS=1 N42_TX_INGEST_RECOVER_PARALLEL=24 N42_PARALLEL_BUILD_THREADS=32 N42_PLAN_AHEAD=1 N42_HASHED_TABLES=off F7_FLOOD_RATE=6000000 N42_COMPACT_BODY=1 MALLOC_CONF=thp:always,oversize_threshold:0,dirty_decay_ms:2000,background_thread:true N42_ACCOUNT_HISTORY=off N42_TAKE_COMPACT=1 N42_SF_EARLY_WRITEBACK=1 N42_ROAD_RUNTIME=1 N42_TX_INGEST_HIGH_WATER=2500000 F7_BENCH_POOL_SLOTS=3000000 N42_TX_QUEUE_DRAIN_CHUNK=8192 N42_ANSWER_LAYOUT_ONLY=1 N42_PULL_BY_FRAMES=1 N42_SF_PARALLEL_ENCODE=1 N42_BUILD_THROTTLE_HARD=80 RAYON_NUM_THREADS=16 TOKIO_WORKER_THREADS=16 N42_QMDB_READS=on N42_LEADER_LAYERS=3 N42_PERSIST_QMDB_IN_SCOPE=1 F7_BLOCK_INTERVAL_MS=60 F7_MEASURE_FROM_LOG=1
validator env: N42_IMPORT_ONCE=1 N42_SETTLEMENT_TAGS=legacy N42_BUILD_THROTTLE_SOFT=48 F7_EL_MAP=0,0,0,0,0,0,0 N42_FIELDS_AT_SEAL=1 N42_FRAME_BLOCKS=1 N42_TX_INGEST_RECOVER_PARALLEL=24 N42_PARALLEL_BUILD_THREADS=32 N42_PLAN_AHEAD=1 N42_HASHED_TABLES=off F7_FLOOD_RATE=6000000 N42_COMPACT_BODY=1 N42_ACCOUNT_HISTORY=off N42_TAKE_COMPACT=1 N42_SF_EARLY_WRITEBACK=1 N42_ROAD_RUNTIME=1 N42_TX_INGEST_HIGH_WATER=2500000 F7_BENCH_POOL_SLOTS=3000000 N42_TX_QUEUE_DRAIN_CHUNK=8192 N42_ANSWER_LAYOUT_ONLY=1 N42_PULL_BY_FRAMES=1 N42_SF_PARALLEL_ENCODE=1 N42_BUILD_THROTTLE_HARD=80 RAYON_NUM_THREADS=16 TOKIO_WORKER_THREADS=16 N42_QMDB_READS=on N42_LEADER_LAYERS=3 N42_PERSIST_QMDB_IN_SCOPE=1 F7_MEASURE_FROM_LOG=1
loop342W2 once: start-up lines import_once=true 1; last direct-import counters 
loop342W2 imports: layers=1 direct_imports=0 canonical_blocks=2736 import_once_lines=1 (per layer: direct imports should equal canonical blocks for one execution per block)
grep: /data/blockchain/rust-fleet7-bench/node1/el.log: No such file or directory
grep: /data/blockchain/rust-fleet7-bench/node2/el.log: No such file or directory
grep: /data/blockchain/rust-fleet7-bench/node3/el.log: No such file or directory
grep: /data/blockchain/rust-fleet7-bench/node1/el.log: No such file or directory
grep: /data/blockchain/rust-fleet7-bench/node2/el.log: No such file or directory
grep: /data/blockchain/rust-fleet7-bench/node3/el.log: No such file or directory
cat: /data/blockchain/rust-fleet7-bench/node2/el.log: No such file or directory
cat: /data/blockchain/rust-fleet7-bench/node2/el.log: No such file or directory
cat: /data/blockchain/rust-fleet7-bench/node2/el.log: No such file or directory
cat: /data/blockchain/rust-fleet7-bench/node1/el.log: No such file or directory
cat: /data/blockchain/rust-fleet7-bench/node2/el.log: No such file or directory
cat: /data/blockchain/rust-fleet7-bench/node3/el.log: No such file or directory
loop342W2 no_variant=0 own_not_committed=0 tc=1 invalid_blocks=0 incomplete=0 gas_mismatch=0 direct_imports_failed=0 stuck_at_hashed_state=0 engine_idles_over_5s=1 proposals_given_up=0 tables_off_nodes=1 unanswered_reads=0 seal_first_total=1431 seal_first_direct=1431 direct_guard_errors=0 commit_ms_median=2 fold_ms_median=7 sealed_at_ms_median=61 state_ready_ms_median=96 build_total_ms_median=183 recover_us_median=0 par_exec_ms_median=32 par_exec_ms_median=32 giveback_filtered=0 giveback_offered_max=200000 seal_first=1431 reader_lag_max=9 reader_lag_warns=0 view_invalidated=0 el_sum_peak_g=40.5 el_max_peak_g=40.5 val_sum_peak_g=1.9 flood_peak_g=0.6 two_roads_blocks=0 two_roads_overlap_ms_median=- exec_on_output_declined=0 r1_collect_ms_median=5 proposal_at_ms_median=49 view_total_ms_median=61 import_exec_ms_median=- import_total_ms_median=- import_senders_ms_median=- import_convert_ms_median=- import_groups_median=- imports_over_600ms=0 min_avail_g=83.8 road_foreign_body_recv_ms=- road_foreign_body_decode_ms=- road_foreign_body_senders_ms=- road_foreign_body_parent_wait_ms=- road_foreign_body_check_ms=- road_foreign_body_total_ms=- road_new_payload_recv_ms=- road_new_payload_decode_ms=- road_new_payload_senders_ms=- road_new_payload_parent_wait_ms=- road_new_payload_check_ms=- road_new_payload_total_ms=- road_foreign_body_blocks=0 road_new_payload_blocks=0 fcu_answered=1286 fcu_in_flight_ms_median=1 fcu_queued_ms_median=0 fcu_queued_ms_max=110 fcu_refused=0 fcu_slow=1562 bodies_held=0 road_reuse_ms=- road_prepare_ms=- road_dispatch_ms=- road_convert_ms=- road_remember_ms=- road_header_ms=- road_fields_ms=- road_other_ms=- import_engine_ms_median=- gate_forced=0 gate_warns=0 flood_timeouts=0 canonical_min=2768 canonical_max=2768 chained_builds=2082 chain_lead_ms_median=25 chain_wait_ms_median=37 chain_started=2086 chain_discarded=2 chain_discard_reasons=_1_reason="no_,_1_reason="the_execution_layer_produced_nothing,_1_reason="the_request_names_another_parent chain_alias_warns=0 el_chained=2100 bodies_held_warns=0 el_build_refused=2 el_build_refused_reasons=_2_no_QMDB_tree_for_parent_block_0x queued_p5=2322500 queued_p50=2512500 road_compact_blocks=0 road_compact_recv_ms=- road_compact_assemble_ms=- road_compact_root_ms=- road_compact_miss_wait_ms=- road_compact_senders_ms=- road_compact_check_ms=- road_compact_other_ms=- road_compact_total_ms=- road_compact_misses_total= compact_refused_el=0 compact_fallbacks=0 compact_bytes_median=- pool_order9=14258 par_pull_ms_median=0 build_total_ms_median2=63 road_compact_filled_blocks=0 road_compact_filled_median=- road_compact_fill_ms_median=- need_txns=0 fill_failed=0 ingest_rate_gate_open_median=- ingest_gate_open_intervals=0 ingest_slots_busy_median=- flood_rate= fill_asked_proposer=0 fill_asked_other=0 loop_lines=1499 loop_unnamed_ms_median=48 loop_body_served_ms_median=- loop_txns_served_ms_median=- import_exec_ms_median2=- pip_partition_ms=- pip_env_ms=- pip_batch_ms=- pip_groups_ms=- pip_gas_ms=- pip_merge_ms=- pip_receipts_ms=- pip_drop_ms=- pip_other_ms=- pip_total_ms=- senders_indexed_median=- road_senders_ms_median=- road_total_ms_median=- pew_ms_median=- pew_ms_p90= gate_ms_median=- gate_ms_p90= root_ms_p50=- root_ms_p90= two_roads=0 not_on_output=0 not_on_output_why= ckpt_ms_first_q=2 ckpt_ms_last_q=42 ckpt_bytes_last=34019460 parent_still_importing=0 root_wait_ms_p50=- root_wait_ms_p90= tenures_low_seal=23 seal_first_share=1.0 empty_over_deep=0 near_empty_warns=0 no_seal_why= par_skipped_median=- usable_p5=2322000 ckpt_replay_ms_last_q=14 candidates_zero=0 dropped_ingest=0 let_go_warns=0 let_go_reasons= parked_p50=0 parked_max=0 held_warns=0 park_capped_total=0 superseded_builds=0 empty_not_superseded=0 mass_park_warns=0 heads_lines=0 holes_lines=0 stale_parent_refusals=0 par_groups_p5=0 cancelled_decided=1 heads_nonce0=0 stale_unconfirmed= handovers=0 el_panics=0 decided_cancelled=1 min_window_blocks=444 road_desc_blocks=0 road_desc_total_ms=- road_desc_copy_ms=- desc_misses=0 fill_failed2=0 sf_par_collect_ms=0 sf_par_commit_ms=2 sf_par_fold_ms=7 sf_par_graft_ms=0 sf_par_prefault_ms=0 sf_par_exec_ms=32 sf_sealed_at_ms=61 sf_roots_ms=38 sf_state_ready_ms=96 sf_total_ms=183 ba_find_ms=0 ba_queue_ms=3 ba_total_ms=63 ba_on_output=1430 queue_fold_us=0 queue_lock_us=1 sf_par_exec_ms=32 sf_par_fold_ms=7 pip_groups_ms=- import_exec_ms_median2=- reads_d0=0 reads_hist=0 f_reads_d0=- f_reads_hist=- f_overlay_depth=- L_read_set_ms=0 read_set_accounts=0 read_set_unresolved=0 read_set_hits=0 read_set_misses=0 start_best_ms=- par_prep_ms=- gap_before_exec_ms=- gap_after_exec_ms=- gap_before_seal_ms=- index_ms=- road_copy_aside_ms=- road_copy_wait_ms=- road_total_ms=- queue_first_miss=queue_first_miss=18446744073709551615:1442,queue_first_miss=0:1295 root_append_behind=0 populate_lag_mb=0 swap_used_g=0 root_faults=- root_faults_p90= root_faults_entries=0 root_faults_offsets=0 root_faults_index=0 root_faults_bits=0 root_faults_twigs=0 root_faults_undo=0 root_faults_tmp=0 root_append_faults=0 root_twig_pool_misses=0 batch_max_ms=21 batch_min_ms=6 batch_median_ms=13 batch_cpu_max_ms=13 batch_txs_max=3500 batch_txs_min=500 batch_start_skew_ms=17 batch_wait_ms=0 loop_fetch_ns=0 loop_check_ns=0 loop_transfer_ns=0 loop_receipt_ns=0 loop_gas_ns=0 loop_sink_ns=0 loop_other_ns=0 batch_setup_ns=0 batch_close_ns=0 imp_exec_part_ms=- imp_exec_batches_ms=- imp_exec_graft_ms=- imp_exec_batches=- imp_exec_threads=- imp_exec_batch_max_ms=- imp_exec_batch_median_ms=- imp_parent_output_wait_ms=- road_parent_output_wait_ms=- next_start_gap_ms=1 next_entry_gap_ms=0 commit_body_ahead_used=- imp_exec_keys_ms=- imp_keys_ahead=- imp_exec_sink_ms=- imp_exec_pre_ms=- imp_exec_post_ms=- imp_exec_receipts_ms=- imp_exec_drop_ms=- root_gap_ms=- queue_whole=queue_whole=true:1442,queue_whole=false:1295 tick_tick_late_us=904 tick_preamble_us=340 tick_take_sealed_us=1 tick_sign_us=0 tick_cache_us=0 tick_presealed=- tick_describe_us=11 tick_publish_us=598 tick_tick_to_send_us=1979 road_check_ms=- road_check_include_us=- road_check_scan_us=- road_check_fold_us=- road_check_senders_us=- road_check_frames_summarized=- road_check_frames_scanned=- imp_exec_start_gap_us=- imp_gap_road_us=- imp_gap_header_us=- imp_gap_senders_us=- imp_gap_parent_us=- imp_gap_setup_us=- imp_gap_keys_wait_us=- sealed_at_p90= sealed_over_130=0 roots_ms=- cycle_p90=61/67/63 batch_max_ms=- batch_median_ms=- imp_batch_max=- forest_lock_warns=2085 root_seal_ms=1 root_seals=39 root_majflt=4639 roots_p90= gp_layer=1438 ggp_missing=25 state_wait_split=0/0/0/0:924,1/0/0/0:195,2/0/0/0:140 qmdb_releases=0 state_wait_on= imp_road_end_ms=- imp_exec_start_ms=- imp_exec_end_ms=- imp_root_end_ms=- imp_fields_ready_ms=- imp_parent_fields_wait_ms=- imp_exec_ms=- imp_root_ms=- imp_checks_ms=- imp_engine_ms=- imp_total_ms=- road_parent_fields_wait_ms=- exec_read_ms=0 L_exec_evm_ms=0 L_exec_write_ms=0 L_exec_other_ms=0 L_reads_cache=0 L_reads_provider=0 L_reads_view=0 L_graft_base_ms=0 L_graft_reserve_ms=0 L_graft_insert_ms=0 L_graft_reverts_ms=0 L_graft_other_ms=0 L_par_exec_ms=32 L_par_graft_ms=0 F_exec_read_ms=- F_exec_evm_ms=- F_exec_write_ms=- F_exec_other_ms=- F_reads_cache=- F_reads_provider=- F_reads_view=- F_groups_ms=- L_tx_root_wait_ms=0 L_par_exec_ms=32 L_par_graft_ms=0 L_par_fold_ms=7 L_sealed_ms=6 L_state_ready_ms=96 L_roots_ms=38 L_finish_ms=108 L_total_ms=183 L_setup_ms=0 L_par_pull_ms=0 L_give_back_ms=0 L_state_wait_ms=0 L_state_after_pull=1431 L_seal_at_exec=1431 L_tx_root_ahead=0 flood_w1=3121119 txs_p10=200000 acq_us=469 slots_busy=13 ingest_rate=3094270 L_scope_join_ms=0 L_par_release_ms=0 L_commit_body_ms=0 L_par_commit_ms=2 L_give_back_ms=0 L_sealed_ms=6 L_par_exec_ms=32 L_state_wait_ms=0 L_par_pull_ms=0 L_par_prep_ms=4 L_par_start_ms=4 L_pre_exec_ms=0 L_par_run_ms=34 L_sealed_at_ms=61 F_partition_ms=- F_env_ms=- F_groups_ms=- F_merge_ms=- F_reverts_wait_ms=- F_ahead_wait_ms=- F_total_ms=- I_engine_ms=- I_root_ms=- I_total_ms=- H_engine_remember_ms=- H_engine_listing_ms=- H_engine_new_payload_ms=- busy_us=1 L_par_start_ms=4 L_start_handoff_ms=3 L_start_best_ms=4 L_start_puller_ms=0 L_par_pull_ms=0 L_par_prep_ms=4 L_state_wait_ms=0 L_par_exec_ms=32 L_par_commit_ms=2 L_sealed_ms=6 L_sealed_at_ms=61 L_par_graft_ms=0 L_graft_insert_ms=0 L_graft_reverts_ms=0 L_graft_split_us=0 L_graft_build_us=0 L_graft_merge_us=0 L_state_ready_ms=96 Q_queue_ms=1 R_dispatch_wait_ms=- R_total_ms=- R_road_runtime=1 gate_holds=0 peer_fetch=0 pool_limit=limit=4 gate_opened=gate_opened_for_block=0 I_root_ms=- flood_rate_hdr=rate=6000000/s fills=0 fill_waited=- slots_busy=13 acq_us=469 busy_us=1 converged=0 fallbacks=0 busy_us=1 recover_us=0 tf_on_output=2 tf_fallback=0 still_importing=0 busy_us=1 slots_busy=13 batches=altsig_txs=0 altsig_batches=0 tf_on_output=2 tf_fallback=0 gate_holds=0 sign_s=sign 0s replay_note=replay       : 64 files from /data/n42-pregen/g900000-400m, 400000000 transactio sign_s=sign 0s shard=shard_verified=0 shard_claimed=0 road_verified=- slots_busy=13 gate_us=7350 reply_us=7903 queued=2512500 assemble_ms=- road_take_ms=- road_body_ms=- road_encode_ms=- shards=16 shard_insert_ms=0 shard_wait_ms=0 shard_fold_ms=4 shard_append_ms=246 shard_merge_ms=54 state_ready_ms=96 roots_ms=38 exec_read_ms=0 exec_evm_ms=0 exec_write_ms=0 exec_other_ms=0 reads_cache=0 reads_provider=0 reads_view=0 par_run_ms=34 fold_task_cpu_max_us=4244 fold_task_minflt_max=0 fold_task_minflt_sum=0 fold_task_migrated=0 fold_task_nivcsw_max=0 fold_index=1 fold_index_build_ms=4 fold_index_conflicts=8100 fold_queue_us=22 fold_skew_us=48 fold_task_max_us=4243 fold_tail_us=19 start_best_ms=4 start_select_ms=0 start_walk_ms=0 start_walk_check_ms=0 start_best_other_ms=0 start_frames_by_ref=0 start_frames_slow=0 start_pull_ms=0 start_other_ms=0 start_handoff_ms=3 par_start_ms=4 par_prep_ms=4 par_commit_ms=2 commit_body_ms=0 par_fold_ms=7 sealed_ms=6 copy_ms=- prune_ms=0 frames=- frames_missing=- frame_root_ms=- root_ms=- frames_admitted=frames_admitted=571844 frames_unaligned=0 frame_root_indexed=- seal_layout_ms=0 seal_root_ms=0 attested= busy_us=1 slots_busy=13 reply_us=7903 prune_ms=0 body_refused=0 body_failed_late=0
loop342W2 win1 tps=3,146,667 txs=94,400,000 blocks= 472 cycle=0.064s occupancy= 99.8% full(>=95%)=471/472 basefee=n/a (from the layer's log)
loop342W2 win2 tps=3,053,333 txs=91,600,000 blocks= 458 cycle=0.066s occupancy=100.0% full(>=95%)=458/458 basefee=n/a (from the layer's log)
loop342W2 win3 tps=2,973,333 txs=89,200,000 blocks= 446 cycle=0.067s occupancy=100.0% full(>=95%)=446/446 basefee=n/a (from the layer's log)
loop342W2 win1 tps=3,153,333 txs=94,600,000 blocks= 473 cycle=0.063s occupancy= 99.8% full(>=95%)=472/473 basefee=n/a (from the layer's log)
loop342W2 win2 tps=3,100,000 txs=93,000,000 blocks= 465 cycle=0.065s occupancy=100.0% full(>=95%)=465/465 basefee=n/a (from the layer's log)
loop342W2 win3 tps=2,960,000 txs=88,800,000 blocks= 444 cycle=0.068s occupancy=100.0% full(>=95%)=444/444 basefee=n/a (from the layer's log)
loop342W2 tps=3,146,667
tps=3,153,333 round_txs=551600000 cycles_w1=
loop342W2 imp_fields_p90= b_p75=38
loop342W2 overlay: filter_skips=0 probes=0 ratio=- (ratio = skips/(skips+probes))
loop342W2 overlay_manager:       1 state_trie_overlay=false  state-ovly_cpu=0
loop342W2 verify: written to /data/blockchain/rust-fleet7-bench/bench-loop342W2/verify.json
== loop342W2  (E=1: seven validator keys on one execution layer)
  window 1: canonical 473 blocks, 94.6M tx = 3,153,333/s (100.0% of window 1), full 472/473 (100%); cycle mean/median/p90 63.5/61.5/71.5 ms
    leader builds 472: sealed_at median/p90/p99 60/73/87; phases median/p90 ms: gap_before_exec 3/5, state_wait 0/3, par 58/73, par_exec 31/36, roots 36/46, parent_fields 0/5, sealed 6/12
    state_wait_on {'output': 144, 'none': 319, 'open': 3, 'grandparent': 6}; builds with state_wait > 20 ms: 5 ([('grandparent', 5)]); gp_layer {1.0: 472}, ggp_missing {0.0: 466, 1.0: 6}
    queue at the builds min/median 1,608,000/2,507,750
    new field batch_cpu_sum_us: median/p90/max 546240.5/691236.0/1698222, nonzero 472
    new field batch_dispatch_us: median/p90/max 35.0/72.0/1880, nonzero 472
    new field batch_first_start_us: median/p90/max 18.0/31.0/45, nonzero 472
    new field batch_ivcsw: median/p90/max 0.0/4.0/19, nonzero 176
    new field batch_last_end_us: median/p90/max 30618.5/35859.0/62402, nonzero 472
    new field batch_last_start_us: median/p90/max 17098.0/19894.0/49257, nonzero 472
    new field batch_live_deferred: median/p90/max 0.0/0.0/0, nonzero 0
    new field batch_live_lock_hold_us: median/p90/max 22125.0/25140.0/29617, nonzero 472
    new field batch_live_lock_wait_us: median/p90/max 216000.5/291353.0/383196, nonzero 472
    new field batch_live_lock_waits: median/p90/max 55.0/61.0/69, nonzero 472
    new field batch_majflt: median/p90/max 0.0/0.0/0, nonzero 0
    new field batch_minflt: median/p90/max 1056.0/5606.0/12594, nonzero 472
    new field batch_open_max_us: median/p90/max 445.0/516.0/3777, nonzero 472
    new field batch_open_sum_us: median/p90/max 11719.0/13912.0/16308, nonzero 472
    new field batch_threads: median/p90/max 32.0/32.0/32, nonzero 472
    new field batch_vcsw: median/p90/max 244.0/374.0/705, nonzero 472
    new field batch_view_index_wait_us: median/p90/max 0.0/7501.0/28691, nonzero 75
    new field batch_view_index_waits: median/p90/max 0.0/123.0/396, nonzero 75
    new field batch_view_slot_wait_us: median/p90/max 0.0/425.0/3318, nonzero 81
    new field batch_view_slot_waits: median/p90/max 0.0/22.0/93, nonzero 82
    new field batch_wall_sum_us: median/p90/max 787866.5/904244.0/1775180, nonzero 472
    new field batches: median/p90/max 58.0/58.0/58, nonzero 472
    new field live_index_defer: {'false': 472}
    new field one_wave: {'false': 472}
    new field open_engine_us: median/p90/max 0.0/0.0/30266, nonzero 6
    new field open_fallback: {'false': 466, 'true': 6}
    new field open_keep_us: median/p90/max 3.0/4.0/8, nonzero 472
    new field open_layers: median/p90/max 3.0/3.0/3, nonzero 472
    new field open_provider_us: median/p90/max 98.0/134.0/307, nonzero 472
    new field plan_age_us: median/p90/max 54167.0/66699.0/81887, nonzero 472
    new field plan_ahead: median/p90/max 1.0/1.0/2, nonzero 472
    new field plan_discard: {'': 472}
    new field plan_prep_us: median/p90/max 7746.5/9346.0/14525, nonzero 472
    new field plan_topup_txs: median/p90/max 0.0/0.0/123000, nonzero 1
    new field prev_seal_to_answer_us: median/p90/max 1312.5/2395.0/5852, nonzero 472
    new field prev_seal_to_entry_us: median/p90/max 0.0/0.0/0, nonzero 0
    new field prev_seal_to_header_us: median/p90/max 155.5/223.0/340, nonzero 472
    new field prev_seal_to_import_us: median/p90/max 114219.0/134785.0/164394, nonzero 472
    new field prev_seal_to_request_us: median/p90/max 876.5/1027.0/1378, nonzero 472
    new field prev_seal_to_start_us: median/p90/max 1120.5/1321.0/2030, nonzero 472
    new field pull_bulk_txs: median/p90/max 200000.0/200000.0/200000, nonzero 472
    new field pull_bulk_us: median/p90/max 774.5/997.0/2733, nonzero 472
    new field root_apply_total_us: median/p90/max 23036.0/29069.0/38412, nonzero 472
    new field root_delta_us: median/p90/max 1102.0/4184.0/8854, nonzero 472
    new field root_index_us: median/p90/max 2956.5/7322.0/23696, nonzero 472
    new field root_leaves_us: median/p90/max 6645.5/13405.0/22613, nonzero 472
    new field root_note_us: median/p90/max 154.0/217.0/1337, nonzero 472
    new field root_rehash_us: median/p90/max 1386.5/1777.0/8578, nonzero 472
    new field root_retire_us: median/p90/max 1572.0/2499.0/5820, nonzero 472
    new field root_sort_us: median/p90/max 79.5/150.0/1921, nonzero 472
    new field root_writes_us: median/p90/max 6920.0/9582.0/22204, nonzero 472
    new field sealed_unix_us: median/p90/max 1791262372963568.5/1791262384810929.0/1791262387761785, nonzero 472
    new field start_walk_check_us: median/p90/max 0.0/0.0/93, nonzero 1
    new field start_walk_ids_us: median/p90/max 0.0/0.0/136, nonzero 1
    new field start_walk_settle_us: median/p90/max 0.0/0.0/0, nonzero 0
    new field start_walk_us: median/p90/max 0.0/0.0/2705, nonzero 1
    new field state_wait_us: median/p90/max 198.0/3167.0/33710, nonzero 472
    new field view_journal_reads: median/p90/max 0.0/65536.0/167936, nonzero 232
    new field view_journal_searches: median/p90/max 0.0/190360.0/491520, nonzero 232
    new field view_journal_skips: median/p90/max 0.0/0.0/0, nonzero 0
    binding wait (tick / quorum / seal share, mean cycle): tick 92% (63); quorum 0%; seal 8% (75); feed-bound (blocks under 95% of the tier): 1 of 473
    slowest key vote delay median/p90 29.8/53.0 ms
    engine own-import total_ms per block median/p90/max 38/59/80 (n=472)
    layer RSS 4.8 -> 26.9 G (max 27.4), in-memory blocks max 10
    execution layer cores busy 36.0    validators cores busy 1.2
    flood delivered (median per 5 s over the leg) 3,149,668/s
  window 2: canonical 465 blocks, 93.0M tx = 3,100,000/s (98.3% of window 1), full 465/465 (100%); cycle mean/median/p90 63.4/61.6/68.2 ms
    leader builds 467: sealed_at median/p90/p99 61/74/91; phases median/p90 ms: gap_before_exec 3/6, state_wait 0/3, par 59/74, par_exec 31/36, roots 38/50, parent_fields 0/10, sealed 6/17
    state_wait_on {'output': 170, 'none': 284, 'open': 6, 'grandparent': 7}; builds with state_wait > 20 ms: 3 ([('grandparent', 3)]); gp_layer {1.0: 467}, ggp_missing {0.0: 459, 1.0: 8}
    queue at the builds min/median 2,315,000/2,516,500
    new field batch_cpu_sum_us: median/p90/max 541663.0/666285.0/1978560, nonzero 467
    new field batch_dispatch_us: median/p90/max 36.0/73.0/4059, nonzero 467
    new field batch_first_start_us: median/p90/max 19.0/30.0/56, nonzero 467
    new field batch_ivcsw: median/p90/max 0.0/3.0/40, nonzero 154
    new field batch_last_end_us: median/p90/max 29723.0/34625.0/74780, nonzero 467
    new field batch_last_start_us: median/p90/max 16982.0/19884.0/46523, nonzero 467
    new field batch_live_deferred: median/p90/max 0.0/0.0/0, nonzero 0
    new field batch_live_lock_hold_us: median/p90/max 21475.0/24185.0/30065, nonzero 467
    new field batch_live_lock_wait_us: median/p90/max 209285.0/274800.0/371673, nonzero 467
    new field batch_live_lock_waits: median/p90/max 56.0/63.0/108, nonzero 467
    new field batch_majflt: median/p90/max 0.0/0.0/26, nonzero 2
    new field batch_minflt: median/p90/max 1211.0/6059.0/16903, nonzero 467
    new field batch_open_max_us: median/p90/max 436.0/500.0/3986, nonzero 467
    new field batch_open_sum_us: median/p90/max 11515.0/13406.0/23615, nonzero 467
    new field batch_threads: median/p90/max 32.0/32.0/32, nonzero 467
    new field batch_vcsw: median/p90/max 250.0/411.0/1056, nonzero 467
    new field batch_view_index_wait_us: median/p90/max 0.0/9523.0/66312, nonzero 77
    new field batch_view_index_waits: median/p90/max 0.0/145.0/803, nonzero 77
    new field batch_view_slot_wait_us: median/p90/max 0.0/832.0/3253, nonzero 89
    new field batch_view_slot_waits: median/p90/max 0.0/26.0/103, nonzero 89
    new field batch_wall_sum_us: median/p90/max 765978.0/885564.0/1997217, nonzero 467
    new field batches: median/p90/max 58.0/58.0/58, nonzero 467
    new field live_index_defer: {'false': 467}
    new field one_wave: {'false': 467}
    new field open_engine_us: median/p90/max 0.0/0.0/53217, nonzero 8
    new field open_fallback: {'false': 459, 'true': 8}
    new field open_keep_us: median/p90/max 3.0/5.0/25, nonzero 467
    new field open_layers: median/p90/max 3.0/3.0/3, nonzero 467
    new field open_provider_us: median/p90/max 103.0/141.0/550, nonzero 467
    new field plan_age_us: median/p90/max 54948.0/67187.0/99212, nonzero 466
    new field plan_ahead: median/p90/max 1.0/1.0/1, nonzero 466
    new field plan_discard: {'': 466, 'not_on_its_parent': 1}
    new field plan_prep_us: median/p90/max 7534.0/9258.0/19212, nonzero 466
    new field plan_topup_txs: median/p90/max 0.0/0.0/0, nonzero 0
    new field prev_seal_to_answer_us: median/p90/max 1463.0/3007.0/5139, nonzero 467
    new field prev_seal_to_entry_us: median/p90/max 0.0/0.0/0, nonzero 0
    new field prev_seal_to_header_us: median/p90/max 158.0/237.0/745, nonzero 467
    new field prev_seal_to_import_us: median/p90/max 119668.0/141609.0/171722, nonzero 467
    new field prev_seal_to_request_us: median/p90/max 883.0/1063.0/99921, nonzero 467
    new field prev_seal_to_start_us: median/p90/max 1139.0/1374.0/100209, nonzero 467
    new field pull_bulk_txs: median/p90/max 200000.0/200000.0/200000, nonzero 467
    new field pull_bulk_us: median/p90/max 815.0/1025.0/2636, nonzero 467
    new field root_apply_total_us: median/p90/max 24679.0/31129.0/44771, nonzero 467
    new field root_delta_us: median/p90/max 1112.0/4502.0/9440, nonzero 467
    new field root_index_us: median/p90/max 3262.0/7968.0/14122, nonzero 467
    new field root_leaves_us: median/p90/max 6537.0/12794.0/23598, nonzero 467
    new field root_note_us: median/p90/max 145.0/216.0/1478, nonzero 467
    new field root_rehash_us: median/p90/max 2008.0/5505.0/16144, nonzero 467
    new field root_retire_us: median/p90/max 1618.0/2481.0/7039, nonzero 467
    new field root_sort_us: median/p90/max 82.0/148.0/989, nonzero 467
    new field root_writes_us: median/p90/max 6975.0/10686.0/18713, nonzero 467
    new field sealed_unix_us: median/p90/max 1791262402632331.0/1791262414765107.0/1791262417775471, nonzero 467
    new field start_walk_check_us: median/p90/max 0.0/0.0/1096, nonzero 1
    new field start_walk_ids_us: median/p90/max 0.0/0.0/615, nonzero 1
    new field start_walk_settle_us: median/p90/max 0.0/0.0/0, nonzero 0
    new field start_walk_us: median/p90/max 0.0/0.0/6675, nonzero 1
    new field state_wait_us: median/p90/max 249.0/3683.0/53404, nonzero 467
    new field view_journal_reads: median/p90/max 0.0/69632.0/139264, nonzero 226
    new field view_journal_searches: median/p90/max 0.0/191642.0/344914, nonzero 226
    new field view_journal_skips: median/p90/max 0.0/0.0/0, nonzero 0
    binding wait (tick / quorum / seal share, mean cycle): tick 91% (63); quorum 0%; seal 9% (69); feed-bound (blocks under 95% of the tier): 0 of 465
    slowest key vote delay median/p90 37.1/54.8 ms
    engine own-import total_ms per block median/p90/max 43/67/87 (n=465)
    layer RSS 26.8 -> 33.8 G (max 33.8), in-memory blocks max 10
    execution layer cores busy 35.8    validators cores busy 1.2
  window 3: canonical 444 blocks, 88.8M tx = 2,960,000/s (93.9% of window 1), full 444/444 (100%); cycle -
    leader builds 444: sealed_at median/p90/p99 61/79/134; phases median/p90 ms: gap_before_exec 3/6, state_wait 0/3, par 61/85, par_exec 32/37, roots 39/51, parent_fields 0/11, sealed 6/18
    state_wait_on {'none': 285, 'grandparent': 8, 'output': 146, 'open': 5}; builds with state_wait > 20 ms: 13 ([('grandparent', 7), ('output', 6)]); gp_layer {1.0: 444}, ggp_missing {0.0: 435, 1.0: 9}
    queue at the builds min/median 2,317,000/2,516,500
    new field batch_cpu_sum_us: median/p90/max 549472.0/662568.0/1797641, nonzero 444
    new field batch_dispatch_us: median/p90/max 34.0/71.0/1926, nonzero 444
    new field batch_first_start_us: median/p90/max 19.0/30.0/42, nonzero 444
    new field batch_ivcsw: median/p90/max 0.0/4.0/18, nonzero 170
    new field batch_last_end_us: median/p90/max 31312.5/36971.0/167633, nonzero 444
    new field batch_last_start_us: median/p90/max 17286.5/20012.0/75879, nonzero 444
    new field batch_live_deferred: median/p90/max 0.0/0.0/0, nonzero 0
    new field batch_live_lock_hold_us: median/p90/max 22935.5/25930.0/51839, nonzero 444
    new field batch_live_lock_wait_us: median/p90/max 221176.5/293746.0/431461, nonzero 444
    new field batch_live_lock_waits: median/p90/max 56.0/64.0/164, nonzero 444
    new field batch_majflt: median/p90/max 0.0/1.0/7730, nonzero 50
    new field batch_minflt: median/p90/max 1523.0/7334.0/23198, nonzero 444
    new field batch_open_max_us: median/p90/max 456.5/520.0/3016, nonzero 444
    new field batch_open_sum_us: median/p90/max 12163.5/14258.0/21781, nonzero 444
    new field batch_threads: median/p90/max 32.0/32.0/32, nonzero 444
    new field batch_vcsw: median/p90/max 254.0/569.0/7960, nonzero 444
    new field batch_view_index_wait_us: median/p90/max 0.0/16093.0/1670521, nonzero 102
    new field batch_view_index_waits: median/p90/max 0.0/237.0/633, nonzero 102
    new field batch_view_slot_wait_us: median/p90/max 0.0/1192.0/33854, nonzero 108
    new field batch_view_slot_waits: median/p90/max 0.0/33.0/87, nonzero 108
    new field batch_wall_sum_us: median/p90/max 795586.5/923140.0/2622222, nonzero 444
    new field batches: median/p90/max 58.0/58.0/58, nonzero 444
    new field live_index_defer: {'false': 444}
    new field one_wave: {'false': 444}
    new field open_engine_us: median/p90/max 0.0/0.0/84297, nonzero 9
    new field open_fallback: {'false': 435, 'true': 9}
    new field open_keep_us: median/p90/max 3.0/4.0/11, nonzero 444
    new field open_layers: median/p90/max 3.0/3.0/3, nonzero 444
    new field open_provider_us: median/p90/max 98.0/140.0/1894, nonzero 444
    new field plan_age_us: median/p90/max 56060.5/71943.0/186994, nonzero 444
    new field plan_ahead: median/p90/max 1.0/1.0/1, nonzero 444
    new field plan_discard: {'': 444}
    new field plan_prep_us: median/p90/max 7621.0/9472.0/120755, nonzero 444
    new field plan_topup_txs: median/p90/max 0.0/0.0/0, nonzero 0
    new field prev_seal_to_answer_us: median/p90/max 1632.0/3123.0/5351, nonzero 444
    new field prev_seal_to_entry_us: median/p90/max 0.0/0.0/0, nonzero 0
    new field prev_seal_to_header_us: median/p90/max 166.0/254.0/906, nonzero 444
    new field prev_seal_to_import_us: median/p90/max 119701.5/141430.0/243989, nonzero 438
    new field prev_seal_to_request_us: median/p90/max 895.0/1125.0/1771, nonzero 444
    new field prev_seal_to_start_us: median/p90/max 1190.5/1526.0/4255, nonzero 444
    new field pull_bulk_txs: median/p90/max 200000.0/200000.0/200000, nonzero 444
    new field pull_bulk_us: median/p90/max 782.0/1083.0/3872, nonzero 444
    new field root_apply_total_us: median/p90/max 25074.0/30361.0/41870, nonzero 444
    new field root_delta_us: median/p90/max 1073.0/3440.0/8627, nonzero 444
    new field root_index_us: median/p90/max 3087.5/7165.0/17945, nonzero 444
    new field root_leaves_us: median/p90/max 6392.0/12826.0/23639, nonzero 444
    new field root_note_us: median/p90/max 131.0/201.0/1366, nonzero 444
    new field root_rehash_us: median/p90/max 2637.5/5940.0/11697, nonzero 444
    new field root_retire_us: median/p90/max 1858.0/2604.0/7690, nonzero 444
    new field root_sort_us: median/p90/max 80.0/126.0/965, nonzero 444
    new field root_writes_us: median/p90/max 6974.5/9542.0/17169, nonzero 444
    new field sealed_unix_us: median/p90/max 1791262432191757.5/1791262444124090.0/1791262447776102, nonzero 444
    new field start_walk_check_us: median/p90/max 0.0/0.0/0, nonzero 0
    new field start_walk_ids_us: median/p90/max 0.0/0.0/0, nonzero 0
    new field start_walk_settle_us: median/p90/max 0.0/0.0/0, nonzero 0
    new field start_walk_us: median/p90/max 0.0/0.0/0, nonzero 0
    new field state_wait_us: median/p90/max 436.5/3712.0/116837, nonzero 444
    new field view_journal_reads: median/p90/max 16384.0/65536.0/147456, nonzero 241
    new field view_journal_searches: median/p90/max 43461.5/180226.0/422310, nonzero 241
    new field view_journal_skips: median/p90/max 0.0/0.0/0, nonzero 0
    engine own-import total_ms per block median/p90/max 44/68/148 (n=444)
    layer RSS 33.3 -> 40.8 G (max 40.8), in-memory blocks max 10
    execution layer cores busy 34.1    validators cores busy 1.1
  round total (3 windows, canonical): 276.4M tx
  layer peak RSS 40.8 G; in-memory blocks max 10
  fields at seal: mode "early", verified 0, unchecked 0, mismatches 0 (last build line, cumulative)
  own_executed_again (built here and also directly imported): 0 of 1430 built blocks
== loop342W2
  layer-0 leader window-1 builds 473: txs mean 200000, share >= 95% of the tier 100% (max 200000); sealed_at_ms 60.0/74.0; par_ms 58.0/73.0; par_exec_ms 31.0/37.0; roots_ms 36.0/46.0; parent_fields_ms 0.0/5.0; sealed_ms 6.0/12.0
  proposal cycle window 1 (n=488): mean 63.5 median 61.5 p90 71.5 ms; blocks in the 30 s: 488
  binding wait (tick / quorum / seal, share and mean cycle): tick 92.4% (62.5); quorum 0%; seal 7.6% (75.0)
  vote delay after the proposal, slowest key per block: median 29.9 p90 53.0 ms (slowest minus the median key: median 0.2); last key: {1: 83, 2: 101, 3: 82, 4: 96, 5: 63, 6: 47} of 472 blocks
  CPU in window 1 (cores busy): execution layers 36.0 over 1 process(es); validators 1.2 over 7 process(es)
  execution layer peak RSS 40.8 G; in-memory blocks max 10 (node0 and others, all layers)
  blocks built here 1430; none also directly imported
  import-once counters at the last direct import: ; start-up lines with import_once=true: 1; queue-lock lines 0
  layer-0 queue (queued after canonical prune), median per 10 s: t+0:2491000 t+20:2510000 t+40:2515000 t+60:2514000 t+80:2515000
  flood: median per 5 s 3149668/s, final -
  timeout / given-up lines: 1; 04:52:09 v0 INFO process_event{view=1 kind="message"}: n42::cl::timeout: TC formed
loop342W2 page_faults_per_s_median: node0=166938 
leg loop342W2b: /data free 929G (needs 120 G)
load 9.52 at 00:55:26, waiting
leg loop342W2b start 00:55:57 load 5.90
round loop342W2b exit 0 at 00:58:49
loop342W2b save stages (node0, seconds summed over the leg / count): batch_size=1957.0/651  batch_size=1957.0/651  reth_consensus_engine_beacon_persistence_duration=55.6/651  duration_seconds=53.2/651  total=48.8/651  scope=43.9/651  sf=43.8/651  sf_transactions=43.6/651  qmdb_persisted=22.3/651  sf_account_changesets=20.4/651
el binary: /data/n42-build/target-n42-rs/native/release/n42 env: N42_IMPORT_ONCE=1 N42_SETTLEMENT_TAGS=legacy N42_BUILD_THROTTLE_SOFT=48 F7_EL_MAP=0,0,0,0,0,0,0 N42_FIELDS_AT_SEAL=1 N42_FRAME_BLOCKS=1 N42_TX_INGEST_RECOVER_PARALLEL=24 N42_PARALLEL_BUILD_THREADS=32 N42_PLAN_AHEAD=1 N42_HASHED_TABLES=off F7_FLOOD_RATE=6000000 N42_COMPACT_BODY=1 MALLOC_CONF=thp:always,oversize_threshold:0,dirty_decay_ms:2000,background_thread:true N42_ACCOUNT_HISTORY=off N42_TAKE_COMPACT=1 N42_SF_EARLY_WRITEBACK=1 N42_ROAD_RUNTIME=1 N42_TX_INGEST_HIGH_WATER=2500000 F7_BENCH_POOL_SLOTS=3000000 N42_TX_QUEUE_DRAIN_CHUNK=8192 N42_ANSWER_LAYOUT_ONLY=1 N42_PULL_BY_FRAMES=1 N42_SF_PARALLEL_ENCODE=1 N42_BUILD_THROTTLE_HARD=80 RAYON_NUM_THREADS=16 TOKIO_WORKER_THREADS=16 N42_QMDB_READS=on N42_LEADER_LAYERS=3 N42_PERSIST_QMDB_IN_SCOPE=1 F7_BLOCK_INTERVAL_MS=60 F7_MEASURE_FROM_LOG=1
validator env: N42_IMPORT_ONCE=1 N42_SETTLEMENT_TAGS=legacy N42_BUILD_THROTTLE_SOFT=48 F7_EL_MAP=0,0,0,0,0,0,0 N42_FIELDS_AT_SEAL=1 N42_FRAME_BLOCKS=1 N42_TX_INGEST_RECOVER_PARALLEL=24 N42_PARALLEL_BUILD_THREADS=32 N42_PLAN_AHEAD=1 N42_HASHED_TABLES=off F7_FLOOD_RATE=6000000 N42_COMPACT_BODY=1 N42_ACCOUNT_HISTORY=off N42_TAKE_COMPACT=1 N42_SF_EARLY_WRITEBACK=1 N42_ROAD_RUNTIME=1 N42_TX_INGEST_HIGH_WATER=2500000 F7_BENCH_POOL_SLOTS=3000000 N42_TX_QUEUE_DRAIN_CHUNK=8192 N42_ANSWER_LAYOUT_ONLY=1 N42_PULL_BY_FRAMES=1 N42_SF_PARALLEL_ENCODE=1 N42_BUILD_THROTTLE_HARD=80 RAYON_NUM_THREADS=16 TOKIO_WORKER_THREADS=16 N42_QMDB_READS=on N42_LEADER_LAYERS=3 N42_PERSIST_QMDB_IN_SCOPE=1 F7_MEASURE_FROM_LOG=1
loop342W2b once: start-up lines import_once=true 1; last direct-import counters 
loop342W2b imports: layers=1 direct_imports=0 canonical_blocks=2785 import_once_lines=1 (per layer: direct imports should equal canonical blocks for one execution per block)
grep: /data/blockchain/rust-fleet7-bench/node1/el.log: No such file or directory
grep: /data/blockchain/rust-fleet7-bench/node2/el.log: No such file or directory
grep: /data/blockchain/rust-fleet7-bench/node3/el.log: No such file or directory
grep: /data/blockchain/rust-fleet7-bench/node1/el.log: No such file or directory
grep: /data/blockchain/rust-fleet7-bench/node2/el.log: No such file or directory
grep: /data/blockchain/rust-fleet7-bench/node3/el.log: No such file or directory
cat: /data/blockchain/rust-fleet7-bench/node2/el.log: No such file or directory
cat: /data/blockchain/rust-fleet7-bench/node2/el.log: No such file or directory
cat: /data/blockchain/rust-fleet7-bench/node2/el.log: No such file or directory
cat: /data/blockchain/rust-fleet7-bench/node1/el.log: No such file or directory
cat: /data/blockchain/rust-fleet7-bench/node2/el.log: No such file or directory
cat: /data/blockchain/rust-fleet7-bench/node3/el.log: No such file or directory
loop342W2b no_variant=0 own_not_committed=0 tc=1 invalid_blocks=0 incomplete=0 gas_mismatch=0 direct_imports_failed=0 stuck_at_hashed_state=0 engine_idles_over_5s=1 proposals_given_up=0 tables_off_nodes=1 unanswered_reads=0 seal_first_total=1454 seal_first_direct=1454 direct_guard_errors=0 commit_ms_median=2 fold_ms_median=7 sealed_at_ms_median=60 state_ready_ms_median=96 build_total_ms_median=182 recover_us_median=0 par_exec_ms_median=31 par_exec_ms_median=31 giveback_filtered=0 giveback_offered_max=200000 seal_first=1454 reader_lag_max=9 reader_lag_warns=0 view_invalidated=0 el_sum_peak_g=41.2 el_max_peak_g=41.2 val_sum_peak_g=1.9 flood_peak_g=0.6 two_roads_blocks=0 two_roads_overlap_ms_median=- exec_on_output_declined=0 r1_collect_ms_median=5 proposal_at_ms_median=48 view_total_ms_median=61 import_exec_ms_median=- import_total_ms_median=- import_senders_ms_median=- import_convert_ms_median=- import_groups_median=- imports_over_600ms=0 min_avail_g=79.3 road_foreign_body_recv_ms=- road_foreign_body_decode_ms=- road_foreign_body_senders_ms=- road_foreign_body_parent_wait_ms=- road_foreign_body_check_ms=- road_foreign_body_total_ms=- road_new_payload_recv_ms=- road_new_payload_decode_ms=- road_new_payload_senders_ms=- road_new_payload_parent_wait_ms=- road_new_payload_check_ms=- road_new_payload_total_ms=- road_foreign_body_blocks=0 road_new_payload_blocks=0 fcu_answered=1308 fcu_in_flight_ms_median=0 fcu_queued_ms_median=0 fcu_queued_ms_max=84 fcu_refused=0 fcu_slow=1529 bodies_held=0 road_reuse_ms=- road_prepare_ms=- road_dispatch_ms=- road_convert_ms=- road_remember_ms=- road_header_ms=- road_fields_ms=- road_other_ms=- import_engine_ms_median=- gate_forced=0 gate_warns=0 flood_timeouts=0 canonical_min=2818 canonical_max=2818 chained_builds=2118 chain_lead_ms_median=24 chain_wait_ms_median=38 chain_started=2121 chain_discarded=1 chain_discard_reasons=_1_reason="the_request_names_another_parent chain_alias_warns=0 el_chained=2136 bodies_held_warns=0 el_build_refused=1 el_build_refused_reasons=_1_no_QMDB_tree_for_parent_block_0x queued_p5=2320000 queued_p50=2510500 road_compact_blocks=0 road_compact_recv_ms=- road_compact_assemble_ms=- road_compact_root_ms=- road_compact_miss_wait_ms=- road_compact_senders_ms=- road_compact_check_ms=- road_compact_other_ms=- road_compact_total_ms=- road_compact_misses_total= compact_refused_el=0 compact_fallbacks=0 compact_bytes_median=- pool_order9=13768 par_pull_ms_median=0 build_total_ms_median2=62 road_compact_filled_blocks=0 road_compact_filled_median=- road_compact_fill_ms_median=- need_txns=0 fill_failed=0 ingest_rate_gate_open_median=- ingest_gate_open_intervals=0 ingest_slots_busy_median=- flood_rate= fill_asked_proposer=0 fill_asked_other=0 loop_lines=1512 loop_unnamed_ms_median=48 loop_body_served_ms_median=- loop_txns_served_ms_median=- import_exec_ms_median2=- pip_partition_ms=- pip_env_ms=- pip_batch_ms=- pip_groups_ms=- pip_gas_ms=- pip_merge_ms=- pip_receipts_ms=- pip_drop_ms=- pip_other_ms=- pip_total_ms=- senders_indexed_median=- road_senders_ms_median=- road_total_ms_median=- pew_ms_median=- pew_ms_p90= gate_ms_median=- gate_ms_p90= root_ms_p50=- root_ms_p90= two_roads=0 not_on_output=0 not_on_output_why= ckpt_ms_first_q=2 ckpt_ms_last_q=42 ckpt_bytes_last=34397244 parent_still_importing=0 root_wait_ms_p50=- root_wait_ms_p90= tenures_low_seal=23 seal_first_share=0.99 empty_over_deep=0 near_empty_warns=0 no_seal_why= par_skipped_median=- usable_p5=2320000 ckpt_replay_ms_last_q=15 candidates_zero=0 dropped_ingest=0 let_go_warns=0 let_go_reasons= parked_p50=0 parked_max=0 held_warns=0 park_capped_total=0 superseded_builds=0 empty_not_superseded=0 mass_park_warns=0 heads_lines=0 holes_lines=0 stale_parent_refusals=0 par_groups_p5=0 cancelled_decided=1 heads_nonce0=0 stale_unconfirmed= handovers=0 el_panics=0 decided_cancelled=1 min_window_blocks=455 road_desc_blocks=0 road_desc_total_ms=- road_desc_copy_ms=- desc_misses=0 fill_failed2=0 sf_par_collect_ms=0 sf_par_commit_ms=2 sf_par_fold_ms=7 sf_par_graft_ms=0 sf_par_prefault_ms=0 sf_par_exec_ms=31 sf_sealed_at_ms=60 sf_roots_ms=38 sf_state_ready_ms=96 sf_total_ms=182 ba_find_ms=0 ba_queue_ms=3 ba_total_ms=62 ba_on_output=1454 queue_fold_us=0 queue_lock_us=1 sf_par_exec_ms=31 sf_par_fold_ms=7 pip_groups_ms=- import_exec_ms_median2=- reads_d0=0 reads_hist=0 f_reads_d0=- f_reads_hist=- f_overlay_depth=- L_read_set_ms=0 read_set_accounts=0 read_set_unresolved=0 read_set_hits=0 read_set_misses=0 start_best_ms=- par_prep_ms=- gap_before_exec_ms=- gap_after_exec_ms=- gap_before_seal_ms=- index_ms=- road_copy_aside_ms=- road_copy_wait_ms=- road_total_ms=- queue_first_miss=queue_first_miss=18446744073709551615:1465,queue_first_miss=0:1320 root_append_behind=0 populate_lag_mb=0 swap_used_g=0 root_faults=- root_faults_p90= root_faults_entries=0 root_faults_offsets=0 root_faults_index=0 root_faults_bits=0 root_faults_twigs=0 root_faults_undo=0 root_faults_tmp=0 root_append_faults=0 root_twig_pool_misses=0 batch_max_ms=20 batch_min_ms=6 batch_median_ms=13 batch_cpu_max_ms=12 batch_txs_max=3500 batch_txs_min=500 batch_start_skew_ms=16 batch_wait_ms=0 loop_fetch_ns=0 loop_check_ns=0 loop_transfer_ns=0 loop_receipt_ns=0 loop_gas_ns=0 loop_sink_ns=0 loop_other_ns=0 batch_setup_ns=0 batch_close_ns=0 imp_exec_part_ms=- imp_exec_batches_ms=- imp_exec_graft_ms=- imp_exec_batches=- imp_exec_threads=- imp_exec_batch_max_ms=- imp_exec_batch_median_ms=- imp_parent_output_wait_ms=- road_parent_output_wait_ms=- next_start_gap_ms=1 next_entry_gap_ms=0 commit_body_ahead_used=- imp_exec_keys_ms=- imp_keys_ahead=- imp_exec_sink_ms=- imp_exec_pre_ms=- imp_exec_post_ms=- imp_exec_receipts_ms=- imp_exec_drop_ms=- root_gap_ms=- queue_whole=queue_whole=true:1465,queue_whole=false:1320 tick_tick_late_us=903 tick_preamble_us=339 tick_take_sealed_us=1 tick_sign_us=0 tick_cache_us=0 tick_presealed=- tick_describe_us=10 tick_publish_us=600 tick_tick_to_send_us=1951 road_check_ms=- road_check_include_us=- road_check_scan_us=- road_check_fold_us=- road_check_senders_us=- road_check_frames_summarized=- road_check_frames_scanned=- imp_exec_start_gap_us=- imp_gap_road_us=- imp_gap_header_us=- imp_gap_senders_us=- imp_gap_parent_us=- imp_gap_setup_us=- imp_gap_keys_wait_us=- sealed_at_p90= sealed_over_130=0 roots_ms=- cycle_p90=61/67/63 batch_max_ms=- batch_median_ms=- imp_batch_max=- forest_lock_warns=2057 root_seal_ms=1 root_seals=40 root_majflt=5 roots_p90= gp_layer=1462 ggp_missing=10 state_wait_split=0/0/0/0:854,1/0/0/0:203,2/0/0/0:163 qmdb_releases=0 state_wait_on= imp_road_end_ms=- imp_exec_start_ms=- imp_exec_end_ms=- imp_root_end_ms=- imp_fields_ready_ms=- imp_parent_fields_wait_ms=- imp_exec_ms=- imp_root_ms=- imp_checks_ms=- imp_engine_ms=- imp_total_ms=- road_parent_fields_wait_ms=- exec_read_ms=0 L_exec_evm_ms=0 L_exec_write_ms=0 L_exec_other_ms=0 L_reads_cache=0 L_reads_provider=0 L_reads_view=0 L_graft_base_ms=0 L_graft_reserve_ms=0 L_graft_insert_ms=0 L_graft_reverts_ms=0 L_graft_other_ms=0 L_par_exec_ms=31 L_par_graft_ms=0 F_exec_read_ms=- F_exec_evm_ms=- F_exec_write_ms=- F_exec_other_ms=- F_reads_cache=- F_reads_provider=- F_reads_view=- F_groups_ms=- L_tx_root_wait_ms=0 L_par_exec_ms=31 L_par_graft_ms=0 L_par_fold_ms=7 L_sealed_ms=6 L_state_ready_ms=96 L_roots_ms=38 L_finish_ms=107 L_total_ms=182 L_setup_ms=0 L_par_pull_ms=0 L_give_back_ms=0 L_state_wait_ms=0 L_state_after_pull=1454 L_seal_at_exec=1454 L_tx_root_ahead=0 flood_w1=3114218 txs_p10=200000 acq_us=470 slots_busy=13 ingest_rate=3142943 L_scope_join_ms=0 L_par_release_ms=0 L_commit_body_ms=0 L_par_commit_ms=2 L_give_back_ms=0 L_sealed_ms=6 L_par_exec_ms=31 L_state_wait_ms=0 L_par_pull_ms=0 L_par_prep_ms=4 L_par_start_ms=4 L_pre_exec_ms=0 L_par_run_ms=34 L_sealed_at_ms=60 F_partition_ms=- F_env_ms=- F_groups_ms=- F_merge_ms=- F_reverts_wait_ms=- F_ahead_wait_ms=- F_total_ms=- I_engine_ms=- I_root_ms=- I_total_ms=- H_engine_remember_ms=- H_engine_listing_ms=- H_engine_new_payload_ms=- busy_us=1 L_par_start_ms=4 L_start_handoff_ms=3 L_start_best_ms=4 L_start_puller_ms=0 L_par_pull_ms=0 L_par_prep_ms=4 L_state_wait_ms=0 L_par_exec_ms=31 L_par_commit_ms=2 L_sealed_ms=6 L_sealed_at_ms=60 L_par_graft_ms=0 L_graft_insert_ms=0 L_graft_reverts_ms=0 L_graft_split_us=0 L_graft_build_us=0 L_graft_merge_us=0 L_state_ready_ms=96 Q_queue_ms=1 R_dispatch_wait_ms=- R_total_ms=- R_road_runtime=1 gate_holds=0 peer_fetch=0 pool_limit=limit=4 gate_opened=gate_opened_for_block=0 I_root_ms=- flood_rate_hdr=rate=6000000/s fills=0 fill_waited=- slots_busy=13 acq_us=470 busy_us=1 converged=0 fallbacks=0 busy_us=1 recover_us=0 tf_on_output=2 tf_fallback=0 still_importing=0 busy_us=1 slots_busy=13 batches=altsig_txs=0 altsig_batches=0 tf_on_output=2 tf_fallback=0 gate_holds=0 sign_s=sign 0s replay_note=replay       : 64 files from /data/n42-pregen/g900000-400m, 400000000 transactio sign_s=sign 0s shard=shard_verified=0 shard_claimed=0 road_verified=- slots_busy=13 gate_us=7264 reply_us=7832 queued=2510500 assemble_ms=- road_take_ms=- road_body_ms=- road_encode_ms=- shards=16 shard_insert_ms=0 shard_wait_ms=0 shard_fold_ms=4 shard_append_ms=244 shard_merge_ms=54 state_ready_ms=96 roots_ms=38 exec_read_ms=0 exec_evm_ms=0 exec_write_ms=0 exec_other_ms=0 reads_cache=0 reads_provider=0 reads_view=0 par_run_ms=34 fold_task_cpu_max_us=4276 fold_task_minflt_max=0 fold_task_minflt_sum=0 fold_task_migrated=0 fold_task_nivcsw_max=0 fold_index=1 fold_index_build_ms=4 fold_index_conflicts=8272 fold_queue_us=23 fold_skew_us=47 fold_task_max_us=4274 fold_tail_us=19 start_best_ms=4 start_select_ms=0 start_walk_ms=0 start_walk_check_ms=0 start_best_other_ms=0 start_frames_by_ref=0 start_frames_slow=0 start_pull_ms=0 start_other_ms=0 start_handoff_ms=3 par_start_ms=4 par_prep_ms=4 par_commit_ms=2 commit_body_ms=0 par_fold_ms=7 sealed_ms=6 copy_ms=- prune_ms=0 frames=- frames_missing=- frame_root_ms=- root_ms=- frames_admitted=frames_admitted=581162 frames_unaligned=0 frame_root_indexed=- seal_layout_ms=0 seal_root_ms=0 attested= busy_us=1 slots_busy=13 reply_us=7832 prune_ms=0 body_refused=0 body_failed_late=0
loop342W2b win1 tps=3,153,333 txs=94,600,000 blocks= 473 cycle=0.063s occupancy=100.0% full(>=95%)=473/473 basefee=n/a (from the layer's log)
loop342W2b win2 tps=3,126,667 txs=93,800,000 blocks= 469 cycle=0.064s occupancy=100.0% full(>=95%)=469/469 basefee=n/a (from the layer's log)
loop342W2b win3 tps=3,033,333 txs=91,000,000 blocks= 455 cycle=0.066s occupancy=100.0% full(>=95%)=455/455 basefee=n/a (from the layer's log)
loop342W2b win1 tps=3,140,000 txs=94,200,000 blocks= 471 cycle=0.064s occupancy= 99.8% full(>=95%)=470/471 basefee=n/a (from the layer's log)
loop342W2b win2 tps=3,106,667 txs=93,200,000 blocks= 466 cycle=0.064s occupancy=100.0% full(>=95%)=466/466 basefee=n/a (from the layer's log)
loop342W2b win3 tps=3,113,333 txs=93,400,000 blocks= 467 cycle=0.064s occupancy=100.0% full(>=95%)=467/467 basefee=n/a (from the layer's log)
loop342W2b tps=3,153,333
tps=3,140,000 round_txs=560200000 cycles_w1=
loop342W2b imp_fields_p90= b_p75=36
loop342W2b overlay: filter_skips=0 probes=0 ratio=- (ratio = skips/(skips+probes))
loop342W2b overlay_manager:       1 state_trie_overlay=false  state-ovly_cpu=0
loop342W2b verify: written to /data/blockchain/rust-fleet7-bench/bench-loop342W2b/verify.json
== loop342W2b  (E=1: seven validator keys on one execution layer)
  window 1: canonical 471 blocks, 94.2M tx = 3,140,000/s (100.0% of window 1), full 470/471 (100%); cycle mean/median/p90 63.7/61.6/71.0 ms
    leader builds 471: sealed_at median/p90/p99 60/72/87; phases median/p90 ms: gap_before_exec 4/7, state_wait 1/4, par 60/72, par_exec 32/38, roots 36/45, parent_fields 0/5, sealed 6/12
    state_wait_on {'output': 261, 'none': 196, 'grandparent': 6, 'open': 8}; builds with state_wait > 20 ms: 5 ([('grandparent', 5)]); gp_layer {1.0: 471}, ggp_missing {0.0: 465, 1.0: 6}
    queue at the builds min/median 1,910,500/2,513,000
    new field batch_cpu_sum_us: median/p90/max 566090.0/711051.0/1660053, nonzero 471
    new field batch_dispatch_us: median/p90/max 44.0/77.0/1834, nonzero 471
    new field batch_first_start_us: median/p90/max 21.0/33.0/56, nonzero 471
    new field batch_ivcsw: median/p90/max 0.0/4.0/20, nonzero 184
    new field batch_last_end_us: median/p90/max 31536.0/36880.0/63728, nonzero 471
    new field batch_last_start_us: median/p90/max 17523.0/20171.0/46816, nonzero 471
    new field batch_live_deferred: median/p90/max 0.0/0.0/0, nonzero 0
    new field batch_live_lock_hold_us: median/p90/max 22674.0/25873.0/30919, nonzero 471
    new field batch_live_lock_wait_us: median/p90/max 219537.0/298498.0/423084, nonzero 471
    new field batch_live_lock_waits: median/p90/max 55.0/61.0/82, nonzero 471
    new field batch_majflt: median/p90/max 0.0/0.0/0, nonzero 0
    new field batch_minflt: median/p90/max 1265.0/4753.0/12793, nonzero 471
    new field batch_open_max_us: median/p90/max 462.0/550.0/3723, nonzero 471
    new field batch_open_sum_us: median/p90/max 12395.0/14852.0/21885, nonzero 471
    new field batch_threads: median/p90/max 32.0/32.0/32, nonzero 471
    new field batch_vcsw: median/p90/max 249.0/400.0/861, nonzero 471
    new field batch_view_index_wait_us: median/p90/max 0.0/8726.0/36809, nonzero 84
    new field batch_view_index_waits: median/p90/max 0.0/126.0/527, nonzero 84
    new field batch_view_slot_wait_us: median/p90/max 0.0/941.0/3344, nonzero 85
    new field batch_view_slot_waits: median/p90/max 0.0/28.0/92, nonzero 85
    new field batch_wall_sum_us: median/p90/max 799605.0/926943.0/1712111, nonzero 471
    new field batches: median/p90/max 58.0/58.0/58, nonzero 471
    new field live_index_defer: {'false': 471}
    new field one_wave: {'false': 471}
    new field open_engine_us: median/p90/max 0.0/0.0/46967, nonzero 6
    new field open_fallback: {'false': 465, 'true': 6}
    new field open_keep_us: median/p90/max 3.0/4.0/14, nonzero 471
    new field open_layers: median/p90/max 3.0/3.0/3, nonzero 471
    new field open_provider_us: median/p90/max 96.0/133.0/431, nonzero 471
    new field plan_age_us: median/p90/max 54754.0/66585.0/99277, nonzero 471
    new field plan_ahead: median/p90/max 1.0/1.0/1, nonzero 471
    new field plan_discard: {'': 471}
    new field plan_prep_us: median/p90/max 7408.0/8960.0/16369, nonzero 471
    new field plan_topup_txs: median/p90/max 0.0/0.0/0, nonzero 0
    new field prev_seal_to_answer_us: median/p90/max 1234.0/2001.0/4269, nonzero 471
    new field prev_seal_to_entry_us: median/p90/max 0.0/0.0/0, nonzero 0
    new field prev_seal_to_header_us: median/p90/max 149.0/210.0/484, nonzero 471
    new field prev_seal_to_import_us: median/p90/max 110276.0/130742.0/179978, nonzero 469
    new field prev_seal_to_request_us: median/p90/max 872.0/1062.0/38976, nonzero 471
    new field prev_seal_to_start_us: median/p90/max 1129.0/1339.0/39225, nonzero 471
    new field pull_bulk_txs: median/p90/max 200000.0/200000.0/200000, nonzero 471
    new field pull_bulk_us: median/p90/max 780.0/954.0/3292, nonzero 471
    new field root_apply_total_us: median/p90/max 22559.0/27995.0/42486, nonzero 471
    new field root_delta_us: median/p90/max 1085.0/4235.0/7242, nonzero 471
    new field root_index_us: median/p90/max 2848.0/6946.0/17494, nonzero 471
    new field root_leaves_us: median/p90/max 6734.0/13580.0/23484, nonzero 471
    new field root_note_us: median/p90/max 143.0/202.0/2045, nonzero 471
    new field root_rehash_us: median/p90/max 1384.0/1770.0/11297, nonzero 471
    new field root_retire_us: median/p90/max 1363.0/2246.0/19415, nonzero 471
    new field root_sort_us: median/p90/max 77.0/110.0/551, nonzero 471
    new field root_writes_us: median/p90/max 6677.0/8919.0/23169, nonzero 471
    new field sealed_unix_us: median/p90/max 1791262648153113.0/1791262660091930.0/1791262663026764, nonzero 471
    new field start_walk_check_us: median/p90/max 0.0/0.0/0, nonzero 0
    new field start_walk_ids_us: median/p90/max 0.0/0.0/0, nonzero 0
    new field start_walk_settle_us: median/p90/max 0.0/0.0/0, nonzero 0
    new field start_walk_us: median/p90/max 0.0/0.0/0, nonzero 0
    new field state_wait_us: median/p90/max 1644.0/4736.0/48389, nonzero 471
    new field view_journal_reads: median/p90/max 8192.0/69632.0/143360, nonzero 247
    new field view_journal_searches: median/p90/max 22730.0/188635.0/356352, nonzero 247
    new field view_journal_skips: median/p90/max 0.0/0.0/0, nonzero 0
    binding wait (tick / quorum / seal share, mean cycle): tick 92% (63); quorum 0%; seal 8% (72); feed-bound (blocks under 95% of the tier): 1 of 471
    slowest key vote delay median/p90 28.1/54.8 ms
    engine own-import total_ms per block median/p90/max 36/55/77 (n=470)
    layer RSS 8.2 -> 33.5 G (max 33.5), in-memory blocks max 10
    execution layer cores busy 36.1    validators cores busy 1.2
    flood delivered (median per 5 s over the leg) 3,130,922/s
  window 2: canonical 466 blocks, 93.2M tx = 3,106,667/s (98.9% of window 1), full 466/466 (100%); cycle mean/median/p90 63.1/61.6/69.0 ms
    leader builds 467: sealed_at median/p90/p99 61/75/89; phases median/p90 ms: gap_before_exec 3/6, state_wait 0/4, par 60/76, par_exec 31/35, roots 39/51, parent_fields 0/11, sealed 7/18
    state_wait_on {'none': 258, 'output': 196, 'grandparent': 2, 'open': 11}; builds with state_wait > 20 ms: 0 ([]); gp_layer {1.0: 467}, ggp_missing {0.0: 465, 1.0: 2}
    queue at the builds min/median 2,324,500/2,520,000
    new field batch_cpu_sum_us: median/p90/max 534089.0/654924.0/1576776, nonzero 467
    new field batch_dispatch_us: median/p90/max 40.0/75.0/3039, nonzero 467
    new field batch_first_start_us: median/p90/max 20.0/31.0/52, nonzero 467
    new field batch_ivcsw: median/p90/max 0.0/5.0/20, nonzero 191
    new field batch_last_end_us: median/p90/max 30281.0/34111.0/60595, nonzero 467
    new field batch_last_start_us: median/p90/max 16888.0/19426.0/47171, nonzero 467
    new field batch_live_deferred: median/p90/max 0.0/0.0/0, nonzero 0
    new field batch_live_lock_hold_us: median/p90/max 22047.0/24959.0/35416, nonzero 467
    new field batch_live_lock_wait_us: median/p90/max 212881.0/280906.0/380721, nonzero 467
    new field batch_live_lock_waits: median/p90/max 56.0/62.0/161, nonzero 467
    new field batch_majflt: median/p90/max 0.0/0.0/4, nonzero 1
    new field batch_minflt: median/p90/max 1612.0/4587.0/14647, nonzero 467
    new field batch_open_max_us: median/p90/max 433.0/515.0/3666, nonzero 467
    new field batch_open_sum_us: median/p90/max 11190.0/13755.0/18264, nonzero 467
    new field batch_threads: median/p90/max 32.0/32.0/32, nonzero 467
    new field batch_vcsw: median/p90/max 245.0/422.0/785, nonzero 467
    new field batch_view_index_wait_us: median/p90/max 0.0/10141.0/37812, nonzero 76
    new field batch_view_index_waits: median/p90/max 0.0/149.0/512, nonzero 76
    new field batch_view_slot_wait_us: median/p90/max 0.0/1048.0/4200, nonzero 91
    new field batch_view_slot_waits: median/p90/max 0.0/28.0/81, nonzero 91
    new field batch_wall_sum_us: median/p90/max 766616.0/873584.0/1706706, nonzero 467
    new field batches: median/p90/max 58.0/58.0/58, nonzero 467
    new field live_index_defer: {'false': 467}
    new field one_wave: {'false': 467}
    new field open_engine_us: median/p90/max 0.0/0.0/20285, nonzero 2
    new field open_fallback: {'false': 465, 'true': 2}
    new field open_keep_us: median/p90/max 3.0/4.0/43, nonzero 467
    new field open_layers: median/p90/max 3.0/3.0/3, nonzero 467
    new field open_provider_us: median/p90/max 102.0/141.0/828, nonzero 467
    new field plan_age_us: median/p90/max 54250.0/67265.0/92927, nonzero 466
    new field plan_ahead: median/p90/max 1.0/1.0/1, nonzero 466
    new field plan_discard: {'': 466, 'not_on_its_parent': 1}
    new field plan_prep_us: median/p90/max 7702.0/9444.0/12979, nonzero 466
    new field plan_topup_txs: median/p90/max 0.0/0.0/0, nonzero 0
    new field prev_seal_to_answer_us: median/p90/max 1452.0/2495.0/4703, nonzero 467
    new field prev_seal_to_entry_us: median/p90/max 0.0/0.0/0, nonzero 0
    new field prev_seal_to_header_us: median/p90/max 160.0/237.0/502, nonzero 467
    new field prev_seal_to_import_us: median/p90/max 117238.0/137963.0/159733, nonzero 467
    new field prev_seal_to_request_us: median/p90/max 888.0/1089.0/116203, nonzero 467
    new field prev_seal_to_start_us: median/p90/max 1149.0/1411.0/116451, nonzero 467
    new field pull_bulk_txs: median/p90/max 200000.0/200000.0/200000, nonzero 467
    new field pull_bulk_us: median/p90/max 810.0/1009.0/4413, nonzero 467
    new field root_apply_total_us: median/p90/max 24534.0/31738.0/47578, nonzero 467
    new field root_delta_us: median/p90/max 1100.0/3879.0/9775, nonzero 467
    new field root_index_us: median/p90/max 3278.0/7247.0/14514, nonzero 467
    new field root_leaves_us: median/p90/max 6782.0/14017.0/28015, nonzero 467
    new field root_note_us: median/p90/max 141.0/245.0/1046, nonzero 467
    new field root_rehash_us: median/p90/max 1972.0/4285.0/17130, nonzero 467
    new field root_retire_us: median/p90/max 1745.0/2804.0/7615, nonzero 467
    new field root_sort_us: median/p90/max 81.0/152.0/868, nonzero 467
    new field root_writes_us: median/p90/max 7111.0/9970.0/25198, nonzero 467
    new field sealed_unix_us: median/p90/max 1791262677894891.0/1791262690028228.0/1791262692989770, nonzero 467
    new field start_walk_check_us: median/p90/max 0.0/0.0/119, nonzero 1
    new field start_walk_ids_us: median/p90/max 0.0/0.0/615, nonzero 1
    new field start_walk_settle_us: median/p90/max 0.0/0.0/0, nonzero 0
    new field start_walk_us: median/p90/max 0.0/0.0/4485, nonzero 1
    new field state_wait_us: median/p90/max 906.0/4323.0/20871, nonzero 467
    new field view_journal_reads: median/p90/max 8192.0/65536.0/114688, nonzero 239
    new field view_journal_searches: median/p90/max 16145.0/188275.0/342232, nonzero 239
    new field view_journal_skips: median/p90/max 0.0/0.0/0, nonzero 0
    binding wait (tick / quorum / seal share, mean cycle): tick 97% (63); quorum 0%; seal 3% (76); feed-bound (blocks under 95% of the tier): 0 of 466
    slowest key vote delay median/p90 27.9/56.0 ms
    engine own-import total_ms per block median/p90/max 42/63/93 (n=466)
    layer RSS 31.7 -> 40.2 G (max 41.1), in-memory blocks max 10
    execution layer cores busy 35.0    validators cores busy 1.2
  window 3: canonical 467 blocks, 93.4M tx = 3,113,333/s (99.2% of window 1), full 467/467 (100%); cycle -
    leader builds 466: sealed_at median/p90/p99 61/73/86; phases median/p90 ms: gap_before_exec 3/5, state_wait 0/2, par 59/72, par_exec 30/34, roots 39/50, parent_fields 0/11, sealed 7/18
    state_wait_on {'output': 121, 'none': 336, 'open': 7, 'grandparent': 2}; builds with state_wait > 20 ms: 2 ([('grandparent', 2)]); gp_layer {1.0: 466}, ggp_missing {0.0: 464, 1.0: 2}
    queue at the builds min/median 2,320,000/2,518,000
    new field batch_cpu_sum_us: median/p90/max 520144.0/642869.0/1426915, nonzero 466
    new field batch_dispatch_us: median/p90/max 39.0/70.0/2705, nonzero 466
    new field batch_first_start_us: median/p90/max 20.0/31.0/52, nonzero 466
    new field batch_ivcsw: median/p90/max 0.0/4.0/35, nonzero 178
    new field batch_last_end_us: median/p90/max 29398.5/32818.0/55028, nonzero 466
    new field batch_last_start_us: median/p90/max 16577.5/18937.0/41757, nonzero 466
    new field batch_live_deferred: median/p90/max 0.0/0.0/0, nonzero 0
    new field batch_live_lock_hold_us: median/p90/max 21452.0/23888.0/26767, nonzero 466
    new field batch_live_lock_wait_us: median/p90/max 209825.5/272764.0/335084, nonzero 466
    new field batch_live_lock_waits: median/p90/max 56.0/62.0/75, nonzero 466
    new field batch_majflt: median/p90/max 0.0/0.0/3, nonzero 1
    new field batch_minflt: median/p90/max 1453.0/5117.0/14653, nonzero 466
    new field batch_open_max_us: median/p90/max 440.0/505.0/2331, nonzero 466
    new field batch_open_sum_us: median/p90/max 11636.0/13766.0/16986, nonzero 466
    new field batch_threads: median/p90/max 32.0/32.0/32, nonzero 466
    new field batch_vcsw: median/p90/max 248.0/383.0/809, nonzero 466
    new field batch_view_index_wait_us: median/p90/max 0.0/7995.0/37185, nonzero 75
    new field batch_view_index_waits: median/p90/max 0.0/119.0/504, nonzero 75
    new field batch_view_slot_wait_us: median/p90/max 0.0/526.0/3194, nonzero 86
    new field batch_view_slot_waits: median/p90/max 0.0/25.0/81, nonzero 86
    new field batch_wall_sum_us: median/p90/max 752396.5/844421.0/1570099, nonzero 466
    new field batches: median/p90/max 58.0/58.0/58, nonzero 466
    new field live_index_defer: {'false': 466}
    new field one_wave: {'false': 466}
    new field open_engine_us: median/p90/max 0.0/0.0/41052, nonzero 2
    new field open_fallback: {'false': 464, 'true': 2}
    new field open_keep_us: median/p90/max 3.0/5.0/25, nonzero 466
    new field open_layers: median/p90/max 3.0/3.0/3, nonzero 466
    new field open_provider_us: median/p90/max 102.5/144.0/433, nonzero 466
    new field plan_age_us: median/p90/max 54863.0/66291.0/94722, nonzero 466
    new field plan_ahead: median/p90/max 1.0/1.0/1, nonzero 466
    new field plan_discard: {'': 466}
    new field plan_prep_us: median/p90/max 7849.0/9381.0/20009, nonzero 466
    new field plan_topup_txs: median/p90/max 0.0/0.0/0, nonzero 0
    new field prev_seal_to_answer_us: median/p90/max 1248.5/2189.0/4828, nonzero 466
    new field prev_seal_to_entry_us: median/p90/max 0.0/0.0/0, nonzero 0
    new field prev_seal_to_header_us: median/p90/max 157.0/227.0/433, nonzero 466
    new field prev_seal_to_import_us: median/p90/max 117896.5/138723.0/165706, nonzero 465
    new field prev_seal_to_request_us: median/p90/max 880.0/1103.0/1327, nonzero 466
    new field prev_seal_to_start_us: median/p90/max 1132.5/1363.0/3169, nonzero 466
    new field pull_bulk_txs: median/p90/max 200000.0/200000.0/200000, nonzero 466
    new field pull_bulk_us: median/p90/max 810.5/1028.0/3224, nonzero 466
    new field root_apply_total_us: median/p90/max 24782.0/32276.0/67565, nonzero 466
    new field root_delta_us: median/p90/max 1046.5/3191.0/8329, nonzero 466
    new field root_index_us: median/p90/max 3134.5/7180.0/16077, nonzero 466
    new field root_leaves_us: median/p90/max 6614.0/14021.0/26440, nonzero 466
    new field root_note_us: median/p90/max 139.0/211.0/1322, nonzero 466
    new field root_rehash_us: median/p90/max 2627.5/5468.0/31687, nonzero 466
    new field root_retire_us: median/p90/max 1589.0/2583.0/6176, nonzero 466
    new field root_sort_us: median/p90/max 79.0/157.0/1949, nonzero 466
    new field root_writes_us: median/p90/max 6904.5/10185.0/22038, nonzero 466
    new field sealed_unix_us: median/p90/max 1791262707977207.5/1791262719882555.0/1791262722915717, nonzero 466
    new field start_walk_check_us: median/p90/max 0.0/0.0/0, nonzero 0
    new field start_walk_ids_us: median/p90/max 0.0/0.0/0, nonzero 0
    new field start_walk_settle_us: median/p90/max 0.0/0.0/0, nonzero 0
    new field start_walk_us: median/p90/max 0.0/0.0/0, nonzero 0
    new field state_wait_us: median/p90/max 191.5/2650.0/41126, nonzero 466
    new field view_journal_reads: median/p90/max 0.0/65536.0/98304, nonzero 225
    new field view_journal_searches: median/p90/max 0.0/184320.0/269575, nonzero 225
    new field view_journal_skips: median/p90/max 0.0/0.0/0, nonzero 0
    engine own-import total_ms per block median/p90/max 41/61/91 (n=467)
    layer RSS 40.2 -> 41.2 G (max 41.2), in-memory blocks max 10
    execution layer cores busy 35.8    validators cores busy 1.2
  round total (3 windows, canonical): 280.8M tx
  layer peak RSS 41.2 G; in-memory blocks max 10
  fields at seal: mode "early", verified 0, unchecked 0, mismatches 0 (last build line, cumulative)
  own_executed_again (built here and also directly imported): 0 of 1453 built blocks
== loop342W2b
  layer-0 leader window-1 builds 471: txs mean 200000, share >= 95% of the tier 100% (max 200000); sealed_at_ms 60.0/72.0; par_ms 60.0/73.0; par_exec_ms 32.0/38.0; roots_ms 36.0/45.0; parent_fields_ms 0.0/5.0; sealed_ms 6.0/12.0
  proposal cycle window 1 (n=487): mean 63.7 median 61.6 p90 71.0 ms; blocks in the 30 s: 487
  binding wait (tick / quorum / seal, share and mean cycle): tick 91.5% (62.9); quorum 0%; seal 8.5% (72.0)
  vote delay after the proposal, slowest key per block: median 28.1 p90 54.8 ms (slowest minus the median key: median 0.2); last key: {1: 76, 2: 93, 3: 79, 4: 86, 5: 66, 6: 71} of 471 blocks
  CPU in window 1 (cores busy): execution layers 36.1 over 1 process(es); validators 1.2 over 7 process(es)
  execution layer peak RSS 41.2 G; in-memory blocks max 10 (node0 and others, all layers)
  blocks built here 1453; none also directly imported
  import-once counters at the last direct import: ; start-up lines with import_once=true: 1; queue-lock lines 0
  layer-0 queue (queued after canonical prune), median per 10 s: t+0:2493250 t+20:2511500 t+40:2484000 t+60:2511500 t+80:2515000
  flood: median per 5 s 3130922/s, final -
  timeout / given-up lines: 1; 04:56:44 v0 INFO process_event{view=1 kind="message"}: n42::cl::timeout: TC formed
loop342W2b page_faults_per_s_median: node0=164252 
leg loop342D48: /data free 927G (needs 120 G)
load 9.12 at 01:00:03, waiting
leg loop342D48 start 01:00:33 load 5.53
round loop342D48 exit 0 at 01:03:29
loop342D48 save stages (node0, seconds summed over the leg / count): batch_size=1944.0/646  batch_size=1944.0/646  reth_consensus_engine_beacon_persistence_duration=56.6/646  duration_seconds=53.6/645  total=49.3/646  scope=44.1/646  sf=44.0/646  sf_transactions=43.7/646  qmdb_persisted=22.4/646  sf_account_changesets=20.4/646
el binary: /data/n42-build/target-n42-rs/native/release/n42 env: N42_IMPORT_ONCE=1 N42_SETTLEMENT_TAGS=legacy N42_BUILD_THROTTLE_SOFT=48 F7_EL_MAP=0,0,0,0,0,0,0 N42_FIELDS_AT_SEAL=1 N42_FRAME_BLOCKS=1 N42_TX_INGEST_RECOVER_PARALLEL=24 N42_PARALLEL_BUILD_THREADS=48 N42_PLAN_AHEAD=1 N42_HASHED_TABLES=off F7_FLOOD_RATE=6000000 N42_COMPACT_BODY=1 MALLOC_CONF=thp:always,oversize_threshold:0,dirty_decay_ms:2000,background_thread:true N42_ACCOUNT_HISTORY=off N42_TAKE_COMPACT=1 N42_SF_EARLY_WRITEBACK=1 N42_ROAD_RUNTIME=1 N42_TX_INGEST_HIGH_WATER=2500000 F7_BENCH_POOL_SLOTS=3000000 N42_TX_QUEUE_DRAIN_CHUNK=8192 N42_ANSWER_LAYOUT_ONLY=1 N42_PULL_BY_FRAMES=1 N42_SF_PARALLEL_ENCODE=1 N42_BUILD_THROTTLE_HARD=80 N42_LIVE_INDEX_DEFER=1 RAYON_NUM_THREADS=16 TOKIO_WORKER_THREADS=16 N42_QMDB_READS=on N42_LEADER_LAYERS=3 N42_PERSIST_QMDB_IN_SCOPE=1 F7_BLOCK_INTERVAL_MS=60 F7_MEASURE_FROM_LOG=1
validator env: N42_IMPORT_ONCE=1 N42_SETTLEMENT_TAGS=legacy N42_BUILD_THROTTLE_SOFT=48 F7_EL_MAP=0,0,0,0,0,0,0 N42_FIELDS_AT_SEAL=1 N42_FRAME_BLOCKS=1 N42_TX_INGEST_RECOVER_PARALLEL=24 N42_PARALLEL_BUILD_THREADS=48 N42_PLAN_AHEAD=1 N42_HASHED_TABLES=off F7_FLOOD_RATE=6000000 N42_COMPACT_BODY=1 N42_ACCOUNT_HISTORY=off N42_TAKE_COMPACT=1 N42_SF_EARLY_WRITEBACK=1 N42_ROAD_RUNTIME=1 N42_TX_INGEST_HIGH_WATER=2500000 F7_BENCH_POOL_SLOTS=3000000 N42_TX_QUEUE_DRAIN_CHUNK=8192 N42_ANSWER_LAYOUT_ONLY=1 N42_PULL_BY_FRAMES=1 N42_SF_PARALLEL_ENCODE=1 N42_BUILD_THROTTLE_HARD=80 N42_LIVE_INDEX_DEFER=1 RAYON_NUM_THREADS=16 TOKIO_WORKER_THREADS=16 N42_QMDB_READS=on N42_LEADER_LAYERS=3 N42_PERSIST_QMDB_IN_SCOPE=1 F7_MEASURE_FROM_LOG=1
loop342D48 once: start-up lines import_once=true 1; last direct-import counters 
loop342D48 imports: layers=1 direct_imports=0 canonical_blocks=3999 import_once_lines=1 (per layer: direct imports should equal canonical blocks for one execution per block)
grep: /data/blockchain/rust-fleet7-bench/node1/el.log: No such file or directory
grep: /data/blockchain/rust-fleet7-bench/node2/el.log: No such file or directory
grep: /data/blockchain/rust-fleet7-bench/node3/el.log: No such file or directory
grep: /data/blockchain/rust-fleet7-bench/node1/el.log: No such file or directory
grep: /data/blockchain/rust-fleet7-bench/node2/el.log: No such file or directory
grep: /data/blockchain/rust-fleet7-bench/node3/el.log: No such file or directory
cat: /data/blockchain/rust-fleet7-bench/node2/el.log: No such file or directory
cat: /data/blockchain/rust-fleet7-bench/node2/el.log: No such file or directory
cat: /data/blockchain/rust-fleet7-bench/node2/el.log: No such file or directory
cat: /data/blockchain/rust-fleet7-bench/node1/el.log: No such file or directory
cat: /data/blockchain/rust-fleet7-bench/node2/el.log: No such file or directory
cat: /data/blockchain/rust-fleet7-bench/node3/el.log: No such file or directory
Traceback (most recent call last):
  File [35m"<stdin>"[0m, line [35m4[0m, in [35m<module>[0m
[1;35mIndexError[0m: [35mlist index out of range[0m
loop342D48 no_variant=0 own_not_committed=0 tc=1 invalid_blocks=0 incomplete=0 gas_mismatch=0 direct_imports_failed=0 stuck_at_hashed_state=0 engine_idles_over_5s=1 proposals_given_up=0 tables_off_nodes=1 unanswered_reads=0 seal_first_total=1441 seal_first_direct=1441 direct_guard_errors=0 commit_ms_median=2 fold_ms_median=7 sealed_at_ms_median=60 state_ready_ms_median=95 build_total_ms_median=182 recover_us_median=0 par_exec_ms_median=17 par_exec_ms_median=17 giveback_filtered=0 giveback_offered_max=200000 seal_first=1441 reader_lag_max=10 reader_lag_warns=0 view_invalidated=0 el_sum_peak_g=39.5 el_max_peak_g=39.5 val_sum_peak_g=1.9 flood_peak_g=0.6 two_roads_blocks=0 two_roads_overlap_ms_median=- exec_on_output_declined=0 r1_collect_ms_median=5 proposal_at_ms_median=49 view_total_ms_median=61 import_exec_ms_median=- import_total_ms_median=- import_senders_ms_median=- import_convert_ms_median=- import_groups_median=- imports_over_600ms=0 min_avail_g=82.8 road_foreign_body_recv_ms=- road_foreign_body_decode_ms=- road_foreign_body_senders_ms=- road_foreign_body_parent_wait_ms=- road_foreign_body_check_ms=- road_foreign_body_total_ms=- road_new_payload_recv_ms=- road_new_payload_decode_ms=- road_new_payload_senders_ms=- road_new_payload_parent_wait_ms=- road_new_payload_check_ms=- road_new_payload_total_ms=- road_foreign_body_blocks=0 road_new_payload_blocks=0 fcu_answered=1838 fcu_in_flight_ms_median=0 fcu_queued_ms_median=0 fcu_queued_ms_max=62 fcu_refused=0 fcu_slow=1600 bodies_held=0 road_reuse_ms=- road_prepare_ms=- road_dispatch_ms=- road_convert_ms=- road_remember_ms=- road_header_ms=- road_fields_ms=- road_other_ms=- import_engine_ms_median=- gate_forced=0 gate_warns=0 flood_timeouts=0 canonical_min=4039 canonical_max=4039 chained_builds=2713 chain_lead_ms_median=46 chain_wait_ms_median=17 chain_started=2717 chain_discarded=2 chain_discard_reasons=_1_reason="no_,_1_reason="the_execution_layer_produced_nothing,_1_reason="the_request_names_another_parent chain_alias_warns=0 el_chained=2733 bodies_held_warns=0 el_build_refused=2 el_build_refused_reasons=_2_no_QMDB_tree_for_parent_block_0x queued_p5=2321500 queued_p50=2512500 road_compact_blocks=0 road_compact_recv_ms=- road_compact_assemble_ms=- road_compact_root_ms=- road_compact_miss_wait_ms=- road_compact_senders_ms=- road_compact_check_ms=- road_compact_other_ms=- road_compact_total_ms=- road_compact_misses_total= compact_refused_el=0 compact_fallbacks=0 compact_bytes_median=- pool_order9=13068 par_pull_ms_median=0 build_total_ms_median2=62 road_compact_filled_blocks=0 road_compact_filled_median=- road_compact_fill_ms_median=- need_txns=0 fill_failed=0 ingest_rate_gate_open_median=- ingest_gate_open_intervals=0 ingest_slots_busy_median=- flood_rate= fill_asked_proposer=0 fill_asked_other=0 loop_lines=2770 loop_unnamed_ms_median=48 loop_body_served_ms_median=- loop_txns_served_ms_median=- import_exec_ms_median2=- pip_partition_ms=- pip_env_ms=- pip_batch_ms=- pip_groups_ms=- pip_gas_ms=- pip_merge_ms=- pip_receipts_ms=- pip_drop_ms=- pip_other_ms=- pip_total_ms=- senders_indexed_median=- road_senders_ms_median=- road_total_ms_median=- pew_ms_median=- pew_ms_p90= gate_ms_median=- gate_ms_p90= root_ms_p50=- root_ms_p90= two_roads=0 not_on_output=0 not_on_output_why= ckpt_ms_first_q=2 ckpt_ms_last_q=48 ckpt_bytes_last=34486956 parent_still_importing=4 root_wait_ms_p50=- root_wait_ms_p90= tenures_low_seal=23 seal_first_share=0.99 empty_over_deep=0 near_empty_warns=0 no_seal_why= par_skipped_median=- usable_p5=2321500 ckpt_replay_ms_last_q=15 candidates_zero=0 dropped_ingest=0 let_go_warns=0 let_go_reasons= parked_p50=0 parked_max=0 held_warns=0 park_capped_total=0 superseded_builds=0 empty_not_superseded=0 mass_park_warns=0 heads_lines=0 holes_lines=0 stale_parent_refusals=0 par_groups_p5=0 cancelled_decided=1 heads_nonce0=0 stale_unconfirmed= handovers=4 el_panics=0 decided_cancelled=1 min_window_blocks=458 road_desc_blocks=0 road_desc_total_ms=- road_desc_copy_ms=- desc_misses=0 fill_failed2=0 sf_par_collect_ms=0 sf_par_commit_ms=2 sf_par_fold_ms=7 sf_par_graft_ms=0 sf_par_prefault_ms=0 sf_par_exec_ms=17 sf_sealed_at_ms=60 sf_roots_ms=39 sf_state_ready_ms=95 sf_total_ms=182 ba_find_ms=0 ba_queue_ms=3 ba_total_ms=62 ba_on_output=1440 queue_fold_us=0 queue_lock_us=136 sf_par_exec_ms=17 sf_par_fold_ms=7 pip_groups_ms=- import_exec_ms_median2=- reads_d0=0 reads_hist=0 f_reads_d0=- f_reads_hist=- f_overlay_depth=- L_read_set_ms=0 read_set_accounts=0 read_set_unresolved=0 read_set_hits=0 read_set_misses=0 start_best_ms=- par_prep_ms=- gap_before_exec_ms=- gap_after_exec_ms=- gap_before_seal_ms=- index_ms=- road_copy_aside_ms=- road_copy_wait_ms=- road_total_ms=- queue_first_miss=queue_first_miss=0:2546,queue_first_miss=18446744073709551615:1452 root_append_behind=0 populate_lag_mb=0 swap_used_g=0 root_faults=- root_faults_p90= root_faults_entries=0 root_faults_offsets=0 root_faults_index=0 root_faults_bits=0 root_faults_twigs=0 root_faults_undo=0 root_faults_tmp=0 root_append_faults=0 root_twig_pool_misses=0 batch_max_ms=10 batch_min_ms=4 batch_median_ms=7 batch_cpu_max_ms=10 batch_txs_max=2500 batch_txs_min=2500 batch_start_skew_ms=8 batch_wait_ms=0 loop_fetch_ns=0 loop_check_ns=0 loop_transfer_ns=0 loop_receipt_ns=0 loop_gas_ns=0 loop_sink_ns=0 loop_other_ns=0 batch_setup_ns=0 batch_close_ns=0 imp_exec_part_ms=- imp_exec_batches_ms=- imp_exec_graft_ms=- imp_exec_batches=- imp_exec_threads=- imp_exec_batch_max_ms=- imp_exec_batch_median_ms=- imp_parent_output_wait_ms=- road_parent_output_wait_ms=- next_start_gap_ms=1 next_entry_gap_ms=0 commit_body_ahead_used=- imp_exec_keys_ms=- imp_keys_ahead=- imp_exec_sink_ms=- imp_exec_pre_ms=- imp_exec_post_ms=- imp_exec_receipts_ms=- imp_exec_drop_ms=- root_gap_ms=- queue_whole=queue_whole=false:2546,queue_whole=true:1452 tick_tick_late_us=968 tick_preamble_us=340 tick_take_sealed_us=1 tick_sign_us=0 tick_cache_us=0 tick_presealed=- tick_describe_us=9 tick_publish_us=597 tick_tick_to_send_us=1999 road_check_ms=- road_check_include_us=- road_check_scan_us=- road_check_fold_us=- road_check_senders_us=- road_check_frames_summarized=- road_check_frames_scanned=- imp_exec_start_gap_us=- imp_gap_road_us=- imp_gap_header_us=- imp_gap_senders_us=- imp_gap_parent_us=- imp_gap_setup_us=- imp_gap_keys_wait_us=- sealed_at_p90= sealed_over_130=0 roots_ms=- cycle_p90= batch_max_ms=- batch_median_ms=- imp_batch_max=- forest_lock_warns=2119 root_seal_ms=1 root_seals=40 root_majflt=3 roots_p90= gp_layer=1449 ggp_missing=37 state_wait_split=0/0/0/0:845,1/0/0/0:194,2/0/0/0:143 qmdb_releases=0 state_wait_on= imp_road_end_ms=- imp_exec_start_ms=- imp_exec_end_ms=- imp_root_end_ms=- imp_fields_ready_ms=- imp_parent_fields_wait_ms=- imp_exec_ms=- imp_root_ms=- imp_checks_ms=- imp_engine_ms=- imp_total_ms=- road_parent_fields_wait_ms=- exec_read_ms=0 L_exec_evm_ms=0 L_exec_write_ms=0 L_exec_other_ms=0 L_reads_cache=0 L_reads_provider=0 L_reads_view=0 L_graft_base_ms=0 L_graft_reserve_ms=0 L_graft_insert_ms=0 L_graft_reverts_ms=0 L_graft_other_ms=0 L_par_exec_ms=17 L_par_graft_ms=0 F_exec_read_ms=- F_exec_evm_ms=- F_exec_write_ms=- F_exec_other_ms=- F_reads_cache=- F_reads_provider=- F_reads_view=- F_groups_ms=- L_tx_root_wait_ms=0 L_par_exec_ms=17 L_par_graft_ms=0 L_par_fold_ms=7 L_sealed_ms=8 L_state_ready_ms=95 L_roots_ms=39 L_finish_ms=107 L_total_ms=182 L_setup_ms=0 L_par_pull_ms=0 L_give_back_ms=0 L_state_wait_ms=0 L_state_after_pull=1441 L_seal_at_exec=1441 L_tx_root_ahead=0 flood_w1=3063640 txs_p10=200000 acq_us=469 slots_busy=13 ingest_rate=3074763 L_scope_join_ms=0 L_par_release_ms=0 L_commit_body_ms=0 L_par_commit_ms=2 L_give_back_ms=0 L_sealed_ms=8 L_par_exec_ms=17 L_state_wait_ms=0 L_par_pull_ms=0 L_par_prep_ms=3 L_par_start_ms=5 L_pre_exec_ms=0 L_par_run_ms=19 L_sealed_at_ms=60 F_partition_ms=- F_env_ms=- F_groups_ms=- F_merge_ms=- F_reverts_wait_ms=- F_ahead_wait_ms=- F_total_ms=- I_engine_ms=- I_root_ms=- I_total_ms=- H_engine_remember_ms=- H_engine_listing_ms=- H_engine_new_payload_ms=- busy_us=1 L_par_start_ms=5 L_start_handoff_ms=3 L_start_best_ms=5 L_start_puller_ms=0 L_par_pull_ms=0 L_par_prep_ms=3 L_state_wait_ms=0 L_par_exec_ms=17 L_par_commit_ms=2 L_sealed_ms=8 L_sealed_at_ms=60 L_par_graft_ms=0 L_graft_insert_ms=0 L_graft_reverts_ms=0 L_graft_split_us=0 L_graft_build_us=0 L_graft_merge_us=0 L_state_ready_ms=95 Q_queue_ms=0 R_dispatch_wait_ms=- R_total_ms=- R_road_runtime=1 gate_holds=0 peer_fetch=0 pool_limit=limit=4 gate_opened=gate_opened_for_block=0 I_root_ms=- flood_rate_hdr=rate=6000000/s fills=0 fill_waited=- slots_busy=13 acq_us=469 busy_us=1 converged=0 fallbacks=0 busy_us=1 recover_us=0 tf_on_output=3 tf_fallback=0 still_importing=4 busy_us=1 slots_busy=13 batches=altsig_txs=0 altsig_batches=0 tf_on_output=3 tf_fallback=0 gate_holds=0 sign_s=sign 0s replay_note=replay       : 64 files from /data/n42-pregen/g900000-400m, 400000000 transactio sign_s=sign 0s shard=shard_verified=0 shard_claimed=0 road_verified=- slots_busy=13 gate_us=7403 reply_us=7968 queued=2512500 assemble_ms=- road_take_ms=- road_body_ms=- road_encode_ms=- shards=16 shard_insert_ms=0 shard_wait_ms=0 shard_fold_ms=14 shard_append_ms=14 shard_merge_ms=52 state_ready_ms=95 roots_ms=39 exec_read_ms=0 exec_evm_ms=0 exec_write_ms=0 exec_other_ms=0 reads_cache=0 reads_provider=0 reads_view=0 par_run_ms=19 fold_task_cpu_max_us=13429 fold_task_minflt_max=683 fold_task_minflt_sum=683 fold_task_migrated=0 fold_task_nivcsw_max=0 fold_index=1 fold_index_build_ms=13 fold_index_conflicts=8002 fold_queue_us=27 fold_skew_us=76 fold_task_max_us=13430 fold_tail_us=23 start_best_ms=5 start_select_ms=0 start_walk_ms=0 start_walk_check_ms=0 start_best_other_ms=0 start_frames_by_ref=0 start_frames_slow=0 start_pull_ms=0 start_other_ms=0 start_handoff_ms=3 par_start_ms=5 par_prep_ms=3 par_commit_ms=2 commit_body_ms=0 par_fold_ms=7 sealed_ms=8 copy_ms=- prune_ms=0 frames=- frames_missing=- frame_root_ms=- root_ms=- frames_admitted=frames_admitted=575878 frames_unaligned=0 frame_root_indexed=- seal_layout_ms=0 seal_root_ms=0 attested= busy_us=1 slots_busy=13 reply_us=7968 prune_ms=0 body_refused=0 body_failed_late=0
loop342D48 win1 tps=3,153,333 txs=94,600,000 blocks= 473 cycle=0.063s occupancy=100.0% full(>=95%)=473/473 basefee=n/a (from the layer's log)
loop342D48 win2 tps=3,060,000 txs=91,800,000 blocks= 459 cycle=0.065s occupancy=100.0% full(>=95%)=459/459 basefee=n/a (from the layer's log)
loop342D48 win3 tps=3,053,333 txs=91,600,000 blocks= 458 cycle=0.066s occupancy=100.0% full(>=95%)=458/458 basefee=n/a (from the layer's log)
loop342D48 tps=3,153,333 round_txs=278000000 cycles_w1=
loop342D48 imp_fields_p90= b_p75=24
loop342D48 overlay: filter_skips=0 probes=0 ratio=- (ratio = skips/(skips+probes))
loop342D48 overlay_manager:       1 state_trie_overlay=false  state-ovly_cpu=0
loop342D48 verify: written to /data/blockchain/rust-fleet7-bench/bench-loop342D48/verify.json
== loop342D48  (E=1: seven validator keys on one execution layer)
  window 1: canonical 474 blocks, 94.8M tx = 3,160,000/s (100.0% of window 1), full 473/474 (100%); cycle mean/median/p90 63.2/61.5/68.7 ms
    leader builds 474: sealed_at median/p90/p99 58/73/98; phases median/p90 ms: gap_before_exec 3/7, state_wait 0/4, par 57/71, par_exec 17/22, roots 37/46, parent_fields 0/11, sealed 7/18
    state_wait_on {'output': 178, 'none': 273, 'grandparent': 15, 'open': 8}; builds with state_wait > 20 ms: 11 ([('grandparent', 11)]); gp_layer {1.0: 474}, ggp_missing {0.0: 459, 1.0: 15}
    queue at the builds min/median 1,382,500/2,513,500
    new field batch_cpu_sum_us: median/p90/max 560896.0/722255.0/2736322, nonzero 474
    new field batch_dispatch_us: median/p90/max 87.0/124.0/1429, nonzero 474
    new field batch_first_start_us: median/p90/max 33.0/45.0/80, nonzero 474
    new field batch_ivcsw: median/p90/max 0.0/4.0/42, nonzero 187
    new field batch_last_end_us: median/p90/max 16048.5/21208.0/62930, nonzero 474
    new field batch_last_start_us: median/p90/max 8204.5/10215.0/52282, nonzero 474
    new field batch_live_deferred: median/p90/max 56.0/62.0/74, nonzero 474
    new field batch_live_lock_hold_us: median/p90/max 6725.0/8395.0/14567, nonzero 474
    new field batch_live_lock_wait_us: median/p90/max 0.0/0.0/0, nonzero 0
    new field batch_live_lock_waits: median/p90/max 0.0/0.0/0, nonzero 0
    new field batch_majflt: median/p90/max 0.0/0.0/0, nonzero 0
    new field batch_minflt: median/p90/max 893.5/5600.0/11736, nonzero 473
    new field batch_open_max_us: median/p90/max 691.5/790.0/4153, nonzero 474
    new field batch_open_sum_us: median/p90/max 26519.0/30637.0/39512, nonzero 474
    new field batch_threads: median/p90/max 48.0/48.0/48, nonzero 474
    new field batch_vcsw: median/p90/max 266.0/499.0/1188, nonzero 474
    new field batch_view_index_wait_us: median/p90/max 0.0/13438.0/54213, nonzero 72
    new field batch_view_index_waits: median/p90/max 0.0/187.0/812, nonzero 72
    new field batch_view_slot_wait_us: median/p90/max 0.0/1903.0/28800, nonzero 83
    new field batch_view_slot_waits: median/p90/max 0.0/38.0/286, nonzero 83
    new field batch_wall_sum_us: median/p90/max 574343.5/734946.0/2738726, nonzero 474
    new field batches: median/p90/max 80.0/80.0/80, nonzero 474
    new field live_index_defer: {'true': 474}
    new field one_wave: {'false': 474}
    new field open_engine_us: median/p90/max 0.0/0.0/64251, nonzero 15
    new field open_fallback: {'false': 459, 'true': 15}
    new field open_keep_us: median/p90/max 3.0/4.0/10, nonzero 474
    new field open_layers: median/p90/max 3.0/3.0/3, nonzero 474
    new field open_provider_us: median/p90/max 106.5/150.0/296, nonzero 474
    new field plan_age_us: median/p90/max 53236.5/65717.0/163893, nonzero 474
    new field plan_ahead: median/p90/max 1.0/1.0/1, nonzero 474
    new field plan_discard: {'': 474}
    new field plan_prep_us: median/p90/max 7544.5/9611.0/16103, nonzero 474
    new field plan_topup_txs: median/p90/max 0.0/0.0/0, nonzero 0
    new field prev_seal_to_answer_us: median/p90/max 1474.0/2898.0/7135, nonzero 474
    new field prev_seal_to_entry_us: median/p90/max 0.0/0.0/0, nonzero 0
    new field prev_seal_to_header_us: median/p90/max 170.5/245.0/591, nonzero 474
    new field prev_seal_to_import_us: median/p90/max 115582.5/134767.0/185998, nonzero 460
    new field prev_seal_to_request_us: median/p90/max 889.5/1076.0/70288, nonzero 474
    new field prev_seal_to_start_us: median/p90/max 1159.0/1350.0/70677, nonzero 474
    new field pull_bulk_txs: median/p90/max 200000.0/200000.0/200000, nonzero 474
    new field pull_bulk_us: median/p90/max 799.5/979.0/4367, nonzero 474
    new field root_apply_total_us: median/p90/max 23228.5/30344.0/48011, nonzero 474
    new field root_delta_us: median/p90/max 1062.0/4415.0/9020, nonzero 474
    new field root_index_us: median/p90/max 3183.0/6966.0/16003, nonzero 474
    new field root_leaves_us: median/p90/max 6540.5/12965.0/29597, nonzero 474
    new field root_note_us: median/p90/max 151.5/279.0/1204, nonzero 474
    new field root_rehash_us: median/p90/max 1401.5/1902.0/10279, nonzero 474
    new field root_retire_us: median/p90/max 1636.5/2608.0/7102, nonzero 474
    new field root_sort_us: median/p90/max 79.0/205.0/991, nonzero 474
    new field root_writes_us: median/p90/max 7004.0/10598.0/25808, nonzero 474
    new field sealed_unix_us: median/p90/max 1791262927853601.5/1791262939672431.0/1791262942652461, nonzero 474
    new field start_walk_check_us: median/p90/max 0.0/0.0/0, nonzero 0
    new field start_walk_ids_us: median/p90/max 0.0/0.0/0, nonzero 0
    new field start_walk_settle_us: median/p90/max 0.0/0.0/0, nonzero 0
    new field start_walk_us: median/p90/max 0.0/0.0/0, nonzero 0
    new field state_wait_us: median/p90/max 472.5/4743.0/64327, nonzero 474
    new field view_journal_reads: median/p90/max 0.0/69632.0/172032, nonzero 217
    new field view_journal_searches: median/p90/max 0.0/194575.0/505057, nonzero 217
    new field view_journal_skips: median/p90/max 0.0/0.0/0, nonzero 0
    binding wait (tick / quorum / seal share, mean cycle): tick 96% (62); quorum 1% (118); seal 4% (74); feed-bound (blocks under 95% of the tier): 1 of 474
    slowest key vote delay median/p90 26.5/50.8 ms
    engine own-import total_ms per block median/p90/max 38/57/81 (n=473)
    layer RSS 4.9 -> 26.8 G (max 26.8), in-memory blocks max 11
    execution layer cores busy 38.2    validators cores busy 1.2
    flood delivered (median per 5 s over the leg) 3,078,576/s
  window 2: canonical 459 blocks, 91.8M tx = 3,060,000/s (96.8% of window 1), full 459/459 (100%); cycle mean/median/p90 63.2/61.5/69.1 ms
    leader builds 460: sealed_at median/p90/p99 61/79/95; phases median/p90 ms: gap_before_exec 3/6, state_wait 0/4, par 59/78, par_exec 16/21, roots 39/56, parent_fields 1/18, sealed 8/26
    state_wait_on {'none': 281, 'output': 160, 'grandparent': 16, 'open': 3}; builds with state_wait > 20 ms: 8 ([('grandparent', 8)]); gp_layer {1.0: 460}, ggp_missing {0.0: 444, 1.0: 16}
    queue at the builds min/median 2,312,500/2,512,000
    new field batch_cpu_sum_us: median/p90/max 560564.0/671475.0/2082310, nonzero 460
    new field batch_dispatch_us: median/p90/max 87.0/155.0/2244, nonzero 460
    new field batch_first_start_us: median/p90/max 32.0/46.0/102, nonzero 460
    new field batch_ivcsw: median/p90/max 0.0/5.0/45, nonzero 165
    new field batch_last_end_us: median/p90/max 15686.0/19722.0/55160, nonzero 460
    new field batch_last_start_us: median/p90/max 8084.0/9706.0/38170, nonzero 460
    new field batch_live_deferred: median/p90/max 57.0/65.0/198, nonzero 460
    new field batch_live_lock_hold_us: median/p90/max 6684.0/9414.0/16702, nonzero 460
    new field batch_live_lock_wait_us: median/p90/max 0.0/0.0/0, nonzero 0
    new field batch_live_lock_waits: median/p90/max 0.0/0.0/0, nonzero 0
    new field batch_majflt: median/p90/max 0.0/0.0/0, nonzero 0
    new field batch_minflt: median/p90/max 1236.5/5407.0/12480, nonzero 460
    new field batch_open_max_us: median/p90/max 673.0/772.0/3956, nonzero 460
    new field batch_open_sum_us: median/p90/max 26498.5/29809.0/37012, nonzero 460
    new field batch_threads: median/p90/max 48.0/48.0/48, nonzero 460
    new field batch_vcsw: median/p90/max 268.0/388.0/1146, nonzero 460
    new field batch_view_index_wait_us: median/p90/max 0.0/6165.0/74168, nonzero 51
    new field batch_view_index_waits: median/p90/max 0.0/83.0/806, nonzero 51
    new field batch_view_slot_wait_us: median/p90/max 0.0/2185.0/9444, nonzero 64
    new field batch_view_slot_waits: median/p90/max 0.0/37.0/95, nonzero 64
    new field batch_wall_sum_us: median/p90/max 566186.5/682002.0/2084921, nonzero 460
    new field batches: median/p90/max 80.0/80.0/80, nonzero 460
    new field live_index_defer: {'true': 460}
    new field one_wave: {'false': 460}
    new field open_engine_us: median/p90/max 0.0/0.0/37987, nonzero 16
    new field open_fallback: {'false': 444, 'true': 16}
    new field open_keep_us: median/p90/max 3.0/5.0/9, nonzero 460
    new field open_layers: median/p90/max 3.0/3.0/3, nonzero 460
    new field open_provider_us: median/p90/max 108.0/161.0/571, nonzero 460
    new field plan_age_us: median/p90/max 55404.5/70086.0/113907, nonzero 459
    new field plan_ahead: median/p90/max 1.0/1.0/1, nonzero 459
    new field plan_discard: {'': 459, 'not_on_its_parent': 1}
    new field plan_prep_us: median/p90/max 7768.5/9860.0/18585, nonzero 459
    new field plan_topup_txs: median/p90/max 0.0/0.0/0, nonzero 0
    new field prev_seal_to_answer_us: median/p90/max 1676.0/2925.0/5188, nonzero 460
    new field prev_seal_to_entry_us: median/p90/max 0.0/0.0/0, nonzero 0
    new field prev_seal_to_header_us: median/p90/max 182.0/273.0/473, nonzero 460
    new field prev_seal_to_import_us: median/p90/max 124983.0/143425.0/181393, nonzero 459
    new field prev_seal_to_request_us: median/p90/max 907.0/1055.0/91450, nonzero 460
    new field prev_seal_to_start_us: median/p90/max 1197.5/1414.0/91660, nonzero 460
    new field pull_bulk_txs: median/p90/max 200000.0/200000.0/200000, nonzero 460
    new field pull_bulk_us: median/p90/max 817.0/1016.0/4114, nonzero 460
    new field root_apply_total_us: median/p90/max 24717.5/33231.0/52354, nonzero 460
    new field root_delta_us: median/p90/max 1071.0/3948.0/9772, nonzero 460
    new field root_index_us: median/p90/max 3720.5/8172.0/18568, nonzero 460
    new field root_leaves_us: median/p90/max 6786.5/14707.0/27304, nonzero 460
    new field root_note_us: median/p90/max 143.0/218.0/974, nonzero 460
    new field root_rehash_us: median/p90/max 1994.0/4567.0/15941, nonzero 460
    new field root_retire_us: median/p90/max 1630.0/2459.0/8064, nonzero 460
    new field root_sort_us: median/p90/max 81.0/145.0/832, nonzero 460
    new field root_writes_us: median/p90/max 6969.0/9570.0/19942, nonzero 460
    new field sealed_unix_us: median/p90/max 1791262957509015.0/1791262969657059.0/1791262972685564, nonzero 460
    new field start_walk_check_us: median/p90/max 0.0/0.0/101, nonzero 1
    new field start_walk_ids_us: median/p90/max 0.0/0.0/503, nonzero 1
    new field start_walk_settle_us: median/p90/max 0.0/0.0/0, nonzero 0
    new field start_walk_us: median/p90/max 0.0/0.0/4151, nonzero 1
    new field state_wait_us: median/p90/max 267.0/4281.0/41102, nonzero 460
    new field view_journal_reads: median/p90/max 0.0/65536.0/131072, nonzero 212
    new field view_journal_searches: median/p90/max 0.0/191403.0/384578, nonzero 212
    new field view_journal_skips: median/p90/max 0.0/0.0/0, nonzero 0
    binding wait (tick / quorum / seal share, mean cycle): tick 99% (63); quorum 0%; seal 1% (76); feed-bound (blocks under 95% of the tier): 0 of 459
    slowest key vote delay median/p90 37.4/52.7 ms
    engine own-import total_ms per block median/p90/max 47/71/95 (n=459)
    layer RSS 25.5 -> 38.2 G (max 38.2), in-memory blocks max 11
    execution layer cores busy 38.0    validators cores busy 1.2
  window 3: canonical 458 blocks, 91.6M tx = 3,053,333/s (96.6% of window 1), full 458/458 (100%); cycle -
    leader builds 458: sealed_at median/p90/p99 62/77/98; phases median/p90 ms: gap_before_exec 3/7, state_wait 0/4, par 60/80, par_exec 17/22, roots 40/54, parent_fields 1/16, sealed 8/24
    state_wait_on {'none': 239, 'output': 208, 'open': 5, 'grandparent': 6}; builds with state_wait > 20 ms: 6 ([('grandparent', 6)]); gp_layer {1.0: 458}, ggp_missing {0.0: 452, 1.0: 6}
    queue at the builds min/median 2,316,000/2,513,750
    new field batch_cpu_sum_us: median/p90/max 555103.0/699041.0/2229946, nonzero 458
    new field batch_dispatch_us: median/p90/max 88.0/126.0/2825, nonzero 458
    new field batch_first_start_us: median/p90/max 33.0/46.0/68, nonzero 458
    new field batch_ivcsw: median/p90/max 0.0/5.0/31, nonzero 176
    new field batch_last_end_us: median/p90/max 16029.5/20820.0/58265, nonzero 458
    new field batch_last_start_us: median/p90/max 8135.5/10255.0/42227, nonzero 458
    new field batch_live_deferred: median/p90/max 56.0/62.0/392, nonzero 458
    new field batch_live_lock_hold_us: median/p90/max 7128.0/8916.0/46381, nonzero 458
    new field batch_live_lock_wait_us: median/p90/max 0.0/0.0/0, nonzero 0
    new field batch_live_lock_waits: median/p90/max 0.0/0.0/0, nonzero 0
    new field batch_majflt: median/p90/max 0.0/0.0/0, nonzero 0
    new field batch_minflt: median/p90/max 1107.5/5786.0/14082, nonzero 458
    new field batch_open_max_us: median/p90/max 679.0/787.0/4106, nonzero 458
    new field batch_open_sum_us: median/p90/max 26360.5/30458.0/37035, nonzero 458
    new field batch_threads: median/p90/max 48.0/48.0/48, nonzero 458
    new field batch_vcsw: median/p90/max 264.0/605.0/1315, nonzero 458
    new field batch_view_index_wait_us: median/p90/max 0.0/23215.0/86259, nonzero 85
    new field batch_view_index_waits: median/p90/max 0.0/298.0/900, nonzero 85
    new field batch_view_slot_wait_us: median/p90/max 0.0/2440.0/5847, nonzero 91
    new field batch_view_slot_waits: median/p90/max 0.0/40.0/94, nonzero 91
    new field batch_wall_sum_us: median/p90/max 565755.5/716539.0/2233281, nonzero 458
    new field batches: median/p90/max 80.0/80.0/80, nonzero 458
    new field live_index_defer: {'true': 458}
    new field one_wave: {'false': 458}
    new field open_engine_us: median/p90/max 0.0/0.0/59035, nonzero 6
    new field open_fallback: {'false': 452, 'true': 6}
    new field open_keep_us: median/p90/max 3.0/5.0/15, nonzero 458
    new field open_layers: median/p90/max 3.0/3.0/3, nonzero 458
    new field open_provider_us: median/p90/max 104.0/143.0/665, nonzero 458
    new field plan_age_us: median/p90/max 55499.0/71178.0/106054, nonzero 458
    new field plan_ahead: median/p90/max 1.0/1.0/1, nonzero 458
    new field plan_discard: {'': 458}
    new field plan_prep_us: median/p90/max 7938.0/10000.0/16183, nonzero 458
    new field plan_topup_txs: median/p90/max 0.0/0.0/0, nonzero 0
    new field prev_seal_to_answer_us: median/p90/max 1356.0/2393.0/4868, nonzero 458
    new field prev_seal_to_entry_us: median/p90/max 0.0/0.0/0, nonzero 0
    new field prev_seal_to_header_us: median/p90/max 149.0/222.0/455, nonzero 458
    new field prev_seal_to_import_us: median/p90/max 118852.5/139038.0/162102, nonzero 455
    new field prev_seal_to_request_us: median/p90/max 868.0/1064.0/1469, nonzero 458
    new field prev_seal_to_start_us: median/p90/max 1127.0/1384.0/4220, nonzero 458
    new field pull_bulk_txs: median/p90/max 200000.0/200000.0/200000, nonzero 458
    new field pull_bulk_us: median/p90/max 817.5/982.0/2827, nonzero 458
    new field root_apply_total_us: median/p90/max 26392.0/33726.0/65693, nonzero 458
    new field root_delta_us: median/p90/max 1030.0/2815.0/8066, nonzero 458
    new field root_index_us: median/p90/max 3542.0/7743.0/21258, nonzero 458
    new field root_leaves_us: median/p90/max 7015.5/14812.0/28837, nonzero 458
    new field root_note_us: median/p90/max 134.0/206.0/1239, nonzero 458
    new field root_rehash_us: median/p90/max 2689.5/6562.0/10863, nonzero 458
    new field root_retire_us: median/p90/max 1725.0/2611.0/8557, nonzero 458
    new field root_sort_us: median/p90/max 81.0/141.0/1809, nonzero 458
    new field root_writes_us: median/p90/max 6874.0/10885.0/46577, nonzero 458
    new field sealed_unix_us: median/p90/max 1791262987886277.0/1791262999849273.0/1791263002691782, nonzero 458
    new field start_walk_check_us: median/p90/max 0.0/0.0/0, nonzero 0
    new field start_walk_ids_us: median/p90/max 0.0/0.0/0, nonzero 0
    new field start_walk_settle_us: median/p90/max 0.0/0.0/0, nonzero 0
    new field start_walk_us: median/p90/max 0.0/0.0/0, nonzero 0
    new field state_wait_us: median/p90/max 886.5/4650.0/60264, nonzero 458
    new field view_journal_reads: median/p90/max 0.0/69632.0/126976, nonzero 201
    new field view_journal_searches: median/p90/max 0.0/196608.0/358940, nonzero 201
    new field view_journal_skips: median/p90/max 0.0/0.0/0, nonzero 0
    engine own-import total_ms per block median/p90/max 41/67/88 (n=458)
    layer RSS 37.9 -> 38.5 G (max 39.5), in-memory blocks max 10
    execution layer cores busy 38.0    validators cores busy 1.1
  round total (3 windows, canonical): 278.2M tx
  layer peak RSS 39.5 G; in-memory blocks max 11
  fields at seal: mode "early", verified 0, unchecked 0, mismatches 0 (last build line, cumulative)
  own_executed_again (built here and also directly imported): 0 of 1440 built blocks
== loop342D48
  layer-0 leader window-1 builds 475: txs mean 200000, share >= 95% of the tier 100% (max 200000); sealed_at_ms 58.0/73.0; par_ms 57.0/71.0; par_exec_ms 17.0/22.0; roots_ms 37.0/46.0; parent_fields_ms 0.0/11.0; sealed_ms 7.0/18.0
  proposal cycle window 1 (n=490): mean 63.2 median 61.5 p90 68.7 ms; blocks in the 30 s: 490
  binding wait (tick / quorum / seal, share and mean cycle): tick 95.8% (62.5); quorum 0.6% (118.3); seal 3.6% (74.2)
  vote delay after the proposal, slowest key per block: median 26.5 p90 50.8 ms (slowest minus the median key: median 0.2); last key: {1: 92, 2: 81, 3: 77, 4: 73, 5: 89, 6: 62} of 474 blocks
  CPU in window 1 (cores busy): execution layers 38.2 over 1 process(es); validators 1.2 over 7 process(es)
  execution layer peak RSS 39.5 G; in-memory blocks max 11 (node0 and others, all layers)
  blocks built here 1440; none also directly imported
  import-once counters at the last direct import: ; start-up lines with import_once=true: 1; queue-lock lines 0
  layer-0 queue (queued after canonical prune), median per 10 s: t+0:2502000 t+20:2510500 t+40:2512250 t+60:2515500 t+80:2514500
  flood: median per 5 s 3078576/s, final -
  timeout / given-up lines: 1; 05:01:24 v0 INFO process_event{view=1 kind="message"}: n42::cl::timeout: TC formed
loop342D48 page_faults_per_s_median: node0=169727 
feedcheck loop342D48: ok (block 200,000 tx)
== loop342D48: feed check (acq_us / gate_us / reply_us are per frame of 500; rate per 5 s `ingest` line)
  window 1: ingest lines 6; acq_us 468 (max 1411); gate_us 6977; reply_us 7537; slots_busy 13%; delivered median 3,181,630/s max 3,233,531/s; queue at builds median 2,513,500 min 1,382,500; full 100% of 474 blocks
  window 2: ingest lines 6; acq_us 472 (max 475); gate_us 7454; reply_us 8014; slots_busy 13%; delivered median 3,060,800/s max 3,160,305/s; queue at builds median 2,512,000 min 2,312,500; full 100% of 459 blocks
  window 3: ingest lines 6; acq_us 466 (max 473); gate_us 7584; reply_us 8148; slots_busy 13%; delivered median 3,040,287/s max 3,161,627/s; queue at builds median 2,513,750 min 2,316,000; full 100% of 458 blocks
  flood.log (+15..+100 s): rate per 5 s median 3,069,885/s max 3,244,017/s; reply latency median 62.5 ms max 64.0 ms
== loop342D48: lanes lock, drain and pruner (new fields)
  window 1: lock duty 60.5% (max 65.0); holds/5s 2,029; longest hold 25.50 ms median, 26.46 ms max by crates/n42/tx-queue/src/lib.rs:1990 (most frequent holders [('crates/n42/tx-queue/src/lib.rs:1990', 6)]); lock wait 2495.0 ms/5s, longest 25.78 ms; drains/5s 790 of 20236 tx, mean 1631 us, max 19.40 ms
           prune (463 blocks): prune_ms 33/44; fold 0.5 ms, lock 0.0 ms, remove(hold) 10.5 ms, free 0.0 ms; frames_swept 400; coalesced on 463 of 463; prune_wait_ms 0/0; pruner busy 51% of a thread, lock held by it 1.5%
  window 2: lock duty 60.5% (max 62.0); holds/5s 1,968; longest hold 27.11 ms median, 31.85 ms max by crates/n42/tx-queue/src/lib.rs:2518 (most frequent holders [('crates/n42/tx-queue/src/lib.rs:1990', 5), ('crates/n42/tx-queue/src/lib.rs:2518', 1)]); lock wait 2641.6 ms/5s, longest 29.94 ms; drains/5s 767 of 19985 tx, mean 1743 us, max 19.71 ms
           prune (457 blocks): prune_ms 33/46; fold 0.5 ms, lock 0.0 ms, remove(hold) 10.4 ms, free 0.0 ms; frames_swept 400; coalesced on 457 of 457; prune_wait_ms 0/0; pruner busy 51% of a thread, lock held by it 1.9%
  window 3: lock duty 62.0% (max 64.0); holds/5s 1,966; longest hold 26.38 ms median, 27.93 ms max by crates/n42/tx-queue/src/lib.rs:1990 (most frequent holders [('crates/n42/tx-queue/src/lib.rs:1990', 6)]); lock wait 2461.2 ms/5s, longest 27.74 ms; drains/5s 738 of 20704 tx, mean 1804 us, max 21.85 ms
           prune (453 blocks): prune_ms 33/44; fold 0.5 ms, lock 0.0 ms, remove(hold) 10.7 ms, free 0.0 ms; frames_swept 400; coalesced on 453 of 453; prune_wait_ms 0/0; pruner busy 50% of a thread, lock held by it 1.2%
== loop342D48: pruner (per block; busy = sum prune_ms / 30 s, lock = sum (remove_us + settle_us) / 30 s)
  window 1: 463 prunes; prune_ms 33/44; remove_us 10.5/19.7 ms; forget_us 3.0/4.9 ms; settle_us 3.0 ms; pruner busy 51% of a worker; lanes lock held for removal 24%
  window 2: 457 prunes; prune_ms 33/46; remove_us 10.4/20.2 ms; forget_us 3.0/5.0 ms; settle_us 3.1 ms; pruner busy 51% of a worker; lanes lock held for removal 23%
  window 3: 453 prunes; prune_ms 33/44; remove_us 10.7/20.8 ms; forget_us 3.0/4.7 ms; settle_us 3.0 ms; pruner busy 50% of a worker; lanes lock held for removal 24%
== loop342D48: seal start / pull, prepared plan, answer, chunked drain
  window 1: 474 builds; start_best_ms 5/14; start_walk_us 0/0; start_pull_ms 0/0; par_pull_ms 0/0; par_start_ms 5/14; par_ms 57/71; sealed_at_ms 58/73; pull_bulk_us 800/979; pull_bulk_txs 200000/200000; plan_age_us 53236/65717; plan_prep_us 7544/9611; plan_topup_txs 0/0
           plan_ahead {'1': 474}; plan_discard {'': 474}
           answer: built-ahead bytes median/max 15,243/15,245, layout_only {'true': 475}; proposal sent bytes median/max 15,243/15,245, layout_only {'true': 474}
           drain: chunks/5s 636, chunk max 8,192 tx, finished by others/5s 55; plan_discards (last ingest line) -
  window 2: 460 builds; start_best_ms 5/15; start_walk_us 0/0; start_pull_ms 0/0; par_pull_ms 0/0; par_start_ms 5/15; par_ms 59/78; sealed_at_ms 61/79; pull_bulk_us 817/1016; pull_bulk_txs 200000/200000; plan_age_us 55404/70086; plan_prep_us 7768/9860; plan_topup_txs 0/0
           plan_ahead {'1': 459, '0': 1}; plan_discard {'': 459, 'not_on_its_parent': 1}
           answer: built-ahead bytes median/max 15,245/15,245, layout_only {'true': 460}; proposal sent bytes median/max 15,245/15,245, layout_only {'true': 460}
           drain: chunks/5s 617, chunk max 8,192 tx, finished by others/5s 54; plan_discards (last ingest line) -
  window 3: 458 builds; start_best_ms 4/11; start_walk_us 0/0; start_pull_ms 0/0; par_pull_ms 0/0; par_start_ms 4/11; par_ms 60/80; sealed_at_ms 62/77; pull_bulk_us 818/982; pull_bulk_txs 200000/200000; plan_age_us 55499/71178; plan_prep_us 7938/10000; plan_topup_txs 0/0
           plan_ahead {'1': 458}; plan_discard {'': 458}
           answer: built-ahead bytes median/max 15,245/15,245, layout_only {'true': 458}; proposal sent bytes median/max 15,245/15,245, layout_only {'true': 457}
           drain: chunks/5s 588, chunk max 8,192 tx, finished by others/5s 57; plan_discards (last ingest line) -
== loop342D48: persistence per window (ms per block = part sum / blocks persisted)
  window 1: persisted 472 of 474 produced (100%); total 32.3, sf_tx 29.1, sf_rcpt 6.6, sf_acct 13.7, sf_send 11.0, scope 29.2, qmdb 13.9, post 0.0, pre 3.1, plain_rev 3.1, commit_sf 0.7, commit_mdbx 0.1, commit_rocks 0.0; longest task sf_tx 29.1; in-memory 7 -> 10 (max 10); RSS 4.9 -> 25.5 G; lag 8 -> 10 = +5.0 blocks/min; bp max 0
  window 2: persisted 457 of 459 produced (100%); total 34.9, sf_tx 30.9, sf_rcpt 6.7, sf_acct 14.3, sf_send 11.2, scope 31.0, qmdb 15.4, post 0.0, pre 3.9, plain_rev 3.9, commit_sf 0.8, commit_mdbx 0.1, commit_rocks 0.1; longest task sf_tx 30.9; in-memory 10 -> 9 (max 11); RSS 25.5 -> 37.9 G; lag 10 -> 10 = +0.0 blocks/min; bp max 0
  window 3: persisted 457 of 458 produced (100%); total 34.4, sf_tx 30.5, sf_rcpt 6.3, sf_acct 13.8, sf_send 10.7, scope 30.6, qmdb 17.2, post 0.0, pre 3.8, plain_rev 3.8, commit_sf 0.6, commit_mdbx 0.1, commit_rocks 0.0; longest task sf_tx 30.5; in-memory 9 -> 10 (max 10); RSS 37.9 -> 38.1 G; lag 10 -> 8 = -4.0 blocks/min; bp max 0
  leg end: in-memory 7, max over the sampler 11, backpressure stalls 0
== loop342D48: execution and root fields (median / p90 per block)
  window 1 (474 builds): on-CPU share 0.99/1.00; CPU per transfer 2.80/3.61 us; par_exec_ms 17/22; batch_max_ms 10/16; batch_median_ms 7/9; batch_vcsw 266/499; batch_ivcsw 0/4; batch_minflt 894/5,600; batch_majflt 0/0; batch_live_lock_waits 0/0; batch_live_lock_wait_us 0/0; batch_live_lock_hold_us 6,725/8,395; batch_live_deferred 56/62; shard_append_ms 14/17; shard_fold_ms 13/19; shard_wait_ms 0/0; batch_view_slot_waits 0/38; batch_view_slot_wait_us 0/1,903; batch_view_index_waits 0/187; batch_view_index_wait_us 0/13,438; batch_open_sum_us 26,519/30,637; batch_open_max_us 692/790; roots_ms 37/46; seal_to_fields_us 51,864/62,465; sealed_at_ms 58/73
  window 2 (460 builds): on-CPU share 0.99/1.00; CPU per transfer 2.80/3.36 us; par_exec_ms 16/21; batch_max_ms 10/14; batch_median_ms 7/8; batch_vcsw 268/388; batch_ivcsw 0/5; batch_minflt 1,236/5,407; batch_majflt 0/0; batch_live_lock_waits 0/0; batch_live_lock_wait_us 0/0; batch_live_lock_hold_us 6,684/9,414; batch_live_deferred 57/65; shard_append_ms 13/17; shard_fold_ms 13/20; shard_wait_ms 0/0; batch_view_slot_waits 0/37; batch_view_slot_wait_us 0/2,185; batch_view_index_waits 0/83; batch_view_index_wait_us 0/6,165; batch_open_sum_us 26,498/29,809; batch_open_max_us 673/772; roots_ms 39/56; seal_to_fields_us 54,326/71,830; sealed_at_ms 61/79
  window 3 (458 builds): on-CPU share 0.99/1.00; CPU per transfer 2.78/3.50 us; par_exec_ms 17/22; batch_max_ms 10/15; batch_median_ms 7/8; batch_vcsw 264/605; batch_ivcsw 0/5; batch_minflt 1,108/5,786; batch_majflt 0/0; batch_live_lock_waits 0/0; batch_live_lock_wait_us 0/0; batch_live_lock_hold_us 7,128/8,916; batch_live_deferred 56/62; shard_append_ms 14/17; shard_fold_ms 15/22; shard_wait_ms 0/0; batch_view_slot_waits 0/40; batch_view_slot_wait_us 0/2,440; batch_view_index_waits 0/298; batch_view_index_wait_us 0/23,215; batch_open_sum_us 26,360/30,458; batch_open_max_us 679/787; roots_ms 40/54; seal_to_fields_us 55,730/68,537; sealed_at_ms 62/77
flood span 95 s; tokio-rt threads alive throughout 34 of 67; group 10.0 cores busy over them (all threads incl. short-lived 12.9)
  per-thread cores busy, top 12: 0.79 0.56 0.56 0.56 0.56 0.56 0.55 0.55 0.54 0.54 0.54 0.54; threads over 0.9 core: 0, over 0.7: 1
== loop342D48: 1392 full builds in the 3 windows
  par_exec_ms 17/21; par_run_ms 19/29; batch_start_skew_ms 8/10; batch_median_ms 7/8; batch_max_ms 10/15; batch_first_start_us 33/45; batch_last_start_us 8152/10111; batch_dispatch_us 87/131; batch_last_end_us 15919/20589; batches 80/80; batch_threads 48/48; batch_txs_max 2500/2500; batch_txs_min 2500/2500; start_walk_ms 0/0; start_walk_check_ms 0/0; par_start_ms 5/13; sealed_at_ms 60/76; prev_seal_to_answer_us 1518/2803; prev_seal_to_entry_us 0/0; prev_seal_to_header_us 167/249; prev_seal_to_import_us 119046/139583; prev_seal_to_request_us 888/1064; prev_seal_to_start_us 1160/1387; start_walk_check_us 0/0; start_walk_ids_us 0/0; start_walk_settle_us 0/0; start_walk_us 0/0
  one_wave {'false': 1392}
  batches == batch_threads on 0 of 1392 builds
  last - first batch start (ms) median/p90 8.11/10.06; under 2 ms on 0 of 1392 builds
sealed_at medians: D 61.0, Db 61.0, D48 60.0
pacing legs on D48
pacing gate for 55 ms: ok cycle median 61.5 ms against 60 (limit 63); in-memory blocks end of w1 10, end of w3 10, max in w3 10 (loop342D48)
leg loop342D48P55: /data free 928G (needs 120 G)
leg loop342D48P55 start 01:06:02 load 5.03
round loop342D48P55 exit 0 at 01:08:56
loop342D48P55 save stages (node0, seconds summed over the leg / count): batch_size=1983.0/657  batch_size=1983.0/657  reth_consensus_engine_beacon_persistence_duration=56.9/657  duration_seconds=53.7/657  total=49.2/657  scope=44.3/657  sf=43.7/657  sf_transactions=43.5/657  qmdb_persisted=22.6/657  sf_account_changesets=20.1/657
el binary: /data/n42-build/target-n42-rs/native/release/n42 env: N42_IMPORT_ONCE=1 N42_SETTLEMENT_TAGS=legacy N42_BUILD_THROTTLE_SOFT=48 F7_EL_MAP=0,0,0,0,0,0,0 N42_FIELDS_AT_SEAL=1 N42_FRAME_BLOCKS=1 N42_TX_INGEST_RECOVER_PARALLEL=24 N42_PARALLEL_BUILD_THREADS=48 N42_PLAN_AHEAD=1 N42_HASHED_TABLES=off F7_FLOOD_RATE=6000000 N42_COMPACT_BODY=1 MALLOC_CONF=thp:always,oversize_threshold:0,dirty_decay_ms:2000,background_thread:true N42_ACCOUNT_HISTORY=off N42_TAKE_COMPACT=1 N42_SF_EARLY_WRITEBACK=1 N42_ROAD_RUNTIME=1 N42_TX_INGEST_HIGH_WATER=2500000 F7_BENCH_POOL_SLOTS=3000000 N42_TX_QUEUE_DRAIN_CHUNK=8192 N42_ANSWER_LAYOUT_ONLY=1 N42_PULL_BY_FRAMES=1 N42_SF_PARALLEL_ENCODE=1 N42_BUILD_THROTTLE_HARD=80 N42_LIVE_INDEX_DEFER=1 RAYON_NUM_THREADS=16 TOKIO_WORKER_THREADS=16 N42_QMDB_READS=on N42_LEADER_LAYERS=3 N42_PERSIST_QMDB_IN_SCOPE=1 F7_BLOCK_INTERVAL_MS=55 F7_MEASURE_FROM_LOG=1
validator env: N42_IMPORT_ONCE=1 N42_SETTLEMENT_TAGS=legacy N42_BUILD_THROTTLE_SOFT=48 F7_EL_MAP=0,0,0,0,0,0,0 N42_FIELDS_AT_SEAL=1 N42_FRAME_BLOCKS=1 N42_TX_INGEST_RECOVER_PARALLEL=24 N42_PARALLEL_BUILD_THREADS=48 N42_PLAN_AHEAD=1 N42_HASHED_TABLES=off F7_FLOOD_RATE=6000000 N42_COMPACT_BODY=1 N42_ACCOUNT_HISTORY=off N42_TAKE_COMPACT=1 N42_SF_EARLY_WRITEBACK=1 N42_ROAD_RUNTIME=1 N42_TX_INGEST_HIGH_WATER=2500000 F7_BENCH_POOL_SLOTS=3000000 N42_TX_QUEUE_DRAIN_CHUNK=8192 N42_ANSWER_LAYOUT_ONLY=1 N42_PULL_BY_FRAMES=1 N42_SF_PARALLEL_ENCODE=1 N42_BUILD_THROTTLE_HARD=80 N42_LIVE_INDEX_DEFER=1 RAYON_NUM_THREADS=16 TOKIO_WORKER_THREADS=16 N42_QMDB_READS=on N42_LEADER_LAYERS=3 N42_PERSIST_QMDB_IN_SCOPE=1 F7_MEASURE_FROM_LOG=1
loop342D48P55 once: start-up lines import_once=true 1; last direct-import counters 
loop342D48P55 imports: layers=1 direct_imports=0 canonical_blocks=4213 import_once_lines=1 (per layer: direct imports should equal canonical blocks for one execution per block)
grep: /data/blockchain/rust-fleet7-bench/node1/el.log: No such file or directory
grep: /data/blockchain/rust-fleet7-bench/node2/el.log: No such file or directory
grep: /data/blockchain/rust-fleet7-bench/node3/el.log: No such file or directory
grep: /data/blockchain/rust-fleet7-bench/node1/el.log: No such file or directory
grep: /data/blockchain/rust-fleet7-bench/node2/el.log: No such file or directory
grep: /data/blockchain/rust-fleet7-bench/node3/el.log: No such file or directory
cat: /data/blockchain/rust-fleet7-bench/node2/el.log: No such file or directory
cat: /data/blockchain/rust-fleet7-bench/node2/el.log: No such file or directory
cat: /data/blockchain/rust-fleet7-bench/node2/el.log: No such file or directory
cat: /data/blockchain/rust-fleet7-bench/node1/el.log: No such file or directory
cat: /data/blockchain/rust-fleet7-bench/node2/el.log: No such file or directory
cat: /data/blockchain/rust-fleet7-bench/node3/el.log: No such file or directory
Traceback (most recent call last):
  File [35m"<stdin>"[0m, line [35m4[0m, in [35m<module>[0m
[1;35mIndexError[0m: [35mlist index out of range[0m
loop342D48P55 no_variant=0 own_not_committed=0 tc=1 invalid_blocks=0 incomplete=0 gas_mismatch=0 direct_imports_failed=0 stuck_at_hashed_state=0 engine_idles_over_5s=1 proposals_given_up=0 tables_off_nodes=1 unanswered_reads=0 seal_first_total=1437 seal_first_direct=1437 direct_guard_errors=0 commit_ms_median=2 fold_ms_median=8 sealed_at_ms_median=60 state_ready_ms_median=95 build_total_ms_median=182 recover_us_median=0 par_exec_ms_median=17 par_exec_ms_median=17 giveback_filtered=0 giveback_offered_max=200000 seal_first=1437 reader_lag_max=10 reader_lag_warns=0 view_invalidated=0 el_sum_peak_g=39.5 el_max_peak_g=39.5 val_sum_peak_g=2.0 flood_peak_g=0.6 two_roads_blocks=0 two_roads_overlap_ms_median=- exec_on_output_declined=0 r1_collect_ms_median=5 proposal_at_ms_median=45 view_total_ms_median=56 import_exec_ms_median=- import_total_ms_median=- import_senders_ms_median=- import_convert_ms_median=- import_groups_median=- imports_over_600ms=0 min_avail_g=87.0 road_foreign_body_recv_ms=- road_foreign_body_decode_ms=- road_foreign_body_senders_ms=- road_foreign_body_parent_wait_ms=- road_foreign_body_check_ms=- road_foreign_body_total_ms=- road_new_payload_recv_ms=- road_new_payload_decode_ms=- road_new_payload_senders_ms=- road_new_payload_parent_wait_ms=- road_new_payload_check_ms=- road_new_payload_total_ms=- road_foreign_body_blocks=0 road_new_payload_blocks=0 fcu_answered=1934 fcu_in_flight_ms_median=0 fcu_queued_ms_median=0 fcu_queued_ms_max=98 fcu_refused=0 fcu_slow=1735 bodies_held=0 road_reuse_ms=- road_prepare_ms=- road_dispatch_ms=- road_convert_ms=- road_remember_ms=- road_header_ms=- road_fields_ms=- road_other_ms=- import_engine_ms_median=- gate_forced=0 gate_warns=0 flood_timeouts=0 canonical_min=4258 canonical_max=4258 chained_builds=2824 chain_lead_ms_median=49 chain_wait_ms_median=15 chain_started=2828 chain_discarded=3 chain_discard_reasons=_1_reason="no_,_1_reason="the_chained_build_produced_nothing,_1_reason="the_execution_layer_produced_nothing,_1_reason="the_request_names_another_parent chain_alias_warns=0 el_chained=2845 bodies_held_warns=0 el_build_refused=2 el_build_refused_reasons=_2_no_QMDB_tree_for_parent_block_0x queued_p5=2319000 queued_p50=2513500 road_compact_blocks=0 road_compact_recv_ms=- road_compact_assemble_ms=- road_compact_root_ms=- road_compact_miss_wait_ms=- road_compact_senders_ms=- road_compact_check_ms=- road_compact_other_ms=- road_compact_total_ms=- road_compact_misses_total= compact_refused_el=0 compact_fallbacks=0 compact_bytes_median=- pool_order9=13160 par_pull_ms_median=0 build_total_ms_median2=62 road_compact_filled_blocks=0 road_compact_filled_median=- road_compact_fill_ms_median=- need_txns=0 fill_failed=0 ingest_rate_gate_open_median=- ingest_gate_open_intervals=0 ingest_slots_busy_median=- flood_rate= fill_asked_proposer=0 fill_asked_other=0 loop_lines=2877 loop_unnamed_ms_median=43 loop_body_served_ms_median=- loop_txns_served_ms_median=- import_exec_ms_median2=- pip_partition_ms=- pip_env_ms=- pip_batch_ms=- pip_groups_ms=- pip_gas_ms=- pip_merge_ms=- pip_receipts_ms=- pip_drop_ms=- pip_other_ms=- pip_total_ms=- senders_indexed_median=- road_senders_ms_median=- road_total_ms_median=- pew_ms_median=- pew_ms_p90= gate_ms_median=- gate_ms_p90= root_ms_p50=- root_ms_p90= two_roads=0 not_on_output=0 not_on_output_why= ckpt_ms_first_q=2 ckpt_ms_last_q=47 ckpt_bytes_last=34025268 parent_still_importing=2 root_wait_ms_p50=- root_wait_ms_p90= tenures_low_seal=22 seal_first_share=1.0 empty_over_deep=0 near_empty_warns=0 no_seal_why= par_skipped_median=- usable_p5=2319000 ckpt_replay_ms_last_q=15 candidates_zero=0 dropped_ingest=0 let_go_warns=0 let_go_reasons= parked_p50=0 parked_max=0 held_warns=0 park_capped_total=0 superseded_builds=0 empty_not_superseded=0 mass_park_warns=0 heads_lines=0 holes_lines=0 stale_parent_refusals=0 par_groups_p5=0 cancelled_decided=1 heads_nonce0=0 stale_unconfirmed= handovers=2 el_panics=0 decided_cancelled=1 min_window_blocks=450 road_desc_blocks=0 road_desc_total_ms=- road_desc_copy_ms=- desc_misses=0 fill_failed2=0 sf_par_collect_ms=0 sf_par_commit_ms=2 sf_par_fold_ms=8 sf_par_graft_ms=0 sf_par_prefault_ms=0 sf_par_exec_ms=17 sf_sealed_at_ms=60 sf_roots_ms=38 sf_state_ready_ms=95 sf_total_ms=182 ba_find_ms=0 ba_queue_ms=4 ba_total_ms=62 ba_on_output=1436 queue_fold_us=0 queue_lock_us=161 sf_par_exec_ms=17 sf_par_fold_ms=8 pip_groups_ms=- import_exec_ms_median2=- reads_d0=0 reads_hist=0 f_reads_d0=- f_reads_hist=- f_overlay_depth=- L_read_set_ms=0 read_set_accounts=0 read_set_unresolved=0 read_set_hits=0 read_set_misses=0 start_best_ms=- par_prep_ms=- gap_before_exec_ms=- gap_after_exec_ms=- gap_before_seal_ms=- index_ms=- road_copy_aside_ms=- road_copy_wait_ms=- road_total_ms=- queue_first_miss=queue_first_miss=0:2762,queue_first_miss=18446744073709551615:1449 root_append_behind=0 populate_lag_mb=0 swap_used_g=0 root_faults=- root_faults_p90= root_faults_entries=0 root_faults_offsets=0 root_faults_index=0 root_faults_bits=0 root_faults_twigs=0 root_faults_undo=0 root_faults_tmp=0 root_append_faults=5 root_twig_pool_misses=0 batch_max_ms=10 batch_min_ms=4 batch_median_ms=7 batch_cpu_max_ms=10 batch_txs_max=2500 batch_txs_min=2500 batch_start_skew_ms=8 batch_wait_ms=0 loop_fetch_ns=0 loop_check_ns=0 loop_transfer_ns=0 loop_receipt_ns=0 loop_gas_ns=0 loop_sink_ns=0 loop_other_ns=0 batch_setup_ns=0 batch_close_ns=0 imp_exec_part_ms=- imp_exec_batches_ms=- imp_exec_graft_ms=- imp_exec_batches=- imp_exec_threads=- imp_exec_batch_max_ms=- imp_exec_batch_median_ms=- imp_parent_output_wait_ms=- road_parent_output_wait_ms=- next_start_gap_ms=1 next_entry_gap_ms=0 commit_body_ahead_used=- imp_exec_keys_ms=- imp_keys_ahead=- imp_exec_sink_ms=- imp_exec_pre_ms=- imp_exec_post_ms=- imp_exec_receipts_ms=- imp_exec_drop_ms=- root_gap_ms=- queue_whole=queue_whole=false:2762,queue_whole=true:1449 tick_tick_late_us=959 tick_preamble_us=341 tick_take_sealed_us=1 tick_sign_us=0 tick_cache_us=0 tick_presealed=- tick_describe_us=9 tick_publish_us=599 tick_tick_to_send_us=2022 road_check_ms=- road_check_include_us=- road_check_scan_us=- road_check_fold_us=- road_check_senders_us=- road_check_frames_summarized=- road_check_frames_scanned=- imp_exec_start_gap_us=- imp_gap_road_us=- imp_gap_header_us=- imp_gap_senders_us=- imp_gap_parent_us=- imp_gap_setup_us=- imp_gap_keys_wait_us=- sealed_at_p90= sealed_over_130=0 roots_ms=- cycle_p90= batch_max_ms=- batch_median_ms=- imp_batch_max=- forest_lock_warns=2092 root_seal_ms=1 root_seals=39 root_majflt=5802 roots_p90= gp_layer=1441 ggp_missing=63 state_wait_split=0/0/0/0:853,1/0/0/0:153,2/0/0/0:138 qmdb_releases=0 state_wait_on= imp_road_end_ms=- imp_exec_start_ms=- imp_exec_end_ms=- imp_root_end_ms=- imp_fields_ready_ms=- imp_parent_fields_wait_ms=- imp_exec_ms=- imp_root_ms=- imp_checks_ms=- imp_engine_ms=- imp_total_ms=- road_parent_fields_wait_ms=- exec_read_ms=0 L_exec_evm_ms=0 L_exec_write_ms=0 L_exec_other_ms=0 L_reads_cache=0 L_reads_provider=0 L_reads_view=0 L_graft_base_ms=0 L_graft_reserve_ms=0 L_graft_insert_ms=0 L_graft_reverts_ms=0 L_graft_other_ms=0 L_par_exec_ms=17 L_par_graft_ms=0 F_exec_read_ms=- F_exec_evm_ms=- F_exec_write_ms=- F_exec_other_ms=- F_reads_cache=- F_reads_provider=- F_reads_view=- F_groups_ms=- L_tx_root_wait_ms=0 L_par_exec_ms=17 L_par_graft_ms=0 L_par_fold_ms=8 L_sealed_ms=8 L_state_ready_ms=95 L_roots_ms=38 L_finish_ms=107 L_total_ms=182 L_setup_ms=0 L_par_pull_ms=0 L_give_back_ms=0 L_state_wait_ms=0 L_state_after_pull=1437 L_seal_at_exec=1437 L_tx_root_ahead=0 flood_w1=3161428 txs_p10=200000 acq_us=474 slots_busy=13 ingest_rate=3095550 L_scope_join_ms=0 L_par_release_ms=0 L_commit_body_ms=0 L_par_commit_ms=2 L_give_back_ms=0 L_sealed_ms=8 L_par_exec_ms=17 L_state_wait_ms=0 L_par_pull_ms=0 L_par_prep_ms=3 L_par_start_ms=5 L_pre_exec_ms=0 L_par_run_ms=20 L_sealed_at_ms=60 F_partition_ms=- F_env_ms=- F_groups_ms=- F_merge_ms=- F_reverts_wait_ms=- F_ahead_wait_ms=- F_total_ms=- I_engine_ms=- I_root_ms=- I_total_ms=- H_engine_remember_ms=- H_engine_listing_ms=- H_engine_new_payload_ms=- busy_us=1 L_par_start_ms=5 L_start_handoff_ms=3 L_start_best_ms=5 L_start_puller_ms=0 L_par_pull_ms=0 L_par_prep_ms=3 L_state_wait_ms=0 L_par_exec_ms=17 L_par_commit_ms=2 L_sealed_ms=8 L_sealed_at_ms=60 L_par_graft_ms=0 L_graft_insert_ms=0 L_graft_reverts_ms=0 L_graft_split_us=0 L_graft_build_us=0 L_graft_merge_us=0 L_state_ready_ms=95 Q_queue_ms=0 R_dispatch_wait_ms=- R_total_ms=- R_road_runtime=1 gate_holds=0 peer_fetch=0 pool_limit=limit=4 gate_opened=gate_opened_for_block=0 I_root_ms=- flood_rate_hdr=rate=6000000/s fills=0 fill_waited=- slots_busy=13 acq_us=474 busy_us=1 converged=0 fallbacks=0 busy_us=1 recover_us=0 tf_on_output=4 tf_fallback=0 still_importing=2 busy_us=1 slots_busy=13 batches=altsig_txs=0 altsig_batches=0 tf_on_output=4 tf_fallback=0 gate_holds=0 sign_s=sign 0s replay_note=replay       : 64 files from /data/n42-pregen/g900000-400m, 400000000 transactio sign_s=sign 0s shard=shard_verified=0 shard_claimed=0 road_verified=- slots_busy=13 gate_us=7365 reply_us=7941 queued=2513500 assemble_ms=- road_take_ms=- road_body_ms=- road_encode_ms=- shards=16 shard_insert_ms=0 shard_wait_ms=0 shard_fold_ms=13 shard_append_ms=13 shard_merge_ms=52 state_ready_ms=95 roots_ms=38 exec_read_ms=0 exec_evm_ms=0 exec_write_ms=0 exec_other_ms=0 reads_cache=0 reads_provider=0 reads_view=0 par_run_ms=20 fold_task_cpu_max_us=13015 fold_task_minflt_max=593 fold_task_minflt_sum=593 fold_task_migrated=0 fold_task_nivcsw_max=0 fold_index=1 fold_index_build_ms=13 fold_index_conflicts=8092 fold_queue_us=27 fold_skew_us=75 fold_task_max_us=13019 fold_tail_us=23 start_best_ms=5 start_select_ms=0 start_walk_ms=0 start_walk_check_ms=0 start_best_other_ms=0 start_frames_by_ref=0 start_frames_slow=0 start_pull_ms=0 start_other_ms=0 start_handoff_ms=3 par_start_ms=5 par_prep_ms=3 par_commit_ms=2 commit_body_ms=0 par_fold_ms=8 sealed_ms=8 copy_ms=- prune_ms=0 frames=- frames_missing=- frame_root_ms=- root_ms=- frames_admitted=frames_admitted=574159 frames_unaligned=0 frame_root_indexed=- seal_layout_ms=0 seal_root_ms=0 attested= busy_us=1 slots_busy=13 reply_us=7941 prune_ms=0 body_refused=0 body_failed_late=0
loop342D48P55 win1 tps=3,120,000 txs=93,600,000 blocks= 468 cycle=0.064s occupancy=100.0% full(>=95%)=467/468 basefee=n/a (from the layer's log)
loop342D48P55 win2 tps=3,146,667 txs=94,400,000 blocks= 472 cycle=0.064s occupancy=100.0% full(>=95%)=472/472 basefee=n/a (from the layer's log)
loop342D48P55 win3 tps=3,000,000 txs=90,000,000 blocks= 450 cycle=0.067s occupancy=100.0% full(>=95%)=450/450 basefee=n/a (from the layer's log)
loop342D48P55 tps=3,120,000 round_txs=278000000 cycles_w1=
loop342D48P55 imp_fields_p90= b_p75=22
loop342D48P55 overlay: filter_skips=0 probes=0 ratio=- (ratio = skips/(skips+probes))
loop342D48P55 overlay_manager:       1 state_trie_overlay=false  state-ovly_cpu=0
loop342D48P55 verify: written to /data/blockchain/rust-fleet7-bench/bench-loop342D48P55/verify.json
== loop342D48P55  (E=1: seven validator keys on one execution layer)
  window 1: canonical 469 blocks, 93.8M tx = 3,125,633/s (100.0% of window 1), full 467/469 (100%); cycle mean/median/p90 63.6/59.0/77.7 ms
    leader builds 469: sealed_at median/p90/p99 59/77/105; phases median/p90 ms: gap_before_exec 3/9, state_wait 1/7, par 57/78, par_exec 17/26, roots 36/46, parent_fields 0/10, sealed 7/17
    state_wait_on {'none': 212, 'output': 222, 'open': 4, 'grandparent': 31}; builds with state_wait > 20 ms: 22 ([('grandparent', 22)]); gp_layer {1.0: 469}, ggp_missing {0.0: 435, 1.0: 34}
    queue at the builds min/median 1,144,000/2,514,500
    new field batch_cpu_sum_us: median/p90/max 574148.0/936793.0/2625701, nonzero 469
    new field batch_dispatch_us: median/p90/max 85.0/127.0/815, nonzero 469
    new field batch_first_start_us: median/p90/max 33.0/47.0/67, nonzero 469
    new field batch_ivcsw: median/p90/max 0.0/3.0/37, nonzero 149
    new field batch_last_end_us: median/p90/max 16118.0/25239.0/64421, nonzero 469
    new field batch_last_start_us: median/p90/max 8333.0/10697.0/50176, nonzero 469
    new field batch_live_deferred: median/p90/max 56.0/62.0/66, nonzero 469
    new field batch_live_lock_hold_us: median/p90/max 6703.0/8892.0/16073, nonzero 469
    new field batch_live_lock_wait_us: median/p90/max 0.0/0.0/0, nonzero 0
    new field batch_live_lock_waits: median/p90/max 0.0/0.0/0, nonzero 0
    new field batch_majflt: median/p90/max 0.0/0.0/0, nonzero 0
    new field batch_minflt: median/p90/max 936.0/5579.0/16048, nonzero 469
    new field batch_open_max_us: median/p90/max 683.0/781.0/3822, nonzero 469
    new field batch_open_sum_us: median/p90/max 26369.0/30677.0/58315, nonzero 469
    new field batch_threads: median/p90/max 48.0/48.0/48, nonzero 469
    new field batch_vcsw: median/p90/max 271.0/610.0/1022, nonzero 469
    new field batch_view_index_wait_us: median/p90/max 0.0/19162.0/46694, nonzero 65
    new field batch_view_index_waits: median/p90/max 0.0/283.0/667, nonzero 65
    new field batch_view_slot_wait_us: median/p90/max 0.0/2077.0/5192, nonzero 72
    new field batch_view_slot_waits: median/p90/max 0.0/44.0/131, nonzero 72
    new field batch_wall_sum_us: median/p90/max 583894.0/947420.0/2629041, nonzero 469
    new field batches: median/p90/max 80.0/80.0/80, nonzero 469
    new field live_index_defer: {'true': 469}
    new field one_wave: {'false': 469}
    new field open_engine_us: median/p90/max 0.0/0.0/60461, nonzero 34
    new field open_fallback: {'false': 435, 'true': 34}
    new field open_keep_us: median/p90/max 3.0/5.0/13, nonzero 469
    new field open_layers: median/p90/max 3.0/3.0/3, nonzero 469
    new field open_provider_us: median/p90/max 108.0/153.0/362, nonzero 469
    new field plan_age_us: median/p90/max 53489.0/70130.0/112081, nonzero 469
    new field plan_ahead: median/p90/max 1.0/1.0/2, nonzero 469
    new field plan_discard: {'': 469}
    new field plan_prep_us: median/p90/max 7561.0/9897.0/27243, nonzero 469
    new field plan_topup_txs: median/p90/max 0.0/0.0/143500, nonzero 1
    new field prev_seal_to_answer_us: median/p90/max 1436.0/2673.0/4381, nonzero 469
    new field prev_seal_to_entry_us: median/p90/max 0.0/0.0/0, nonzero 0
    new field prev_seal_to_header_us: median/p90/max 175.0/264.0/485, nonzero 469
    new field prev_seal_to_import_us: median/p90/max 118039.0/139038.0/185457, nonzero 452
    new field prev_seal_to_request_us: median/p90/max 883.0/1078.0/64762, nonzero 469
    new field prev_seal_to_start_us: median/p90/max 1164.0/1397.0/65055, nonzero 469
    new field pull_bulk_txs: median/p90/max 200000.0/200000.0/200000, nonzero 469
    new field pull_bulk_us: median/p90/max 813.0/1025.0/4059, nonzero 469
    new field root_apply_total_us: median/p90/max 23038.0/29648.0/43620, nonzero 469
    new field root_delta_us: median/p90/max 1144.0/4567.0/11875, nonzero 469
    new field root_index_us: median/p90/max 3336.0/7710.0/15912, nonzero 469
    new field root_leaves_us: median/p90/max 6510.0/13008.0/24433, nonzero 469
    new field root_note_us: median/p90/max 149.0/258.0/1877, nonzero 469
    new field root_rehash_us: median/p90/max 1392.0/2016.0/10797, nonzero 469
    new field root_retire_us: median/p90/max 1582.0/2314.0/5856, nonzero 469
    new field root_sort_us: median/p90/max 80.0/120.0/1312, nonzero 469
    new field root_writes_us: median/p90/max 6947.0/9838.0/20964, nonzero 469
    new field sealed_unix_us: median/p90/max 1791263255076459.0/1791263266866325.0/1791263269757202, nonzero 469
    new field start_walk_check_us: median/p90/max 0.0/0.0/1491, nonzero 1
    new field start_walk_ids_us: median/p90/max 0.0/0.0/101, nonzero 1
    new field start_walk_settle_us: median/p90/max 0.0/0.0/0, nonzero 0
    new field start_walk_us: median/p90/max 0.0/0.0/4542, nonzero 1
    new field state_wait_us: median/p90/max 1465.0/7259.0/64031, nonzero 469
    new field view_journal_reads: median/p90/max 0.0/69632.0/192512, nonzero 201
    new field view_journal_searches: median/p90/max 0.0/198652.0/491482, nonzero 201
    new field view_journal_skips: median/p90/max 0.0/0.0/0, nonzero 0
    binding wait (tick / quorum / seal share, mean cycle): tick 87% (63); quorum 1% (112); seal 12% (70); feed-bound (blocks under 95% of the tier): 2 of 469
    slowest key vote delay median/p90 38.6/61.9 ms
    engine own-import total_ms per block median/p90/max 41/65/92 (n=468)
    layer RSS 4.9 -> 26.6 G (max 26.6), in-memory blocks max 10
    execution layer cores busy 38.3    validators cores busy 1.2
    flood delivered (median per 5 s over the leg) 3,128,826/s
  window 2: canonical 472 blocks, 94.4M tx = 3,146,667/s (100.7% of window 1), full 472/472 (100%); cycle mean/median/p90 62.2/57.3/73.1 ms
    leader builds 473: sealed_at median/p90/p99 60/75/98; phases median/p90 ms: gap_before_exec 2/5, state_wait 0/3, par 56/72, par_exec 17/21, roots 39/49, parent_fields 1/14, sealed 8/21
    state_wait_on {'none': 333, 'output': 136, 'grandparent': 4}; builds with state_wait > 20 ms: 3 ([('grandparent', 3)]); gp_layer {1.0: 473}, ggp_missing {0.0: 468, 1.0: 5}
    queue at the builds min/median 1,898,500/2,512,000
    new field batch_cpu_sum_us: median/p90/max 541582.0/680127.0/2222721, nonzero 473
    new field batch_dispatch_us: median/p90/max 85.0/121.0/670, nonzero 473
    new field batch_first_start_us: median/p90/max 33.0/46.0/66, nonzero 473
    new field batch_ivcsw: median/p90/max 0.0/4.0/19, nonzero 167
    new field batch_last_end_us: median/p90/max 15933.0/20139.0/58829, nonzero 473
    new field batch_last_start_us: median/p90/max 7918.0/9933.0/40094, nonzero 473
    new field batch_live_deferred: median/p90/max 56.0/62.0/107, nonzero 473
    new field batch_live_lock_hold_us: median/p90/max 6881.0/8561.0/15820, nonzero 473
    new field batch_live_lock_wait_us: median/p90/max 0.0/0.0/0, nonzero 0
    new field batch_live_lock_waits: median/p90/max 0.0/0.0/0, nonzero 0
    new field batch_majflt: median/p90/max 0.0/0.0/0, nonzero 0
    new field batch_minflt: median/p90/max 937.0/5962.0/12596, nonzero 473
    new field batch_open_max_us: median/p90/max 677.0/773.0/3819, nonzero 473
    new field batch_open_sum_us: median/p90/max 26031.0/30262.0/35151, nonzero 473
    new field batch_threads: median/p90/max 48.0/48.0/48, nonzero 473
    new field batch_vcsw: median/p90/max 271.0/564.0/1206, nonzero 473
    new field batch_view_index_wait_us: median/p90/max 0.0/17560.0/56605, nonzero 74
    new field batch_view_index_waits: median/p90/max 0.0/264.0/842, nonzero 74
    new field batch_view_slot_wait_us: median/p90/max 0.0/2043.0/25528, nonzero 85
    new field batch_view_slot_waits: median/p90/max 0.0/39.0/113, nonzero 85
    new field batch_wall_sum_us: median/p90/max 558219.0/693418.0/2224988, nonzero 473
    new field batches: median/p90/max 80.0/80.0/80, nonzero 473
    new field live_index_defer: {'true': 473}
    new field one_wave: {'false': 473}
    new field open_engine_us: median/p90/max 0.0/0.0/40315, nonzero 5
    new field open_fallback: {'false': 468, 'true': 5}
    new field open_keep_us: median/p90/max 3.0/5.0/9, nonzero 473
    new field open_layers: median/p90/max 3.0/3.0/3, nonzero 473
    new field open_provider_us: median/p90/max 111.0/160.0/356, nonzero 473
    new field plan_age_us: median/p90/max 53883.0/65956.0/101171, nonzero 472
    new field plan_ahead: median/p90/max 1.0/1.0/1, nonzero 472
    new field plan_discard: {'': 472, 'not_on_its_parent': 1}
    new field plan_prep_us: median/p90/max 7992.0/10022.0/18434, nonzero 472
    new field plan_topup_txs: median/p90/max 0.0/0.0/0, nonzero 0
    new field prev_seal_to_answer_us: median/p90/max 1443.0/3087.0/8222, nonzero 473
    new field prev_seal_to_entry_us: median/p90/max 0.0/0.0/0, nonzero 0
    new field prev_seal_to_header_us: median/p90/max 173.0/250.0/502, nonzero 473
    new field prev_seal_to_import_us: median/p90/max 119250.0/140241.0/185839, nonzero 471
    new field prev_seal_to_request_us: median/p90/max 895.0/1092.0/87198, nonzero 473
    new field prev_seal_to_start_us: median/p90/max 1171.0/1399.0/87473, nonzero 473
    new field pull_bulk_txs: median/p90/max 200000.0/200000.0/200000, nonzero 473
    new field pull_bulk_us: median/p90/max 823.0/1001.0/3033, nonzero 473
    new field root_apply_total_us: median/p90/max 25343.0/31928.0/49130, nonzero 473
    new field root_delta_us: median/p90/max 1144.0/4290.0/15102, nonzero 473
    new field root_index_us: median/p90/max 3510.0/8018.0/19093, nonzero 473
    new field root_leaves_us: median/p90/max 6682.0/13618.0/27956, nonzero 473
    new field root_note_us: median/p90/max 141.0/224.0/1631, nonzero 473
    new field root_rehash_us: median/p90/max 2084.0/5646.0/18237, nonzero 473
    new field root_retire_us: median/p90/max 1549.0/2522.0/6941, nonzero 473
    new field root_sort_us: median/p90/max 82.0/145.0/1168, nonzero 473
    new field root_writes_us: median/p90/max 7056.0/10689.0/18274, nonzero 473
    new field sealed_unix_us: median/p90/max 1791263284617387.0/1791263296641797.0/1791263299747524, nonzero 473
    new field start_walk_check_us: median/p90/max 0.0/0.0/366, nonzero 1
    new field start_walk_ids_us: median/p90/max 0.0/0.0/549, nonzero 1
    new field start_walk_settle_us: median/p90/max 0.0/0.0/0, nonzero 0
    new field start_walk_us: median/p90/max 0.0/0.0/4804, nonzero 1
    new field state_wait_us: median/p90/max 216.0/3074.0/40424, nonzero 473
    new field view_journal_reads: median/p90/max 0.0/73728.0/139264, nonzero 215
    new field view_journal_searches: median/p90/max 0.0/197694.0/392826, nonzero 215
    new field view_journal_skips: median/p90/max 0.0/0.0/0, nonzero 0
    binding wait (tick / quorum / seal share, mean cycle): tick 84% (62); quorum 0%; seal 16% (65); feed-bound (blocks under 95% of the tier): 0 of 472
    slowest key vote delay median/p90 35.9/60.7 ms
    engine own-import total_ms per block median/p90/max 41/67/85 (n=472)
    layer RSS 25.6 -> 34.0 G (max 34.0), in-memory blocks max 11
    execution layer cores busy 38.4    validators cores busy 1.2
  window 3: canonical 450 blocks, 90.0M tx = 3,000,000/s (96.0% of window 1), full 450/450 (100%); cycle -
    leader builds 450: sealed_at median/p90/p99 62/83/107; phases median/p90 ms: gap_before_exec 2/7, state_wait 0/5, par 60/83, par_exec 16/21, roots 39/54, parent_fields 2/17, sealed 8/24
    state_wait_on {'output': 140, 'none': 282, 'grandparent': 23, 'open': 5}; builds with state_wait > 20 ms: 17 ([('grandparent', 16), ('output', 1)]); gp_layer {1.0: 450}, ggp_missing {0.0: 427, 1.0: 23}
    queue at the builds min/median 2,319,500/2,514,750
    new field batch_cpu_sum_us: median/p90/max 540132.5/662538.0/2300955, nonzero 450
    new field batch_dispatch_us: median/p90/max 83.0/130.0/1137, nonzero 450
    new field batch_first_start_us: median/p90/max 32.0/44.0/58, nonzero 450
    new field batch_ivcsw: median/p90/max 0.0/4.0/41, nonzero 161
    new field batch_last_end_us: median/p90/max 15744.0/20091.0/80407, nonzero 450
    new field batch_last_start_us: median/p90/max 7867.0/9885.0/73872, nonzero 450
    new field batch_live_deferred: median/p90/max 56.0/66.0/331, nonzero 450
    new field batch_live_lock_hold_us: median/p90/max 7055.0/10215.0/75004, nonzero 450
    new field batch_live_lock_wait_us: median/p90/max 0.0/0.0/0, nonzero 0
    new field batch_live_lock_waits: median/p90/max 0.0/0.0/0, nonzero 0
    new field batch_majflt: median/p90/max 0.0/0.0/7910, nonzero 8
    new field batch_minflt: median/p90/max 1044.5/6973.0/16318, nonzero 450
    new field batch_open_max_us: median/p90/max 681.0/771.0/3686, nonzero 450
    new field batch_open_sum_us: median/p90/max 26356.5/30257.0/35549, nonzero 450
    new field batch_threads: median/p90/max 48.0/48.0/48, nonzero 450
    new field batch_vcsw: median/p90/max 273.0/623.0/8284, nonzero 450
    new field batch_view_index_wait_us: median/p90/max 0.0/20715.0/2843024, nonzero 81
    new field batch_view_index_waits: median/p90/max 0.0/294.0/1133, nonzero 81
    new field batch_view_slot_wait_us: median/p90/max 0.0/2406.0/6206, nonzero 87
    new field batch_view_slot_waits: median/p90/max 0.0/42.0/105, nonzero 87
    new field batch_wall_sum_us: median/p90/max 552897.5/685885.0/3683298, nonzero 450
    new field batches: median/p90/max 80.0/80.0/80, nonzero 450
    new field live_index_defer: {'true': 450}
    new field one_wave: {'false': 450}
    new field open_engine_us: median/p90/max 0.0/0.0/68481, nonzero 23
    new field open_fallback: {'false': 427, 'true': 23}
    new field open_keep_us: median/p90/max 3.0/4.0/12, nonzero 450
    new field open_layers: median/p90/max 3.0/3.0/3, nonzero 450
    new field open_provider_us: median/p90/max 104.0/145.0/376, nonzero 450
    new field plan_age_us: median/p90/max 55685.0/74468.0/142734, nonzero 450
    new field plan_ahead: median/p90/max 1.0/1.0/1, nonzero 450
    new field plan_discard: {'': 450}
    new field plan_prep_us: median/p90/max 7945.0/10740.0/61252, nonzero 450
    new field plan_topup_txs: median/p90/max 0.0/0.0/0, nonzero 0
    new field prev_seal_to_answer_us: median/p90/max 1396.5/2871.0/4826, nonzero 450
    new field prev_seal_to_entry_us: median/p90/max 0.0/0.0/0, nonzero 0
    new field prev_seal_to_header_us: median/p90/max 159.0/233.0/632, nonzero 450
    new field prev_seal_to_import_us: median/p90/max 119806.0/139731.0/179560, nonzero 435
    new field prev_seal_to_request_us: median/p90/max 879.0/1084.0/58968, nonzero 450
    new field prev_seal_to_start_us: median/p90/max 1173.5/1514.0/59261, nonzero 450
    new field pull_bulk_txs: median/p90/max 200000.0/200000.0/200000, nonzero 450
    new field pull_bulk_us: median/p90/max 809.5/1003.0/2835, nonzero 450
    new field root_apply_total_us: median/p90/max 25498.0/32238.0/54071, nonzero 450
    new field root_delta_us: median/p90/max 1059.5/2293.0/8309, nonzero 450
    new field root_index_us: median/p90/max 3391.0/8010.0/14711, nonzero 450
    new field root_leaves_us: median/p90/max 6615.5/12975.0/23526, nonzero 450
    new field root_note_us: median/p90/max 133.0/197.0/1971, nonzero 450
    new field root_rehash_us: median/p90/max 2672.5/6343.0/17534, nonzero 450
    new field root_retire_us: median/p90/max 1652.0/2515.0/8182, nonzero 450
    new field root_sort_us: median/p90/max 82.0/146.0/531, nonzero 450
    new field root_writes_us: median/p90/max 6912.0/9897.0/38755, nonzero 450
    new field sealed_unix_us: median/p90/max 1791263314416484.5/1791263326552675.0/1791263329759611, nonzero 450
    new field start_walk_check_us: median/p90/max 0.0/0.0/0, nonzero 0
    new field start_walk_ids_us: median/p90/max 0.0/0.0/0, nonzero 0
    new field start_walk_settle_us: median/p90/max 0.0/0.0/0, nonzero 0
    new field start_walk_us: median/p90/max 0.0/0.0/0, nonzero 0
    new field state_wait_us: median/p90/max 333.5/5039.0/68564, nonzero 450
    new field view_journal_reads: median/p90/max 0.0/69632.0/139264, nonzero 208
    new field view_journal_searches: median/p90/max 0.0/193446.0/405503, nonzero 208
    new field view_journal_skips: median/p90/max 0.0/0.0/0, nonzero 0
    engine own-import total_ms per block median/p90/max 43/66/90 (n=450)
    layer RSS 33.1 -> 40.8 G (max 40.8), in-memory blocks max 10
    execution layer cores busy 37.6    validators cores busy 1.1
  round total (3 windows, canonical): 278.2M tx
  layer peak RSS 40.8 G; in-memory blocks max 11
  fields at seal: mode "early", verified 0, unchecked 0, mismatches 0 (last build line, cumulative)
  own_executed_again (built here and also directly imported): 0 of 1436 built blocks
== loop342D48P55
  layer-0 leader window-1 builds 470: txs mean 199934, share >= 95% of the tier 100% (max 200000); sealed_at_ms 59.0/77.0; par_ms 57.5/78.0; par_exec_ms 17.0/26.0; roots_ms 36.0/46.0; parent_fields_ms 0.0/10.0; sealed_ms 7.0/17.0
  proposal cycle window 1 (n=488): mean 63.6 median 59.0 p90 77.7 ms; blocks in the 30 s: 488
  binding wait (tick / quorum / seal, share and mean cycle): tick 87.0% (62.6); quorum 0.6% (112.0); seal 12.3% (69.8)
  vote delay after the proposal, slowest key per block: median 38.6 p90 61.7 ms (slowest minus the median key: median 0.2); last key: {1: 86, 2: 94, 3: 70, 4: 89, 5: 58, 6: 74} of 471 blocks
  CPU in window 1 (cores busy): execution layers 38.3 over 1 process(es); validators 1.2 over 7 process(es)
  execution layer peak RSS 40.8 G; in-memory blocks max 11 (node0 and others, all layers)
  blocks built here 1436; none also directly imported
  import-once counters at the last direct import: ; start-up lines with import_once=true: 1; queue-lock lines 0
  layer-0 queue (queued after canonical prune), median per 10 s: t+0:2515000 t+20:2513500 t+40:2514500 t+60:2516750 t+80:2515500
  flood: median per 5 s 3128826/s, final -
  timeout / given-up lines: 1; 05:06:51 v0 INFO process_event{view=1 kind="message"}: n42::cl::timeout: TC formed
loop342D48P55 page_faults_per_s_median: node0=167282 
feedcheck loop342D48P55: ok (block 200,000 tx)
== loop342D48P55: feed check (acq_us / gate_us / reply_us are per frame of 500; rate per 5 s `ingest` line)
  window 1: ingest lines 6; acq_us 464 (max 1240); gate_us 7140; reply_us 7694; slots_busy 13%; delivered median 3,144,991/s max 3,245,734/s; queue at builds median 2,514,500 min 1,144,000; full 100% of 469 blocks
  window 2: ingest lines 6; acq_us 474 (max 480); gate_us 7122; reply_us 7686; slots_busy 13%; delivered median 3,167,898/s max 3,217,546/s; queue at builds median 2,512,000 min 1,898,500; full 100% of 472 blocks
  window 3: ingest lines 6; acq_us 476 (max 480); gate_us 7454; reply_us 8018; slots_busy 12%; delivered median 3,053,093/s max 3,095,550/s; queue at builds median 2,514,750 min 2,319,500; full 100% of 450 blocks
  flood.log (+15..+100 s): rate per 5 s median 3,123,278/s max 3,237,018/s; reply latency median 61.8 ms max 67.0 ms
== loop342D48P55: lanes lock, drain and pruner (new fields)
  window 1: lock duty 60.0% (max 65.0); holds/5s 2,100; longest hold 25.44 ms median, 28.02 ms max by crates/n42/tx-queue/src/lib.rs:1990 (most frequent holders [('crates/n42/tx-queue/src/lib.rs:1990', 5), ('crates/n42/tx-queue/src/lib.rs:2626', 1)]); lock wait 2268.9 ms/5s, longest 27.13 ms; drains/5s 876 of 18021 tx, mean 1484 us, max 17.85 ms
           prune (452 blocks): prune_ms 32/45; fold 0.5 ms, lock 0.0 ms, remove(hold) 10.1 ms, free 0.0 ms; frames_swept 400; coalesced on 452 of 452; prune_wait_ms 0/0; pruner busy 49% of a thread, lock held by it 1.2%
  window 2: lock duty 63.0% (max 66.0); holds/5s 1,950; longest hold 28.95 ms median, 29.88 ms max by crates/n42/tx-queue/src/lib.rs:1990 (most frequent holders [('crates/n42/tx-queue/src/lib.rs:1990', 5), ('crates/n42/tx-queue/src/lib.rs:2518', 1)]); lock wait 2992.6 ms/5s, longest 29.85 ms; drains/5s 692 of 22885 tx, mean 1972 us, max 22.86 ms
           prune (471 blocks): prune_ms 36/47; fold 0.5 ms, lock 0.0 ms, remove(hold) 11.0 ms, free 0.0 ms; frames_swept 400; coalesced on 471 of 471; prune_wait_ms 0/0; pruner busy 56% of a thread, lock held by it 1.8%
  window 3: lock duty 61.5% (max 65.0); holds/5s 1,940; longest hold 27.87 ms median, 29.43 ms max by crates/n42/tx-queue/src/lib.rs:1990 (most frequent holders [('crates/n42/tx-queue/src/lib.rs:1990', 6)]); lock wait 2544.0 ms/5s, longest 28.93 ms; drains/5s 744 of 20480 tx, mean 1724 us, max 23.56 ms
           prune (439 blocks): prune_ms 36/50; fold 0.6 ms, lock 0.0 ms, remove(hold) 10.9 ms, free 0.0 ms; frames_swept 400; coalesced on 439 of 439; prune_wait_ms 0/0; pruner busy 53% of a thread, lock held by it 1.5%
== loop342D48P55: pruner (per block; busy = sum prune_ms / 30 s, lock = sum (remove_us + settle_us) / 30 s)
  window 1: 452 prunes; prune_ms 32/45; remove_us 10.1/20.0 ms; forget_us 2.9/4.6 ms; settle_us 2.9 ms; pruner busy 49% of a worker; lanes lock held for removal 23%
  window 2: 471 prunes; prune_ms 36/47; remove_us 11.0/21.8 ms; forget_us 3.2/5.0 ms; settle_us 3.2 ms; pruner busy 56% of a worker; lanes lock held for removal 26%
  window 3: 439 prunes; prune_ms 36/50; remove_us 10.9/21.8 ms; forget_us 3.3/5.0 ms; settle_us 3.4 ms; pruner busy 53% of a worker; lanes lock held for removal 24%
== loop342D48P55: seal start / pull, prepared plan, answer, chunked drain
  window 1: 469 builds; start_best_ms 5/12; start_walk_us 0/0; start_pull_ms 0/0; par_pull_ms 0/0; par_start_ms 5/13; par_ms 57/78; sealed_at_ms 59/77; pull_bulk_us 813/1025; pull_bulk_txs 200000/200000; plan_age_us 53489/70130; plan_prep_us 7561/9897; plan_topup_txs 0/0
           plan_ahead {'2': 1, '1': 468}; plan_discard {'': 469}
           answer: built-ahead bytes median/max 15,243/15,245, layout_only {'true': 470}; proposal sent bytes median/max 15,243/15,245, layout_only {'true': 470}
           drain: chunks/5s 750, chunk max 8,192 tx, finished by others/5s 52; plan_discards (last ingest line) -
  window 2: 473 builds; start_best_ms 6/16; start_walk_us 0/0; start_pull_ms 0/0; par_pull_ms 0/0; par_start_ms 6/16; par_ms 56/72; sealed_at_ms 60/75; pull_bulk_us 823/1001; pull_bulk_txs 200000/200000; plan_age_us 53883/65956; plan_prep_us 7992/10022; plan_topup_txs 0/0
           plan_ahead {'1': 472, '0': 1}; plan_discard {'': 472, 'not_on_its_parent': 1}
           answer: built-ahead bytes median/max 15,245/15,245, layout_only {'true': 473}; proposal sent bytes median/max 15,245/15,245, layout_only {'true': 472}
           drain: chunks/5s 545, chunk max 8,192 tx, finished by others/5s 62; plan_discards (last ingest line) -
  window 3: 450 builds; start_best_ms 5/13; start_walk_us 0/0; start_pull_ms 0/0; par_pull_ms 0/0; par_start_ms 5/13; par_ms 60/83; sealed_at_ms 62/83; pull_bulk_us 810/1003; pull_bulk_txs 200000/200000; plan_age_us 55685/74468; plan_prep_us 7945/10740; plan_topup_txs 0/0
           plan_ahead {'1': 450}; plan_discard {'': 450}
           answer: built-ahead bytes median/max 15,245/15,245, layout_only {'true': 449}; proposal sent bytes median/max 15,245/15,245, layout_only {'true': 449}
           drain: chunks/5s 603, chunk max 8,192 tx, finished by others/5s 49; plan_discards (last ingest line) -
== loop342D48P55: persistence per window (ms per block = part sum / blocks persisted)
  window 1: persisted 466 of 469 produced (99%); total 31.5, sf_tx 28.2, sf_rcpt 6.3, sf_acct 13.2, sf_send 10.6, scope 28.3, qmdb 13.4, post 0.0, pre 3.3, plain_rev 3.3, commit_sf 0.7, commit_mdbx 0.1, commit_rocks 0.0; longest task sf_tx 28.2; in-memory 7 -> 9 (max 10); RSS 4.9 -> 25.6 G; lag 8 -> 8 = +0.0 blocks/min; bp max 0
  window 2: persisted 474 of 472 produced (100%); total 33.0, sf_tx 29.5, sf_rcpt 6.7, sf_acct 13.8, sf_send 11.1, scope 29.6, qmdb 15.5, post 0.0, pre 3.4, plain_rev 3.4, commit_sf 0.8, commit_mdbx 0.1, commit_rocks 0.0; longest task sf_tx 29.5; in-memory 9 -> 8 (max 11); RSS 25.6 -> 33.1 G; lag 8 -> 8 = +0.0 blocks/min; bp max 0
  window 3: persisted 451 of 450 produced (100%); total 35.7, sf_tx 32.0, sf_rcpt 7.0, sf_acct 14.2, sf_send 11.1, scope 32.2, qmdb 16.4, post 0.0, pre 3.6, plain_rev 3.6, commit_sf 0.8, commit_mdbx 0.1, commit_rocks 0.1; longest task sf_tx 32.0; in-memory 8 -> 9 (max 10); RSS 33.1 -> 40.3 G; lag 8 -> 9 = +2.0 blocks/min; bp max 0
  leg end: in-memory 8, max over the sampler 11, backpressure stalls 0
== loop342D48P55: execution and root fields (median / p90 per block)
  window 1 (469 builds): on-CPU share 0.99/1.00; CPU per transfer 2.87/4.68 us; par_exec_ms 17/26; batch_max_ms 10/18; batch_median_ms 7/9; batch_vcsw 271/610; batch_ivcsw 0/3; batch_minflt 936/5,579; batch_majflt 0/0; batch_live_lock_waits 0/0; batch_live_lock_wait_us 0/0; batch_live_lock_hold_us 6,703/8,892; batch_live_deferred 56/62; shard_append_ms 13/17; shard_fold_ms 13/19; shard_wait_ms 0/0; batch_view_slot_waits 0/44; batch_view_slot_wait_us 0/2,077; batch_view_index_waits 0/283; batch_view_index_wait_us 0/19,162; batch_open_sum_us 26,369/30,677; batch_open_max_us 683/781; roots_ms 36/46; seal_to_fields_us 52,272/61,742; sealed_at_ms 59/77
  window 2 (473 builds): on-CPU share 0.99/1.00; CPU per transfer 2.71/3.40 us; par_exec_ms 17/21; batch_max_ms 10/14; batch_median_ms 6/8; batch_vcsw 271/564; batch_ivcsw 0/4; batch_minflt 937/5,962; batch_majflt 0/0; batch_live_lock_waits 0/0; batch_live_lock_wait_us 0/0; batch_live_lock_hold_us 6,881/8,561; batch_live_deferred 56/62; shard_append_ms 13/16; shard_fold_ms 13/19; shard_wait_ms 0/0; batch_view_slot_waits 0/39; batch_view_slot_wait_us 0/2,043; batch_view_index_waits 0/264; batch_view_index_wait_us 0/17,560; batch_open_sum_us 26,031/30,262; batch_open_max_us 677/773; roots_ms 39/49; seal_to_fields_us 54,655/63,738; sealed_at_ms 60/75
  window 3 (450 builds): on-CPU share 0.99/1.00; CPU per transfer 2.70/3.31 us; par_exec_ms 16/21; batch_max_ms 11/16; batch_median_ms 6/8; batch_vcsw 273/623; batch_ivcsw 0/4; batch_minflt 1,044/6,973; batch_majflt 0/0; batch_live_lock_waits 0/0; batch_live_lock_wait_us 0/0; batch_live_lock_hold_us 7,055/10,215; batch_live_deferred 56/66; shard_append_ms 13/17; shard_fold_ms 14/20; shard_wait_ms 0/0; batch_view_slot_waits 0/42; batch_view_slot_wait_us 0/2,406; batch_view_index_waits 0/294; batch_view_index_wait_us 0/20,715; batch_open_sum_us 26,356/30,257; batch_open_max_us 681/771; roots_ms 39/54; seal_to_fields_us 55,312/70,016; sealed_at_ms 62/83
flood span 95 s; tokio-rt threads alive throughout 34 of 63; group 9.9 cores busy over them (all threads incl. short-lived 12.7)
  per-thread cores busy, top 12: 0.59 0.58 0.57 0.57 0.56 0.55 0.55 0.55 0.55 0.55 0.55 0.55; threads over 0.9 core: 0, over 0.7: 0
== loop342D48P55: 1392 full builds in the 3 windows
  par_exec_ms 17/21; par_run_ms 19/36; batch_start_skew_ms 8/10; batch_median_ms 7/8; batch_max_ms 10/15; batch_first_start_us 33/46; batch_last_start_us 8098/10109; batch_dispatch_us 84/126; batch_last_end_us 15962/20619; batches 80/80; batch_threads 48/48; batch_txs_max 2500/2500; batch_txs_min 2500/2500; start_walk_ms 0/0; start_walk_check_ms 0/0; par_start_ms 5/14; sealed_at_ms 60/78; prev_seal_to_answer_us 1426/2820; prev_seal_to_entry_us 0/0; prev_seal_to_header_us 169/250; prev_seal_to_import_us 119064/139410; prev_seal_to_request_us 884/1087; prev_seal_to_start_us 1168/1446; start_walk_check_us 0/0; start_walk_ids_us 0/0; start_walk_settle_us 0/0; start_walk_us 0/0
  one_wave {'false': 1392}
  batches == batch_threads on 0 of 1392 builds
  last - first batch start (ms) median/p90 8.06/10.07; under 2 ms on 0 of 1392 builds
pacing steps stop before 50 ms: FAIL cycle cycle median 59.3 ms against 55 (limit 58); in-memory blocks end of w1 9, end of w3 9, max in w3 10 (loop342D48P55)
leg loop342DPROF: /data free 928G (needs 120 G)
leg loop342DPROF start 01:11:29 load 6.31
round loop342DPROF exit 0 at 01:14:22
loop342DPROF save stages (node0, seconds summed over the leg / count): batch_size=1941.0/644  batch_size=1941.0/644  reth_consensus_engine_beacon_persistence_duration=55.5/644  duration_seconds=53.1/644  total=48.9/644  scope=44.0/644  sf=43.9/644  sf_transactions=43.6/644  qmdb_persisted=22.6/644  sf_account_changesets=20.2/644
el binary: /data/n42-build/target-n42-rs/prof/profiling/n42 env: N42_IMPORT_ONCE=1 N42_SETTLEMENT_TAGS=legacy N42_BUILD_THROTTLE_SOFT=48 F7_EL_MAP=0,0,0,0,0,0,0 N42_FIELDS_AT_SEAL=1 N42_FRAME_BLOCKS=1 N42_TX_INGEST_RECOVER_PARALLEL=24 N42_PARALLEL_BUILD_THREADS=32 N42_PLAN_AHEAD=1 N42_HASHED_TABLES=off F7_FLOOD_RATE=6000000 N42_COMPACT_BODY=1 MALLOC_CONF=thp:always,oversize_threshold:0,dirty_decay_ms:2000,background_thread:true N42_ACCOUNT_HISTORY=off N42_TAKE_COMPACT=1 N42_SF_EARLY_WRITEBACK=1 N42_ROAD_RUNTIME=1 N42_TX_INGEST_HIGH_WATER=2500000 F7_BENCH_POOL_SLOTS=3000000 N42_TX_QUEUE_DRAIN_CHUNK=8192 N42_ANSWER_LAYOUT_ONLY=1 N42_PULL_BY_FRAMES=1 N42_SF_PARALLEL_ENCODE=1 N42_BUILD_THROTTLE_HARD=80 N42_LIVE_INDEX_DEFER=1 RAYON_NUM_THREADS=16 TOKIO_WORKER_THREADS=16 N42_QMDB_READS=on N42_LEADER_LAYERS=3 N42_PERSIST_QMDB_IN_SCOPE=1 F7_BLOCK_INTERVAL_MS=60 F7_MEASURE_FROM_LOG=1
validator env: N42_IMPORT_ONCE=1 N42_SETTLEMENT_TAGS=legacy N42_BUILD_THROTTLE_SOFT=48 F7_EL_MAP=0,0,0,0,0,0,0 N42_FIELDS_AT_SEAL=1 N42_FRAME_BLOCKS=1 N42_TX_INGEST_RECOVER_PARALLEL=24 N42_PARALLEL_BUILD_THREADS=32 N42_PLAN_AHEAD=1 N42_HASHED_TABLES=off F7_FLOOD_RATE=6000000 N42_COMPACT_BODY=1 N42_ACCOUNT_HISTORY=off N42_TAKE_COMPACT=1 N42_SF_EARLY_WRITEBACK=1 N42_ROAD_RUNTIME=1 N42_TX_INGEST_HIGH_WATER=2500000 F7_BENCH_POOL_SLOTS=3000000 N42_TX_QUEUE_DRAIN_CHUNK=8192 N42_ANSWER_LAYOUT_ONLY=1 N42_PULL_BY_FRAMES=1 N42_SF_PARALLEL_ENCODE=1 N42_BUILD_THROTTLE_HARD=80 N42_LIVE_INDEX_DEFER=1 RAYON_NUM_THREADS=16 TOKIO_WORKER_THREADS=16 N42_QMDB_READS=on N42_LEADER_LAYERS=3 N42_PERSIST_QMDB_IN_SCOPE=1 F7_MEASURE_FROM_LOG=1
loop342DPROF once: start-up lines import_once=true 1; last direct-import counters 
loop342DPROF imports: layers=1 direct_imports=0 canonical_blocks=3995 import_once_lines=1 (per layer: direct imports should equal canonical blocks for one execution per block)
grep: /data/blockchain/rust-fleet7-bench/node1/el.log: No such file or directory
grep: /data/blockchain/rust-fleet7-bench/node2/el.log: No such file or directory
grep: /data/blockchain/rust-fleet7-bench/node3/el.log: No such file or directory
grep: /data/blockchain/rust-fleet7-bench/node1/el.log: No such file or directory
grep: /data/blockchain/rust-fleet7-bench/node2/el.log: No such file or directory
grep: /data/blockchain/rust-fleet7-bench/node3/el.log: No such file or directory
cat: /data/blockchain/rust-fleet7-bench/node2/el.log: No such file or directory
cat: /data/blockchain/rust-fleet7-bench/node2/el.log: No such file or directory
cat: /data/blockchain/rust-fleet7-bench/node2/el.log: No such file or directory
cat: /data/blockchain/rust-fleet7-bench/node1/el.log: No such file or directory
cat: /data/blockchain/rust-fleet7-bench/node2/el.log: No such file or directory
cat: /data/blockchain/rust-fleet7-bench/node3/el.log: No such file or directory
Traceback (most recent call last):
  File [35m"<stdin>"[0m, line [35m4[0m, in [35m<module>[0m
[1;35mIndexError[0m: [35mlist index out of range[0m
loop342DPROF no_variant=0 own_not_committed=0 tc=1 invalid_blocks=0 incomplete=0 gas_mismatch=0 direct_imports_failed=0 stuck_at_hashed_state=0 engine_idles_over_5s=1 proposals_given_up=0 tables_off_nodes=1 unanswered_reads=0 seal_first_total=1438 seal_first_direct=1438 direct_guard_errors=0 commit_ms_median=2 fold_ms_median=7 sealed_at_ms_median=61 state_ready_ms_median=97 build_total_ms_median=182 recover_us_median=0 par_exec_ms_median=22 par_exec_ms_median=22 giveback_filtered=0 giveback_offered_max=200000 seal_first=1438 reader_lag_max=9 reader_lag_warns=0 view_invalidated=0 el_sum_peak_g=40.6 el_max_peak_g=40.6 val_sum_peak_g=1.9 flood_peak_g=0.6 two_roads_blocks=0 two_roads_overlap_ms_median=- exec_on_output_declined=0 r1_collect_ms_median=5 proposal_at_ms_median=49 view_total_ms_median=61 import_exec_ms_median=- import_total_ms_median=- import_senders_ms_median=- import_convert_ms_median=- import_groups_median=- imports_over_600ms=0 min_avail_g=86.6 road_foreign_body_recv_ms=- road_foreign_body_decode_ms=- road_foreign_body_senders_ms=- road_foreign_body_parent_wait_ms=- road_foreign_body_check_ms=- road_foreign_body_total_ms=- road_new_payload_recv_ms=- road_new_payload_decode_ms=- road_new_payload_senders_ms=- road_new_payload_parent_wait_ms=- road_new_payload_check_ms=- road_new_payload_total_ms=- road_foreign_body_blocks=0 road_new_payload_blocks=0 fcu_answered=1838 fcu_in_flight_ms_median=0 fcu_queued_ms_median=0 fcu_queued_ms_max=65 fcu_refused=0 fcu_slow=1585 bodies_held=0 road_reuse_ms=- road_prepare_ms=- road_dispatch_ms=- road_convert_ms=- road_remember_ms=- road_header_ms=- road_fields_ms=- road_other_ms=- import_engine_ms_median=- gate_forced=0 gate_warns=0 flood_timeouts=0 canonical_min=4034 canonical_max=4034 chained_builds=2715 chain_lead_ms_median=33 chain_wait_ms_median=29 chain_started=2718 chain_discarded=2 chain_discard_reasons=_1_reason="no_,_1_reason="the_execution_layer_produced_nothing,_1_reason="the_request_names_another_parent chain_alias_warns=0 el_chained=2734 bodies_held_warns=0 el_build_refused=1 el_build_refused_reasons=_1_no_QMDB_tree_for_parent_block_0x queued_p5=2321500 queued_p50=2499000 road_compact_blocks=0 road_compact_recv_ms=- road_compact_assemble_ms=- road_compact_root_ms=- road_compact_miss_wait_ms=- road_compact_senders_ms=- road_compact_check_ms=- road_compact_other_ms=- road_compact_total_ms=- road_compact_misses_total= compact_refused_el=0 compact_fallbacks=0 compact_bytes_median=- pool_order9=13857 par_pull_ms_median=0 build_total_ms_median2=63 road_compact_filled_blocks=0 road_compact_filled_median=- road_compact_fill_ms_median=- need_txns=0 fill_failed=0 ingest_rate_gate_open_median=- ingest_gate_open_intervals=0 ingest_slots_busy_median=- flood_rate= fill_asked_proposer=0 fill_asked_other=0 loop_lines=2789 loop_unnamed_ms_median=48 loop_body_served_ms_median=- loop_txns_served_ms_median=- import_exec_ms_median2=- pip_partition_ms=- pip_env_ms=- pip_batch_ms=- pip_groups_ms=- pip_gas_ms=- pip_merge_ms=- pip_receipts_ms=- pip_drop_ms=- pip_other_ms=- pip_total_ms=- senders_indexed_median=- road_senders_ms_median=- road_total_ms_median=- pew_ms_median=- pew_ms_p90= gate_ms_median=- gate_ms_p90= root_ms_p50=- root_ms_p90= two_roads=0 not_on_output=0 not_on_output_why= ckpt_ms_first_q=2 ckpt_ms_last_q=42 ckpt_bytes_last=34320724 parent_still_importing=0 root_wait_ms_p50=- root_wait_ms_p90= tenures_low_seal=23 seal_first_share=1.0 empty_over_deep=0 near_empty_warns=0 no_seal_why= par_skipped_median=- usable_p5=2321500 ckpt_replay_ms_last_q=15 candidates_zero=0 dropped_ingest=0 let_go_warns=0 let_go_reasons= parked_p50=0 parked_max=0 held_warns=0 park_capped_total=0 superseded_builds=0 empty_not_superseded=0 mass_park_warns=0 heads_lines=0 holes_lines=0 stale_parent_refusals=0 par_groups_p5=0 cancelled_decided=1 heads_nonce0=0 stale_unconfirmed= handovers=0 el_panics=0 decided_cancelled=1 min_window_blocks=451 road_desc_blocks=0 road_desc_total_ms=- road_desc_copy_ms=- desc_misses=0 fill_failed2=0 sf_par_collect_ms=0 sf_par_commit_ms=2 sf_par_fold_ms=7 sf_par_graft_ms=0 sf_par_prefault_ms=0 sf_par_exec_ms=22 sf_sealed_at_ms=61 sf_roots_ms=38 sf_state_ready_ms=97 sf_total_ms=182 ba_find_ms=0 ba_queue_ms=3 ba_total_ms=63 ba_on_output=1437 queue_fold_us=0 queue_lock_us=1 sf_par_exec_ms=22 sf_par_fold_ms=7 pip_groups_ms=- import_exec_ms_median2=- reads_d0=0 reads_hist=0 f_reads_d0=- f_reads_hist=- f_overlay_depth=- L_read_set_ms=0 read_set_accounts=0 read_set_unresolved=0 read_set_hits=0 read_set_misses=0 start_best_ms=- par_prep_ms=- gap_before_exec_ms=- gap_after_exec_ms=- gap_before_seal_ms=- index_ms=- road_copy_aside_ms=- road_copy_wait_ms=- road_total_ms=- queue_first_miss=queue_first_miss=0:2546,queue_first_miss=18446744073709551615:1449 root_append_behind=0 populate_lag_mb=8 swap_used_g=0 root_faults=- root_faults_p90= root_faults_entries=0 root_faults_offsets=0 root_faults_index=0 root_faults_bits=0 root_faults_twigs=0 root_faults_undo=0 root_faults_tmp=0 root_append_faults=0 root_twig_pool_misses=0 batch_max_ms=14 batch_min_ms=1 batch_median_ms=9 batch_cpu_max_ms=13 batch_txs_max=3500 batch_txs_min=500 batch_start_skew_ms=11 batch_wait_ms=0 loop_fetch_ns=0 loop_check_ns=0 loop_transfer_ns=0 loop_receipt_ns=0 loop_gas_ns=0 loop_sink_ns=0 loop_other_ns=0 batch_setup_ns=0 batch_close_ns=0 imp_exec_part_ms=- imp_exec_batches_ms=- imp_exec_graft_ms=- imp_exec_batches=- imp_exec_threads=- imp_exec_batch_max_ms=- imp_exec_batch_median_ms=- imp_parent_output_wait_ms=- road_parent_output_wait_ms=- next_start_gap_ms=1 next_entry_gap_ms=0 commit_body_ahead_used=- imp_exec_keys_ms=- imp_keys_ahead=- imp_exec_sink_ms=- imp_exec_pre_ms=- imp_exec_post_ms=- imp_exec_receipts_ms=- imp_exec_drop_ms=- root_gap_ms=- queue_whole=queue_whole=false:2546,queue_whole=true:1449 tick_tick_late_us=956 tick_preamble_us=341 tick_take_sealed_us=1 tick_sign_us=0 tick_cache_us=0 tick_presealed=- tick_describe_us=10 tick_publish_us=598 tick_tick_to_send_us=1980 road_check_ms=- road_check_include_us=- road_check_scan_us=- road_check_fold_us=- road_check_senders_us=- road_check_frames_summarized=- road_check_frames_scanned=- imp_exec_start_gap_us=- imp_gap_road_us=- imp_gap_header_us=- imp_gap_senders_us=- imp_gap_parent_us=- imp_gap_setup_us=- imp_gap_keys_wait_us=- sealed_at_p90= sealed_over_130=0 roots_ms=- cycle_p90= batch_max_ms=- batch_median_ms=- imp_batch_max=- forest_lock_warns=2097 root_seal_ms=1 root_seals=39 root_majflt=9 roots_p90= gp_layer=1445 ggp_missing=25 state_wait_split=0/0/0/0:777,1/0/0/0:240,2/0/0/0:171 qmdb_releases=0 state_wait_on= imp_road_end_ms=- imp_exec_start_ms=- imp_exec_end_ms=- imp_root_end_ms=- imp_fields_ready_ms=- imp_parent_fields_wait_ms=- imp_exec_ms=- imp_root_ms=- imp_checks_ms=- imp_engine_ms=- imp_total_ms=- road_parent_fields_wait_ms=- exec_read_ms=0 L_exec_evm_ms=0 L_exec_write_ms=0 L_exec_other_ms=0 L_reads_cache=0 L_reads_provider=0 L_reads_view=0 L_graft_base_ms=0 L_graft_reserve_ms=0 L_graft_insert_ms=0 L_graft_reverts_ms=0 L_graft_other_ms=0 L_par_exec_ms=22 L_par_graft_ms=0 F_exec_read_ms=- F_exec_evm_ms=- F_exec_write_ms=- F_exec_other_ms=- F_reads_cache=- F_reads_provider=- F_reads_view=- F_groups_ms=- L_tx_root_wait_ms=0 L_par_exec_ms=22 L_par_graft_ms=0 L_par_fold_ms=7 L_sealed_ms=6 L_state_ready_ms=97 L_roots_ms=38 L_finish_ms=107 L_total_ms=182 L_setup_ms=0 L_par_pull_ms=0 L_give_back_ms=0 L_state_wait_ms=0 L_state_after_pull=1438 L_seal_at_exec=1438 L_tx_root_ahead=0 flood_w1=3137726 txs_p10=200000 acq_us=465 slots_busy=13 ingest_rate=3062633 L_scope_join_ms=0 L_par_release_ms=0 L_commit_body_ms=0 L_par_commit_ms=2 L_give_back_ms=0 L_sealed_ms=6 L_par_exec_ms=22 L_state_wait_ms=0 L_par_pull_ms=0 L_par_prep_ms=4 L_par_start_ms=4 L_pre_exec_ms=0 L_par_run_ms=25 L_sealed_at_ms=61 F_partition_ms=- F_env_ms=- F_groups_ms=- F_merge_ms=- F_reverts_wait_ms=- F_ahead_wait_ms=- F_total_ms=- I_engine_ms=- I_root_ms=- I_total_ms=- H_engine_remember_ms=- H_engine_listing_ms=- H_engine_new_payload_ms=- busy_us=1 L_par_start_ms=4 L_start_handoff_ms=3 L_start_best_ms=4 L_start_puller_ms=0 L_par_pull_ms=0 L_par_prep_ms=4 L_state_wait_ms=0 L_par_exec_ms=22 L_par_commit_ms=2 L_sealed_ms=6 L_sealed_at_ms=61 L_par_graft_ms=0 L_graft_insert_ms=0 L_graft_reverts_ms=0 L_graft_split_us=0 L_graft_build_us=0 L_graft_merge_us=0 L_state_ready_ms=97 Q_queue_ms=0 R_dispatch_wait_ms=- R_total_ms=- R_road_runtime=1 gate_holds=0 peer_fetch=0 pool_limit=limit=4 gate_opened=gate_opened_for_block=0 I_root_ms=- flood_rate_hdr=rate=6000000/s fills=0 fill_waited=- slots_busy=13 acq_us=465 busy_us=1 converged=0 fallbacks=0 busy_us=1 recover_us=0 tf_on_output=3 tf_fallback=0 still_importing=0 busy_us=1 slots_busy=13 batches=altsig_txs=0 altsig_batches=0 tf_on_output=3 tf_fallback=0 gate_holds=0 sign_s=sign 0s replay_note=replay       : 64 files from /data/n42-pregen/g900000-400m, 400000000 transactio sign_s=sign 0s shard=shard_verified=0 shard_claimed=0 road_verified=- slots_busy=13 gate_us=7301 reply_us=7865 queued=2499000 assemble_ms=- road_take_ms=- road_body_ms=- road_encode_ms=- shards=16 shard_insert_ms=0 shard_wait_ms=0 shard_fold_ms=13 shard_append_ms=16 shard_merge_ms=54 state_ready_ms=97 roots_ms=38 exec_read_ms=0 exec_evm_ms=0 exec_write_ms=0 exec_other_ms=0 reads_cache=0 reads_provider=0 reads_view=0 par_run_ms=25 fold_task_cpu_max_us=13180 fold_task_minflt_max=65 fold_task_minflt_sum=65 fold_task_migrated=0 fold_task_nivcsw_max=0 fold_index=1 fold_index_build_ms=13 fold_index_conflicts=8146 fold_queue_us=25 fold_skew_us=49 fold_task_max_us=13179 fold_tail_us=22 start_best_ms=4 start_select_ms=0 start_walk_ms=0 start_walk_check_ms=0 start_best_other_ms=0 start_frames_by_ref=0 start_frames_slow=0 start_pull_ms=0 start_other_ms=0 start_handoff_ms=3 par_start_ms=4 par_prep_ms=4 par_commit_ms=2 commit_body_ms=0 par_fold_ms=7 sealed_ms=6 copy_ms=- prune_ms=0 frames=- frames_missing=- frame_root_ms=- root_ms=- frames_admitted=frames_admitted=574416 frames_unaligned=0 frame_root_indexed=- seal_layout_ms=0 seal_root_ms=0 attested= busy_us=1 slots_busy=13 reply_us=7865 prune_ms=0 body_refused=0 body_failed_late=0
loop342DPROF win1 tps=3,160,000 txs=94,800,000 blocks= 474 cycle=0.063s occupancy=100.0% full(>=95%)=474/474 basefee=n/a (from the layer's log)
loop342DPROF win2 tps=3,080,000 txs=92,400,000 blocks= 462 cycle=0.065s occupancy=100.0% full(>=95%)=462/462 basefee=n/a (from the layer's log)
loop342DPROF win3 tps=3,006,667 txs=90,200,000 blocks= 451 cycle=0.067s occupancy=100.0% full(>=95%)=451/451 basefee=n/a (from the layer's log)
loop342DPROF tps=3,160,000 round_txs=277400000 cycles_w1=
loop342DPROF imp_fields_p90= b_p75=20
loop342DPROF overlay: filter_skips=0 probes=0 ratio=- (ratio = skips/(skips+probes))
loop342DPROF overlay_manager:       1 state_trie_overlay=false  state-ovly_cpu=0
loop342DPROF verify: written to /data/blockchain/rust-fleet7-bench/bench-loop342DPROF/verify.json
== loop342DPROF  (E=1: seven validator keys on one execution layer)
  window 1: canonical 474 blocks, 94.8M tx = 3,160,000/s (100.0% of window 1), full 473/474 (100%); cycle mean/median/p90 63.3/61.5/68.7 ms
    leader builds 474: sealed_at median/p90/p99 60/73/89; phases median/p90 ms: gap_before_exec 2/5, state_wait 0/4, par 60/74, par_exec 22/28, roots 37/48, parent_fields 0/7, sealed 6/15
    state_wait_on {'output': 204, 'none': 259, 'open': 11}; builds with state_wait > 20 ms: 0 ([]); gp_layer {1.0: 474}, ggp_missing {0.0: 474}
    queue at the builds min/median 1,522,500/2,517,000
    new field batch_cpu_sum_us: median/p90/max 553067.0/672531.0/1599255, nonzero 474
    new field batch_dispatch_us: median/p90/max 29.0/70.0/2131, nonzero 474
    new field batch_first_start_us: median/p90/max 18.0/30.0/50, nonzero 474
    new field batch_ivcsw: median/p90/max 0.0/4.0/29, nonzero 165
    new field batch_last_end_us: median/p90/max 22074.0/27689.0/66002, nonzero 474
    new field batch_last_start_us: median/p90/max 11382.5/14256.0/44864, nonzero 474
    new field batch_live_deferred: median/p90/max 36.0/41.0/46, nonzero 474
    new field batch_live_lock_hold_us: median/p90/max 7897.0/9794.0/12910, nonzero 474
    new field batch_live_lock_wait_us: median/p90/max 0.0/0.0/0, nonzero 0
    new field batch_live_lock_waits: median/p90/max 0.0/0.0/0, nonzero 0
    new field batch_majflt: median/p90/max 0.0/0.0/0, nonzero 0
    new field batch_minflt: median/p90/max 664.0/4998.0/11269, nonzero 474
    new field batch_open_max_us: median/p90/max 437.0/508.0/3347, nonzero 474
    new field batch_open_sum_us: median/p90/max 11653.0/13714.0/18828, nonzero 474
    new field batch_threads: median/p90/max 32.0/32.0/32, nonzero 474
    new field batch_vcsw: median/p90/max 189.0/435.0/894, nonzero 474
    new field batch_view_index_wait_us: median/p90/max 0.0/14840.0/51408, nonzero 83
    new field batch_view_index_waits: median/p90/max 0.0/220.0/607, nonzero 83
    new field batch_view_slot_wait_us: median/p90/max 0.0/1020.0/4248, nonzero 93
    new field batch_view_slot_waits: median/p90/max 0.0/33.0/133, nonzero 93
    new field batch_wall_sum_us: median/p90/max 559254.5/677774.0/1605283, nonzero 474
    new field batches: median/p90/max 58.0/58.0/58, nonzero 474
    new field live_index_defer: {'true': 474}
    new field one_wave: {'false': 474}
    new field open_engine_us: median/p90/max 0.0/0.0/0, nonzero 0
    new field open_fallback: {'false': 474}
    new field open_keep_us: median/p90/max 4.0/5.0/14, nonzero 474
    new field open_layers: median/p90/max 3.0/3.0/3, nonzero 474
    new field open_provider_us: median/p90/max 103.0/150.0/450, nonzero 474
    new field plan_age_us: median/p90/max 53706.5/68108.0/94325, nonzero 474
    new field plan_ahead: median/p90/max 1.0/1.0/2, nonzero 474
    new field plan_discard: {'': 474}
    new field plan_prep_us: median/p90/max 7344.5/9660.0/20882, nonzero 474
    new field plan_topup_txs: median/p90/max 0.0/0.0/81000, nonzero 1
    new field prev_seal_to_answer_us: median/p90/max 1366.0/2584.0/4309, nonzero 474
    new field prev_seal_to_entry_us: median/p90/max 0.0/0.0/0, nonzero 0
    new field prev_seal_to_header_us: median/p90/max 156.0/228.0/412, nonzero 474
    new field prev_seal_to_import_us: median/p90/max 106155.0/126295.0/142936, nonzero 474
    new field prev_seal_to_request_us: median/p90/max 867.0/1019.0/1587, nonzero 474
    new field prev_seal_to_start_us: median/p90/max 1122.5/1327.0/2117, nonzero 474
    new field pull_bulk_txs: median/p90/max 200000.0/200000.0/200000, nonzero 474
    new field pull_bulk_us: median/p90/max 768.0/970.0/3405, nonzero 474
    new field root_apply_total_us: median/p90/max 22809.5/28914.0/42376, nonzero 474
    new field root_delta_us: median/p90/max 1111.0/4463.0/8301, nonzero 474
    new field root_index_us: median/p90/max 2816.5/6899.0/12109, nonzero 474
    new field root_leaves_us: median/p90/max 6703.0/12602.0/23449, nonzero 474
    new field root_note_us: median/p90/max 148.5/228.0/1422, nonzero 474
    new field root_rehash_us: median/p90/max 1393.5/1840.0/8275, nonzero 474
    new field root_retire_us: median/p90/max 1652.0/2457.0/6023, nonzero 474
    new field root_sort_us: median/p90/max 79.0/153.0/2106, nonzero 474
    new field root_writes_us: median/p90/max 6701.0/9642.0/21943, nonzero 474
    new field sealed_unix_us: median/p90/max 1791263581074368.0/1791263592968778.0/1791263595894279, nonzero 474
    new field start_walk_check_us: median/p90/max 0.0/0.0/637, nonzero 1
    new field start_walk_ids_us: median/p90/max 0.0/0.0/154, nonzero 1
    new field start_walk_settle_us: median/p90/max 0.0/0.0/0, nonzero 0
    new field start_walk_us: median/p90/max 0.0/0.0/3095, nonzero 1
    new field state_wait_us: median/p90/max 820.0/4197.0/12527, nonzero 474
    new field view_journal_reads: median/p90/max 0.0/69632.0/147456, nonzero 229
    new field view_journal_searches: median/p90/max 0.0/188857.0/418689, nonzero 229
    new field view_journal_skips: median/p90/max 0.0/0.0/0, nonzero 0
    binding wait (tick / quorum / seal share, mean cycle): tick 93% (62); quorum 0%; seal 7% (76); feed-bound (blocks under 95% of the tier): 1 of 474
    slowest key vote delay median/p90 26.9/49.3 ms
    engine own-import total_ms per block median/p90/max 35/55/75 (n=474)
    layer RSS 4.8 -> 26.9 G (max 26.9), in-memory blocks max 11
    execution layer cores busy 36.1    validators cores busy 1.2
    flood delivered (median per 5 s over the leg) 3,112,926/s
  window 2: canonical 463 blocks, 92.6M tx = 3,086,667/s (97.7% of window 1), full 463/463 (100%); cycle mean/median/p90 63.1/61.5/67.6 ms
    leader builds 463: sealed_at median/p90/p99 61/74/95; phases median/p90 ms: gap_before_exec 2/6, state_wait 0/4, par 60/75, par_exec 22/27, roots 38/49, parent_fields 0/10, sealed 6/17
    state_wait_on {'output': 184, 'none': 256, 'open': 4, 'grandparent': 18, 'provider_open': 1}; builds with state_wait > 20 ms: 15 ([('grandparent', 15)]); gp_layer {1.0: 463}, ggp_missing {0.0: 444, 1.0: 19}
    queue at the builds min/median 1,999,000/2,511,000
    new field batch_cpu_sum_us: median/p90/max 526037.0/649771.0/1564515, nonzero 463
    new field batch_dispatch_us: median/p90/max 30.0/68.0/984, nonzero 463
    new field batch_first_start_us: median/p90/max 18.0/29.0/45, nonzero 463
    new field batch_ivcsw: median/p90/max 0.0/4.0/31, nonzero 185
    new field batch_last_end_us: median/p90/max 21399.0/26824.0/55885, nonzero 463
    new field batch_last_start_us: median/p90/max 10793.0/13618.0/44358, nonzero 463
    new field batch_live_deferred: median/p90/max 36.0/41.0/89, nonzero 463
    new field batch_live_lock_hold_us: median/p90/max 7882.0/9806.0/13988, nonzero 463
    new field batch_live_lock_wait_us: median/p90/max 0.0/0.0/0, nonzero 0
    new field batch_live_lock_waits: median/p90/max 0.0/0.0/0, nonzero 0
    new field batch_majflt: median/p90/max 0.0/0.0/0, nonzero 0
    new field batch_minflt: median/p90/max 756.0/6216.0/15555, nonzero 463
    new field batch_open_max_us: median/p90/max 428.0/498.0/4007, nonzero 463
    new field batch_open_sum_us: median/p90/max 11386.0/13393.0/18409, nonzero 463
    new field batch_threads: median/p90/max 32.0/32.0/32, nonzero 463
    new field batch_vcsw: median/p90/max 183.0/404.0/834, nonzero 463
    new field batch_view_index_wait_us: median/p90/max 0.0/14520.0/54593, nonzero 80
    new field batch_view_index_waits: median/p90/max 0.0/202.0/590, nonzero 80
    new field batch_view_slot_wait_us: median/p90/max 0.0/1388.0/3695, nonzero 88
    new field batch_view_slot_waits: median/p90/max 0.0/29.0/93, nonzero 88
    new field batch_wall_sum_us: median/p90/max 530793.0/653689.0/1566091, nonzero 463
    new field batches: median/p90/max 58.0/58.0/58, nonzero 463
    new field live_index_defer: {'true': 463}
    new field one_wave: {'false': 463}
    new field open_engine_us: median/p90/max 0.0/0.0/46951, nonzero 19
    new field open_fallback: {'false': 444, 'true': 19}
    new field open_keep_us: median/p90/max 4.0/5.0/9, nonzero 463
    new field open_layers: median/p90/max 3.0/3.0/3, nonzero 463
    new field open_provider_us: median/p90/max 104.0/149.0/2782, nonzero 463
    new field plan_age_us: median/p90/max 55113.0/68539.0/97012, nonzero 462
    new field plan_ahead: median/p90/max 1.0/1.0/1, nonzero 462
    new field plan_discard: {'': 462, 'not_on_its_parent': 1}
    new field plan_prep_us: median/p90/max 7584.0/9486.0/21980, nonzero 462
    new field plan_topup_txs: median/p90/max 0.0/0.0/0, nonzero 0
    new field prev_seal_to_answer_us: median/p90/max 1404.0/2682.0/5050, nonzero 463
    new field prev_seal_to_entry_us: median/p90/max 0.0/0.0/0, nonzero 0
    new field prev_seal_to_header_us: median/p90/max 157.0/234.0/426, nonzero 463
    new field prev_seal_to_import_us: median/p90/max 118196.0/136409.0/170210, nonzero 455
    new field prev_seal_to_request_us: median/p90/max 878.0/1083.0/87630, nonzero 463
    new field prev_seal_to_start_us: median/p90/max 1141.0/1338.0/87872, nonzero 463
    new field pull_bulk_txs: median/p90/max 200000.0/200000.0/200000, nonzero 463
    new field pull_bulk_us: median/p90/max 787.0/1099.0/5229, nonzero 463
    new field root_apply_total_us: median/p90/max 24005.0/30472.0/49299, nonzero 463
    new field root_delta_us: median/p90/max 1081.0/3973.0/11524, nonzero 463
    new field root_index_us: median/p90/max 3142.0/7616.0/14411, nonzero 463
    new field root_leaves_us: median/p90/max 6852.0/13246.0/25965, nonzero 463
    new field root_note_us: median/p90/max 141.0/212.0/987, nonzero 463
    new field root_rehash_us: median/p90/max 1977.0/5244.0/15813, nonzero 463
    new field root_retire_us: median/p90/max 1677.0/2285.0/6173, nonzero 463
    new field root_sort_us: median/p90/max 80.0/125.0/979, nonzero 463
    new field root_writes_us: median/p90/max 6846.0/9415.0/20512, nonzero 463
    new field sealed_unix_us: median/p90/max 1791263610828324.0/1791263622866959.0/1791263625880130, nonzero 463
    new field start_walk_check_us: median/p90/max 0.0/0.0/107, nonzero 1
    new field start_walk_ids_us: median/p90/max 0.0/0.0/408, nonzero 1
    new field start_walk_settle_us: median/p90/max 0.0/0.0/0, nonzero 0
    new field start_walk_us: median/p90/max 0.0/0.0/4039, nonzero 1
    new field state_wait_us: median/p90/max 736.0/4615.0/48811, nonzero 463
    new field view_journal_reads: median/p90/max 0.0/65536.0/135168, nonzero 216
    new field view_journal_searches: median/p90/max 0.0/183925.0/358292, nonzero 216
    new field view_journal_skips: median/p90/max 0.0/0.0/0, nonzero 0
    binding wait (tick / quorum / seal share, mean cycle): tick 93% (63); quorum 0%; seal 7% (67); feed-bound (blocks under 95% of the tier): 0 of 463
    slowest key vote delay median/p90 35.4/52.9 ms
    engine own-import total_ms per block median/p90/max 45/67/95 (n=462)
    layer RSS 25.9 -> 34.1 G (max 34.1), in-memory blocks max 10
    execution layer cores busy 34.8    validators cores busy 1.2
  window 3: canonical 451 blocks, 90.2M tx = 3,006,667/s (95.1% of window 1), full 451/451 (100%); cycle -
    leader builds 451: sealed_at median/p90/p99 62/79/93; phases median/p90 ms: gap_before_exec 3/5, state_wait 1/4, par 64/80, par_exec 22/29, roots 41/57, parent_fields 0/15, sealed 7/22
    state_wait_on {'none': 211, 'open': 11, 'output': 223, 'grandparent': 6}; builds with state_wait > 20 ms: 3 ([('grandparent', 3)]); gp_layer {1.0: 451}, ggp_missing {0.0: 445, 1.0: 6}
    queue at the builds min/median 2,219,000/2,520,000
    new field batch_cpu_sum_us: median/p90/max 547017.0/671653.0/1442499, nonzero 451
    new field batch_dispatch_us: median/p90/max 28.0/62.0/956, nonzero 451
    new field batch_first_start_us: median/p90/max 17.0/27.0/59, nonzero 451
    new field batch_ivcsw: median/p90/max 0.0/5.0/22, nonzero 173
    new field batch_last_end_us: median/p90/max 22194.0/28579.0/66584, nonzero 451
    new field batch_last_start_us: median/p90/max 11468.0/14239.0/40944, nonzero 451
    new field batch_live_deferred: median/p90/max 36.0/41.0/187, nonzero 451
    new field batch_live_lock_hold_us: median/p90/max 8407.0/10802.0/42208, nonzero 451
    new field batch_live_lock_wait_us: median/p90/max 0.0/0.0/0, nonzero 0
    new field batch_live_lock_waits: median/p90/max 0.0/0.0/0, nonzero 0
    new field batch_majflt: median/p90/max 0.0/0.0/8, nonzero 3
    new field batch_minflt: median/p90/max 789.0/6949.0/26000, nonzero 451
    new field batch_open_max_us: median/p90/max 445.0/504.0/1325, nonzero 451
    new field batch_open_sum_us: median/p90/max 11965.0/13684.0/16960, nonzero 451
    new field batch_threads: median/p90/max 32.0/32.0/32, nonzero 451
    new field batch_vcsw: median/p90/max 191.0/481.0/848, nonzero 451
    new field batch_view_index_wait_us: median/p90/max 0.0/18163.0/48755, nonzero 91
    new field batch_view_index_waits: median/p90/max 0.0/247.0/595, nonzero 91
    new field batch_view_slot_wait_us: median/p90/max 0.0/1237.0/2979, nonzero 97
    new field batch_view_slot_waits: median/p90/max 0.0/36.0/84, nonzero 97
    new field batch_wall_sum_us: median/p90/max 553889.0/683069.0/1443749, nonzero 451
    new field batches: median/p90/max 58.0/58.0/58, nonzero 451
    new field live_index_defer: {'true': 451}
    new field one_wave: {'false': 451}
    new field open_engine_us: median/p90/max 0.0/0.0/30884, nonzero 6
    new field open_fallback: {'false': 445, 'true': 6}
    new field open_keep_us: median/p90/max 4.0/5.0/26, nonzero 451
    new field open_layers: median/p90/max 3.0/3.0/3, nonzero 451
    new field open_provider_us: median/p90/max 105.0/149.0/605, nonzero 451
    new field plan_age_us: median/p90/max 57205.0/72131.0/149641, nonzero 451
    new field plan_ahead: median/p90/max 1.0/1.0/1, nonzero 451
    new field plan_discard: {'': 451}
    new field plan_prep_us: median/p90/max 7170.0/9326.0/36508, nonzero 451
    new field plan_topup_txs: median/p90/max 0.0/0.0/0, nonzero 0
    new field prev_seal_to_answer_us: median/p90/max 1379.0/2511.0/4485, nonzero 451
    new field prev_seal_to_entry_us: median/p90/max 0.0/0.0/0, nonzero 0
    new field prev_seal_to_header_us: median/p90/max 158.0/241.0/552, nonzero 451
    new field prev_seal_to_import_us: median/p90/max 118293.0/138960.0/187678, nonzero 450
    new field prev_seal_to_request_us: median/p90/max 885.0/1085.0/97551, nonzero 451
    new field prev_seal_to_start_us: median/p90/max 1170.0/1461.0/97779, nonzero 451
    new field pull_bulk_txs: median/p90/max 200000.0/200000.0/200000, nonzero 451
    new field pull_bulk_us: median/p90/max 773.0/1013.0/6355, nonzero 451
    new field root_apply_total_us: median/p90/max 25860.0/32760.0/51728, nonzero 451
    new field root_delta_us: median/p90/max 1089.0/3256.0/8642, nonzero 451
    new field root_index_us: median/p90/max 3458.0/8381.0/17482, nonzero 451
    new field root_leaves_us: median/p90/max 7100.0/14569.0/28450, nonzero 451
    new field root_note_us: median/p90/max 130.0/184.0/1846, nonzero 451
    new field root_rehash_us: median/p90/max 2618.0/5877.0/12953, nonzero 451
    new field root_retire_us: median/p90/max 1665.0/2377.0/11054, nonzero 451
    new field root_sort_us: median/p90/max 79.0/129.0/867, nonzero 451
    new field root_writes_us: median/p90/max 6636.0/9087.0/37012, nonzero 451
    new field sealed_unix_us: median/p90/max 1791263641030820.0/1791263652869217.0/1791263655837311, nonzero 451
    new field start_walk_check_us: median/p90/max 0.0/0.0/0, nonzero 0
    new field start_walk_ids_us: median/p90/max 0.0/0.0/0, nonzero 0
    new field start_walk_settle_us: median/p90/max 0.0/0.0/0, nonzero 0
    new field start_walk_us: median/p90/max 0.0/0.0/0, nonzero 0
    new field state_wait_us: median/p90/max 1279.0/4136.0/36198, nonzero 451
    new field view_journal_reads: median/p90/max 4096.0/69632.0/143360, nonzero 227
    new field view_journal_searches: median/p90/max 8370.0/195344.0/512958, nonzero 227
    new field view_journal_skips: median/p90/max 0.0/0.0/0, nonzero 0
    engine own-import total_ms per block median/p90/max 38/62/98 (n=451)
    layer RSS 33.2 -> 41.0 G (max 41.0), in-memory blocks max 10
    execution layer cores busy 34.7    validators cores busy 1.2
  round total (3 windows, canonical): 277.6M tx
  layer peak RSS 41.0 G; in-memory blocks max 11
  fields at seal: mode "early", verified 0, unchecked 0, mismatches 0 (last build line, cumulative)
  own_executed_again (built here and also directly imported): 0 of 1437 built blocks
== loop342DPROF
  layer-0 leader window-1 builds 475: txs mean 200000, share >= 95% of the tier 100% (max 200000); sealed_at_ms 60.0/73.0; par_ms 60.0/74.0; par_exec_ms 22.0/28.0; roots_ms 37.0/48.0; parent_fields_ms 0.0/7.0; sealed_ms 6.0/15.0
  proposal cycle window 1 (n=490): mean 63.3 median 61.5 p90 68.7 ms; blocks in the 30 s: 490
  binding wait (tick / quorum / seal, share and mean cycle): tick 92.6% (62.2); quorum 0%; seal 7.4% (76.3)
  vote delay after the proposal, slowest key per block: median 27.0 p90 49.3 ms (slowest minus the median key: median 0.2); last key: {1: 72, 2: 60, 3: 55, 4: 109, 5: 98, 6: 80} of 474 blocks
  CPU in window 1 (cores busy): execution layers 36.1 over 1 process(es); validators 1.2 over 7 process(es)
  execution layer peak RSS 41.0 G; in-memory blocks max 11 (node0 and others, all layers)
  blocks built here 1437; none also directly imported
  import-once counters at the last direct import: ; start-up lines with import_once=true: 1; queue-lock lines 0
  layer-0 queue (queued after canonical prune), median per 10 s: t+0:2493000 t+20:2505000 t+40:2495500 t+60:2491000 t+80:2513000
  flood: median per 5 s 3112926/s, final -
  timeout / given-up lines: 1; 05:12:17 v0 INFO process_event{view=1 kind="message"}: n42::cl::timeout: TC formed
loop342DPROF page_faults_per_s_median: node0=155061 
feedcheck loop342DPROF: ok (block 200,000 tx)
== loop342DPROF: feed check (acq_us / gate_us / reply_us are per frame of 500; rate per 5 s `ingest` line)
  window 1: ingest lines 6; acq_us 467 (max 1291); gate_us 7092; reply_us 7650; slots_busy 13%; delivered median 3,195,768/s max 3,228,913/s; queue at builds median 2,517,000 min 1,522,500; full 100% of 474 blocks
  window 2: ingest lines 6; acq_us 465 (max 581); gate_us 7228; reply_us 7790; slots_busy 13%; delivered median 3,087,108/s max 3,193,159/s; queue at builds median 2,511,000 min 1,999,000; full 100% of 463 blocks
  window 3: ingest lines 6; acq_us 464 (max 473); gate_us 7608; reply_us 8170; slots_busy 13%; delivered median 3,015,371/s max 3,079,618/s; queue at builds median 2,520,000 min 2,219,000; full 100% of 451 blocks
  flood.log (+15..+100 s): rate per 5 s median 3,069,976/s max 3,219,616/s; reply latency median 62.4 ms max 65.3 ms
== loop342DPROF: lanes lock, drain and pruner (new fields)
  window 1: lock duty 60.0% (max 65.0); holds/5s 2,062; longest hold 24.91 ms median, 26.69 ms max by crates/n42/tx-queue/src/lib.rs:1990 (most frequent holders [('crates/n42/tx-queue/src/lib.rs:1990', 6)]); lock wait 1971.1 ms/5s, longest 27.86 ms; drains/5s 801 of 19909 tx, mean 1569 us, max 17.82 ms
           prune (473 blocks): prune_ms 32/44; fold 0.6 ms, lock 0.0 ms, remove(hold) 9.6 ms, free 0.0 ms; frames_swept 400; coalesced on 473 of 473; prune_wait_ms 0/0; pruner busy 50% of a thread, lock held by it 1.4%
  window 2: lock duty 62.0% (max 63.0); holds/5s 1,974; longest hold 27.93 ms median, 35.41 ms max by crates/n42/tx-queue/src/lib.rs:1990 (most frequent holders [('crates/n42/tx-queue/src/lib.rs:1990', 6)]); lock wait 2166.2 ms/5s, longest 30.16 ms; drains/5s 784 of 19697 tx, mean 1706 us, max 20.58 ms
           prune (451 blocks): prune_ms 34/47; fold 0.6 ms, lock 0.0 ms, remove(hold) 11.0 ms, free 0.0 ms; frames_swept 400; coalesced on 451 of 451; prune_wait_ms 0/0; pruner busy 52% of a thread, lock held by it 1.5%
  window 3: lock duty 57.0% (max 60.0); holds/5s 2,006; longest hold 25.97 ms median, 33.62 ms max by crates/n42/tx-queue/src/lib.rs:1990 (most frequent holders [('crates/n42/tx-queue/src/lib.rs:1990', 6)]); lock wait 1993.1 ms/5s, longest 33.63 ms; drains/5s 808 of 18688 tx, mean 1592 us, max 21.95 ms
           prune (446 blocks): prune_ms 32/44; fold 0.5 ms, lock 0.0 ms, remove(hold) 11.3 ms, free 0.0 ms; frames_swept 400; coalesced on 446 of 446; prune_wait_ms 0/0; pruner busy 47% of a thread, lock held by it 0.9%
== loop342DPROF: pruner (per block; busy = sum prune_ms / 30 s, lock = sum (remove_us + settle_us) / 30 s)
  window 1: 473 prunes; prune_ms 32/44; remove_us 9.6/19.4 ms; forget_us 3.0/4.5 ms; settle_us 3.0 ms; pruner busy 50% of a worker; lanes lock held for removal 23%
  window 2: 451 prunes; prune_ms 34/47; remove_us 11.0/20.3 ms; forget_us 3.1/4.8 ms; settle_us 3.2 ms; pruner busy 52% of a worker; lanes lock held for removal 24%
  window 3: 446 prunes; prune_ms 32/44; remove_us 11.3/21.1 ms; forget_us 2.9/4.7 ms; settle_us 2.7 ms; pruner busy 47% of a worker; lanes lock held for removal 23%
== loop342DPROF: seal start / pull, prepared plan, answer, chunked drain
  window 1: 474 builds; start_best_ms 4/9; start_walk_us 0/0; start_pull_ms 0/0; par_pull_ms 0/0; par_start_ms 4/9; par_ms 60/74; sealed_at_ms 60/73; pull_bulk_us 768/970; pull_bulk_txs 200000/200000; plan_age_us 53706/68108; plan_prep_us 7344/9660; plan_topup_txs 0/0
           plan_ahead {'2': 1, '1': 473}; plan_discard {'': 474}
           answer: built-ahead bytes median/max 15,243/15,245, layout_only {'true': 475}; proposal sent bytes median/max 15,243/15,245, layout_only {'true': 475}
           drain: chunks/5s 644, chunk max 8,192 tx, finished by others/5s 54; plan_discards (last ingest line) -
  window 2: 463 builds; start_best_ms 4/11; start_walk_us 0/0; start_pull_ms 0/0; par_pull_ms 0/0; par_start_ms 4/11; par_ms 60/75; sealed_at_ms 61/74; pull_bulk_us 787/1099; pull_bulk_txs 200000/200000; plan_age_us 55113/68539; plan_prep_us 7584/9486; plan_topup_txs 0/0
           plan_ahead {'1': 462, '0': 1}; plan_discard {'': 462, 'not_on_its_parent': 1}
           answer: built-ahead bytes median/max 15,245/15,245, layout_only {'true': 463}; proposal sent bytes median/max 15,245/15,245, layout_only {'true': 462}
           drain: chunks/5s 628, chunk max 8,192 tx, finished by others/5s 50; plan_discards (last ingest line) -
  window 3: 451 builds; start_best_ms 3/8; start_walk_us 0/0; start_pull_ms 0/0; par_pull_ms 0/0; par_start_ms 3/8; par_ms 64/80; sealed_at_ms 62/79; pull_bulk_us 773/1013; pull_bulk_txs 200000/200000; plan_age_us 57205/72131; plan_prep_us 7170/9326; plan_topup_txs 0/0
           plan_ahead {'1': 451}; plan_discard {'': 451}
           answer: built-ahead bytes median/max 15,245/15,245, layout_only {'true': 451}; proposal sent bytes median/max 15,245/15,245, layout_only {'true': 451}
           drain: chunks/5s 680, chunk max 8,192 tx, finished by others/5s 52; plan_discards (last ingest line) -
== loop342DPROF: persistence per window (ms per block = part sum / blocks persisted)
  window 1: persisted 471 of 474 produced (99%); total 31.4, sf_tx 28.2, sf_rcpt 6.3, sf_acct 13.7, sf_send 11.1, scope 28.4, qmdb 14.7, post 0.0, pre 3.0, plain_rev 3.0, commit_sf 0.6, commit_mdbx 0.1, commit_rocks 0.0; longest task sf_tx 28.2; in-memory 7 -> 7 (max 11); RSS 4.8 -> 25.9 G; lag 8 -> 8 = +1.0 blocks/min; bp max 0
  window 2: persisted 463 of 463 produced (100%); total 33.3, sf_tx 29.9, sf_rcpt 6.4, sf_acct 14.0, sf_send 11.4, scope 29.9, qmdb 15.3, post 0.0, pre 3.3, plain_rev 3.3, commit_sf 0.7, commit_mdbx 0.1, commit_rocks 0.1; longest task sf_tx 29.9; in-memory 7 -> 10 (max 10); RSS 25.9 -> 33.2 G; lag 8 -> 9 = +2.0 blocks/min; bp max 0
  window 3: persisted 452 of 451 produced (100%); total 35.8, sf_tx 31.7, sf_rcpt 6.7, sf_acct 13.8, sf_send 10.8, scope 31.8, qmdb 16.4, post 0.0, pre 3.9, plain_rev 3.9, commit_sf 1.1, commit_mdbx 0.2, commit_rocks 0.1; longest task sf_tx 31.7; in-memory 10 -> 7 (max 10); RSS 33.2 -> 40.4 G; lag 9 -> 9 = +0.0 blocks/min; bp max 0
  leg end: in-memory 7, max over the sampler 11, backpressure stalls 0
== loop342DPROF: execution and root fields (median / p90 per block)
  window 1 (474 builds): on-CPU share 1.00/1.00; CPU per transfer 2.77/3.36 us; par_exec_ms 22/28; batch_max_ms 14/19; batch_median_ms 9/11; batch_vcsw 189/435; batch_ivcsw 0/4; batch_minflt 664/4,998; batch_majflt 0/0; batch_live_lock_waits 0/0; batch_live_lock_wait_us 0/0; batch_live_lock_hold_us 7,897/9,794; batch_live_deferred 36/41; shard_append_ms 17/21; shard_fold_ms 13/20; shard_wait_ms 0/0; batch_view_slot_waits 0/33; batch_view_slot_wait_us 0/1,020; batch_view_index_waits 0/220; batch_view_index_wait_us 0/14,840; batch_open_sum_us 11,653/13,714; batch_open_max_us 437/508; roots_ms 37/48; seal_to_fields_us 52,030/63,006; sealed_at_ms 60/73
  window 2 (463 builds): on-CPU share 1.00/1.00; CPU per transfer 2.63/3.25 us; par_exec_ms 22/27; batch_max_ms 13/18; batch_median_ms 9/11; batch_vcsw 183/404; batch_ivcsw 0/4; batch_minflt 756/6,216; batch_majflt 0/0; batch_live_lock_waits 0/0; batch_live_lock_wait_us 0/0; batch_live_lock_hold_us 7,882/9,806; batch_live_deferred 36/41; shard_append_ms 16/20; shard_fold_ms 13/19; shard_wait_ms 0/0; batch_view_slot_waits 0/29; batch_view_slot_wait_us 0/1,388; batch_view_index_waits 0/202; batch_view_index_wait_us 0/14,520; batch_open_sum_us 11,386/13,393; batch_open_max_us 428/498; roots_ms 38/49; seal_to_fields_us 53,981/65,026; sealed_at_ms 61/74
  window 3 (451 builds): on-CPU share 1.00/1.00; CPU per transfer 2.74/3.36 us; par_exec_ms 22/29; batch_max_ms 14/19; batch_median_ms 9/11; batch_vcsw 191/481; batch_ivcsw 0/5; batch_minflt 789/6,949; batch_majflt 0/0; batch_live_lock_waits 0/0; batch_live_lock_wait_us 0/0; batch_live_lock_hold_us 8,407/10,802; batch_live_deferred 36/41; shard_append_ms 16/21; shard_fold_ms 14/19; shard_wait_ms 0/0; batch_view_slot_waits 0/36; batch_view_slot_wait_us 0/1,237; batch_view_index_waits 0/247; batch_view_index_wait_us 0/18,163; batch_open_sum_us 11,965/13,684; batch_open_max_us 445/504; roots_ms 41/57; seal_to_fields_us 56,094/72,407; sealed_at_ms 62/79
flood span 95 s; tokio-rt threads alive throughout 34 of 67; group 10.0 cores busy over them (all threads incl. short-lived 12.9)
  per-thread cores busy, top 12: 0.61 0.60 0.58 0.58 0.57 0.56 0.56 0.56 0.56 0.56 0.56 0.56; threads over 0.9 core: 0, over 0.7: 0
== loop342DPROF: 1388 full builds in the 3 windows
  par_exec_ms 22/28; par_run_ms 25/33; batch_start_skew_ms 11/13; batch_median_ms 9/11; batch_max_ms 14/19; batch_first_start_us 18/29; batch_last_start_us 11190/13977; batch_dispatch_us 29/67; batch_last_end_us 21878/27804; batches 58/58; batch_threads 32/32; batch_txs_max 3500/3500; batch_txs_min 500/500; start_walk_ms 0/0; start_walk_check_ms 0/0; par_start_ms 4/10; sealed_at_ms 61/75; prev_seal_to_answer_us 1382/2596; prev_seal_to_entry_us 0/0; prev_seal_to_header_us 157/232; prev_seal_to_import_us 114399/135000; prev_seal_to_request_us 878/1074; prev_seal_to_start_us 1142/1369; start_walk_check_us 0/0; start_walk_ids_us 0/0; start_walk_settle_us 0/0; start_walk_us 0/0
  one_wave {'false': 1388}
  batches == batch_threads on 0 of 1388 builds
  last - first batch start (ms) median/p90 11.17/13.95; under 2 ms on 0 of 1388 builds
BEST single leg: D48
leg loop342BEST: /data free 926G (needs 120 G)
leg loop342BEST start 01:16:55 load 4.00
round loop342BEST exit 0 at 01:19:47
loop342BEST save stages (node0, seconds summed over the leg / count): batch_size=1955.0/649  batch_size=1955.0/649  reth_consensus_engine_beacon_persistence_duration=57.2/649  duration_seconds=54.3/649  total=49.6/649  scope=44.8/649  sf=44.6/649  sf_transactions=44.5/649  qmdb_persisted=22.6/649  sf_account_changesets=20.7/649
el binary: /data/n42-build/target-n42-rs/native/release/n42 env: N42_IMPORT_ONCE=1 N42_SETTLEMENT_TAGS=legacy N42_BUILD_THROTTLE_SOFT=48 F7_EL_MAP=0,0,0,0,0,0,0 N42_FIELDS_AT_SEAL=1 N42_FRAME_BLOCKS=1 N42_TX_INGEST_RECOVER_PARALLEL=24 N42_PARALLEL_BUILD_THREADS=48 N42_PLAN_AHEAD=1 N42_HASHED_TABLES=off F7_FLOOD_RATE=6000000 N42_COMPACT_BODY=1 MALLOC_CONF=thp:always,oversize_threshold:0,dirty_decay_ms:2000,background_thread:true N42_ACCOUNT_HISTORY=off N42_TAKE_COMPACT=1 N42_SF_EARLY_WRITEBACK=1 N42_ROAD_RUNTIME=1 N42_TX_INGEST_HIGH_WATER=2500000 F7_BENCH_POOL_SLOTS=3000000 N42_TX_QUEUE_DRAIN_CHUNK=8192 N42_ANSWER_LAYOUT_ONLY=1 N42_PULL_BY_FRAMES=1 N42_SF_PARALLEL_ENCODE=1 N42_BUILD_THROTTLE_HARD=80 N42_LIVE_INDEX_DEFER=1 RAYON_NUM_THREADS=16 TOKIO_WORKER_THREADS=16 N42_QMDB_READS=on N42_LEADER_LAYERS=3 N42_PERSIST_QMDB_IN_SCOPE=1 F7_BLOCK_INTERVAL_MS=60 F7_MEASURE_FROM_LOG=1
validator env: N42_IMPORT_ONCE=1 N42_SETTLEMENT_TAGS=legacy N42_BUILD_THROTTLE_SOFT=48 F7_EL_MAP=0,0,0,0,0,0,0 N42_FIELDS_AT_SEAL=1 N42_FRAME_BLOCKS=1 N42_TX_INGEST_RECOVER_PARALLEL=24 N42_PARALLEL_BUILD_THREADS=48 N42_PLAN_AHEAD=1 N42_HASHED_TABLES=off F7_FLOOD_RATE=6000000 N42_COMPACT_BODY=1 N42_ACCOUNT_HISTORY=off N42_TAKE_COMPACT=1 N42_SF_EARLY_WRITEBACK=1 N42_ROAD_RUNTIME=1 N42_TX_INGEST_HIGH_WATER=2500000 F7_BENCH_POOL_SLOTS=3000000 N42_TX_QUEUE_DRAIN_CHUNK=8192 N42_ANSWER_LAYOUT_ONLY=1 N42_PULL_BY_FRAMES=1 N42_SF_PARALLEL_ENCODE=1 N42_BUILD_THROTTLE_HARD=80 N42_LIVE_INDEX_DEFER=1 RAYON_NUM_THREADS=16 TOKIO_WORKER_THREADS=16 N42_QMDB_READS=on N42_LEADER_LAYERS=3 N42_PERSIST_QMDB_IN_SCOPE=1 F7_MEASURE_FROM_LOG=1
loop342BEST once: start-up lines import_once=true 1; last direct-import counters 
loop342BEST imports: layers=1 direct_imports=0 canonical_blocks=4016 import_once_lines=1 (per layer: direct imports should equal canonical blocks for one execution per block)
grep: /data/blockchain/rust-fleet7-bench/node1/el.log: No such file or directory
grep: /data/blockchain/rust-fleet7-bench/node2/el.log: No such file or directory
grep: /data/blockchain/rust-fleet7-bench/node3/el.log: No such file or directory
grep: /data/blockchain/rust-fleet7-bench/node1/el.log: No such file or directory
grep: /data/blockchain/rust-fleet7-bench/node2/el.log: No such file or directory
grep: /data/blockchain/rust-fleet7-bench/node3/el.log: No such file or directory
cat: /data/blockchain/rust-fleet7-bench/node2/el.log: No such file or directory
cat: /data/blockchain/rust-fleet7-bench/node2/el.log: No such file or directory
cat: /data/blockchain/rust-fleet7-bench/node2/el.log: No such file or directory
cat: /data/blockchain/rust-fleet7-bench/node1/el.log: No such file or directory
cat: /data/blockchain/rust-fleet7-bench/node2/el.log: No such file or directory
cat: /data/blockchain/rust-fleet7-bench/node3/el.log: No such file or directory
Traceback (most recent call last):
  File [35m"<stdin>"[0m, line [35m4[0m, in [35m<module>[0m
[1;35mIndexError[0m: [35mlist index out of range[0m
loop342BEST no_variant=0 own_not_committed=0 tc=1 invalid_blocks=0 incomplete=0 gas_mismatch=0 direct_imports_failed=0 stuck_at_hashed_state=0 engine_idles_over_5s=1 proposals_given_up=0 tables_off_nodes=1 unanswered_reads=0 seal_first_total=1454 seal_first_direct=1454 direct_guard_errors=0 commit_ms_median=2 fold_ms_median=7 sealed_at_ms_median=60 state_ready_ms_median=95 build_total_ms_median=182 recover_us_median=0 par_exec_ms_median=16 par_exec_ms_median=16 giveback_filtered=0 giveback_offered_max=200000 seal_first=1454 reader_lag_max=9 reader_lag_warns=0 view_invalidated=0 el_sum_peak_g=40.9 el_max_peak_g=40.9 val_sum_peak_g=1.9 flood_peak_g=0.6 two_roads_blocks=0 two_roads_overlap_ms_median=- exec_on_output_declined=0 r1_collect_ms_median=5 proposal_at_ms_median=49 view_total_ms_median=61 import_exec_ms_median=- import_total_ms_median=- import_senders_ms_median=- import_convert_ms_median=- import_groups_median=- imports_over_600ms=0 min_avail_g=86.5 road_foreign_body_recv_ms=- road_foreign_body_decode_ms=- road_foreign_body_senders_ms=- road_foreign_body_parent_wait_ms=- road_foreign_body_check_ms=- road_foreign_body_total_ms=- road_new_payload_recv_ms=- road_new_payload_decode_ms=- road_new_payload_senders_ms=- road_new_payload_parent_wait_ms=- road_new_payload_check_ms=- road_new_payload_total_ms=- road_foreign_body_blocks=0 road_new_payload_blocks=0 fcu_answered=1847 fcu_in_flight_ms_median=0 fcu_queued_ms_median=0 fcu_queued_ms_max=33 fcu_refused=0 fcu_slow=1650 bodies_held=0 road_reuse_ms=- road_prepare_ms=- road_dispatch_ms=- road_convert_ms=- road_remember_ms=- road_header_ms=- road_fields_ms=- road_other_ms=- import_engine_ms_median=- gate_forced=0 gate_warns=0 flood_timeouts=0 canonical_min=4056 canonical_max=4056 chained_builds=2731 chain_lead_ms_median=47 chain_wait_ms_median=15 chain_started=2734 chain_discarded=2 chain_discard_reasons=_1_reason="no_,_1_reason="the_execution_layer_produced_nothing,_1_reason="the_request_names_another_parent chain_alias_warns=0 el_chained=2750 bodies_held_warns=0 el_build_refused=1 el_build_refused_reasons=_1_no_QMDB_tree_for_parent_block_0x queued_p5=2318500 queued_p50=2513500 road_compact_blocks=0 road_compact_recv_ms=- road_compact_assemble_ms=- road_compact_root_ms=- road_compact_miss_wait_ms=- road_compact_senders_ms=- road_compact_check_ms=- road_compact_other_ms=- road_compact_total_ms=- road_compact_misses_total= compact_refused_el=0 compact_fallbacks=0 compact_bytes_median=- pool_order9=14072 par_pull_ms_median=0 build_total_ms_median2=62 road_compact_filled_blocks=0 road_compact_filled_median=- road_compact_fill_ms_median=- need_txns=0 fill_failed=0 ingest_rate_gate_open_median=- ingest_gate_open_intervals=0 ingest_slots_busy_median=- flood_rate= fill_asked_proposer=0 fill_asked_other=0 loop_lines=2817 loop_unnamed_ms_median=48 loop_body_served_ms_median=- loop_txns_served_ms_median=- import_exec_ms_median2=- pip_partition_ms=- pip_env_ms=- pip_batch_ms=- pip_groups_ms=- pip_gas_ms=- pip_merge_ms=- pip_receipts_ms=- pip_drop_ms=- pip_other_ms=- pip_total_ms=- senders_indexed_median=- road_senders_ms_median=- road_total_ms_median=- pew_ms_median=- pew_ms_p90= gate_ms_median=- gate_ms_p90= root_ms_p50=- root_ms_p90= two_roads=0 not_on_output=0 not_on_output_why= ckpt_ms_first_q=2 ckpt_ms_last_q=42 ckpt_bytes_last=34718348 parent_still_importing=0 root_wait_ms_p50=- root_wait_ms_p90= tenures_low_seal=23 seal_first_share=0.99 empty_over_deep=0 near_empty_warns=0 no_seal_why= par_skipped_median=- usable_p5=2318500 ckpt_replay_ms_last_q=16 candidates_zero=0 dropped_ingest=0 let_go_warns=0 let_go_reasons= parked_p50=0 parked_max=0 held_warns=0 park_capped_total=0 superseded_builds=0 empty_not_superseded=0 mass_park_warns=0 heads_lines=0 holes_lines=0 stale_parent_refusals=0 par_groups_p5=0 cancelled_decided=1 heads_nonce0=0 stale_unconfirmed= handovers=0 el_panics=0 decided_cancelled=1 min_window_blocks=456 road_desc_blocks=0 road_desc_total_ms=- road_desc_copy_ms=- desc_misses=0 fill_failed2=0 sf_par_collect_ms=0 sf_par_commit_ms=2 sf_par_fold_ms=7 sf_par_graft_ms=0 sf_par_prefault_ms=0 sf_par_exec_ms=16 sf_sealed_at_ms=60 sf_roots_ms=39 sf_state_ready_ms=95 sf_total_ms=182 ba_find_ms=0 ba_queue_ms=4 ba_total_ms=62 ba_on_output=1453 queue_fold_us=0 queue_lock_us=301 sf_par_exec_ms=16 sf_par_fold_ms=7 pip_groups_ms=- import_exec_ms_median2=- reads_d0=0 reads_hist=0 f_reads_d0=- f_reads_hist=- f_overlay_depth=- L_read_set_ms=0 read_set_accounts=0 read_set_unresolved=0 read_set_hits=0 read_set_misses=0 start_best_ms=- par_prep_ms=- gap_before_exec_ms=- gap_after_exec_ms=- gap_before_seal_ms=- index_ms=- road_copy_aside_ms=- road_copy_wait_ms=- road_total_ms=- queue_first_miss=queue_first_miss=0:2552,queue_first_miss=18446744073709551615:1465 root_append_behind=0 populate_lag_mb=0 swap_used_g=0 root_faults=- root_faults_p90= root_faults_entries=0 root_faults_offsets=0 root_faults_index=0 root_faults_bits=0 root_faults_twigs=0 root_faults_undo=0 root_faults_tmp=0 root_append_faults=0 root_twig_pool_misses=0 batch_max_ms=10 batch_min_ms=4 batch_median_ms=7 batch_cpu_max_ms=10 batch_txs_max=2500 batch_txs_min=2500 batch_start_skew_ms=8 batch_wait_ms=0 loop_fetch_ns=0 loop_check_ns=0 loop_transfer_ns=0 loop_receipt_ns=0 loop_gas_ns=0 loop_sink_ns=0 loop_other_ns=0 batch_setup_ns=0 batch_close_ns=0 imp_exec_part_ms=- imp_exec_batches_ms=- imp_exec_graft_ms=- imp_exec_batches=- imp_exec_threads=- imp_exec_batch_max_ms=- imp_exec_batch_median_ms=- imp_parent_output_wait_ms=- road_parent_output_wait_ms=- next_start_gap_ms=1 next_entry_gap_ms=0 commit_body_ahead_used=- imp_exec_keys_ms=- imp_keys_ahead=- imp_exec_sink_ms=- imp_exec_pre_ms=- imp_exec_post_ms=- imp_exec_receipts_ms=- imp_exec_drop_ms=- root_gap_ms=- queue_whole=queue_whole=false:2552,queue_whole=true:1465 tick_tick_late_us=960 tick_preamble_us=340 tick_take_sealed_us=1 tick_sign_us=0 tick_cache_us=0 tick_presealed=- tick_describe_us=10 tick_publish_us=596 tick_tick_to_send_us=1978 road_check_ms=- road_check_include_us=- road_check_scan_us=- road_check_fold_us=- road_check_senders_us=- road_check_frames_summarized=- road_check_frames_scanned=- imp_exec_start_gap_us=- imp_gap_road_us=- imp_gap_header_us=- imp_gap_senders_us=- imp_gap_parent_us=- imp_gap_setup_us=- imp_gap_keys_wait_us=- sealed_at_p90= sealed_over_130=0 roots_ms=- cycle_p90= batch_max_ms=- batch_median_ms=- imp_batch_max=- forest_lock_warns=2188 root_seal_ms=1 root_seals=40 root_majflt=6 roots_p90= gp_layer=1463 ggp_missing=44 state_wait_split=0/0/0/0:902,1/0/0/0:170,2/0/0/0:123 qmdb_releases=0 state_wait_on= imp_road_end_ms=- imp_exec_start_ms=- imp_exec_end_ms=- imp_root_end_ms=- imp_fields_ready_ms=- imp_parent_fields_wait_ms=- imp_exec_ms=- imp_root_ms=- imp_checks_ms=- imp_engine_ms=- imp_total_ms=- road_parent_fields_wait_ms=- exec_read_ms=0 L_exec_evm_ms=0 L_exec_write_ms=0 L_exec_other_ms=0 L_reads_cache=0 L_reads_provider=0 L_reads_view=0 L_graft_base_ms=0 L_graft_reserve_ms=0 L_graft_insert_ms=0 L_graft_reverts_ms=0 L_graft_other_ms=0 L_par_exec_ms=16 L_par_graft_ms=0 F_exec_read_ms=- F_exec_evm_ms=- F_exec_write_ms=- F_exec_other_ms=- F_reads_cache=- F_reads_provider=- F_reads_view=- F_groups_ms=- L_tx_root_wait_ms=0 L_par_exec_ms=16 L_par_graft_ms=0 L_par_fold_ms=7 L_sealed_ms=8 L_state_ready_ms=95 L_roots_ms=39 L_finish_ms=107 L_total_ms=182 L_setup_ms=0 L_par_pull_ms=0 L_give_back_ms=0 L_state_wait_ms=0 L_state_after_pull=1454 L_seal_at_exec=1454 L_tx_root_ahead=0 flood_w1=3169022 txs_p10=200000 acq_us=464 slots_busy=13 ingest_rate=3121536 L_scope_join_ms=0 L_par_release_ms=0 L_commit_body_ms=0 L_par_commit_ms=2 L_give_back_ms=0 L_sealed_ms=8 L_par_exec_ms=16 L_state_wait_ms=0 L_par_pull_ms=0 L_par_prep_ms=3 L_par_start_ms=6 L_pre_exec_ms=0 L_par_run_ms=19 L_sealed_at_ms=60 F_partition_ms=- F_env_ms=- F_groups_ms=- F_merge_ms=- F_reverts_wait_ms=- F_ahead_wait_ms=- F_total_ms=- I_engine_ms=- I_root_ms=- I_total_ms=- H_engine_remember_ms=- H_engine_listing_ms=- H_engine_new_payload_ms=- busy_us=1 L_par_start_ms=6 L_start_handoff_ms=4 L_start_best_ms=5 L_start_puller_ms=0 L_par_pull_ms=0 L_par_prep_ms=3 L_state_wait_ms=0 L_par_exec_ms=16 L_par_commit_ms=2 L_sealed_ms=8 L_sealed_at_ms=60 L_par_graft_ms=0 L_graft_insert_ms=0 L_graft_reverts_ms=0 L_graft_split_us=0 L_graft_build_us=0 L_graft_merge_us=0 L_state_ready_ms=95 Q_queue_ms=0 R_dispatch_wait_ms=- R_total_ms=- R_road_runtime=1 gate_holds=0 peer_fetch=0 pool_limit=limit=4 gate_opened=gate_opened_for_block=0 I_root_ms=- flood_rate_hdr=rate=6000000/s fills=0 fill_waited=- slots_busy=13 acq_us=464 busy_us=1 converged=0 fallbacks=0 busy_us=1 recover_us=0 tf_on_output=3 tf_fallback=0 still_importing=0 busy_us=1 slots_busy=13 batches=altsig_txs=0 altsig_batches=0 tf_on_output=3 tf_fallback=0 gate_holds=0 sign_s=sign 0s replay_note=replay       : 64 files from /data/n42-pregen/g900000-400m, 400000000 transactio sign_s=sign 0s shard=shard_verified=0 shard_claimed=0 road_verified=- slots_busy=13 gate_us=7220 reply_us=7777 queued=2513500 assemble_ms=- road_take_ms=- road_body_ms=- road_encode_ms=- shards=16 shard_insert_ms=0 shard_wait_ms=0 shard_fold_ms=13 shard_append_ms=13 shard_merge_ms=52 state_ready_ms=95 roots_ms=39 exec_read_ms=0 exec_evm_ms=0 exec_write_ms=0 exec_other_ms=0 reads_cache=0 reads_provider=0 reads_view=0 par_run_ms=19 fold_task_cpu_max_us=12566 fold_task_minflt_max=586 fold_task_minflt_sum=586 fold_task_migrated=0 fold_task_nivcsw_max=0 fold_index=1 fold_index_build_ms=12 fold_index_conflicts=7881 fold_queue_us=26 fold_skew_us=75 fold_task_max_us=12564 fold_tail_us=23 start_best_ms=5 start_select_ms=0 start_walk_ms=0 start_walk_check_ms=0 start_best_other_ms=0 start_frames_by_ref=0 start_frames_slow=0 start_pull_ms=0 start_other_ms=0 start_handoff_ms=4 par_start_ms=6 par_prep_ms=3 par_commit_ms=2 commit_body_ms=0 par_fold_ms=7 sealed_ms=8 copy_ms=- prune_ms=0 frames=- frames_missing=- frame_root_ms=- root_ms=- frames_admitted=frames_admitted=580876 frames_unaligned=0 frame_root_indexed=- seal_layout_ms=0 seal_root_ms=0 attested= busy_us=1 slots_busy=13 reply_us=7777 prune_ms=0 body_refused=0 body_failed_late=0
loop342BEST win1 tps=3,146,667 txs=94,400,000 blocks= 472 cycle=0.064s occupancy= 99.8% full(>=95%)=471/472 basefee=n/a (from the layer's log)
loop342BEST win2 tps=3,166,667 txs=95,000,000 blocks= 475 cycle=0.063s occupancy=100.0% full(>=95%)=475/475 basefee=n/a (from the layer's log)
loop342BEST win3 tps=3,040,000 txs=91,200,000 blocks= 456 cycle=0.066s occupancy=100.0% full(>=95%)=456/456 basefee=n/a (from the layer's log)
loop342BEST tps=3,146,667 round_txs=280600000 cycles_w1=
loop342BEST imp_fields_p90= b_p75=19
loop342BEST overlay: filter_skips=0 probes=0 ratio=- (ratio = skips/(skips+probes))
loop342BEST overlay_manager:       1 state_trie_overlay=false  state-ovly_cpu=0
loop342BEST verify: written to /data/blockchain/rust-fleet7-bench/bench-loop342BEST/verify.json
== loop342BEST  (E=1: seven validator keys on one execution layer)
  window 1: canonical 472 blocks, 94.4M tx = 3,146,667/s (100.0% of window 1), full 471/472 (100%); cycle mean/median/p90 63.6/61.5/69.8 ms
    leader builds 471: sealed_at median/p90/p99 59/75/93; phases median/p90 ms: gap_before_exec 3/7, state_wait 1/5, par 58/75, par_exec 17/26, roots 37/47, parent_fields 1/12, sealed 7/19
    state_wait_on {'none': 245, 'output': 211, 'grandparent': 10, 'open': 5}; builds with state_wait > 20 ms: 8 ([('grandparent', 8)]); gp_layer {1.0: 471}, ggp_missing {0.0: 460, 1.0: 11}
    queue at the builds min/median 1,621,500/2,514,500
    new field batch_cpu_sum_us: median/p90/max 568874.0/963650.0/2301955, nonzero 471
    new field batch_dispatch_us: median/p90/max 89.0/162.0/2033, nonzero 471
    new field batch_first_start_us: median/p90/max 31.0/46.0/69, nonzero 471
    new field batch_ivcsw: median/p90/max 0.0/6.0/33, nonzero 190
    new field batch_last_end_us: median/p90/max 16098.0/25181.0/69043, nonzero 471
    new field batch_last_start_us: median/p90/max 8267.0/11247.0/43263, nonzero 471
    new field batch_live_deferred: median/p90/max 56.0/62.0/71, nonzero 471
    new field batch_live_lock_hold_us: median/p90/max 6691.0/8598.0/15120, nonzero 471
    new field batch_live_lock_wait_us: median/p90/max 0.0/0.0/0, nonzero 0
    new field batch_live_lock_waits: median/p90/max 0.0/0.0/0, nonzero 0
    new field batch_majflt: median/p90/max 0.0/0.0/0, nonzero 0
    new field batch_minflt: median/p90/max 861.0/5744.0/13306, nonzero 471
    new field batch_open_max_us: median/p90/max 680.0/765.0/4162, nonzero 471
    new field batch_open_sum_us: median/p90/max 26486.0/29856.0/42089, nonzero 471
    new field batch_threads: median/p90/max 48.0/48.0/48, nonzero 471
    new field batch_vcsw: median/p90/max 283.0/599.0/1021, nonzero 471
    new field batch_view_index_wait_us: median/p90/max 0.0/18182.0/46401, nonzero 73
    new field batch_view_index_waits: median/p90/max 0.0/264.0/679, nonzero 73
    new field batch_view_slot_wait_us: median/p90/max 0.0/1871.0/15100, nonzero 78
    new field batch_view_slot_waits: median/p90/max 0.0/42.0/117, nonzero 79
    new field batch_wall_sum_us: median/p90/max 584305.0/974576.0/2304285, nonzero 471
    new field batches: median/p90/max 80.0/80.0/80, nonzero 471
    new field live_index_defer: {'true': 471}
    new field one_wave: {'false': 471}
    new field open_engine_us: median/p90/max 0.0/0.0/50836, nonzero 11
    new field open_fallback: {'false': 460, 'true': 11}
    new field open_keep_us: median/p90/max 4.0/5.0/9, nonzero 471
    new field open_layers: median/p90/max 3.0/3.0/3, nonzero 471
    new field open_provider_us: median/p90/max 108.0/155.0/420, nonzero 471
    new field plan_age_us: median/p90/max 53473.0/68465.0/106650, nonzero 471
    new field plan_ahead: median/p90/max 1.0/1.0/1, nonzero 471
    new field plan_discard: {'': 471}
    new field plan_prep_us: median/p90/max 7602.0/10200.0/21152, nonzero 471
    new field plan_topup_txs: median/p90/max 0.0/0.0/0, nonzero 0
    new field prev_seal_to_answer_us: median/p90/max 1378.0/2675.0/6529, nonzero 471
    new field prev_seal_to_entry_us: median/p90/max 0.0/0.0/0, nonzero 0
    new field prev_seal_to_header_us: median/p90/max 167.0/251.0/455, nonzero 471
    new field prev_seal_to_import_us: median/p90/max 114416.0/136846.0/177672, nonzero 467
    new field prev_seal_to_request_us: median/p90/max 881.0/1063.0/68017, nonzero 471
    new field prev_seal_to_start_us: median/p90/max 1151.0/1340.0/68501, nonzero 471
    new field pull_bulk_txs: median/p90/max 200000.0/200000.0/200000, nonzero 471
    new field pull_bulk_us: median/p90/max 818.0/1006.0/3696, nonzero 471
    new field root_apply_total_us: median/p90/max 22996.0/29615.0/43975, nonzero 471
    new field root_delta_us: median/p90/max 1145.0/4356.0/8828, nonzero 471
    new field root_index_us: median/p90/max 3427.0/8269.0/17812, nonzero 471
    new field root_leaves_us: median/p90/max 6587.0/12581.0/25481, nonzero 471
    new field root_note_us: median/p90/max 150.0/226.0/516, nonzero 471
    new field root_rehash_us: median/p90/max 1409.0/1876.0/10064, nonzero 471
    new field root_retire_us: median/p90/max 1461.0/2301.0/4958, nonzero 471
    new field root_sort_us: median/p90/max 79.0/137.0/1398, nonzero 471
    new field root_writes_us: median/p90/max 6811.0/9993.0/23982, nonzero 471
    new field sealed_unix_us: median/p90/max 1791263905997847.0/1791263917986350.0/1791263920918741, nonzero 471
    new field start_walk_check_us: median/p90/max 0.0/0.0/0, nonzero 0
    new field start_walk_ids_us: median/p90/max 0.0/0.0/0, nonzero 0
    new field start_walk_settle_us: median/p90/max 0.0/0.0/0, nonzero 0
    new field start_walk_us: median/p90/max 0.0/0.0/0, nonzero 0
    new field state_wait_us: median/p90/max 1012.0/5393.0/56152, nonzero 471
    new field view_journal_reads: median/p90/max 0.0/73728.0/188416, nonzero 210
    new field view_journal_searches: median/p90/max 0.0/198678.0/506140, nonzero 210
    new field view_journal_skips: median/p90/max 0.0/0.0/0, nonzero 0
    binding wait (tick / quorum / seal share, mean cycle): tick 94% (63); quorum 0%; seal 6% (75); feed-bound (blocks under 95% of the tier): 1 of 472
    slowest key vote delay median/p90 23.3/53.1 ms
    engine own-import total_ms per block median/p90/max 39/59/93 (n=471)
    layer RSS 4.9 -> 26.4 G (max 26.6), in-memory blocks max 10
    execution layer cores busy 38.9    validators cores busy 1.2
    flood delivered (median per 5 s over the leg) 3,151,972/s
  window 2: canonical 475 blocks, 95.0M tx = 3,166,667/s (100.6% of window 1), full 475/475 (100%); cycle mean/median/p90 61.6/61.3/66.2 ms
    leader builds 477: sealed_at median/p90/p99 59/72/91; phases median/p90 ms: gap_before_exec 2/6, state_wait 0/3, par 56/73, par_exec 16/20, roots 39/49, parent_fields 2/14, sealed 8/22
    state_wait_on {'none': 308, 'output': 155, 'open': 3, 'grandparent': 11}; builds with state_wait > 20 ms: 7 ([('grandparent', 7)]); gp_layer {1.0: 477}, ggp_missing {0.0: 465, 1.0: 12}
    queue at the builds min/median 2,311,500/2,514,500
    new field batch_cpu_sum_us: median/p90/max 549713.0/675871.0/2187902, nonzero 477
    new field batch_dispatch_us: median/p90/max 85.0/142.0/706, nonzero 477
    new field batch_first_start_us: median/p90/max 32.0/47.0/66, nonzero 477
    new field batch_ivcsw: median/p90/max 0.0/6.0/23, nonzero 185
    new field batch_last_end_us: median/p90/max 15247.0/19630.0/54855, nonzero 477
    new field batch_last_start_us: median/p90/max 7939.0/9936.0/40980, nonzero 477
    new field batch_live_deferred: median/p90/max 57.0/63.0/134, nonzero 477
    new field batch_live_lock_hold_us: median/p90/max 6520.0/8523.0/13913, nonzero 477
    new field batch_live_lock_wait_us: median/p90/max 0.0/0.0/0, nonzero 0
    new field batch_live_lock_waits: median/p90/max 0.0/0.0/0, nonzero 0
    new field batch_majflt: median/p90/max 0.0/0.0/0, nonzero 0
    new field batch_minflt: median/p90/max 889.0/6052.0/13771, nonzero 477
    new field batch_open_max_us: median/p90/max 676.0/774.0/4061, nonzero 477
    new field batch_open_sum_us: median/p90/max 26544.0/30560.0/36551, nonzero 477
    new field batch_threads: median/p90/max 48.0/48.0/48, nonzero 477
    new field batch_vcsw: median/p90/max 285.0/464.0/906, nonzero 477
    new field batch_view_index_wait_us: median/p90/max 0.0/7478.0/46360, nonzero 65
    new field batch_view_index_waits: median/p90/max 0.0/114.0/562, nonzero 65
    new field batch_view_slot_wait_us: median/p90/max 0.0/2116.0/9623, nonzero 79
    new field batch_view_slot_waits: median/p90/max 0.0/38.0/86, nonzero 79
    new field batch_wall_sum_us: median/p90/max 555570.0/685245.0/2190664, nonzero 477
    new field batches: median/p90/max 80.0/80.0/80, nonzero 477
    new field live_index_defer: {'true': 477}
    new field one_wave: {'false': 477}
    new field open_engine_us: median/p90/max 0.0/0.0/44267, nonzero 12
    new field open_fallback: {'false': 465, 'true': 12}
    new field open_keep_us: median/p90/max 4.0/5.0/10, nonzero 477
    new field open_layers: median/p90/max 3.0/3.0/3, nonzero 477
    new field open_provider_us: median/p90/max 108.0/153.0/353, nonzero 477
    new field plan_age_us: median/p90/max 52515.0/67300.0/107189, nonzero 476
    new field plan_ahead: median/p90/max 1.0/1.0/1, nonzero 476
    new field plan_discard: {'': 476, 'not_on_its_parent': 1}
    new field plan_prep_us: median/p90/max 7941.0/10397.0/18985, nonzero 476
    new field plan_topup_txs: median/p90/max 0.0/0.0/0, nonzero 0
    new field prev_seal_to_answer_us: median/p90/max 1353.0/2538.0/5320, nonzero 477
    new field prev_seal_to_entry_us: median/p90/max 0.0/0.0/0, nonzero 0
    new field prev_seal_to_header_us: median/p90/max 158.0/238.0/449, nonzero 477
    new field prev_seal_to_import_us: median/p90/max 117547.0/136628.0/172493, nonzero 473
    new field prev_seal_to_request_us: median/p90/max 868.0/1007.0/126808, nonzero 477
    new field prev_seal_to_start_us: median/p90/max 1122.0/1341.0/127025, nonzero 477
    new field pull_bulk_txs: median/p90/max 200000.0/200000.0/200000, nonzero 477
    new field pull_bulk_us: median/p90/max 831.0/1023.0/3115, nonzero 477
    new field root_apply_total_us: median/p90/max 24915.0/32342.0/51877, nonzero 477
    new field root_delta_us: median/p90/max 1137.0/4247.0/8458, nonzero 477
    new field root_index_us: median/p90/max 3374.0/8422.0/13859, nonzero 477
    new field root_leaves_us: median/p90/max 6721.0/13850.0/31979, nonzero 477
    new field root_note_us: median/p90/max 145.0/217.0/1527, nonzero 477
    new field root_rehash_us: median/p90/max 2049.0/5254.0/22907, nonzero 477
    new field root_retire_us: median/p90/max 1466.0/2536.0/6283, nonzero 477
    new field root_sort_us: median/p90/max 80.0/173.0/1802, nonzero 477
    new field root_writes_us: median/p90/max 6936.0/11171.0/21683, nonzero 477
    new field sealed_unix_us: median/p90/max 1791263935847214.0/1791263947979557.0/1791263950933827, nonzero 477
    new field start_walk_check_us: median/p90/max 0.0/0.0/159, nonzero 1
    new field start_walk_ids_us: median/p90/max 0.0/0.0/516, nonzero 1
    new field start_walk_settle_us: median/p90/max 0.0/0.0/0, nonzero 0
    new field start_walk_us: median/p90/max 0.0/0.0/4348, nonzero 1
    new field state_wait_us: median/p90/max 235.0/3832.0/44720, nonzero 477
    new field view_journal_reads: median/p90/max 0.0/69632.0/139264, nonzero 215
    new field view_journal_searches: median/p90/max 0.0/201542.0/391391, nonzero 215
    new field view_journal_skips: median/p90/max 0.0/0.0/0, nonzero 0
    binding wait (tick / quorum / seal share, mean cycle): tick 100% (62); quorum 0%; seal 0%; feed-bound (blocks under 95% of the tier): 0 of 475
    slowest key vote delay median/p90 27.2/49.5 ms
    engine own-import total_ms per block median/p90/max 41/64/82 (n=476)
    layer RSS 26.6 -> 34.4 G (max 34.4), in-memory blocks max 10
    execution layer cores busy 38.5    validators cores busy 1.2
  window 3: canonical 456 blocks, 91.2M tx = 3,040,000/s (96.6% of window 1), full 456/456 (100%); cycle -
    leader builds 457: sealed_at median/p90/p99 61/80/101; phases median/p90 ms: gap_before_exec 2/7, state_wait 0/4, par 59/79, par_exec 16/20, roots 40/56, parent_fields 3/18, sealed 9/25
    state_wait_on {'none': 297, 'output': 139, 'open': 2, 'grandparent': 19}; builds with state_wait > 20 ms: 14 ([('grandparent', 14)]); gp_layer {1.0: 457}, ggp_missing {0.0: 438, 1.0: 19}
    queue at the builds min/median 2,112,500/2,511,000
    new field batch_cpu_sum_us: median/p90/max 548357.0/669714.0/2289784, nonzero 457
    new field batch_dispatch_us: median/p90/max 86.0/125.0/1609, nonzero 457
    new field batch_first_start_us: median/p90/max 33.0/46.0/65, nonzero 457
    new field batch_ivcsw: median/p90/max 0.0/4.0/26, nonzero 159
    new field batch_last_end_us: median/p90/max 15757.0/19685.0/57288, nonzero 457
    new field batch_last_start_us: median/p90/max 8079.0/9871.0/40565, nonzero 457
    new field batch_live_deferred: median/p90/max 56.0/65.0/435, nonzero 457
    new field batch_live_lock_hold_us: median/p90/max 6904.0/9035.0/35744, nonzero 457
    new field batch_live_lock_wait_us: median/p90/max 0.0/0.0/0, nonzero 0
    new field batch_live_lock_waits: median/p90/max 0.0/0.0/0, nonzero 0
    new field batch_majflt: median/p90/max 0.0/0.0/4, nonzero 1
    new field batch_minflt: median/p90/max 1006.0/6246.0/19038, nonzero 457
    new field batch_open_max_us: median/p90/max 683.0/768.0/3799, nonzero 457
    new field batch_open_sum_us: median/p90/max 26560.0/30220.0/49307, nonzero 457
    new field batch_threads: median/p90/max 48.0/48.0/48, nonzero 457
    new field batch_vcsw: median/p90/max 284.0/602.0/1173, nonzero 457
    new field batch_view_index_wait_us: median/p90/max 0.0/18700.0/67342, nonzero 70
    new field batch_view_index_waits: median/p90/max 0.0/274.0/772, nonzero 70
    new field batch_view_slot_wait_us: median/p90/max 0.0/2119.0/4874, nonzero 82
    new field batch_view_slot_waits: median/p90/max 0.0/41.0/119, nonzero 82
    new field batch_wall_sum_us: median/p90/max 567045.0/682438.0/2292567, nonzero 457
    new field batches: median/p90/max 80.0/80.0/80, nonzero 457
    new field live_index_defer: {'true': 457}
    new field one_wave: {'false': 457}
    new field open_engine_us: median/p90/max 0.0/0.0/60975, nonzero 19
    new field open_fallback: {'false': 438, 'true': 19}
    new field open_keep_us: median/p90/max 4.0/5.0/15, nonzero 457
    new field open_layers: median/p90/max 3.0/3.0/3, nonzero 457
    new field open_provider_us: median/p90/max 105.0/150.0/431, nonzero 457
    new field plan_age_us: median/p90/max 55024.0/72214.0/114576, nonzero 457
    new field plan_ahead: median/p90/max 1.0/1.0/1, nonzero 457
    new field plan_discard: {'': 457}
    new field plan_prep_us: median/p90/max 8058.0/10371.0/26238, nonzero 457
    new field plan_topup_txs: median/p90/max 0.0/0.0/0, nonzero 0
    new field prev_seal_to_answer_us: median/p90/max 1449.0/2465.0/5426, nonzero 457
    new field prev_seal_to_entry_us: median/p90/max 0.0/0.0/0, nonzero 0
    new field prev_seal_to_header_us: median/p90/max 164.0/244.0/781, nonzero 457
    new field prev_seal_to_import_us: median/p90/max 121562.0/141831.0/176050, nonzero 449
    new field prev_seal_to_request_us: median/p90/max 883.0/1118.0/2280, nonzero 457
    new field prev_seal_to_start_us: median/p90/max 1163.0/1476.0/2603, nonzero 457
    new field pull_bulk_txs: median/p90/max 200000.0/200000.0/200000, nonzero 457
    new field pull_bulk_us: median/p90/max 819.0/1050.0/3460, nonzero 457
    new field root_apply_total_us: median/p90/max 26010.0/32744.0/74947, nonzero 457
    new field root_delta_us: median/p90/max 1100.0/2674.0/8441, nonzero 457
    new field root_index_us: median/p90/max 3502.0/7773.0/17137, nonzero 457
    new field root_leaves_us: median/p90/max 6676.0/13605.0/25368, nonzero 457
    new field root_note_us: median/p90/max 140.0/226.0/1843, nonzero 457
    new field root_rehash_us: median/p90/max 2839.0/6211.0/34480, nonzero 457
    new field root_retire_us: median/p90/max 1744.0/2651.0/6566, nonzero 457
    new field root_sort_us: median/p90/max 82.0/176.0/642, nonzero 457
    new field root_writes_us: median/p90/max 7112.0/10415.0/24354, nonzero 457
    new field sealed_unix_us: median/p90/max 1791263966143596.0/1791263977925407.0/1791263980958921, nonzero 457
    new field start_walk_check_us: median/p90/max 0.0/0.0/0, nonzero 0
    new field start_walk_ids_us: median/p90/max 0.0/0.0/0, nonzero 0
    new field start_walk_settle_us: median/p90/max 0.0/0.0/0, nonzero 0
    new field start_walk_us: median/p90/max 0.0/0.0/0, nonzero 0
    new field state_wait_us: median/p90/max 226.0/4860.0/63104, nonzero 457
    new field view_journal_reads: median/p90/max 0.0/69632.0/131072, nonzero 211
    new field view_journal_searches: median/p90/max 0.0/193356.0/373287, nonzero 211
    new field view_journal_skips: median/p90/max 0.0/0.0/0, nonzero 0
    engine own-import total_ms per block median/p90/max 46/69/104 (n=455)
    layer RSS 33.9 -> 40.9 G (max 40.9), in-memory blocks max 10
    execution layer cores busy 37.6    validators cores busy 1.2
  round total (3 windows, canonical): 280.6M tx
  layer peak RSS 40.9 G; in-memory blocks max 10
  fields at seal: mode "early", verified 0, unchecked 0, mismatches 0 (last build line, cumulative)
  own_executed_again (built here and also directly imported): 0 of 1453 built blocks
== loop342BEST
  layer-0 leader window-1 builds 472: txs mean 200000, share >= 95% of the tier 100% (max 200000); sealed_at_ms 59.0/75.0; par_ms 58.0/75.0; par_exec_ms 17.0/26.0; roots_ms 37.0/47.0; parent_fields_ms 1.0/12.0; sealed_ms 7.0/19.0
  proposal cycle window 1 (n=487): mean 63.6 median 61.5 p90 69.8 ms; blocks in the 30 s: 487
  binding wait (tick / quorum / seal, share and mean cycle): tick 94.3% (62.9); quorum 0%; seal 5.7% (75.2)
  vote delay after the proposal, slowest key per block: median 23.3 p90 53.1 ms (slowest minus the median key: median 0.2); last key: {1: 102, 2: 87, 3: 77, 4: 67, 5: 66, 6: 72} of 471 blocks
  CPU in window 1 (cores busy): execution layers 38.9 over 1 process(es); validators 1.2 over 7 process(es)
  execution layer peak RSS 40.9 G; in-memory blocks max 10 (node0 and others, all layers)
  blocks built here 1453; none also directly imported
  import-once counters at the last direct import: ; start-up lines with import_once=true: 1; queue-lock lines 0
  layer-0 queue (queued after canonical prune), median per 10 s: t+0:2494250 t+20:2515000 t+40:2515000 t+60:2516000 t+80:2513500
  flood: median per 5 s 3151972/s, final -
  timeout / given-up lines: 1; 05:17:42 v0 INFO process_event{view=1 kind="message"}: n42::cl::timeout: TC formed
loop342BEST page_faults_per_s_median: node0=176778 
feedcheck loop342BEST: ok (block 200,000 tx)
== loop342BEST: feed check (acq_us / gate_us / reply_us are per frame of 500; rate per 5 s `ingest` line)
  window 1: ingest lines 6; acq_us 468 (max 1232); gate_us 7093; reply_us 7657; slots_busy 13%; delivered median 3,155,162/s max 3,203,336/s; queue at builds median 2,514,500 min 1,621,500; full 100% of 472 blocks
  window 2: ingest lines 6; acq_us 458 (max 464); gate_us 7166; reply_us 7717; slots_busy 13%; delivered median 3,180,422/s max 3,273,056/s; queue at builds median 2,514,500 min 2,311,500; full 100% of 475 blocks
  window 3: ingest lines 6; acq_us 468 (max 482); gate_us 7432; reply_us 7996; slots_busy 12%; delivered median 3,071,072/s max 3,122,128/s; queue at builds median 2,511,000 min 2,112,500; full 100% of 456 blocks
  flood.log (+15..+100 s): rate per 5 s median 3,134,224/s max 3,278,924/s; reply latency median 61.2 ms max 67.1 ms
== loop342BEST: lanes lock, drain and pruner (new fields)
  window 1: lock duty 60.5% (max 62.0); holds/5s 2,024; longest hold 27.05 ms median, 33.13 ms max by crates/n42/tx-queue/src/lib.rs:1990 (most frequent holders [('crates/n42/tx-queue/src/lib.rs:1990', 6)]); lock wait 2627.3 ms/5s, longest 33.15 ms; drains/5s 777 of 20336 tx, mean 1716 us, max 23.30 ms
           prune (468 blocks): prune_ms 33/46; fold 0.6 ms, lock 0.0 ms, remove(hold) 10.3 ms, free 0.0 ms; frames_swept 400; coalesced on 468 of 468; prune_wait_ms 0/0; pruner busy 52% of a thread, lock held by it 1.6%
  window 2: lock duty 63.5% (max 66.0); holds/5s 1,963; longest hold 27.11 ms median, 31.79 ms max by crates/n42/tx-queue/src/lib.rs:2518 (most frequent holders [('crates/n42/tx-queue/src/lib.rs:1990', 5), ('crates/n42/tx-queue/src/lib.rs:2518', 1)]); lock wait 2793.3 ms/5s, longest 30.15 ms; drains/5s 708 of 22398 tx, mean 1907 us, max 21.56 ms
           prune (470 blocks): prune_ms 33/45; fold 0.5 ms, lock 0.0 ms, remove(hold) 10.7 ms, free 0.0 ms; frames_swept 400; coalesced on 470 of 470; prune_wait_ms 0/0; pruner busy 53% of a thread, lock held by it 1.4%
  window 3: lock duty 61.5% (max 64.0); holds/5s 1,958; longest hold 28.36 ms median, 30.70 ms max by crates/n42/tx-queue/src/lib.rs:1990 (most frequent holders [('crates/n42/tx-queue/src/lib.rs:1990', 5), ('crates/n42/tx-queue/src/lib.rs:2626', 1)]); lock wait 2759.9 ms/5s, longest 40.40 ms; drains/5s 758 of 20232 tx, mean 1708 us, max 21.78 ms
           prune (444 blocks): prune_ms 35/48; fold 0.6 ms, lock 0.0 ms, remove(hold) 10.7 ms, free 0.0 ms; frames_swept 400; coalesced on 444 of 444; prune_wait_ms 0/0; pruner busy 51% of a thread, lock held by it 1.6%
== loop342BEST: pruner (per block; busy = sum prune_ms / 30 s, lock = sum (remove_us + settle_us) / 30 s)
  window 1: 468 prunes; prune_ms 33/46; remove_us 10.3/20.4 ms; forget_us 3.0/4.6 ms; settle_us 3.2 ms; pruner busy 52% of a worker; lanes lock held for removal 24%
  window 2: 470 prunes; prune_ms 33/45; remove_us 10.7/21.2 ms; forget_us 3.1/4.8 ms; settle_us 3.0 ms; pruner busy 53% of a worker; lanes lock held for removal 25%
  window 3: 444 prunes; prune_ms 35/48; remove_us 10.7/19.8 ms; forget_us 3.3/5.0 ms; settle_us 3.4 ms; pruner busy 51% of a worker; lanes lock held for removal 23%
== loop342BEST: seal start / pull, prepared plan, answer, chunked drain
  window 1: 471 builds; start_best_ms 5/14; start_walk_us 0/0; start_pull_ms 0/0; par_pull_ms 0/0; par_start_ms 5/14; par_ms 58/75; sealed_at_ms 59/75; pull_bulk_us 818/1006; pull_bulk_txs 200000/200000; plan_age_us 53473/68465; plan_prep_us 7602/10200; plan_topup_txs 0/0
           plan_ahead {'1': 471}; plan_discard {'': 471}
           answer: built-ahead bytes median/max 15,243/15,245, layout_only {'true': 472}; proposal sent bytes median/max 15,243/15,245, layout_only {'true': 472}
           drain: chunks/5s 638, chunk max 8,192 tx, finished by others/5s 58; plan_discards (last ingest line) -
  window 2: 477 builds; start_best_ms 6/15; start_walk_us 0/0; start_pull_ms 0/0; par_pull_ms 0/0; par_start_ms 6/15; par_ms 56/73; sealed_at_ms 59/72; pull_bulk_us 831/1023; pull_bulk_txs 200000/200000; plan_age_us 52515/67300; plan_prep_us 7941/10397; plan_topup_txs 0/0
           plan_ahead {'1': 476, '0': 1}; plan_discard {'': 476, 'not_on_its_parent': 1}
           answer: built-ahead bytes median/max 15,245/15,245, layout_only {'true': 477}; proposal sent bytes median/max 15,245/15,245, layout_only {'true': 475}
           drain: chunks/5s 545, chunk max 8,192 tx, finished by others/5s 62; plan_discards (last ingest line) -
  window 3: 457 builds; start_best_ms 6/15; start_walk_us 0/0; start_pull_ms 0/0; par_pull_ms 0/0; par_start_ms 6/15; par_ms 59/79; sealed_at_ms 61/80; pull_bulk_us 819/1050; pull_bulk_txs 200000/200000; plan_age_us 55024/72214; plan_prep_us 8058/10371; plan_topup_txs 0/0
           plan_ahead {'1': 457}; plan_discard {'': 457}
           answer: built-ahead bytes median/max 15,245/15,245, layout_only {'true': 456}; proposal sent bytes median/max 15,245/15,245, layout_only {'true': 457}
           drain: chunks/5s 614, chunk max 8,192 tx, finished by others/5s 54; plan_discards (last ingest line) -
== loop342BEST: persistence per window (ms per block = part sum / blocks persisted)
  window 1: persisted 468 of 472 produced (99%); total 32.5, sf_tx 29.0, sf_rcpt 6.5, sf_acct 13.9, sf_send 11.7, scope 29.1, qmdb 14.5, post 0.0, pre 3.4, plain_rev 3.4, commit_sf 0.8, commit_mdbx 0.1, commit_rocks 0.0; longest task sf_tx 29.0; in-memory 7 -> 7 (max 10); RSS 4.9 -> 26.6 G; lag 8 -> 9 = +3.0 blocks/min; bp max 0
  window 2: persisted 476 of 475 produced (100%); total 33.4, sf_tx 30.2, sf_rcpt 6.8, sf_acct 14.1, sf_send 11.6, scope 30.3, qmdb 15.0, post 0.0, pre 3.2, plain_rev 3.2, commit_sf 0.8, commit_mdbx 0.1, commit_rocks 0.1; longest task sf_tx 30.2; in-memory 7 -> 10 (max 10); RSS 26.6 -> 33.9 G; lag 9 -> 10 = +2.0 blocks/min; bp max 0
  window 3: persisted 456 of 456 produced (100%); total 35.4, sf_tx 32.0, sf_rcpt 7.1, sf_acct 14.2, sf_send 11.0, scope 32.1, qmdb 16.6, post 0.0, pre 3.4, plain_rev 3.4, commit_sf 0.9, commit_mdbx 0.1, commit_rocks 0.1; longest task sf_tx 32.0; in-memory 10 -> 9 (max 10); RSS 33.9 -> 40.7 G; lag 10 -> 9 = -2.0 blocks/min; bp max 0
  leg end: in-memory 6, max over the sampler 10, backpressure stalls 0
== loop342BEST: execution and root fields (median / p90 per block)
  window 1 (471 builds): on-CPU share 0.99/1.00; CPU per transfer 2.84/4.82 us; par_exec_ms 17/26; batch_max_ms 11/18; batch_median_ms 7/9; batch_vcsw 283/599; batch_ivcsw 0/6; batch_minflt 861/5,744; batch_majflt 0/0; batch_live_lock_waits 0/0; batch_live_lock_wait_us 0/0; batch_live_lock_hold_us 6,691/8,598; batch_live_deferred 56/62; shard_append_ms 13/16; shard_fold_ms 13/19; shard_wait_ms 0/0; batch_view_slot_waits 0/42; batch_view_slot_wait_us 0/1,871; batch_view_index_waits 0/264; batch_view_index_wait_us 0/18,182; batch_open_sum_us 26,486/29,856; batch_open_max_us 680/765; roots_ms 37/47; seal_to_fields_us 53,528/62,869; sealed_at_ms 59/75
  window 2 (477 builds): on-CPU share 0.99/1.00; CPU per transfer 2.75/3.38 us; par_exec_ms 16/20; batch_max_ms 10/14; batch_median_ms 6/8; batch_vcsw 285/464; batch_ivcsw 0/6; batch_minflt 889/6,052; batch_majflt 0/0; batch_live_lock_waits 0/0; batch_live_lock_wait_us 0/0; batch_live_lock_hold_us 6,520/8,523; batch_live_deferred 57/63; shard_append_ms 13/16; shard_fold_ms 12/18; shard_wait_ms 0/0; batch_view_slot_waits 0/38; batch_view_slot_wait_us 0/2,116; batch_view_index_waits 0/114; batch_view_index_wait_us 0/7,478; batch_open_sum_us 26,544/30,560; batch_open_max_us 676/774; roots_ms 39/49; seal_to_fields_us 54,441/64,559; sealed_at_ms 59/72
  window 3 (457 builds): on-CPU share 0.99/1.00; CPU per transfer 2.74/3.35 us; par_exec_ms 16/20; batch_max_ms 10/15; batch_median_ms 7/8; batch_vcsw 284/602; batch_ivcsw 0/4; batch_minflt 1,006/6,246; batch_majflt 0/0; batch_live_lock_waits 0/0; batch_live_lock_wait_us 0/0; batch_live_lock_hold_us 6,904/9,035; batch_live_deferred 56/65; shard_append_ms 13/16; shard_fold_ms 13/18; shard_wait_ms 0/0; batch_view_slot_waits 0/41; batch_view_slot_wait_us 0/2,119; batch_view_index_waits 0/274; batch_view_index_wait_us 0/18,700; batch_open_sum_us 26,560/30,220; batch_open_max_us 683/768; roots_ms 40/56; seal_to_fields_us 55,900/71,659; sealed_at_ms 61/80
flood span 95 s; tokio-rt threads alive throughout 34 of 78; group 9.9 cores busy over them (all threads incl. short-lived 12.9)
  per-thread cores busy, top 12: 0.61 0.58 0.58 0.57 0.57 0.57 0.56 0.56 0.56 0.56 0.56 0.56; threads over 0.9 core: 0, over 0.7: 0
== loop342BEST: 1405 full builds in the 3 windows
  par_exec_ms 16/21; par_run_ms 19/30; batch_start_skew_ms 8/10; batch_median_ms 7/8; batch_max_ms 10/16; batch_first_start_us 32/46; batch_last_start_us 8097/10029; batch_dispatch_us 87/142; batch_last_end_us 15778/20516; batches 80/80; batch_threads 48/48; batch_txs_max 2500/2500; batch_txs_min 2500/2500; start_walk_ms 0/0; start_walk_check_ms 0/0; par_start_ms 6/15; sealed_at_ms 60/76; prev_seal_to_answer_us 1386/2552; prev_seal_to_entry_us 0/0; prev_seal_to_header_us 163/246; prev_seal_to_import_us 117408/139586; prev_seal_to_request_us 877/1063; prev_seal_to_start_us 1144/1386; start_walk_check_us 0/0; start_walk_ids_us 0/0; start_walk_settle_us 0/0; start_walk_us 0/0
  one_wave {'false': 1405}
  batches == batch_threads on 0 of 1405 builds
  last - first batch start (ms) median/p90 8.07/10.01; under 2 ms on 0 of 1405 builds
leg loop342BESTb: /data free 925G (needs 120 G)
leg loop342BESTb start 01:22:20 load 3.60
round loop342BESTb exit 0 at 01:25:13
loop342BESTb save stages (node0, seconds summed over the leg / count): batch_size=1923.0/637  batch_size=1923.0/637  reth_consensus_engine_beacon_persistence_duration=57.7/637  duration_seconds=54.8/637  total=50.4/637  scope=45.6/637  sf=44.4/637  sf_transactions=44.2/637  qmdb_persisted=23.5/637  sf_account_changesets=20.2/637
el binary: /data/n42-build/target-n42-rs/native/release/n42 env: N42_IMPORT_ONCE=1 N42_SETTLEMENT_TAGS=legacy N42_BUILD_THROTTLE_SOFT=48 F7_EL_MAP=0,0,0,0,0,0,0 N42_FIELDS_AT_SEAL=1 N42_FRAME_BLOCKS=1 N42_TX_INGEST_RECOVER_PARALLEL=24 N42_PARALLEL_BUILD_THREADS=48 N42_PLAN_AHEAD=1 N42_HASHED_TABLES=off F7_FLOOD_RATE=6000000 N42_COMPACT_BODY=1 MALLOC_CONF=thp:always,oversize_threshold:0,dirty_decay_ms:2000,background_thread:true N42_ACCOUNT_HISTORY=off N42_TAKE_COMPACT=1 N42_SF_EARLY_WRITEBACK=1 N42_ROAD_RUNTIME=1 N42_TX_INGEST_HIGH_WATER=2500000 F7_BENCH_POOL_SLOTS=3000000 N42_TX_QUEUE_DRAIN_CHUNK=8192 N42_ANSWER_LAYOUT_ONLY=1 N42_PULL_BY_FRAMES=1 N42_SF_PARALLEL_ENCODE=1 N42_BUILD_THROTTLE_HARD=80 N42_LIVE_INDEX_DEFER=1 RAYON_NUM_THREADS=16 TOKIO_WORKER_THREADS=16 N42_QMDB_READS=on N42_LEADER_LAYERS=3 N42_PERSIST_QMDB_IN_SCOPE=1 F7_BLOCK_INTERVAL_MS=60 F7_MEASURE_FROM_LOG=1
validator env: N42_IMPORT_ONCE=1 N42_SETTLEMENT_TAGS=legacy N42_BUILD_THROTTLE_SOFT=48 F7_EL_MAP=0,0,0,0,0,0,0 N42_FIELDS_AT_SEAL=1 N42_FRAME_BLOCKS=1 N42_TX_INGEST_RECOVER_PARALLEL=24 N42_PARALLEL_BUILD_THREADS=48 N42_PLAN_AHEAD=1 N42_HASHED_TABLES=off F7_FLOOD_RATE=6000000 N42_COMPACT_BODY=1 N42_ACCOUNT_HISTORY=off N42_TAKE_COMPACT=1 N42_SF_EARLY_WRITEBACK=1 N42_ROAD_RUNTIME=1 N42_TX_INGEST_HIGH_WATER=2500000 F7_BENCH_POOL_SLOTS=3000000 N42_TX_QUEUE_DRAIN_CHUNK=8192 N42_ANSWER_LAYOUT_ONLY=1 N42_PULL_BY_FRAMES=1 N42_SF_PARALLEL_ENCODE=1 N42_BUILD_THROTTLE_HARD=80 N42_LIVE_INDEX_DEFER=1 RAYON_NUM_THREADS=16 TOKIO_WORKER_THREADS=16 N42_QMDB_READS=on N42_LEADER_LAYERS=3 N42_PERSIST_QMDB_IN_SCOPE=1 F7_MEASURE_FROM_LOG=1
loop342BESTb once: start-up lines import_once=true 1; last direct-import counters 
loop342BESTb imports: layers=1 direct_imports=0 canonical_blocks=3981 import_once_lines=1 (per layer: direct imports should equal canonical blocks for one execution per block)
grep: /data/blockchain/rust-fleet7-bench/node1/el.log: No such file or directory
grep: /data/blockchain/rust-fleet7-bench/node2/el.log: No such file or directory
grep: /data/blockchain/rust-fleet7-bench/node3/el.log: No such file or directory
grep: /data/blockchain/rust-fleet7-bench/node1/el.log: No such file or directory
grep: /data/blockchain/rust-fleet7-bench/node2/el.log: No such file or directory
grep: /data/blockchain/rust-fleet7-bench/node3/el.log: No such file or directory
cat: /data/blockchain/rust-fleet7-bench/node2/el.log: No such file or directory
cat: /data/blockchain/rust-fleet7-bench/node2/el.log: No such file or directory
cat: /data/blockchain/rust-fleet7-bench/node2/el.log: No such file or directory
cat: /data/blockchain/rust-fleet7-bench/node1/el.log: No such file or directory
cat: /data/blockchain/rust-fleet7-bench/node2/el.log: No such file or directory
cat: /data/blockchain/rust-fleet7-bench/node3/el.log: No such file or directory
Traceback (most recent call last):
  File [35m"<stdin>"[0m, line [35m4[0m, in [35m<module>[0m
[1;35mIndexError[0m: [35mlist index out of range[0m
loop342BESTb no_variant=0 own_not_committed=0 tc=1 invalid_blocks=0 incomplete=0 gas_mismatch=0 direct_imports_failed=0 stuck_at_hashed_state=0 engine_idles_over_5s=1 proposals_given_up=0 tables_off_nodes=1 unanswered_reads=0 seal_first_total=1424 seal_first_direct=1424 direct_guard_errors=0 commit_ms_median=2 fold_ms_median=7 sealed_at_ms_median=60 state_ready_ms_median=94 build_total_ms_median=182 recover_us_median=0 par_exec_ms_median=17 par_exec_ms_median=17 giveback_filtered=0 giveback_offered_max=200000 seal_first=1424 reader_lag_max=9 reader_lag_warns=0 view_invalidated=0 el_sum_peak_g=39.9 el_max_peak_g=39.9 val_sum_peak_g=1.9 flood_peak_g=0.6 two_roads_blocks=0 two_roads_overlap_ms_median=- exec_on_output_declined=0 r1_collect_ms_median=5 proposal_at_ms_median=50 view_total_ms_median=61 import_exec_ms_median=- import_total_ms_median=- import_senders_ms_median=- import_convert_ms_median=- import_groups_median=- imports_over_600ms=0 min_avail_g=86.6 road_foreign_body_recv_ms=- road_foreign_body_decode_ms=- road_foreign_body_senders_ms=- road_foreign_body_parent_wait_ms=- road_foreign_body_check_ms=- road_foreign_body_total_ms=- road_new_payload_recv_ms=- road_new_payload_decode_ms=- road_new_payload_senders_ms=- road_new_payload_parent_wait_ms=- road_new_payload_check_ms=- road_new_payload_total_ms=- road_foreign_body_blocks=0 road_new_payload_blocks=0 fcu_answered=1831 fcu_in_flight_ms_median=0 fcu_queued_ms_median=0 fcu_queued_ms_max=109 fcu_refused=0 fcu_slow=1750 bodies_held=0 road_reuse_ms=- road_prepare_ms=- road_dispatch_ms=- road_convert_ms=- road_remember_ms=- road_header_ms=- road_fields_ms=- road_other_ms=- import_engine_ms_median=- gate_forced=0 gate_warns=0 flood_timeouts=0 canonical_min=4021 canonical_max=4021 chained_builds=2700 chain_lead_ms_median=43 chain_wait_ms_median=21 chain_started=2704 chain_discarded=2 chain_discard_reasons=_1_reason="no_,_1_reason="the_execution_layer_produced_nothing,_1_reason="the_request_names_another_parent chain_alias_warns=0 el_chained=2720 bodies_held_warns=0 el_build_refused=2 el_build_refused_reasons=_2_no_QMDB_tree_for_parent_block_0x queued_p5=2321000 queued_p50=2513500 road_compact_blocks=0 road_compact_recv_ms=- road_compact_assemble_ms=- road_compact_root_ms=- road_compact_miss_wait_ms=- road_compact_senders_ms=- road_compact_check_ms=- road_compact_other_ms=- road_compact_total_ms=- road_compact_misses_total= compact_refused_el=0 compact_fallbacks=0 compact_bytes_median=- pool_order9=13559 par_pull_ms_median=0 build_total_ms_median2=62 road_compact_filled_blocks=0 road_compact_filled_median=- road_compact_fill_ms_median=- need_txns=0 fill_failed=0 ingest_rate_gate_open_median=- ingest_gate_open_intervals=0 ingest_slots_busy_median=- flood_rate= fill_asked_proposer=0 fill_asked_other=0 loop_lines=2827 loop_unnamed_ms_median=48 loop_body_served_ms_median=- loop_txns_served_ms_median=- import_exec_ms_median2=- pip_partition_ms=- pip_env_ms=- pip_batch_ms=- pip_groups_ms=- pip_gas_ms=- pip_merge_ms=- pip_receipts_ms=- pip_drop_ms=- pip_other_ms=- pip_total_ms=- senders_indexed_median=- road_senders_ms_median=- road_total_ms_median=- pew_ms_median=- pew_ms_p90= gate_ms_median=- gate_ms_p90= root_ms_p50=- root_ms_p90= two_roads=0 not_on_output=0 not_on_output_why= ckpt_ms_first_q=2 ckpt_ms_last_q=50 ckpt_bytes_last=33516580 parent_still_importing=2 root_wait_ms_p50=- root_wait_ms_p90= tenures_low_seal=23 seal_first_share=0.99 empty_over_deep=0 near_empty_warns=0 no_seal_why= par_skipped_median=- usable_p5=2321000 ckpt_replay_ms_last_q=15 candidates_zero=0 dropped_ingest=0 let_go_warns=0 let_go_reasons= parked_p50=0 parked_max=0 held_warns=0 park_capped_total=0 superseded_builds=0 empty_not_superseded=0 mass_park_warns=0 heads_lines=0 holes_lines=0 stale_parent_refusals=0 par_groups_p5=0 cancelled_decided=1 heads_nonce0=0 stale_unconfirmed= handovers=2 el_panics=0 decided_cancelled=1 min_window_blocks=442 road_desc_blocks=0 road_desc_total_ms=- road_desc_copy_ms=- desc_misses=0 fill_failed2=0 sf_par_collect_ms=0 sf_par_commit_ms=2 sf_par_fold_ms=7 sf_par_graft_ms=0 sf_par_prefault_ms=0 sf_par_exec_ms=17 sf_sealed_at_ms=60 sf_roots_ms=39 sf_state_ready_ms=94 sf_total_ms=182 ba_find_ms=0 ba_queue_ms=4 ba_total_ms=62 ba_on_output=1423 queue_fold_us=0 queue_lock_us=107 sf_par_exec_ms=17 sf_par_fold_ms=7 pip_groups_ms=- import_exec_ms_median2=- reads_d0=0 reads_hist=0 f_reads_d0=- f_reads_hist=- f_overlay_depth=- L_read_set_ms=0 read_set_accounts=0 read_set_unresolved=0 read_set_hits=0 read_set_misses=0 start_best_ms=- par_prep_ms=- gap_before_exec_ms=- gap_after_exec_ms=- gap_before_seal_ms=- index_ms=- road_copy_aside_ms=- road_copy_wait_ms=- road_total_ms=- queue_first_miss=queue_first_miss=0:2546,queue_first_miss=18446744073709551615:1434 root_append_behind=0 populate_lag_mb=0 swap_used_g=0 root_faults=- root_faults_p90= root_faults_entries=0 root_faults_offsets=0 root_faults_index=0 root_faults_bits=0 root_faults_twigs=0 root_faults_undo=0 root_faults_tmp=0 root_append_faults=0 root_twig_pool_misses=0 batch_max_ms=11 batch_min_ms=4 batch_median_ms=7 batch_cpu_max_ms=10 batch_txs_max=2500 batch_txs_min=2500 batch_start_skew_ms=8 batch_wait_ms=0 loop_fetch_ns=0 loop_check_ns=0 loop_transfer_ns=0 loop_receipt_ns=0 loop_gas_ns=0 loop_sink_ns=0 loop_other_ns=0 batch_setup_ns=0 batch_close_ns=0 imp_exec_part_ms=- imp_exec_batches_ms=- imp_exec_graft_ms=- imp_exec_batches=- imp_exec_threads=- imp_exec_batch_max_ms=- imp_exec_batch_median_ms=- imp_parent_output_wait_ms=- road_parent_output_wait_ms=- next_start_gap_ms=1 next_entry_gap_ms=0 commit_body_ahead_used=- imp_exec_keys_ms=- imp_keys_ahead=- imp_exec_sink_ms=- imp_exec_pre_ms=- imp_exec_post_ms=- imp_exec_receipts_ms=- imp_exec_drop_ms=- root_gap_ms=- queue_whole=queue_whole=false:2546,queue_whole=true:1434 tick_tick_late_us=971 tick_preamble_us=340 tick_take_sealed_us=1 tick_sign_us=0 tick_cache_us=0 tick_presealed=- tick_describe_us=10 tick_publish_us=597 tick_tick_to_send_us=1998 road_check_ms=- road_check_include_us=- road_check_scan_us=- road_check_fold_us=- road_check_senders_us=- road_check_frames_summarized=- road_check_frames_scanned=- imp_exec_start_gap_us=- imp_gap_road_us=- imp_gap_header_us=- imp_gap_senders_us=- imp_gap_parent_us=- imp_gap_setup_us=- imp_gap_keys_wait_us=- sealed_at_p90= sealed_over_130=0 roots_ms=- cycle_p90= batch_max_ms=- batch_median_ms=- imp_batch_max=- forest_lock_warns=2100 root_seal_ms=1 root_seals=39 root_majflt=3862 roots_p90= gp_layer=1433 ggp_missing=56 state_wait_split=0/0/0/0:919,1/0/0/0:137,2/0/0/0:119 qmdb_releases=0 state_wait_on= imp_road_end_ms=- imp_exec_start_ms=- imp_exec_end_ms=- imp_root_end_ms=- imp_fields_ready_ms=- imp_parent_fields_wait_ms=- imp_exec_ms=- imp_root_ms=- imp_checks_ms=- imp_engine_ms=- imp_total_ms=- road_parent_fields_wait_ms=- exec_read_ms=0 L_exec_evm_ms=0 L_exec_write_ms=0 L_exec_other_ms=0 L_reads_cache=0 L_reads_provider=0 L_reads_view=0 L_graft_base_ms=0 L_graft_reserve_ms=0 L_graft_insert_ms=0 L_graft_reverts_ms=0 L_graft_other_ms=0 L_par_exec_ms=17 L_par_graft_ms=0 F_exec_read_ms=- F_exec_evm_ms=- F_exec_write_ms=- F_exec_other_ms=- F_reads_cache=- F_reads_provider=- F_reads_view=- F_groups_ms=- L_tx_root_wait_ms=0 L_par_exec_ms=17 L_par_graft_ms=0 L_par_fold_ms=7 L_sealed_ms=7 L_state_ready_ms=94 L_roots_ms=39 L_finish_ms=106 L_total_ms=182 L_setup_ms=0 L_par_pull_ms=0 L_give_back_ms=0 L_state_wait_ms=0 L_state_after_pull=1424 L_seal_at_exec=1424 L_tx_root_ahead=0 flood_w1=3089922 txs_p10=200000 acq_us=474 slots_busy=12 ingest_rate=3067738 L_scope_join_ms=0 L_par_release_ms=0 L_commit_body_ms=0 L_par_commit_ms=2 L_give_back_ms=0 L_sealed_ms=7 L_par_exec_ms=17 L_state_wait_ms=0 L_par_pull_ms=0 L_par_prep_ms=3 L_par_start_ms=5 L_pre_exec_ms=0 L_par_run_ms=19 L_sealed_at_ms=60 F_partition_ms=- F_env_ms=- F_groups_ms=- F_merge_ms=- F_reverts_wait_ms=- F_ahead_wait_ms=- F_total_ms=- I_engine_ms=- I_root_ms=- I_total_ms=- H_engine_remember_ms=- H_engine_listing_ms=- H_engine_new_payload_ms=- busy_us=1 L_par_start_ms=5 L_start_handoff_ms=4 L_start_best_ms=5 L_start_puller_ms=0 L_par_pull_ms=0 L_par_prep_ms=3 L_state_wait_ms=0 L_par_exec_ms=17 L_par_commit_ms=2 L_sealed_ms=7 L_sealed_at_ms=60 L_par_graft_ms=0 L_graft_insert_ms=0 L_graft_reverts_ms=0 L_graft_split_us=0 L_graft_build_us=0 L_graft_merge_us=0 L_state_ready_ms=94 Q_queue_ms=0 R_dispatch_wait_ms=- R_total_ms=- R_road_runtime=1 gate_holds=0 peer_fetch=0 pool_limit=limit=4 gate_opened=gate_opened_for_block=0 I_root_ms=- flood_rate_hdr=rate=6000000/s fills=0 fill_waited=- slots_busy=12 acq_us=474 busy_us=1 converged=0 fallbacks=0 busy_us=1 recover_us=0 tf_on_output=3 tf_fallback=0 still_importing=2 busy_us=1 slots_busy=12 batches=altsig_txs=0 altsig_batches=0 tf_on_output=3 tf_fallback=0 gate_holds=0 sign_s=sign 0s replay_note=replay       : 64 files from /data/n42-pregen/g900000-400m, 400000000 transactio sign_s=sign 0s shard=shard_verified=0 shard_claimed=0 road_verified=- slots_busy=12 gate_us=7357 reply_us=7907 queued=2513500 assemble_ms=- road_take_ms=- road_body_ms=- road_encode_ms=- shards=16 shard_insert_ms=0 shard_wait_ms=0 shard_fold_ms=14 shard_append_ms=14 shard_merge_ms=52 state_ready_ms=94 roots_ms=39 exec_read_ms=0 exec_evm_ms=0 exec_write_ms=0 exec_other_ms=0 reads_cache=0 reads_provider=0 reads_view=0 par_run_ms=19 fold_task_cpu_max_us=13941 fold_task_minflt_max=648 fold_task_minflt_sum=648 fold_task_migrated=0 fold_task_nivcsw_max=0 fold_index=1 fold_index_build_ms=13 fold_index_conflicts=9214 fold_queue_us=27 fold_skew_us=74 fold_task_max_us=13939 fold_tail_us=23 start_best_ms=5 start_select_ms=0 start_walk_ms=0 start_walk_check_ms=0 start_best_other_ms=0 start_frames_by_ref=0 start_frames_slow=0 start_pull_ms=0 start_other_ms=0 start_handoff_ms=4 par_start_ms=5 par_prep_ms=3 par_commit_ms=2 commit_body_ms=0 par_fold_ms=7 sealed_ms=7 copy_ms=- prune_ms=0 frames=- frames_missing=- frame_root_ms=- root_ms=- frames_admitted=frames_admitted=568978 frames_unaligned=0 frame_root_indexed=- seal_layout_ms=0 seal_root_ms=0 attested= busy_us=1 slots_busy=12 reply_us=7907 prune_ms=0 body_refused=0 body_failed_late=0
loop342BESTb win1 tps=3,153,333 txs=94,600,000 blocks= 473 cycle=0.063s occupancy=100.0% full(>=95%)=473/473 basefee=n/a (from the layer's log)
loop342BESTb win2 tps=3,106,667 txs=93,200,000 blocks= 466 cycle=0.064s occupancy=100.0% full(>=95%)=466/466 basefee=n/a (from the layer's log)
loop342BESTb win3 tps=2,946,667 txs=88,400,000 blocks= 442 cycle=0.068s occupancy=100.0% full(>=95%)=442/442 basefee=n/a (from the layer's log)
loop342BESTb tps=3,153,333 round_txs=276200000 cycles_w1=
loop342BESTb imp_fields_p90= b_p75=21
loop342BESTb overlay: filter_skips=0 probes=0 ratio=- (ratio = skips/(skips+probes))
loop342BESTb overlay_manager:       1 state_trie_overlay=false  state-ovly_cpu=0
loop342BESTb verify: written to /data/blockchain/rust-fleet7-bench/bench-loop342BESTb/verify.json
== loop342BESTb  (E=1: seven validator keys on one execution layer)
  window 1: canonical 474 blocks, 94.8M tx = 3,160,000/s (100.0% of window 1), full 473/474 (100%); cycle mean/median/p90 63.2/61.5/68.6 ms
    leader builds 474: sealed_at median/p90/p99 59/75/94; phases median/p90 ms: gap_before_exec 3/7, state_wait 1/4, par 58/74, par_exec 17/23, roots 36/46, parent_fields 0/8, sealed 6/15
    state_wait_on {'none': 241, 'output': 224, 'grandparent': 4, 'open': 5}; builds with state_wait > 20 ms: 3 ([('grandparent', 3)]); gp_layer {1.0: 474}, ggp_missing {0.0: 470, 1.0: 4}
    queue at the builds min/median 1,923,500/2,495,000
    new field batch_cpu_sum_us: median/p90/max 570310.5/735679.0/2459675, nonzero 474
    new field batch_dispatch_us: median/p90/max 89.0/127.0/3342, nonzero 474
    new field batch_first_start_us: median/p90/max 33.0/47.0/71, nonzero 474
    new field batch_ivcsw: median/p90/max 0.0/5.0/30, nonzero 172
    new field batch_last_end_us: median/p90/max 16213.5/22148.0/65325, nonzero 474
    new field batch_last_start_us: median/p90/max 8286.5/10610.0/45269, nonzero 474
    new field batch_live_deferred: median/p90/max 56.0/61.0/68, nonzero 474
    new field batch_live_lock_hold_us: median/p90/max 7042.5/8715.0/15174, nonzero 474
    new field batch_live_lock_wait_us: median/p90/max 0.0/0.0/0, nonzero 0
    new field batch_live_lock_waits: median/p90/max 0.0/0.0/0, nonzero 0
    new field batch_majflt: median/p90/max 0.0/0.0/0, nonzero 0
    new field batch_minflt: median/p90/max 861.5/5472.0/10126, nonzero 474
    new field batch_open_max_us: median/p90/max 690.0/793.0/3985, nonzero 474
    new field batch_open_sum_us: median/p90/max 26252.0/31060.0/35841, nonzero 474
    new field batch_threads: median/p90/max 48.0/48.0/48, nonzero 474
    new field batch_vcsw: median/p90/max 262.0/474.0/1111, nonzero 474
    new field batch_view_index_wait_us: median/p90/max 0.0/10470.0/54377, nonzero 62
    new field batch_view_index_waits: median/p90/max 0.0/157.0/762, nonzero 62
    new field batch_view_slot_wait_us: median/p90/max 0.0/1295.0/18768, nonzero 69
    new field batch_view_slot_waits: median/p90/max 0.0/36.0/137, nonzero 71
    new field batch_wall_sum_us: median/p90/max 581659.5/744362.0/2464628, nonzero 474
    new field batches: median/p90/max 80.0/80.0/80, nonzero 474
    new field live_index_defer: {'true': 474}
    new field one_wave: {'false': 474}
    new field open_engine_us: median/p90/max 0.0/0.0/40347, nonzero 4
    new field open_fallback: {'false': 470, 'true': 4}
    new field open_keep_us: median/p90/max 3.0/5.0/43, nonzero 474
    new field open_layers: median/p90/max 3.0/3.0/3, nonzero 474
    new field open_provider_us: median/p90/max 104.0/146.0/303, nonzero 474
    new field plan_age_us: median/p90/max 53415.0/68964.0/102710, nonzero 474
    new field plan_ahead: median/p90/max 1.0/1.0/1, nonzero 474
    new field plan_discard: {'': 474}
    new field plan_prep_us: median/p90/max 7739.0/9759.0/34348, nonzero 474
    new field plan_topup_txs: median/p90/max 0.0/0.0/0, nonzero 0
    new field prev_seal_to_answer_us: median/p90/max 1339.0/2311.0/6116, nonzero 474
    new field prev_seal_to_entry_us: median/p90/max 0.0/0.0/0, nonzero 0
    new field prev_seal_to_header_us: median/p90/max 159.0/231.0/373, nonzero 474
    new field prev_seal_to_import_us: median/p90/max 111957.0/130065.0/171434, nonzero 473
    new field prev_seal_to_request_us: median/p90/max 877.5/1027.0/63324, nonzero 474
    new field prev_seal_to_start_us: median/p90/max 1123.5/1337.0/63572, nonzero 474
    new field pull_bulk_txs: median/p90/max 200000.0/200000.0/200000, nonzero 474
    new field pull_bulk_us: median/p90/max 795.0/1006.0/3806, nonzero 474
    new field root_apply_total_us: median/p90/max 22563.5/28938.0/43906, nonzero 474
    new field root_delta_us: median/p90/max 1114.0/4232.0/9449, nonzero 474
    new field root_index_us: median/p90/max 2893.0/6651.0/13844, nonzero 474
    new field root_leaves_us: median/p90/max 6611.5/12872.0/26445, nonzero 474
    new field root_note_us: median/p90/max 146.0/214.0/1855, nonzero 474
    new field root_rehash_us: median/p90/max 1380.5/1892.0/13056, nonzero 474
    new field root_retire_us: median/p90/max 1530.0/2363.0/8732, nonzero 474
    new field root_sort_us: median/p90/max 78.0/136.0/1462, nonzero 474
    new field root_writes_us: median/p90/max 6790.5/9540.0/20327, nonzero 474
    new field sealed_unix_us: median/p90/max 1791264231767589.5/1791264243721487.0/1791264246709426, nonzero 474
    new field start_walk_check_us: median/p90/max 0.0/0.0/0, nonzero 0
    new field start_walk_ids_us: median/p90/max 0.0/0.0/0, nonzero 0
    new field start_walk_settle_us: median/p90/max 0.0/0.0/0, nonzero 0
    new field start_walk_us: median/p90/max 0.0/0.0/0, nonzero 0
    new field state_wait_us: median/p90/max 1014.0/4778.0/43159, nonzero 474
    new field view_journal_reads: median/p90/max 0.0/69632.0/143360, nonzero 222
    new field view_journal_searches: median/p90/max 0.0/196608.0/419533, nonzero 222
    new field view_journal_skips: median/p90/max 0.0/0.0/0, nonzero 0
    binding wait (tick / quorum / seal share, mean cycle): tick 93% (62); quorum 0%; seal 7% (75); feed-bound (blocks under 95% of the tier): 1 of 474
    slowest key vote delay median/p90 25.4/51.0 ms
    engine own-import total_ms per block median/p90/max 38/61/92 (n=473)
    layer RSS 4.9 -> 26.4 G (max 26.4), in-memory blocks max 10
    execution layer cores busy 38.7    validators cores busy 1.2
    flood delivered (median per 5 s over the leg) 3,084,718/s
  window 2: canonical 466 blocks, 93.2M tx = 3,106,667/s (98.3% of window 1), full 466/466 (100%); cycle mean/median/p90 62.0/61.4/65.1 ms
    leader builds 467: sealed_at median/p90/p99 61/75/101; phases median/p90 ms: gap_before_exec 2/5, state_wait 0/3, par 58/74, par_exec 16/21, roots 40/51, parent_fields 1/13, sealed 8/21
    state_wait_on {'none': 357, 'output': 90, 'grandparent': 17, 'open': 3}; builds with state_wait > 20 ms: 12 ([('grandparent', 12)]); gp_layer {1.0: 467}, ggp_missing {0.0: 450, 1.0: 17}
    queue at the builds min/median 2,315,000/2,511,000
    new field batch_cpu_sum_us: median/p90/max 541184.0/687630.0/2317177, nonzero 467
    new field batch_dispatch_us: median/p90/max 83.0/120.0/846, nonzero 467
    new field batch_first_start_us: median/p90/max 33.0/47.0/65, nonzero 467
    new field batch_ivcsw: median/p90/max 0.0/3.0/29, nonzero 139
    new field batch_last_end_us: median/p90/max 15541.0/20006.0/56688, nonzero 467
    new field batch_last_start_us: median/p90/max 7869.0/10002.0/43899, nonzero 467
    new field batch_live_deferred: median/p90/max 57.0/63.0/111, nonzero 467
    new field batch_live_lock_hold_us: median/p90/max 6752.0/8694.0/14377, nonzero 467
    new field batch_live_lock_wait_us: median/p90/max 0.0/0.0/0, nonzero 0
    new field batch_live_lock_waits: median/p90/max 0.0/0.0/0, nonzero 0
    new field batch_majflt: median/p90/max 0.0/0.0/6, nonzero 1
    new field batch_minflt: median/p90/max 877.0/5854.0/15105, nonzero 467
    new field batch_open_max_us: median/p90/max 680.0/775.0/4260, nonzero 467
    new field batch_open_sum_us: median/p90/max 26604.0/30507.0/38620, nonzero 467
    new field batch_threads: median/p90/max 48.0/48.0/48, nonzero 467
    new field batch_vcsw: median/p90/max 264.0/500.0/894, nonzero 467
    new field batch_view_index_wait_us: median/p90/max 0.0/14098.0/63197, nonzero 69
    new field batch_view_index_waits: median/p90/max 0.0/174.0/612, nonzero 69
    new field batch_view_slot_wait_us: median/p90/max 0.0/2230.0/5988, nonzero 82
    new field batch_view_slot_waits: median/p90/max 0.0/40.0/81, nonzero 82
    new field batch_wall_sum_us: median/p90/max 546237.0/695198.0/2320878, nonzero 467
    new field batches: median/p90/max 80.0/80.0/80, nonzero 467
    new field live_index_defer: {'true': 467}
    new field one_wave: {'false': 467}
    new field open_engine_us: median/p90/max 0.0/0.0/50324, nonzero 17
    new field open_fallback: {'false': 450, 'true': 17}
    new field open_keep_us: median/p90/max 3.0/4.0/8, nonzero 467
    new field open_layers: median/p90/max 3.0/3.0/3, nonzero 467
    new field open_provider_us: median/p90/max 107.0/150.0/497, nonzero 467
    new field plan_age_us: median/p90/max 54381.0/67228.0/105205, nonzero 466
    new field plan_ahead: median/p90/max 1.0/1.0/1, nonzero 466
    new field plan_discard: {'': 466, 'not_on_its_parent': 1}
    new field plan_prep_us: median/p90/max 7874.0/10039.0/23315, nonzero 466
    new field plan_topup_txs: median/p90/max 0.0/0.0/0, nonzero 0
    new field prev_seal_to_answer_us: median/p90/max 1545.0/3380.0/6284, nonzero 467
    new field prev_seal_to_entry_us: median/p90/max 0.0/0.0/0, nonzero 0
    new field prev_seal_to_header_us: median/p90/max 169.0/260.0/346, nonzero 467
    new field prev_seal_to_import_us: median/p90/max 119935.0/137432.0/190568, nonzero 457
    new field prev_seal_to_request_us: median/p90/max 891.0/1081.0/80755, nonzero 467
    new field prev_seal_to_start_us: median/p90/max 1174.0/1400.0/80978, nonzero 467
    new field pull_bulk_txs: median/p90/max 200000.0/200000.0/200000, nonzero 467
    new field pull_bulk_us: median/p90/max 817.0/993.0/3172, nonzero 467
    new field root_apply_total_us: median/p90/max 25318.0/33416.0/50393, nonzero 467
    new field root_delta_us: median/p90/max 1143.0/4512.0/13247, nonzero 467
    new field root_index_us: median/p90/max 3601.0/7706.0/16320, nonzero 467
    new field root_leaves_us: median/p90/max 6902.0/15269.0/28614, nonzero 467
    new field root_note_us: median/p90/max 147.0/216.0/1814, nonzero 467
    new field root_rehash_us: median/p90/max 2002.0/5225.0/16974, nonzero 467
    new field root_retire_us: median/p90/max 1782.0/2571.0/4960, nonzero 467
    new field root_sort_us: median/p90/max 80.0/152.0/2670, nonzero 467
    new field root_writes_us: median/p90/max 7090.0/10423.0/24871, nonzero 467
    new field sealed_unix_us: median/p90/max 1791264261576472.0/1791264273701878.0/1791264276721080, nonzero 467
    new field start_walk_check_us: median/p90/max 0.0/0.0/117, nonzero 1
    new field start_walk_ids_us: median/p90/max 0.0/0.0/574, nonzero 1
    new field start_walk_settle_us: median/p90/max 0.0/0.0/0, nonzero 0
    new field start_walk_us: median/p90/max 0.0/0.0/4695, nonzero 1
    new field state_wait_us: median/p90/max 187.0/3287.0/51780, nonzero 467
    new field view_journal_reads: median/p90/max 0.0/69632.0/126976, nonzero 204
    new field view_journal_searches: median/p90/max 0.0/201237.0/348739, nonzero 204
    new field view_journal_skips: median/p90/max 0.0/0.0/0, nonzero 0
    binding wait (tick / quorum / seal share, mean cycle): tick 100% (62); quorum 0%; seal 0%; feed-bound (blocks under 95% of the tier): 0 of 466
    slowest key vote delay median/p90 32.1/48.4 ms
    engine own-import total_ms per block median/p90/max 45/67/83 (n=466)
    layer RSS 25.6 -> 33.8 G (max 33.8), in-memory blocks max 10
    execution layer cores busy 37.9    validators cores busy 1.2
  window 3: canonical 442 blocks, 88.4M tx = 2,946,667/s (93.2% of window 1), full 442/442 (100%); cycle -
    leader builds 441: sealed_at median/p90/p99 61/88/107; phases median/p90 ms: gap_before_exec 3/10, state_wait 0/7, par 59/87, par_exec 17/21, roots 40/57, parent_fields 1/18, sealed 7/24
    state_wait_on {'output': 126, 'none': 279, 'grandparent': 32, 'open': 3, 'provider_open': 1}; builds with state_wait > 20 ms: 32 ([('grandparent', 27), ('output', 5)]); gp_layer {1.0: 441}, ggp_missing {0.0: 407, 1.0: 34}
    queue at the builds min/median 2,313,500/2,514,000
    new field batch_cpu_sum_us: median/p90/max 550324.0/680234.0/2345728, nonzero 441
    new field batch_dispatch_us: median/p90/max 86.0/131.0/675, nonzero 441
    new field batch_first_start_us: median/p90/max 31.0/44.0/70, nonzero 441
    new field batch_ivcsw: median/p90/max 0.0/4.0/20, nonzero 156
    new field batch_last_end_us: median/p90/max 16000.0/20333.0/98801, nonzero 441
    new field batch_last_start_us: median/p90/max 8259.0/9964.0/49878, nonzero 441
    new field batch_live_deferred: median/p90/max 57.0/68.0/275, nonzero 441
    new field batch_live_lock_hold_us: median/p90/max 7051.0/9528.0/35058, nonzero 441
    new field batch_live_lock_wait_us: median/p90/max 0.0/0.0/0, nonzero 0
    new field batch_live_lock_waits: median/p90/max 0.0/0.0/0, nonzero 0
    new field batch_majflt: median/p90/max 0.0/0.0/6889, nonzero 39
    new field batch_minflt: median/p90/max 1040.0/6319.0/14114, nonzero 441
    new field batch_open_max_us: median/p90/max 688.0/807.0/4012, nonzero 441
    new field batch_open_sum_us: median/p90/max 26744.0/30617.0/57741, nonzero 441
    new field batch_threads: median/p90/max 48.0/48.0/48, nonzero 441
    new field batch_vcsw: median/p90/max 271.0/559.0/7195, nonzero 441
    new field batch_view_index_wait_us: median/p90/max 0.0/883.0/1275052, nonzero 52
    new field batch_view_index_waits: median/p90/max 0.0/15.0/742, nonzero 52
    new field batch_view_slot_wait_us: median/p90/max 0.0/1095.0/140601, nonzero 54
    new field batch_view_slot_waits: median/p90/max 0.0/33.0/103, nonzero 54
    new field batch_wall_sum_us: median/p90/max 581760.0/699466.0/2761698, nonzero 441
    new field batches: median/p90/max 80.0/80.0/80, nonzero 441
    new field live_index_defer: {'true': 441}
    new field one_wave: {'false': 441}
    new field open_engine_us: median/p90/max 0.0/0.0/61028, nonzero 34
    new field open_fallback: {'false': 407, 'true': 34}
    new field open_keep_us: median/p90/max 3.0/4.0/14, nonzero 441
    new field open_layers: median/p90/max 3.0/3.0/3, nonzero 441
    new field open_provider_us: median/p90/max 104.0/146.0/3409, nonzero 441
    new field plan_age_us: median/p90/max 55751.0/76144.0/126477, nonzero 441
    new field plan_ahead: median/p90/max 1.0/1.0/1, nonzero 441
    new field plan_discard: {'': 441}
    new field plan_prep_us: median/p90/max 7769.0/10382.0/121268, nonzero 441
    new field plan_topup_txs: median/p90/max 0.0/0.0/0, nonzero 0
    new field prev_seal_to_answer_us: median/p90/max 1406.0/2999.0/5294, nonzero 441
    new field prev_seal_to_entry_us: median/p90/max 0.0/0.0/0, nonzero 0
    new field prev_seal_to_header_us: median/p90/max 158.0/239.0/440, nonzero 441
    new field prev_seal_to_import_us: median/p90/max 120076.0/144341.0/280896, nonzero 418
    new field prev_seal_to_request_us: median/p90/max 875.0/1095.0/66398, nonzero 441
    new field prev_seal_to_start_us: median/p90/max 1145.0/1485.0/66619, nonzero 441
    new field pull_bulk_txs: median/p90/max 200000.0/200000.0/200000, nonzero 441
    new field pull_bulk_us: median/p90/max 807.0/1000.0/2529, nonzero 441
    new field root_apply_total_us: median/p90/max 24768.0/31818.0/61616, nonzero 441
    new field root_delta_us: median/p90/max 1118.0/3655.0/14026, nonzero 441
    new field root_index_us: median/p90/max 3224.0/7478.0/36893, nonzero 441
    new field root_leaves_us: median/p90/max 6372.0/12857.0/29692, nonzero 441
    new field root_note_us: median/p90/max 139.0/228.0/1812, nonzero 441
    new field root_rehash_us: median/p90/max 2580.0/5587.0/14305, nonzero 441
    new field root_retire_us: median/p90/max 1760.0/2606.0/5621, nonzero 441
    new field root_sort_us: median/p90/max 82.0/176.0/1448, nonzero 441
    new field root_writes_us: median/p90/max 7111.0/10216.0/17165, nonzero 441
    new field sealed_unix_us: median/p90/max 1791264291537431.0/1791264303344826.0/1791264306668386, nonzero 441
    new field start_walk_check_us: median/p90/max 0.0/0.0/0, nonzero 0
    new field start_walk_ids_us: median/p90/max 0.0/0.0/0, nonzero 0
    new field start_walk_settle_us: median/p90/max 0.0/0.0/0, nonzero 0
    new field start_walk_us: median/p90/max 0.0/0.0/0, nonzero 0
    new field state_wait_us: median/p90/max 248.0/7718.0/134143, nonzero 441
    new field view_journal_reads: median/p90/max 0.0/73728.0/155648, nonzero 209
    new field view_journal_searches: median/p90/max 0.0/209179.0/452800, nonzero 209
    new field view_journal_skips: median/p90/max 0.0/0.0/0, nonzero 0
    engine own-import total_ms per block median/p90/max 41/69/165 (n=442)
    layer RSS 33.1 -> 39.9 G (max 39.9), in-memory blocks max 11
    execution layer cores busy 36.5    validators cores busy 1.1
  round total (3 windows, canonical): 276.4M tx
  layer peak RSS 39.9 G; in-memory blocks max 11
  fields at seal: mode "early", verified 0, unchecked 0, mismatches 0 (last build line, cumulative)
  own_executed_again (built here and also directly imported): 0 of 1423 built blocks
== loop342BESTb
  layer-0 leader window-1 builds 475: txs mean 200000, share >= 95% of the tier 100% (max 200000); sealed_at_ms 59.0/75.0; par_ms 58.0/75.0; par_exec_ms 17.0/23.0; roots_ms 36.0/46.0; parent_fields_ms 0.0/8.0; sealed_ms 6.0/15.0
  proposal cycle window 1 (n=490): mean 63.2 median 61.5 p90 68.6 ms; blocks in the 30 s: 490
  binding wait (tick / quorum / seal, share and mean cycle): tick 92.6% (62.3); quorum 0%; seal 7.4% (75.2)
  vote delay after the proposal, slowest key per block: median 25.4 p90 51.0 ms (slowest minus the median key: median 0.2); last key: {1: 78, 2: 67, 3: 94, 4: 63, 5: 89, 6: 83} of 474 blocks
  CPU in window 1 (cores busy): execution layers 38.7 over 1 process(es); validators 1.2 over 7 process(es)
  execution layer peak RSS 39.9 G; in-memory blocks max 11 (node0 and others, all layers)
  blocks built here 1423; none also directly imported
  import-once counters at the last direct import: ; start-up lines with import_once=true: 1; queue-lock lines 0
  layer-0 queue (queued after canonical prune), median per 10 s: t+0:2483000 t+20:2511250 t+40:2515000 t+60:2513000 t+80:2516000
  flood: median per 5 s 3084718/s, final -
  timeout / given-up lines: 1; 05:23:08 v0 INFO process_event{view=1 kind="message"}: n42::cl::timeout: TC formed
loop342BESTb page_faults_per_s_median: node0=169599 
feedcheck loop342BESTb: ok (block 200,000 tx)
== loop342BESTb: feed check (acq_us / gate_us / reply_us are per frame of 500; rate per 5 s `ingest` line)
  window 1: ingest lines 6; acq_us 476 (max 1230); gate_us 6988; reply_us 7566; slots_busy 13%; delivered median 3,184,233/s max 3,239,845/s; queue at builds median 2,495,000 min 1,923,500; full 100% of 474 blocks
  window 2: ingest lines 6; acq_us 474 (max 496); gate_us 7265; reply_us 7838; slots_busy 12%; delivered median 3,100,178/s max 3,235,360/s; queue at builds median 2,511,000 min 2,315,000; full 100% of 466 blocks
  window 3: ingest lines 6; acq_us 479 (max 491); gate_us 7751; reply_us 8328; slots_busy 12%; delivered median 2,976,446/s max 3,030,634/s; queue at builds median 2,514,000 min 2,313,500; full 100% of 442 blocks
  flood.log (+15..+100 s): rate per 5 s median 3,079,470/s max 3,231,128/s; reply latency median 62.2 ms max 69.8 ms
== loop342BESTb: lanes lock, drain and pruner (new fields)
  window 1: lock duty 61.5% (max 65.0); holds/5s 2,121; longest hold 25.82 ms median, 33.92 ms max by crates/n42/tx-queue/src/lib.rs:1990 (most frequent holders [('crates/n42/tx-queue/src/lib.rs:1990', 5), ('crates/n42/tx-queue/src/lib.rs:2626', 1)]); lock wait 2340.9 ms/5s, longest 33.96 ms; drains/5s 869 of 18341 tx, mean 1492 us, max 20.30 ms
           prune (472 blocks): prune_ms 33/46; fold 0.5 ms, lock 0.0 ms, remove(hold) 9.9 ms, free 0.0 ms; frames_swept 400; coalesced on 472 of 472; prune_wait_ms 0/0; pruner busy 53% of a thread, lock held by it 1.5%
  window 2: lock duty 63.5% (max 67.0); holds/5s 1,974; longest hold 27.61 ms median, 32.90 ms max by crates/n42/tx-queue/src/lib.rs:1990 (most frequent holders [('crates/n42/tx-queue/src/lib.rs:1990', 6)]); lock wait 2683.6 ms/5s, longest 32.92 ms; drains/5s 747 of 20712 tx, mean 1749 us, max 19.35 ms
           prune (455 blocks): prune_ms 36/50; fold 0.6 ms, lock 0.0 ms, remove(hold) 10.7 ms, free 0.0 ms; frames_swept 400; coalesced on 455 of 455; prune_wait_ms 0/0; pruner busy 55% of a thread, lock held by it 1.6%
  window 3: lock duty 59.5% (max 62.0); holds/5s 1,937; longest hold 26.73 ms median, 93.71 ms max by crates/n42/tx-queue/src/lib.rs:2626 (most frequent holders [('crates/n42/tx-queue/src/lib.rs:1990', 5), ('crates/n42/tx-queue/src/lib.rs:2626', 1)]); lock wait 2580.3 ms/5s, longest 93.72 ms; drains/5s 768 of 19409 tx, mean 1598 us, max 20.85 ms
           prune (417 blocks): prune_ms 35/48; fold 0.6 ms, lock 0.0 ms, remove(hold) 10.7 ms, free 0.0 ms; frames_swept 400; coalesced on 417 of 417; prune_wait_ms 0/0; pruner busy 49% of a thread, lock held by it 1.6%
== loop342BESTb: pruner (per block; busy = sum prune_ms / 30 s, lock = sum (remove_us + settle_us) / 30 s)
  window 1: 472 prunes; prune_ms 33/46; remove_us 9.9/19.8 ms; forget_us 3.1/4.7 ms; settle_us 3.1 ms; pruner busy 53% of a worker; lanes lock held for removal 24%
  window 2: 455 prunes; prune_ms 36/50; remove_us 10.7/21.7 ms; forget_us 3.3/5.4 ms; settle_us 3.4 ms; pruner busy 55% of a worker; lanes lock held for removal 25%
  window 3: 417 prunes; prune_ms 35/48; remove_us 10.7/21.5 ms; forget_us 3.5/5.7 ms; settle_us 3.4 ms; pruner busy 49% of a worker; lanes lock held for removal 22%
== loop342BESTb: seal start / pull, prepared plan, answer, chunked drain
  window 1: 474 builds; start_best_ms 5/11; start_walk_us 0/0; start_pull_ms 0/0; par_pull_ms 0/0; par_start_ms 5/11; par_ms 58/74; sealed_at_ms 59/75; pull_bulk_us 795/1006; pull_bulk_txs 200000/200000; plan_age_us 53415/68964; plan_prep_us 7739/9759; plan_topup_txs 0/0
           plan_ahead {'1': 474}; plan_discard {'': 474}
           answer: built-ahead bytes median/max 15,243/15,245, layout_only {'true': 475}; proposal sent bytes median/max 15,243/15,245, layout_only {'true': 475}
           drain: chunks/5s 690, chunk max 8,192 tx, finished by others/5s 52; plan_discards (last ingest line) -
  window 2: 467 builds; start_best_ms 6/16; start_walk_us 0/0; start_pull_ms 0/0; par_pull_ms 0/0; par_start_ms 6/16; par_ms 58/74; sealed_at_ms 61/75; pull_bulk_us 817/993; pull_bulk_txs 200000/200000; plan_age_us 54381/67228; plan_prep_us 7874/10039; plan_topup_txs 0/0
           plan_ahead {'1': 466, '0': 1}; plan_discard {'': 466, 'not_on_its_parent': 1}
           answer: built-ahead bytes median/max 15,245/15,245, layout_only {'true': 467}; proposal sent bytes median/max 15,245/15,245, layout_only {'true': 465}
           drain: chunks/5s 596, chunk max 8,192 tx, finished by others/5s 54; plan_discards (last ingest line) -
  window 3: 441 builds; start_best_ms 5/15; start_walk_us 0/0; start_pull_ms 0/0; par_pull_ms 0/0; par_start_ms 5/15; par_ms 59/87; sealed_at_ms 61/88; pull_bulk_us 807/1000; pull_bulk_txs 200000/200000; plan_age_us 55751/76144; plan_prep_us 7769/10382; plan_topup_txs 0/0
           plan_ahead {'1': 441}; plan_discard {'': 441}
           answer: built-ahead bytes median/max 15,245/15,245, layout_only {'true': 441}; proposal sent bytes median/max 15,245/15,245, layout_only {'true': 442}
           drain: chunks/5s 630, chunk max 8,192 tx, finished by others/5s 52; plan_discards (last ingest line) -
== loop342BESTb: persistence per window (ms per block = part sum / blocks persisted)
  window 1: persisted 471 of 474 produced (99%); total 32.5, sf_tx 29.3, sf_rcpt 6.5, sf_acct 13.6, sf_send 11.0, scope 29.4, qmdb 14.0, post 0.0, pre 3.1, plain_rev 3.1, commit_sf 0.7, commit_mdbx 0.1, commit_rocks 0.1; longest task sf_tx 29.3; in-memory 7 -> 8 (max 10); RSS 4.9 -> 25.6 G; lag 8 -> 8 = +1.0 blocks/min; bp max 0
  window 2: persisted 466 of 466 produced (100%); total 33.9, sf_tx 30.2, sf_rcpt 6.4, sf_acct 14.0, sf_send 11.2, scope 30.3, qmdb 16.0, post 0.0, pre 3.6, plain_rev 3.6, commit_sf 0.7, commit_mdbx 0.1, commit_rocks 0.1; longest task sf_tx 30.2; in-memory 8 -> 8 (max 10); RSS 25.6 -> 33.1 G; lag 8 -> 8 = +0.0 blocks/min; bp max 0
  window 3: persisted 439 of 442 produced (99%); total 37.6, sf_tx 32.9, sf_rcpt 6.6, sf_acct 14.2, sf_send 11.1, scope 34.1, qmdb 17.3, post 0.0, pre 3.6, plain_rev 3.6, commit_sf 1.0, commit_mdbx 0.1, commit_rocks 0.1; longest task sf_tx 32.9; in-memory 8 -> 11 (max 11); RSS 33.1 -> 39.8 G; lag 8 -> 9 = +2.0 blocks/min; bp max 0
  leg end: in-memory 7, max over the sampler 11, backpressure stalls 0
== loop342BESTb: execution and root fields (median / p90 per block)
  window 1 (474 builds): on-CPU share 0.99/1.00; CPU per transfer 2.85/3.68 us; par_exec_ms 17/23; batch_max_ms 11/16; batch_median_ms 7/8; batch_vcsw 262/474; batch_ivcsw 0/5; batch_minflt 862/5,472; batch_majflt 0/0; batch_live_lock_waits 0/0; batch_live_lock_wait_us 0/0; batch_live_lock_hold_us 7,042/8,715; batch_live_deferred 56/61; shard_append_ms 14/17; shard_fold_ms 15/24; shard_wait_ms 0/0; batch_view_slot_waits 0/36; batch_view_slot_wait_us 0/1,295; batch_view_index_waits 0/157; batch_view_index_wait_us 0/10,470; batch_open_sum_us 26,252/31,060; batch_open_max_us 690/793; roots_ms 36/46; seal_to_fields_us 51,758/62,013; sealed_at_ms 59/75
  window 2 (467 builds): on-CPU share 0.99/1.00; CPU per transfer 2.71/3.44 us; par_exec_ms 16/21; batch_max_ms 10/14; batch_median_ms 6/8; batch_vcsw 264/500; batch_ivcsw 0/3; batch_minflt 877/5,854; batch_majflt 0/0; batch_live_lock_waits 0/0; batch_live_lock_wait_us 0/0; batch_live_lock_hold_us 6,752/8,694; batch_live_deferred 57/63; shard_append_ms 15/17; shard_fold_ms 14/20; shard_wait_ms 0/0; batch_view_slot_waits 0/40; batch_view_slot_wait_us 0/2,230; batch_view_index_waits 0/174; batch_view_index_wait_us 0/14,098; batch_open_sum_us 26,604/30,507; batch_open_max_us 680/775; roots_ms 40/51; seal_to_fields_us 54,932/65,867; sealed_at_ms 61/75
  window 3 (441 builds): on-CPU share 0.99/1.00; CPU per transfer 2.75/3.40 us; par_exec_ms 17/21; batch_max_ms 11/15; batch_median_ms 7/8; batch_vcsw 271/559; batch_ivcsw 0/4; batch_minflt 1,040/6,319; batch_majflt 0/0; batch_live_lock_waits 0/0; batch_live_lock_wait_us 0/0; batch_live_lock_hold_us 7,051/9,528; batch_live_deferred 57/68; shard_append_ms 14/17; shard_fold_ms 13/19; shard_wait_ms 0/0; batch_view_slot_waits 0/33; batch_view_slot_wait_us 0/1,095; batch_view_index_waits 0/15; batch_view_index_wait_us 0/883; batch_open_sum_us 26,744/30,617; batch_open_max_us 688/807; roots_ms 40/57; seal_to_fields_us 55,784/75,521; sealed_at_ms 61/88
flood span 95 s; tokio-rt threads alive throughout 34 of 66; group 9.9 cores busy over them (all threads incl. short-lived 12.7)
  per-thread cores busy, top 12: 0.60 0.59 0.58 0.57 0.57 0.56 0.56 0.56 0.55 0.55 0.55 0.55; threads over 0.9 core: 0, over 0.7: 0
== loop342BESTb: 1382 full builds in the 3 windows
  par_exec_ms 17/21; par_run_ms 19/30; batch_start_skew_ms 8/10; batch_median_ms 7/8; batch_max_ms 11/15; batch_first_start_us 32/46; batch_last_start_us 8122/10185; batch_dispatch_us 86/127; batch_last_end_us 15987/20500; batches 80/80; batch_threads 48/48; batch_txs_max 2500/2500; batch_txs_min 2500/2500; start_walk_ms 0/0; start_walk_check_ms 0/0; par_start_ms 5/14; sealed_at_ms 60/79; prev_seal_to_answer_us 1424/2881; prev_seal_to_entry_us 0/0; prev_seal_to_header_us 164/244; prev_seal_to_import_us 117188/137432; prev_seal_to_request_us 881/1077; prev_seal_to_start_us 1146/1393; start_walk_check_us 0/0; start_walk_ids_us 0/0; start_walk_settle_us 0/0; start_walk_us 0/0
  one_wave {'false': 1382}
  batches == batch_threads on 0 of 1382 builds
  last - first batch start (ms) median/p90 8.09/10.15; under 2 ms on 0 of 1382 builds
datadirs of this round wiped; /data free 1010G
released at 01:27
ALLDONE
