/data free 1051G at launch
tree at 7642fa01a (test(fleet7): loop341 runner and launcher pair); box free at 20:36; builds:
built at 20:39; ingest/tx-types tests:
test result: ok. 64 passed; 0 failed; 0 ignored; 0 measured; 0 filtered out; finished in 1.07s
test result: ok. 21 passed; 0 failed; 4 ignored; 0 measured; 0 filtered out; finished in 8.88s
flood tests:
test result: ok. 8 passed; 0 failed; 1 ignored; 0 measured; 0 filtered out; finished in 0.80s
tests from 20:40 (no claim)
tests passed at 20:56: 1340 tests
built 7642fa01a+tree at 20:59
waiting for a quiet box from 20:59
claimed at 21:01 (1791248454): avail 112G load 1.61
tip 7642fa01a tree: 2 changed files; native n42 built 20:39:13, h2_validator 20:37:40, deferred n42 20:59:52; last source change 20:36:51 (crates/n42/twig-core/src/qmdb_compat.rs)
replay set for every leg: /data/n42-pregen/g900000-400m (senders 12500)
leg loop341WARM: /data free 1050G (needs 120 G)
leg loop341WARM start 21:01:30 load 1.61
round loop341WARM exit 0 at 21:04:20
loop341WARM save stages (node0, seconds summed over the leg / count): batch_size=1957.0/650  batch_size=1957.0/650  reth_consensus_engine_beacon_persistence_duration=55.3/650  duration_seconds=52.3/650  total=47.9/650  scope=42.9/650  sf=42.8/650  sf_transactions=42.5/650  qmdb_persisted=23.0/650  sf_account_changesets=19.9/650
el binary: /data/n42-build/target-n42-rs/native/release/n42 env: N42_IMPORT_ONCE=1 N42_SETTLEMENT_TAGS=legacy N42_BUILD_THROTTLE_SOFT=48 F7_EL_MAP=0,0,0,0,0,0,0 N42_FIELDS_AT_SEAL=1 N42_FRAME_BLOCKS=1 N42_TX_INGEST_RECOVER_PARALLEL=24 N42_PARALLEL_BUILD_THREADS=32 N42_PLAN_AHEAD=1 N42_HASHED_TABLES=off F7_FLOOD_RATE=6000000 N42_COMPACT_BODY=1 MALLOC_CONF=thp:always,oversize_threshold:0,dirty_decay_ms:2000,background_thread:true N42_ACCOUNT_HISTORY=off N42_TAKE_COMPACT=1 N42_SF_EARLY_WRITEBACK=1 N42_ROAD_RUNTIME=1 N42_TX_INGEST_HIGH_WATER=2500000 F7_BENCH_POOL_SLOTS=3000000 N42_TX_QUEUE_DRAIN_CHUNK=8192 N42_ANSWER_LAYOUT_ONLY=1 N42_PULL_BY_FRAMES=1 N42_SF_PARALLEL_ENCODE=1 N42_BUILD_THROTTLE_HARD=80 RAYON_NUM_THREADS=16 TOKIO_WORKER_THREADS=16 N42_QMDB_READS=on N42_LEADER_LAYERS=3 N42_PERSIST_QMDB_IN_SCOPE=1 F7_BLOCK_INTERVAL_MS=60 F7_MEASURE_FROM_LOG=1
validator env: N42_IMPORT_ONCE=1 N42_SETTLEMENT_TAGS=legacy N42_BUILD_THROTTLE_SOFT=48 F7_EL_MAP=0,0,0,0,0,0,0 N42_FIELDS_AT_SEAL=1 N42_FRAME_BLOCKS=1 N42_TX_INGEST_RECOVER_PARALLEL=24 N42_PARALLEL_BUILD_THREADS=32 N42_PLAN_AHEAD=1 N42_HASHED_TABLES=off F7_FLOOD_RATE=6000000 N42_COMPACT_BODY=1 N42_ACCOUNT_HISTORY=off N42_TAKE_COMPACT=1 N42_SF_EARLY_WRITEBACK=1 N42_ROAD_RUNTIME=1 N42_TX_INGEST_HIGH_WATER=2500000 F7_BENCH_POOL_SLOTS=3000000 N42_TX_QUEUE_DRAIN_CHUNK=8192 N42_ANSWER_LAYOUT_ONLY=1 N42_PULL_BY_FRAMES=1 N42_SF_PARALLEL_ENCODE=1 N42_BUILD_THROTTLE_HARD=80 RAYON_NUM_THREADS=16 TOKIO_WORKER_THREADS=16 N42_QMDB_READS=on N42_LEADER_LAYERS=3 N42_PERSIST_QMDB_IN_SCOPE=1 F7_MEASURE_FROM_LOG=1
loop341WARM once: start-up lines import_once=true 1; last direct-import counters 
loop341WARM imports: layers=1 direct_imports=0 canonical_blocks=4011 import_once_lines=1 (per layer: direct imports should equal canonical blocks for one execution per block)
grep: /data/blockchain/rust-fleet7-bench/node1/el.log: No such file or directory
grep: /data/blockchain/rust-fleet7-bench/node2/el.log: No such file or directory
grep: /data/blockchain/rust-fleet7-bench/node3/el.log: No such file or directory
grep: /data/blockchain/rust-fleet7-bench/node1/el.log: No such file or directory
grep: /data/blockchain/rust-fleet7-bench/node2/el.log: No such file or directory
grep: /data/blockchain/rust-fleet7-bench/node3/el.log: No such file or directory
cat: /data/blockchain/rust-fleet7-bench/node2/el.log: No such file or directory
cat: /data/blockchain/rust-fleet7-bench/node2/el.log: No such file or directory
cat: /data/blockchain/rust-fleet7-bench/node2/el.log: No such file or directory
cat: /data/blockchain/rust-fleet7-bench/node1/el.log: No such file or directory
cat: /data/blockchain/rust-fleet7-bench/node2/el.log: No such file or directory
cat: /data/blockchain/rust-fleet7-bench/node3/el.log: No such file or directory
Traceback (most recent call last):
  File [35m"<stdin>"[0m, line [35m4[0m, in [35m<module>[0m
[1;35mIndexError[0m: [35mlist index out of range[0m
loop341WARM no_variant=0 own_not_committed=0 tc=1 invalid_blocks=0 incomplete=0 gas_mismatch=0 direct_imports_failed=0 stuck_at_hashed_state=0 engine_idles_over_5s=1 proposals_given_up=0 tables_off_nodes=1 unanswered_reads=0 seal_first_total=1456 seal_first_direct=1456 direct_guard_errors=0 commit_ms_median=2 fold_ms_median=7 sealed_at_ms_median=60 state_ready_ms_median=96 build_total_ms_median=182 recover_us_median=0 par_exec_ms_median=30 par_exec_ms_median=30 giveback_filtered=0 giveback_offered_max=200000 seal_first=1456 reader_lag_max=9 reader_lag_warns=0 view_invalidated=0 el_sum_peak_g=40.7 el_max_peak_g=40.7 val_sum_peak_g=1.9 flood_peak_g=0.6 two_roads_blocks=0 two_roads_overlap_ms_median=- exec_on_output_declined=0 r1_collect_ms_median=5 proposal_at_ms_median=49 view_total_ms_median=61 import_exec_ms_median=- import_total_ms_median=- import_senders_ms_median=- import_convert_ms_median=- import_groups_median=- imports_over_600ms=0 min_avail_g=89.4 road_foreign_body_recv_ms=- road_foreign_body_decode_ms=- road_foreign_body_senders_ms=- road_foreign_body_parent_wait_ms=- road_foreign_body_check_ms=- road_foreign_body_total_ms=- road_new_payload_recv_ms=- road_new_payload_decode_ms=- road_new_payload_senders_ms=- road_new_payload_parent_wait_ms=- road_new_payload_check_ms=- road_new_payload_total_ms=- road_foreign_body_blocks=0 road_new_payload_blocks=0 fcu_answered=1846 fcu_in_flight_ms_median=0 fcu_queued_ms_median=0 fcu_queued_ms_max=86 fcu_refused=0 fcu_slow=1642 bodies_held=0 road_reuse_ms=- road_prepare_ms=- road_dispatch_ms=- road_convert_ms=- road_remember_ms=- road_header_ms=- road_fields_ms=- road_other_ms=- import_engine_ms_median=- gate_forced=0 gate_warns=0 flood_timeouts=0 canonical_min=4050 canonical_max=4051 chained_builds=2732 chain_lead_ms_median=42 chain_wait_ms_median=22 chain_started=2735 chain_discarded=1 chain_discard_reasons=_1_reason="the_request_names_another_parent chain_alias_warns=0 el_chained=2751 bodies_held_warns=0 el_build_refused=0 el_build_refused_reasons= queued_p5=2320500 queued_p50=2513000 road_compact_blocks=0 road_compact_recv_ms=- road_compact_assemble_ms=- road_compact_root_ms=- road_compact_miss_wait_ms=- road_compact_senders_ms=- road_compact_check_ms=- road_compact_other_ms=- road_compact_total_ms=- road_compact_misses_total= compact_refused_el=0 compact_fallbacks=0 compact_bytes_median=- pool_order9=16700 par_pull_ms_median=0 build_total_ms_median2=62 road_compact_filled_blocks=0 road_compact_filled_median=- road_compact_fill_ms_median=- need_txns=0 fill_failed=0 ingest_rate_gate_open_median=- ingest_gate_open_intervals=0 ingest_slots_busy_median=- flood_rate= fill_asked_proposer=0 fill_asked_other=0 loop_lines=2754 loop_unnamed_ms_median=48 loop_body_served_ms_median=- loop_txns_served_ms_median=- import_exec_ms_median2=- pip_partition_ms=- pip_env_ms=- pip_batch_ms=- pip_groups_ms=- pip_gas_ms=- pip_merge_ms=- pip_receipts_ms=- pip_drop_ms=- pip_other_ms=- pip_total_ms=- senders_indexed_median=- road_senders_ms_median=- road_total_ms_median=- pew_ms_median=- pew_ms_p90= gate_ms_median=- gate_ms_p90= root_ms_p50=- root_ms_p90= two_roads=0 not_on_output=0 not_on_output_why= ckpt_ms_first_q=2 ckpt_ms_last_q=46 ckpt_bytes_last=34621324 parent_still_importing=0 root_wait_ms_p50=- root_wait_ms_p90= tenures_low_seal=23 seal_first_share=1.0 empty_over_deep=0 near_empty_warns=0 no_seal_why= par_skipped_median=- usable_p5=2320500 ckpt_replay_ms_last_q=16 candidates_zero=0 dropped_ingest=0 let_go_warns=0 let_go_reasons= parked_p50=0 parked_max=0 held_warns=0 park_capped_total=0 superseded_builds=0 empty_not_superseded=0 mass_park_warns=0 heads_lines=0 holes_lines=0 stale_parent_refusals=0 par_groups_p5=0 cancelled_decided=1 heads_nonce0=0 stale_unconfirmed= handovers=0 el_panics=0 decided_cancelled=1 min_window_blocks=464 road_desc_blocks=0 road_desc_total_ms=- road_desc_copy_ms=- desc_misses=0 fill_failed2=0 sf_par_collect_ms=0 sf_par_commit_ms=2 sf_par_fold_ms=7 sf_par_graft_ms=0 sf_par_prefault_ms=0 sf_par_exec_ms=30 sf_sealed_at_ms=60 sf_roots_ms=38 sf_state_ready_ms=96 sf_total_ms=182 ba_find_ms=0 ba_queue_ms=3 ba_total_ms=62 ba_on_output=1455 queue_fold_us=0 queue_lock_us=1 sf_par_exec_ms=30 sf_par_fold_ms=7 pip_groups_ms=- import_exec_ms_median2=- reads_d0=0 reads_hist=0 f_reads_d0=- f_reads_hist=- f_overlay_depth=- L_read_set_ms=0 read_set_accounts=0 read_set_unresolved=0 read_set_hits=0 read_set_misses=0 start_best_ms=- par_prep_ms=- gap_before_exec_ms=- gap_after_exec_ms=- gap_before_seal_ms=- index_ms=- road_copy_aside_ms=- road_copy_wait_ms=- road_total_ms=- queue_first_miss=queue_first_miss=0:2543,queue_first_miss=18446744073709551615:1468 root_append_behind=0 populate_lag_mb=0 swap_used_g=0 root_faults=- root_faults_p90= root_faults_entries=0 root_faults_offsets=0 root_faults_index=0 root_faults_bits=0 root_faults_twigs=0 root_faults_undo=0 root_faults_tmp=0 root_append_faults=0 root_twig_pool_misses=0 batch_max_ms=20 batch_min_ms=6 batch_median_ms=13 batch_cpu_max_ms=12 batch_txs_max=3500 batch_txs_min=500 batch_start_skew_ms=16 batch_wait_ms=0 loop_fetch_ns=0 loop_check_ns=0 loop_transfer_ns=0 loop_receipt_ns=0 loop_gas_ns=0 loop_sink_ns=0 loop_other_ns=0 batch_setup_ns=0 batch_close_ns=0 imp_exec_part_ms=- imp_exec_batches_ms=- imp_exec_graft_ms=- imp_exec_batches=- imp_exec_threads=- imp_exec_batch_max_ms=- imp_exec_batch_median_ms=- imp_parent_output_wait_ms=- road_parent_output_wait_ms=- next_start_gap_ms=1 next_entry_gap_ms=0 commit_body_ahead_used=- imp_exec_keys_ms=- imp_keys_ahead=- imp_exec_sink_ms=- imp_exec_pre_ms=- imp_exec_post_ms=- imp_exec_receipts_ms=- imp_exec_drop_ms=- root_gap_ms=- queue_whole=queue_whole=false:2543,queue_whole=true:1468 tick_tick_late_us=956 tick_preamble_us=340 tick_take_sealed_us=1 tick_sign_us=0 tick_cache_us=0 tick_presealed=- tick_describe_us=10 tick_publish_us=597 tick_tick_to_send_us=1989 road_check_ms=- road_check_include_us=- road_check_scan_us=- road_check_fold_us=- road_check_senders_us=- road_check_frames_summarized=- road_check_frames_scanned=- imp_exec_start_gap_us=- imp_gap_road_us=- imp_gap_header_us=- imp_gap_senders_us=- imp_gap_parent_us=- imp_gap_setup_us=- imp_gap_keys_wait_us=- sealed_at_p90= sealed_over_130=0 roots_ms=- cycle_p90= batch_max_ms=- batch_median_ms=- imp_batch_max=- forest_lock_warns=2091 root_seal_ms=1 root_seals=40 root_majflt=2 roots_p90= gp_layer=1463 ggp_missing=40 state_wait_split=0/0/0/0:883,1/0/0/0:180,2/0/0/0:156 qmdb_releases=0 state_wait_on= imp_road_end_ms=- imp_exec_start_ms=- imp_exec_end_ms=- imp_root_end_ms=- imp_fields_ready_ms=- imp_parent_fields_wait_ms=- imp_exec_ms=- imp_root_ms=- imp_checks_ms=- imp_engine_ms=- imp_total_ms=- road_parent_fields_wait_ms=- exec_read_ms=0 L_exec_evm_ms=0 L_exec_write_ms=0 L_exec_other_ms=0 L_reads_cache=0 L_reads_provider=0 L_reads_view=0 L_graft_base_ms=0 L_graft_reserve_ms=0 L_graft_insert_ms=0 L_graft_reverts_ms=0 L_graft_other_ms=0 L_par_exec_ms=30 L_par_graft_ms=0 F_exec_read_ms=- F_exec_evm_ms=- F_exec_write_ms=- F_exec_other_ms=- F_reads_cache=- F_reads_provider=- F_reads_view=- F_groups_ms=- L_tx_root_wait_ms=0 L_par_exec_ms=30 L_par_graft_ms=0 L_par_fold_ms=7 L_sealed_ms=6 L_state_ready_ms=96 L_roots_ms=38 L_finish_ms=107 L_total_ms=182 L_setup_ms=0 L_par_pull_ms=0 L_give_back_ms=0 L_state_wait_ms=0 L_state_after_pull=1456 L_seal_at_exec=1456 L_tx_root_ahead=0 flood_w1=3163531 txs_p10=200000 acq_us=465 slots_busy=13 ingest_rate=3133389 L_scope_join_ms=0 L_par_release_ms=0 L_commit_body_ms=0 L_par_commit_ms=2 L_give_back_ms=0 L_sealed_ms=6 L_par_exec_ms=30 L_state_wait_ms=0 L_par_pull_ms=0 L_par_prep_ms=4 L_par_start_ms=4 L_pre_exec_ms=0 L_par_run_ms=33 L_sealed_at_ms=60 F_partition_ms=- F_env_ms=- F_groups_ms=- F_merge_ms=- F_reverts_wait_ms=- F_ahead_wait_ms=- F_total_ms=- I_engine_ms=- I_root_ms=- I_total_ms=- H_engine_remember_ms=- H_engine_listing_ms=- H_engine_new_payload_ms=- busy_us=1 L_par_start_ms=4 L_start_handoff_ms=3 L_start_best_ms=4 L_start_puller_ms=0 L_par_pull_ms=0 L_par_prep_ms=4 L_state_wait_ms=0 L_par_exec_ms=30 L_par_commit_ms=2 L_sealed_ms=6 L_sealed_at_ms=60 L_par_graft_ms=0 L_graft_insert_ms=0 L_graft_reverts_ms=0 L_graft_split_us=0 L_graft_build_us=0 L_graft_merge_us=0 L_state_ready_ms=96 Q_queue_ms=0 R_dispatch_wait_ms=- R_total_ms=- R_road_runtime=1 gate_holds=0 peer_fetch=0 pool_limit=limit=4 gate_opened=gate_opened_for_block=0 I_root_ms=- flood_rate_hdr=rate=6000000/s fills=0 fill_waited=- slots_busy=13 acq_us=465 busy_us=1 converged=0 fallbacks=0 busy_us=1 recover_us=0 tf_on_output=3 tf_fallback=0 still_importing=0 busy_us=1 slots_busy=13 batches=altsig_txs=0 altsig_batches=0 tf_on_output=3 tf_fallback=0 gate_holds=0 sign_s=sign 0s replay_note=replay       : 64 files from /data/n42-pregen/g900000-400m, 400000000 transactio sign_s=sign 0s shard=shard_verified=0 shard_claimed=0 road_verified=- slots_busy=13 gate_us=7342 reply_us=7899 queued=2513000 assemble_ms=- road_take_ms=- road_body_ms=- road_encode_ms=- shards=16 shard_insert_ms=0 shard_wait_ms=0 shard_fold_ms=4 shard_append_ms=258 shard_merge_ms=54 state_ready_ms=96 roots_ms=38 exec_read_ms=0 exec_evm_ms=0 exec_write_ms=0 exec_other_ms=0 reads_cache=0 reads_provider=0 reads_view=0 par_run_ms=33 fold_task_cpu_max_us=4331 fold_task_minflt_max=3 fold_task_minflt_sum=3 fold_task_migrated=0 fold_task_nivcsw_max=0 fold_index=1 fold_index_build_ms=4 fold_index_conflicts=8604 fold_queue_us=19 fold_skew_us=44 fold_task_max_us=4330 fold_tail_us=20 start_best_ms=4 start_select_ms=0 start_walk_ms=0 start_walk_check_ms=0 start_best_other_ms=0 start_frames_by_ref=0 start_frames_slow=0 start_pull_ms=0 start_other_ms=0 start_handoff_ms=3 par_start_ms=4 par_prep_ms=4 par_commit_ms=2 commit_body_ms=0 par_fold_ms=7 sealed_ms=6 copy_ms=- prune_ms=0 frames=- frames_missing=- frame_root_ms=- root_ms=- frames_admitted=frames_admitted=581697 frames_unaligned=0 frame_root_indexed=- seal_layout_ms=0 seal_root_ms=0 attested= busy_us=1 slots_busy=13 reply_us=7899 prune_ms=0 body_refused=0 body_failed_late=0
loop341WARM win1 tps=3,106,667 txs=93,200,000 blocks= 466 cycle=0.064s occupancy= 99.8% full(>=95%)=465/466 basefee=n/a (from the layer's log)
loop341WARM win2 tps=3,160,000 txs=94,800,000 blocks= 474 cycle=0.063s occupancy=100.0% full(>=95%)=474/474 basefee=n/a (from the layer's log)
loop341WARM win3 tps=3,093,333 txs=92,800,000 blocks= 464 cycle=0.065s occupancy=100.0% full(>=95%)=464/464 basefee=n/a (from the layer's log)
loop341WARM tps=3,106,667 round_txs=280800000 cycles_w1=
loop341WARM imp_fields_p90= b_p75=23
loop341WARM overlay: filter_skips=0 probes=0 ratio=- (ratio = skips/(skips+probes))
loop341WARM overlay_manager:       1 state_trie_overlay=false  state-ovly_cpu=0
loop341WARM verify: written to /data/blockchain/rust-fleet7-bench/bench-loop341WARM/verify.json
== loop341WARM  (E=1: seven validator keys on one execution layer)
  window 1: canonical 466 blocks, 93.2M tx = 3,106,667/s (100.0% of window 1), full 465/466 (100%); cycle mean/median/p90 64.3/61.7/71.9 ms
    leader builds 466: sealed_at median/p90/p99 60/74/101; phases median/p90 ms: gap_before_exec 3/7, state_wait 1/5, par 60/75, par_exec 30/36, roots 36/48, parent_fields 0/9, sealed 6/15
    state_wait_on {'output': 231, 'none': 204, 'open': 7, 'grandparent': 24}; builds with state_wait > 20 ms: 18 ([('grandparent', 18)]); gp_layer {1.0: 466}, ggp_missing {0.0: 441, 1.0: 25}
    queue at the builds min/median 1,275,000/2,520,500
    new field batch_cpu_sum_us: median/p90/max 518643.0/676762.0/1577540, nonzero 466
    new field batch_dispatch_us: median/p90/max 28.0/62.0/943, nonzero 466
    new field batch_first_start_us: median/p90/max 17.0/29.0/56, nonzero 466
    new field batch_ivcsw: median/p90/max 0.0/5.0/16, nonzero 176
    new field batch_last_end_us: median/p90/max 30349.5/35595.0/59673, nonzero 466
    new field batch_last_start_us: median/p90/max 16787.5/19806.0/46574, nonzero 466
    new field batch_minflt: median/p90/max 1056.5/5227.0/17154, nonzero 466
    new field batch_threads: median/p90/max 32.0/32.0/32, nonzero 466
    new field batch_vcsw: median/p90/max 259.0/432.0/875, nonzero 466
    new field batch_wall_sum_us: median/p90/max 771971.0/895026.0/1711865, nonzero 466
    new field batches: median/p90/max 58.0/58.0/58, nonzero 466
    new field one_wave: {'false': 466}
    new field open_engine_us: median/p90/max 0.0/0.0/60441, nonzero 25
    new field open_fallback: {'false': 441, 'true': 25}
    new field open_keep_us: median/p90/max 3.0/5.0/18, nonzero 466
    new field open_layers: median/p90/max 3.0/3.0/3, nonzero 466
    new field open_provider_us: median/p90/max 105.0/150.0/474, nonzero 466
    new field plan_age_us: median/p90/max 54840.0/69049.0/114376, nonzero 466
    new field plan_ahead: median/p90/max 1.0/1.0/1, nonzero 466
    new field plan_discard: {'': 466}
    new field plan_prep_us: median/p90/max 6745.5/8847.0/16908, nonzero 466
    new field plan_topup_txs: median/p90/max 0.0/0.0/0, nonzero 0
    new field prev_seal_to_answer_us: median/p90/max 1398.5/2720.0/6875, nonzero 466
    new field prev_seal_to_entry_us: median/p90/max 0.0/0.0/0, nonzero 0
    new field prev_seal_to_header_us: median/p90/max 162.5/251.0/674, nonzero 466
    new field prev_seal_to_import_us: median/p90/max 117800.0/140102.0/197592, nonzero 454
    new field prev_seal_to_request_us: median/p90/max 873.5/1088.0/62191, nonzero 466
    new field prev_seal_to_start_us: median/p90/max 1158.5/1360.0/62637, nonzero 466
    new field pull_bulk_txs: median/p90/max 200000.0/200000.0/200000, nonzero 466
    new field pull_bulk_us: median/p90/max 793.5/1024.0/6371, nonzero 466
    new field root_apply_total_us: median/p90/max 22572.5/29021.0/42038, nonzero 466
    new field root_delta_us: median/p90/max 1078.0/4430.0/9663, nonzero 466
    new field root_index_us: median/p90/max 2990.0/8023.0/17339, nonzero 466
    new field root_leaves_us: median/p90/max 6756.5/14325.0/29304, nonzero 466
    new field root_note_us: median/p90/max 141.0/208.0/1544, nonzero 466
    new field root_rehash_us: median/p90/max 1353.0/1825.0/11215, nonzero 466
    new field root_retire_us: median/p90/max 1407.5/2290.0/9300, nonzero 466
    new field root_sort_us: median/p90/max 78.0/121.0/792, nonzero 466
    new field root_writes_us: median/p90/max 6756.0/8841.0/20606, nonzero 466
    new field sealed_unix_us: median/p90/max 1791248579418919.0/1791248591599477.0/1791248594486655, nonzero 466
    new field start_walk_check_us: median/p90/max 0.0/0.0/0, nonzero 0
    new field start_walk_ids_us: median/p90/max 0.0/0.0/0, nonzero 0
    new field start_walk_settle_us: median/p90/max 0.0/0.0/0, nonzero 0
    new field start_walk_us: median/p90/max 0.0/0.0/0, nonzero 0
    new field state_wait_us: median/p90/max 1653.0/5981.0/61762, nonzero 466
    new field view_journal_reads: median/p90/max 0.0/69632.0/126976, nonzero 219
    new field view_journal_searches: median/p90/max 0.0/192106.0/380423, nonzero 219
    new field view_journal_skips: median/p90/max 0.0/0.0/0, nonzero 0
    binding wait (tick / quorum / seal share, mean cycle): tick 96% (64); quorum 1% (111); seal 3% (70); feed-bound (blocks under 95% of the tier): 1 of 466
    slowest key vote delay median/p90 31.6/59.2 ms
    engine own-import total_ms per block median/p90/max 42/63/80 (n=465)
    layer RSS 4.8 -> 26.3 G (max 26.3), in-memory blocks max 10
    execution layer cores busy 34.6    validators cores busy 1.2
    flood delivered (median per 5 s over the leg) 3,126,074/s
  window 2: canonical 474 blocks, 94.8M tx = 3,160,000/s (101.7% of window 1), full 474/474 (100%); cycle mean/median/p90 62.7/61.5/67.7 ms
    leader builds 475: sealed_at median/p90/p99 60/72/88; phases median/p90 ms: gap_before_exec 2/5, state_wait 0/3, par 60/73, par_exec 30/33, roots 38/50, parent_fields 0/12, sealed 6/19
    state_wait_on {'none': 302, 'output': 163, 'open': 5, 'grandparent': 5}; builds with state_wait > 20 ms: 4 ([('grandparent', 4)]); gp_layer {1.0: 475}, ggp_missing {0.0: 470, 1.0: 5}
    queue at the builds min/median 2,320,000/2,519,500
    new field batch_cpu_sum_us: median/p90/max 504037.0/623406.0/1648435, nonzero 475
    new field batch_dispatch_us: median/p90/max 26.0/63.0/3013, nonzero 475
    new field batch_first_start_us: median/p90/max 15.0/26.0/36, nonzero 475
    new field batch_ivcsw: median/p90/max 0.0/4.0/17, nonzero 153
    new field batch_last_end_us: median/p90/max 29515.0/33208.0/74926, nonzero 475
    new field batch_last_start_us: median/p90/max 16763.0/19060.0/44841, nonzero 475
    new field batch_minflt: median/p90/max 1290.0/5730.0/11682, nonzero 475
    new field batch_threads: median/p90/max 32.0/32.0/32, nonzero 475
    new field batch_vcsw: median/p90/max 254.0/458.0/827, nonzero 475
    new field batch_wall_sum_us: median/p90/max 758919.0/850354.0/1685078, nonzero 475
    new field batches: median/p90/max 58.0/58.0/58, nonzero 475
    new field one_wave: {'false': 475}
    new field open_engine_us: median/p90/max 0.0/0.0/40434, nonzero 5
    new field open_fallback: {'false': 470, 'true': 5}
    new field open_keep_us: median/p90/max 3.0/4.0/9, nonzero 475
    new field open_layers: median/p90/max 3.0/3.0/3, nonzero 475
    new field open_provider_us: median/p90/max 108.0/150.0/298, nonzero 475
    new field plan_age_us: median/p90/max 54087.0/66209.0/112266, nonzero 474
    new field plan_ahead: median/p90/max 1.0/1.0/1, nonzero 474
    new field plan_discard: {'': 474, 'not_on_its_parent': 1}
    new field plan_prep_us: median/p90/max 7360.0/9236.0/12806, nonzero 474
    new field plan_topup_txs: median/p90/max 0.0/0.0/0, nonzero 0
    new field prev_seal_to_answer_us: median/p90/max 1541.0/2655.0/7038, nonzero 475
    new field prev_seal_to_entry_us: median/p90/max 0.0/0.0/0, nonzero 0
    new field prev_seal_to_header_us: median/p90/max 184.0/269.0/439, nonzero 475
    new field prev_seal_to_import_us: median/p90/max 116184.0/136049.0/184652, nonzero 473
    new field prev_seal_to_request_us: median/p90/max 902.0/1077.0/98349, nonzero 475
    new field prev_seal_to_start_us: median/p90/max 1174.0/1389.0/98575, nonzero 475
    new field pull_bulk_txs: median/p90/max 200000.0/200000.0/200000, nonzero 475
    new field pull_bulk_us: median/p90/max 817.0/1081.0/3170, nonzero 475
    new field root_apply_total_us: median/p90/max 24658.0/32675.0/45490, nonzero 475
    new field root_delta_us: median/p90/max 1053.0/4942.0/7803, nonzero 475
    new field root_index_us: median/p90/max 3558.0/8037.0/12821, nonzero 475
    new field root_leaves_us: median/p90/max 6734.0/14127.0/26529, nonzero 475
    new field root_note_us: median/p90/max 137.0/217.0/1821, nonzero 475
    new field root_rehash_us: median/p90/max 1960.0/4500.0/16570, nonzero 475
    new field root_retire_us: median/p90/max 1665.0/2653.0/7568, nonzero 475
    new field root_sort_us: median/p90/max 79.0/132.0/852, nonzero 475
    new field root_writes_us: median/p90/max 6806.0/11054.0/21918, nonzero 475
    new field sealed_unix_us: median/p90/max 1791248609545624.0/1791248621456229.0/1791248624533819, nonzero 475
    new field start_walk_check_us: median/p90/max 0.0/0.0/95, nonzero 1
    new field start_walk_ids_us: median/p90/max 0.0/0.0/334, nonzero 1
    new field start_walk_settle_us: median/p90/max 0.0/0.0/0, nonzero 0
    new field start_walk_us: median/p90/max 0.0/0.0/3958, nonzero 1
    new field state_wait_us: median/p90/max 261.0/3667.0/40548, nonzero 475
    new field view_journal_reads: median/p90/max 0.0/69632.0/131072, nonzero 229
    new field view_journal_searches: median/p90/max 0.0/189296.0/362430, nonzero 229
    new field view_journal_skips: median/p90/max 0.0/0.0/0, nonzero 0
    binding wait (tick / quorum / seal share, mean cycle): tick 98% (63); quorum 0%; seal 2% (67); feed-bound (blocks under 95% of the tier): 0 of 474
    slowest key vote delay median/p90 30.9/56.8 ms
    engine own-import total_ms per block median/p90/max 40/60/83 (n=474)
    layer RSS 26.1 -> 33.8 G (max 33.9), in-memory blocks max 10
    execution layer cores busy 35.4    validators cores busy 1.2
  window 3: canonical 464 blocks, 92.8M tx = 3,093,333/s (99.6% of window 1), full 464/464 (100%); cycle -
    leader builds 464: sealed_at median/p90/p99 61/75/89; phases median/p90 ms: gap_before_exec 2/4, state_wait 0/2, par 60/76, par_exec 30/35, roots 39/52, parent_fields 0/13, sealed 6/20
    state_wait_on {'none': 335, 'open': 8, 'output': 113, 'grandparent': 8}; builds with state_wait > 20 ms: 3 ([('grandparent', 3)]); gp_layer {1.0: 464}, ggp_missing {0.0: 456, 1.0: 8}
    queue at the builds min/median 2,317,000/2,517,250
    new field batch_cpu_sum_us: median/p90/max 535631.0/661009.0/1552232, nonzero 464
    new field batch_dispatch_us: median/p90/max 25.0/64.0/4098, nonzero 464
    new field batch_first_start_us: median/p90/max 16.0/27.0/45, nonzero 464
    new field batch_ivcsw: median/p90/max 0.0/3.0/16, nonzero 156
    new field batch_last_end_us: median/p90/max 30246.0/34576.0/57937, nonzero 464
    new field batch_last_start_us: median/p90/max 17072.5/19734.0/44226, nonzero 464
    new field batch_minflt: median/p90/max 1290.0/6327.0/16195, nonzero 464
    new field batch_threads: median/p90/max 32.0/32.0/32, nonzero 464
    new field batch_vcsw: median/p90/max 263.0/440.0/819, nonzero 464
    new field batch_wall_sum_us: median/p90/max 778450.5/886504.0/1630032, nonzero 464
    new field batches: median/p90/max 58.0/58.0/58, nonzero 464
    new field one_wave: {'false': 464}
    new field open_engine_us: median/p90/max 0.0/0.0/40228, nonzero 8
    new field open_fallback: {'false': 456, 'true': 8}
    new field open_keep_us: median/p90/max 3.0/5.0/15, nonzero 464
    new field open_layers: median/p90/max 3.0/3.0/3, nonzero 464
    new field open_provider_us: median/p90/max 106.0/153.0/487, nonzero 464
    new field plan_age_us: median/p90/max 55144.0/69635.0/93713, nonzero 464
    new field plan_ahead: median/p90/max 1.0/1.0/1, nonzero 464
    new field plan_discard: {'': 464}
    new field plan_prep_us: median/p90/max 7390.0/9194.0/16926, nonzero 464
    new field plan_topup_txs: median/p90/max 0.0/0.0/0, nonzero 0
    new field prev_seal_to_answer_us: median/p90/max 1383.0/2524.0/4740, nonzero 464
    new field prev_seal_to_entry_us: median/p90/max 0.0/0.0/0, nonzero 0
    new field prev_seal_to_header_us: median/p90/max 166.0/262.0/729, nonzero 464
    new field prev_seal_to_import_us: median/p90/max 119157.5/138541.0/189216, nonzero 463
    new field prev_seal_to_request_us: median/p90/max 899.0/1095.0/1921, nonzero 464
    new field prev_seal_to_start_us: median/p90/max 1172.5/1440.0/3036, nonzero 464
    new field pull_bulk_txs: median/p90/max 200000.0/200000.0/200000, nonzero 464
    new field pull_bulk_us: median/p90/max 823.0/1123.0/4669, nonzero 464
    new field root_apply_total_us: median/p90/max 25431.5/31435.0/57719, nonzero 464
    new field root_delta_us: median/p90/max 1031.0/2857.0/6303, nonzero 464
    new field root_index_us: median/p90/max 3300.0/7551.0/13213, nonzero 464
    new field root_leaves_us: median/p90/max 6436.0/12949.0/24555, nonzero 464
    new field root_note_us: median/p90/max 139.0/212.0/878, nonzero 464
    new field root_rehash_us: median/p90/max 2688.0/6215.0/31872, nonzero 464
    new field root_retire_us: median/p90/max 1773.5/2521.0/6667, nonzero 464
    new field root_sort_us: median/p90/max 80.0/137.0/1593, nonzero 464
    new field root_writes_us: median/p90/max 7059.5/10205.0/20847, nonzero 464
    new field sealed_unix_us: median/p90/max 1791248639511363.5/1791248651506663.0/1791248654457749, nonzero 464
    new field start_walk_check_us: median/p90/max 0.0/0.0/0, nonzero 0
    new field start_walk_ids_us: median/p90/max 0.0/0.0/0, nonzero 0
    new field start_walk_settle_us: median/p90/max 0.0/0.0/0, nonzero 0
    new field start_walk_us: median/p90/max 0.0/0.0/0, nonzero 0
    new field state_wait_us: median/p90/max 197.5/2753.0/40300, nonzero 464
    new field view_journal_reads: median/p90/max 8192.0/65536.0/98304, nonzero 241
    new field view_journal_searches: median/p90/max 22711.5/183134.0/245760, nonzero 241
    new field view_journal_skips: median/p90/max 0.0/0.0/0, nonzero 0
    engine own-import total_ms per block median/p90/max 43/64/90 (n=464)
    layer RSS 33.9 -> 40.8 G (max 40.8), in-memory blocks max 10
    execution layer cores busy 35.3    validators cores busy 1.2
  round total (3 windows, canonical): 280.8M tx
  layer peak RSS 40.8 G; in-memory blocks max 10
  fields at seal: mode "early", verified 0, unchecked 0, mismatches 0 (last build line, cumulative)
  own_executed_again (built here and also directly imported): 0 of 1455 built blocks
== loop341WARM
  layer-0 leader window-1 builds 467: txs mean 200000, share >= 95% of the tier 100% (max 200000); sealed_at_ms 60.0/74.0; par_ms 60.0/75.0; par_exec_ms 30.0/36.0; roots_ms 36.0/48.0; parent_fields_ms 0.0/9.0; sealed_ms 6.0/15.0
  proposal cycle window 1 (n=482): mean 64.3 median 61.7 p90 71.9 ms; blocks in the 30 s: 482
  binding wait (tick / quorum / seal, share and mean cycle): tick 95.7% (63.7); quorum 0.9% (111.2); seal 3.4% (70.2)
  vote delay after the proposal, slowest key per block: median 31.6 p90 59.2 ms (slowest minus the median key: median 0.2); last key: {1: 80, 2: 98, 3: 89, 4: 67, 5: 76, 6: 56} of 466 blocks
  CPU in window 1 (cores busy): execution layers 34.6 over 1 process(es); validators 1.2 over 7 process(es)
  execution layer peak RSS 40.8 G; in-memory blocks max 10 (node0 and others, all layers)
  blocks built here 1455; none also directly imported
  import-once counters at the last direct import: ; start-up lines with import_once=true: 1; queue-lock lines 0
  layer-0 queue (queued after canonical prune), median per 10 s: t+0:2510000 t+20:2515500 t+40:2516000 t+60:2514000 t+80:2503500
  flood: median per 5 s 3126074/s, final -
  timeout / given-up lines: 1; 01:02:16 v0 INFO process_event{view=1 kind="message"}: n42::cl::timeout: TC formed
loop341WARM page_faults_per_s_median: node0=169630 
leg loop341WARMb: /data free 965G (needs 120 G)
leg loop341WARMb start 21:06:51 load 5.95
round loop341WARMb exit 0 at 21:09:44
loop341WARMb save stages (node0, seconds summed over the leg / count): batch_size=1936.0/645  batch_size=1936.0/645  reth_consensus_engine_beacon_persistence_duration=55.4/645  duration_seconds=53.0/645  total=48.8/645  scope=44.0/645  sf=43.3/645  sf_transactions=43.1/645  qmdb_persisted=24.0/645  sf_account_changesets=20.0/645
el binary: /data/n42-build/target-n42-rs/native/release/n42 env: N42_IMPORT_ONCE=1 N42_SETTLEMENT_TAGS=legacy N42_BUILD_THROTTLE_SOFT=48 F7_EL_MAP=0,0,0,0,0,0,0 N42_FIELDS_AT_SEAL=1 N42_FRAME_BLOCKS=1 N42_TX_INGEST_RECOVER_PARALLEL=24 N42_PARALLEL_BUILD_THREADS=32 N42_PLAN_AHEAD=1 N42_HASHED_TABLES=off F7_FLOOD_RATE=6000000 N42_COMPACT_BODY=1 MALLOC_CONF=thp:always,oversize_threshold:0,dirty_decay_ms:2000,background_thread:true N42_ACCOUNT_HISTORY=off N42_TAKE_COMPACT=1 N42_SF_EARLY_WRITEBACK=1 N42_ROAD_RUNTIME=1 N42_TX_INGEST_HIGH_WATER=2500000 F7_BENCH_POOL_SLOTS=3000000 N42_TX_QUEUE_DRAIN_CHUNK=8192 N42_ANSWER_LAYOUT_ONLY=1 N42_PULL_BY_FRAMES=1 N42_SF_PARALLEL_ENCODE=1 N42_BUILD_THROTTLE_HARD=80 RAYON_NUM_THREADS=16 TOKIO_WORKER_THREADS=16 N42_QMDB_READS=on N42_LEADER_LAYERS=3 N42_PERSIST_QMDB_IN_SCOPE=1 F7_BLOCK_INTERVAL_MS=60 F7_MEASURE_FROM_LOG=1
validator env: N42_IMPORT_ONCE=1 N42_SETTLEMENT_TAGS=legacy N42_BUILD_THROTTLE_SOFT=48 F7_EL_MAP=0,0,0,0,0,0,0 N42_FIELDS_AT_SEAL=1 N42_FRAME_BLOCKS=1 N42_TX_INGEST_RECOVER_PARALLEL=24 N42_PARALLEL_BUILD_THREADS=32 N42_PLAN_AHEAD=1 N42_HASHED_TABLES=off F7_FLOOD_RATE=6000000 N42_COMPACT_BODY=1 N42_ACCOUNT_HISTORY=off N42_TAKE_COMPACT=1 N42_SF_EARLY_WRITEBACK=1 N42_ROAD_RUNTIME=1 N42_TX_INGEST_HIGH_WATER=2500000 F7_BENCH_POOL_SLOTS=3000000 N42_TX_QUEUE_DRAIN_CHUNK=8192 N42_ANSWER_LAYOUT_ONLY=1 N42_PULL_BY_FRAMES=1 N42_SF_PARALLEL_ENCODE=1 N42_BUILD_THROTTLE_HARD=80 RAYON_NUM_THREADS=16 TOKIO_WORKER_THREADS=16 N42_QMDB_READS=on N42_LEADER_LAYERS=3 N42_PERSIST_QMDB_IN_SCOPE=1 F7_MEASURE_FROM_LOG=1
loop341WARMb once: start-up lines import_once=true 1; last direct-import counters 
loop341WARMb imports: layers=1 direct_imports=0 canonical_blocks=3999 import_once_lines=1 (per layer: direct imports should equal canonical blocks for one execution per block)
grep: /data/blockchain/rust-fleet7-bench/node1/el.log: No such file or directory
grep: /data/blockchain/rust-fleet7-bench/node2/el.log: No such file or directory
grep: /data/blockchain/rust-fleet7-bench/node3/el.log: No such file or directory
grep: /data/blockchain/rust-fleet7-bench/node1/el.log: No such file or directory
grep: /data/blockchain/rust-fleet7-bench/node2/el.log: No such file or directory
grep: /data/blockchain/rust-fleet7-bench/node3/el.log: No such file or directory
cat: /data/blockchain/rust-fleet7-bench/node2/el.log: No such file or directory
cat: /data/blockchain/rust-fleet7-bench/node2/el.log: No such file or directory
cat: /data/blockchain/rust-fleet7-bench/node2/el.log: No such file or directory
cat: /data/blockchain/rust-fleet7-bench/node1/el.log: No such file or directory
cat: /data/blockchain/rust-fleet7-bench/node2/el.log: No such file or directory
cat: /data/blockchain/rust-fleet7-bench/node3/el.log: No such file or directory
Traceback (most recent call last):
  File [35m"<stdin>"[0m, line [35m4[0m, in [35m<module>[0m
[1;35mIndexError[0m: [35mlist index out of range[0m
loop341WARMb no_variant=0 own_not_committed=0 tc=1 invalid_blocks=0 incomplete=0 gas_mismatch=0 direct_imports_failed=0 stuck_at_hashed_state=0 engine_idles_over_5s=1 proposals_given_up=0 tables_off_nodes=1 unanswered_reads=0 seal_first_total=1437 seal_first_direct=1437 direct_guard_errors=0 commit_ms_median=2 fold_ms_median=7 sealed_at_ms_median=60 state_ready_ms_median=97 build_total_ms_median=183 recover_us_median=0 par_exec_ms_median=31 par_exec_ms_median=31 giveback_filtered=0 giveback_offered_max=200000 seal_first=1437 reader_lag_max=9 reader_lag_warns=0 view_invalidated=0 el_sum_peak_g=40.8 el_max_peak_g=40.8 val_sum_peak_g=2.0 flood_peak_g=0.6 two_roads_blocks=0 two_roads_overlap_ms_median=- exec_on_output_declined=0 r1_collect_ms_median=5 proposal_at_ms_median=49 view_total_ms_median=61 import_exec_ms_median=- import_total_ms_median=- import_senders_ms_median=- import_convert_ms_median=- import_groups_median=- imports_over_600ms=0 min_avail_g=89.7 road_foreign_body_recv_ms=- road_foreign_body_decode_ms=- road_foreign_body_senders_ms=- road_foreign_body_parent_wait_ms=- road_foreign_body_check_ms=- road_foreign_body_total_ms=- road_new_payload_recv_ms=- road_new_payload_decode_ms=- road_new_payload_senders_ms=- road_new_payload_parent_wait_ms=- road_new_payload_check_ms=- road_new_payload_total_ms=- road_foreign_body_blocks=0 road_new_payload_blocks=0 fcu_answered=1839 fcu_in_flight_ms_median=0 fcu_queued_ms_median=0 fcu_queued_ms_max=45 fcu_refused=0 fcu_slow=1530 bodies_held=0 road_reuse_ms=- road_prepare_ms=- road_dispatch_ms=- road_convert_ms=- road_remember_ms=- road_header_ms=- road_fields_ms=- road_other_ms=- import_engine_ms_median=- gate_forced=0 gate_warns=0 flood_timeouts=0 canonical_min=4038 canonical_max=4038 chained_builds=2714 chain_lead_ms_median=36 chain_wait_ms_median=26 chain_started=2719 chain_discarded=4 chain_discard_reasons=_1_reason="no_,_1_reason="the_build_was_aborted,_1_reason="the_chained_build_produced_nothing,_2_reason="the_execution_layer_produced_nothing,_1_reason="the_request_names_another_parent chain_alias_warns=0 el_chained=2733 bodies_held_warns=0 el_build_refused=5 el_build_refused_reasons=_2_the_build_was_aborted,_2_no_QMDB_tree_for_parent_block_0x,_1_2026-10-06T01:08:43.909350Z_WARN_build_on_own_blo queued_p5=2319500 queued_p50=2514500 road_compact_blocks=0 road_compact_recv_ms=- road_compact_assemble_ms=- road_compact_root_ms=- road_compact_miss_wait_ms=- road_compact_senders_ms=- road_compact_check_ms=- road_compact_other_ms=- road_compact_total_ms=- road_compact_misses_total= compact_refused_el=0 compact_fallbacks=0 compact_bytes_median=- pool_order9=13461 par_pull_ms_median=0 build_total_ms_median2=62 road_compact_filled_blocks=0 road_compact_filled_median=- road_compact_fill_ms_median=- need_txns=0 fill_failed=0 ingest_rate_gate_open_median=- ingest_gate_open_intervals=0 ingest_slots_busy_median=- flood_rate= fill_asked_proposer=0 fill_asked_other=0 loop_lines=2781 loop_unnamed_ms_median=48 loop_body_served_ms_median=- loop_txns_served_ms_median=- import_exec_ms_median2=- pip_partition_ms=- pip_env_ms=- pip_batch_ms=- pip_groups_ms=- pip_gas_ms=- pip_merge_ms=- pip_receipts_ms=- pip_drop_ms=- pip_other_ms=- pip_total_ms=- senders_indexed_median=- road_senders_ms_median=- road_total_ms_median=- pew_ms_median=- pew_ms_p90= gate_ms_median=- gate_ms_p90= root_ms_p50=- root_ms_p90= two_roads=0 not_on_output=0 not_on_output_why= ckpt_ms_first_q=2 ckpt_ms_last_q=48 ckpt_bytes_last=34126924 parent_still_importing=5 root_wait_ms_p50=- root_wait_ms_p90= tenures_low_seal=23 seal_first_share=0.99 empty_over_deep=0 near_empty_warns=0 no_seal_why=_1_why="the_parallel_step_built_nothing" par_skipped_median=- usable_p5=2319500 ckpt_replay_ms_last_q=15 candidates_zero=0 dropped_ingest=0 let_go_warns=0 let_go_reasons= parked_p50=0 parked_max=0 held_warns=0 park_capped_total=0 superseded_builds=1 empty_not_superseded=0 mass_park_warns=0 heads_lines=0 holes_lines=0 stale_parent_refusals=1 par_groups_p5=0 cancelled_decided=1 heads_nonce0=0 stale_unconfirmed= handovers=5 el_panics=0 decided_cancelled=1 min_window_blocks=457 road_desc_blocks=0 road_desc_total_ms=- road_desc_copy_ms=- desc_misses=0 fill_failed2=0 sf_par_collect_ms=0 sf_par_commit_ms=2 sf_par_fold_ms=7 sf_par_graft_ms=0 sf_par_prefault_ms=0 sf_par_exec_ms=31 sf_sealed_at_ms=60 sf_roots_ms=38 sf_state_ready_ms=97 sf_total_ms=183 ba_find_ms=0 ba_queue_ms=3 ba_total_ms=62 ba_on_output=1436 queue_fold_us=0 queue_lock_us=1 sf_par_exec_ms=31 sf_par_fold_ms=7 pip_groups_ms=- import_exec_ms_median2=- reads_d0=0 reads_hist=0 f_reads_d0=- f_reads_hist=- f_overlay_depth=- L_read_set_ms=0 read_set_accounts=0 read_set_unresolved=0 read_set_hits=0 read_set_misses=0 start_best_ms=- par_prep_ms=- gap_before_exec_ms=- gap_after_exec_ms=- gap_before_seal_ms=- index_ms=- road_copy_aside_ms=- road_copy_wait_ms=- road_total_ms=- queue_first_miss=queue_first_miss=0:2549,queue_first_miss=18446744073709551615:1448 root_append_behind=0 populate_lag_mb=0 swap_used_g=0 root_faults=- root_faults_p90= root_faults_entries=0 root_faults_offsets=0 root_faults_index=0 root_faults_bits=0 root_faults_twigs=0 root_faults_undo=0 root_faults_tmp=0 root_append_faults=3 root_twig_pool_misses=0 batch_max_ms=21 batch_min_ms=6 batch_median_ms=13 batch_cpu_max_ms=13 batch_txs_max=3500 batch_txs_min=500 batch_start_skew_ms=17 batch_wait_ms=0 loop_fetch_ns=0 loop_check_ns=0 loop_transfer_ns=0 loop_receipt_ns=0 loop_gas_ns=0 loop_sink_ns=0 loop_other_ns=0 batch_setup_ns=0 batch_close_ns=0 imp_exec_part_ms=- imp_exec_batches_ms=- imp_exec_graft_ms=- imp_exec_batches=- imp_exec_threads=- imp_exec_batch_max_ms=- imp_exec_batch_median_ms=- imp_parent_output_wait_ms=- road_parent_output_wait_ms=- next_start_gap_ms=1 next_entry_gap_ms=0 commit_body_ahead_used=- imp_exec_keys_ms=- imp_keys_ahead=- imp_exec_sink_ms=- imp_exec_pre_ms=- imp_exec_post_ms=- imp_exec_receipts_ms=- imp_exec_drop_ms=- root_gap_ms=- queue_whole=queue_whole=false:2549,queue_whole=true:1448 tick_tick_late_us=969 tick_preamble_us=340 tick_take_sealed_us=1 tick_sign_us=0 tick_cache_us=0 tick_presealed=- tick_describe_us=10 tick_publish_us=600 tick_tick_to_send_us=1997 road_check_ms=- road_check_include_us=- road_check_scan_us=- road_check_fold_us=- road_check_senders_us=- road_check_frames_summarized=- road_check_frames_scanned=- imp_exec_start_gap_us=- imp_gap_road_us=- imp_gap_header_us=- imp_gap_senders_us=- imp_gap_parent_us=- imp_gap_setup_us=- imp_gap_keys_wait_us=- sealed_at_p90= sealed_over_130=0 roots_ms=- cycle_p90= batch_max_ms=- batch_median_ms=- imp_batch_max=- forest_lock_warns=2180 root_seal_ms=1 root_seals=39 root_majflt=6016 roots_p90= gp_layer=1445 ggp_missing=12 state_wait_split=0/0/0/0:815,1/0/0/0:221,2/0/0/0:169 qmdb_releases=0 state_wait_on= imp_road_end_ms=- imp_exec_start_ms=- imp_exec_end_ms=- imp_root_end_ms=- imp_fields_ready_ms=- imp_parent_fields_wait_ms=- imp_exec_ms=- imp_root_ms=- imp_checks_ms=- imp_engine_ms=- imp_total_ms=- road_parent_fields_wait_ms=- exec_read_ms=0 L_exec_evm_ms=0 L_exec_write_ms=0 L_exec_other_ms=0 L_reads_cache=0 L_reads_provider=0 L_reads_view=0 L_graft_base_ms=0 L_graft_reserve_ms=0 L_graft_insert_ms=0 L_graft_reverts_ms=0 L_graft_other_ms=0 L_par_exec_ms=31 L_par_graft_ms=0 F_exec_read_ms=- F_exec_evm_ms=- F_exec_write_ms=- F_exec_other_ms=- F_reads_cache=- F_reads_provider=- F_reads_view=- F_groups_ms=- L_tx_root_wait_ms=0 L_par_exec_ms=31 L_par_graft_ms=0 L_par_fold_ms=7 L_sealed_ms=6 L_state_ready_ms=97 L_roots_ms=38 L_finish_ms=107 L_total_ms=183 L_setup_ms=0 L_par_pull_ms=0 L_give_back_ms=0 L_state_wait_ms=0 L_state_after_pull=1437 L_seal_at_exec=1437 L_tx_root_ahead=0 flood_w1=3115719 txs_p10=200000 acq_us=468 slots_busy=13 ingest_rate=3106465 L_scope_join_ms=0 L_par_release_ms=0 L_commit_body_ms=0 L_par_commit_ms=2 L_give_back_ms=0 L_sealed_ms=6 L_par_exec_ms=31 L_state_wait_ms=0 L_par_pull_ms=0 L_par_prep_ms=4 L_par_start_ms=4 L_pre_exec_ms=0 L_par_run_ms=34 L_sealed_at_ms=60 F_partition_ms=- F_env_ms=- F_groups_ms=- F_merge_ms=- F_reverts_wait_ms=- F_ahead_wait_ms=- F_total_ms=- I_engine_ms=- I_root_ms=- I_total_ms=- H_engine_remember_ms=- H_engine_listing_ms=- H_engine_new_payload_ms=- busy_us=1 L_par_start_ms=4 L_start_handoff_ms=2 L_start_best_ms=4 L_start_puller_ms=0 L_par_pull_ms=0 L_par_prep_ms=4 L_state_wait_ms=0 L_par_exec_ms=31 L_par_commit_ms=2 L_sealed_ms=6 L_sealed_at_ms=60 L_par_graft_ms=0 L_graft_insert_ms=0 L_graft_reverts_ms=0 L_graft_split_us=0 L_graft_build_us=0 L_graft_merge_us=0 L_state_ready_ms=97 Q_queue_ms=0 R_dispatch_wait_ms=- R_total_ms=- R_road_runtime=1 gate_holds=0 peer_fetch=0 pool_limit=limit=4 gate_opened=gate_opened_for_block=0 I_root_ms=- flood_rate_hdr=rate=6000000/s fills=0 fill_waited=- slots_busy=13 acq_us=468 busy_us=1 converged=0 fallbacks=0 busy_us=1 recover_us=0 tf_on_output=3 tf_fallback=0 still_importing=5 busy_us=1 slots_busy=13 batches=altsig_txs=0 altsig_batches=0 tf_on_output=3 tf_fallback=0 gate_holds=0 sign_s=sign 0s replay_note=replay       : 64 files from /data/n42-pregen/g900000-400m, 400000000 transactio sign_s=sign 0s shard=shard_verified=0 shard_claimed=0 road_verified=- slots_busy=13 gate_us=7379 reply_us=7933 queued=2514500 assemble_ms=- road_take_ms=- road_body_ms=- road_encode_ms=- shards=16 shard_insert_ms=0 shard_wait_ms=0 shard_fold_ms=4 shard_append_ms=264 shard_merge_ms=55 state_ready_ms=97 roots_ms=38 exec_read_ms=0 exec_evm_ms=0 exec_write_ms=0 exec_other_ms=0 reads_cache=0 reads_provider=0 reads_view=0 par_run_ms=34 fold_task_cpu_max_us=4166 fold_task_minflt_max=1 fold_task_minflt_sum=1 fold_task_migrated=0 fold_task_nivcsw_max=0 fold_index=1 fold_index_build_ms=4 fold_index_conflicts=8161 fold_queue_us=18 fold_skew_us=43 fold_task_max_us=4164 fold_tail_us=19 start_best_ms=4 start_select_ms=0 start_walk_ms=0 start_walk_check_ms=0 start_best_other_ms=0 start_frames_by_ref=0 start_frames_slow=0 start_pull_ms=0 start_other_ms=0 start_handoff_ms=2 par_start_ms=4 par_prep_ms=4 par_commit_ms=2 commit_body_ms=0 par_fold_ms=7 sealed_ms=6 copy_ms=- prune_ms=0 frames=- frames_missing=- frame_root_ms=- root_ms=- frames_admitted=frames_admitted=574612 frames_unaligned=0 frame_root_indexed=- seal_layout_ms=0 seal_root_ms=0 attested= busy_us=1 slots_busy=13 reply_us=7933 prune_ms=0 body_refused=0 body_failed_late=0
loop341WARMb win1 tps=3,173,333 txs=95,200,000 blocks= 476 cycle=0.063s occupancy=100.0% full(>=95%)=476/476 basefee=n/a (from the layer's log)
loop341WARMb win2 tps=3,046,667 txs=91,400,000 blocks= 457 cycle=0.066s occupancy=100.0% full(>=95%)=457/457 basefee=n/a (from the layer's log)
loop341WARMb win3 tps=3,046,667 txs=91,400,000 blocks= 457 cycle=0.066s occupancy=100.0% full(>=95%)=457/457 basefee=n/a (from the layer's log)
loop341WARMb tps=3,173,333 round_txs=278000000 cycles_w1=
loop341WARMb imp_fields_p90= b_p75=21
loop341WARMb overlay: filter_skips=0 probes=0 ratio=- (ratio = skips/(skips+probes))
loop341WARMb overlay_manager:       1 state_trie_overlay=false  state-ovly_cpu=0
loop341WARMb verify: written to /data/blockchain/rust-fleet7-bench/bench-loop341WARMb/verify.json
== loop341WARMb  (E=1: seven validator keys on one execution layer)
  window 1: canonical 477 blocks, 95.4M tx = 3,180,000/s (100.0% of window 1), full 476/477 (100%); cycle mean/median/p90 62.9/61.6/68.3 ms
    leader builds 477: sealed_at median/p90/p99 59/73/88; phases median/p90 ms: gap_before_exec 3/6, state_wait 1/4, par 59/74, par_exec 31/36, roots 37/48, parent_fields 0/9, sealed 6/16
    state_wait_on {'output': 247, 'open': 12, 'none': 216, 'grandparent': 2}; builds with state_wait > 20 ms: 0 ([]); gp_layer {1.0: 477}, ggp_missing {0.0: 475, 1.0: 2}
    queue at the builds min/median 1,320,500/2,520,500
    new field batch_cpu_sum_us: median/p90/max 537023.0/697632.0/1844595, nonzero 477
    new field batch_dispatch_us: median/p90/max 25.0/63.0/4799, nonzero 477
    new field batch_first_start_us: median/p90/max 15.0/27.0/50, nonzero 477
    new field batch_ivcsw: median/p90/max 0.0/4.0/32, nonzero 199
    new field batch_last_end_us: median/p90/max 30826.0/36297.0/66258, nonzero 477
    new field batch_last_start_us: median/p90/max 17042.0/20013.0/51666, nonzero 477
    new field batch_minflt: median/p90/max 1110.0/5041.0/10591, nonzero 477
    new field batch_threads: median/p90/max 32.0/32.0/32, nonzero 477
    new field batch_vcsw: median/p90/max 248.0/482.0/839, nonzero 477
    new field batch_wall_sum_us: median/p90/max 780425.0/905021.0/1881101, nonzero 477
    new field batches: median/p90/max 58.0/58.0/58, nonzero 477
    new field one_wave: {'false': 477}
    new field open_engine_us: median/p90/max 0.0/0.0/20353, nonzero 2
    new field open_fallback: {'false': 475, 'true': 2}
    new field open_keep_us: median/p90/max 3.0/4.0/18, nonzero 477
    new field open_layers: median/p90/max 3.0/3.0/3, nonzero 477
    new field open_provider_us: median/p90/max 104.0/141.0/267, nonzero 477
    new field plan_age_us: median/p90/max 53484.0/66785.0/100282, nonzero 477
    new field plan_ahead: median/p90/max 1.0/1.0/1, nonzero 477
    new field plan_discard: {'': 477}
    new field plan_prep_us: median/p90/max 7194.0/8869.0/21897, nonzero 477
    new field plan_topup_txs: median/p90/max 0.0/0.0/0, nonzero 0
    new field prev_seal_to_answer_us: median/p90/max 1417.0/2493.0/4176, nonzero 477
    new field prev_seal_to_entry_us: median/p90/max 0.0/0.0/0, nonzero 0
    new field prev_seal_to_header_us: median/p90/max 172.0/250.0/571, nonzero 477
    new field prev_seal_to_import_us: median/p90/max 113626.0/132021.0/148831, nonzero 477
    new field prev_seal_to_request_us: median/p90/max 901.0/1085.0/61273, nonzero 477
    new field prev_seal_to_start_us: median/p90/max 1185.0/1424.0/61543, nonzero 477
    new field pull_bulk_txs: median/p90/max 200000.0/200000.0/200000, nonzero 477
    new field pull_bulk_us: median/p90/max 758.0/927.0/3056, nonzero 477
    new field root_apply_total_us: median/p90/max 23370.0/30184.0/46040, nonzero 477
    new field root_delta_us: median/p90/max 1147.0/4084.0/8715, nonzero 477
    new field root_index_us: median/p90/max 3362.0/8209.0/14965, nonzero 477
    new field root_leaves_us: median/p90/max 6728.0/13696.0/24326, nonzero 477
    new field root_note_us: median/p90/max 145.0/224.0/1415, nonzero 477
    new field root_rehash_us: median/p90/max 1388.0/1970.0/10044, nonzero 477
    new field root_retire_us: median/p90/max 1595.0/2378.0/5623, nonzero 477
    new field root_sort_us: median/p90/max 78.0/147.0/1288, nonzero 477
    new field root_writes_us: median/p90/max 6694.0/9525.0/19708, nonzero 477
    new field sealed_unix_us: median/p90/max 1791248903502122.0/1791248915440639.0/1791248918382879, nonzero 477
    new field start_walk_check_us: median/p90/max 0.0/0.0/0, nonzero 0
    new field start_walk_ids_us: median/p90/max 0.0/0.0/0, nonzero 0
    new field start_walk_settle_us: median/p90/max 0.0/0.0/0, nonzero 0
    new field start_walk_us: median/p90/max 0.0/0.0/0, nonzero 0
    new field state_wait_us: median/p90/max 1419.0/4445.0/20945, nonzero 477
    new field view_journal_reads: median/p90/max 0.0/69632.0/126976, nonzero 220
    new field view_journal_searches: median/p90/max 0.0/192835.0/368640, nonzero 220
    new field view_journal_skips: median/p90/max 0.0/0.0/0, nonzero 0
    binding wait (tick / quorum / seal share, mean cycle): tick 95% (62); quorum 0%; seal 5% (75); feed-bound (blocks under 95% of the tier): 1 of 477
    slowest key vote delay median/p90 28.2/52.6 ms
    engine own-import total_ms per block median/p90/max 39/59/76 (n=476)
    layer RSS 5.7 -> 26.5 G (max 26.5), in-memory blocks max 10
    execution layer cores busy 36.0    validators cores busy 1.2
    flood delivered (median per 5 s over the leg) 3,130,166/s
  window 2: canonical 457 blocks, 91.4M tx = 3,046,667/s (95.8% of window 1), full 457/457 (100%); cycle mean/median/p90 63.0/61.5/67.2 ms
    leader builds 456: sealed_at median/p90/p99 60/75/90; phases median/p90 ms: gap_before_exec 2/5, state_wait 0/3, par 60/74, par_exec 31/36, roots 39/50, parent_fields 0/9, sealed 6/16
    state_wait_on {'none': 265, 'output': 175, 'open': 9, 'grandparent': 5, 'layer_release': 1, 'provider_open': 1}; builds with state_wait > 20 ms: 5 ([('grandparent', 5)]); gp_layer {1.0: 456}, ggp_missing {0.0: 451, 1.0: 5}
    queue at the builds min/median 2,319,000/2,519,500
    new field batch_cpu_sum_us: median/p90/max 546156.0/667051.0/1471800, nonzero 456
    new field batch_dispatch_us: median/p90/max 26.0/66.0/5340, nonzero 456
    new field batch_first_start_us: median/p90/max 16.0/27.0/49, nonzero 456
    new field batch_ivcsw: median/p90/max 0.0/5.0/16, nonzero 209
    new field batch_last_end_us: median/p90/max 31425.0/36110.0/65255, nonzero 456
    new field batch_last_start_us: median/p90/max 17402.5/20200.0/43482, nonzero 456
    new field batch_minflt: median/p90/max 1268.5/6619.0/17448, nonzero 456
    new field batch_threads: median/p90/max 32.0/32.0/32, nonzero 456
    new field batch_vcsw: median/p90/max 250.0/412.0/969, nonzero 456
    new field batch_wall_sum_us: median/p90/max 802813.5/922548.0/1596508, nonzero 456
    new field batches: median/p90/max 58.0/58.0/58, nonzero 456
    new field one_wave: {'false': 456}
    new field open_engine_us: median/p90/max 0.0/0.0/60715, nonzero 5
    new field open_fallback: {'false': 451, 'true': 5}
    new field open_keep_us: median/p90/max 3.0/4.0/4914, nonzero 456
    new field open_layers: median/p90/max 3.0/3.0/3, nonzero 456
    new field open_provider_us: median/p90/max 108.0/151.0/1015, nonzero 456
    new field plan_age_us: median/p90/max 54750.0/69425.0/102726, nonzero 455
    new field plan_ahead: median/p90/max 1.0/1.0/1, nonzero 455
    new field plan_discard: {'': 455, 'not_on_its_parent': 1}
    new field plan_prep_us: median/p90/max 7083.5/8912.0/13667, nonzero 455
    new field plan_topup_txs: median/p90/max 0.0/0.0/0, nonzero 0
    new field prev_seal_to_answer_us: median/p90/max 1426.0/2866.0/4990, nonzero 455
    new field prev_seal_to_entry_us: median/p90/max 0.0/0.0/0, nonzero 0
    new field prev_seal_to_header_us: median/p90/max 163.0/244.0/409, nonzero 455
    new field prev_seal_to_import_us: median/p90/max 116897.0/134713.0/169977, nonzero 453
    new field prev_seal_to_request_us: median/p90/max 888.0/1091.0/1478, nonzero 455
    new field prev_seal_to_start_us: median/p90/max 1167.5/1420.0/1805, nonzero 455
    new field pull_bulk_txs: median/p90/max 200000.0/200000.0/200000, nonzero 456
    new field pull_bulk_us: median/p90/max 806.0/1044.0/2888, nonzero 456
    new field root_apply_total_us: median/p90/max 24721.0/30763.0/45939, nonzero 456
    new field root_delta_us: median/p90/max 1177.0/3974.0/8915, nonzero 456
    new field root_index_us: median/p90/max 3705.5/7938.0/19215, nonzero 456
    new field root_leaves_us: median/p90/max 6870.5/13829.0/28105, nonzero 456
    new field root_note_us: median/p90/max 140.0/217.0/975, nonzero 456
    new field root_rehash_us: median/p90/max 1995.5/4689.0/16055, nonzero 456
    new field root_retire_us: median/p90/max 1622.5/2460.0/7015, nonzero 456
    new field root_sort_us: median/p90/max 80.0/150.0/1247, nonzero 456
    new field root_writes_us: median/p90/max 7012.0/9933.0/25081, nonzero 456
    new field sealed_unix_us: median/p90/max 1791248933512959.0/1791248945327653.0/1791248948316696, nonzero 456
    new field start_walk_check_us: median/p90/max 0.0/0.0/105, nonzero 1
    new field start_walk_ids_us: median/p90/max 0.0/0.0/326, nonzero 1
    new field start_walk_settle_us: median/p90/max 0.0/0.0/0, nonzero 0
    new field start_walk_us: median/p90/max 0.0/0.0/4585, nonzero 1
    new field state_wait_us: median/p90/max 555.5/3692.0/62022, nonzero 456
    new field view_journal_reads: median/p90/max 4096.0/69632.0/122880, nonzero 231
    new field view_journal_searches: median/p90/max 11831.0/184611.0/332060, nonzero 231
    new field view_journal_skips: median/p90/max 0.0/0.0/0, nonzero 0
    binding wait (tick / quorum / seal share, mean cycle): tick 100% (63); quorum 0%; seal 0%; feed-bound (blocks under 95% of the tier): 0 of 457
    slowest key vote delay median/p90 33.6/56.0 ms
    engine own-import total_ms per block median/p90/max 40/64/87 (n=457)
    layer RSS 25.8 -> 34.0 G (max 34.0), in-memory blocks max 10
    execution layer cores busy 34.5    validators cores busy 1.2
  window 3: canonical 457 blocks, 91.4M tx = 3,046,667/s (95.8% of window 1), full 457/457 (100%); cycle -
    leader builds 457: sealed_at median/p90/p99 61/78/99; phases median/p90 ms: gap_before_exec 2/5, state_wait 0/3, par 61/80, par_exec 31/36, roots 39/57, parent_fields 0/14, sealed 7/22
    state_wait_on {'output': 164, 'none': 286, 'grandparent': 5, 'open': 2}; builds with state_wait > 20 ms: 4 ([('grandparent', 3), ('output', 1)]); gp_layer {1.0: 457}, ggp_missing {0.0: 452, 1.0: 5}
    queue at the builds min/median 2,318,000/2,519,500
    new field batch_cpu_sum_us: median/p90/max 538345.0/674712.0/1635515, nonzero 457
    new field batch_dispatch_us: median/p90/max 23.0/63.0/2949, nonzero 457
    new field batch_first_start_us: median/p90/max 15.0/27.0/56, nonzero 457
    new field batch_ivcsw: median/p90/max 0.0/4.0/12, nonzero 179
    new field batch_last_end_us: median/p90/max 31048.0/36132.0/83408, nonzero 457
    new field batch_last_start_us: median/p90/max 17055.0/19829.0/72603, nonzero 457
    new field batch_minflt: median/p90/max 1518.0/7353.0/15982, nonzero 457
    new field batch_threads: median/p90/max 32.0/32.0/32, nonzero 457
    new field batch_vcsw: median/p90/max 251.0/434.0/4521, nonzero 457
    new field batch_wall_sum_us: median/p90/max 788219.0/917590.0/2503676, nonzero 457
    new field batches: median/p90/max 58.0/58.0/58, nonzero 457
    new field one_wave: {'false': 457}
    new field open_engine_us: median/p90/max 0.0/0.0/36590, nonzero 5
    new field open_fallback: {'false': 452, 'true': 5}
    new field open_keep_us: median/p90/max 3.0/5.0/10, nonzero 457
    new field open_layers: median/p90/max 3.0/3.0/3, nonzero 457
    new field open_provider_us: median/p90/max 107.0/150.0/443, nonzero 457
    new field plan_age_us: median/p90/max 55660.0/73419.0/130927, nonzero 457
    new field plan_ahead: median/p90/max 1.0/1.0/1, nonzero 457
    new field plan_discard: {'': 457}
    new field plan_prep_us: median/p90/max 7170.0/9154.0/18936, nonzero 457
    new field plan_topup_txs: median/p90/max 0.0/0.0/0, nonzero 0
    new field prev_seal_to_answer_us: median/p90/max 1593.0/3120.0/5119, nonzero 457
    new field prev_seal_to_entry_us: median/p90/max 0.0/0.0/0, nonzero 0
    new field prev_seal_to_header_us: median/p90/max 177.0/256.0/805, nonzero 457
    new field prev_seal_to_import_us: median/p90/max 119231.0/142604.0/167668, nonzero 457
    new field prev_seal_to_request_us: median/p90/max 902.0/1142.0/59748, nonzero 457
    new field prev_seal_to_start_us: median/p90/max 1190.0/1527.0/60028, nonzero 457
    new field pull_bulk_txs: median/p90/max 200000.0/200000.0/200000, nonzero 457
    new field pull_bulk_us: median/p90/max 783.0/1015.0/2901, nonzero 457
    new field root_apply_total_us: median/p90/max 25346.0/31778.0/65366, nonzero 457
    new field root_delta_us: median/p90/max 1065.0/3942.0/14380, nonzero 457
    new field root_index_us: median/p90/max 3158.0/7624.0/17628, nonzero 457
    new field root_leaves_us: median/p90/max 6534.0/13776.0/53765, nonzero 457
    new field root_note_us: median/p90/max 136.0/219.0/1371, nonzero 457
    new field root_rehash_us: median/p90/max 2745.0/6182.0/18462, nonzero 457
    new field root_retire_us: median/p90/max 1662.0/2511.0/6541, nonzero 457
    new field root_sort_us: median/p90/max 82.0/176.0/1080, nonzero 457
    new field root_writes_us: median/p90/max 7077.0/10093.0/34508, nonzero 457
    new field sealed_unix_us: median/p90/max 1791248963202509.0/1791248975144699.0/1791248978339594, nonzero 457
    new field start_walk_check_us: median/p90/max 0.0/0.0/0, nonzero 0
    new field start_walk_ids_us: median/p90/max 0.0/0.0/0, nonzero 0
    new field start_walk_settle_us: median/p90/max 0.0/0.0/0, nonzero 0
    new field start_walk_us: median/p90/max 0.0/0.0/0, nonzero 0
    new field state_wait_us: median/p90/max 276.0/3458.0/36675, nonzero 457
    new field view_journal_reads: median/p90/max 0.0/65536.0/106496, nonzero 223
    new field view_journal_searches: median/p90/max 0.0/192194.0/294912, nonzero 223
    new field view_journal_skips: median/p90/max 0.0/0.0/0, nonzero 0
    engine own-import total_ms per block median/p90/max 44/68/83 (n=457)
    layer RSS 33.5 -> 41.1 G (max 41.1), in-memory blocks max 10
    execution layer cores busy 34.9    validators cores busy 1.2
  round total (3 windows, canonical): 278.2M tx
  layer peak RSS 41.1 G; in-memory blocks max 10
  fields at seal: mode "early", verified 0, unchecked 0, mismatches 0 (last build line, cumulative)
  own_executed_again (built here and also directly imported): 0 of 1436 built blocks
== loop341WARMb
  layer-0 leader window-1 builds 477: txs mean 200000, share >= 95% of the tier 100% (max 200000); sealed_at_ms 59.0/73.0; par_ms 59.0/74.0; par_exec_ms 31.0/36.0; roots_ms 37.0/48.0; parent_fields_ms 0.0/8.0; sealed_ms 6.0/16.0
  proposal cycle window 1 (n=493): mean 62.9 median 61.6 p90 68.3 ms; blocks in the 30 s: 493
  binding wait (tick / quorum / seal, share and mean cycle): tick 95.0% (62.2); quorum 0%; seal 5.0% (75.4)
  vote delay after the proposal, slowest key per block: median 28.2 p90 52.6 ms (slowest minus the median key: median 0.2); last key: {1: 88, 2: 105, 3: 82, 4: 64, 5: 72, 6: 66} of 477 blocks
  CPU in window 1 (cores busy): execution layers 36.0 over 1 process(es); validators 1.2 over 7 process(es)
  execution layer peak RSS 41.1 G; in-memory blocks max 10 (node0 and others, all layers)
  blocks built here 1436; none also directly imported
  import-once counters at the last direct import: ; start-up lines with import_once=true: 1; queue-lock lines 0
  layer-0 queue (queued after canonical prune), median per 10 s: t+0:2513750 t+20:2514000 t+40:2514250 t+60:2517500 t+80:2515250
  flood: median per 5 s 3130166/s, final -
  timeout / given-up lines: 1; 01:07:40 v0 INFO process_event{view=1 kind="message"}: n42::cl::timeout: TC formed
loop341WARMb page_faults_per_s_median: node0=160558 
leg loop341P: /data free 966G (needs 120 G)
leg loop341P start 21:12:16 load 5.62
round loop341P exit 0 at 21:14:56
loop341P save stages (node0, seconds summed over the leg / count): batch_size=1956.0/650  batch_size=1956.0/650  reth_consensus_engine_beacon_persistence_duration=55.6/650  duration_seconds=52.9/650  total=48.6/650  scope=43.5/650  sf=43.4/650  sf_transactions=43.2/650  qmdb_persisted=23.7/650  sf_account_changesets=20.1/650
el binary: /data/n42-build/target-n42-rs/native/release/n42 env: N42_IMPORT_ONCE=1 N42_SETTLEMENT_TAGS=legacy N42_BUILD_THROTTLE_SOFT=48 F7_EL_MAP=0,0,0,0,0,0,0 N42_FIELDS_AT_SEAL=1 N42_FRAME_BLOCKS=1 N42_TX_INGEST_RECOVER_PARALLEL=24 N42_PARALLEL_BUILD_THREADS=32 N42_PLAN_AHEAD=1 N42_HASHED_TABLES=off F7_FLOOD_RATE=6000000 N42_COMPACT_BODY=1 MALLOC_CONF=thp:always,oversize_threshold:0,dirty_decay_ms:2000,background_thread:true N42_ACCOUNT_HISTORY=off N42_TAKE_COMPACT=1 N42_SF_EARLY_WRITEBACK=1 N42_ROAD_RUNTIME=1 N42_TX_INGEST_HIGH_WATER=2500000 F7_BENCH_POOL_SLOTS=3000000 N42_TX_QUEUE_DRAIN_CHUNK=8192 N42_ANSWER_LAYOUT_ONLY=1 N42_PULL_BY_FRAMES=1 N42_SF_PARALLEL_ENCODE=1 N42_BUILD_THROTTLE_HARD=80 RAYON_NUM_THREADS=16 TOKIO_WORKER_THREADS=16 N42_QMDB_READS=on N42_LEADER_LAYERS=3 N42_PERSIST_QMDB_IN_SCOPE=1 F7_BLOCK_INTERVAL_MS=60 F7_MEASURE_FROM_LOG=1
validator env: N42_IMPORT_ONCE=1 N42_SETTLEMENT_TAGS=legacy N42_BUILD_THROTTLE_SOFT=48 F7_EL_MAP=0,0,0,0,0,0,0 N42_FIELDS_AT_SEAL=1 N42_FRAME_BLOCKS=1 N42_TX_INGEST_RECOVER_PARALLEL=24 N42_PARALLEL_BUILD_THREADS=32 N42_PLAN_AHEAD=1 N42_HASHED_TABLES=off F7_FLOOD_RATE=6000000 N42_COMPACT_BODY=1 N42_ACCOUNT_HISTORY=off N42_TAKE_COMPACT=1 N42_SF_EARLY_WRITEBACK=1 N42_ROAD_RUNTIME=1 N42_TX_INGEST_HIGH_WATER=2500000 F7_BENCH_POOL_SLOTS=3000000 N42_TX_QUEUE_DRAIN_CHUNK=8192 N42_ANSWER_LAYOUT_ONLY=1 N42_PULL_BY_FRAMES=1 N42_SF_PARALLEL_ENCODE=1 N42_BUILD_THROTTLE_HARD=80 RAYON_NUM_THREADS=16 TOKIO_WORKER_THREADS=16 N42_QMDB_READS=on N42_LEADER_LAYERS=3 N42_PERSIST_QMDB_IN_SCOPE=1 F7_MEASURE_FROM_LOG=1
loop341P once: start-up lines import_once=true 1; last direct-import counters 
loop341P imports: layers=1 direct_imports=0 canonical_blocks=4011 import_once_lines=1 (per layer: direct imports should equal canonical blocks for one execution per block)
grep: /data/blockchain/rust-fleet7-bench/node1/el.log: No such file or directory
grep: /data/blockchain/rust-fleet7-bench/node2/el.log: No such file or directory
grep: /data/blockchain/rust-fleet7-bench/node3/el.log: No such file or directory
grep: /data/blockchain/rust-fleet7-bench/node1/el.log: No such file or directory
grep: /data/blockchain/rust-fleet7-bench/node2/el.log: No such file or directory
grep: /data/blockchain/rust-fleet7-bench/node3/el.log: No such file or directory
cat: /data/blockchain/rust-fleet7-bench/node2/el.log: No such file or directory
cat: /data/blockchain/rust-fleet7-bench/node2/el.log: No such file or directory
cat: /data/blockchain/rust-fleet7-bench/node2/el.log: No such file or directory
cat: /data/blockchain/rust-fleet7-bench/node1/el.log: No such file or directory
cat: /data/blockchain/rust-fleet7-bench/node2/el.log: No such file or directory
cat: /data/blockchain/rust-fleet7-bench/node3/el.log: No such file or directory
Traceback (most recent call last):
  File [35m"<stdin>"[0m, line [35m4[0m, in [35m<module>[0m
[1;35mIndexError[0m: [35mlist index out of range[0m
loop341P no_variant=0 own_not_committed=0 tc=1 invalid_blocks=0 incomplete=0 gas_mismatch=0 direct_imports_failed=0 stuck_at_hashed_state=0 engine_idles_over_5s=1 proposals_given_up=0 tables_off_nodes=1 unanswered_reads=0 seal_first_total=1454 seal_first_direct=1454 direct_guard_errors=0 commit_ms_median=2 fold_ms_median=7 sealed_at_ms_median=60 state_ready_ms_median=98 build_total_ms_median=184 recover_us_median=0 par_exec_ms_median=30 par_exec_ms_median=30 giveback_filtered=0 giveback_offered_max=200000 seal_first=1454 reader_lag_max=9 reader_lag_warns=0 view_invalidated=0 el_sum_peak_g=40.8 el_max_peak_g=40.8 val_sum_peak_g=1.9 flood_peak_g=0.6 two_roads_blocks=0 two_roads_overlap_ms_median=- exec_on_output_declined=0 r1_collect_ms_median=5 proposal_at_ms_median=49 view_total_ms_median=61 import_exec_ms_median=- import_total_ms_median=- import_senders_ms_median=- import_convert_ms_median=- import_groups_median=- imports_over_600ms=0 min_avail_g=89.2 road_foreign_body_recv_ms=- road_foreign_body_decode_ms=- road_foreign_body_senders_ms=- road_foreign_body_parent_wait_ms=- road_foreign_body_check_ms=- road_foreign_body_total_ms=- road_new_payload_recv_ms=- road_new_payload_decode_ms=- road_new_payload_senders_ms=- road_new_payload_parent_wait_ms=- road_new_payload_check_ms=- road_new_payload_total_ms=- road_foreign_body_blocks=0 road_new_payload_blocks=0 fcu_answered=1846 fcu_in_flight_ms_median=0 fcu_queued_ms_median=0 fcu_queued_ms_max=103 fcu_refused=0 fcu_slow=1617 bodies_held=0 road_reuse_ms=- road_prepare_ms=- road_dispatch_ms=- road_convert_ms=- road_remember_ms=- road_header_ms=- road_fields_ms=- road_other_ms=- import_engine_ms_median=- gate_forced=0 gate_warns=0 flood_timeouts=0 canonical_min=4050 canonical_max=4050 chained_builds=2731 chain_lead_ms_median=40 chain_wait_ms_median=22 chain_started=2734 chain_discarded=2 chain_discard_reasons=_1_reason="no_,_1_reason="the_execution_layer_produced_nothing,_1_reason="the_request_names_another_parent chain_alias_warns=0 el_chained=2750 bodies_held_warns=0 el_build_refused=2 el_build_refused_reasons=_2_no_QMDB_tree_for_parent_block_0x queued_p5=2324000 queued_p50=2515000 road_compact_blocks=0 road_compact_recv_ms=- road_compact_assemble_ms=- road_compact_root_ms=- road_compact_miss_wait_ms=- road_compact_senders_ms=- road_compact_check_ms=- road_compact_other_ms=- road_compact_total_ms=- road_compact_misses_total= compact_refused_el=0 compact_fallbacks=0 compact_bytes_median=- pool_order9=16255 par_pull_ms_median=0 build_total_ms_median2=62 road_compact_filled_blocks=0 road_compact_filled_median=- road_compact_fill_ms_median=- need_txns=0 fill_failed=0 ingest_rate_gate_open_median=- ingest_gate_open_intervals=0 ingest_slots_busy_median=- flood_rate= fill_asked_proposer=0 fill_asked_other=0 loop_lines=2772 loop_unnamed_ms_median=48 loop_body_served_ms_median=- loop_txns_served_ms_median=- import_exec_ms_median2=- pip_partition_ms=- pip_env_ms=- pip_batch_ms=- pip_groups_ms=- pip_gas_ms=- pip_merge_ms=- pip_receipts_ms=- pip_drop_ms=- pip_other_ms=- pip_total_ms=- senders_indexed_median=- road_senders_ms_median=- road_total_ms_median=- pew_ms_median=- pew_ms_p90= gate_ms_median=- gate_ms_p90= root_ms_p50=- root_ms_p90= two_roads=0 not_on_output=0 not_on_output_why= ckpt_ms_first_q=2 ckpt_ms_last_q=38 ckpt_bytes_last=34541996 parent_still_importing=1 root_wait_ms_p50=- root_wait_ms_p90= tenures_low_seal=23 seal_first_share=0.99 empty_over_deep=0 near_empty_warns=0 no_seal_why= par_skipped_median=- usable_p5=2324000 ckpt_replay_ms_last_q=15 candidates_zero=0 dropped_ingest=0 let_go_warns=0 let_go_reasons= parked_p50=0 parked_max=0 held_warns=0 park_capped_total=0 superseded_builds=0 empty_not_superseded=0 mass_park_warns=0 heads_lines=0 holes_lines=0 stale_parent_refusals=0 par_groups_p5=0 cancelled_decided=1 heads_nonce0=0 stale_unconfirmed= handovers=1 el_panics=0 decided_cancelled=1 min_window_blocks=454 road_desc_blocks=0 road_desc_total_ms=- road_desc_copy_ms=- desc_misses=0 fill_failed2=0 sf_par_collect_ms=0 sf_par_commit_ms=2 sf_par_fold_ms=7 sf_par_graft_ms=0 sf_par_prefault_ms=0 sf_par_exec_ms=30 sf_sealed_at_ms=60 sf_roots_ms=38 sf_state_ready_ms=98 sf_total_ms=184 ba_find_ms=0 ba_queue_ms=3 ba_total_ms=62 ba_on_output=1453 queue_fold_us=0 queue_lock_us=1 sf_par_exec_ms=30 sf_par_fold_ms=7 pip_groups_ms=- import_exec_ms_median2=- reads_d0=0 reads_hist=0 f_reads_d0=- f_reads_hist=- f_overlay_depth=- L_read_set_ms=0 read_set_accounts=0 read_set_unresolved=0 read_set_hits=0 read_set_misses=0 start_best_ms=- par_prep_ms=- gap_before_exec_ms=- gap_after_exec_ms=- gap_before_seal_ms=- index_ms=- road_copy_aside_ms=- road_copy_wait_ms=- road_total_ms=- queue_first_miss=queue_first_miss=0:2545,queue_first_miss=18446744073709551615:1465 root_append_behind=0 populate_lag_mb=0 swap_used_g=0 root_faults=- root_faults_p90= root_faults_entries=0 root_faults_offsets=0 root_faults_index=0 root_faults_bits=0 root_faults_twigs=0 root_faults_undo=0 root_faults_tmp=0 root_append_faults=0 root_twig_pool_misses=0 batch_max_ms=20 batch_min_ms=6 batch_median_ms=13 batch_cpu_max_ms=12 batch_txs_max=3500 batch_txs_min=500 batch_start_skew_ms=16 batch_wait_ms=0 loop_fetch_ns=0 loop_check_ns=0 loop_transfer_ns=0 loop_receipt_ns=0 loop_gas_ns=0 loop_sink_ns=0 loop_other_ns=0 batch_setup_ns=0 batch_close_ns=0 imp_exec_part_ms=- imp_exec_batches_ms=- imp_exec_graft_ms=- imp_exec_batches=- imp_exec_threads=- imp_exec_batch_max_ms=- imp_exec_batch_median_ms=- imp_parent_output_wait_ms=- road_parent_output_wait_ms=- next_start_gap_ms=1 next_entry_gap_ms=0 commit_body_ahead_used=- imp_exec_keys_ms=- imp_keys_ahead=- imp_exec_sink_ms=- imp_exec_pre_ms=- imp_exec_post_ms=- imp_exec_receipts_ms=- imp_exec_drop_ms=- root_gap_ms=- queue_whole=queue_whole=false:2545,queue_whole=true:1465 tick_tick_late_us=961 tick_preamble_us=341 tick_take_sealed_us=1 tick_sign_us=0 tick_cache_us=0 tick_presealed=- tick_describe_us=10 tick_publish_us=598 tick_tick_to_send_us=1985 road_check_ms=- road_check_include_us=- road_check_scan_us=- road_check_fold_us=- road_check_senders_us=- road_check_frames_summarized=- road_check_frames_scanned=- imp_exec_start_gap_us=- imp_gap_road_us=- imp_gap_header_us=- imp_gap_senders_us=- imp_gap_parent_us=- imp_gap_setup_us=- imp_gap_keys_wait_us=- sealed_at_p90= sealed_over_130=0 roots_ms=- cycle_p90= batch_max_ms=- batch_median_ms=- imp_batch_max=- forest_lock_warns=2095 root_seal_ms=1 root_seals=40 root_majflt=1 roots_p90= gp_layer=1462 ggp_missing=31 state_wait_split=0/0/0/0:910,1/0/0/0:203,2/0/0/0:144 qmdb_releases=0 state_wait_on= imp_road_end_ms=- imp_exec_start_ms=- imp_exec_end_ms=- imp_root_end_ms=- imp_fields_ready_ms=- imp_parent_fields_wait_ms=- imp_exec_ms=- imp_root_ms=- imp_checks_ms=- imp_engine_ms=- imp_total_ms=- road_parent_fields_wait_ms=- exec_read_ms=0 L_exec_evm_ms=0 L_exec_write_ms=0 L_exec_other_ms=0 L_reads_cache=0 L_reads_provider=0 L_reads_view=0 L_graft_base_ms=0 L_graft_reserve_ms=0 L_graft_insert_ms=0 L_graft_reverts_ms=0 L_graft_other_ms=0 L_par_exec_ms=30 L_par_graft_ms=0 F_exec_read_ms=- F_exec_evm_ms=- F_exec_write_ms=- F_exec_other_ms=- F_reads_cache=- F_reads_provider=- F_reads_view=- F_groups_ms=- L_tx_root_wait_ms=0 L_par_exec_ms=30 L_par_graft_ms=0 L_par_fold_ms=7 L_sealed_ms=6 L_state_ready_ms=98 L_roots_ms=38 L_finish_ms=108 L_total_ms=184 L_setup_ms=0 L_par_pull_ms=0 L_give_back_ms=0 L_state_wait_ms=0 L_state_after_pull=1454 L_seal_at_exec=1454 L_tx_root_ahead=0 flood_w1=3183611 txs_p10=200000 acq_us=475 slots_busy=13 ingest_rate=3127764 L_scope_join_ms=0 L_par_release_ms=0 L_commit_body_ms=0 L_par_commit_ms=2 L_give_back_ms=0 L_sealed_ms=6 L_par_exec_ms=30 L_state_wait_ms=0 L_par_pull_ms=0 L_par_prep_ms=4 L_par_start_ms=5 L_pre_exec_ms=0 L_par_run_ms=33 L_sealed_at_ms=60 F_partition_ms=- F_env_ms=- F_groups_ms=- F_merge_ms=- F_reverts_wait_ms=- F_ahead_wait_ms=- F_total_ms=- I_engine_ms=- I_root_ms=- I_total_ms=- H_engine_remember_ms=- H_engine_listing_ms=- H_engine_new_payload_ms=- busy_us=1 L_par_start_ms=5 L_start_handoff_ms=3 L_start_best_ms=4 L_start_puller_ms=0 L_par_pull_ms=0 L_par_prep_ms=4 L_state_wait_ms=0 L_par_exec_ms=30 L_par_commit_ms=2 L_sealed_ms=6 L_sealed_at_ms=60 L_par_graft_ms=0 L_graft_insert_ms=0 L_graft_reverts_ms=0 L_graft_split_us=0 L_graft_build_us=0 L_graft_merge_us=0 L_state_ready_ms=98 Q_queue_ms=0 R_dispatch_wait_ms=- R_total_ms=- R_road_runtime=1 gate_holds=0 peer_fetch=0 pool_limit=limit=4 gate_opened=gate_opened_for_block=0 I_root_ms=- flood_rate_hdr=rate=6000000/s fills=0 fill_waited=- slots_busy=13 acq_us=475 busy_us=1 converged=0 fallbacks=0 busy_us=1 recover_us=0 tf_on_output=3 tf_fallback=0 still_importing=1 busy_us=1 slots_busy=13 batches=altsig_txs=0 altsig_batches=0 tf_on_output=3 tf_fallback=0 gate_holds=0 sign_s=sign 0s replay_note=replay       : 64 files from /data/n42-pregen/g900000-400m, 400000000 transactio sign_s=sign 0s shard=shard_verified=0 shard_claimed=0 road_verified=- slots_busy=13 gate_us=7243 reply_us=7793 queued=2515000 assemble_ms=- road_take_ms=- road_body_ms=- road_encode_ms=- shards=16 shard_insert_ms=0 shard_wait_ms=0 shard_fold_ms=4 shard_append_ms=251 shard_merge_ms=55 state_ready_ms=98 roots_ms=38 exec_read_ms=0 exec_evm_ms=0 exec_write_ms=0 exec_other_ms=0 reads_cache=0 reads_provider=0 reads_view=0 par_run_ms=33 fold_task_cpu_max_us=4106 fold_task_minflt_max=0 fold_task_minflt_sum=0 fold_task_migrated=0 fold_task_nivcsw_max=0 fold_index=1 fold_index_build_ms=4 fold_index_conflicts=7937 fold_queue_us=19 fold_skew_us=44 fold_task_max_us=4104 fold_tail_us=20 start_best_ms=4 start_select_ms=0 start_walk_ms=0 start_walk_check_ms=0 start_best_other_ms=0 start_frames_by_ref=0 start_frames_slow=0 start_pull_ms=0 start_other_ms=0 start_handoff_ms=3 par_start_ms=5 par_prep_ms=4 par_commit_ms=2 commit_body_ms=0 par_fold_ms=7 sealed_ms=6 copy_ms=- prune_ms=0 frames=- frames_missing=- frame_root_ms=- root_ms=- frames_admitted=frames_admitted=581039 frames_unaligned=0 frame_root_indexed=- seal_layout_ms=0 seal_root_ms=0 attested= busy_us=1 slots_busy=13 reply_us=7793 prune_ms=0 body_refused=0 body_failed_late=0
loop341P win1 tps=3,173,333 txs=95,200,000 blocks= 476 cycle=0.063s occupancy=100.0% full(>=95%)=476/476 basefee=n/a (from the layer's log)
loop341P win2 tps=3,153,333 txs=94,600,000 blocks= 473 cycle=0.063s occupancy=100.0% full(>=95%)=473/473 basefee=n/a (from the layer's log)
loop341P win3 tps=3,026,667 txs=90,800,000 blocks= 454 cycle=0.066s occupancy=100.0% full(>=95%)=454/454 basefee=n/a (from the layer's log)
loop341P tps=3,173,333 round_txs=280600000 cycles_w1=
loop341P imp_fields_p90= b_p75=23
loop341P overlay: filter_skips=0 probes=0 ratio=- (ratio = skips/(skips+probes))
loop341P overlay_manager:       1 state_trie_overlay=false  state-ovly_cpu=0
loop341P verify: written to /data/blockchain/rust-fleet7-bench/bench-loop341P/verify.json
== loop341P  (E=1: seven validator keys on one execution layer)
  window 1: canonical 477 blocks, 95.4M tx = 3,180,000/s (100.0% of window 1), full 476/477 (100%); cycle mean/median/p90 63.0/61.6/68.7 ms
    leader builds 476: sealed_at median/p90/p99 60/72/85; phases median/p90 ms: gap_before_exec 2/6, state_wait 1/4, par 59/73, par_exec 30/35, roots 37/49, parent_fields 0/10, sealed 6/17
    state_wait_on {'output': 245, 'none': 222, 'open': 5, 'grandparent': 4}; builds with state_wait > 20 ms: 1 ([('grandparent', 1)]); gp_layer {1.0: 476}, ggp_missing {0.0: 472, 1.0: 4}
    queue at the builds min/median 1,410,000/2,519,000
    new field batch_cpu_sum_us: median/p90/max 516473.5/670590.0/1600204, nonzero 476
    new field batch_dispatch_us: median/p90/max 26.0/64.0/558, nonzero 476
    new field batch_first_start_us: median/p90/max 15.0/27.0/42, nonzero 476
    new field batch_ivcsw: median/p90/max 0.0/4.0/19, nonzero 161
    new field batch_last_end_us: median/p90/max 29772.5/34519.0/61017, nonzero 476
    new field batch_last_start_us: median/p90/max 16484.0/19536.0/46802, nonzero 476
    new field batch_minflt: median/p90/max 1049.5/5256.0/9598, nonzero 476
    new field batch_threads: median/p90/max 32.0/32.0/32, nonzero 476
    new field batch_vcsw: median/p90/max 257.0/448.0/868, nonzero 476
    new field batch_wall_sum_us: median/p90/max 757231.0/874430.0/1720267, nonzero 476
    new field batches: median/p90/max 58.0/58.0/58, nonzero 476
    new field one_wave: {'false': 476}
    new field open_engine_us: median/p90/max 0.0/0.0/39959, nonzero 4
    new field open_fallback: {'false': 472, 'true': 4}
    new field open_keep_us: median/p90/max 3.0/5.0/15, nonzero 476
    new field open_layers: median/p90/max 3.0/3.0/3, nonzero 476
    new field open_provider_us: median/p90/max 105.0/154.0/445, nonzero 476
    new field plan_age_us: median/p90/max 54263.0/66217.0/82856, nonzero 476
    new field plan_ahead: median/p90/max 1.0/1.0/1, nonzero 476
    new field plan_discard: {'': 476}
    new field plan_prep_us: median/p90/max 7141.0/9021.0/15579, nonzero 476
    new field plan_topup_txs: median/p90/max 0.0/0.0/0, nonzero 0
    new field prev_seal_to_answer_us: median/p90/max 1360.0/2232.0/5945, nonzero 476
    new field prev_seal_to_entry_us: median/p90/max 0.0/0.0/0, nonzero 0
    new field prev_seal_to_header_us: median/p90/max 168.0/242.0/454, nonzero 476
    new field prev_seal_to_import_us: median/p90/max 114400.0/133906.0/152175, nonzero 473
    new field prev_seal_to_request_us: median/p90/max 878.0/1028.0/1344, nonzero 476
    new field prev_seal_to_start_us: median/p90/max 1138.5/1332.0/1743, nonzero 476
    new field pull_bulk_txs: median/p90/max 200000.0/200000.0/200000, nonzero 476
    new field pull_bulk_us: median/p90/max 786.5/1008.0/4054, nonzero 476
    new field root_apply_total_us: median/p90/max 23147.5/30435.0/43575, nonzero 476
    new field root_delta_us: median/p90/max 1122.5/5116.0/9210, nonzero 476
    new field root_index_us: median/p90/max 3388.5/8024.0/16197, nonzero 476
    new field root_leaves_us: median/p90/max 6765.0/13847.0/28900, nonzero 476
    new field root_note_us: median/p90/max 142.5/207.0/1112, nonzero 476
    new field root_rehash_us: median/p90/max 1384.0/2010.0/8298, nonzero 476
    new field root_retire_us: median/p90/max 1441.0/2185.0/5895, nonzero 476
    new field root_sort_us: median/p90/max 79.0/134.0/1029, nonzero 476
    new field root_writes_us: median/p90/max 6779.5/9884.0/26256, nonzero 476
    new field sealed_unix_us: median/p90/max 1791249215246408.5/1791249227220655.0/1791249230149822, nonzero 476
    new field start_walk_check_us: median/p90/max 0.0/0.0/0, nonzero 0
    new field start_walk_ids_us: median/p90/max 0.0/0.0/0, nonzero 0
    new field start_walk_settle_us: median/p90/max 0.0/0.0/0, nonzero 0
    new field start_walk_us: median/p90/max 0.0/0.0/0, nonzero 0
    new field state_wait_us: median/p90/max 1358.0/4509.0/41486, nonzero 476
    new field view_journal_reads: median/p90/max 0.0/69632.0/131072, nonzero 220
    new field view_journal_searches: median/p90/max 0.0/193696.0/393216, nonzero 220
    new field view_journal_skips: median/p90/max 0.0/0.0/0, nonzero 0
    binding wait (tick / quorum / seal share, mean cycle): tick 94% (62); quorum 0%; seal 6% (72); feed-bound (blocks under 95% of the tier): 1 of 477
    slowest key vote delay median/p90 26.5/53.3 ms
    engine own-import total_ms per block median/p90/max 37/59/80 (n=476)
    layer RSS 4.8 -> 27.0 G (max 27.0), in-memory blocks max 10
    execution layer cores busy 35.8    validators cores busy 1.2
    flood delivered (median per 5 s over the leg) 3,156,873/s
  window 2: canonical 473 blocks, 94.6M tx = 3,153,333/s (99.2% of window 1), full 473/473 (100%); cycle mean/median/p90 62.7/61.6/67.6 ms
    leader builds 475: sealed_at median/p90/p99 60/72/89; phases median/p90 ms: gap_before_exec 2/3, state_wait 0/2, par 57/71, par_exec 29/33, roots 38/49, parent_fields 0/11, sealed 6/18
    state_wait_on {'output': 78, 'none': 385, 'grandparent': 6, 'open': 6}; builds with state_wait > 20 ms: 2 ([('grandparent', 2)]); gp_layer {1.0: 475}, ggp_missing {0.0: 469, 1.0: 6}
    queue at the builds min/median 2,316,000/2,518,000
    new field batch_cpu_sum_us: median/p90/max 512811.0/633763.0/1580690, nonzero 475
    new field batch_dispatch_us: median/p90/max 25.0/60.0/3629, nonzero 475
    new field batch_first_start_us: median/p90/max 15.0/28.0/43, nonzero 475
    new field batch_ivcsw: median/p90/max 0.0/4.0/33, nonzero 166
    new field batch_last_end_us: median/p90/max 29437.0/33467.0/61865, nonzero 475
    new field batch_last_start_us: median/p90/max 16578.0/18592.0/44987, nonzero 475
    new field batch_minflt: median/p90/max 1162.0/5955.0/24206, nonzero 475
    new field batch_threads: median/p90/max 32.0/32.0/32, nonzero 475
    new field batch_vcsw: median/p90/max 259.0/428.0/756, nonzero 475
    new field batch_wall_sum_us: median/p90/max 756283.0/848716.0/1641475, nonzero 475
    new field batches: median/p90/max 58.0/58.0/58, nonzero 475
    new field one_wave: {'false': 475}
    new field open_engine_us: median/p90/max 0.0/0.0/46760, nonzero 6
    new field open_fallback: {'false': 469, 'true': 6}
    new field open_keep_us: median/p90/max 3.0/5.0/20, nonzero 475
    new field open_layers: median/p90/max 3.0/3.0/3, nonzero 475
    new field open_provider_us: median/p90/max 105.0/142.0/743, nonzero 475
    new field plan_age_us: median/p90/max 54275.0/66311.0/97776, nonzero 474
    new field plan_ahead: median/p90/max 1.0/1.0/1, nonzero 474
    new field plan_discard: {'': 474, 'not_on_its_parent': 1}
    new field plan_prep_us: median/p90/max 7498.0/9088.0/15097, nonzero 474
    new field plan_topup_txs: median/p90/max 0.0/0.0/0, nonzero 0
    new field prev_seal_to_answer_us: median/p90/max 1384.0/3036.0/5066, nonzero 475
    new field prev_seal_to_entry_us: median/p90/max 0.0/0.0/0, nonzero 0
    new field prev_seal_to_header_us: median/p90/max 151.0/224.0/486, nonzero 475
    new field prev_seal_to_import_us: median/p90/max 117868.0/136086.0/164272, nonzero 475
    new field prev_seal_to_request_us: median/p90/max 873.0/1095.0/90507, nonzero 475
    new field prev_seal_to_start_us: median/p90/max 1139.0/1367.0/90788, nonzero 475
    new field pull_bulk_txs: median/p90/max 200000.0/200000.0/200000, nonzero 475
    new field pull_bulk_us: median/p90/max 794.0/1036.0/4423, nonzero 475
    new field root_apply_total_us: median/p90/max 24221.0/31772.0/47945, nonzero 475
    new field root_delta_us: median/p90/max 1149.0/4460.0/7952, nonzero 475
    new field root_index_us: median/p90/max 3192.0/8212.0/14846, nonzero 475
    new field root_leaves_us: median/p90/max 6449.0/13344.0/25464, nonzero 475
    new field root_note_us: median/p90/max 145.0/215.0/1687, nonzero 475
    new field root_rehash_us: median/p90/max 2022.0/5473.0/17894, nonzero 475
    new field root_retire_us: median/p90/max 1594.0/2512.0/5820, nonzero 475
    new field root_sort_us: median/p90/max 80.0/137.0/2072, nonzero 475
    new field root_writes_us: median/p90/max 6873.0/10128.0/23861, nonzero 475
    new field sealed_unix_us: median/p90/max 1791249245130227.0/1791249257055537.0/1791249260128232, nonzero 475
    new field start_walk_check_us: median/p90/max 0.0/0.0/88, nonzero 1
    new field start_walk_ids_us: median/p90/max 0.0/0.0/263, nonzero 1
    new field start_walk_settle_us: median/p90/max 0.0/0.0/0, nonzero 0
    new field start_walk_us: median/p90/max 0.0/0.0/4167, nonzero 1
    new field state_wait_us: median/p90/max 176.0/2146.0/46840, nonzero 475
    new field view_journal_reads: median/p90/max 0.0/65536.0/106496, nonzero 223
    new field view_journal_searches: median/p90/max 0.0/184320.0/280180, nonzero 223
    new field view_journal_skips: median/p90/max 0.0/0.0/0, nonzero 0
    binding wait (tick / quorum / seal share, mean cycle): tick 99% (63); quorum 0%; seal 1% (66); feed-bound (blocks under 95% of the tier): 0 of 473
    slowest key vote delay median/p90 37.7/51.9 ms
    engine own-import total_ms per block median/p90/max 41/62/95 (n=473)
    layer RSS 26.2 -> 34.9 G (max 34.9), in-memory blocks max 10
    execution layer cores busy 35.7    validators cores busy 1.2
  window 3: canonical 454 blocks, 90.8M tx = 3,026,667/s (95.2% of window 1), full 454/454 (100%); cycle -
    leader builds 454: sealed_at median/p90/p99 62/78/96; phases median/p90 ms: gap_before_exec 2/6, state_wait 0/4, par 62/81, par_exec 31/35, roots 39/55, parent_fields 0/14, sealed 6/21
    state_wait_on {'output': 174, 'none': 258, 'grandparent': 20, 'open': 2}; builds with state_wait > 20 ms: 17 ([('grandparent', 17)]); gp_layer {1.0: 454}, ggp_missing {0.0: 434, 1.0: 20}
    queue at the builds min/median 2,311,500/2,520,000
    new field batch_cpu_sum_us: median/p90/max 526060.5/652670.0/1492088, nonzero 454
    new field batch_dispatch_us: median/p90/max 25.0/64.0/5411, nonzero 454
    new field batch_first_start_us: median/p90/max 15.0/27.0/46, nonzero 454
    new field batch_ivcsw: median/p90/max 0.0/6.0/28, nonzero 178
    new field batch_last_end_us: median/p90/max 30743.5/34752.0/61528, nonzero 454
    new field batch_last_start_us: median/p90/max 16974.0/19176.0/42105, nonzero 454
    new field batch_minflt: median/p90/max 1427.0/7146.0/14617, nonzero 454
    new field batch_threads: median/p90/max 32.0/32.0/32, nonzero 454
    new field batch_vcsw: median/p90/max 260.0/506.0/1013, nonzero 454
    new field batch_wall_sum_us: median/p90/max 788839.5/883943.0/1568339, nonzero 454
    new field batches: median/p90/max 58.0/58.0/58, nonzero 454
    new field one_wave: {'false': 454}
    new field open_engine_us: median/p90/max 0.0/0.0/56718, nonzero 20
    new field open_fallback: {'false': 434, 'true': 20}
    new field open_keep_us: median/p90/max 3.0/5.0/12, nonzero 454
    new field open_layers: median/p90/max 3.0/3.0/3, nonzero 454
    new field open_provider_us: median/p90/max 104.0/140.0/278, nonzero 454
    new field plan_age_us: median/p90/max 56396.0/71948.0/116865, nonzero 454
    new field plan_ahead: median/p90/max 1.0/1.0/1, nonzero 454
    new field plan_discard: {'': 454}
    new field plan_prep_us: median/p90/max 7362.0/9468.0/17052, nonzero 454
    new field plan_topup_txs: median/p90/max 0.0/0.0/0, nonzero 0
    new field prev_seal_to_answer_us: median/p90/max 1362.5/2440.0/5021, nonzero 454
    new field prev_seal_to_entry_us: median/p90/max 0.0/0.0/0, nonzero 0
    new field prev_seal_to_header_us: median/p90/max 158.0/229.0/391, nonzero 454
    new field prev_seal_to_import_us: median/p90/max 121344.0/142082.0/197299, nonzero 445
    new field prev_seal_to_request_us: median/p90/max 886.0/1096.0/69462, nonzero 454
    new field prev_seal_to_start_us: median/p90/max 1160.0/1392.0/69658, nonzero 454
    new field pull_bulk_txs: median/p90/max 200000.0/200000.0/200000, nonzero 454
    new field pull_bulk_us: median/p90/max 795.0/1043.0/4398, nonzero 454
    new field root_apply_total_us: median/p90/max 25814.0/32493.0/54404, nonzero 454
    new field root_delta_us: median/p90/max 1060.5/4235.0/8045, nonzero 454
    new field root_index_us: median/p90/max 3253.0/8258.0/16580, nonzero 454
    new field root_leaves_us: median/p90/max 6709.5/13449.0/27801, nonzero 454
    new field root_note_us: median/p90/max 134.0/194.0/416, nonzero 454
    new field root_rehash_us: median/p90/max 2632.0/7007.0/31453, nonzero 454
    new field root_retire_us: median/p90/max 1674.5/2462.0/8689, nonzero 454
    new field root_sort_us: median/p90/max 79.0/111.0/2918, nonzero 454
    new field root_writes_us: median/p90/max 6808.5/10187.0/19881, nonzero 454
    new field sealed_unix_us: median/p90/max 1791249275185590.5/1791249287210303.0/1791249290136490, nonzero 454
    new field start_walk_check_us: median/p90/max 0.0/0.0/0, nonzero 0
    new field start_walk_ids_us: median/p90/max 0.0/0.0/0, nonzero 0
    new field start_walk_settle_us: median/p90/max 0.0/0.0/0, nonzero 0
    new field start_walk_us: median/p90/max 0.0/0.0/0, nonzero 0
    new field state_wait_us: median/p90/max 545.5/4606.0/59201, nonzero 454
    new field view_journal_reads: median/p90/max 0.0/69632.0/122880, nonzero 223
    new field view_journal_searches: median/p90/max 0.0/186813.0/322361, nonzero 223
    new field view_journal_skips: median/p90/max 0.0/0.0/0, nonzero 0
    engine own-import total_ms per block median/p90/max 41/63/86 (n=454)
    layer RSS 34.5 -> 40.8 G (max 40.8), in-memory blocks max 10
    execution layer cores busy 35.0    validators cores busy 1.1
  round total (3 windows, canonical): 280.8M tx
  layer peak RSS 40.8 G; in-memory blocks max 10
  fields at seal: mode "early", verified 0, unchecked 0, mismatches 0 (last build line, cumulative)
  own_executed_again (built here and also directly imported): 0 of 1453 built blocks
== loop341P
  layer-0 leader window-1 builds 477: txs mean 200000, share >= 95% of the tier 100% (max 200000); sealed_at_ms 60.0/72.0; par_ms 59.0/74.0; par_exec_ms 30.0/35.0; roots_ms 37.0/49.0; parent_fields_ms 0.0/10.0; sealed_ms 6.0/17.0
  proposal cycle window 1 (n=492): mean 63.0 median 61.6 p90 68.7 ms; blocks in the 30 s: 492
  binding wait (tick / quorum / seal, share and mean cycle): tick 94.3% (62.5); quorum 0%; seal 5.7% (71.9)
  vote delay after the proposal, slowest key per block: median 26.5 p90 53.3 ms (slowest minus the median key: median 0.2); last key: {1: 92, 2: 69, 3: 66, 4: 69, 5: 103, 6: 77} of 476 blocks
  CPU in window 1 (cores busy): execution layers 35.8 over 1 process(es); validators 1.2 over 7 process(es)
  execution layer peak RSS 40.8 G; in-memory blocks max 10 (node0 and others, all layers)
  blocks built here 1453; none also directly imported
  import-once counters at the last direct import: ; start-up lines with import_once=true: 1; queue-lock lines 0
  layer-0 queue (queued after canonical prune), median per 10 s: t+0:2517500 t+20:2508000 t+40:2512000 t+60:2516000 t+80:2517500
  flood: median per 5 s 3156873/s, final -
  timeout / given-up lines: 1; 01:12:52 v0 INFO process_event{view=1 kind="message"}: n42::cl::timeout: TC formed
loop341P page_faults_per_s_median: node0=171250 
feedcheck loop341P: ok (block 200,000 tx)
== loop341P: feed check (acq_us / gate_us / reply_us are per frame of 500; rate per 5 s `ingest` line)
  window 1: ingest lines 6; acq_us 480 (max 485); gate_us 6985; reply_us 7556; slots_busy 14%; delivered median 3,171,730/s max 3,246,616/s; queue at builds median 2,519,000 min 1,410,000; full 100% of 477 blocks
  window 2: ingest lines 6; acq_us 474 (max 503); gate_us 7196; reply_us 7770; slots_busy 14%; delivered median 3,167,869/s max 3,227,978/s; queue at builds median 2,518,000 min 2,316,000; full 100% of 473 blocks
  window 3: ingest lines 6; acq_us 476 (max 513); gate_us 7673; reply_us 8226; slots_busy 13%; delivered median 3,035,324/s max 3,069,012/s; queue at builds median 2,520,000 min 2,311,500; full 100% of 454 blocks
  flood.log (+15..+100 s): rate per 5 s median 3,131,482/s max 3,230,711/s; reply latency median 61.3 ms max 65.0 ms
== loop341P: lanes lock, drain and pruner (new fields)
  window 1: lock duty 60.5% (max 66.0); holds/5s 2,102; longest hold 26.08 ms median, 27.57 ms max by crates/n42/tx-queue/src/lib.rs:1990 (most frequent holders [('crates/n42/tx-queue/src/lib.rs:1990', 6)]); lock wait 2332.6 ms/5s, longest 26.67 ms; drains/5s 834 of 19110 tx, mean 1590 us, max 19.24 ms
           prune (473 blocks): prune_ms 33/48; fold 0.6 ms, lock 0.0 ms, remove(hold) 11.1 ms, free 0.0 ms; frames_swept 400; coalesced on 473 of 473; prune_wait_ms 0/0; pruner busy 53% of a thread, lock held by it 1.1%
  window 2: lock duty 64.5% (max 66.0); holds/5s 2,001; longest hold 25.88 ms median, 29.60 ms max by crates/n42/tx-queue/src/lib.rs:2518 (most frequent holders [('crates/n42/tx-queue/src/lib.rs:1990', 5), ('crates/n42/tx-queue/src/lib.rs:2518', 1)]); lock wait 2826.8 ms/5s, longest 28.31 ms; drains/5s 739 of 21355 tx, mean 1860 us, max 21.32 ms
           prune (471 blocks): prune_ms 36/48; fold 0.6 ms, lock 0.0 ms, remove(hold) 11.9 ms, free 0.0 ms; frames_swept 400; coalesced on 471 of 471; prune_wait_ms 0/0; pruner busy 57% of a thread, lock held by it 1.7%
  window 3: lock duty 60.0% (max 60.0); holds/5s 2,008; longest hold 26.54 ms median, 31.21 ms max by crates/n42/tx-queue/src/lib.rs:1990 (most frequent holders [('crates/n42/tx-queue/src/lib.rs:1990', 6)]); lock wait 2321.0 ms/5s, longest 27.22 ms; drains/5s 800 of 18957 tx, mean 1603 us, max 20.68 ms
           prune (440 blocks): prune_ms 33/46; fold 0.5 ms, lock 0.0 ms, remove(hold) 11.7 ms, free 0.0 ms; frames_swept 400; coalesced on 440 of 440; prune_wait_ms 0/0; pruner busy 50% of a thread, lock held by it 1.2%
== loop341P: pruner (per block; busy = sum prune_ms / 30 s, lock = sum (remove_us + settle_us) / 30 s)
  window 1: 473 prunes; prune_ms 33/48; remove_us 11.1/20.6 ms; forget_us 3.0/4.7 ms; settle_us 3.2 ms; pruner busy 53% of a worker; lanes lock held for removal 24%
  window 2: 471 prunes; prune_ms 36/48; remove_us 11.9/21.2 ms; forget_us 3.4/5.2 ms; settle_us 3.3 ms; pruner busy 57% of a worker; lanes lock held for removal 26%
  window 3: 440 prunes; prune_ms 33/46; remove_us 11.7/21.7 ms; forget_us 3.0/4.7 ms; settle_us 3.0 ms; pruner busy 50% of a worker; lanes lock held for removal 24%
== loop341P: seal start / pull, prepared plan, answer, chunked drain
  window 1: 476 builds; start_best_ms 4/11; start_walk_us 0/0; start_pull_ms 0/0; par_pull_ms 0/0; par_start_ms 4/11; par_ms 59/73; sealed_at_ms 60/72; pull_bulk_us 786/1008; pull_bulk_txs 200000/200000; plan_age_us 54263/66217; plan_prep_us 7141/9021; plan_topup_txs 0/0
           plan_ahead {'1': 476}; plan_discard {'': 476}
           answer: built-ahead bytes median/max 15,243/15,245, layout_only {'true': 476}; proposal sent bytes median/max 15,243/15,245, layout_only {'true': 476}
           drain: chunks/5s 684, chunk max 8,192 tx, finished by others/5s 58; plan_discards (last ingest line) -
  window 2: 475 builds; start_best_ms 6/14; start_walk_us 0/0; start_pull_ms 0/0; par_pull_ms 0/0; par_start_ms 6/14; par_ms 57/71; sealed_at_ms 60/72; pull_bulk_us 794/1036; pull_bulk_txs 200000/200000; plan_age_us 54275/66311; plan_prep_us 7498/9088; plan_topup_txs 0/0
           plan_ahead {'1': 474, '0': 1}; plan_discard {'': 474, 'not_on_its_parent': 1}
           answer: built-ahead bytes median/max 15,245/15,245, layout_only {'true': 476}; proposal sent bytes median/max 15,245/15,245, layout_only {'true': 475}
           drain: chunks/5s 592, chunk max 8,192 tx, finished by others/5s 58; plan_discards (last ingest line) -
  window 3: 454 builds; start_best_ms 4/10; start_walk_us 0/0; start_pull_ms 0/0; par_pull_ms 0/0; par_start_ms 4/10; par_ms 62/81; sealed_at_ms 62/78; pull_bulk_us 795/1043; pull_bulk_txs 200000/200000; plan_age_us 56396/71948; plan_prep_us 7362/9468; plan_topup_txs 0/0
           plan_ahead {'1': 454}; plan_discard {'': 454}
           answer: built-ahead bytes median/max 15,245/15,245, layout_only {'true': 454}; proposal sent bytes median/max 15,245/15,245, layout_only {'true': 454}
           drain: chunks/5s 680, chunk max 8,192 tx, finished by others/5s 52; plan_discards (last ingest line) -
== loop341P: persistence per window (ms per block = part sum / blocks persisted)
  window 1: persisted 472 of 477 produced (99%); total 30.5, sf_tx 27.0, sf_rcpt 5.9, sf_acct 12.8, sf_send 10.7, scope 27.1, qmdb 15.3, post 0.0, pre 3.4, plain_rev 3.4, commit_sf 0.6, commit_mdbx 0.1, commit_rocks 0.0; longest task sf_tx 27.0; in-memory 6 -> 7 (max 10); RSS 4.8 -> 26.2 G; lag 7 -> 8 = +2.0 blocks/min; bp max 0
  window 2: persisted 474 of 473 produced (100%); total 32.7, sf_tx 29.1, sf_rcpt 6.7, sf_acct 13.8, sf_send 11.6, scope 29.2, qmdb 15.6, post 0.0, pre 3.5, plain_rev 3.5, commit_sf 0.7, commit_mdbx 0.1, commit_rocks 0.0; longest task sf_tx 29.1; in-memory 7 -> 8 (max 10); RSS 26.2 -> 34.5 G; lag 8 -> 9 = +2.0 blocks/min; bp max 0
  window 3: persisted 455 of 454 produced (100%); total 35.7, sf_tx 32.1, sf_rcpt 7.4, sf_acct 14.3, sf_send 11.2, scope 32.1, qmdb 17.6, post 0.0, pre 3.5, plain_rev 3.5, commit_sf 0.7, commit_mdbx 0.1, commit_rocks 0.0; longest task sf_tx 32.1; in-memory 8 -> 10 (max 10); RSS 34.5 -> 40.1 G; lag 9 -> 10 = +2.0 blocks/min; bp max 0
  leg end: in-memory 6, max over the sampler 10, backpressure stalls 0
== loop341P: execution and root fields (median / p90 per block)
  window 1 (476 builds): on-CPU share 0.70/0.82; CPU per transfer 2.58/3.35 us; par_exec_ms 30/35; batch_max_ms 20/26; batch_median_ms 13/15; batch_minflt 1,050/5,256; batch_vcsw 257/448; batch_ivcsw 0/4; view_journal_reads 0/69,632; view_journal_searches 0/193,696; view_journal_skips 0/0; root_writes_us 6,780/9,884; root_delta_us 1,122/5,116; root_apply_total_us 23,148/30,435; root_sort_us 79/134; root_leaves_us 6,765/13,847; root_retire_us 1,441/2,185; root_index_us 3,388/8,024; root_rehash_us 1,384/2,010; root_note_us 142/207; roots_ms 37/49; seal_to_fields_us 53,815/64,932; sealed_at_ms 60/72
  window 2 (475 builds): on-CPU share 0.69/0.80; CPU per transfer 2.56/3.17 us; par_exec_ms 29/33; batch_max_ms 20/25; batch_median_ms 13/15; batch_minflt 1,162/5,955; batch_vcsw 259/428; batch_ivcsw 0/4; view_journal_reads 0/65,536; view_journal_searches 0/184,320; view_journal_skips 0/0; root_writes_us 6,873/10,128; root_delta_us 1,149/4,460; root_apply_total_us 24,221/31,772; root_sort_us 80/137; root_leaves_us 6,449/13,344; root_retire_us 1,594/2,512; root_index_us 3,192/8,212; root_rehash_us 2,022/5,473; root_note_us 145/215; roots_ms 38/49; seal_to_fields_us 53,362/64,998; sealed_at_ms 60/72
  window 3 (454 builds): on-CPU share 0.69/0.80; CPU per transfer 2.63/3.26 us; par_exec_ms 31/35; batch_max_ms 21/26; batch_median_ms 13/15; batch_minflt 1,427/7,146; batch_vcsw 260/506; batch_ivcsw 0/6; view_journal_reads 0/69,632; view_journal_searches 0/186,813; view_journal_skips 0/0; root_writes_us 6,808/10,187; root_delta_us 1,060/4,235; root_apply_total_us 25,814/32,493; root_sort_us 79/111; root_leaves_us 6,710/13,449; root_retire_us 1,674/2,462; root_index_us 3,253/8,258; root_rehash_us 2,632/7,007; root_note_us 134/194; roots_ms 39/55; seal_to_fields_us 55,952/71,479; sealed_at_ms 62/78
flood span 95 s; tokio-rt threads alive throughout 34 of 73; group 9.9 cores busy over them (all threads incl. short-lived 13.0)
  per-thread cores busy, top 12: 0.60 0.58 0.58 0.57 0.57 0.56 0.56 0.56 0.55 0.55 0.55 0.55; threads over 0.9 core: 0, over 0.7: 0
== loop341P: 1405 full builds in the 3 windows
  par_exec_ms 30/34; par_run_ms 33/39; batch_start_skew_ms 16/19; batch_median_ms 13/15; batch_max_ms 20/26; batch_first_start_us 15/27; batch_last_start_us 16692/19124; batch_dispatch_us 25/63; batch_last_end_us 29993/34327; batches 58/58; batch_threads 32/32; batch_txs_max 3500/3500; batch_txs_min 500/500; start_walk_ms 0/0; start_walk_check_ms 0/0; par_start_ms 5/12; sealed_at_ms 60/74; prev_seal_to_answer_us 1370/2581; prev_seal_to_entry_us 0/0; prev_seal_to_header_us 159/235; prev_seal_to_import_us 117937/137387; prev_seal_to_request_us 880/1072; prev_seal_to_start_us 1144/1361; start_walk_check_us 0/0; start_walk_ids_us 0/0; start_walk_settle_us 0/0; start_walk_us 0/0
  one_wave {'false': 1405}
  batches == batch_threads on 0 of 1405 builds
  last - first batch start (ms) median/p90 16.67/19.11; under 2 ms on 0 of 1405 builds
leg loop341J: /data free 965G (needs 120 G)
leg loop341J start 21:17:29 load 3.97
round loop341J exit 0 at 21:20:21
loop341J save stages (node0, seconds summed over the leg / count): batch_size=1964.0/654  batch_size=1964.0/654  reth_consensus_engine_beacon_persistence_duration=57.1/654  duration_seconds=54.4/654  total=49.7/654  scope=44.7/654  sf=44.3/654  sf_transactions=44.0/654  qmdb_persisted=25.3/654  sf_account_changesets=20.1/654
el binary: /data/n42-build/target-n42-rs/native/release/n42 env: N42_IMPORT_ONCE=1 N42_SETTLEMENT_TAGS=legacy N42_BUILD_THROTTLE_SOFT=48 F7_EL_MAP=0,0,0,0,0,0,0 N42_FIELDS_AT_SEAL=1 N42_FRAME_BLOCKS=1 N42_TX_INGEST_RECOVER_PARALLEL=24 N42_PARALLEL_BUILD_THREADS=32 N42_PLAN_AHEAD=1 N42_HASHED_TABLES=off F7_FLOOD_RATE=6000000 N42_COMPACT_BODY=1 MALLOC_CONF=thp:always,oversize_threshold:0,dirty_decay_ms:2000,background_thread:true N42_ACCOUNT_HISTORY=off N42_TAKE_COMPACT=1 N42_SF_EARLY_WRITEBACK=1 N42_ROAD_RUNTIME=1 N42_TX_INGEST_HIGH_WATER=2500000 F7_BENCH_POOL_SLOTS=3000000 N42_TX_QUEUE_DRAIN_CHUNK=8192 N42_VIEW_JOURNAL_FILTER=1 N42_ANSWER_LAYOUT_ONLY=1 N42_PULL_BY_FRAMES=1 N42_SF_PARALLEL_ENCODE=1 N42_BUILD_THROTTLE_HARD=80 RAYON_NUM_THREADS=16 TOKIO_WORKER_THREADS=16 N42_QMDB_PARALLEL_WRITES=1 N42_QMDB_READS=on N42_LEADER_LAYERS=3 N42_PERSIST_QMDB_IN_SCOPE=1 F7_BLOCK_INTERVAL_MS=60 F7_MEASURE_FROM_LOG=1
validator env: N42_IMPORT_ONCE=1 N42_SETTLEMENT_TAGS=legacy N42_BUILD_THROTTLE_SOFT=48 F7_EL_MAP=0,0,0,0,0,0,0 N42_FIELDS_AT_SEAL=1 N42_FRAME_BLOCKS=1 N42_TX_INGEST_RECOVER_PARALLEL=24 N42_PARALLEL_BUILD_THREADS=32 N42_PLAN_AHEAD=1 N42_HASHED_TABLES=off F7_FLOOD_RATE=6000000 N42_COMPACT_BODY=1 N42_ACCOUNT_HISTORY=off N42_TAKE_COMPACT=1 N42_SF_EARLY_WRITEBACK=1 N42_ROAD_RUNTIME=1 N42_TX_INGEST_HIGH_WATER=2500000 F7_BENCH_POOL_SLOTS=3000000 N42_TX_QUEUE_DRAIN_CHUNK=8192 N42_VIEW_JOURNAL_FILTER=1 N42_ANSWER_LAYOUT_ONLY=1 N42_PULL_BY_FRAMES=1 N42_SF_PARALLEL_ENCODE=1 N42_BUILD_THROTTLE_HARD=80 RAYON_NUM_THREADS=16 TOKIO_WORKER_THREADS=16 N42_QMDB_PARALLEL_WRITES=1 N42_QMDB_READS=on N42_LEADER_LAYERS=3 N42_PERSIST_QMDB_IN_SCOPE=1 F7_MEASURE_FROM_LOG=1
loop341J once: start-up lines import_once=true 1; last direct-import counters 
loop341J imports: layers=1 direct_imports=0 canonical_blocks=4027 import_once_lines=1 (per layer: direct imports should equal canonical blocks for one execution per block)
grep: /data/blockchain/rust-fleet7-bench/node1/el.log: No such file or directory
grep: /data/blockchain/rust-fleet7-bench/node2/el.log: No such file or directory
grep: /data/blockchain/rust-fleet7-bench/node3/el.log: No such file or directory
grep: /data/blockchain/rust-fleet7-bench/node1/el.log: No such file or directory
grep: /data/blockchain/rust-fleet7-bench/node2/el.log: No such file or directory
grep: /data/blockchain/rust-fleet7-bench/node3/el.log: No such file or directory
cat: /data/blockchain/rust-fleet7-bench/node2/el.log: No such file or directory
cat: /data/blockchain/rust-fleet7-bench/node2/el.log: No such file or directory
cat: /data/blockchain/rust-fleet7-bench/node2/el.log: No such file or directory
cat: /data/blockchain/rust-fleet7-bench/node1/el.log: No such file or directory
cat: /data/blockchain/rust-fleet7-bench/node2/el.log: No such file or directory
cat: /data/blockchain/rust-fleet7-bench/node3/el.log: No such file or directory
Traceback (most recent call last):
  File [35m"<stdin>"[0m, line [35m4[0m, in [35m<module>[0m
[1;35mIndexError[0m: [35mlist index out of range[0m
loop341J no_variant=0 own_not_committed=0 tc=1 invalid_blocks=0 incomplete=0 gas_mismatch=0 direct_imports_failed=0 stuck_at_hashed_state=0 engine_idles_over_5s=1 proposals_given_up=0 tables_off_nodes=1 unanswered_reads=0 seal_first_total=1462 seal_first_direct=1462 direct_guard_errors=0 commit_ms_median=2 fold_ms_median=7 sealed_at_ms_median=59 state_ready_ms_median=94 build_total_ms_median=180 recover_us_median=0 par_exec_ms_median=30 par_exec_ms_median=30 giveback_filtered=0 giveback_offered_max=200000 seal_first=1462 reader_lag_max=9 reader_lag_warns=0 view_invalidated=0 el_sum_peak_g=41.4 el_max_peak_g=41.4 val_sum_peak_g=2.0 flood_peak_g=0.6 two_roads_blocks=0 two_roads_overlap_ms_median=- exec_on_output_declined=0 r1_collect_ms_median=5 proposal_at_ms_median=49 view_total_ms_median=61 import_exec_ms_median=- import_total_ms_median=- import_senders_ms_median=- import_convert_ms_median=- import_groups_median=- imports_over_600ms=0 min_avail_g=89.5 road_foreign_body_recv_ms=- road_foreign_body_decode_ms=- road_foreign_body_senders_ms=- road_foreign_body_parent_wait_ms=- road_foreign_body_check_ms=- road_foreign_body_total_ms=- road_new_payload_recv_ms=- road_new_payload_decode_ms=- road_new_payload_senders_ms=- road_new_payload_parent_wait_ms=- road_new_payload_check_ms=- road_new_payload_total_ms=- road_foreign_body_blocks=0 road_new_payload_blocks=0 fcu_answered=1854 fcu_in_flight_ms_median=0 fcu_queued_ms_median=0 fcu_queued_ms_max=87 fcu_refused=0 fcu_slow=1542 bodies_held=0 road_reuse_ms=- road_prepare_ms=- road_dispatch_ms=- road_convert_ms=- road_remember_ms=- road_header_ms=- road_fields_ms=- road_other_ms=- import_engine_ms_median=- gate_forced=0 gate_warns=0 flood_timeouts=0 canonical_min=4067 canonical_max=4067 chained_builds=2741 chain_lead_ms_median=38 chain_wait_ms_median=23 chain_started=2745 chain_discarded=5 chain_discard_reasons=_1_reason="no_,_1_reason="the_build_was_aborted,_2_reason="the_chained_build_produced_nothing,_2_reason="the_execution_layer_produced_nothing,_1_reason="the_request_names_another_parent chain_alias_warns=0 el_chained=2760 bodies_held_warns=0 el_build_refused=5 el_build_refused_reasons=_2_the_build_was_aborted,_2_no_QMDB_tree_for_parent_block_0x,_1_2026-10-06T01:19:20.784147Z_WARN_build_on_own_blo queued_p5=2320500 queued_p50=2513000 road_compact_blocks=0 road_compact_recv_ms=- road_compact_assemble_ms=- road_compact_root_ms=- road_compact_miss_wait_ms=- road_compact_senders_ms=- road_compact_check_ms=- road_compact_other_ms=- road_compact_total_ms=- road_compact_misses_total= compact_refused_el=0 compact_fallbacks=0 compact_bytes_median=- pool_order9=13971 par_pull_ms_median=0 build_total_ms_median2=61 road_compact_filled_blocks=0 road_compact_filled_median=- road_compact_fill_ms_median=- need_txns=0 fill_failed=0 ingest_rate_gate_open_median=- ingest_gate_open_intervals=0 ingest_slots_busy_median=- flood_rate= fill_asked_proposer=0 fill_asked_other=0 loop_lines=2824 loop_unnamed_ms_median=48 loop_body_served_ms_median=- loop_txns_served_ms_median=- import_exec_ms_median2=- pip_partition_ms=- pip_env_ms=- pip_batch_ms=- pip_groups_ms=- pip_gas_ms=- pip_merge_ms=- pip_receipts_ms=- pip_drop_ms=- pip_other_ms=- pip_total_ms=- senders_indexed_median=- road_senders_ms_median=- road_total_ms_median=- pew_ms_median=- pew_ms_p90= gate_ms_median=- gate_ms_p90= root_ms_p50=- root_ms_p90= two_roads=0 not_on_output=0 not_on_output_why= ckpt_ms_first_q=2 ckpt_ms_last_q=47 ckpt_bytes_last=34753492 parent_still_importing=3 root_wait_ms_p50=- root_wait_ms_p90= tenures_low_seal=23 seal_first_share=0.99 empty_over_deep=0 near_empty_warns=0 no_seal_why=_1_why="the_parallel_step_built_nothing" par_skipped_median=- usable_p5=2320500 ckpt_replay_ms_last_q=15 candidates_zero=0 dropped_ingest=0 let_go_warns=0 let_go_reasons= parked_p50=0 parked_max=0 held_warns=0 park_capped_total=0 superseded_builds=1 empty_not_superseded=0 mass_park_warns=0 heads_lines=0 holes_lines=0 stale_parent_refusals=1 par_groups_p5=0 cancelled_decided=1 heads_nonce0=0 stale_unconfirmed= handovers=3 el_panics=0 decided_cancelled=1 min_window_blocks=466 road_desc_blocks=0 road_desc_total_ms=- road_desc_copy_ms=- desc_misses=0 fill_failed2=0 sf_par_collect_ms=0 sf_par_commit_ms=2 sf_par_fold_ms=7 sf_par_graft_ms=0 sf_par_prefault_ms=0 sf_par_exec_ms=30 sf_sealed_at_ms=59 sf_roots_ms=37 sf_state_ready_ms=94 sf_total_ms=180 ba_find_ms=0 ba_queue_ms=3 ba_total_ms=61 ba_on_output=1461 queue_fold_us=0 queue_lock_us=1 sf_par_exec_ms=30 sf_par_fold_ms=7 pip_groups_ms=- import_exec_ms_median2=- reads_d0=0 reads_hist=0 f_reads_d0=- f_reads_hist=- f_overlay_depth=- L_read_set_ms=0 read_set_accounts=0 read_set_unresolved=0 read_set_hits=0 read_set_misses=0 start_best_ms=- par_prep_ms=- gap_before_exec_ms=- gap_after_exec_ms=- gap_before_seal_ms=- index_ms=- road_copy_aside_ms=- road_copy_wait_ms=- road_total_ms=- queue_first_miss=queue_first_miss=0:2550,queue_first_miss=18446744073709551615:1474 root_append_behind=0 populate_lag_mb=0 swap_used_g=0 root_faults=- root_faults_p90= root_faults_entries=0 root_faults_offsets=0 root_faults_index=0 root_faults_bits=0 root_faults_twigs=0 root_faults_undo=0 root_faults_tmp=0 root_append_faults=0 root_twig_pool_misses=0 batch_max_ms=20 batch_min_ms=6 batch_median_ms=13 batch_cpu_max_ms=10 batch_txs_max=3500 batch_txs_min=500 batch_start_skew_ms=16 batch_wait_ms=0 loop_fetch_ns=0 loop_check_ns=0 loop_transfer_ns=0 loop_receipt_ns=0 loop_gas_ns=0 loop_sink_ns=0 loop_other_ns=0 batch_setup_ns=0 batch_close_ns=0 imp_exec_part_ms=- imp_exec_batches_ms=- imp_exec_graft_ms=- imp_exec_batches=- imp_exec_threads=- imp_exec_batch_max_ms=- imp_exec_batch_median_ms=- imp_parent_output_wait_ms=- road_parent_output_wait_ms=- next_start_gap_ms=1 next_entry_gap_ms=0 commit_body_ahead_used=- imp_exec_keys_ms=- imp_keys_ahead=- imp_exec_sink_ms=- imp_exec_pre_ms=- imp_exec_post_ms=- imp_exec_receipts_ms=- imp_exec_drop_ms=- root_gap_ms=- queue_whole=queue_whole=false:2550,queue_whole=true:1474 tick_tick_late_us=979 tick_preamble_us=340 tick_take_sealed_us=1 tick_sign_us=0 tick_cache_us=0 tick_presealed=- tick_describe_us=10 tick_publish_us=598 tick_tick_to_send_us=2007 road_check_ms=- road_check_include_us=- road_check_scan_us=- road_check_fold_us=- road_check_senders_us=- road_check_frames_summarized=- road_check_frames_scanned=- imp_exec_start_gap_us=- imp_gap_road_us=- imp_gap_header_us=- imp_gap_senders_us=- imp_gap_parent_us=- imp_gap_setup_us=- imp_gap_keys_wait_us=- sealed_at_p90= sealed_over_130=0 roots_ms=- cycle_p90= batch_max_ms=- batch_median_ms=- imp_batch_max=- forest_lock_warns=1946 root_seal_ms=1 root_seals=40 root_majflt=6 roots_p90= gp_layer=1470 ggp_missing=12 state_wait_split=0/0/0/0:791,1/0/0/0:211,2/0/0/0:181 qmdb_releases=0 state_wait_on= imp_road_end_ms=- imp_exec_start_ms=- imp_exec_end_ms=- imp_root_end_ms=- imp_fields_ready_ms=- imp_parent_fields_wait_ms=- imp_exec_ms=- imp_root_ms=- imp_checks_ms=- imp_engine_ms=- imp_total_ms=- road_parent_fields_wait_ms=- exec_read_ms=0 L_exec_evm_ms=0 L_exec_write_ms=0 L_exec_other_ms=0 L_reads_cache=0 L_reads_provider=0 L_reads_view=0 L_graft_base_ms=0 L_graft_reserve_ms=0 L_graft_insert_ms=0 L_graft_reverts_ms=0 L_graft_other_ms=0 L_par_exec_ms=30 L_par_graft_ms=0 F_exec_read_ms=- F_exec_evm_ms=- F_exec_write_ms=- F_exec_other_ms=- F_reads_cache=- F_reads_provider=- F_reads_view=- F_groups_ms=- L_tx_root_wait_ms=0 L_par_exec_ms=30 L_par_graft_ms=0 L_par_fold_ms=7 L_sealed_ms=6 L_state_ready_ms=94 L_roots_ms=37 L_finish_ms=105 L_total_ms=180 L_setup_ms=0 L_par_pull_ms=0 L_give_back_ms=0 L_state_wait_ms=0 L_state_after_pull=1462 L_seal_at_exec=1462 L_tx_root_ahead=0 flood_w1=3196004 txs_p10=200000 acq_us=474 slots_busy=13 ingest_rate=3159430 L_scope_join_ms=0 L_par_release_ms=0 L_commit_body_ms=0 L_par_commit_ms=2 L_give_back_ms=0 L_sealed_ms=6 L_par_exec_ms=30 L_state_wait_ms=0 L_par_pull_ms=0 L_par_prep_ms=4 L_par_start_ms=4 L_pre_exec_ms=0 L_par_run_ms=33 L_sealed_at_ms=59 F_partition_ms=- F_env_ms=- F_groups_ms=- F_merge_ms=- F_reverts_wait_ms=- F_ahead_wait_ms=- F_total_ms=- I_engine_ms=- I_root_ms=- I_total_ms=- H_engine_remember_ms=- H_engine_listing_ms=- H_engine_new_payload_ms=- busy_us=1 L_par_start_ms=4 L_start_handoff_ms=3 L_start_best_ms=4 L_start_puller_ms=0 L_par_pull_ms=0 L_par_prep_ms=4 L_state_wait_ms=0 L_par_exec_ms=30 L_par_commit_ms=2 L_sealed_ms=6 L_sealed_at_ms=59 L_par_graft_ms=0 L_graft_insert_ms=0 L_graft_reverts_ms=0 L_graft_split_us=0 L_graft_build_us=0 L_graft_merge_us=0 L_state_ready_ms=94 Q_queue_ms=0 R_dispatch_wait_ms=- R_total_ms=- R_road_runtime=1 gate_holds=0 peer_fetch=0 pool_limit=limit=4 gate_opened=gate_opened_for_block=0 I_root_ms=- flood_rate_hdr=rate=6000000/s fills=0 fill_waited=- slots_busy=13 acq_us=474 busy_us=1 converged=0 fallbacks=0 busy_us=1 recover_us=0 tf_on_output=3 tf_fallback=0 still_importing=3 busy_us=1 slots_busy=13 batches=altsig_txs=0 altsig_batches=0 tf_on_output=3 tf_fallback=0 gate_holds=0 sign_s=sign 0s replay_note=replay       : 64 files from /data/n42-pregen/g900000-400m, 400000000 transactio sign_s=sign 0s shard=shard_verified=0 shard_claimed=0 road_verified=- slots_busy=13 gate_us=7175 reply_us=7745 queued=2513000 assemble_ms=- road_take_ms=- road_body_ms=- road_encode_ms=- shards=16 shard_insert_ms=0 shard_wait_ms=0 shard_fold_ms=4 shard_append_ms=290 shard_merge_ms=54 state_ready_ms=94 roots_ms=37 exec_read_ms=0 exec_evm_ms=0 exec_write_ms=0 exec_other_ms=0 reads_cache=0 reads_provider=0 reads_view=0 par_run_ms=33 fold_task_cpu_max_us=4440 fold_task_minflt_max=1 fold_task_minflt_sum=1 fold_task_migrated=0 fold_task_nivcsw_max=0 fold_index=1 fold_index_build_ms=4 fold_index_conflicts=8771 fold_queue_us=18 fold_skew_us=44 fold_task_max_us=4439 fold_tail_us=20 start_best_ms=4 start_select_ms=0 start_walk_ms=0 start_walk_check_ms=0 start_best_other_ms=0 start_frames_by_ref=0 start_frames_slow=0 start_pull_ms=0 start_other_ms=0 start_handoff_ms=3 par_start_ms=4 par_prep_ms=4 par_commit_ms=2 commit_body_ms=0 par_fold_ms=7 sealed_ms=6 copy_ms=- prune_ms=0 frames=- frames_missing=- frame_root_ms=- root_ms=- frames_admitted=frames_admitted=585030 frames_unaligned=0 frame_root_indexed=- seal_layout_ms=0 seal_root_ms=0 attested= busy_us=1 slots_busy=13 reply_us=7745 prune_ms=0 body_refused=0 body_failed_late=0
loop341J win1 tps=3,200,000 txs=96,000,000 blocks= 480 cycle=0.062s occupancy=100.0% full(>=95%)=480/480 basefee=n/a (from the layer's log)
loop341J win2 tps=3,106,667 txs=93,200,000 blocks= 466 cycle=0.064s occupancy=100.0% full(>=95%)=466/466 basefee=n/a (from the layer's log)
loop341J win3 tps=3,106,667 txs=93,200,000 blocks= 466 cycle=0.064s occupancy=100.0% full(>=95%)=466/466 basefee=n/a (from the layer's log)
loop341J tps=3,200,000 round_txs=282400000 cycles_w1=
loop341J imp_fields_p90= b_p75=20
loop341J overlay: filter_skips=0 probes=0 ratio=- (ratio = skips/(skips+probes))
loop341J overlay_manager:       1 state_trie_overlay=false  state-ovly_cpu=0
loop341J verify: written to /data/blockchain/rust-fleet7-bench/bench-loop341J/verify.json
== loop341J  (E=1: seven validator keys on one execution layer)
  window 1: canonical 481 blocks, 96.2M tx = 3,206,667/s (100.0% of window 1), full 480/481 (100%); cycle mean/median/p90 62.6/61.4/67.8 ms
    leader builds 480: sealed_at median/p90/p99 58/72/88; phases median/p90 ms: gap_before_exec 4/7, state_wait 2/5, par 59/75, par_exec 31/35, roots 35/47, parent_fields 0/7, sealed 6/14
    state_wait_on {'output': 346, 'none': 127, 'open': 6, 'grandparent': 1}; builds with state_wait > 20 ms: 1 ([('grandparent', 1)]); gp_layer {1.0: 480}, ggp_missing {0.0: 479, 1.0: 1}
    queue at the builds min/median 1,662,000/2,519,500
    new field batch_cpu_sum_us: median/p90/max 497146.0/595667.0/2051598, nonzero 480
    new field batch_dispatch_us: median/p90/max 26.0/63.0/450, nonzero 480
    new field batch_first_start_us: median/p90/max 16.0/29.0/51, nonzero 480
    new field batch_ivcsw: median/p90/max 0.0/5.0/34, nonzero 203
    new field batch_last_end_us: median/p90/max 30865.5/35403.0/72960, nonzero 480
    new field batch_last_start_us: median/p90/max 16702.0/20382.0/60225, nonzero 480
    new field batch_minflt: median/p90/max 1073.5/5458.0/12147, nonzero 480
    new field batch_threads: median/p90/max 32.0/32.0/32, nonzero 480
    new field batch_vcsw: median/p90/max 248.0/405.0/894, nonzero 480
    new field batch_wall_sum_us: median/p90/max 775837.0/902960.0/2138608, nonzero 480
    new field batches: median/p90/max 58.0/58.0/58, nonzero 480
    new field one_wave: {'false': 480}
    new field open_engine_us: median/p90/max 0.0/0.0/29624, nonzero 1
    new field open_fallback: {'false': 479, 'true': 1}
    new field open_keep_us: median/p90/max 4.0/5.0/13, nonzero 480
    new field open_layers: median/p90/max 3.0/3.0/3, nonzero 480
    new field open_provider_us: median/p90/max 105.0/149.0/341, nonzero 480
    new field plan_age_us: median/p90/max 53041.0/66182.0/107853, nonzero 480
    new field plan_ahead: median/p90/max 1.0/1.0/1, nonzero 480
    new field plan_discard: {'': 480}
    new field plan_prep_us: median/p90/max 7026.0/9014.0/17026, nonzero 480
    new field plan_topup_txs: median/p90/max 0.0/0.0/0, nonzero 0
    new field prev_seal_to_answer_us: median/p90/max 1279.5/1981.0/5532, nonzero 480
    new field prev_seal_to_entry_us: median/p90/max 0.0/0.0/0, nonzero 0
    new field prev_seal_to_header_us: median/p90/max 157.0/228.0/409, nonzero 480
    new field prev_seal_to_import_us: median/p90/max 110106.0/128893.0/150966, nonzero 480
    new field prev_seal_to_request_us: median/p90/max 874.0/1070.0/61545, nonzero 480
    new field prev_seal_to_start_us: median/p90/max 1122.0/1360.0/61797, nonzero 480
    new field pull_bulk_txs: median/p90/max 200000.0/200000.0/200000, nonzero 480
    new field pull_bulk_us: median/p90/max 755.0/945.0/2357, nonzero 480
    new field root_apply_total_us: median/p90/max 22283.5/28964.0/41817, nonzero 480
    new field root_delta_us: median/p90/max 1021.5/3582.0/8106, nonzero 480
    new field root_index_us: median/p90/max 2772.0/7005.0/14380, nonzero 480
    new field root_leaves_us: median/p90/max 6614.0/13812.0/24166, nonzero 480
    new field root_note_us: median/p90/max 124.0/199.0/1130, nonzero 480
    new field root_rehash_us: median/p90/max 1382.0/2005.0/8372, nonzero 480
    new field root_retire_us: median/p90/max 1510.0/2253.0/7914, nonzero 480
    new field root_sort_us: median/p90/max 77.0/125.0/1899, nonzero 480
    new field root_writes_us: median/p90/max 5764.5/10621.0/26548, nonzero 480
    new field sealed_unix_us: median/p90/max 1791249540523005.0/1791249552498373.0/1791249555434796, nonzero 480
    new field start_walk_check_us: median/p90/max 0.0/0.0/0, nonzero 0
    new field start_walk_ids_us: median/p90/max 0.0/0.0/0, nonzero 0
    new field start_walk_settle_us: median/p90/max 0.0/0.0/0, nonzero 0
    new field start_walk_us: median/p90/max 0.0/0.0/0, nonzero 0
    new field state_wait_us: median/p90/max 2637.0/5540.0/32576, nonzero 480
    new field view_journal_reads: median/p90/max 0.0/73728.0/143360, nonzero 228
    new field view_journal_searches: median/p90/max 0.0/1292.0/2666, nonzero 228
    new field view_journal_skips: median/p90/max 0.0/194847.0/414663, nonzero 228
    binding wait (tick / quorum / seal share, mean cycle): tick 94% (62); quorum 0%; seal 6% (73); feed-bound (blocks under 95% of the tier): 1 of 481
    slowest key vote delay median/p90 24.1/46.5 ms
    engine own-import total_ms per block median/p90/max 36/53/76 (n=480)
    layer RSS 5.7 -> 27.1 G (max 27.1), in-memory blocks max 10
    execution layer cores busy 35.3    validators cores busy 1.2
    flood delivered (median per 5 s over the leg) 3,185,466/s
  window 2: canonical 466 blocks, 93.2M tx = 3,106,667/s (96.9% of window 1), full 466/466 (100%); cycle mean/median/p90 62.8/61.3/67.0 ms
    leader builds 466: sealed_at median/p90/p99 59/71/89; phases median/p90 ms: gap_before_exec 2/5, state_wait 0/3, par 58/72, par_exec 30/34, roots 38/49, parent_fields 0/9, sealed 6/17
    state_wait_on {'output': 155, 'open': 7, 'none': 300, 'grandparent': 4}; builds with state_wait > 20 ms: 2 ([('grandparent', 2)]); gp_layer {1.0: 466}, ggp_missing {0.0: 460, 1.0: 6}
    queue at the builds min/median 2,317,500/2,518,250
    new field batch_cpu_sum_us: median/p90/max 481804.0/525891.0/1845969, nonzero 466
    new field batch_dispatch_us: median/p90/max 25.0/59.0/482, nonzero 466
    new field batch_first_start_us: median/p90/max 15.0/26.0/43, nonzero 466
    new field batch_ivcsw: median/p90/max 0.0/4.0/32, nonzero 172
    new field batch_last_end_us: median/p90/max 29649.0/33143.0/70442, nonzero 466
    new field batch_last_start_us: median/p90/max 16106.0/18119.0/48986, nonzero 466
    new field batch_minflt: median/p90/max 1188.0/6075.0/16398, nonzero 466
    new field batch_threads: median/p90/max 32.0/32.0/32, nonzero 466
    new field batch_vcsw: median/p90/max 249.0/412.0/711, nonzero 466
    new field batch_wall_sum_us: median/p90/max 748969.0/838313.0/1869044, nonzero 466
    new field batches: median/p90/max 58.0/58.0/58, nonzero 466
    new field one_wave: {'false': 466}
    new field open_engine_us: median/p90/max 0.0/0.0/98510, nonzero 6
    new field open_fallback: {'false': 460, 'true': 6}
    new field open_keep_us: median/p90/max 3.5/5.0/19, nonzero 466
    new field open_layers: median/p90/max 3.0/3.0/3, nonzero 466
    new field open_provider_us: median/p90/max 104.0/146.0/291, nonzero 466
    new field plan_age_us: median/p90/max 53743.0/66271.0/174413, nonzero 466
    new field plan_ahead: median/p90/max 1.0/1.0/1, nonzero 466
    new field plan_discard: {'': 466}
    new field plan_prep_us: median/p90/max 7265.0/8855.0/15033, nonzero 466
    new field plan_topup_txs: median/p90/max 0.0/0.0/0, nonzero 0
    new field prev_seal_to_answer_us: median/p90/max 1326.0/2458.0/4454, nonzero 465
    new field prev_seal_to_entry_us: median/p90/max 0.0/0.0/0, nonzero 0
    new field prev_seal_to_header_us: median/p90/max 156.5/224.0/501, nonzero 465
    new field prev_seal_to_import_us: median/p90/max 115555.5/130923.0/170706, nonzero 464
    new field prev_seal_to_request_us: median/p90/max 874.5/1047.0/117049, nonzero 465
    new field prev_seal_to_start_us: median/p90/max 1135.5/1366.0/117463, nonzero 465
    new field pull_bulk_txs: median/p90/max 200000.0/200000.0/200000, nonzero 466
    new field pull_bulk_us: median/p90/max 788.5/1032.0/3809, nonzero 466
    new field root_apply_total_us: median/p90/max 23722.0/29947.0/50440, nonzero 466
    new field root_delta_us: median/p90/max 1071.5/3795.0/9466, nonzero 466
    new field root_index_us: median/p90/max 2936.0/7662.0/13106, nonzero 466
    new field root_leaves_us: median/p90/max 6634.0/13661.0/34436, nonzero 466
    new field root_note_us: median/p90/max 132.0/197.0/35198, nonzero 466
    new field root_rehash_us: median/p90/max 2005.5/4567.0/18767, nonzero 466
    new field root_retire_us: median/p90/max 1704.5/2420.0/4540, nonzero 466
    new field root_sort_us: median/p90/max 79.0/159.0/1360, nonzero 466
    new field root_writes_us: median/p90/max 5742.5/10449.0/28137, nonzero 466
    new field sealed_unix_us: median/p90/max 1791249570832870.5/1791249582505796.0/1791249585457278, nonzero 466
    new field start_walk_check_us: median/p90/max 0.0/0.0/0, nonzero 0
    new field start_walk_ids_us: median/p90/max 0.0/0.0/0, nonzero 0
    new field start_walk_settle_us: median/p90/max 0.0/0.0/0, nonzero 0
    new field start_walk_us: median/p90/max 0.0/0.0/0, nonzero 0
    new field state_wait_us: median/p90/max 410.0/3200.0/103424, nonzero 466
    new field view_journal_reads: median/p90/max 0.0/69632.0/188416, nonzero 215
    new field view_journal_searches: median/p90/max 0.0/1284.0/3524, nonzero 215
    new field view_journal_skips: median/p90/max 0.0/194421.0/537032, nonzero 215
    binding wait (tick / quorum / seal share, mean cycle): tick 98% (62); quorum 0%; seal 2% (121); feed-bound (blocks under 95% of the tier): 0 of 466
    slowest key vote delay median/p90 18.9/43.9 ms
    engine own-import total_ms per block median/p90/max 42/58/86 (n=466)
    layer RSS 26.8 -> 34.9 G (max 34.9), in-memory blocks max 10
    execution layer cores busy 33.9    validators cores busy 1.2
  window 3: canonical 466 blocks, 93.2M tx = 3,106,667/s (96.9% of window 1), full 466/466 (100%); cycle -
    leader builds 466: sealed_at median/p90/p99 60/78/93; phases median/p90 ms: gap_before_exec 2/4, state_wait 0/3, par 59/79, par_exec 29/33, roots 38/55, parent_fields 1/17, sealed 8/24
    state_wait_on {'none': 299, 'output': 158, 'grandparent': 4, 'open': 5}; builds with state_wait > 20 ms: 3 ([('grandparent', 3)]); gp_layer {1.0: 466}, ggp_missing {0.0: 462, 1.0: 4}
    queue at the builds min/median 1,315,500/2,519,500
    new field batch_cpu_sum_us: median/p90/max 473087.0/524992.0/1597721, nonzero 466
    new field batch_dispatch_us: median/p90/max 25.0/62.0/1656, nonzero 466
    new field batch_first_start_us: median/p90/max 16.0/26.0/46, nonzero 466
    new field batch_ivcsw: median/p90/max 0.0/3.0/20, nonzero 173
    new field batch_last_end_us: median/p90/max 28948.0/32843.0/61942, nonzero 466
    new field batch_last_start_us: median/p90/max 15758.5/17800.0/46890, nonzero 466
    new field batch_minflt: median/p90/max 1501.5/6940.0/19167, nonzero 466
    new field batch_threads: median/p90/max 32.0/32.0/32, nonzero 466
    new field batch_vcsw: median/p90/max 253.0/475.0/822, nonzero 466
    new field batch_wall_sum_us: median/p90/max 734674.5/826855.0/1725522, nonzero 466
    new field batches: median/p90/max 58.0/58.0/58, nonzero 466
    new field one_wave: {'false': 466}
    new field open_engine_us: median/p90/max 0.0/0.0/42324, nonzero 4
    new field open_fallback: {'false': 462, 'true': 4}
    new field open_keep_us: median/p90/max 3.0/5.0/27, nonzero 466
    new field open_layers: median/p90/max 3.0/3.0/3, nonzero 466
    new field open_provider_us: median/p90/max 103.0/142.0/329, nonzero 466
    new field plan_age_us: median/p90/max 54886.0/71582.0/92347, nonzero 466
    new field plan_ahead: median/p90/max 1.0/1.0/1, nonzero 466
    new field plan_discard: {'': 466}
    new field plan_prep_us: median/p90/max 7267.0/9044.0/23284, nonzero 466
    new field plan_topup_txs: median/p90/max 0.0/0.0/0, nonzero 0
    new field prev_seal_to_answer_us: median/p90/max 1236.5/1882.0/3927, nonzero 466
    new field prev_seal_to_entry_us: median/p90/max 0.0/0.0/0, nonzero 0
    new field prev_seal_to_header_us: median/p90/max 156.0/222.0/484, nonzero 466
    new field prev_seal_to_import_us: median/p90/max 117507.0/136617.0/178814, nonzero 466
    new field prev_seal_to_request_us: median/p90/max 882.0/1092.0/1646, nonzero 466
    new field prev_seal_to_start_us: median/p90/max 1158.0/1442.0/2357, nonzero 466
    new field pull_bulk_txs: median/p90/max 200000.0/200000.0/200000, nonzero 466
    new field pull_bulk_us: median/p90/max 794.5/1012.0/3622, nonzero 466
    new field root_apply_total_us: median/p90/max 24964.0/31282.0/64473, nonzero 466
    new field root_delta_us: median/p90/max 1046.5/3884.0/22470, nonzero 466
    new field root_index_us: median/p90/max 3127.5/7437.0/15250, nonzero 466
    new field root_leaves_us: median/p90/max 6487.5/12155.0/24956, nonzero 466
    new field root_note_us: median/p90/max 130.0/199.0/886, nonzero 466
    new field root_rehash_us: median/p90/max 2649.5/5727.0/32511, nonzero 466
    new field root_retire_us: median/p90/max 1949.5/2687.0/6735, nonzero 466
    new field root_sort_us: median/p90/max 79.0/128.0/1107, nonzero 466
    new field root_writes_us: median/p90/max 5853.5/11050.0/32774, nonzero 466
    new field sealed_unix_us: median/p90/max 1791249600530850.0/1791249612397356.0/1791249615473711, nonzero 466
    new field start_walk_check_us: median/p90/max 0.0/0.0/0, nonzero 0
    new field start_walk_ids_us: median/p90/max 0.0/0.0/0, nonzero 0
    new field start_walk_settle_us: median/p90/max 0.0/0.0/0, nonzero 0
    new field start_walk_us: median/p90/max 0.0/0.0/0, nonzero 0
    new field state_wait_us: median/p90/max 363.0/3016.0/43890, nonzero 466
    new field view_journal_reads: median/p90/max 0.0/65536.0/135168, nonzero 229
    new field view_journal_searches: median/p90/max 0.0/1155.0/2436, nonzero 229
    new field view_journal_skips: median/p90/max 0.0/174341.0/371267, nonzero 229
    engine own-import total_ms per block median/p90/max 41/65/100 (n=466)
    layer RSS 34.4 -> 41.9 G (max 41.9), in-memory blocks max 10
    execution layer cores busy 34.1    validators cores busy 1.2
  round total (3 windows, canonical): 282.6M tx
  layer peak RSS 41.9 G; in-memory blocks max 10
  fields at seal: mode "early", verified 0, unchecked 0, mismatches 0 (last build line, cumulative)
  own_executed_again (built here and also directly imported): 0 of 1462 built blocks
== loop341J
  layer-0 leader window-1 builds 481: txs mean 200000, share >= 95% of the tier 100% (max 200000); sealed_at_ms 58.0/72.0; par_ms 59.0/75.0; par_exec_ms 31.0/35.0; roots_ms 35.0/47.0; parent_fields_ms 0.0/7.0; sealed_ms 6.0/14.0
  proposal cycle window 1 (n=495): mean 62.6 median 61.4 p90 67.8 ms; blocks in the 30 s: 495
  binding wait (tick / quorum / seal, share and mean cycle): tick 94.4% (61.9); quorum 0%; seal 5.6% (73.0)
  vote delay after the proposal, slowest key per block: median 24.2 p90 46.5 ms (slowest minus the median key: median 0.2); last key: {1: 92, 2: 99, 3: 90, 4: 81, 5: 58, 6: 60} of 480 blocks
  CPU in window 1 (cores busy): execution layers 35.3 over 1 process(es); validators 1.2 over 7 process(es)
  execution layer peak RSS 41.9 G; in-memory blocks max 10 (node0 and others, all layers)
  blocks built here 1462; none also directly imported
  import-once counters at the last direct import: ; start-up lines with import_once=true: 1; queue-lock lines 0
  layer-0 queue (queued after canonical prune), median per 10 s: t+0:2515500 t+20:2499500 t+40:2514750 t+60:2513000 t+80:2512000
  flood: median per 5 s 3185466/s, final -
  timeout / given-up lines: 1; 01:18:17 v0 INFO process_event{view=1 kind="message"}: n42::cl::timeout: TC formed
loop341J page_faults_per_s_median: node0=168737 
== read-back check of loop341J (layer still up) from 21:22:51
log: 1 lines match heal|inconsisten|unwind|corrupt|NippyJar|mismatch; the normal start-up line "Healing static file inconsistencies." x1 (at log line [10]); others: 0
blocks checked: [460, 1191, 1921] transaction counts from the log: [200000, 200000, 200000]
block 460: 200000 txs (log 200000), 200000 receipts, status ok 200000, cumulative gas rising: True, ends at 4,200,000,000 = block 461 header gasUsed 4,200,000,000: True, receipt hashes equal the block hash list in order: True
   tx 0: hash recomputed ok (= the block hash list entry), Ed25519 signature verifies, from = keccak(alg||pubkey)[12:]
   tx 50000: hash recomputed ok (= the block hash list entry), Ed25519 signature verifies, from = keccak(alg||pubkey)[12:]
   tx 100000: hash recomputed ok (= the block hash list entry), Ed25519 signature verifies, from = keccak(alg||pubkey)[12:]
   tx 150000: hash recomputed ok (= the block hash list entry), Ed25519 signature verifies, from = keccak(alg||pubkey)[12:]
   tx 199999: hash recomputed ok (= the block hash list entry), Ed25519 signature verifies, from = keccak(alg||pubkey)[12:]
block 1191: 200000 txs (log 200000), 200000 receipts, status ok 200000, cumulative gas rising: True, ends at 4,200,000,000 = block 1192 header gasUsed 4,200,000,000: True, receipt hashes equal the block hash list in order: True
   tx 0: hash recomputed ok (= the block hash list entry), Ed25519 signature verifies, from = keccak(alg||pubkey)[12:]
   tx 50000: hash recomputed ok (= the block hash list entry), Ed25519 signature verifies, from = keccak(alg||pubkey)[12:]
   tx 100000: hash recomputed ok (= the block hash list entry), Ed25519 signature verifies, from = keccak(alg||pubkey)[12:]
   tx 150000: hash recomputed ok (= the block hash list entry), Ed25519 signature verifies, from = keccak(alg||pubkey)[12:]
   tx 199999: hash recomputed ok (= the block hash list entry), Ed25519 signature verifies, from = keccak(alg||pubkey)[12:]
block 1921: 200000 txs (log 200000), 200000 receipts, status ok 200000, cumulative gas rising: True, ends at 4,200,000,000 = block 1922 header gasUsed 4,200,000,000: True, receipt hashes equal the block hash list in order: True
   tx 0: hash recomputed ok (= the block hash list entry), Ed25519 signature verifies, from = keccak(alg||pubkey)[12:]
   tx 50000: hash recomputed ok (= the block hash list entry), Ed25519 signature verifies, from = keccak(alg||pubkey)[12:]
   tx 100000: hash recomputed ok (= the block hash list entry), Ed25519 signature verifies, from = keccak(alg||pubkey)[12:]
   tx 150000: hash recomputed ok (= the block hash list entry), Ed25519 signature verifies, from = keccak(alg||pubkey)[12:]
   tx 199999: hash recomputed ok (= the block hash list entry), Ed25519 signature verifies, from = keccak(alg||pubkey)[12:]
RESULT ok
== read-back check done 21:22:57
feedcheck loop341J: ok (block 200,000 tx)
== loop341J: feed check (acq_us / gate_us / reply_us are per frame of 500; rate per 5 s `ingest` line)
  window 1: ingest lines 6; acq_us 472 (max 1191); gate_us 7072; reply_us 7627; slots_busy 13%; delivered median 3,201,212/s max 3,239,021/s; queue at builds median 2,519,500 min 1,662,000; full 100% of 481 blocks
  window 2: ingest lines 6; acq_us 484 (max 490); gate_us 7062; reply_us 7643; slots_busy 13%; delivered median 3,170,884/s max 3,219,641/s; queue at builds median 2,518,250 min 2,317,500; full 100% of 466 blocks
  window 3: ingest lines 6; acq_us 471 (max 1115); gate_us 7326; reply_us 7987; slots_busy 13%; delivered median 3,116,523/s max 3,164,788/s; queue at builds median 2,519,500 min 1,315,500; full 100% of 466 blocks
  flood.log (+15..+100 s): rate per 5 s median 3,185,466/s max 3,242,512/s; reply latency median 60.3 ms max 69.6 ms
== loop341J: lanes lock, drain and pruner (new fields)
  window 1: lock duty 60.5% (max 62.0); holds/5s 2,146; longest hold 26.09 ms median, 36.53 ms max by crates/n42/tx-queue/src/lib.rs:2518 (most frequent holders [('crates/n42/tx-queue/src/lib.rs:1990', 5), ('crates/n42/tx-queue/src/lib.rs:2518', 1)]); lock wait 2076.5 ms/5s, longest 36.56 ms; drains/5s 870 of 18423 tx, mean 1496 us, max 20.89 ms
           prune (478 blocks): prune_ms 32/42; fold 0.5 ms, lock 0.0 ms, remove(hold) 10.5 ms, free 0.0 ms; frames_swept 400; coalesced on 478 of 478; prune_wait_ms 0/0; pruner busy 51% of a thread, lock held by it 0.6%
  window 2: lock duty 63.5% (max 65.0); holds/5s 2,020; longest hold 28.61 ms median, 31.42 ms max by crates/n42/tx-queue/src/lib.rs:1990 (most frequent holders [('crates/n42/tx-queue/src/lib.rs:1990', 6)]); lock wait 2461.9 ms/5s, longest 30.49 ms; drains/5s 772 of 20601 tx, mean 1734 us, max 17.68 ms
           prune (463 blocks): prune_ms 36/49; fold 0.6 ms, lock 0.0 ms, remove(hold) 11.4 ms, free 0.0 ms; frames_swept 400; coalesced on 463 of 463; prune_wait_ms 0/0; pruner busy 56% of a thread, lock held by it 1.1%
  window 3: lock duty 60.0% (max 63.0); holds/5s 1,992; longest hold 25.90 ms median, 29.27 ms max by crates/n42/tx-queue/src/lib.rs:1990 (most frequent holders [('crates/n42/tx-queue/src/lib.rs:1990', 6)]); lock wait 2540.1 ms/5s, longest 29.29 ms; drains/5s 763 of 20414 tx, mean 1722 us, max 21.46 ms
           prune (463 blocks): prune_ms 34/44; fold 0.5 ms, lock 0.0 ms, remove(hold) 11.1 ms, free 0.0 ms; frames_swept 400; coalesced on 463 of 463; prune_wait_ms 0/0; pruner busy 52% of a thread, lock held by it 1.2%
== loop341J: pruner (per block; busy = sum prune_ms / 30 s, lock = sum (remove_us + settle_us) / 30 s)
  window 1: 478 prunes; prune_ms 32/42; remove_us 10.5/19.7 ms; forget_us 2.8/4.1 ms; settle_us 2.9 ms; pruner busy 51% of a worker; lanes lock held for removal 24%
  window 2: 463 prunes; prune_ms 36/49; remove_us 11.4/22.1 ms; forget_us 3.1/4.6 ms; settle_us 3.4 ms; pruner busy 56% of a worker; lanes lock held for removal 26%
  window 3: 463 prunes; prune_ms 34/44; remove_us 11.1/21.9 ms; forget_us 3.1/4.5 ms; settle_us 3.0 ms; pruner busy 52% of a worker; lanes lock held for removal 25%
== loop341J: seal start / pull, prepared plan, answer, chunked drain
  window 1: 480 builds; start_best_ms 3/8; start_walk_us 0/0; start_pull_ms 0/0; par_pull_ms 0/0; par_start_ms 3/8; par_ms 59/75; sealed_at_ms 58/72; pull_bulk_us 755/945; pull_bulk_txs 200000/200000; plan_age_us 53041/66182; plan_prep_us 7026/9014; plan_topup_txs 0/0
           plan_ahead {'1': 480}; plan_discard {'': 480}
           answer: built-ahead bytes median/max 15,243/15,245, layout_only {'true': 481}; proposal sent bytes median/max 15,243/15,245, layout_only {'true': 481}
           drain: chunks/5s 724, chunk max 8,192 tx, finished by others/5s 54; plan_discards (last ingest line) -
  window 2: 466 builds; start_best_ms 4/11; start_walk_us 0/0; start_pull_ms 0/0; par_pull_ms 0/0; par_start_ms 4/11; par_ms 58/72; sealed_at_ms 59/71; pull_bulk_us 788/1032; pull_bulk_txs 200000/200000; plan_age_us 53743/66271; plan_prep_us 7265/8855; plan_topup_txs 0/0
           plan_ahead {'1': 466}; plan_discard {'': 466}
           answer: built-ahead bytes median/max 15,245/15,245, layout_only {'true': 466}; proposal sent bytes median/max 15,245/15,245, layout_only {'true': 465, 'false': 1}
           drain: chunks/5s 618, chunk max 8,192 tx, finished by others/5s 53; plan_discards (last ingest line) -
  window 3: 466 builds; start_best_ms 4/11; start_walk_us 0/0; start_pull_ms 0/0; par_pull_ms 0/0; par_start_ms 4/11; par_ms 59/79; sealed_at_ms 60/78; pull_bulk_us 794/1012; pull_bulk_txs 200000/200000; plan_age_us 54886/71582; plan_prep_us 7267/9044; plan_topup_txs 0/0
           plan_ahead {'1': 466}; plan_discard {'': 466}
           answer: built-ahead bytes median/max 15,245/15,245, layout_only {'true': 465}; proposal sent bytes median/max 15,245/15,245, layout_only {'true': 466}
           drain: chunks/5s 620, chunk max 8,192 tx, finished by others/5s 54; plan_discards (last ingest line) -
== loop341J: persistence per window (ms per block = part sum / blocks persisted)
  window 1: persisted 478 of 481 produced (99%); total 32.1, sf_tx 28.9, sf_rcpt 6.6, sf_acct 13.5, sf_send 10.9, scope 29.0, qmdb 15.7, post 0.0, pre 3.2, plain_rev 3.1, commit_sf 0.7, commit_mdbx 0.1, commit_rocks 0.0; longest task sf_tx 28.9; in-memory 8 -> 7 (max 10); RSS 5.7 -> 26.8 G; lag 8 -> 8 = +0.0 blocks/min; bp max 0
  window 2: persisted 465 of 466 produced (100%); total 33.8, sf_tx 29.5, sf_rcpt 6.7, sf_acct 13.5, sf_send 11.0, scope 30.4, qmdb 17.3, post 0.0, pre 3.5, plain_rev 3.5, commit_sf 0.7, commit_mdbx 0.1, commit_rocks 0.1; longest task sf_tx 29.5; in-memory 7 -> 9 (max 10); RSS 26.8 -> 34.4 G; lag 8 -> 10 = +4.0 blocks/min; bp max 0
  window 3: persisted 466 of 466 produced (100%); total 34.6, sf_tx 31.0, sf_rcpt 6.3, sf_acct 13.3, sf_send 10.7, scope 31.1, qmdb 18.5, post 0.0, pre 3.5, plain_rev 3.5, commit_sf 0.8, commit_mdbx 0.1, commit_rocks 0.1; longest task sf_tx 31.0; in-memory 9 -> 8 (max 10); RSS 34.4 -> 41.1 G; lag 10 -> 9 = -2.0 blocks/min; bp max 0
  leg end: in-memory 8, max over the sampler 10, backpressure stalls 0
== loop341J: execution and root fields (median / p90 per block)
  window 1 (480 builds): on-CPU share 0.65/0.74; CPU per transfer 2.49/2.98 us; par_exec_ms 31/35; batch_max_ms 21/28; batch_median_ms 13/16; batch_minflt 1,074/5,458; batch_vcsw 248/405; batch_ivcsw 0/5; view_journal_reads 0/73,728; view_journal_searches 0/1,292; view_journal_skips 0/194,847; root_writes_us 5,764/10,621; root_delta_us 1,022/3,582; root_apply_total_us 22,284/28,964; root_sort_us 77/125; root_leaves_us 6,614/13,812; root_retire_us 1,510/2,253; root_index_us 2,772/7,005; root_rehash_us 1,382/2,005; root_note_us 124/199; roots_ms 35/47; seal_to_fields_us 51,548/62,641; sealed_at_ms 58/72
  window 2 (466 builds): on-CPU share 0.64/0.69; CPU per transfer 2.41/2.63 us; par_exec_ms 30/34; batch_max_ms 20/26; batch_median_ms 13/15; batch_minflt 1,188/6,075; batch_vcsw 249/412; batch_ivcsw 0/4; view_journal_reads 0/69,632; view_journal_searches 0/1,284; view_journal_skips 0/194,421; root_writes_us 5,742/10,449; root_delta_us 1,072/3,795; root_apply_total_us 23,722/29,947; root_sort_us 79/159; root_leaves_us 6,634/13,661; root_retire_us 1,704/2,420; root_index_us 2,936/7,662; root_rehash_us 2,006/4,567; root_note_us 132/197; roots_ms 38/49; seal_to_fields_us 53,364/64,870; sealed_at_ms 59/71
  window 3 (466 builds): on-CPU share 0.65/0.70; CPU per transfer 2.37/2.62 us; par_exec_ms 29/33; batch_max_ms 19/25; batch_median_ms 13/15; batch_minflt 1,502/6,940; batch_vcsw 253/475; batch_ivcsw 0/3; view_journal_reads 0/65,536; view_journal_searches 0/1,155; view_journal_skips 0/174,341; root_writes_us 5,854/11,050; root_delta_us 1,046/3,884; root_apply_total_us 24,964/31,282; root_sort_us 79/128; root_leaves_us 6,488/12,155; root_retire_us 1,950/2,687; root_index_us 3,128/7,437; root_rehash_us 2,650/5,727; root_note_us 130/199; roots_ms 38/55; seal_to_fields_us 54,630/70,558; sealed_at_ms 60/78
flood span 95 s; tokio-rt threads alive throughout 62 of 62; group 13.0 cores busy over them (all threads incl. short-lived 13.0)
  per-thread cores busy, top 12: 0.59 0.59 0.57 0.57 0.57 0.57 0.56 0.56 0.56 0.55 0.55 0.55; threads over 0.9 core: 0, over 0.7: 0
== loop341J: 1412 full builds in the 3 windows
  par_exec_ms 30/34; par_run_ms 33/39; batch_start_skew_ms 16/18; batch_median_ms 13/15; batch_max_ms 20/26; batch_first_start_us 16/27; batch_last_start_us 16121/18638; batch_dispatch_us 26/61; batch_last_end_us 29806/34153; batches 58/58; batch_threads 32/32; batch_txs_max 3500/3500; batch_txs_min 500/500; start_walk_ms 0/0; start_walk_check_ms 0/0; par_start_ms 4/10; sealed_at_ms 59/73; prev_seal_to_answer_us 1270/2091; prev_seal_to_entry_us 0/0; prev_seal_to_header_us 156/225; prev_seal_to_import_us 114496/132489; prev_seal_to_request_us 877/1073; prev_seal_to_start_us 1137/1386; start_walk_check_us 0/0; start_walk_ids_us 0/0; start_walk_settle_us 0/0; start_walk_us 0/0
  one_wave {'false': 1412}
  batches == batch_threads on 0 of 1412 builds
  last - first batch start (ms) median/p90 16.11/18.62; under 2 ms on 0 of 1412 builds
leg loop341Pb: /data free 965G (needs 120 G)
leg loop341Pb start 21:23:01 load 4.66
round loop341Pb exit 0 at 21:25:41
loop341Pb save stages (node0, seconds summed over the leg / count): batch_size=1961.0/651  batch_size=1961.0/651  reth_consensus_engine_beacon_persistence_duration=55.9/651  duration_seconds=52.9/651  total=48.3/651  scope=43.7/651  sf=43.6/651  sf_transactions=43.4/651  qmdb_persisted=21.5/651  sf_account_changesets=20.1/651
el binary: /data/n42-build/target-n42-rs/native/release/n42 env: N42_IMPORT_ONCE=1 N42_SETTLEMENT_TAGS=legacy N42_BUILD_THROTTLE_SOFT=48 F7_EL_MAP=0,0,0,0,0,0,0 N42_FIELDS_AT_SEAL=1 N42_FRAME_BLOCKS=1 N42_TX_INGEST_RECOVER_PARALLEL=24 N42_PARALLEL_BUILD_THREADS=32 N42_PLAN_AHEAD=1 N42_HASHED_TABLES=off F7_FLOOD_RATE=6000000 N42_COMPACT_BODY=1 MALLOC_CONF=thp:always,oversize_threshold:0,dirty_decay_ms:2000,background_thread:true N42_ACCOUNT_HISTORY=off N42_TAKE_COMPACT=1 N42_SF_EARLY_WRITEBACK=1 N42_ROAD_RUNTIME=1 N42_TX_INGEST_HIGH_WATER=2500000 F7_BENCH_POOL_SLOTS=3000000 N42_TX_QUEUE_DRAIN_CHUNK=8192 N42_ANSWER_LAYOUT_ONLY=1 N42_PULL_BY_FRAMES=1 N42_SF_PARALLEL_ENCODE=1 N42_BUILD_THROTTLE_HARD=80 RAYON_NUM_THREADS=16 TOKIO_WORKER_THREADS=16 N42_QMDB_READS=on N42_LEADER_LAYERS=3 N42_PERSIST_QMDB_IN_SCOPE=1 F7_BLOCK_INTERVAL_MS=60 F7_MEASURE_FROM_LOG=1
validator env: N42_IMPORT_ONCE=1 N42_SETTLEMENT_TAGS=legacy N42_BUILD_THROTTLE_SOFT=48 F7_EL_MAP=0,0,0,0,0,0,0 N42_FIELDS_AT_SEAL=1 N42_FRAME_BLOCKS=1 N42_TX_INGEST_RECOVER_PARALLEL=24 N42_PARALLEL_BUILD_THREADS=32 N42_PLAN_AHEAD=1 N42_HASHED_TABLES=off F7_FLOOD_RATE=6000000 N42_COMPACT_BODY=1 N42_ACCOUNT_HISTORY=off N42_TAKE_COMPACT=1 N42_SF_EARLY_WRITEBACK=1 N42_ROAD_RUNTIME=1 N42_TX_INGEST_HIGH_WATER=2500000 F7_BENCH_POOL_SLOTS=3000000 N42_TX_QUEUE_DRAIN_CHUNK=8192 N42_ANSWER_LAYOUT_ONLY=1 N42_PULL_BY_FRAMES=1 N42_SF_PARALLEL_ENCODE=1 N42_BUILD_THROTTLE_HARD=80 RAYON_NUM_THREADS=16 TOKIO_WORKER_THREADS=16 N42_QMDB_READS=on N42_LEADER_LAYERS=3 N42_PERSIST_QMDB_IN_SCOPE=1 F7_MEASURE_FROM_LOG=1
loop341Pb once: start-up lines import_once=true 1; last direct-import counters 
loop341Pb imports: layers=1 direct_imports=0 canonical_blocks=4012 import_once_lines=1 (per layer: direct imports should equal canonical blocks for one execution per block)
grep: /data/blockchain/rust-fleet7-bench/node1/el.log: No such file or directory
grep: /data/blockchain/rust-fleet7-bench/node2/el.log: No such file or directory
grep: /data/blockchain/rust-fleet7-bench/node3/el.log: No such file or directory
grep: /data/blockchain/rust-fleet7-bench/node1/el.log: No such file or directory
grep: /data/blockchain/rust-fleet7-bench/node2/el.log: No such file or directory
grep: /data/blockchain/rust-fleet7-bench/node3/el.log: No such file or directory
cat: /data/blockchain/rust-fleet7-bench/node2/el.log: No such file or directory
cat: /data/blockchain/rust-fleet7-bench/node2/el.log: No such file or directory
cat: /data/blockchain/rust-fleet7-bench/node2/el.log: No such file or directory
cat: /data/blockchain/rust-fleet7-bench/node1/el.log: No such file or directory
cat: /data/blockchain/rust-fleet7-bench/node2/el.log: No such file or directory
cat: /data/blockchain/rust-fleet7-bench/node3/el.log: No such file or directory
Traceback (most recent call last):
  File [35m"<stdin>"[0m, line [35m4[0m, in [35m<module>[0m
[1;35mIndexError[0m: [35mlist index out of range[0m
loop341Pb no_variant=0 own_not_committed=0 tc=1 invalid_blocks=0 incomplete=0 gas_mismatch=0 direct_imports_failed=0 stuck_at_hashed_state=0 engine_idles_over_5s=1 proposals_given_up=0 tables_off_nodes=1 unanswered_reads=0 seal_first_total=1459 seal_first_direct=1459 direct_guard_errors=0 commit_ms_median=2 fold_ms_median=7 sealed_at_ms_median=60 state_ready_ms_median=95 build_total_ms_median=181 recover_us_median=0 par_exec_ms_median=30 par_exec_ms_median=30 giveback_filtered=0 giveback_offered_max=200000 seal_first=1459 reader_lag_max=10 reader_lag_warns=0 view_invalidated=0 el_sum_peak_g=41.3 el_max_peak_g=41.3 val_sum_peak_g=1.9 flood_peak_g=0.6 two_roads_blocks=0 two_roads_overlap_ms_median=- exec_on_output_declined=0 r1_collect_ms_median=5 proposal_at_ms_median=49 view_total_ms_median=61 import_exec_ms_median=- import_total_ms_median=- import_senders_ms_median=- import_convert_ms_median=- import_groups_median=- imports_over_600ms=0 min_avail_g=89.1 road_foreign_body_recv_ms=- road_foreign_body_decode_ms=- road_foreign_body_senders_ms=- road_foreign_body_parent_wait_ms=- road_foreign_body_check_ms=- road_foreign_body_total_ms=- road_new_payload_recv_ms=- road_new_payload_decode_ms=- road_new_payload_senders_ms=- road_new_payload_parent_wait_ms=- road_new_payload_check_ms=- road_new_payload_total_ms=- road_foreign_body_blocks=0 road_new_payload_blocks=0 fcu_answered=1847 fcu_in_flight_ms_median=0 fcu_queued_ms_median=0 fcu_queued_ms_max=107 fcu_refused=0 fcu_slow=1646 bodies_held=0 road_reuse_ms=- road_prepare_ms=- road_dispatch_ms=- road_convert_ms=- road_remember_ms=- road_header_ms=- road_fields_ms=- road_other_ms=- import_engine_ms_median=- gate_forced=0 gate_warns=0 flood_timeouts=0 canonical_min=4052 canonical_max=4052 chained_builds=2731 chain_lead_ms_median=47 chain_wait_ms_median=14 chain_started=2734 chain_discarded=2 chain_discard_reasons=_1_reason="no_,_1_reason="the_execution_layer_produced_nothing,_1_reason="the_request_names_another_parent chain_alias_warns=0 el_chained=2750 bodies_held_warns=0 el_build_refused=1 el_build_refused_reasons=_1_no_QMDB_tree_for_parent_block_0x queued_p5=2322500 queued_p50=2514500 road_compact_blocks=0 road_compact_recv_ms=- road_compact_assemble_ms=- road_compact_root_ms=- road_compact_miss_wait_ms=- road_compact_senders_ms=- road_compact_check_ms=- road_compact_other_ms=- road_compact_total_ms=- road_compact_misses_total= compact_refused_el=0 compact_fallbacks=0 compact_bytes_median=- pool_order9=15572 par_pull_ms_median=0 build_total_ms_median2=61 road_compact_filled_blocks=0 road_compact_filled_median=- road_compact_fill_ms_median=- need_txns=0 fill_failed=0 ingest_rate_gate_open_median=- ingest_gate_open_intervals=0 ingest_slots_busy_median=- flood_rate= fill_asked_proposer=0 fill_asked_other=0 loop_lines=2851 loop_unnamed_ms_median=48 loop_body_served_ms_median=- loop_txns_served_ms_median=- import_exec_ms_median2=- pip_partition_ms=- pip_env_ms=- pip_batch_ms=- pip_groups_ms=- pip_gas_ms=- pip_merge_ms=- pip_receipts_ms=- pip_drop_ms=- pip_other_ms=- pip_total_ms=- senders_indexed_median=- road_senders_ms_median=- road_total_ms_median=- pew_ms_median=- pew_ms_p90= gate_ms_median=- gate_ms_p90= root_ms_p50=- root_ms_p90= two_roads=0 not_on_output=0 not_on_output_why= ckpt_ms_first_q=2 ckpt_ms_last_q=45 ckpt_bytes_last=34607148 parent_still_importing=0 root_wait_ms_p50=- root_wait_ms_p90= tenures_low_seal=23 seal_first_share=1.0 empty_over_deep=0 near_empty_warns=0 no_seal_why= par_skipped_median=- usable_p5=2322000 ckpt_replay_ms_last_q=16 candidates_zero=0 dropped_ingest=0 let_go_warns=0 let_go_reasons= parked_p50=0 parked_max=0 held_warns=0 park_capped_total=0 superseded_builds=0 empty_not_superseded=0 mass_park_warns=0 heads_lines=0 holes_lines=0 stale_parent_refusals=0 par_groups_p5=0 cancelled_decided=1 heads_nonce0=0 stale_unconfirmed= handovers=0 el_panics=0 decided_cancelled=1 min_window_blocks=458 road_desc_blocks=0 road_desc_total_ms=- road_desc_copy_ms=- desc_misses=0 fill_failed2=0 sf_par_collect_ms=0 sf_par_commit_ms=2 sf_par_fold_ms=7 sf_par_graft_ms=0 sf_par_prefault_ms=0 sf_par_exec_ms=30 sf_sealed_at_ms=60 sf_roots_ms=37 sf_state_ready_ms=95 sf_total_ms=181 ba_find_ms=0 ba_queue_ms=3 ba_total_ms=61 ba_on_output=1457 queue_fold_us=0 queue_lock_us=1 sf_par_exec_ms=30 sf_par_fold_ms=7 pip_groups_ms=- import_exec_ms_median2=- reads_d0=0 reads_hist=0 f_reads_d0=- f_reads_hist=- f_overlay_depth=- L_read_set_ms=0 read_set_accounts=0 read_set_unresolved=0 read_set_hits=0 read_set_misses=0 start_best_ms=- par_prep_ms=- gap_before_exec_ms=- gap_after_exec_ms=- gap_before_seal_ms=- index_ms=- road_copy_aside_ms=- road_copy_wait_ms=- road_total_ms=- queue_first_miss=queue_first_miss=0:2543,queue_first_miss=18446744073709551615:1470 root_append_behind=0 populate_lag_mb=0 swap_used_g=0 root_faults=- root_faults_p90= root_faults_entries=0 root_faults_offsets=0 root_faults_index=0 root_faults_bits=0 root_faults_twigs=0 root_faults_undo=0 root_faults_tmp=0 root_append_faults=0 root_twig_pool_misses=0 batch_max_ms=21 batch_min_ms=6 batch_median_ms=13 batch_cpu_max_ms=13 batch_txs_max=3500 batch_txs_min=500 batch_start_skew_ms=16 batch_wait_ms=0 loop_fetch_ns=0 loop_check_ns=0 loop_transfer_ns=0 loop_receipt_ns=0 loop_gas_ns=0 loop_sink_ns=0 loop_other_ns=0 batch_setup_ns=0 batch_close_ns=0 imp_exec_part_ms=- imp_exec_batches_ms=- imp_exec_graft_ms=- imp_exec_batches=- imp_exec_threads=- imp_exec_batch_max_ms=- imp_exec_batch_median_ms=- imp_parent_output_wait_ms=- road_parent_output_wait_ms=- next_start_gap_ms=1 next_entry_gap_ms=0 commit_body_ahead_used=- imp_exec_keys_ms=- imp_keys_ahead=- imp_exec_sink_ms=- imp_exec_pre_ms=- imp_exec_post_ms=- imp_exec_receipts_ms=- imp_exec_drop_ms=- root_gap_ms=- queue_whole=queue_whole=false:2543,queue_whole=true:1470 tick_tick_late_us=956 tick_preamble_us=340 tick_take_sealed_us=1 tick_sign_us=0 tick_cache_us=0 tick_presealed=- tick_describe_us=10 tick_publish_us=600 tick_tick_to_send_us=1992 road_check_ms=- road_check_include_us=- road_check_scan_us=- road_check_fold_us=- road_check_senders_us=- road_check_frames_summarized=- road_check_frames_scanned=- imp_exec_start_gap_us=- imp_gap_road_us=- imp_gap_header_us=- imp_gap_senders_us=- imp_gap_parent_us=- imp_gap_setup_us=- imp_gap_keys_wait_us=- sealed_at_p90= sealed_over_130=0 roots_ms=- cycle_p90= batch_max_ms=- batch_median_ms=- imp_batch_max=- forest_lock_warns=2008 root_seal_ms=1 root_seals=40 root_majflt=2 roots_p90= gp_layer=1466 ggp_missing=31 state_wait_split=0/0/0/0:985,1/0/0/0:155,2/0/0/0:125 qmdb_releases=0 state_wait_on= imp_road_end_ms=- imp_exec_start_ms=- imp_exec_end_ms=- imp_root_end_ms=- imp_fields_ready_ms=- imp_parent_fields_wait_ms=- imp_exec_ms=- imp_root_ms=- imp_checks_ms=- imp_engine_ms=- imp_total_ms=- road_parent_fields_wait_ms=- exec_read_ms=0 L_exec_evm_ms=0 L_exec_write_ms=0 L_exec_other_ms=0 L_reads_cache=0 L_reads_provider=0 L_reads_view=0 L_graft_base_ms=0 L_graft_reserve_ms=0 L_graft_insert_ms=0 L_graft_reverts_ms=0 L_graft_other_ms=0 L_par_exec_ms=30 L_par_graft_ms=0 F_exec_read_ms=- F_exec_evm_ms=- F_exec_write_ms=- F_exec_other_ms=- F_reads_cache=- F_reads_provider=- F_reads_view=- F_groups_ms=- L_tx_root_wait_ms=0 L_par_exec_ms=30 L_par_graft_ms=0 L_par_fold_ms=7 L_sealed_ms=6 L_state_ready_ms=95 L_roots_ms=37 L_finish_ms=106 L_total_ms=181 L_setup_ms=0 L_par_pull_ms=0 L_give_back_ms=0 L_state_wait_ms=0 L_state_after_pull=1459 L_seal_at_exec=1459 L_tx_root_ahead=0 flood_w1=3165425 txs_p10=200000 acq_us=475 slots_busy=13 ingest_rate=3138497 L_scope_join_ms=0 L_par_release_ms=0 L_commit_body_ms=0 L_par_commit_ms=2 L_give_back_ms=0 L_sealed_ms=6 L_par_exec_ms=30 L_state_wait_ms=0 L_par_pull_ms=0 L_par_prep_ms=4 L_par_start_ms=5 L_pre_exec_ms=0 L_par_run_ms=33 L_sealed_at_ms=60 F_partition_ms=- F_env_ms=- F_groups_ms=- F_merge_ms=- F_reverts_wait_ms=- F_ahead_wait_ms=- F_total_ms=- I_engine_ms=- I_root_ms=- I_total_ms=- H_engine_remember_ms=- H_engine_listing_ms=- H_engine_new_payload_ms=- busy_us=1 L_par_start_ms=5 L_start_handoff_ms=3 L_start_best_ms=4 L_start_puller_ms=0 L_par_pull_ms=0 L_par_prep_ms=4 L_state_wait_ms=0 L_par_exec_ms=30 L_par_commit_ms=2 L_sealed_ms=6 L_sealed_at_ms=60 L_par_graft_ms=0 L_graft_insert_ms=0 L_graft_reverts_ms=0 L_graft_split_us=0 L_graft_build_us=0 L_graft_merge_us=0 L_state_ready_ms=95 Q_queue_ms=0 R_dispatch_wait_ms=- R_total_ms=- R_road_runtime=1 gate_holds=0 peer_fetch=0 pool_limit=limit=4 gate_opened=gate_opened_for_block=0 I_root_ms=- flood_rate_hdr=rate=6000000/s fills=0 fill_waited=- slots_busy=13 acq_us=475 busy_us=1 converged=0 fallbacks=0 busy_us=1 recover_us=0 tf_on_output=3 tf_fallback=0 still_importing=0 busy_us=1 slots_busy=13 batches=altsig_txs=0 altsig_batches=0 tf_on_output=3 tf_fallback=0 gate_holds=0 sign_s=sign 0s replay_note=replay       : 64 files from /data/n42-pregen/g900000-400m, 400000000 transactio sign_s=sign 0s shard=shard_verified=0 shard_claimed=0 road_verified=- slots_busy=13 gate_us=7215 reply_us=7769 queued=2514500 assemble_ms=- road_take_ms=- road_body_ms=- road_encode_ms=- shards=16 shard_insert_ms=0 shard_wait_ms=0 shard_fold_ms=4 shard_append_ms=253 shard_merge_ms=53 state_ready_ms=95 roots_ms=37 exec_read_ms=0 exec_evm_ms=0 exec_write_ms=0 exec_other_ms=0 reads_cache=0 reads_provider=0 reads_view=0 par_run_ms=33 fold_task_cpu_max_us=4267 fold_task_minflt_max=1 fold_task_minflt_sum=1 fold_task_migrated=0 fold_task_nivcsw_max=0 fold_index=1 fold_index_build_ms=4 fold_index_conflicts=8177 fold_queue_us=19 fold_skew_us=45 fold_task_max_us=4266 fold_tail_us=19 start_best_ms=4 start_select_ms=0 start_walk_ms=0 start_walk_check_ms=0 start_best_other_ms=0 start_frames_by_ref=0 start_frames_slow=0 start_pull_ms=0 start_other_ms=0 start_handoff_ms=3 par_start_ms=5 par_prep_ms=4 par_commit_ms=2 commit_body_ms=0 par_fold_ms=7 sealed_ms=6 copy_ms=- prune_ms=0 frames=- frames_missing=- frame_root_ms=- root_ms=- frames_admitted=frames_admitted=582873 frames_unaligned=0 frame_root_indexed=- seal_layout_ms=0 seal_root_ms=0 attested= busy_us=1 slots_busy=13 reply_us=7769 prune_ms=0 body_refused=0 body_failed_late=0
loop341Pb win1 tps=3,180,000 txs=95,400,000 blocks= 477 cycle=0.063s occupancy= 99.9% full(>=95%)=476/477 basefee=n/a (from the layer's log)
loop341Pb win2 tps=3,140,000 txs=94,200,000 blocks= 471 cycle=0.064s occupancy=100.0% full(>=95%)=471/471 basefee=n/a (from the layer's log)
loop341Pb win3 tps=3,053,333 txs=91,600,000 blocks= 458 cycle=0.066s occupancy=100.0% full(>=95%)=458/458 basefee=n/a (from the layer's log)
loop341Pb tps=3,180,000 round_txs=281200000 cycles_w1=
loop341Pb imp_fields_p90= b_p75=18
loop341Pb overlay: filter_skips=0 probes=0 ratio=- (ratio = skips/(skips+probes))
loop341Pb overlay_manager:       1 state_trie_overlay=false  state-ovly_cpu=0
loop341Pb verify: written to /data/blockchain/rust-fleet7-bench/bench-loop341Pb/verify.json
== loop341Pb  (E=1: seven validator keys on one execution layer)
  window 1: canonical 478 blocks, 95.5M tx = 3,184,817/s (100.0% of window 1), full 476/478 (100%); cycle mean/median/p90 62.7/61.4/67.4 ms
    leader builds 478: sealed_at median/p90/p99 58/72/89; phases median/p90 ms: gap_before_exec 2/6, state_wait 0/4, par 57/71, par_exec 30/34, roots 36/46, parent_fields 0/8, sealed 6/16
    state_wait_on {'none': 303, 'output': 162, 'grandparent': 8, 'open': 5}; builds with state_wait > 20 ms: 6 ([('grandparent', 6)]); gp_layer {1.0: 478}, ggp_missing {0.0: 469, 1.0: 9}
    queue at the builds min/median 977,000/2,519,000
    new field batch_cpu_sum_us: median/p90/max 520488.5/653273.0/1971084, nonzero 478
    new field batch_dispatch_us: median/p90/max 27.0/63.0/1411, nonzero 478
    new field batch_first_start_us: median/p90/max 16.0/30.0/41, nonzero 478
    new field batch_ivcsw: median/p90/max 0.0/4.0/16, nonzero 169
    new field batch_last_end_us: median/p90/max 29535.0/33804.0/71122, nonzero 478
    new field batch_last_start_us: median/p90/max 16557.5/19311.0/57741, nonzero 478
    new field batch_minflt: median/p90/max 951.5/5246.0/14412, nonzero 478
    new field batch_threads: median/p90/max 32.0/32.0/32, nonzero 478
    new field batch_vcsw: median/p90/max 254.0/441.0/901, nonzero 478
    new field batch_wall_sum_us: median/p90/max 753170.0/860886.0/2061277, nonzero 478
    new field batches: median/p90/max 58.0/58.0/58, nonzero 478
    new field one_wave: {'false': 478}
    new field open_engine_us: median/p90/max 0.0/0.0/40665, nonzero 9
    new field open_fallback: {'false': 469, 'true': 9}
    new field open_keep_us: median/p90/max 3.0/5.0/9, nonzero 478
    new field open_layers: median/p90/max 3.0/3.0/3, nonzero 478
    new field open_provider_us: median/p90/max 108.0/154.0/291, nonzero 478
    new field plan_age_us: median/p90/max 53395.0/67160.0/114771, nonzero 478
    new field plan_ahead: median/p90/max 1.0/1.0/2, nonzero 478
    new field plan_discard: {'': 478}
    new field plan_prep_us: median/p90/max 6932.0/8807.0/24454, nonzero 478
    new field plan_topup_txs: median/p90/max 0.0/0.0/109000, nonzero 1
    new field prev_seal_to_answer_us: median/p90/max 1400.0/2863.0/4534, nonzero 478
    new field prev_seal_to_entry_us: median/p90/max 0.0/0.0/0, nonzero 0
    new field prev_seal_to_header_us: median/p90/max 167.0/232.0/345, nonzero 478
    new field prev_seal_to_import_us: median/p90/max 113471.5/134210.0/169418, nonzero 474
    new field prev_seal_to_request_us: median/p90/max 879.0/1084.0/72579, nonzero 478
    new field prev_seal_to_start_us: median/p90/max 1155.0/1365.0/72900, nonzero 478
    new field pull_bulk_txs: median/p90/max 200000.0/200000.0/200000, nonzero 478
    new field pull_bulk_us: median/p90/max 767.0/962.0/2720, nonzero 478
    new field root_apply_total_us: median/p90/max 23002.0/29987.0/45696, nonzero 478
    new field root_delta_us: median/p90/max 1084.5/4189.0/11090, nonzero 478
    new field root_index_us: median/p90/max 3028.5/7757.0/14543, nonzero 478
    new field root_leaves_us: median/p90/max 6372.0/12088.0/25892, nonzero 478
    new field root_note_us: median/p90/max 151.0/229.0/1629, nonzero 478
    new field root_rehash_us: median/p90/max 1372.5/2000.0/11565, nonzero 478
    new field root_retire_us: median/p90/max 1644.0/2525.0/8938, nonzero 478
    new field root_sort_us: median/p90/max 79.0/139.0/731, nonzero 478
    new field root_writes_us: median/p90/max 6825.5/10018.0/17887, nonzero 478
    new field sealed_unix_us: median/p90/max 1791249860743160.5/1791249872587655.0/1791249875546528, nonzero 478
    new field start_walk_check_us: median/p90/max 0.0/0.0/71, nonzero 1
    new field start_walk_ids_us: median/p90/max 0.0/0.0/56, nonzero 1
    new field start_walk_settle_us: median/p90/max 0.0/0.0/0, nonzero 0
    new field start_walk_us: median/p90/max 0.0/0.0/2178, nonzero 1
    new field state_wait_us: median/p90/max 234.0/4432.0/41090, nonzero 478
    new field view_journal_reads: median/p90/max 0.0/69632.0/151552, nonzero 233
    new field view_journal_searches: median/p90/max 0.0/186027.0/388102, nonzero 233
    new field view_journal_skips: median/p90/max 0.0/0.0/0, nonzero 0
    binding wait (tick / quorum / seal share, mean cycle): tick 96% (62); quorum 0% (111); seal 4% (78); feed-bound (blocks under 95% of the tier): 2 of 478
    slowest key vote delay median/p90 18.6/46.2 ms
    engine own-import total_ms per block median/p90/max 39/58/88 (n=477)
    layer RSS 4.8 -> 27.0 G (max 27.0), in-memory blocks max 12
    execution layer cores busy 35.6    validators cores busy 1.2
    flood delivered (median per 5 s over the leg) 3,142,971/s
  window 2: canonical 471 blocks, 94.2M tx = 3,140,000/s (98.6% of window 1), full 471/471 (100%); cycle mean/median/p90 63.6/61.6/73.2 ms
    leader builds 472: sealed_at median/p90/p99 60/73/92; phases median/p90 ms: gap_before_exec 2/4, state_wait 0/2, par 58/73, par_exec 31/35, roots 37/47, parent_fields 0/7, sealed 6/14
    state_wait_on {'none': 374, 'output': 84, 'open': 7, 'grandparent': 7}; builds with state_wait > 20 ms: 7 ([('grandparent', 7)]); gp_layer {1.0: 472}, ggp_missing {0.0: 464, 1.0: 8}
    queue at the builds min/median 2,118,500/2,512,000
    new field batch_cpu_sum_us: median/p90/max 537431.5/675968.0/1609210, nonzero 472
    new field batch_dispatch_us: median/p90/max 25.0/65.0/1764, nonzero 472
    new field batch_first_start_us: median/p90/max 16.0/27.0/43, nonzero 472
    new field batch_ivcsw: median/p90/max 0.0/5.0/18, nonzero 194
    new field batch_last_end_us: median/p90/max 30628.5/35310.0/61814, nonzero 472
    new field batch_last_start_us: median/p90/max 17192.5/19512.0/45934, nonzero 472
    new field batch_minflt: median/p90/max 1191.0/5874.0/13724, nonzero 472
    new field batch_threads: median/p90/max 32.0/32.0/32, nonzero 472
    new field batch_vcsw: median/p90/max 254.0/363.0/949, nonzero 472
    new field batch_wall_sum_us: median/p90/max 788336.5/896853.0/1737624, nonzero 472
    new field batches: median/p90/max 58.0/58.0/58, nonzero 472
    new field one_wave: {'false': 472}
    new field open_engine_us: median/p90/max 0.0/0.0/37691, nonzero 8
    new field open_fallback: {'false': 464, 'true': 8}
    new field open_keep_us: median/p90/max 3.0/5.0/14, nonzero 472
    new field open_layers: median/p90/max 3.0/3.0/3, nonzero 472
    new field open_provider_us: median/p90/max 102.0/151.0/306, nonzero 472
    new field plan_age_us: median/p90/max 54511.0/67597.0/93095, nonzero 471
    new field plan_ahead: median/p90/max 1.0/1.0/1, nonzero 471
    new field plan_discard: {'': 471, 'not_on_its_parent': 1}
    new field plan_prep_us: median/p90/max 7384.0/8623.0/13823, nonzero 471
    new field plan_topup_txs: median/p90/max 0.0/0.0/0, nonzero 0
    new field prev_seal_to_answer_us: median/p90/max 1432.5/2731.0/5367, nonzero 472
    new field prev_seal_to_entry_us: median/p90/max 0.0/0.0/0, nonzero 0
    new field prev_seal_to_header_us: median/p90/max 172.0/253.0/356, nonzero 472
    new field prev_seal_to_import_us: median/p90/max 110040.5/133297.0/152015, nonzero 470
    new field prev_seal_to_request_us: median/p90/max 897.0/1032.0/99770, nonzero 472
    new field prev_seal_to_start_us: median/p90/max 1150.0/1316.0/100004, nonzero 472
    new field pull_bulk_txs: median/p90/max 200000.0/200000.0/200000, nonzero 472
    new field pull_bulk_us: median/p90/max 784.0/1028.0/4858, nonzero 472
    new field root_apply_total_us: median/p90/max 24200.5/30909.0/46698, nonzero 472
    new field root_delta_us: median/p90/max 1080.0/3901.0/7761, nonzero 472
    new field root_index_us: median/p90/max 2966.5/7071.0/14959, nonzero 472
    new field root_leaves_us: median/p90/max 6437.5/12794.0/24992, nonzero 472
    new field root_note_us: median/p90/max 143.0/213.0/1505, nonzero 472
    new field root_rehash_us: median/p90/max 1983.5/4743.0/16315, nonzero 472
    new field root_retire_us: median/p90/max 1769.5/2710.0/5994, nonzero 472
    new field root_sort_us: median/p90/max 79.0/140.0/795, nonzero 472
    new field root_writes_us: median/p90/max 7093.0/10765.0/18509, nonzero 472
    new field sealed_unix_us: median/p90/max 1791249890652460.5/1791249902544947.0/1791249905553007, nonzero 472
    new field start_walk_check_us: median/p90/max 0.0/0.0/100, nonzero 1
    new field start_walk_ids_us: median/p90/max 0.0/0.0/418, nonzero 1
    new field start_walk_settle_us: median/p90/max 0.0/0.0/0, nonzero 0
    new field start_walk_us: median/p90/max 0.0/0.0/4033, nonzero 1
    new field state_wait_us: median/p90/max 174.0/2520.0/38020, nonzero 472
    new field view_journal_reads: median/p90/max 0.0/65536.0/139264, nonzero 224
    new field view_journal_searches: median/p90/max 0.0/184542.0/344064, nonzero 224
    new field view_journal_skips: median/p90/max 0.0/0.0/0, nonzero 0
    binding wait (tick / quorum / seal share, mean cycle): tick 90% (63); quorum 0%; seal 10% (69); feed-bound (blocks under 95% of the tier): 0 of 471
    slowest key vote delay median/p90 34.8/54.6 ms
    engine own-import total_ms per block median/p90/max 37/57/85 (n=471)
    layer RSS 26.3 -> 34.3 G (max 34.3), in-memory blocks max 11
    execution layer cores busy 35.6    validators cores busy 1.2
  window 3: canonical 458 blocks, 91.6M tx = 3,053,333/s (95.9% of window 1), full 458/458 (100%); cycle -
    leader builds 458: sealed_at median/p90/p99 61/79/99; phases median/p90 ms: gap_before_exec 2/6, state_wait 0/4, par 61/79, par_exec 31/35, roots 39/54, parent_fields 0/13, sealed 7/21
    state_wait_on {'output': 195, 'none': 247, 'grandparent': 12, 'open': 4}; builds with state_wait > 20 ms: 9 ([('grandparent', 9)]); gp_layer {1.0: 458}, ggp_missing {0.0: 446, 1.0: 12}
    queue at the builds min/median 2,314,000/2,519,500
    new field batch_cpu_sum_us: median/p90/max 529983.5/655055.0/1656228, nonzero 458
    new field batch_dispatch_us: median/p90/max 27.0/65.0/2296, nonzero 458
    new field batch_first_start_us: median/p90/max 16.0/28.0/50, nonzero 458
    new field batch_ivcsw: median/p90/max 0.0/4.0/19, nonzero 156
    new field batch_last_end_us: median/p90/max 31000.0/35292.0/62348, nonzero 458
    new field batch_last_start_us: median/p90/max 16740.0/19308.0/46427, nonzero 458
    new field batch_minflt: median/p90/max 1313.5/6704.0/17642, nonzero 458
    new field batch_threads: median/p90/max 32.0/32.0/32, nonzero 458
    new field batch_vcsw: median/p90/max 258.0/439.0/759, nonzero 458
    new field batch_wall_sum_us: median/p90/max 781575.0/891560.0/1708785, nonzero 458
    new field batches: median/p90/max 58.0/58.0/58, nonzero 458
    new field one_wave: {'false': 458}
    new field open_engine_us: median/p90/max 0.0/0.0/60299, nonzero 12
    new field open_fallback: {'false': 446, 'true': 12}
    new field open_keep_us: median/p90/max 3.0/4.0/10, nonzero 458
    new field open_layers: median/p90/max 3.0/3.0/3, nonzero 458
    new field open_provider_us: median/p90/max 102.0/145.0/402, nonzero 458
    new field plan_age_us: median/p90/max 56064.0/71705.0/108763, nonzero 458
    new field plan_ahead: median/p90/max 1.0/1.0/1, nonzero 458
    new field plan_discard: {'': 458}
    new field plan_prep_us: median/p90/max 7018.5/8907.0/16061, nonzero 458
    new field plan_topup_txs: median/p90/max 0.0/0.0/0, nonzero 0
    new field prev_seal_to_answer_us: median/p90/max 1377.0/2059.0/4039, nonzero 458
    new field prev_seal_to_entry_us: median/p90/max 0.0/0.0/0, nonzero 0
    new field prev_seal_to_header_us: median/p90/max 169.0/249.0/613, nonzero 458
    new field prev_seal_to_import_us: median/p90/max 119877.5/141736.0/166078, nonzero 453
    new field prev_seal_to_request_us: median/p90/max 904.0/1121.0/1383, nonzero 458
    new field prev_seal_to_start_us: median/p90/max 1176.5/1438.0/1799, nonzero 458
    new field pull_bulk_txs: median/p90/max 200000.0/200000.0/200000, nonzero 458
    new field pull_bulk_us: median/p90/max 777.5/993.0/4396, nonzero 458
    new field root_apply_total_us: median/p90/max 25078.5/31840.0/58545, nonzero 458
    new field root_delta_us: median/p90/max 1059.0/4070.0/7570, nonzero 458
    new field root_index_us: median/p90/max 3320.0/7590.0/18786, nonzero 458
    new field root_leaves_us: median/p90/max 6523.5/13140.0/23882, nonzero 458
    new field root_note_us: median/p90/max 134.0/208.0/1315, nonzero 458
    new field root_rehash_us: median/p90/max 2727.0/6054.0/31655, nonzero 458
    new field root_retire_us: median/p90/max 1904.5/2539.0/7790, nonzero 458
    new field root_sort_us: median/p90/max 79.0/140.0/676, nonzero 458
    new field root_writes_us: median/p90/max 6831.0/9589.0/19650, nonzero 458
    new field sealed_unix_us: median/p90/max 1791249920492935.0/1791249932599552.0/1791249935541897, nonzero 458
    new field start_walk_check_us: median/p90/max 0.0/0.0/0, nonzero 0
    new field start_walk_ids_us: median/p90/max 0.0/0.0/0, nonzero 0
    new field start_walk_settle_us: median/p90/max 0.0/0.0/0, nonzero 0
    new field start_walk_us: median/p90/max 0.0/0.0/0, nonzero 0
    new field state_wait_us: median/p90/max 816.0/4789.0/66590, nonzero 458
    new field view_journal_reads: median/p90/max 0.0/65536.0/106496, nonzero 228
    new field view_journal_searches: median/p90/max 0.0/191803.0/316554, nonzero 228
    new field view_journal_skips: median/p90/max 0.0/0.0/0, nonzero 0
    engine own-import total_ms per block median/p90/max 42/64/83 (n=459)
    layer RSS 33.7 -> 41.0 G (max 41.4), in-memory blocks max 10
    execution layer cores busy 34.7    validators cores busy 1.1
  round total (3 windows, canonical): 281.3M tx
  layer peak RSS 41.4 G; in-memory blocks max 12
  fields at seal: mode "early", verified 0, unchecked 0, mismatches 0 (last build line, cumulative)
  own_executed_again (built here and also directly imported): 0 of 1458 built blocks
== loop341Pb
  layer-0 leader window-1 builds 478: txs mean 199884, share >= 95% of the tier 100% (max 200000); sealed_at_ms 58.0/72.0; par_ms 56.5/71.0; par_exec_ms 30.0/34.0; roots_ms 36.0/46.0; parent_fields_ms 0.0/8.0; sealed_ms 6.0/16.0
  proposal cycle window 1 (n=495): mean 62.7 median 61.4 p90 67.4 ms; blocks in the 30 s: 495
  binding wait (tick / quorum / seal, share and mean cycle): tick 96.0% (62.1); quorum 0.2% (110.7); seal 3.8% (77.3)
  vote delay after the proposal, slowest key per block: median 18.6 p90 46.2 ms (slowest minus the median key: median 0.2); last key: {1: 75, 2: 84, 3: 73, 4: 89, 5: 82, 6: 76} of 479 blocks
  CPU in window 1 (cores busy): execution layers 35.6 over 1 process(es); validators 1.2 over 7 process(es)
  execution layer peak RSS 41.4 G; in-memory blocks max 12 (node0 and others, all layers)
  blocks built here 1458; none also directly imported
  import-once counters at the last direct import: ; start-up lines with import_once=true: 1; queue-lock lines 0
  layer-0 queue (queued after canonical prune), median per 10 s: t+0:2509500 t+20:2516500 t+40:2514000 t+60:2514250 t+80:2514500
  flood: median per 5 s 3142971/s, final -
  timeout / given-up lines: 1; 01:23:37 v0 INFO process_event{view=1 kind="message"}: n42::cl::timeout: TC formed
loop341Pb page_faults_per_s_median: node0=165858 
feedcheck loop341Pb: ok (block 200,000 tx)
== loop341Pb: feed check (acq_us / gate_us / reply_us are per frame of 500; rate per 5 s `ingest` line)
  window 1: ingest lines 6; acq_us 476 (max 1326); gate_us 6962; reply_us 7522; slots_busy 14%; delivered median 3,219,034/s max 3,277,460/s; queue at builds median 2,519,000 min 977,000; full 100% of 478 blocks
  window 2: ingest lines 6; acq_us 479 (max 517); gate_us 7192; reply_us 7748; slots_busy 14%; delivered median 3,157,628/s max 3,201,704/s; queue at builds median 2,512,000 min 2,118,500; full 100% of 471 blocks
  window 3: ingest lines 6; acq_us 472 (max 483); gate_us 7568; reply_us 8136; slots_busy 13%; delivered median 3,055,967/s max 3,138,497/s; queue at builds median 2,519,500 min 2,314,000; full 100% of 458 blocks
  flood.log (+15..+100 s): rate per 5 s median 3,130,072/s max 3,256,310/s; reply latency median 61.1 ms max 64.2 ms
== loop341Pb: lanes lock, drain and pruner (new fields)
  window 1: lock duty 60.5% (max 65.0); holds/5s 2,105; longest hold 25.56 ms median, 27.84 ms max by crates/n42/tx-queue/src/lib.rs:1990 (most frequent holders [('crates/n42/tx-queue/src/lib.rs:1990', 6)]); lock wait 2510.0 ms/5s, longest 27.48 ms; drains/5s 833 of 19349 tx, mean 1569 us, max 20.00 ms
           prune (471 blocks): prune_ms 33/48; fold 0.6 ms, lock 0.0 ms, remove(hold) 11.2 ms, free 0.0 ms; frames_swept 400; coalesced on 471 of 471; prune_wait_ms 0/0; pruner busy 54% of a thread, lock held by it 1.4%
  window 2: lock duty 62.0% (max 65.0); holds/5s 2,008; longest hold 27.04 ms median, 31.13 ms max by crates/n42/tx-queue/src/lib.rs:1990 (most frequent holders [('crates/n42/tx-queue/src/lib.rs:1990', 5), ('crates/n42/tx-queue/src/lib.rs:2518', 1)]); lock wait 2751.6 ms/5s, longest 35.21 ms; drains/5s 762 of 20662 tx, mean 1714 us, max 19.28 ms
           prune (464 blocks): prune_ms 36/47; fold 0.6 ms, lock 0.0 ms, remove(hold) 10.9 ms, free 0.0 ms; frames_swept 400; coalesced on 464 of 464; prune_wait_ms 0/0; pruner busy 54% of a thread, lock held by it 2.0%
  window 3: lock duty 59.5% (max 60.0); holds/5s 2,046; longest hold 26.49 ms median, 29.24 ms max by crates/n42/tx-queue/src/lib.rs:1990 (most frequent holders [('crates/n42/tx-queue/src/lib.rs:1990', 6)]); lock wait 2292.9 ms/5s, longest 29.27 ms; drains/5s 814 of 18726 tx, mean 1604 us, max 20.51 ms
           prune (451 blocks): prune_ms 34/46; fold 0.6 ms, lock 0.0 ms, remove(hold) 10.5 ms, free 0.0 ms; frames_swept 400; coalesced on 451 of 451; prune_wait_ms 0/0; pruner busy 51% of a thread, lock held by it 1.2%
== loop341Pb: pruner (per block; busy = sum prune_ms / 30 s, lock = sum (remove_us + settle_us) / 30 s)
  window 1: 471 prunes; prune_ms 33/48; remove_us 11.2/20.8 ms; forget_us 3.1/4.8 ms; settle_us 3.1 ms; pruner busy 54% of a worker; lanes lock held for removal 25%
  window 2: 464 prunes; prune_ms 36/47; remove_us 10.9/20.6 ms; forget_us 3.2/5.0 ms; settle_us 3.5 ms; pruner busy 54% of a worker; lanes lock held for removal 25%
  window 3: 451 prunes; prune_ms 34/46; remove_us 10.5/21.3 ms; forget_us 3.1/5.0 ms; settle_us 3.2 ms; pruner busy 51% of a worker; lanes lock held for removal 23%
== loop341Pb: seal start / pull, prepared plan, answer, chunked drain
  window 1: 478 builds; start_best_ms 4/12; start_walk_us 0/0; start_pull_ms 0/0; par_pull_ms 0/0; par_start_ms 5/12; par_ms 57/71; sealed_at_ms 58/72; pull_bulk_us 767/962; pull_bulk_txs 200000/200000; plan_age_us 53395/67160; plan_prep_us 6932/8807; plan_topup_txs 0/0
           plan_ahead {'2': 1, '1': 477}; plan_discard {'': 478}
           answer: built-ahead bytes median/max 15,243/15,245, layout_only {'true': 479}; proposal sent bytes median/max 15,243/15,245, layout_only {'true': 478}
           drain: chunks/5s 681, chunk max 8,192 tx, finished by others/5s 59; plan_discards (last ingest line) -
  window 2: 472 builds; start_best_ms 5/11; start_walk_us 0/0; start_pull_ms 0/0; par_pull_ms 0/0; par_start_ms 5/11; par_ms 58/73; sealed_at_ms 60/73; pull_bulk_us 784/1028; pull_bulk_txs 200000/200000; plan_age_us 54511/67597; plan_prep_us 7384/8623; plan_topup_txs 0/0
           plan_ahead {'1': 471, '0': 1}; plan_discard {'': 471, 'not_on_its_parent': 1}
           answer: built-ahead bytes median/max 15,245/15,245, layout_only {'true': 472}; proposal sent bytes median/max 15,245/15,245, layout_only {'true': 471}
           drain: chunks/5s 614, chunk max 8,192 tx, finished by others/5s 50; plan_discards (last ingest line) -
  window 3: 458 builds; start_best_ms 4/10; start_walk_us 0/0; start_pull_ms 0/0; par_pull_ms 0/0; par_start_ms 4/10; par_ms 61/79; sealed_at_ms 61/79; pull_bulk_us 778/993; pull_bulk_txs 200000/200000; plan_age_us 56064/71705; plan_prep_us 7018/8907; plan_topup_txs 0/0
           plan_ahead {'1': 458}; plan_discard {'': 458}
           answer: built-ahead bytes median/max 15,245/15,245, layout_only {'true': 458}; proposal sent bytes median/max 15,245/15,245, layout_only {'true': 459}
           drain: chunks/5s 686, chunk max 8,192 tx, finished by others/5s 51; plan_discards (last ingest line) -
== loop341Pb: persistence per window (ms per block = part sum / blocks persisted)
  window 1: persisted 480 of 478 produced (100%); total 33.0, sf_tx 29.7, sf_rcpt 7.0, sf_acct 14.1, sf_send 12.1, scope 29.8, qmdb 14.5, post 0.0, pre 3.3, plain_rev 3.3, commit_sf 0.7, commit_mdbx 0.1, commit_rocks 0.0; longest task sf_tx 29.7; in-memory 9 -> 9 (max 12); RSS 15.1 -> 27.0 G; lag 9 -> 8 = -2.0 blocks/min; bp max 0
  window 2: persisted 471 of 471 produced (100%); total 32.6, sf_tx 29.6, sf_rcpt 6.9, sf_acct 13.7, sf_send 11.8, scope 29.7, qmdb 13.9, post 0.0, pre 2.9, plain_rev 2.9, commit_sf 0.8, commit_mdbx 0.1, commit_rocks 0.1; longest task sf_tx 29.6; in-memory 9 -> 10 (max 11); RSS 27.0 -> 34.3 G; lag 8 -> 10 = +4.0 blocks/min; bp max 0
  window 3: persisted 461 of 458 produced (101%); total 33.4, sf_tx 29.9, sf_rcpt 6.2, sf_acct 13.3, sf_send 10.7, scope 30.0, qmdb 16.3, post 0.0, pre 3.4, plain_rev 3.4, commit_sf 0.8, commit_mdbx 0.1, commit_rocks 0.1; longest task sf_tx 29.9; in-memory 10 -> 10 (max 10); RSS 34.3 -> 41.0 G; lag 10 -> 10 = +0.0 blocks/min; bp max 0
  leg end: in-memory 8, max over the sampler 12, backpressure stalls 0
== loop341Pb: execution and root fields (median / p90 per block)
  window 1 (478 builds): on-CPU share 0.70/0.81; CPU per transfer 2.60/3.27 us; par_exec_ms 30/34; batch_max_ms 20/25; batch_median_ms 13/14; batch_minflt 952/5,246; batch_vcsw 254/441; batch_ivcsw 0/4; view_journal_reads 0/69,632; view_journal_searches 0/186,027; view_journal_skips 0/0; root_writes_us 6,826/10,018; root_delta_us 1,084/4,189; root_apply_total_us 23,002/29,987; root_sort_us 79/139; root_leaves_us 6,372/12,088; root_retire_us 1,644/2,525; root_index_us 3,028/7,757; root_rehash_us 1,372/2,000; root_note_us 151/229; roots_ms 36/46; seal_to_fields_us 51,392/61,515; sealed_at_ms 58/72
  window 2 (472 builds): on-CPU share 0.70/0.82; CPU per transfer 2.69/3.38 us; par_exec_ms 31/35; batch_max_ms 21/28; batch_median_ms 13/15; batch_minflt 1,191/5,874; batch_vcsw 254/363; batch_ivcsw 0/5; view_journal_reads 0/65,536; view_journal_searches 0/184,542; view_journal_skips 0/0; root_writes_us 7,093/10,765; root_delta_us 1,080/3,901; root_apply_total_us 24,200/30,909; root_sort_us 79/140; root_leaves_us 6,438/12,794; root_retire_us 1,770/2,710; root_index_us 2,966/7,071; root_rehash_us 1,984/4,743; root_note_us 143/213; roots_ms 37/47; seal_to_fields_us 52,344/61,968; sealed_at_ms 60/73
  window 3 (458 builds): on-CPU share 0.69/0.80; CPU per transfer 2.65/3.28 us; par_exec_ms 31/35; batch_max_ms 22/28; batch_median_ms 14/16; batch_minflt 1,314/6,704; batch_vcsw 258/439; batch_ivcsw 0/4; view_journal_reads 0/65,536; view_journal_searches 0/191,803; view_journal_skips 0/0; root_writes_us 6,831/9,589; root_delta_us 1,059/4,070; root_apply_total_us 25,078/31,840; root_sort_us 79/140; root_leaves_us 6,524/13,140; root_retire_us 1,904/2,539; root_index_us 3,320/7,590; root_rehash_us 2,727/6,054; root_note_us 134/208; roots_ms 39/54; seal_to_fields_us 54,706/69,059; sealed_at_ms 61/79
flood span 95 s; tokio-rt threads alive throughout 33 of 71; group 9.8 cores busy over them (all threads incl. short-lived 13.0)
  per-thread cores busy, top 12: 0.58 0.58 0.57 0.57 0.57 0.57 0.57 0.56 0.56 0.56 0.55 0.55; threads over 0.9 core: 0, over 0.7: 0
== loop341Pb: 1408 full builds in the 3 windows
  par_exec_ms 30/35; par_run_ms 33/40; batch_start_skew_ms 16/19; batch_median_ms 13/15; batch_max_ms 21/26; batch_first_start_us 16/28; batch_last_start_us 16853/19413; batch_dispatch_us 26/64; batch_last_end_us 30400/34799; batches 58/58; batch_threads 32/32; batch_txs_max 3500/3500; batch_txs_min 500/500; start_walk_ms 0/0; start_walk_check_ms 0/0; par_start_ms 5/12; sealed_at_ms 60/74; prev_seal_to_answer_us 1398/2604; prev_seal_to_entry_us 0/0; prev_seal_to_header_us 170/247; prev_seal_to_import_us 114722/136606; prev_seal_to_request_us 892/1075; prev_seal_to_start_us 1158/1375; start_walk_check_us 0/0; start_walk_ids_us 0/0; start_walk_settle_us 0/0; start_walk_us 0/0
  one_wave {'false': 1408}
  batches == batch_threads on 0 of 1408 builds
  last - first batch start (ms) median/p90 16.84/19.39; under 2 ms on 0 of 1408 builds
leg loop341Jb: /data free 965G (needs 120 G)
leg loop341Jb start 21:28:14 load 4.54
round loop341Jb exit 0 at 21:31:07
loop341Jb save stages (node0, seconds summed over the leg / count): batch_size=1961.0/652  batch_size=1961.0/652  reth_consensus_engine_beacon_persistence_duration=56.3/652  duration_seconds=53.4/652  total=49.0/652  scope=43.8/652  sf=43.7/652  sf_transactions=43.6/652  qmdb_persisted=24.3/652  sf_account_changesets=20.0/652
el binary: /data/n42-build/target-n42-rs/native/release/n42 env: N42_IMPORT_ONCE=1 N42_SETTLEMENT_TAGS=legacy N42_BUILD_THROTTLE_SOFT=48 F7_EL_MAP=0,0,0,0,0,0,0 N42_FIELDS_AT_SEAL=1 N42_FRAME_BLOCKS=1 N42_TX_INGEST_RECOVER_PARALLEL=24 N42_PARALLEL_BUILD_THREADS=32 N42_PLAN_AHEAD=1 N42_HASHED_TABLES=off F7_FLOOD_RATE=6000000 N42_COMPACT_BODY=1 MALLOC_CONF=thp:always,oversize_threshold:0,dirty_decay_ms:2000,background_thread:true N42_ACCOUNT_HISTORY=off N42_TAKE_COMPACT=1 N42_SF_EARLY_WRITEBACK=1 N42_ROAD_RUNTIME=1 N42_TX_INGEST_HIGH_WATER=2500000 F7_BENCH_POOL_SLOTS=3000000 N42_TX_QUEUE_DRAIN_CHUNK=8192 N42_VIEW_JOURNAL_FILTER=1 N42_ANSWER_LAYOUT_ONLY=1 N42_PULL_BY_FRAMES=1 N42_SF_PARALLEL_ENCODE=1 N42_BUILD_THROTTLE_HARD=80 RAYON_NUM_THREADS=16 TOKIO_WORKER_THREADS=16 N42_QMDB_PARALLEL_WRITES=1 N42_QMDB_READS=on N42_LEADER_LAYERS=3 N42_PERSIST_QMDB_IN_SCOPE=1 F7_BLOCK_INTERVAL_MS=60 F7_MEASURE_FROM_LOG=1
validator env: N42_IMPORT_ONCE=1 N42_SETTLEMENT_TAGS=legacy N42_BUILD_THROTTLE_SOFT=48 F7_EL_MAP=0,0,0,0,0,0,0 N42_FIELDS_AT_SEAL=1 N42_FRAME_BLOCKS=1 N42_TX_INGEST_RECOVER_PARALLEL=24 N42_PARALLEL_BUILD_THREADS=32 N42_PLAN_AHEAD=1 N42_HASHED_TABLES=off F7_FLOOD_RATE=6000000 N42_COMPACT_BODY=1 N42_ACCOUNT_HISTORY=off N42_TAKE_COMPACT=1 N42_SF_EARLY_WRITEBACK=1 N42_ROAD_RUNTIME=1 N42_TX_INGEST_HIGH_WATER=2500000 F7_BENCH_POOL_SLOTS=3000000 N42_TX_QUEUE_DRAIN_CHUNK=8192 N42_VIEW_JOURNAL_FILTER=1 N42_ANSWER_LAYOUT_ONLY=1 N42_PULL_BY_FRAMES=1 N42_SF_PARALLEL_ENCODE=1 N42_BUILD_THROTTLE_HARD=80 RAYON_NUM_THREADS=16 TOKIO_WORKER_THREADS=16 N42_QMDB_PARALLEL_WRITES=1 N42_QMDB_READS=on N42_LEADER_LAYERS=3 N42_PERSIST_QMDB_IN_SCOPE=1 F7_MEASURE_FROM_LOG=1
loop341Jb once: start-up lines import_once=true 1; last direct-import counters 
loop341Jb imports: layers=1 direct_imports=0 canonical_blocks=4021 import_once_lines=1 (per layer: direct imports should equal canonical blocks for one execution per block)
grep: /data/blockchain/rust-fleet7-bench/node1/el.log: No such file or directory
grep: /data/blockchain/rust-fleet7-bench/node2/el.log: No such file or directory
grep: /data/blockchain/rust-fleet7-bench/node3/el.log: No such file or directory
grep: /data/blockchain/rust-fleet7-bench/node1/el.log: No such file or directory
grep: /data/blockchain/rust-fleet7-bench/node2/el.log: No such file or directory
grep: /data/blockchain/rust-fleet7-bench/node3/el.log: No such file or directory
cat: /data/blockchain/rust-fleet7-bench/node2/el.log: No such file or directory
cat: /data/blockchain/rust-fleet7-bench/node2/el.log: No such file or directory
cat: /data/blockchain/rust-fleet7-bench/node2/el.log: No such file or directory
cat: /data/blockchain/rust-fleet7-bench/node1/el.log: No such file or directory
cat: /data/blockchain/rust-fleet7-bench/node2/el.log: No such file or directory
cat: /data/blockchain/rust-fleet7-bench/node3/el.log: No such file or directory
Traceback (most recent call last):
  File [35m"<stdin>"[0m, line [35m4[0m, in [35m<module>[0m
[1;35mIndexError[0m: [35mlist index out of range[0m
loop341Jb no_variant=0 own_not_committed=0 tc=1 invalid_blocks=0 incomplete=0 gas_mismatch=0 direct_imports_failed=0 stuck_at_hashed_state=0 engine_idles_over_5s=1 proposals_given_up=0 tables_off_nodes=1 unanswered_reads=0 seal_first_total=1461 seal_first_direct=1461 direct_guard_errors=0 commit_ms_median=2 fold_ms_median=7 sealed_at_ms_median=60 state_ready_ms_median=96 build_total_ms_median=183 recover_us_median=0 par_exec_ms_median=30 par_exec_ms_median=30 giveback_filtered=0 giveback_offered_max=200000 seal_first=1461 reader_lag_max=9 reader_lag_warns=0 view_invalidated=0 el_sum_peak_g=41.0 el_max_peak_g=41.0 val_sum_peak_g=1.9 flood_peak_g=0.6 two_roads_blocks=0 two_roads_overlap_ms_median=- exec_on_output_declined=0 r1_collect_ms_median=5 proposal_at_ms_median=49 view_total_ms_median=61 import_exec_ms_median=- import_total_ms_median=- import_senders_ms_median=- import_convert_ms_median=- import_groups_median=- imports_over_600ms=0 min_avail_g=89.7 road_foreign_body_recv_ms=- road_foreign_body_decode_ms=- road_foreign_body_senders_ms=- road_foreign_body_parent_wait_ms=- road_foreign_body_check_ms=- road_foreign_body_total_ms=- road_new_payload_recv_ms=- road_new_payload_decode_ms=- road_new_payload_senders_ms=- road_new_payload_parent_wait_ms=- road_new_payload_check_ms=- road_new_payload_total_ms=- road_foreign_body_blocks=0 road_new_payload_blocks=0 fcu_answered=1851 fcu_in_flight_ms_median=0 fcu_queued_ms_median=0 fcu_queued_ms_max=48 fcu_refused=0 fcu_slow=1592 bodies_held=0 road_reuse_ms=- road_prepare_ms=- road_dispatch_ms=- road_convert_ms=- road_remember_ms=- road_header_ms=- road_fields_ms=- road_other_ms=- import_engine_ms_median=- gate_forced=0 gate_warns=0 flood_timeouts=0 canonical_min=4060 canonical_max=4060 chained_builds=2740 chain_lead_ms_median=42 chain_wait_ms_median=20 chain_started=2743 chain_discarded=2 chain_discard_reasons=_1_reason="no_,_1_reason="the_execution_layer_produced_nothing,_1_reason="the_request_names_another_parent chain_alias_warns=0 el_chained=2759 bodies_held_warns=0 el_build_refused=2 el_build_refused_reasons=_2_no_QMDB_tree_for_parent_block_0x queued_p5=2320500 queued_p50=2497500 road_compact_blocks=0 road_compact_recv_ms=- road_compact_assemble_ms=- road_compact_root_ms=- road_compact_miss_wait_ms=- road_compact_senders_ms=- road_compact_check_ms=- road_compact_other_ms=- road_compact_total_ms=- road_compact_misses_total= compact_refused_el=0 compact_fallbacks=0 compact_bytes_median=- pool_order9=14180 par_pull_ms_median=0 build_total_ms_median2=62 road_compact_filled_blocks=0 road_compact_filled_median=- road_compact_fill_ms_median=- need_txns=0 fill_failed=0 ingest_rate_gate_open_median=- ingest_gate_open_intervals=0 ingest_slots_busy_median=- flood_rate= fill_asked_proposer=0 fill_asked_other=0 loop_lines=2767 loop_unnamed_ms_median=48 loop_body_served_ms_median=- loop_txns_served_ms_median=- import_exec_ms_median2=- pip_partition_ms=- pip_env_ms=- pip_batch_ms=- pip_groups_ms=- pip_gas_ms=- pip_merge_ms=- pip_receipts_ms=- pip_drop_ms=- pip_other_ms=- pip_total_ms=- senders_indexed_median=- road_senders_ms_median=- road_total_ms_median=- pew_ms_median=- pew_ms_p90= gate_ms_median=- gate_ms_p90= root_ms_p50=- root_ms_p90= two_roads=0 not_on_output=0 not_on_output_why= ckpt_ms_first_q=2 ckpt_ms_last_q=44 ckpt_bytes_last=34735900 parent_still_importing=7 root_wait_ms_p50=- root_wait_ms_p90= tenures_low_seal=23 seal_first_share=0.99 empty_over_deep=0 near_empty_warns=0 no_seal_why= par_skipped_median=- usable_p5=2320500 ckpt_replay_ms_last_q=15 candidates_zero=0 dropped_ingest=0 let_go_warns=0 let_go_reasons= parked_p50=0 parked_max=0 held_warns=0 park_capped_total=0 superseded_builds=0 empty_not_superseded=0 mass_park_warns=0 heads_lines=0 holes_lines=0 stale_parent_refusals=0 par_groups_p5=0 cancelled_decided=1 heads_nonce0=0 stale_unconfirmed= handovers=7 el_panics=0 decided_cancelled=1 min_window_blocks=459 road_desc_blocks=0 road_desc_total_ms=- road_desc_copy_ms=- desc_misses=0 fill_failed2=0 sf_par_collect_ms=0 sf_par_commit_ms=2 sf_par_fold_ms=7 sf_par_graft_ms=0 sf_par_prefault_ms=0 sf_par_exec_ms=30 sf_sealed_at_ms=60 sf_roots_ms=38 sf_state_ready_ms=96 sf_total_ms=183 ba_find_ms=0 ba_queue_ms=3 ba_total_ms=62 ba_on_output=1460 queue_fold_us=0 queue_lock_us=118 sf_par_exec_ms=30 sf_par_fold_ms=7 pip_groups_ms=- import_exec_ms_median2=- reads_d0=0 reads_hist=0 f_reads_d0=- f_reads_hist=- f_overlay_depth=- L_read_set_ms=0 read_set_accounts=0 read_set_unresolved=0 read_set_hits=0 read_set_misses=0 start_best_ms=- par_prep_ms=- gap_before_exec_ms=- gap_after_exec_ms=- gap_before_seal_ms=- index_ms=- road_copy_aside_ms=- road_copy_wait_ms=- road_total_ms=- queue_first_miss=queue_first_miss=0:2548,queue_first_miss=18446744073709551615:1472 root_append_behind=0 populate_lag_mb=0 swap_used_g=0 root_faults=- root_faults_p90= root_faults_entries=0 root_faults_offsets=0 root_faults_index=0 root_faults_bits=0 root_faults_twigs=0 root_faults_undo=0 root_faults_tmp=0 root_append_faults=0 root_twig_pool_misses=0 batch_max_ms=20 batch_min_ms=6 batch_median_ms=13 batch_cpu_max_ms=10 batch_txs_max=3500 batch_txs_min=500 batch_start_skew_ms=16 batch_wait_ms=0 loop_fetch_ns=0 loop_check_ns=0 loop_transfer_ns=0 loop_receipt_ns=0 loop_gas_ns=0 loop_sink_ns=0 loop_other_ns=0 batch_setup_ns=0 batch_close_ns=0 imp_exec_part_ms=- imp_exec_batches_ms=- imp_exec_graft_ms=- imp_exec_batches=- imp_exec_threads=- imp_exec_batch_max_ms=- imp_exec_batch_median_ms=- imp_parent_output_wait_ms=- road_parent_output_wait_ms=- next_start_gap_ms=1 next_entry_gap_ms=0 commit_body_ahead_used=- imp_exec_keys_ms=- imp_keys_ahead=- imp_exec_sink_ms=- imp_exec_pre_ms=- imp_exec_post_ms=- imp_exec_receipts_ms=- imp_exec_drop_ms=- root_gap_ms=- queue_whole=queue_whole=false:2548,queue_whole=true:1472 tick_tick_late_us=970 tick_preamble_us=340 tick_take_sealed_us=1 tick_sign_us=0 tick_cache_us=0 tick_presealed=- tick_describe_us=10 tick_publish_us=597 tick_tick_to_send_us=1991 road_check_ms=- road_check_include_us=- road_check_scan_us=- road_check_fold_us=- road_check_senders_us=- road_check_frames_summarized=- road_check_frames_scanned=- imp_exec_start_gap_us=- imp_gap_road_us=- imp_gap_header_us=- imp_gap_senders_us=- imp_gap_parent_us=- imp_gap_setup_us=- imp_gap_keys_wait_us=- sealed_at_p90= sealed_over_130=0 roots_ms=- cycle_p90= batch_max_ms=- batch_median_ms=- imp_batch_max=- forest_lock_warns=1976 root_seal_ms=1 root_seals=40 root_majflt=3 roots_p90= gp_layer=1469 ggp_missing=23 state_wait_split=0/0/0/0:945,1/0/0/0:166,2/0/0/0:137 qmdb_releases=0 state_wait_on= imp_road_end_ms=- imp_exec_start_ms=- imp_exec_end_ms=- imp_root_end_ms=- imp_fields_ready_ms=- imp_parent_fields_wait_ms=- imp_exec_ms=- imp_root_ms=- imp_checks_ms=- imp_engine_ms=- imp_total_ms=- road_parent_fields_wait_ms=- exec_read_ms=0 L_exec_evm_ms=0 L_exec_write_ms=0 L_exec_other_ms=0 L_reads_cache=0 L_reads_provider=0 L_reads_view=0 L_graft_base_ms=0 L_graft_reserve_ms=0 L_graft_insert_ms=0 L_graft_reverts_ms=0 L_graft_other_ms=0 L_par_exec_ms=30 L_par_graft_ms=0 F_exec_read_ms=- F_exec_evm_ms=- F_exec_write_ms=- F_exec_other_ms=- F_reads_cache=- F_reads_provider=- F_reads_view=- F_groups_ms=- L_tx_root_wait_ms=0 L_par_exec_ms=30 L_par_graft_ms=0 L_par_fold_ms=7 L_sealed_ms=6 L_state_ready_ms=96 L_roots_ms=38 L_finish_ms=108 L_total_ms=183 L_setup_ms=0 L_par_pull_ms=0 L_give_back_ms=0 L_state_wait_ms=0 L_state_after_pull=1461 L_seal_at_exec=1461 L_tx_root_ahead=0 flood_w1=3138622 txs_p10=200000 acq_us=468 slots_busy=13 ingest_rate=3111156 L_scope_join_ms=0 L_par_release_ms=0 L_commit_body_ms=0 L_par_commit_ms=2 L_give_back_ms=0 L_sealed_ms=6 L_par_exec_ms=30 L_state_wait_ms=0 L_par_pull_ms=0 L_par_prep_ms=4 L_par_start_ms=4 L_pre_exec_ms=0 L_par_run_ms=32 L_sealed_at_ms=60 F_partition_ms=- F_env_ms=- F_groups_ms=- F_merge_ms=- F_reverts_wait_ms=- F_ahead_wait_ms=- F_total_ms=- I_engine_ms=- I_root_ms=- I_total_ms=- H_engine_remember_ms=- H_engine_listing_ms=- H_engine_new_payload_ms=- busy_us=1 L_par_start_ms=4 L_start_handoff_ms=3 L_start_best_ms=4 L_start_puller_ms=0 L_par_pull_ms=0 L_par_prep_ms=4 L_state_wait_ms=0 L_par_exec_ms=30 L_par_commit_ms=2 L_sealed_ms=6 L_sealed_at_ms=60 L_par_graft_ms=0 L_graft_insert_ms=0 L_graft_reverts_ms=0 L_graft_split_us=0 L_graft_build_us=0 L_graft_merge_us=0 L_state_ready_ms=96 Q_queue_ms=0 R_dispatch_wait_ms=- R_total_ms=- R_road_runtime=1 gate_holds=0 peer_fetch=0 pool_limit=limit=4 gate_opened=gate_opened_for_block=0 I_root_ms=- flood_rate_hdr=rate=6000000/s fills=0 fill_waited=- slots_busy=13 acq_us=468 busy_us=1 converged=0 fallbacks=0 busy_us=1 recover_us=0 tf_on_output=3 tf_fallback=0 still_importing=7 busy_us=1 slots_busy=13 batches=altsig_txs=0 altsig_batches=0 tf_on_output=3 tf_fallback=0 gate_holds=0 sign_s=sign 0s replay_note=replay       : 64 files from /data/n42-pregen/g900000-400m, 400000000 transactio sign_s=sign 0s shard=shard_verified=0 shard_claimed=0 road_verified=- slots_busy=13 gate_us=7240 reply_us=7811 queued=2497500 assemble_ms=- road_take_ms=- road_body_ms=- road_encode_ms=- shards=16 shard_insert_ms=0 shard_wait_ms=0 shard_fold_ms=4 shard_append_ms=281 shard_merge_ms=54 state_ready_ms=96 roots_ms=38 exec_read_ms=0 exec_evm_ms=0 exec_write_ms=0 exec_other_ms=0 reads_cache=0 reads_provider=0 reads_view=0 par_run_ms=32 fold_task_cpu_max_us=4386 fold_task_minflt_max=2 fold_task_minflt_sum=2 fold_task_migrated=0 fold_task_nivcsw_max=0 fold_index=1 fold_index_build_ms=4 fold_index_conflicts=7885 fold_queue_us=19 fold_skew_us=44 fold_task_max_us=4384 fold_tail_us=20 start_best_ms=4 start_select_ms=0 start_walk_ms=0 start_walk_check_ms=0 start_best_other_ms=0 start_frames_by_ref=0 start_frames_slow=0 start_pull_ms=0 start_other_ms=0 start_handoff_ms=3 par_start_ms=4 par_prep_ms=4 par_commit_ms=2 commit_body_ms=0 par_fold_ms=7 sealed_ms=6 copy_ms=- prune_ms=0 frames=- frames_missing=- frame_root_ms=- root_ms=- frames_admitted=frames_admitted=583715 frames_unaligned=0 frame_root_indexed=- seal_layout_ms=0 seal_root_ms=0 attested= busy_us=1 slots_busy=13 reply_us=7811 prune_ms=0 body_refused=0 body_failed_late=0
loop341Jb win1 tps=3,180,000 txs=95,400,000 blocks= 477 cycle=0.063s occupancy= 99.9% full(>=95%)=476/477 basefee=n/a (from the layer's log)
loop341Jb win2 tps=3,166,667 txs=95,000,000 blocks= 475 cycle=0.063s occupancy=100.0% full(>=95%)=475/475 basefee=n/a (from the layer's log)
loop341Jb win3 tps=3,060,000 txs=91,800,000 blocks= 459 cycle=0.065s occupancy=100.0% full(>=95%)=459/459 basefee=n/a (from the layer's log)
loop341Jb tps=3,180,000 round_txs=282200000 cycles_w1=
loop341Jb imp_fields_p90= b_p75=23
loop341Jb overlay: filter_skips=0 probes=0 ratio=- (ratio = skips/(skips+probes))
loop341Jb overlay_manager:       1 state_trie_overlay=false  state-ovly_cpu=0
loop341Jb verify: written to /data/blockchain/rust-fleet7-bench/bench-loop341Jb/verify.json
== loop341Jb  (E=1: seven validator keys on one execution layer)
  window 1: canonical 477 blocks, 95.4M tx = 3,180,000/s (100.0% of window 1), full 476/477 (100%); cycle mean/median/p90 63.0/61.5/67.8 ms
    leader builds 477: sealed_at median/p90/p99 59/72/90; phases median/p90 ms: gap_before_exec 2/6, state_wait 0/5, par 58/73, par_exec 30/35, roots 36/46, parent_fields 0/8, sealed 6/15
    state_wait_on {'output': 217, 'none': 249, 'grandparent': 7, 'open': 4}; builds with state_wait > 20 ms: 4 ([('grandparent', 4)]); gp_layer {1.0: 477}, ggp_missing {0.0: 470, 1.0: 7}
    queue at the builds min/median 2,161,000/2,517,000
    new field batch_cpu_sum_us: median/p90/max 492692.0/635239.0/1660492, nonzero 477
    new field batch_dispatch_us: median/p90/max 31.0/72.0/1638, nonzero 477
    new field batch_first_start_us: median/p90/max 18.0/29.0/48, nonzero 477
    new field batch_ivcsw: median/p90/max 0.0/4.0/25, nonzero 170
    new field batch_last_end_us: median/p90/max 29605.0/34574.0/61789, nonzero 477
    new field batch_last_start_us: median/p90/max 16063.0/18629.0/48403, nonzero 477
    new field batch_minflt: median/p90/max 985.0/5329.0/11578, nonzero 476
    new field batch_threads: median/p90/max 32.0/32.0/32, nonzero 477
    new field batch_vcsw: median/p90/max 252.0/472.0/852, nonzero 477
    new field batch_wall_sum_us: median/p90/max 749418.0/880895.0/1775729, nonzero 477
    new field batches: median/p90/max 58.0/58.0/58, nonzero 477
    new field one_wave: {'false': 477}
    new field open_engine_us: median/p90/max 0.0/0.0/50909, nonzero 7
    new field open_fallback: {'false': 470, 'true': 7}
    new field open_keep_us: median/p90/max 3.0/5.0/16, nonzero 477
    new field open_layers: median/p90/max 3.0/3.0/3, nonzero 477
    new field open_provider_us: median/p90/max 107.0/149.0/503, nonzero 477
    new field plan_age_us: median/p90/max 53888.0/66708.0/109247, nonzero 477
    new field plan_ahead: median/p90/max 1.0/1.0/1, nonzero 477
    new field plan_discard: {'': 477}
    new field plan_prep_us: median/p90/max 7142.0/9303.0/16222, nonzero 477
    new field plan_topup_txs: median/p90/max 0.0/0.0/0, nonzero 0
    new field prev_seal_to_answer_us: median/p90/max 1339.0/2096.0/4376, nonzero 477
    new field prev_seal_to_entry_us: median/p90/max 0.0/0.0/0, nonzero 0
    new field prev_seal_to_header_us: median/p90/max 167.0/245.0/371, nonzero 477
    new field prev_seal_to_import_us: median/p90/max 114076.0/132320.0/165025, nonzero 474
    new field prev_seal_to_request_us: median/p90/max 882.0/1060.0/1505, nonzero 477
    new field prev_seal_to_start_us: median/p90/max 1149.0/1363.0/2018, nonzero 477
    new field pull_bulk_txs: median/p90/max 200000.0/200000.0/200000, nonzero 477
    new field pull_bulk_us: median/p90/max 770.0/997.0/3716, nonzero 477
    new field root_apply_total_us: median/p90/max 23123.0/29557.0/41694, nonzero 477
    new field root_delta_us: median/p90/max 1078.0/3754.0/12772, nonzero 477
    new field root_index_us: median/p90/max 2945.0/8080.0/16254, nonzero 477
    new field root_leaves_us: median/p90/max 6480.0/13418.0/25628, nonzero 477
    new field root_note_us: median/p90/max 133.0/215.0/1432, nonzero 477
    new field root_rehash_us: median/p90/max 1392.0/2739.0/11365, nonzero 477
    new field root_retire_us: median/p90/max 1566.0/2375.0/7125, nonzero 477
    new field root_sort_us: median/p90/max 78.0/123.0/1193, nonzero 477
    new field root_writes_us: median/p90/max 6317.0/10692.0/19255, nonzero 477
    new field sealed_unix_us: median/p90/max 1791250185828814.0/1791250197666975.0/1791250200735838, nonzero 477
    new field start_walk_check_us: median/p90/max 0.0/0.0/0, nonzero 0
    new field start_walk_ids_us: median/p90/max 0.0/0.0/0, nonzero 0
    new field start_walk_settle_us: median/p90/max 0.0/0.0/0, nonzero 0
    new field start_walk_us: median/p90/max 0.0/0.0/0, nonzero 0
    new field state_wait_us: median/p90/max 911.0/5052.0/53658, nonzero 477
    new field view_journal_reads: median/p90/max 0.0/73728.0/126976, nonzero 230
    new field view_journal_searches: median/p90/max 0.0/1270.0/2093, nonzero 230
    new field view_journal_skips: median/p90/max 0.0/191800.0/379973, nonzero 230
    binding wait (tick / quorum / seal share, mean cycle): tick 95% (63); quorum 0%; seal 5% (70); feed-bound (blocks under 95% of the tier): 1 of 477
    slowest key vote delay median/p90 28.2/51.8 ms
    engine own-import total_ms per block median/p90/max 37/57/80 (n=476)
    layer RSS 4.8 -> 27.3 G (max 27.3), in-memory blocks max 10
    execution layer cores busy 35.3    validators cores busy 1.2
    flood delivered (median per 5 s over the leg) 3,140,270/s
  window 2: canonical 475 blocks, 95.0M tx = 3,166,667/s (99.6% of window 1), full 475/475 (100%); cycle mean/median/p90 63.6/61.7/71.3 ms
    leader builds 476: sealed_at median/p90/p99 60/71/85; phases median/p90 ms: gap_before_exec 2/4, state_wait 0/3, par 58/72, par_exec 30/33, roots 39/50, parent_fields 0/9, sealed 6/16
    state_wait_on {'output': 137, 'grandparent': 4, 'none': 333, 'provider_open': 1, 'open': 1}; builds with state_wait > 20 ms: 4 ([('grandparent', 4)]); gp_layer {1.0: 476}, ggp_missing {0.0: 472, 1.0: 4}
    queue at the builds min/median 2,316,500/2,519,000
    new field batch_cpu_sum_us: median/p90/max 494697.0/533249.0/1664854, nonzero 476
    new field batch_dispatch_us: median/p90/max 25.0/65.0/2931, nonzero 476
    new field batch_first_start_us: median/p90/max 16.0/28.0/47, nonzero 476
    new field batch_ivcsw: median/p90/max 0.0/3.0/26, nonzero 171
    new field batch_last_end_us: median/p90/max 29416.5/33002.0/63657, nonzero 476
    new field batch_last_start_us: median/p90/max 16292.0/18285.0/48673, nonzero 476
    new field batch_minflt: median/p90/max 1226.5/5744.0/11384, nonzero 476
    new field batch_threads: median/p90/max 32.0/32.0/32, nonzero 476
    new field batch_vcsw: median/p90/max 250.0/489.0/887, nonzero 476
    new field batch_wall_sum_us: median/p90/max 752927.5/844083.0/1750862, nonzero 476
    new field batches: median/p90/max 58.0/58.0/58, nonzero 476
    new field one_wave: {'false': 476}
    new field open_engine_us: median/p90/max 0.0/0.0/33665, nonzero 4
    new field open_fallback: {'false': 472, 'true': 4}
    new field open_keep_us: median/p90/max 4.0/5.0/20, nonzero 476
    new field open_layers: median/p90/max 3.0/3.0/3, nonzero 476
    new field open_provider_us: median/p90/max 108.0/152.0/3215, nonzero 476
    new field plan_age_us: median/p90/max 54506.0/65555.0/98746, nonzero 475
    new field plan_ahead: median/p90/max 1.0/1.0/1, nonzero 475
    new field plan_discard: {'': 475, 'not_on_its_parent': 1}
    new field plan_prep_us: median/p90/max 7208.5/9036.0/17438, nonzero 475
    new field plan_topup_txs: median/p90/max 0.0/0.0/0, nonzero 0
    new field prev_seal_to_answer_us: median/p90/max 1317.0/2419.0/5219, nonzero 476
    new field prev_seal_to_entry_us: median/p90/max 0.0/0.0/0, nonzero 0
    new field prev_seal_to_header_us: median/p90/max 161.5/238.0/524, nonzero 476
    new field prev_seal_to_import_us: median/p90/max 116766.0/136948.0/181028, nonzero 476
    new field prev_seal_to_request_us: median/p90/max 884.0/1080.0/97329, nonzero 476
    new field prev_seal_to_start_us: median/p90/max 1159.5/1372.0/97669, nonzero 476
    new field pull_bulk_txs: median/p90/max 200000.0/200000.0/200000, nonzero 476
    new field pull_bulk_us: median/p90/max 812.0/1000.0/4884, nonzero 476
    new field root_apply_total_us: median/p90/max 24859.0/32651.0/46604, nonzero 476
    new field root_delta_us: median/p90/max 1095.0/3423.0/9483, nonzero 476
    new field root_index_us: median/p90/max 3063.0/8673.0/16677, nonzero 476
    new field root_leaves_us: median/p90/max 6690.0/14348.0/27660, nonzero 476
    new field root_note_us: median/p90/max 132.0/209.0/1124, nonzero 476
    new field root_rehash_us: median/p90/max 1983.0/4515.0/16197, nonzero 476
    new field root_retire_us: median/p90/max 1647.5/2470.0/5031, nonzero 476
    new field root_sort_us: median/p90/max 80.0/152.0/1350, nonzero 476
    new field root_writes_us: median/p90/max 6560.0/12242.0/20784, nonzero 476
    new field sealed_unix_us: median/p90/max 1791250215746444.0/1791250227748427.0/1791250230786317, nonzero 476
    new field start_walk_check_us: median/p90/max 0.0/0.0/498, nonzero 1
    new field start_walk_ids_us: median/p90/max 0.0/0.0/353, nonzero 1
    new field start_walk_settle_us: median/p90/max 0.0/0.0/0, nonzero 0
    new field start_walk_us: median/p90/max 0.0/0.0/4830, nonzero 1
    new field state_wait_us: median/p90/max 209.0/3179.0/33734, nonzero 476
    new field view_journal_reads: median/p90/max 0.0/65536.0/110592, nonzero 232
    new field view_journal_searches: median/p90/max 0.0/1187.0/2056, nonzero 232
    new field view_journal_skips: median/p90/max 0.0/178548.0/308000, nonzero 232
    binding wait (tick / quorum / seal share, mean cycle): tick 99% (63); quorum 0%; seal 1% (70); feed-bound (blocks under 95% of the tier): 0 of 475
    slowest key vote delay median/p90 33.3/55.0 ms
    engine own-import total_ms per block median/p90/max 39/60/86 (n=475)
    layer RSS 26.2 -> 34.2 G (max 34.2), in-memory blocks max 10
    execution layer cores busy 34.9    validators cores busy 1.2
  window 3: canonical 459 blocks, 91.8M tx = 3,060,000/s (96.2% of window 1), full 459/459 (100%); cycle -
    leader builds 459: sealed_at median/p90/p99 61/77/96; phases median/p90 ms: gap_before_exec 2/5, state_wait 0/3, par 60/77, par_exec 30/35, roots 40/54, parent_fields 0/13, sealed 6/19
    state_wait_on {'none': 311, 'output': 135, 'open': 4, 'grandparent': 9}; builds with state_wait > 20 ms: 8 ([('grandparent', 8)]); gp_layer {1.0: 459}, ggp_missing {0.0: 450, 1.0: 9}
    queue at the builds min/median 2,314,000/2,519,000
    new field batch_cpu_sum_us: median/p90/max 487916.0/533988.0/1499441, nonzero 459
    new field batch_dispatch_us: median/p90/max 26.0/76.0/2164, nonzero 459
    new field batch_first_start_us: median/p90/max 16.0/28.0/50, nonzero 459
    new field batch_ivcsw: median/p90/max 0.0/5.0/22, nonzero 176
    new field batch_last_end_us: median/p90/max 29902.0/34728.0/59608, nonzero 459
    new field batch_last_start_us: median/p90/max 16159.0/18629.0/42275, nonzero 459
    new field batch_minflt: median/p90/max 1534.0/7419.0/19933, nonzero 459
    new field batch_threads: median/p90/max 32.0/32.0/32, nonzero 459
    new field batch_vcsw: median/p90/max 255.0/552.0/878, nonzero 459
    new field batch_wall_sum_us: median/p90/max 754757.0/860764.0/1657483, nonzero 459
    new field batches: median/p90/max 58.0/58.0/58, nonzero 459
    new field one_wave: {'false': 459}
    new field open_engine_us: median/p90/max 0.0/0.0/56265, nonzero 9
    new field open_fallback: {'false': 450, 'true': 9}
    new field open_keep_us: median/p90/max 3.0/5.0/9, nonzero 459
    new field open_layers: median/p90/max 3.0/3.0/3, nonzero 459
    new field open_provider_us: median/p90/max 107.0/152.0/835, nonzero 459
    new field plan_age_us: median/p90/max 55241.0/70787.0/110607, nonzero 459
    new field plan_ahead: median/p90/max 1.0/1.0/1, nonzero 459
    new field plan_discard: {'': 459}
    new field plan_prep_us: median/p90/max 7271.0/9433.0/18810, nonzero 459
    new field plan_topup_txs: median/p90/max 0.0/0.0/0, nonzero 0
    new field prev_seal_to_answer_us: median/p90/max 1429.0/2802.0/4842, nonzero 459
    new field prev_seal_to_entry_us: median/p90/max 0.0/0.0/0, nonzero 0
    new field prev_seal_to_header_us: median/p90/max 152.0/227.0/486, nonzero 459
    new field prev_seal_to_import_us: median/p90/max 119635.0/139733.0/166974, nonzero 455
    new field prev_seal_to_request_us: median/p90/max 874.0/1086.0/1397, nonzero 459
    new field prev_seal_to_start_us: median/p90/max 1161.0/1434.0/2185, nonzero 459
    new field pull_bulk_txs: median/p90/max 200000.0/200000.0/200000, nonzero 459
    new field pull_bulk_us: median/p90/max 830.0/1049.0/3545, nonzero 459
    new field root_apply_total_us: median/p90/max 25717.0/32789.0/66536, nonzero 459
    new field root_delta_us: median/p90/max 1082.0/3595.0/10882, nonzero 459
    new field root_index_us: median/p90/max 3098.0/8561.0/14376, nonzero 459
    new field root_leaves_us: median/p90/max 6587.0/13678.0/30505, nonzero 459
    new field root_note_us: median/p90/max 132.0/202.0/1401, nonzero 459
    new field root_rehash_us: median/p90/max 2565.0/5413.0/33919, nonzero 459
    new field root_retire_us: median/p90/max 1764.0/2637.0/13013, nonzero 459
    new field root_sort_us: median/p90/max 82.0/153.0/849, nonzero 459
    new field root_writes_us: median/p90/max 6542.0/11908.0/28178, nonzero 459
    new field sealed_unix_us: median/p90/max 1791250245783571.0/1791250257796329.0/1791250260765750, nonzero 459
    new field start_walk_check_us: median/p90/max 0.0/0.0/0, nonzero 0
    new field start_walk_ids_us: median/p90/max 0.0/0.0/0, nonzero 0
    new field start_walk_settle_us: median/p90/max 0.0/0.0/0, nonzero 0
    new field start_walk_us: median/p90/max 0.0/0.0/0, nonzero 0
    new field state_wait_us: median/p90/max 214.0/3521.0/57675, nonzero 459
    new field view_journal_reads: median/p90/max 0.0/65536.0/139264, nonzero 225
    new field view_journal_searches: median/p90/max 0.0/1194.0/2623, nonzero 225
    new field view_journal_skips: median/p90/max 0.0/182770.0/398209, nonzero 225
    engine own-import total_ms per block median/p90/max 39/62/84 (n=459)
    layer RSS 33.9 -> 41.4 G (max 41.4), in-memory blocks max 10
    execution layer cores busy 34.2    validators cores busy 1.2
  round total (3 windows, canonical): 282.2M tx
  layer peak RSS 41.4 G; in-memory blocks max 10
  fields at seal: mode "early", verified 0, unchecked 0, mismatches 0 (last build line, cumulative)
  own_executed_again (built here and also directly imported): 0 of 1460 built blocks
== loop341Jb
  layer-0 leader window-1 builds 478: txs mean 200000, share >= 95% of the tier 100% (max 200000); sealed_at_ms 59.0/72.0; par_ms 58.0/74.0; par_exec_ms 30.0/35.0; roots_ms 36.0/46.0; parent_fields_ms 0.0/8.0; sealed_ms 6.0/15.0
  proposal cycle window 1 (n=492): mean 63.0 median 61.5 p90 67.8 ms; blocks in the 30 s: 492
  binding wait (tick / quorum / seal, share and mean cycle): tick 95.4% (62.5); quorum 0%; seal 4.6% (69.5)
  vote delay after the proposal, slowest key per block: median 28.2 p90 51.8 ms (slowest minus the median key: median 0.2); last key: {1: 76, 2: 93, 3: 87, 4: 64, 5: 74, 6: 83} of 477 blocks
  CPU in window 1 (cores busy): execution layers 35.3 over 1 process(es); validators 1.2 over 7 process(es)
  execution layer peak RSS 41.4 G; in-memory blocks max 10 (node0 and others, all layers)
  blocks built here 1460; none also directly imported
  import-once counters at the last direct import: ; start-up lines with import_once=true: 1; queue-lock lines 0
  layer-0 queue (queued after canonical prune), median per 10 s: t+0:2511500 t+20:2508000 t+40:2458500 t+60:2514000 t+80:2497250
  flood: median per 5 s 3140270/s, final -
  timeout / given-up lines: 1; 01:29:02 v0 INFO process_event{view=1 kind="message"}: n42::cl::timeout: TC formed
loop341Jb page_faults_per_s_median: node0=165050 
feedcheck loop341Jb: ok (block 200,000 tx)
== loop341Jb: feed check (acq_us / gate_us / reply_us are per frame of 500; rate per 5 s `ingest` line)
  window 1: ingest lines 6; acq_us 472 (max 1255); gate_us 7038; reply_us 7602; slots_busy 13%; delivered median 3,195,326/s max 3,240,504/s; queue at builds median 2,517,000 min 2,161,000; full 100% of 477 blocks
  window 2: ingest lines 6; acq_us 466 (max 478); gate_us 7214; reply_us 7776; slots_busy 13%; delivered median 3,140,735/s max 3,238,418/s; queue at builds median 2,519,000 min 2,316,500; full 100% of 475 blocks
  window 3: ingest lines 6; acq_us 475 (max 476); gate_us 7544; reply_us 8110; slots_busy 13%; delivered median 3,080,835/s max 3,106,872/s; queue at builds median 2,519,000 min 2,314,000; full 100% of 459 blocks
  flood.log (+15..+100 s): rate per 5 s median 3,132,626/s max 3,254,124/s; reply latency median 61.2 ms max 64.5 ms
== loop341Jb: lanes lock, drain and pruner (new fields)
  window 1: lock duty 63.0% (max 64.0); holds/5s 1,986; longest hold 26.96 ms median, 56.28 ms max by crates/n42/tx-queue/src/lib.rs:2626 (most frequent holders [('crates/n42/tx-queue/src/lib.rs:1990', 5), ('crates/n42/tx-queue/src/lib.rs:2626', 1)]); lock wait 2592.4 ms/5s, longest 56.33 ms; drains/5s 740 of 21625 tx, mean 1885 us, max 28.57 ms
           prune (472 blocks): prune_ms 34/46; fold 0.6 ms, lock 0.0 ms, remove(hold) 9.8 ms, free 0.0 ms; frames_swept 400; coalesced on 472 of 472; prune_wait_ms 0/0; pruner busy 54% of a thread, lock held by it 1.2%
  window 2: lock duty 64.5% (max 66.0); holds/5s 2,016; longest hold 27.69 ms median, 30.71 ms max by crates/n42/tx-queue/src/lib.rs:2518 (most frequent holders [('crates/n42/tx-queue/src/lib.rs:1990', 4), ('crates/n42/tx-queue/src/lib.rs:2518', 1)]); lock wait 2697.1 ms/5s, longest 30.56 ms; drains/5s 746 of 21210 tx, mean 2018 us, max 21.96 ms
           prune (474 blocks): prune_ms 36/49; fold 0.6 ms, lock 0.0 ms, remove(hold) 11.5 ms, free 0.0 ms; frames_swept 400; coalesced on 474 of 474; prune_wait_ms 0/0; pruner busy 56% of a thread, lock held by it 1.1%
  window 3: lock duty 62.5% (max 64.0); holds/5s 1,972; longest hold 26.02 ms median, 29.17 ms max by crates/n42/tx-queue/src/lib.rs:1990 (most frequent holders [('crates/n42/tx-queue/src/lib.rs:1990', 6)]); lock wait 2523.9 ms/5s, longest 27.68 ms; drains/5s 750 of 20575 tx, mean 1894 us, max 22.62 ms
           prune (452 blocks): prune_ms 34/46; fold 0.5 ms, lock 0.0 ms, remove(hold) 10.6 ms, free 0.0 ms; frames_swept 400; coalesced on 452 of 452; prune_wait_ms 0/0; pruner busy 51% of a thread, lock held by it 1.0%
== loop341Jb: pruner (per block; busy = sum prune_ms / 30 s, lock = sum (remove_us + settle_us) / 30 s)
  window 1: 472 prunes; prune_ms 34/46; remove_us 9.8/20.0 ms; forget_us 2.9/4.5 ms; settle_us 3.2 ms; pruner busy 54% of a worker; lanes lock held for removal 24%
  window 2: 474 prunes; prune_ms 36/49; remove_us 11.5/22.1 ms; forget_us 3.0/4.6 ms; settle_us 3.1 ms; pruner busy 56% of a worker; lanes lock held for removal 26%
  window 3: 452 prunes; prune_ms 34/46; remove_us 10.6/20.8 ms; forget_us 3.0/4.6 ms; settle_us 3.0 ms; pruner busy 51% of a worker; lanes lock held for removal 24%
== loop341Jb: seal start / pull, prepared plan, answer, chunked drain
  window 1: 477 builds; start_best_ms 4/11; start_walk_us 0/0; start_pull_ms 0/0; par_pull_ms 0/0; par_start_ms 4/11; par_ms 58/73; sealed_at_ms 59/72; pull_bulk_us 770/997; pull_bulk_txs 200000/200000; plan_age_us 53888/66708; plan_prep_us 7142/9303; plan_topup_txs 0/0
           plan_ahead {'1': 477}; plan_discard {'': 477}
           answer: built-ahead bytes median/max 15,243/15,245, layout_only {'true': 478}; proposal sent bytes median/max 15,243/15,245, layout_only {'true': 477}
           drain: chunks/5s 574, chunk max 8,192 tx, finished by others/5s 58; plan_discards (last ingest line) -
  window 2: 476 builds; start_best_ms 4/13; start_walk_us 0/0; start_pull_ms 0/0; par_pull_ms 0/0; par_start_ms 5/13; par_ms 58/72; sealed_at_ms 60/71; pull_bulk_us 812/1000; pull_bulk_txs 200000/200000; plan_age_us 54506/65555; plan_prep_us 7208/9036; plan_topup_txs 0/0
           plan_ahead {'1': 475, '0': 1}; plan_discard {'': 475, 'not_on_its_parent': 1}
           answer: built-ahead bytes median/max 15,245/15,245, layout_only {'true': 476}; proposal sent bytes median/max 15,245/15,245, layout_only {'true': 475}
           drain: chunks/5s 595, chunk max 8,192 tx, finished by others/5s 62; plan_discards (last ingest line) -
  window 3: 459 builds; start_best_ms 4/12; start_walk_us 0/0; start_pull_ms 0/0; par_pull_ms 0/0; par_start_ms 4/13; par_ms 60/77; sealed_at_ms 61/77; pull_bulk_us 830/1049; pull_bulk_txs 200000/200000; plan_age_us 55241/70787; plan_prep_us 7271/9433; plan_topup_txs 0/0
           plan_ahead {'1': 459}; plan_discard {'': 459}
           answer: built-ahead bytes median/max 15,245/15,245, layout_only {'true': 459}; proposal sent bytes median/max 15,245/15,245, layout_only {'true': 460}
           drain: chunks/5s 624, chunk max 8,192 tx, finished by others/5s 56; plan_discards (last ingest line) -
== loop341Jb: persistence per window (ms per block = part sum / blocks persisted)
  window 1: persisted 473 of 477 produced (99%); total 31.5, sf_tx 28.3, sf_rcpt 6.2, sf_acct 13.3, sf_send 11.1, scope 28.4, qmdb 15.2, post 0.0, pre 3.1, plain_rev 3.1, commit_sf 0.7, commit_mdbx 0.1, commit_rocks 0.0; longest task sf_tx 28.3; in-memory 7 -> 10 (max 10); RSS 4.8 -> 26.2 G; lag 8 -> 9 = +2.0 blocks/min; bp max 0
  window 2: persisted 474 of 475 produced (100%); total 32.5, sf_tx 28.8, sf_rcpt 6.2, sf_acct 13.5, sf_send 10.8, scope 28.9, qmdb 17.2, post 0.0, pre 3.6, plain_rev 3.6, commit_sf 0.7, commit_mdbx 0.1, commit_rocks 0.1; longest task sf_tx 28.8; in-memory 10 -> 8 (max 10); RSS 26.2 -> 33.9 G; lag 9 -> 8 = -2.0 blocks/min; bp max 0
  window 3: persisted 459 of 459 produced (100%); total 35.6, sf_tx 31.7, sf_rcpt 6.5, sf_acct 13.7, sf_send 11.0, scope 31.7, qmdb 17.2, post 0.0, pre 3.8, plain_rev 3.8, commit_sf 0.8, commit_mdbx 0.1, commit_rocks 0.1; longest task sf_tx 31.7; in-memory 8 -> 8 (max 10); RSS 33.9 -> 41.1 G; lag 8 -> 8 = +0.0 blocks/min; bp max 0
  leg end: in-memory 8, max over the sampler 10, backpressure stalls 0
== loop341Jb: execution and root fields (median / p90 per block)
  window 1 (477 builds): on-CPU share 0.66/0.80; CPU per transfer 2.46/3.18 us; par_exec_ms 30/35; batch_max_ms 20/27; batch_median_ms 13/15; batch_minflt 985/5,329; batch_vcsw 252/472; batch_ivcsw 0/4; view_journal_reads 0/73,728; view_journal_searches 0/1,270; view_journal_skips 0/191,800; root_writes_us 6,317/10,692; root_delta_us 1,078/3,754; root_apply_total_us 23,123/29,557; root_sort_us 78/123; root_leaves_us 6,480/13,418; root_retire_us 1,566/2,375; root_index_us 2,945/8,080; root_rehash_us 1,392/2,739; root_note_us 133/215; roots_ms 36/46; seal_to_fields_us 51,988/62,074; sealed_at_ms 59/72
  window 2 (476 builds): on-CPU share 0.66/0.71; CPU per transfer 2.47/2.67 us; par_exec_ms 30/33; batch_max_ms 20/26; batch_median_ms 13/15; batch_minflt 1,226/5,744; batch_vcsw 250/489; batch_ivcsw 0/3; view_journal_reads 0/65,536; view_journal_searches 0/1,187; view_journal_skips 0/178,548; root_writes_us 6,560/12,242; root_delta_us 1,095/3,423; root_apply_total_us 24,859/32,651; root_sort_us 80/152; root_leaves_us 6,690/14,348; root_retire_us 1,648/2,470; root_index_us 3,063/8,673; root_rehash_us 1,983/4,515; root_note_us 132/209; roots_ms 39/50; seal_to_fields_us 54,923/64,967; sealed_at_ms 60/71
  window 3 (459 builds): on-CPU share 0.65/0.72; CPU per transfer 2.44/2.67 us; par_exec_ms 30/35; batch_max_ms 20/26; batch_median_ms 13/15; batch_minflt 1,534/7,419; batch_vcsw 255/552; batch_ivcsw 0/5; view_journal_reads 0/65,536; view_journal_searches 0/1,194; view_journal_skips 0/182,770; root_writes_us 6,542/11,908; root_delta_us 1,082/3,595; root_apply_total_us 25,717/32,789; root_sort_us 82/153; root_leaves_us 6,587/13,678; root_retire_us 1,764/2,637; root_index_us 3,098/8,561; root_rehash_us 2,565/5,413; root_note_us 132/202; roots_ms 40/54; seal_to_fields_us 55,809/70,692; sealed_at_ms 61/77
flood span 95 s; tokio-rt threads alive throughout 33 of 62; group 9.8 cores busy over them (all threads incl. short-lived 12.9)
  per-thread cores busy, top 12: 0.60 0.59 0.59 0.57 0.57 0.57 0.56 0.55 0.55 0.55 0.55 0.55; threads over 0.9 core: 0, over 0.7: 0
== loop341Jb: 1412 full builds in the 3 windows
  par_exec_ms 30/34; par_run_ms 32/38; batch_start_skew_ms 16/18; batch_median_ms 13/15; batch_max_ms 20/26; batch_first_start_us 17/28; batch_last_start_us 16196/18518; batch_dispatch_us 27/71; batch_last_end_us 29662/33984; batches 58/58; batch_threads 32/32; batch_txs_max 3500/3500; batch_txs_min 500/500; start_walk_ms 0/0; start_walk_check_ms 0/0; par_start_ms 5/12; sealed_at_ms 60/73; prev_seal_to_answer_us 1358/2482; prev_seal_to_entry_us 0/0; prev_seal_to_header_us 159/238; prev_seal_to_import_us 116328/136191; prev_seal_to_request_us 879/1070; prev_seal_to_start_us 1155/1384; start_walk_check_us 0/0; start_walk_ids_us 0/0; start_walk_settle_us 0/0; start_walk_us 0/0
  one_wave {'false': 1412}
  batches == batch_threads on 0 of 1412 builds
  last - first batch start (ms) median/p90 16.17/18.49; under 2 ms on 0 of 1412 builds
datadirs of this round wiped; /data free 1049G
released at 21:33
ALLDONE
