/data free 580G at launch
tree at dc47c35fc (test(fleet7): loop349 runner, launcher and reports (gossipsub queue bounds and d); box free at 08:00; builds:
built at 08:03; ingest/tx-types tests:
test result: ok. 65 passed; 0 failed; 0 ignored; 0 measured; 0 filtered out; finished in 1.06s
test result: ok. 21 passed; 0 failed; 4 ignored; 0 measured; 0 filtered out; finished in 8.88s
flood tests:
test result: ok. 8 passed; 0 failed; 1 ignored; 0 measured; 0 filtered out; finished in 0.80s
tests from 08:04 (no claim)
tests passed at 08:23: 2148 tests
built dc47c35fc+tree at 08:26
waiting for a quiet box from 08:26
claimed at 08:28 (1791462469): avail 96G load 2.16
tip dc47c35fc tree: 1 changed files; native n42 built 08:03:23, h2_validator 08:01:35, deferred n42 08:26:48; last source change 08:00:39 (crates/n42/h2-net/src/config.rs)
replay set for every leg: /data/n42-pregen/g900000-400m (senders 12500)
leg loop349WARM: /data free 580G (needs 120 G)
plan loop349WARM: exit 0 (7 validators, 1 layer(s)): # validators 7, execution layers 1, 208 CPUs a layer, import-once 1, shared 1; # validators : 16 CPUs set aside, taskset -c 104-111,232-239; # fleet    : 7 nodes, quorum 5 of 7 (f = 2); 0 refusals
leg loop349WARM start 08:28:10 load 2.16
round loop349WARM exit 0 at 08:31:31
loop349WARM save stages (node0, seconds summed over the leg / count): batch_size=2051.0/668  batch_size=2051.0/668  reth_consensus_engine_beacon_persistence_duration=57.4/668  duration_seconds=53.6/668  total=49.1/668  scope=44.3/668  sf=44.1/668  sf_transactions=43.9/668  qmdb_persisted=22.0/668  sf_account_changesets=20.6/668
el binary: /data/n42-build/target-n42-rs/native/release/n42 env: N42_IMPORT_ONCE=1 N42_SETTLEMENT_TAGS=legacy N42_BUILD_THROTTLE_SOFT=48 F7_EL_MAP=0,0,0,0,0,0,0 N42_FIELDS_AT_SEAL=1 N42_FREEZE_AFTER_SEAL=1 N42_FRAME_BLOCKS=1 N42_TX_INGEST_RECOVER_PARALLEL=24 N42_FREEZE_POOL=own N42_PARALLEL_BUILD_THREADS=32 N42_PLAN_AHEAD=1 N42_HASHED_TABLES=off F7_FLOOD_RATE=6000000 N42_COMPACT_BODY=1 N42_BUILD_BATCHES=128 MALLOC_CONF=thp:always,oversize_threshold:0,dirty_decay_ms:2000,background_thread:true N42_SEAL_ON_COUNTERS=1 N42_ACCOUNT_HISTORY=off N42_TAKE_COMPACT=1 N42_SF_EARLY_WRITEBACK=1 F7_VAL_NO_MALLOC_CONF=1 N42_ROAD_RUNTIME=1 N42_TX_INGEST_HIGH_WATER=2500000 F7_BENCH_POOL_SLOTS=3000000 N42_PLAN_AHEAD_BODY=1 N42_SEAL_AT_EXEC=1 N42_TX_QUEUE_DRAIN_CHUNK=8192 N42_ANSWER_LAYOUT_ONLY=1 N42_PULL_BY_FRAMES=1 N42_SF_PARALLEL_ENCODE=1 N42_BUILD_THROTTLE_HARD=80 N42_LIVE_INDEX_DEFER=1 RAYON_NUM_THREADS=16 F7_VAL_CPUS=16 N42_ROOT_OPS_AHEAD=1 TOKIO_WORKER_THREADS=16 N42_QMDB_READS=on N42_LEADER_LAYERS=3 N42_PERSIST_QMDB_IN_SCOPE=1 F7_BLOCK_INTERVAL_MS=60 F7_MEASURE_FROM_LOG=1
validator env: N42_IMPORT_ONCE=1 N42_SETTLEMENT_TAGS=legacy N42_BUILD_THROTTLE_SOFT=48 F7_EL_MAP=0,0,0,0,0,0,0 N42_FIELDS_AT_SEAL=1 N42_FREEZE_AFTER_SEAL=1 N42_FRAME_BLOCKS=1 N42_TX_INGEST_RECOVER_PARALLEL=24 N42_FREEZE_POOL=own N42_PARALLEL_BUILD_THREADS=32 N42_PLAN_AHEAD=1 N42_HASHED_TABLES=off F7_FLOOD_RATE=6000000 N42_COMPACT_BODY=1 N42_BUILD_BATCHES=128 N42_SEAL_ON_COUNTERS=1 N42_ACCOUNT_HISTORY=off N42_TAKE_COMPACT=1 N42_SF_EARLY_WRITEBACK=1 N42_ROAD_RUNTIME=1 N42_TX_INGEST_HIGH_WATER=2500000 F7_BENCH_POOL_SLOTS=3000000 N42_PLAN_AHEAD_BODY=1 N42_SEAL_AT_EXEC=1 N42_TX_QUEUE_DRAIN_CHUNK=8192 N42_ANSWER_LAYOUT_ONLY=1 N42_PULL_BY_FRAMES=1 N42_SF_PARALLEL_ENCODE=1 N42_BUILD_THROTTLE_HARD=80 N42_LIVE_INDEX_DEFER=1 RAYON_NUM_THREADS=16 F7_VAL_CPUS=16 N42_ROOT_OPS_AHEAD=1 TOKIO_WORKER_THREADS=16 N42_QMDB_READS=on N42_LEADER_LAYERS=3 N42_PERSIST_QMDB_IN_SCOPE=1 F7_MEASURE_FROM_LOG=1
loop349WARM once: start-up lines import_once=true 1; last direct-import counters 
loop349WARM imports: layers=1 direct_imports=0 canonical_blocks=4102 import_once_lines=1 (per layer: direct imports should equal canonical blocks for one execution per block)
grep: /data/blockchain/rust-fleet7-bench/node1/el.log: No such file or directory
grep: /data/blockchain/rust-fleet7-bench/node2/el.log: No such file or directory
grep: /data/blockchain/rust-fleet7-bench/node3/el.log: No such file or directory
grep: /data/blockchain/rust-fleet7-bench/node1/el.log: No such file or directory
grep: /data/blockchain/rust-fleet7-bench/node2/el.log: No such file or directory
grep: /data/blockchain/rust-fleet7-bench/node3/el.log: No such file or directory
cat: /data/blockchain/rust-fleet7-bench/node2/el.log: No such file or directory
cat: /data/blockchain/rust-fleet7-bench/node2/el.log: No such file or directory
cat: /data/blockchain/rust-fleet7-bench/node2/el.log: No such file or directory
cat: /data/blockchain/rust-fleet7-bench/node1/el.log: No such file or directory
cat: /data/blockchain/rust-fleet7-bench/node2/el.log: No such file or directory
cat: /data/blockchain/rust-fleet7-bench/node3/el.log: No such file or directory
Traceback (most recent call last):
  File [35m"<stdin>"[0m, line [35m4[0m, in [35m<module>[0m
[1;35mIndexError[0m: [35mlist index out of range[0m
loop349WARM no_variant=0 own_not_committed=0 tc=0 invalid_blocks=0 incomplete=0 gas_mismatch=0 direct_imports_failed=0 stuck_at_hashed_state=0 engine_idles_over_5s=0 proposals_given_up=0 tables_off_nodes=1 unanswered_reads=0 seal_first_total=1455 seal_first_direct=1455 direct_guard_errors=0 commit_ms_median=0 fold_ms_median=8 sealed_at_ms_median=51 state_ready_ms_median=93 build_total_ms_median=170 recover_us_median=0 par_exec_ms_median=21 par_exec_ms_median=21 giveback_filtered=0 giveback_offered_max=200000 seal_first=1455 reader_lag_max=9 reader_lag_warns=0 view_invalidated=0 el_sum_peak_g=41.6 el_max_peak_g=41.6 val_sum_peak_g=0.9 flood_peak_g=0.6 two_roads_blocks=0 two_roads_overlap_ms_median=- exec_on_output_declined=0 r1_collect_ms_median=5 proposal_at_ms_median=50 view_total_ms_median=61 import_exec_ms_median=- import_total_ms_median=- import_senders_ms_median=- import_convert_ms_median=- import_groups_median=- imports_over_600ms=0 min_avail_g=74.0 road_foreign_body_recv_ms=- road_foreign_body_decode_ms=- road_foreign_body_senders_ms=- road_foreign_body_parent_wait_ms=- road_foreign_body_check_ms=- road_foreign_body_total_ms=- road_new_payload_recv_ms=- road_new_payload_decode_ms=- road_new_payload_senders_ms=- road_new_payload_parent_wait_ms=- road_new_payload_check_ms=- road_new_payload_total_ms=- road_foreign_body_blocks=0 road_new_payload_blocks=0 fcu_answered=1888 fcu_in_flight_ms_median=0 fcu_queued_ms_median=0 fcu_queued_ms_max=104 fcu_refused=0 fcu_slow=2511 bodies_held=0 road_reuse_ms=- road_prepare_ms=- road_dispatch_ms=- road_convert_ms=- road_remember_ms=- road_header_ms=- road_fields_ms=- road_other_ms=- import_engine_ms_median=- gate_forced=0 gate_warns=0 flood_timeouts=0 canonical_min=4156 canonical_max=4157 chained_builds=2576 chain_lead_ms_median=57 chain_wait_ms_median=0 chain_started=2579 chain_discarded=2 chain_discard_reasons=_1_reason="the_build_was_aborted,_1_reason="the_chained_build_produced_nothing,_1_reason="the_execution_layer_produced_nothing chain_alias_warns=0 el_chained=2598 bodies_held_warns=0 el_build_refused=2 el_build_refused_reasons=_2_the_build_was_aborted queued_p5=2316000 queued_p50=2472000 road_compact_blocks=0 road_compact_recv_ms=- road_compact_assemble_ms=- road_compact_root_ms=- road_compact_miss_wait_ms=- road_compact_senders_ms=- road_compact_check_ms=- road_compact_other_ms=- road_compact_total_ms=- road_compact_misses_total= compact_refused_el=0 compact_fallbacks=0 compact_bytes_median=- pool_order9=12792 par_pull_ms_median=0 build_total_ms_median2=53 road_compact_filled_blocks=0 road_compact_filled_median=- road_compact_fill_ms_median=- need_txns=0 fill_failed=0 ingest_rate_gate_open_median=- ingest_gate_open_intervals=0 ingest_slots_busy_median=- flood_rate= fill_asked_proposer=0 fill_asked_other=0 loop_lines=3311 loop_unnamed_ms_median=48 loop_body_served_ms_median=- loop_txns_served_ms_median=- import_exec_ms_median2=- pip_partition_ms=- pip_env_ms=- pip_batch_ms=- pip_groups_ms=- pip_gas_ms=- pip_merge_ms=- pip_receipts_ms=- pip_drop_ms=- pip_other_ms=- pip_total_ms=- senders_indexed_median=- road_senders_ms_median=- road_total_ms_median=- pew_ms_median=- pew_ms_p90= gate_ms_median=- gate_ms_p90= root_ms_p50=- root_ms_p90= two_roads=0 not_on_output=0 not_on_output_why= ckpt_ms_first_q=2 ckpt_ms_last_q=51 ckpt_bytes_last=34834828 parent_still_importing=0 root_wait_ms_p50=- root_wait_ms_p90= tenures_low_seal=23 seal_first_share=0.99 empty_over_deep=0 near_empty_warns=0 no_seal_why=_1_why="the_parallel_step_built_nothing" par_skipped_median=- usable_p5=2315500 ckpt_replay_ms_last_q=14 candidates_zero=0 dropped_ingest=0 let_go_warns=0 let_go_reasons= parked_p50=0 parked_max=0 held_warns=0 park_capped_total=0 superseded_builds=1 empty_not_superseded=0 mass_park_warns=0 heads_lines=0 holes_lines=0 stale_parent_refusals=0 par_groups_p5=0 cancelled_decided=0 heads_nonce0=0 stale_unconfirmed= handovers=0 el_panics=0 decided_cancelled=0 min_window_blocks=460 road_desc_blocks=0 road_desc_total_ms=- road_desc_copy_ms=- desc_misses=0 fill_failed2=0 sf_par_collect_ms=0 sf_par_commit_ms=0 sf_par_fold_ms=8 sf_par_graft_ms=0 sf_par_prefault_ms=0 sf_par_exec_ms=21 sf_sealed_at_ms=51 sf_roots_ms=31 sf_state_ready_ms=93 sf_total_ms=170 ba_find_ms=0 ba_queue_ms=0 ba_total_ms=53 ba_on_output=1454 queue_fold_us=0 queue_lock_us=193 sf_par_exec_ms=21 sf_par_fold_ms=8 pip_groups_ms=- import_exec_ms_median2=- reads_d0=0 reads_hist=0 f_reads_d0=- f_reads_hist=- f_overlay_depth=- L_read_set_ms=0 read_set_accounts=0 read_set_unresolved=0 read_set_hits=0 read_set_misses=0 start_best_ms=- par_prep_ms=- gap_before_exec_ms=- gap_after_exec_ms=- gap_before_seal_ms=- index_ms=- road_copy_aside_ms=- road_copy_wait_ms=- road_total_ms=- queue_first_miss=queue_first_miss=0:2634,queue_first_miss=18446744073709551615:1466 root_append_behind=0 populate_lag_mb=0 swap_used_g=0 root_faults=- root_faults_p90= root_faults_entries=0 root_faults_offsets=0 root_faults_index=0 root_faults_bits=0 root_faults_twigs=0 root_faults_undo=0 root_faults_tmp=0 root_append_faults=6 root_twig_pool_misses=0 batch_max_ms=8 batch_min_ms=2 batch_median_ms=4 batch_cpu_max_ms=8 batch_txs_max=2000 batch_txs_min=1500 batch_start_skew_ms=17 batch_wait_ms=0 loop_fetch_ns=0 loop_check_ns=0 loop_transfer_ns=0 loop_receipt_ns=0 loop_gas_ns=0 loop_sink_ns=0 loop_other_ns=0 batch_setup_ns=0 batch_close_ns=0 imp_exec_part_ms=- imp_exec_batches_ms=- imp_exec_graft_ms=- imp_exec_batches=- imp_exec_threads=- imp_exec_batch_max_ms=- imp_exec_batch_median_ms=- imp_parent_output_wait_ms=- road_parent_output_wait_ms=- next_start_gap_ms=1 next_entry_gap_ms=0 commit_body_ahead_used=- imp_exec_keys_ms=- imp_keys_ahead=- imp_exec_sink_ms=- imp_exec_pre_ms=- imp_exec_post_ms=- imp_exec_receipts_ms=- imp_exec_drop_ms=- root_gap_ms=- queue_whole=queue_whole=false:2634,queue_whole=true:1466 tick_tick_late_us=995 tick_preamble_us=339 tick_take_sealed_us=1 tick_sign_us=0 tick_cache_us=0 tick_presealed=- tick_describe_us=9 tick_publish_us=598 tick_tick_to_send_us=2013 road_check_ms=- road_check_include_us=- road_check_scan_us=- road_check_fold_us=- road_check_senders_us=- road_check_frames_summarized=- road_check_frames_scanned=- imp_exec_start_gap_us=- imp_gap_road_us=- imp_gap_header_us=- imp_gap_senders_us=- imp_gap_parent_us=- imp_gap_setup_us=- imp_gap_keys_wait_us=- sealed_at_p90= sealed_over_130=0 roots_ms=- cycle_p90= batch_max_ms=- batch_median_ms=- imp_batch_max=- forest_lock_warns=1554 root_seal_ms=1 root_seals=40 root_majflt=3 roots_p90= gp_layer=1463 ggp_missing=247 state_wait_split=0/0/0/0:439,9/0/0/0:91,8/0/0/0:69 qmdb_releases=0 state_wait_on= imp_road_end_ms=- imp_exec_start_ms=- imp_exec_end_ms=- imp_root_end_ms=- imp_fields_ready_ms=- imp_parent_fields_wait_ms=- imp_exec_ms=- imp_root_ms=- imp_checks_ms=- imp_engine_ms=- imp_total_ms=- road_parent_fields_wait_ms=- exec_read_ms=0 L_exec_evm_ms=0 L_exec_write_ms=0 L_exec_other_ms=0 L_reads_cache=0 L_reads_provider=0 L_reads_view=0 L_graft_base_ms=0 L_graft_reserve_ms=0 L_graft_insert_ms=0 L_graft_reverts_ms=0 L_graft_other_ms=0 L_par_exec_ms=21 L_par_graft_ms=0 F_exec_read_ms=- F_exec_evm_ms=- F_exec_write_ms=- F_exec_other_ms=- F_reads_cache=- F_reads_provider=- F_reads_view=- F_groups_ms=- L_tx_root_wait_ms=0 L_par_exec_ms=21 L_par_graft_ms=0 L_par_fold_ms=8 L_sealed_ms=7 L_state_ready_ms=93 L_roots_ms=31 L_finish_ms=102 L_total_ms=170 L_setup_ms=0 L_par_pull_ms=0 L_give_back_ms=0 L_state_wait_ms=8 L_state_after_pull=1455 L_seal_at_exec=1455 L_tx_root_ahead=0 flood_w1=3218729 txs_p10=200000 acq_us=469 slots_busy=13 ingest_rate=3111357 L_scope_join_ms=0 L_par_release_ms=0 L_commit_body_ms=0 L_par_commit_ms=0 L_give_back_ms=0 L_sealed_ms=7 L_par_exec_ms=21 L_state_wait_ms=8 L_par_pull_ms=0 L_par_prep_ms=0 L_par_start_ms=3 L_pre_exec_ms=0 L_par_run_ms=31 L_sealed_at_ms=51 F_partition_ms=- F_env_ms=- F_groups_ms=- F_merge_ms=- F_reverts_wait_ms=- F_ahead_wait_ms=- F_total_ms=- I_engine_ms=- I_root_ms=- I_total_ms=- H_engine_remember_ms=- H_engine_listing_ms=- H_engine_new_payload_ms=- busy_us=1 L_par_start_ms=3 L_start_handoff_ms=0 L_start_best_ms=3 L_start_puller_ms=0 L_par_pull_ms=0 L_par_prep_ms=0 L_state_wait_ms=8 L_par_exec_ms=21 L_par_commit_ms=0 L_sealed_ms=7 L_sealed_at_ms=51 L_par_graft_ms=0 L_graft_insert_ms=0 L_graft_reverts_ms=0 L_graft_split_us=0 L_graft_build_us=0 L_graft_merge_us=0 L_state_ready_ms=93 Q_queue_ms=0 R_dispatch_wait_ms=- R_total_ms=- R_road_runtime=1 gate_holds=0 peer_fetch=0 pool_limit=limit=4 gate_opened=gate_opened_for_block=0 I_root_ms=- flood_rate_hdr=rate=6000000/s fills=0 fill_waited=- slots_busy=13 acq_us=469 busy_us=1 converged=0 fallbacks=0 busy_us=1 recover_us=0 tf_on_output=4 tf_fallback=0 still_importing=0 busy_us=1 slots_busy=13 batches=altsig_txs=0 altsig_batches=0 tf_on_output=4 tf_fallback=0 gate_holds=0 sign_s=sign 0s replay_note=replay       : 64 files from /data/n42-pregen/g900000-400m, 400000000 transactio sign_s=sign 0s shard=shard_verified=0 shard_claimed=0 road_verified=- slots_busy=13 gate_us=7067 reply_us=7633 queued=2472000 assemble_ms=- road_take_ms=- road_body_ms=- road_encode_ms=- shards=16 shard_insert_ms=0 shard_wait_ms=0 shard_fold_ms=14 shard_append_ms=16 shard_merge_ms=57 state_ready_ms=93 roots_ms=31 exec_read_ms=0 exec_evm_ms=0 exec_write_ms=0 exec_other_ms=0 reads_cache=0 reads_provider=0 reads_view=0 par_run_ms=31 fold_task_cpu_max_us=14370 fold_task_minflt_max=1 fold_task_minflt_sum=1 fold_task_migrated=0 fold_task_nivcsw_max=0 fold_index=1 fold_index_build_ms=14 fold_index_conflicts=8061 fold_queue_us=65 fold_skew_us=36 fold_task_max_us=14366 fold_tail_us=20 start_best_ms=3 start_select_ms=0 start_walk_ms=0 start_walk_check_ms=0 start_best_other_ms=0 start_frames_by_ref=0 start_frames_slow=0 start_pull_ms=0 start_other_ms=0 start_handoff_ms=0 par_start_ms=3 par_prep_ms=0 par_commit_ms=0 commit_body_ms=0 par_fold_ms=8 sealed_ms=7 copy_ms=- prune_ms=0 frames=- frames_missing=- frame_root_ms=- root_ms=- frames_admitted=frames_admitted=581717 frames_unaligned=0 frame_root_indexed=- seal_layout_ms=0 seal_root_ms=0 attested= busy_us=1 slots_busy=13 reply_us=7633 prune_ms=0 body_refused=0 body_failed_late=0
loop349WARM win1 tps=3,160,000 txs=94,800,000 blocks= 474 cycle=0.063s occupancy=100.0% full(>=95%)=474/474 basefee=n/a (from the layer's log)
loop349WARM win2 tps=3,120,000 txs=93,600,000 blocks= 468 cycle=0.064s occupancy=100.0% full(>=95%)=468/468 basefee=n/a (from the layer's log)
loop349WARM win3 tps=3,066,667 txs=92,000,000 blocks= 460 cycle=0.065s occupancy=100.0% full(>=95%)=460/460 basefee=n/a (from the layer's log)
loop349WARM tps=3,160,000 round_txs=280400000 cycles_w1=
loop349WARM imp_fields_p90= b_p75=5
loop349WARM overlay: filter_skips=0 probes=0 ratio=- (ratio = skips/(skips+probes))
loop349WARM overlay_manager:       1 state_trie_overlay=false  state-ovly_cpu=0
loop349WARM verify: written to /data/blockchain/rust-fleet7-bench/bench-loop349WARM/verify.json
== validator memory at flood +70 s (loop349WARM)
validators 7: RSS sum 0.9 G, max 0.16 G, mean 0.13 G; threads 273 (mean 39)
one validator (pid 1580575):
VmHWM:	  122616 kB
VmRSS:	  122616 kB
RssAnon:	  106760 kB
RssFile:	   15856 kB
RssShmem:	       0 kB
Threads:	39
Rss:              122616 kB
Private_Dirty:    106760 kB
Anonymous:        106760 kB
AnonHugePages:         0 kB
threads by name:
     33 h2_validator
      4 tokio-rt-worker
      1 n42-qmdb-prefau
      1 futures-timer
largest mappings by Rss:
55264  7a53b2000000-7a53bae00000
15320  7a53beb00000-7a53bfc00000
13160  7a53bdc00000-7a53bea00000
10980 /data/n42-build/target-n42-rs/native/release/examples/h2_validator 63ca52d8f000-63ca53c29000
7284  7a53bcb00000-7a53bd600000
5396  7a53c2380000-7a53c4600000
3256  7a53bfd00000-7a53c0600000
2360  7a53c9e00000-7a53ca200000
RssAnon of all validators (MB):
anon n=7 min 106 median 107 max 140 MB, sum 0.8 G
RSS of all validators, sorted:
min 122.04 MB median 122.396 MB max 155.388 MB
== many-keys report loop349WARM
== loop349WARM: 7 validator logs, f=2, quorum 5
1. the leaders' commit lines
  R1_collect (proposal -> prepare QC): n=4443 p50 5.0 p90 27.0 p99 78.0 max 132.0 ms
  R2_collect (prepare QC -> commit QC): n=4443 p50 5.0 p90 6.0 p99 12.0 max 18.0 ms
  total (proposal -> commit): n=4443 p50 61.0 p90 71.0 p99 130.0 max 724.0 ms
  votes at formation: R1 median 5 max 5 (quorum 5); R2 median 5 max 5
2. vote collection at the traced leaders (first vote -> quorum -> last vote)
 R1 (vote), 3071 views:
    proposal -> first vote: n=3071 p50 2.3 p90 33.5 p99 80.3 max 129.4 ms
    first vote -> quorum: n=3071 p50 2.1 p90 2.3 p99 2.7 max 12.1 ms
    quorum -> last vote: n=3071 p50 1.8 p90 2.0 p99 8.3 max 11.4 ms
    proposal -> last vote (the slowest key): n=3071 p50 6.3 p90 38.3 p99 84.8 max 133.5 ms
   views with fewer than 6 votes received: 0
 R2 (commit_vote), 3071 views:
    proposal -> first vote: n=3071 p50 8.3 p90 40.4 p99 87.0 max 135.3 ms
    first vote -> quorum: n=3071 p50 2.1 p90 2.3 p99 2.5 max 4.8 ms
    quorum -> last vote: n=3071 p50 0.9 p90 0.9 p99 1.1 max 10.1 ms
    proposal -> last vote (the slowest key): n=3071 p50 11.3 p90 43.6 p99 89.9 max 138.5 ms
   views with fewer than 6 votes received: 0
3. the straggler rule and the loop
  proposal interval (same leader, consecutive views): n=4439 p50 61.4 p90 62.3 p99 89.1 max 721.8 ms; >= 500 ms: 1
  no `slow step` lines
4. gossip propagation (proposal sent -> received at a traced follower)
    proposal arrival delay: n=10261 p50 0.2 p90 0.3 p99 0.8 max 13.3 ms
4b. the new fields (docs/E1_MANY_KEYS.md section 6), leaders' `block committed!` and `proposal sent` lines
    verify_us: n=4443 p50 6503.0 p90 6737.0 p99 6966.0 max 7380.0 us
    verify_n: n=4443 p50 10.0 p90 10.0 p99 10.0 max 10.0 
    verify_batches: n=4443 p50 0.0 p90 0.0 p99 0.0 max 0.0 
  verify_fallbacks: total 0 over 4443 blocks
    inbound_queue_max: n=4443 p50 0.0 p90 0.0 p99 0.0 max 0.0 
    gossip_poll_us: n=4443 p50 346.0 p90 386.0 p99 581.0 max 1301.0 us
  straggler_waits (cumulative per leader log, summed over 5 leaders): 0; waits with straggler_wait_us > 0: 0 of 4444 proposals, none
  direct votes at the leaders: received 0 (duplicates dropped 0); sent by those nodes 0, fallbacks to gossip 0; leaders led 4444 views = 53328 vote messages expected (2 rounds x 6); direct share of those 0.0%
5. validators
validators n=7: cpu total 1.18 cores, per key mean 0.168 median 0.155 max 0.201 (key 1) min 0.155; rss per key peak mean 0.132 max 0.188 G, sum of peaks 0.9 G; threads per key mean 39, total 273
libp2p connections (last census of 5): 36 in all (a full mesh of 7 is 21); sockets per process min 4 median 6 max 6
== loop349WARM  (E=1: seven validator keys on one execution layer)
  window 1: canonical 475 blocks, 95.0M tx = 3,166,667/s (100.0% of window 1), full 474/475 (100%); cycle mean/median/p90 63.2/61.4/69.0 ms
    leader builds 475: sealed_at median/p90/p99 49/70/95; phases median/p90 ms: gap_before_exec 7/40, state_wait 7/40, par 51/79, par_exec 21/26, roots 29/41, parent_fields 4/18, sealed 5/19
    state_wait_on {'output': 256, 'grandparent': 62, 'none': 155, 'open': 2}; builds with state_wait > 20 ms: 84 ([('grandparent', 61), ('output', 23)]); gp_layer {1.0: 475}, ggp_missing {0.0: 410, 1.0: 65}
    queue at the builds min/median 910,000/2,518,000
    new field batch_cpu_sum_us: median/p90/max 597493.0/729351.0/1353908, nonzero 475
    new field batch_dispatch_us: median/p90/max 217.0/306.0/846, nonzero 475
    new field batch_first_start_us: median/p90/max 80.0/127.0/247, nonzero 475
    new field batch_ivcsw: median/p90/max 1.0/6.0/33, nonzero 300
    new field batch_last_end_us: median/p90/max 21607.0/26855.0/48221, nonzero 475
    new field batch_last_start_us: median/p90/max 17018.0/20719.0/40658, nonzero 475
    new field batch_live_deferred: median/p90/max 73.0/80.0/88, nonzero 475
    new field batch_live_lock_hold_us: median/p90/max 10324.0/11980.0/14182, nonzero 475
    new field batch_live_lock_wait_us: median/p90/max 0.0/0.0/0, nonzero 0
    new field batch_live_lock_waits: median/p90/max 0.0/0.0/0, nonzero 0
    new field batch_majflt: median/p90/max 0.0/0.0/0, nonzero 0
    new field batch_minflt: median/p90/max 694.0/8730.0/26228, nonzero 475
    new field batch_open_max_us: median/p90/max 414.0/499.0/2580, nonzero 475
    new field batch_open_sum_us: median/p90/max 10227.0/12670.0/16881, nonzero 475
    new field batch_threads: median/p90/max 32.0/32.0/32, nonzero 475
    new field batch_vcsw: median/p90/max 179.0/487.0/1036, nonzero 475
    new field batch_view_index_wait_us: median/p90/max 0.0/19773.0/54546, nonzero 105
    new field batch_view_index_waits: median/p90/max 0.0/264.0/711, nonzero 105
    new field batch_view_slot_wait_us: median/p90/max 0.0/2217.0/4731, nonzero 112
    new field batch_view_slot_waits: median/p90/max 0.0/55.0/185, nonzero 112
    new field batch_wall_sum_us: median/p90/max 612206.0/749635.0/1356303, nonzero 475
    new field batches: median/p90/max 128.0/128.0/128, nonzero 475
    new field build_batches: median/p90/max 128.0/128.0/128, nonzero 475
    new field carried_depth: median/p90/max 1.0/1.0/1, nonzero 475
    new field exec_end_to_seal_us: median/p90/max 92.0/145.0/372, nonzero 475
    new field exec_partition_us: median/p90/max 6.0/8.0/1333, nonzero 475
    new field exec_prepared_groups: {'true': 473, 'false': 2}
    new field exec_prepared_slots: {'true': 473, 'false': 2}
    new field exec_slots_us: median/p90/max 0.0/0.0/1346, nonzero 3
    new field freeze_join_wait_us: median/p90/max 9363.0/18694.0/33734, nonzero 475
    new field freeze_late: {'true': 475}
    new field freeze_pool_own: {'true': 475}
    new field live_index_defer: {'true': 475}
    new field merge_accounts: median/p90/max 190835.0/195194.0/198496, nonzero 475
    new field merge_append_us: median/p90/max 3618.0/7222.0/18321, nonzero 475
    new field merge_early: {'false': 475}
    new field merge_join_wait_us: median/p90/max 0.0/0.0/0, nonzero 0
    new field merge_reverts: median/p90/max 190835.0/195194.0/198496, nonzero 475
    new field merge_reverts_us: median/p90/max 14728.0/19392.0/37231, nonzero 475
    new field merge_state_us: median/p90/max 37493.0/45279.0/69051, nonzero 475
    new field merge_tail_us: median/p90/max 0.0/0.0/1, nonzero 2
    new field merge_threads: median/p90/max 1.0/1.0/1, nonzero 475
    new field one_wave: {'false': 475}
    new field open_engine_us: median/p90/max 0.0/27834.0/73931, nonzero 65
    new field open_fallback: {'false': 410, 'true': 65}
    new field open_keep_us: median/p90/max 6.0/10.0/36, nonzero 475
    new field open_kept_accounts: median/p90/max 572686.0/583036.0/591668, nonzero 475
    new field open_layers: median/p90/max 3.0/3.0/3, nonzero 475
    new field open_provider_us: median/p90/max 97.0/171.0/425, nonzero 475
    new field plan_age_us: median/p90/max 47237.0/99868.0/122964, nonzero 475
    new field plan_ahead: median/p90/max 1.0/1.0/2, nonzero 475
    new field plan_body: median/p90/max 1.0/1.0/2, nonzero 474
    new field plan_body_us: median/p90/max 16138.0/19362.0/23642, nonzero 473
    new field plan_discard: {'': 475}
    new field plan_prep_us: median/p90/max 6619.0/12314.0/29603, nonzero 475
    new field plan_topup_txs: median/p90/max 0.0/0.0/142000, nonzero 1
    new field prep_from_plan: {'true': 473, 'false': 2}
    new field prev_seal_to_answer_us: median/p90/max 1687.0/2613.0/5345, nonzero 475
    new field prev_seal_to_entry_us: median/p90/max 0.0/0.0/0, nonzero 0
    new field prev_seal_to_header_us: median/p90/max 201.0/325.0/534, nonzero 475
    new field prev_seal_to_import_us: median/p90/max 110030.0/141674.0/225843, nonzero 439
    new field prev_seal_to_request_us: median/p90/max 949.0/68328.0/80185, nonzero 475
    new field prev_seal_to_start_us: median/p90/max 1248.0/68574.0/80406, nonzero 475
    new field pull_bulk_txs: median/p90/max 200000.0/200000.0/200000, nonzero 475
    new field pull_bulk_us: median/p90/max 5.0/9.0/959, nonzero 475
    new field receipts_late: {'false': 475}
    new field receipts_late_wait_us: median/p90/max 0.0/0.0/0, nonzero 0
    new field rename_fallbacks: median/p90/max 0.0/0.0/0, nonzero 0
    new field rename_record_waits: median/p90/max 0.0/0.0/0, nonzero 0
    new field root_apply_gap_us: median/p90/max 10.0/12.0/21, nonzero 475
    new field root_apply_total_us: median/p90/max 20648.0/28256.0/42335, nonzero 475
    new field root_compute_us: median/p90/max 22975.0/31384.0/44281, nonzero 475
    new field root_delta_us: median/p90/max 1140.0/3637.0/10884, nonzero 475
    new field root_index_us: median/p90/max 2694.0/4823.0/16639, nonzero 475
    new field root_leaves_us: median/p90/max 6758.0/11036.0/20477, nonzero 475
    new field root_note_us: median/p90/max 146.0/225.0/479, nonzero 475
    new field root_ops_ahead: {'true': 475}
    new field root_ops_ahead_wait_us: median/p90/max 2537.0/7833.0/21741, nonzero 475
    new field root_ops_concat_us: median/p90/max 0.0/0.0/0, nonzero 0
    new field root_ops_encode_us: median/p90/max 5314.0/9005.0/21166, nonzero 475
    new field root_ops_finish_us: median/p90/max 2250.0/2921.0/9362, nonzero 475
    new field root_ops_sort_us: median/p90/max 2997.0/6644.0/21967, nonzero 475
    new field root_ops_us: median/p90/max 4993.0/10659.0/24148, nonzero 475
    new field root_rehash_us: median/p90/max 1399.0/1923.0/14553, nonzero 475
    new field root_retire_us: median/p90/max 1474.0/2505.0/8468, nonzero 475
    new field root_sort_us: median/p90/max 185.0/406.0/4778, nonzero 475
    new field root_undo_us: median/p90/max 324.0/721.0/4030, nonzero 475
    new field root_writes_us: median/p90/max 6692.0/9487.0/22895, nonzero 475
    new field seal_hashes_ahead: {'true': 475}
    new field seal_on_counters: {'true': 475}
    new field seal_to_complete_us: median/p90/max 106831.0/122759.0/152245, nonzero 475
    new field seal_to_frozen_us: median/p90/max 9326.0/18574.0/33699, nonzero 385
    new field seal_to_merge_end_us: median/p90/max 106742.0/122667.0/152125, nonzero 475
    new field seal_to_merge_start_us: median/p90/max 48978.0/61019.0/76027, nonzero 475
    new field seal_to_ops_ahead_us: median/p90/max 20795.0/31374.0/45624, nonzero 475
    new field seal_to_shards_ready_us: median/p90/max 14410.0/23575.0/36947, nonzero 475
    new field seal_to_state_ready_us: median/p90/max 106748.0/122676.0/152133, nonzero 475
    new field sealed_unix_us: median/p90/max 1791462609001644.0/1791462621359558.0/1791462624258116, nonzero 475
    new field start_walk_check_us: median/p90/max 0.0/0.0/150, nonzero 1
    new field start_walk_ids_us: median/p90/max 0.0/0.0/84, nonzero 1
    new field start_walk_settle_us: median/p90/max 0.0/0.0/0, nonzero 0
    new field start_walk_us: median/p90/max 0.0/0.0/4129, nonzero 1
    new field state_wait_us: median/p90/max 7310.0/40172.0/86565, nonzero 475
    new field view_journal_reads: median/p90/max 0.0/81920.0/163840, nonzero 237
    new field view_journal_searches: median/p90/max 0.0/226912.0/446432, nonzero 237
    new field view_journal_skips: median/p90/max 0.0/0.0/0, nonzero 0
    new field whole_take_noted: {'true': 475}
    binding wait (tick / quorum / seal share, mean cycle): tick 100% (63); quorum 0% (140); seal 0% (68); feed-bound (blocks under 95% of the tier): 1 of 475
    slowest key vote delay median/p90 4.0/51.1 ms
    engine own-import total_ms per block median/p90/max 34/53/81 (n=474)
    layer RSS 4.8 -> 26.6 G (max 26.9), in-memory blocks max 10
    execution layer cores busy 34.8    validators cores busy 1.2
    flood delivered (median per 5 s over the leg) 3,143,424/s
  window 2: canonical 468 blocks, 93.6M tx = 3,120,000/s (98.5% of window 1), full 468/468 (100%); cycle mean/median/p90 61.5/61.9/65.2 ms
    leader builds 467: sealed_at median/p90/p99 51/67/88; phases median/p90 ms: gap_before_exec 6/22, state_wait 6/22, par 51/70, par_exec 21/27, roots 32/45, parent_fields 8/23, sealed 9/24
    state_wait_on {'output': 265, 'none': 156, 'layer_release': 1, 'grandparent': 44, 'open': 1}; builds with state_wait > 20 ms: 50 ([('grandparent', 34), ('output', 16)]); gp_layer {1.0: 467}, ggp_missing {0.0: 419, 1.0: 48}
    queue at the builds min/median 2,248,500/2,517,000
    new field batch_cpu_sum_us: median/p90/max 594839.0/719875.0/1617461, nonzero 467
    new field batch_dispatch_us: median/p90/max 218.0/306.0/497, nonzero 467
    new field batch_first_start_us: median/p90/max 79.0/128.0/251, nonzero 467
    new field batch_ivcsw: median/p90/max 1.0/6.0/35, nonzero 256
    new field batch_last_end_us: median/p90/max 21570.0/27169.0/54947, nonzero 467
    new field batch_last_start_us: median/p90/max 17012.0/20319.0/48799, nonzero 467
    new field batch_live_deferred: median/p90/max 73.0/80.0/136, nonzero 467
    new field batch_live_lock_hold_us: median/p90/max 10482.0/12114.0/19496, nonzero 467
    new field batch_live_lock_wait_us: median/p90/max 0.0/0.0/0, nonzero 0
    new field batch_live_lock_waits: median/p90/max 0.0/0.0/0, nonzero 0
    new field batch_majflt: median/p90/max 0.0/0.0/0, nonzero 0
    new field batch_minflt: median/p90/max 871.0/10878.0/26771, nonzero 467
    new field batch_open_max_us: median/p90/max 399.0/484.0/807, nonzero 467
    new field batch_open_sum_us: median/p90/max 9889.0/12194.0/16295, nonzero 467
    new field batch_threads: median/p90/max 32.0/32.0/32, nonzero 467
    new field batch_vcsw: median/p90/max 185.0/530.0/1147, nonzero 467
    new field batch_view_index_wait_us: median/p90/max 0.0/23762.0/67809, nonzero 106
    new field batch_view_index_waits: median/p90/max 0.0/308.0/840, nonzero 106
    new field batch_view_slot_wait_us: median/p90/max 0.0/2206.0/5312, nonzero 116
    new field batch_view_slot_waits: median/p90/max 0.0/57.0/125, nonzero 116
    new field batch_wall_sum_us: median/p90/max 610161.0/727853.0/1619852, nonzero 467
    new field batches: median/p90/max 128.0/128.0/128, nonzero 467
    new field build_batches: median/p90/max 128.0/128.0/128, nonzero 467
    new field carried_depth: median/p90/max 1.0/1.0/1, nonzero 467
    new field exec_end_to_seal_us: median/p90/max 98.0/155.0/405, nonzero 467
    new field exec_partition_us: median/p90/max 6.0/9.0/1761, nonzero 467
    new field exec_prepared_groups: {'true': 464, 'false': 3}
    new field exec_prepared_slots: {'true': 464, 'false': 3}
    new field exec_slots_us: median/p90/max 0.0/0.0/1268, nonzero 3
    new field freeze_join_wait_us: median/p90/max 7495.0/16545.0/37286, nonzero 467
    new field freeze_late: {'true': 467}
    new field freeze_pool_own: {'true': 467}
    new field live_index_defer: {'true': 467}
    new field merge_accounts: median/p90/max 192843.0/195936.0/198162, nonzero 467
    new field merge_append_us: median/p90/max 3229.0/7245.0/18253, nonzero 467
    new field merge_early: {'false': 467}
    new field merge_join_wait_us: median/p90/max 0.0/0.0/0, nonzero 0
    new field merge_reverts: median/p90/max 192843.0/195936.0/198162, nonzero 467
    new field merge_reverts_us: median/p90/max 14572.0/19632.0/30116, nonzero 467
    new field merge_state_us: median/p90/max 38935.0/45759.0/71287, nonzero 467
    new field merge_tail_us: median/p90/max 0.0/0.0/1, nonzero 3
    new field merge_threads: median/p90/max 1.0/1.0/1, nonzero 467
    new field one_wave: {'false': 467}
    new field open_engine_us: median/p90/max 0.0/4366.0/65308, nonzero 48
    new field open_fallback: {'false': 419, 'true': 48}
    new field open_keep_us: median/p90/max 6.0/10.0/5527, nonzero 467
    new field open_kept_accounts: median/p90/max 578165.0/584937.0/589988, nonzero 467
    new field open_layers: median/p90/max 3.0/3.0/3, nonzero 467
    new field open_provider_us: median/p90/max 97.0/180.0/547, nonzero 467
    new field plan_age_us: median/p90/max 48044.0/97668.0/128078, nonzero 466
    new field plan_ahead: median/p90/max 1.0/1.0/1, nonzero 466
    new field plan_body: median/p90/max 1.0/1.0/2, nonzero 466
    new field plan_body_us: median/p90/max 16042.0/19272.0/24113, nonzero 464
    new field plan_discard: {'': 466, 'not_on_its_parent': 1}
    new field plan_prep_us: median/p90/max 7114.0/13508.0/26589, nonzero 466
    new field plan_topup_txs: median/p90/max 0.0/0.0/0, nonzero 0
    new field prep_from_plan: {'true': 464, 'false': 3}
    new field prev_seal_to_answer_us: median/p90/max 1670.0/2767.0/4740, nonzero 466
    new field prev_seal_to_entry_us: median/p90/max 0.0/0.0/0, nonzero 0
    new field prev_seal_to_header_us: median/p90/max 196.0/300.0/584, nonzero 466
    new field prev_seal_to_import_us: median/p90/max 117911.0/144327.0/203797, nonzero 446
    new field prev_seal_to_request_us: median/p90/max 931.0/67070.0/153404, nonzero 466
    new field prev_seal_to_start_us: median/p90/max 1232.0/67387.0/153580, nonzero 466
    new field pull_bulk_txs: median/p90/max 200000.0/200000.0/200000, nonzero 467
    new field pull_bulk_us: median/p90/max 5.0/8.0/1276, nonzero 467
    new field receipts_late: {'false': 467}
    new field receipts_late_wait_us: median/p90/max 0.0/0.0/0, nonzero 0
    new field rename_fallbacks: median/p90/max 0.0/0.0/0, nonzero 0
    new field rename_record_waits: median/p90/max 0.0/0.0/0, nonzero 0
    new field root_apply_gap_us: median/p90/max 11.0/13.0/21, nonzero 467
    new field root_apply_total_us: median/p90/max 22578.0/31896.0/49481, nonzero 467
    new field root_compute_us: median/p90/max 24992.0/34868.0/85446, nonzero 467
    new field root_delta_us: median/p90/max 1192.0/3893.0/14131, nonzero 467
    new field root_index_us: median/p90/max 2929.0/6352.0/18182, nonzero 467
    new field root_leaves_us: median/p90/max 6881.0/11689.0/28672, nonzero 467
    new field root_note_us: median/p90/max 146.0/241.0/1742, nonzero 467
    new field root_ops_ahead: {'true': 467}
    new field root_ops_ahead_wait_us: median/p90/max 2589.0/8829.0/28533, nonzero 466
    new field root_ops_concat_us: median/p90/max 0.0/0.0/0, nonzero 0
    new field root_ops_encode_us: median/p90/max 5680.0/10129.0/26191, nonzero 467
    new field root_ops_finish_us: median/p90/max 2259.0/3200.0/10345, nonzero 467
    new field root_ops_sort_us: median/p90/max 2930.0/6580.0/19874, nonzero 467
    new field root_ops_us: median/p90/max 4950.0/12192.0/32161, nonzero 467
    new field root_rehash_us: median/p90/max 2037.0/3157.0/17140, nonzero 467
    new field root_retire_us: median/p90/max 1551.0/2590.0/8952, nonzero 467
    new field root_sort_us: median/p90/max 198.0/472.0/4438, nonzero 467
    new field root_undo_us: median/p90/max 345.0/631.0/3678, nonzero 467
    new field root_writes_us: median/p90/max 7135.0/10394.0/22032, nonzero 467
    new field seal_hashes_ahead: {'true': 467}
    new field seal_on_counters: {'true': 467}
    new field seal_to_complete_us: median/p90/max 111063.0/127965.0/172758, nonzero 467
    new field seal_to_frozen_us: median/p90/max 7489.0/16508.0/37231, nonzero 321
    new field seal_to_merge_end_us: median/p90/max 110989.0/127866.0/172593, nonzero 467
    new field seal_to_merge_start_us: median/p90/max 51971.0/65233.0/109898, nonzero 467
    new field seal_to_ops_ahead_us: median/p90/max 20035.0/30181.0/54140, nonzero 467
    new field seal_to_shards_ready_us: median/p90/max 13713.0/21910.0/41250, nonzero 467
    new field seal_to_state_ready_us: median/p90/max 110993.0/127874.0/172610, nonzero 467
    new field sealed_unix_us: median/p90/max 1791462639462329.0/1791462651371735.0/1791462654217015, nonzero 467
    new field start_walk_check_us: median/p90/max 0.0/0.0/194, nonzero 1
    new field start_walk_ids_us: median/p90/max 0.0/0.0/1336, nonzero 1
    new field start_walk_settle_us: median/p90/max 0.0/0.0/0, nonzero 0
    new field start_walk_us: median/p90/max 0.0/0.0/5816, nonzero 1
    new field state_wait_us: median/p90/max 6161.0/22531.0/84296, nonzero 467
    new field view_journal_reads: median/p90/max 4096.0/77824.0/131072, nonzero 236
    new field view_journal_searches: median/p90/max 10994.0/218633.0/420742, nonzero 236
    new field view_journal_skips: median/p90/max 0.0/0.0/0, nonzero 0
    new field whole_take_noted: {'true': 467}
    binding wait (tick / quorum / seal share, mean cycle): tick 100% (61); quorum 0%; seal 0%; feed-bound (blocks under 95% of the tier): 0 of 468
    slowest key vote delay median/p90 5.5/9.5 ms
    engine own-import total_ms per block median/p90/max 38/59/82 (n=468)
    layer RSS 26.9 -> 34.9 G (max 34.9), in-memory blocks max 10
    execution layer cores busy 35.8    validators cores busy 1.2
  window 3: canonical 460 blocks, 92.0M tx = 3,066,667/s (96.8% of window 1), full 460/460 (100%); cycle -
    leader builds 461: sealed_at median/p90/p99 55/82/102; phases median/p90 ms: gap_before_exec 10/55, state_wait 10/55, par 58/91, par_exec 22/28, roots 32/50, parent_fields 5/26, sealed 6/27
    state_wait_on {'output': 235, 'none': 100, 'grandparent': 124, 'open': 2}; builds with state_wait > 20 ms: 128 ([('grandparent', 112), ('output', 16)]); gp_layer {1.0: 461}, ggp_missing {0.0: 329, 1.0: 132}
    queue at the builds min/median 2,301,000/2,514,000
    new field batch_cpu_sum_us: median/p90/max 614252.0/763306.0/1799623, nonzero 461
    new field batch_dispatch_us: median/p90/max 241.0/345.0/1924, nonzero 461
    new field batch_first_start_us: median/p90/max 80.0/127.0/253, nonzero 461
    new field batch_ivcsw: median/p90/max 1.0/6.0/24, nonzero 269
    new field batch_last_end_us: median/p90/max 22140.0/28857.0/64312, nonzero 461
    new field batch_last_start_us: median/p90/max 17400.0/22048.0/46954, nonzero 461
    new field batch_live_deferred: median/p90/max 74.0/86.0/659, nonzero 461
    new field batch_live_lock_hold_us: median/p90/max 11252.0/14138.0/95786, nonzero 461
    new field batch_live_lock_wait_us: median/p90/max 0.0/0.0/0, nonzero 0
    new field batch_live_lock_waits: median/p90/max 0.0/0.0/0, nonzero 0
    new field batch_majflt: median/p90/max 0.0/0.0/1, nonzero 2
    new field batch_minflt: median/p90/max 857.0/9536.0/37127, nonzero 461
    new field batch_open_max_us: median/p90/max 443.0/555.0/3646, nonzero 461
    new field batch_open_sum_us: median/p90/max 10773.0/13506.0/17541, nonzero 461
    new field batch_threads: median/p90/max 32.0/32.0/32, nonzero 461
    new field batch_vcsw: median/p90/max 188.0/570.0/926, nonzero 461
    new field batch_view_index_wait_us: median/p90/max 0.0/24234.0/53051, nonzero 113
    new field batch_view_index_waits: median/p90/max 0.0/328.0/649, nonzero 113
    new field batch_view_slot_wait_us: median/p90/max 0.0/2025.0/12904, nonzero 123
    new field batch_view_slot_waits: median/p90/max 0.0/60.0/112, nonzero 123
    new field batch_wall_sum_us: median/p90/max 622601.0/787569.0/1802091, nonzero 461
    new field batches: median/p90/max 128.0/128.0/128, nonzero 461
    new field build_batches: median/p90/max 128.0/128.0/128, nonzero 461
    new field carried_depth: median/p90/max 1.0/1.0/1, nonzero 461
    new field exec_end_to_seal_us: median/p90/max 92.0/149.0/609, nonzero 461
    new field exec_partition_us: median/p90/max 6.0/8.0/31, nonzero 461
    new field exec_prepared_groups: {'true': 461}
    new field exec_prepared_slots: {'true': 461}
    new field exec_slots_us: median/p90/max 0.0/0.0/0, nonzero 0
    new field freeze_join_wait_us: median/p90/max 9155.0/17036.0/34322, nonzero 460
    new field freeze_late: {'true': 461}
    new field freeze_pool_own: {'true': 461}
    new field live_index_defer: {'true': 461}
    new field merge_accounts: median/p90/max 192256.0/195348.0/198016, nonzero 461
    new field merge_append_us: median/p90/max 2460.0/7602.0/14965, nonzero 461
    new field merge_early: {'false': 461}
    new field merge_join_wait_us: median/p90/max 0.0/0.0/0, nonzero 0
    new field merge_reverts: median/p90/max 192256.0/195348.0/198016, nonzero 461
    new field merge_reverts_us: median/p90/max 14496.0/19432.0/31274, nonzero 461
    new field merge_state_us: median/p90/max 38465.0/46222.0/70053, nonzero 461
    new field merge_tail_us: median/p90/max 0.0/0.0/5, nonzero 5
    new field merge_threads: median/p90/max 1.0/1.0/1, nonzero 461
    new field one_wave: {'false': 461}
    new field open_engine_us: median/p90/max 0.0/40294.0/80548, nonzero 132
    new field open_fallback: {'false': 329, 'true': 132}
    new field open_keep_us: median/p90/max 6.0/10.0/25, nonzero 461
    new field open_kept_accounts: median/p90/max 576497.0/583685.0/589084, nonzero 461
    new field open_layers: median/p90/max 3.0/3.0/3, nonzero 461
    new field open_provider_us: median/p90/max 95.0/181.0/2237, nonzero 461
    new field plan_age_us: median/p90/max 52978.0/89948.0/125545, nonzero 461
    new field plan_ahead: median/p90/max 1.0/1.0/1, nonzero 461
    new field plan_body: median/p90/max 1.0/1.0/1, nonzero 461
    new field plan_body_us: median/p90/max 17054.0/20407.0/23180, nonzero 461
    new field plan_discard: {'': 461}
    new field plan_prep_us: median/p90/max 6650.0/11965.0/26017, nonzero 461
    new field plan_topup_txs: median/p90/max 0.0/0.0/0, nonzero 0
    new field prep_from_plan: {'true': 461}
    new field prev_seal_to_answer_us: median/p90/max 1744.0/3241.0/5970, nonzero 461
    new field prev_seal_to_entry_us: median/p90/max 0.0/0.0/0, nonzero 0
    new field prev_seal_to_header_us: median/p90/max 203.0/342.0/1022, nonzero 461
    new field prev_seal_to_import_us: median/p90/max 122738.0/159108.0/206833, nonzero 404
    new field prev_seal_to_request_us: median/p90/max 936.0/1410.0/77632, nonzero 461
    new field prev_seal_to_start_us: median/p90/max 1219.0/2007.0/77853, nonzero 461
    new field pull_bulk_txs: median/p90/max 200000.0/200000.0/200000, nonzero 461
    new field pull_bulk_us: median/p90/max 5.0/9.0/32, nonzero 461
    new field receipts_late: {'false': 461}
    new field receipts_late_wait_us: median/p90/max 0.0/0.0/0, nonzero 0
    new field rename_fallbacks: median/p90/max 0.0/0.0/0, nonzero 0
    new field rename_record_waits: median/p90/max 0.0/0.0/0, nonzero 0
    new field root_apply_gap_us: median/p90/max 11.0/13.0/23, nonzero 461
    new field root_apply_total_us: median/p90/max 22563.0/33031.0/52582, nonzero 461
    new field root_compute_us: median/p90/max 24540.0/35630.0/54111, nonzero 461
    new field root_delta_us: median/p90/max 1137.0/2306.0/13245, nonzero 461
    new field root_index_us: median/p90/max 2772.0/5868.0/17714, nonzero 461
    new field root_leaves_us: median/p90/max 7034.0/11485.0/28544, nonzero 461
    new field root_note_us: median/p90/max 138.0/207.0/1421, nonzero 461
    new field root_ops_ahead: {'true': 461}
    new field root_ops_ahead_wait_us: median/p90/max 2765.0/8346.0/26614, nonzero 460
    new field root_ops_concat_us: median/p90/max 0.0/0.0/0, nonzero 0
    new field root_ops_encode_us: median/p90/max 5582.0/9871.0/20515, nonzero 461
    new field root_ops_finish_us: median/p90/max 2296.0/3477.0/7173, nonzero 461
    new field root_ops_sort_us: median/p90/max 3156.0/6808.0/15947, nonzero 461
    new field root_ops_us: median/p90/max 5233.0/11530.0/28642, nonzero 461
    new field root_rehash_us: median/p90/max 2605.0/5022.0/32824, nonzero 461
    new field root_retire_us: median/p90/max 1620.0/2554.0/8905, nonzero 461
    new field root_sort_us: median/p90/max 195.0/368.0/2654, nonzero 461
    new field root_undo_us: median/p90/max 344.0/647.0/3020, nonzero 461
    new field root_writes_us: median/p90/max 6816.0/9653.0/33704, nonzero 461
    new field seal_hashes_ahead: {'true': 461}
    new field seal_on_counters: {'true': 461}
    new field seal_to_complete_us: median/p90/max 110082.0/132635.0/163038, nonzero 461
    new field seal_to_frozen_us: median/p90/max 9167.0/17001.0/34308, nonzero 333
    new field seal_to_merge_end_us: median/p90/max 109998.0/132523.0/162948, nonzero 461
    new field seal_to_merge_start_us: median/p90/max 51459.0/72610.0/98512, nonzero 461
    new field seal_to_ops_ahead_us: median/p90/max 20973.0/29976.0/51264, nonzero 461
    new field seal_to_shards_ready_us: median/p90/max 14597.0/20769.0/38015, nonzero 461
    new field seal_to_state_ready_us: median/p90/max 110003.0/132536.0/162956, nonzero 461
    new field sealed_unix_us: median/p90/max 1791462669216965.0/1791462681294981.0/1791462684270813, nonzero 461
    new field start_walk_check_us: median/p90/max 0.0/0.0/0, nonzero 0
    new field start_walk_ids_us: median/p90/max 0.0/0.0/0, nonzero 0
    new field start_walk_settle_us: median/p90/max 0.0/0.0/0, nonzero 0
    new field start_walk_us: median/p90/max 0.0/0.0/0, nonzero 0
    new field state_wait_us: median/p90/max 10093.0/55121.0/91141, nonzero 461
    new field view_journal_reads: median/p90/max 0.0/73728.0/143360, nonzero 219
    new field view_journal_searches: median/p90/max 0.0/201249.0/368843, nonzero 219
    new field view_journal_skips: median/p90/max 0.0/0.0/0, nonzero 0
    new field whole_take_noted: {'true': 461}
    engine own-import total_ms per block median/p90/max 45/68/91 (n=460)
    layer RSS 34.2 -> 41.6 G (max 41.6), in-memory blocks max 11
    execution layer cores busy 34.9    validators cores busy 1.1
  round total (3 windows, canonical): 280.6M tx
  layer peak RSS 41.6 G; in-memory blocks max 11
  fields at seal: mode "early", verified 0, unchecked 0, mismatches 0 (last build line, cumulative)
  own_executed_again (built here and also directly imported): 0 of 1454 built blocks
== loop349WARM
  layer-0 leader window-1 builds 475: txs mean 200000, share >= 95% of the tier 100% (max 200000); sealed_at_ms 49.0/70.0; par_ms 51.0/79.0; par_exec_ms 21.0/26.0; roots_ms 29.0/41.0; parent_fields_ms 4.0/18.0; sealed_ms 5.0/19.0
  proposal cycle window 1 (n=490): mean 63.2 median 61.4 p90 69.0 ms; blocks in the 30 s: 490
  binding wait (tick / quorum / seal, share and mean cycle): tick 99.6% (63.1); quorum 0.2% (140.2); seal 0.2% (67.8)
  vote delay after the proposal, slowest key per block: median 4.0 p90 51.1 ms (slowest minus the median key: median 0.2); last key: {1: 102, 2: 80, 3: 63, 4: 82, 5: 87, 6: 60} of 474 blocks
  CPU in window 1 (cores busy): execution layers 34.8 over 1 process(es); validators 1.2 over 7 process(es)
  execution layer peak RSS 41.6 G; in-memory blocks max 11 (node0 and others, all layers)
  blocks built here 1454; none also directly imported
  import-once counters at the last direct import: ; start-up lines with import_once=true: 1; queue-lock lines 0
  layer-0 queue (queued after canonical prune), median per 10 s: t+0:2466500 t+20:2470500 t+40:2513000 t+60:2462750 t+80:2439000
  flood: median per 5 s 3143424/s, final -
  timeout / given-up lines: 0; 
loop349WARM page_faults_per_s_median: node0=176340 
feedcheck loop349WARM: ok (block 200,000 tx)
== loop349WARM: feed check (acq_us / gate_us / reply_us are per frame of 500; rate per 5 s `ingest` line)
  window 1: ingest lines 6; acq_us 466 (max 3554); gate_us 6940; reply_us 7498; slots_busy 13%; delivered median 3,142,972/s max 3,265,399/s; queue at builds median 2,518,000 min 910,000; full 100% of 475 blocks
  window 2: ingest lines 6; acq_us 474 (max 481); gate_us 6912; reply_us 7472; slots_busy 13%; delivered median 3,189,418/s max 3,241,743/s; queue at builds median 2,517,000 min 2,248,500; full 100% of 468 blocks
  window 3: ingest lines 6; acq_us 469 (max 472); gate_us 7436; reply_us 7993; slots_busy 13%; delivered median 3,078,306/s max 3,174,777/s; queue at builds median 2,514,000 min 2,301,000; full 100% of 460 blocks
  flood.log (+15..+100 s): rate per 5 s median 3,094,626/s max 3,270,233/s; reply latency median 61.7 ms max 70.0 ms
== loop349WARM: lanes lock, drain and pruner (new fields)
  window 1: lock duty 52.5% (max 55.0); holds/5s 2,324; longest hold 24.72 ms median, 29.28 ms max by crates/n42/tx-queue/src/lib.rs:2046 (most frequent holders [('crates/n42/tx-queue/src/lib.rs:2046', 5), ('crates/n42/tx-queue/src/lib.rs:2692', 1)]); lock wait 2041.8 ms/5s, longest 31.66 ms; drains/5s 1,048 of 14979 tx, mean 1200 us, max 19.65 ms
           prune (427 blocks): prune_ms 31/49; fold 0.5 ms, lock 0.0 ms, remove(hold) 9.1 ms, free 0.0 ms; frames_swept 400; coalesced on 427 of 427; prune_wait_ms 0/0; pruner busy 46% of a thread, lock held by it 1.5%
  window 2: lock duty 59.0% (max 60.0); holds/5s 2,088; longest hold 26.40 ms median, 46.83 ms max by crates/n42/tx-queue/src/lib.rs:2576 (most frequent holders [('crates/n42/tx-queue/src/lib.rs:2046', 4), ('crates/n42/tx-queue/src/lib.rs:2576', 2)]); lock wait 3004.2 ms/5s, longest 46.63 ms; drains/5s 853 of 18704 tx, mean 1600 us, max 19.14 ms
           prune (446 blocks): prune_ms 33/54; fold 0.5 ms, lock 0.0 ms, remove(hold) 10.6 ms, free 0.0 ms; frames_swept 400; coalesced on 446 of 446; prune_wait_ms 0/0; pruner busy 52% of a thread, lock held by it 1.5%
  window 3: lock duty 55.5% (max 58.0); holds/5s 2,119; longest hold 28.01 ms median, 35.88 ms max by crates/n42/tx-queue/src/lib.rs:2046 (most frequent holders [('crates/n42/tx-queue/src/lib.rs:2046', 6)]); lock wait 2407.2 ms/5s, longest 35.93 ms; drains/5s 944 of 16274 tx, mean 1390 us, max 22.65 ms
           prune (413 blocks): prune_ms 34/49; fold 0.5 ms, lock 0.0 ms, remove(hold) 10.7 ms, free 0.0 ms; frames_swept 400; coalesced on 413 of 413; prune_wait_ms 0/0; pruner busy 48% of a thread, lock held by it 1.5%
== loop349WARM: pruner (per block; busy = sum prune_ms / 30 s, lock = sum (remove_us + settle_us) / 30 s)
  window 1: 427 prunes; prune_ms 31/49; remove_us 9.1/18.5 ms; forget_us 2.7/5.0 ms; settle_us 2.9 ms; pruner busy 46% of a worker; lanes lock held for removal 20%
  window 2: 446 prunes; prune_ms 33/54; remove_us 10.6/20.1 ms; forget_us 2.7/4.8 ms; settle_us 3.0 ms; pruner busy 52% of a worker; lanes lock held for removal 24%
  window 3: 413 prunes; prune_ms 34/49; remove_us 10.7/19.9 ms; forget_us 3.0/5.3 ms; settle_us 3.0 ms; pruner busy 48% of a worker; lanes lock held for removal 22%
== loop349WARM: seal start / pull, prepared plan, answer, chunked drain
  window 1: 475 builds; start_best_ms 3/14; start_walk_us 0/0; start_pull_ms 0/0; par_pull_ms 0/0; par_start_ms 3/14; par_ms 51/79; sealed_at_ms 49/70; pull_bulk_us 5/9; pull_bulk_txs 200000/200000; plan_age_us 47237/99868; plan_prep_us 6619/12314; plan_topup_txs 0/0
           plan_ahead {'2': 1, '1': 474}; plan_discard {'': 475}
           answer: built-ahead bytes median/max 15,243/15,245, layout_only {'true': 475}; proposal sent bytes median/max 15,243/15,245, layout_only {'true': 474}
           drain: chunks/5s 896, chunk max 8,192 tx, finished by others/5s 52; plan_discards (last ingest line) -
  window 2: 467 builds; start_best_ms 4/16; start_walk_us 0/0; start_pull_ms 0/0; par_pull_ms 0/0; par_start_ms 5/16; par_ms 51/70; sealed_at_ms 51/67; pull_bulk_us 5/8; pull_bulk_txs 200000/200000; plan_age_us 48044/97668; plan_prep_us 7114/13508; plan_topup_txs 0/0
           plan_ahead {'1': 466, '0': 1}; plan_discard {'': 466, 'not_on_its_parent': 1}
           answer: built-ahead bytes median/max 15,245/15,245, layout_only {'true': 468}; proposal sent bytes median/max 15,245/15,245, layout_only {'true': 467, 'false': 1}
           drain: chunks/5s 686, chunk max 8,192 tx, finished by others/5s 60; plan_discards (last ingest line) -
  window 3: 461 builds; start_best_ms 2/14; start_walk_us 0/0; start_pull_ms 0/0; par_pull_ms 0/0; par_start_ms 2/15; par_ms 58/91; sealed_at_ms 55/82; pull_bulk_us 5/9; pull_bulk_txs 200000/200000; plan_age_us 52978/89948; plan_prep_us 6650/11965; plan_topup_txs 0/0
           plan_ahead {'1': 461}; plan_discard {'': 461}
           answer: built-ahead bytes median/max 15,245/15,245, layout_only {'true': 460}; proposal sent bytes median/max 15,245/15,245, layout_only {'true': 460}
           drain: chunks/5s 818, chunk max 8,192 tx, finished by others/5s 56; plan_discards (last ingest line) -
== loop349WARM: persistence per window (ms per block = part sum / blocks persisted)
  window 1: persisted 472 of 475 produced (99%); total 31.8, sf_tx 28.7, sf_rcpt 6.6, sf_acct 13.6, sf_send 11.0, scope 28.8, qmdb 12.5, post 0.0, pre 3.0, plain_rev 3.0, commit_sf 0.6, commit_mdbx 0.1, commit_rocks 0.0; longest task sf_tx 28.7; in-memory 8 -> 8 (max 10); RSS 4.8 -> 26.9 G; lag 9 -> 8 = -2.0 blocks/min; bp max 0
  window 2: persisted 467 of 468 produced (100%); total 32.9, sf_tx 29.3, sf_rcpt 6.5, sf_acct 13.9, sf_send 11.7, scope 29.4, qmdb 14.8, post 0.0, pre 3.5, plain_rev 3.5, commit_sf 0.8, commit_mdbx 0.1, commit_rocks 0.0; longest task sf_tx 29.3; in-memory 8 -> 9 (max 10); RSS 26.9 -> 34.2 G; lag 8 -> 9 = +2.0 blocks/min; bp max 0
  window 3: persisted 461 of 460 produced (100%); total 35.0, sf_tx 31.6, sf_rcpt 6.8, sf_acct 14.4, sf_send 12.0, scope 31.7, qmdb 17.6, post 0.0, pre 3.3, plain_rev 3.3, commit_sf 0.8, commit_mdbx 0.1, commit_rocks 0.0; longest task sf_tx 31.6; in-memory 9 -> 8 (max 11); RSS 34.2 -> 41.6 G; lag 9 -> 9 = +0.0 blocks/min; bp max 0
  leg end: in-memory 8, max over the sampler 11, backpressure stalls 0
== loop349WARM: execution and root fields (median / p90 per block); over 1454 full builds: rename_fallbacks total 0, rename_record_waits total 0, carried_depth values ['1']
    folded lines 476: pending_max max 88 (median 72); pending_us_max max 22,594; drops_max max 43580
    flags: seal_on_counters true:475; freeze_pool_own true:475; plan_body 0:1/1:473/2:1; prep_from_plan false:2/true:473; plan_ahead 1:474/2:1; seal per 1,000 transfers 0.245 ms
  window 1 (475 builds): on-CPU share 1.00/1.00; CPU per transfer 2.99/3.65 us; sealed_at_ms 49/70; par_exec_ms 21/26; par_fold_ms 9/18; index_ms 15/21; par_start_ms 3/14; gap_before_exec_ms 7/40; state_wait_us 7,310/40,172; parent_fields_ms 4/18; roots_ms 29/41; seal_to_fields_us 48,825/60,802; seal_to_complete_us 106,831/122,759; rename_fallbacks 0/0; rename_record_waits 0/0; carried_depth 1/1; plan_body_us 16,138/19,362; batch_max_ms 8/12; tx_root_ms 1/1; sealed_ms 5/19
    folded lines 473: pending_max max 84 (median 72); pending_us_max max 27,624; drops_max max 35862
    flags: seal_on_counters true:467; freeze_pool_own true:467; plan_body 0:1/1:464/2:2; prep_from_plan false:3/true:464; plan_ahead 0:1/1:466; seal per 1,000 transfers 0.255 ms
  window 2 (467 builds): on-CPU share 1.00/1.00; CPU per transfer 2.97/3.60 us; sealed_at_ms 51/67; par_exec_ms 21/27; par_fold_ms 8/16; index_ms 15/22; par_start_ms 5/16; gap_before_exec_ms 6/22; state_wait_us 6,161/22,531; parent_fields_ms 8/23; roots_ms 32/45; seal_to_fields_us 51,870/65,087; seal_to_complete_us 111,063/127,965; rename_fallbacks 0/0; rename_record_waits 0/0; carried_depth 1/1; plan_body_us 16,042/19,272; batch_max_ms 8/12; tx_root_ms 1/1; sealed_ms 9/24
    folded lines 460: pending_max max 96 (median 72); pending_us_max max 23,791; drops_max max 37739
    flags: seal_on_counters true:461; freeze_pool_own true:461; plan_body 1:461; prep_from_plan true:461; plan_ahead 1:461; seal per 1,000 transfers 0.275 ms
  window 3 (461 builds): on-CPU share 1.00/1.00; CPU per transfer 3.07/3.82 us; sealed_at_ms 55/82; par_exec_ms 22/28; par_fold_ms 9/17; index_ms 14/22; par_start_ms 2/15; gap_before_exec_ms 10/55; state_wait_us 10,093/55,121; parent_fields_ms 5/26; roots_ms 32/50; seal_to_fields_us 51,253/72,452; seal_to_complete_us 110,082/132,635; rename_fallbacks 0/0; rename_record_waits 0/0; carried_depth 1/1; plan_body_us 17,054/20,407; batch_max_ms 9/14; tx_root_ms 1/1; sealed_ms 6/27
== loop349WARM: 4444 proposals; proposal -> quorum (leader's commit) median 11.1 / p90 34.0 / max 138.4 ms; proposal interval median 61.4 / p90 62.3 ms; TC formed lines 0; leader views timed out 0; ParentUnknown lines 0
   handover at view 1024: proposal intervals (view, ms) [(1023, 62), (1024, 151), (1025, 110), (1026, 722), (1027, 53)] against the median 61 ms
   handover at view 2048: proposal intervals (view, ms) [(2047, 62), (2048, 62), (2049, 61), (2050, 61), (2051, 62)] against the median 61 ms
   handover at view 3072: proposal intervals (view, ms) [(3071, 61), (3072, 61), (3073, 61), (3074, 61), (3075, 60)] against the median 61 ms
   handover at view 4096: proposal intervals (view, ms) [(4095, 61), (4096, 62), (4097, 61), (4098, 62), (4099, 61)] against the median 61 ms
     block 1025 (view 1024): sealed_at_ms 108, gap_before_exec_ms 15, parent_fields_ms 36, rename_fallbacks 0, rename_record_waits 0, carried_depth 1
     block 1027 (view 1026): sealed_at_ms 20, gap_before_exec_ms 0, parent_fields_ms 0, rename_fallbacks 0, rename_record_waits 0, carried_depth 1
flood span 95 s; tokio-rt threads alive throughout 33 of 76; group 9.4 cores busy over them (all threads incl. short-lived 12.5)
  per-thread cores busy, top 12: 0.60 0.58 0.56 0.56 0.56 0.56 0.56 0.56 0.56 0.56 0.56 0.55; threads over 0.9 core: 0, over 0.7: 0
== loop349WARM: 1403 full builds in the 3 windows
  par_exec_ms 21/28; par_run_ms 31/61; batch_start_skew_ms 17/21; batch_median_ms 4/5; batch_max_ms 8/13; batch_first_start_us 80/127; batch_last_start_us 17173/21371; batch_dispatch_us 225/319; batch_last_end_us 21935/27925; batches 128/128; batch_threads 32/32; batch_txs_max 2000/2000; batch_txs_min 1500/1500; start_walk_ms 0/0; start_walk_check_ms 0/0; par_start_ms 4/15; sealed_at_ms 51/75; prev_seal_to_answer_us 1696/2858; prev_seal_to_entry_us 0/0; prev_seal_to_header_us 201/321; prev_seal_to_import_us 116342/148283; prev_seal_to_request_us 939/65713; prev_seal_to_start_us 1230/65973; start_walk_check_us 0/0; start_walk_ids_us 0/0; start_walk_settle_us 0/0; start_walk_us 0/0
  one_wave {'false': 1403}
  batches == batch_threads on 0 of 1403 builds
  last - first batch start (ms) median/p90 17.08/21.28; under 2 ms on 0 of 1403 builds
bodygate loop349WARM: invalid_blocks=0 gas_mismatch=0 fields_mismatches=0 own_not_committed=0 proposals_given_up=0
leg loop349K21: /data free 495G (needs 120 G)
plan loop349K21: exit 0 (21 validators, 1 layer(s)): # validators 21, execution layers 1, 192 CPUs a layer, import-once 1, shared 1; # validators : 32 CPUs set aside, taskset -c 96-111,224-239; # fleet    : 21 nodes, quorum 15 of 21 (f = 6); 0 refusals
leg loop349K21 start 08:34:13 load 2.82
round loop349K21 exit 0 at 08:37:31
loop349K21 save stages (node0, seconds summed over the leg / count): batch_size=1935.0/632  batch_size=1935.0/632  reth_consensus_engine_beacon_persistence_duration=58.3/632  duration_seconds=54.2/632  total=49.7/632  scope=44.7/632  sf=43.7/632  sf_transactions=43.5/632  qmdb_persisted=24.2/632  sf_account_changesets=20.4/632
el binary: /data/n42-build/target-n42-rs/native/release/n42 env: N42_IMPORT_ONCE=1 N42_SETTLEMENT_TAGS=legacy N42_BUILD_THROTTLE_SOFT=48 F7_EL_MAP=0,0,0,0,0,0,0,0,0,0,0,0,0,0,0,0,0,0,0,0,0 N42_FIELDS_AT_SEAL=1 N42_FREEZE_AFTER_SEAL=1 N42_FRAME_BLOCKS=1 N42_TX_INGEST_RECOVER_PARALLEL=24 N42_FREEZE_POOL=own N42_PARALLEL_BUILD_THREADS=32 N42_PLAN_AHEAD=1 N42_HASHED_TABLES=off F7_FLOOD_RATE=6000000 N42_COMPACT_BODY=1 N42_BUILD_BATCHES=128 MALLOC_CONF=thp:always,oversize_threshold:0,dirty_decay_ms:2000,background_thread:true N42_SEAL_ON_COUNTERS=1 N42_ACCOUNT_HISTORY=off N42_TAKE_COMPACT=1 N42_SF_EARLY_WRITEBACK=1 F7_VAL_NO_MALLOC_CONF=1 N42_ROAD_RUNTIME=1 N42_TX_INGEST_HIGH_WATER=2500000 F7_BENCH_POOL_SLOTS=3000000 N42_PLAN_AHEAD_BODY=1 N42_SEAL_AT_EXEC=1 N42_TX_QUEUE_DRAIN_CHUNK=8192 N42_ANSWER_LAYOUT_ONLY=1 N42_PULL_BY_FRAMES=1 N42_SF_PARALLEL_ENCODE=1 N42_BUILD_THROTTLE_HARD=80 N42_LIVE_INDEX_DEFER=1 RAYON_NUM_THREADS=16 F7_VAL_CPUS=32 N42_ROOT_OPS_AHEAD=1 TOKIO_WORKER_THREADS=16 N42_QMDB_READS=on N42_LEADER_LAYERS=3 N42_PERSIST_QMDB_IN_SCOPE=1 F7_BLOCK_INTERVAL_MS=60 F7_MEASURE_FROM_LOG=1
validator env: N42_IMPORT_ONCE=1 N42_SETTLEMENT_TAGS=legacy N42_BUILD_THROTTLE_SOFT=48 F7_EL_MAP=0,0,0,0,0,0,0,0,0,0,0,0,0,0,0,0,0,0,0,0,0 N42_FIELDS_AT_SEAL=1 N42_FREEZE_AFTER_SEAL=1 N42_FRAME_BLOCKS=1 N42_TX_INGEST_RECOVER_PARALLEL=24 N42_FREEZE_POOL=own N42_PARALLEL_BUILD_THREADS=32 N42_PLAN_AHEAD=1 N42_HASHED_TABLES=off F7_FLOOD_RATE=6000000 N42_COMPACT_BODY=1 N42_BUILD_BATCHES=128 N42_SEAL_ON_COUNTERS=1 N42_ACCOUNT_HISTORY=off N42_TAKE_COMPACT=1 N42_SF_EARLY_WRITEBACK=1 N42_ROAD_RUNTIME=1 N42_TX_INGEST_HIGH_WATER=2500000 F7_BENCH_POOL_SLOTS=3000000 N42_PLAN_AHEAD_BODY=1 N42_SEAL_AT_EXEC=1 N42_TX_QUEUE_DRAIN_CHUNK=8192 N42_ANSWER_LAYOUT_ONLY=1 N42_PULL_BY_FRAMES=1 N42_SF_PARALLEL_ENCODE=1 N42_BUILD_THROTTLE_HARD=80 N42_LIVE_INDEX_DEFER=1 RAYON_NUM_THREADS=16 F7_VAL_CPUS=32 N42_ROOT_OPS_AHEAD=1 TOKIO_WORKER_THREADS=16 N42_QMDB_READS=on N42_LEADER_LAYERS=3 N42_PERSIST_QMDB_IN_SCOPE=1 F7_MEASURE_FROM_LOG=1
loop349K21 once: start-up lines import_once=true 1; last direct-import counters 
loop349K21 imports: layers=1 direct_imports=0 canonical_blocks=3981 import_once_lines=1 (per layer: direct imports should equal canonical blocks for one execution per block)
grep: /data/blockchain/rust-fleet7-bench/node1/el.log: No such file or directory
grep: /data/blockchain/rust-fleet7-bench/node2/el.log: No such file or directory
grep: /data/blockchain/rust-fleet7-bench/node3/el.log: No such file or directory
grep: /data/blockchain/rust-fleet7-bench/node1/el.log: No such file or directory
grep: /data/blockchain/rust-fleet7-bench/node2/el.log: No such file or directory
grep: /data/blockchain/rust-fleet7-bench/node3/el.log: No such file or directory
cat: /data/blockchain/rust-fleet7-bench/node2/el.log: No such file or directory
cat: /data/blockchain/rust-fleet7-bench/node2/el.log: No such file or directory
cat: /data/blockchain/rust-fleet7-bench/node2/el.log: No such file or directory
cat: /data/blockchain/rust-fleet7-bench/node1/el.log: No such file or directory
cat: /data/blockchain/rust-fleet7-bench/node2/el.log: No such file or directory
cat: /data/blockchain/rust-fleet7-bench/node3/el.log: No such file or directory
Traceback (most recent call last):
  File [35m"<stdin>"[0m, line [35m4[0m, in [35m<module>[0m
[1;35mIndexError[0m: [35mlist index out of range[0m
loop349K21 no_variant=0 own_not_committed=0 tc=0 invalid_blocks=0 incomplete=0 gas_mismatch=0 direct_imports_failed=0 stuck_at_hashed_state=0 engine_idles_over_5s=1 proposals_given_up=0 tables_off_nodes=1 unanswered_reads=0 seal_first_total=1426 seal_first_direct=1426 direct_guard_errors=0 commit_ms_median=0 fold_ms_median=7 sealed_at_ms_median=54 state_ready_ms_median=97 build_total_ms_median=176 recover_us_median=0 par_exec_ms_median=21 par_exec_ms_median=21 giveback_filtered=0 giveback_offered_max=200000 seal_first=1426 reader_lag_max=10 reader_lag_warns=0 view_invalidated=0 el_sum_peak_g=40.7 el_max_peak_g=40.7 val_sum_peak_g=5.7 flood_peak_g=0.6 two_roads_blocks=0 two_roads_overlap_ms_median=- exec_on_output_declined=0 r1_collect_ms_median=7 proposal_at_ms_median=46 view_total_ms_median=61 import_exec_ms_median=- import_total_ms_median=- import_senders_ms_median=- import_convert_ms_median=- import_groups_median=- imports_over_600ms=0 min_avail_g=68.6 road_foreign_body_recv_ms=- road_foreign_body_decode_ms=- road_foreign_body_senders_ms=- road_foreign_body_parent_wait_ms=- road_foreign_body_check_ms=- road_foreign_body_total_ms=- road_new_payload_recv_ms=- road_new_payload_decode_ms=- road_new_payload_senders_ms=- road_new_payload_parent_wait_ms=- road_new_payload_check_ms=- road_new_payload_total_ms=- road_foreign_body_blocks=0 road_new_payload_blocks=0 fcu_answered=1840 fcu_in_flight_ms_median=0 fcu_queued_ms_median=0 fcu_queued_ms_max=107 fcu_refused=0 fcu_slow=2335 bodies_held=0 road_reuse_ms=- road_prepare_ms=- road_dispatch_ms=- road_convert_ms=- road_remember_ms=- road_header_ms=- road_fields_ms=- road_other_ms=- import_engine_ms_median=- gate_forced=0 gate_warns=0 flood_timeouts=0 canonical_min=4053 canonical_max=4053 chained_builds=2524 chain_lead_ms_median=57 chain_wait_ms_median=0 chain_started=2527 chain_discarded=1 chain_discard_reasons=_1_reason="no_,_1_reason="the_execution_layer_produced_nothing chain_alias_warns=0 el_chained=2549 bodies_held_warns=0 el_build_refused=1 el_build_refused_reasons=_1_no_QMDB_tree_for_parent_block_0x queued_p5=2316000 queued_p50=2458500 road_compact_blocks=0 road_compact_recv_ms=- road_compact_assemble_ms=- road_compact_root_ms=- road_compact_miss_wait_ms=- road_compact_senders_ms=- road_compact_check_ms=- road_compact_other_ms=- road_compact_total_ms=- road_compact_misses_total= compact_refused_el=0 compact_fallbacks=0 compact_bytes_median=- pool_order9=13316 par_pull_ms_median=0 build_total_ms_median2=56 road_compact_filled_blocks=0 road_compact_filled_median=- road_compact_fill_ms_median=- need_txns=0 fill_failed=0 ingest_rate_gate_open_median=- ingest_gate_open_intervals=0 ingest_slots_busy_median=- flood_rate= fill_asked_proposer=0 fill_asked_other=0 loop_lines=2928 loop_unnamed_ms_median=43 loop_body_served_ms_median=- loop_txns_served_ms_median=- import_exec_ms_median2=- pip_partition_ms=- pip_env_ms=- pip_batch_ms=- pip_groups_ms=- pip_gas_ms=- pip_merge_ms=- pip_receipts_ms=- pip_drop_ms=- pip_other_ms=- pip_total_ms=- senders_indexed_median=- road_senders_ms_median=- road_total_ms_median=- pew_ms_median=- pew_ms_p90= gate_ms_median=- gate_ms_p90= root_ms_p50=- root_ms_p90= two_roads=0 not_on_output=0 not_on_output_why= ckpt_ms_first_q=2 ckpt_ms_last_q=46 ckpt_bytes_last=33953732 parent_still_importing=0 root_wait_ms_p50=- root_wait_ms_p90= tenures_low_seal=23 seal_first_share=0.99 empty_over_deep=0 near_empty_warns=0 no_seal_why= par_skipped_median=- usable_p5=2315500 ckpt_replay_ms_last_q=14 candidates_zero=0 dropped_ingest=0 let_go_warns=0 let_go_reasons= parked_p50=0 parked_max=0 held_warns=0 park_capped_total=0 superseded_builds=0 empty_not_superseded=0 mass_park_warns=0 heads_lines=0 holes_lines=0 stale_parent_refusals=0 par_groups_p5=0 cancelled_decided=1 heads_nonce0=0 stale_unconfirmed= handovers=0 el_panics=0 decided_cancelled=1 min_window_blocks=446 road_desc_blocks=0 road_desc_total_ms=- road_desc_copy_ms=- desc_misses=0 fill_failed2=0 sf_par_collect_ms=0 sf_par_commit_ms=0 sf_par_fold_ms=7 sf_par_graft_ms=0 sf_par_prefault_ms=0 sf_par_exec_ms=21 sf_sealed_at_ms=54 sf_roots_ms=33 sf_state_ready_ms=97 sf_total_ms=176 ba_find_ms=0 ba_queue_ms=0 ba_total_ms=56 ba_on_output=1423 queue_fold_us=0 queue_lock_us=65 sf_par_exec_ms=21 sf_par_fold_ms=7 pip_groups_ms=- import_exec_ms_median2=- reads_d0=0 reads_hist=0 f_reads_d0=- f_reads_hist=- f_overlay_depth=- L_read_set_ms=0 read_set_accounts=0 read_set_unresolved=0 read_set_hits=0 read_set_misses=0 start_best_ms=- par_prep_ms=- gap_before_exec_ms=- gap_after_exec_ms=- gap_before_seal_ms=- index_ms=- road_copy_aside_ms=- road_copy_wait_ms=- road_total_ms=- queue_first_miss=queue_first_miss=0:2544,queue_first_miss=18446744073709551615:1436 root_append_behind=0 populate_lag_mb=0 swap_used_g=0 root_faults=- root_faults_p90= root_faults_entries=0 root_faults_offsets=0 root_faults_index=0 root_faults_bits=0 root_faults_twigs=0 root_faults_undo=0 root_faults_tmp=0 root_append_faults=3 root_twig_pool_misses=0 batch_max_ms=8 batch_min_ms=2 batch_median_ms=4 batch_cpu_max_ms=8 batch_txs_max=2000 batch_txs_min=1500 batch_start_skew_ms=16 batch_wait_ms=0 loop_fetch_ns=0 loop_check_ns=0 loop_transfer_ns=0 loop_receipt_ns=0 loop_gas_ns=0 loop_sink_ns=0 loop_other_ns=0 batch_setup_ns=0 batch_close_ns=0 imp_exec_part_ms=- imp_exec_batches_ms=- imp_exec_graft_ms=- imp_exec_batches=- imp_exec_threads=- imp_exec_batch_max_ms=- imp_exec_batch_median_ms=- imp_parent_output_wait_ms=- road_parent_output_wait_ms=- next_start_gap_ms=1 next_entry_gap_ms=0 commit_body_ahead_used=- imp_exec_keys_ms=- imp_keys_ahead=- imp_exec_sink_ms=- imp_exec_pre_ms=- imp_exec_post_ms=- imp_exec_receipts_ms=- imp_exec_drop_ms=- root_gap_ms=- queue_whole=queue_whole=false:2544,queue_whole=true:1436 tick_tick_late_us=987 tick_preamble_us=345 tick_take_sealed_us=3 tick_sign_us=1 tick_cache_us=0 tick_presealed=- tick_describe_us=21 tick_publish_us=663 tick_tick_to_send_us=2086 road_check_ms=- road_check_include_us=- road_check_scan_us=- road_check_fold_us=- road_check_senders_us=- road_check_frames_summarized=- road_check_frames_scanned=- imp_exec_start_gap_us=- imp_gap_road_us=- imp_gap_header_us=- imp_gap_senders_us=- imp_gap_parent_us=- imp_gap_setup_us=- imp_gap_keys_wait_us=- sealed_at_p90= sealed_over_130=0 roots_ms=- cycle_p90= batch_max_ms=- batch_median_ms=- imp_batch_max=- forest_lock_warns=1625 root_seal_ms=1 root_seals=39 root_majflt=11441 roots_p90= gp_layer=1436 ggp_missing=271 state_wait_split=0/0/0/0:428,8/0/0/0:90,9/0/0/0:74 qmdb_releases=0 state_wait_on= imp_road_end_ms=- imp_exec_start_ms=- imp_exec_end_ms=- imp_root_end_ms=- imp_fields_ready_ms=- imp_parent_fields_wait_ms=- imp_exec_ms=- imp_root_ms=- imp_checks_ms=- imp_engine_ms=- imp_total_ms=- road_parent_fields_wait_ms=- exec_read_ms=0 L_exec_evm_ms=0 L_exec_write_ms=0 L_exec_other_ms=0 L_reads_cache=0 L_reads_provider=0 L_reads_view=0 L_graft_base_ms=0 L_graft_reserve_ms=0 L_graft_insert_ms=0 L_graft_reverts_ms=0 L_graft_other_ms=0 L_par_exec_ms=21 L_par_graft_ms=0 F_exec_read_ms=- F_exec_evm_ms=- F_exec_write_ms=- F_exec_other_ms=- F_reads_cache=- F_reads_provider=- F_reads_view=- F_groups_ms=- L_tx_root_wait_ms=0 L_par_exec_ms=21 L_par_graft_ms=0 L_par_fold_ms=7 L_sealed_ms=9 L_state_ready_ms=97 L_roots_ms=33 L_finish_ms=106 L_total_ms=176 L_setup_ms=0 L_par_pull_ms=0 L_give_back_ms=0 L_state_wait_ms=7 L_state_after_pull=1426 L_seal_at_exec=1426 L_tx_root_ahead=0 flood_w1=3122510 txs_p10=200000 acq_us=472 slots_busy=13 ingest_rate=3102190 L_scope_join_ms=0 L_par_release_ms=0 L_commit_body_ms=0 L_par_commit_ms=0 L_give_back_ms=0 L_sealed_ms=9 L_par_exec_ms=21 L_state_wait_ms=7 L_par_pull_ms=0 L_par_prep_ms=0 L_par_start_ms=4 L_pre_exec_ms=0 L_par_run_ms=30 L_sealed_at_ms=54 F_partition_ms=- F_env_ms=- F_groups_ms=- F_merge_ms=- F_reverts_wait_ms=- F_ahead_wait_ms=- F_total_ms=- I_engine_ms=- I_root_ms=- I_total_ms=- H_engine_remember_ms=- H_engine_listing_ms=- H_engine_new_payload_ms=- busy_us=1 L_par_start_ms=4 L_start_handoff_ms=0 L_start_best_ms=4 L_start_puller_ms=0 L_par_pull_ms=0 L_par_prep_ms=0 L_state_wait_ms=7 L_par_exec_ms=21 L_par_commit_ms=0 L_sealed_ms=9 L_sealed_at_ms=54 L_par_graft_ms=0 L_graft_insert_ms=0 L_graft_reverts_ms=0 L_graft_split_us=0 L_graft_build_us=0 L_graft_merge_us=0 L_state_ready_ms=97 Q_queue_ms=0 R_dispatch_wait_ms=- R_total_ms=- R_road_runtime=1 gate_holds=0 peer_fetch=0 pool_limit=limit=4 gate_opened=gate_opened_for_block=0 I_root_ms=- flood_rate_hdr=rate=6000000/s fills=0 fill_waited=- slots_busy=13 acq_us=472 busy_us=1 converged=0 fallbacks=0 busy_us=1 recover_us=0 tf_on_output=3 tf_fallback=0 still_importing=0 busy_us=1 slots_busy=13 batches=altsig_txs=0 altsig_batches=0 tf_on_output=3 tf_fallback=0 gate_holds=0 sign_s=sign 0s replay_note=replay       : 64 files from /data/n42-pregen/g900000-400m, 400000000 transactio sign_s=sign 0s shard=shard_verified=0 shard_claimed=0 road_verified=- slots_busy=13 gate_us=7320 reply_us=7887 queued=2458500 assemble_ms=- road_take_ms=- road_body_ms=- road_encode_ms=- shards=16 shard_insert_ms=0 shard_wait_ms=0 shard_fold_ms=14 shard_append_ms=16 shard_merge_ms=58 state_ready_ms=97 roots_ms=33 exec_read_ms=0 exec_evm_ms=0 exec_write_ms=0 exec_other_ms=0 reads_cache=0 reads_provider=0 reads_view=0 par_run_ms=30 fold_task_cpu_max_us=13718 fold_task_minflt_max=1 fold_task_minflt_sum=1 fold_task_migrated=0 fold_task_nivcsw_max=0 fold_index=1 fold_index_build_ms=13 fold_index_conflicts=8387 fold_queue_us=59 fold_skew_us=31 fold_task_max_us=13723 fold_tail_us=18 start_best_ms=4 start_select_ms=0 start_walk_ms=0 start_walk_check_ms=0 start_best_other_ms=0 start_frames_by_ref=0 start_frames_slow=0 start_pull_ms=0 start_other_ms=0 start_handoff_ms=0 par_start_ms=4 par_prep_ms=0 par_commit_ms=0 commit_body_ms=0 par_fold_ms=7 sealed_ms=9 copy_ms=- prune_ms=0 frames=- frames_missing=- frame_root_ms=- root_ms=- frames_admitted=frames_admitted=569132 frames_unaligned=0 frame_root_indexed=- seal_layout_ms=0 seal_root_ms=0 attested= busy_us=1 slots_busy=13 reply_us=7887 prune_ms=0 body_refused=0 body_failed_late=0
loop349K21 win1 tps=3,173,333 txs=95,200,000 blocks= 476 cycle=0.063s occupancy=100.0% full(>=95%)=476/476 basefee=n/a (from the layer's log)
loop349K21 win2 tps=3,033,333 txs=91,000,000 blocks= 455 cycle=0.066s occupancy=100.0% full(>=95%)=455/455 basefee=n/a (from the layer's log)
loop349K21 win3 tps=2,973,333 txs=89,200,000 blocks= 446 cycle=0.067s occupancy=100.0% full(>=95%)=446/446 basefee=n/a (from the layer's log)
loop349K21 tps=3,173,333 round_txs=275400000 cycles_w1=
loop349K21 imp_fields_p90= b_p75=9
loop349K21 overlay: filter_skips=0 probes=0 ratio=- (ratio = skips/(skips+probes))
loop349K21 overlay_manager:       1 state_trie_overlay=false  state-ovly_cpu=0
loop349K21 verify: written to /data/blockchain/rust-fleet7-bench/bench-loop349K21/verify.json
== validator memory at flood +70 s (loop349K21)
validators 21: RSS sum 4.7 G, max 0.23 G, mean 0.22 G; threads 1155 (mean 55)
one validator (pid 1629920):
VmHWM:	  219128 kB
VmRSS:	  219128 kB
RssAnon:	  203232 kB
RssFile:	   15896 kB
RssShmem:	       0 kB
Threads:	55
Rss:              219092 kB
Private_Dirty:    203196 kB
Anonymous:        203196 kB
AnonHugePages:         0 kB
threads by name:
     49 h2_validator
      4 tokio-rt-worker
      1 n42-qmdb-prefau
      1 futures-timer
largest mappings by Rss:
123716  71ef0c300000-71ef19000000
25616  71ef24e00000-71ef26800000
13196  71ef26900000-71ef27600000
11084 /data/n42-build/target-n42-rs/native/release/examples/h2_validator 57526000e000-575260ea8000
9104  71ef27700000-71ef28000000
7936  71ef2aa80000-71ef2be00000
4832  71ef29400000-71ef29e00000
4040  71ef28180000-71ef28800000
RssAnon of all validators (MB):
anon n=21 min 201 median 207 max 216 MB, sum 4.3 G
RSS of all validators, sorted:
min 216.552 MB median 222.704 MB max 231.824 MB
== many-keys report loop349K21
== loop349K21: 21 validator logs, f=6, quorum 15
1. the leaders' commit lines
  R1_collect (proposal -> prepare QC): n=4345 p50 7.0 p90 35.0 p99 86.0 max 5759.0 ms
  R2_collect (prepare QC -> commit QC): n=4345 p50 6.0 p90 7.0 p99 14.0 max 18.0 ms
  total (proposal -> commit): n=4345 p50 61.0 p90 75.0 p99 141.0 max 5834.0 ms
  votes at formation: R1 median 15 max 15 (quorum 15); R2 median 15 max 15
2. vote collection at the traced leaders (first vote -> quorum -> last vote)
 R1 (vote), 3071 views:
    proposal -> first vote: n=3071 p50 2.9 p90 39.8 p99 86.8 max 151.7 ms
    first vote -> quorum: n=3071 p50 1.7 p90 2.4 p99 3.7 max 5749.1 ms
    quorum -> last vote: n=3071 p50 3.6 p90 4.0 p99 10.4 max 73.7 ms
    proposal -> last vote (the slowest key): n=3071 p50 8.4 p90 45.2 p99 91.2 max 5761.1 ms
   views with fewer than 20 votes received: 0
 R2 (commit_vote), 3071 views:
    proposal -> first vote: n=3071 p50 10.1 p90 47.4 p99 94.8 max 5761.7 ms
    first vote -> quorum: n=3071 p50 1.8 p90 2.4 p99 3.4 max 6.9 ms
    quorum -> last vote: n=3071 p50 5.9 p90 7.2 p99 16.5 max 137.6 ms
    proposal -> last vote (the slowest key): n=3071 p50 17.7 p90 55.6 p99 105.4 max 5771.0 ms
   views with fewer than 20 votes received: 0
3. the straggler rule and the loop
  proposal interval (same leader, consecutive views): n=4341 p50 61.4 p90 62.6 p99 102.3 max 5770.0 ms; >= 500 ms: 1
  no `slow step` lines
4. gossip propagation (proposal sent -> received at a traced follower)
    proposal arrival delay: n=9964 p50 0.3 p90 0.7 p99 1.4 max 12.3 ms
4b. the new fields (docs/E1_MANY_KEYS.md section 6), leaders' `block committed!` and `proposal sent` lines
    verify_us: n=4345 p50 5519.0 p90 5924.0 p99 6271.0 max 7256.0 us
    verify_n: n=4345 p50 37.0 p90 42.0 p99 45.0 max 46.0 
    verify_batches: n=4345 p50 3.0 p90 3.0 p99 3.0 max 5.0 
  verify_fallbacks: total 0 over 4345 blocks
    inbound_queue_max: n=4345 p50 0.0 p90 0.0 p99 0.0 max 0.0 
    gossip_poll_us: n=4345 p50 1783.0 p90 2237.0 p99 2972.0 max 5618.0 us
  straggler_waits (cumulative per leader log, summed over 5 leaders): 3; waits with straggler_wait_us > 0: 3 of 4346 proposals, p50 65.7 p90 104.8 max 104.8 ms, total 0.21 s
  direct votes at the leaders: received 0 (duplicates dropped 0); sent by those nodes 0, fallbacks to gossip 0; leaders led 4346 views = 173840 vote messages expected (2 rounds x 20); direct share of those 0.0%
5. validators
validators n=21: cpu total 6.03 cores, per key mean 0.287 median 0.274 max 0.326 (key 2) min 0.249; rss per key peak mean 0.273 max 0.285 G, sum of peaks 5.7 G; threads per key mean 55, total 1155
libp2p connections (last census of 5): 418 in all (a full mesh of 21 is 210); sockets per process min 19 median 20 max 20
== loop349K21  (E=1: seven validator keys on one execution layer)
  window 1: canonical 477 blocks, 95.4M tx = 3,180,000/s (100.0% of window 1), full 476/477 (100%); cycle mean/median/p90 62.9/61.3/68.2 ms
    leader builds 477: sealed_at median/p90/p99 51/69/88; phases median/p90 ms: gap_before_exec 6/33, state_wait 5/33, par 51/75, par_exec 21/26, roots 32/48, parent_fields 7/25, sealed 8/26
    state_wait_on {'output': 266, 'grandparent': 49, 'none': 161, 'open': 1}; builds with state_wait > 20 ms: 72 ([('grandparent', 45), ('output', 27)]); gp_layer {1.0: 477}, ggp_missing {0.0: 427, 1.0: 50}
    queue at the builds min/median 1,681,500/2,515,000
    new field batch_cpu_sum_us: median/p90/max 591083.0/717097.0/2262918, nonzero 477
    new field batch_dispatch_us: median/p90/max 209.0/298.0/3311, nonzero 477
    new field batch_first_start_us: median/p90/max 75.0/109.0/716, nonzero 477
    new field batch_ivcsw: median/p90/max 1.0/7.0/27, nonzero 287
    new field batch_last_end_us: median/p90/max 21696.0/26628.0/84597, nonzero 477
    new field batch_last_start_us: median/p90/max 16872.0/20615.0/60874, nonzero 477
    new field batch_live_deferred: median/p90/max 74.0/81.0/88, nonzero 477
    new field batch_live_lock_hold_us: median/p90/max 10375.0/12265.0/18543, nonzero 477
    new field batch_live_lock_wait_us: median/p90/max 0.0/0.0/0, nonzero 0
    new field batch_live_lock_waits: median/p90/max 0.0/0.0/0, nonzero 0
    new field batch_majflt: median/p90/max 0.0/0.0/0, nonzero 0
    new field batch_minflt: median/p90/max 787.0/8739.0/26436, nonzero 477
    new field batch_open_max_us: median/p90/max 404.0/492.0/3455, nonzero 477
    new field batch_open_sum_us: median/p90/max 9887.0/12322.0/16143, nonzero 477
    new field batch_threads: median/p90/max 32.0/32.0/32, nonzero 477
    new field batch_vcsw: median/p90/max 180.0/576.0/862, nonzero 477
    new field batch_view_index_wait_us: median/p90/max 0.0/24842.0/51004, nonzero 108
    new field batch_view_index_waits: median/p90/max 0.0/340.0/647, nonzero 108
    new field batch_view_slot_wait_us: median/p90/max 0.0/2288.0/20892, nonzero 112
    new field batch_view_slot_waits: median/p90/max 0.0/65.0/109, nonzero 112
    new field batch_wall_sum_us: median/p90/max 601808.0/739593.0/2264604, nonzero 477
    new field batches: median/p90/max 128.0/128.0/128, nonzero 477
    new field build_batches: median/p90/max 128.0/128.0/128, nonzero 477
    new field carried_depth: median/p90/max 1.0/1.0/1, nonzero 477
    new field exec_end_to_seal_us: median/p90/max 98.0/155.0/340, nonzero 477
    new field exec_partition_us: median/p90/max 6.0/9.0/1869, nonzero 477
    new field exec_prepared_groups: {'true': 474, 'false': 3}
    new field exec_prepared_slots: {'true': 474, 'false': 3}
    new field exec_slots_us: median/p90/max 0.0/0.0/1780, nonzero 4
    new field freeze_join_wait_us: median/p90/max 7499.0/16911.0/44064, nonzero 476
    new field freeze_late: {'true': 477}
    new field freeze_pool_own: {'true': 477}
    new field live_index_defer: {'true': 477}
    new field merge_accounts: median/p90/max 191401.0/194682.0/197842, nonzero 477
    new field merge_append_us: median/p90/max 2512.0/7156.0/13026, nonzero 477
    new field merge_early: {'false': 477}
    new field merge_join_wait_us: median/p90/max 0.0/0.0/0, nonzero 0
    new field merge_reverts: median/p90/max 191401.0/194682.0/197842, nonzero 477
    new field merge_reverts_us: median/p90/max 15443.0/21141.0/31176, nonzero 477
    new field merge_state_us: median/p90/max 39607.0/46332.0/67527, nonzero 477
    new field merge_tail_us: median/p90/max 0.0/0.0/1, nonzero 11
    new field merge_threads: median/p90/max 1.0/1.0/1, nonzero 477
    new field one_wave: {'false': 477}
    new field open_engine_us: median/p90/max 0.0/14596.0/71764, nonzero 50
    new field open_fallback: {'false': 427, 'true': 50}
    new field open_keep_us: median/p90/max 6.0/10.0/27, nonzero 477
    new field open_kept_accounts: median/p90/max 574258.0/581104.0/589654, nonzero 477
    new field open_layers: median/p90/max 3.0/3.0/3, nonzero 477
    new field open_provider_us: median/p90/max 101.0/167.0/423, nonzero 477
    new field plan_age_us: median/p90/max 49147.0/97423.0/148733, nonzero 477
    new field plan_ahead: median/p90/max 1.0/1.0/1, nonzero 477
    new field plan_body: median/p90/max 1.0/1.0/2, nonzero 477
    new field plan_body_us: median/p90/max 17394.0/20482.0/25420, nonzero 474
    new field plan_discard: {'': 477}
    new field plan_prep_us: median/p90/max 7508.0/13348.0/25561, nonzero 477
    new field plan_topup_txs: median/p90/max 0.0/0.0/0, nonzero 0
    new field prep_from_plan: {'true': 474, 'false': 3}
    new field prev_seal_to_answer_us: median/p90/max 1591.0/2739.0/5483, nonzero 477
    new field prev_seal_to_entry_us: median/p90/max 0.0/0.0/0, nonzero 0
    new field prev_seal_to_header_us: median/p90/max 183.0/281.0/447, nonzero 477
    new field prev_seal_to_import_us: median/p90/max 117592.0/144277.0/179108, nonzero 454
    new field prev_seal_to_request_us: median/p90/max 995.0/65419.0/86500, nonzero 477
    new field prev_seal_to_start_us: median/p90/max 1283.0/65695.0/86880, nonzero 477
    new field pull_bulk_txs: median/p90/max 200000.0/200000.0/200000, nonzero 477
    new field pull_bulk_us: median/p90/max 5.0/9.0/1541, nonzero 477
    new field receipts_late: {'false': 477}
    new field receipts_late_wait_us: median/p90/max 0.0/0.0/0, nonzero 0
    new field rename_fallbacks: median/p90/max 0.0/0.0/0, nonzero 0
    new field rename_record_waits: median/p90/max 0.0/0.0/0, nonzero 0
    new field root_apply_gap_us: median/p90/max 10.0/12.0/25, nonzero 477
    new field root_apply_total_us: median/p90/max 21581.0/30905.0/50888, nonzero 477
    new field root_compute_us: median/p90/max 23662.0/35512.0/52441, nonzero 477
    new field root_delta_us: median/p90/max 1225.0/3853.0/15966, nonzero 477
    new field root_index_us: median/p90/max 2825.0/6048.0/17972, nonzero 477
    new field root_leaves_us: median/p90/max 7201.0/11562.0/24155, nonzero 477
    new field root_note_us: median/p90/max 151.0/245.0/1359, nonzero 477
    new field root_ops_ahead: {'true': 477}
    new field root_ops_ahead_wait_us: median/p90/max 2941.0/11611.0/28051, nonzero 476
    new field root_ops_concat_us: median/p90/max 0.0/0.0/0, nonzero 0
    new field root_ops_encode_us: median/p90/max 5622.0/10820.0/21641, nonzero 477
    new field root_ops_finish_us: median/p90/max 2268.0/3176.0/10355, nonzero 477
    new field root_ops_sort_us: median/p90/max 3395.0/8089.0/21704, nonzero 477
    new field root_ops_us: median/p90/max 5391.0/15027.0/31138, nonzero 477
    new field root_rehash_us: median/p90/max 1406.0/1950.0/14269, nonzero 477
    new field root_retire_us: median/p90/max 1633.0/2810.0/8717, nonzero 477
    new field root_sort_us: median/p90/max 200.0/454.0/4727, nonzero 477
    new field root_undo_us: median/p90/max 354.0/670.0/3927, nonzero 477
    new field root_writes_us: median/p90/max 6868.0/10775.0/24089, nonzero 477
    new field seal_hashes_ahead: {'true': 477}
    new field seal_on_counters: {'true': 477}
    new field seal_to_complete_us: median/p90/max 111944.0/131086.0/151363, nonzero 477
    new field seal_to_frozen_us: median/p90/max 7507.0/16865.0/44035, nonzero 313
    new field seal_to_merge_end_us: median/p90/max 111843.0/131005.0/151294, nonzero 477
    new field seal_to_merge_start_us: median/p90/max 50928.0/66683.0/82988, nonzero 477
    new field seal_to_ops_ahead_us: median/p90/max 20901.0/32992.0/56300, nonzero 477
    new field seal_to_shards_ready_us: median/p90/max 13940.0/22448.0/48037, nonzero 477
    new field seal_to_state_ready_us: median/p90/max 111849.0/131016.0/151302, nonzero 477
    new field sealed_unix_us: median/p90/max 1791462969037380.0/1791462981089245.0/1791462983980469, nonzero 477
    new field start_walk_check_us: median/p90/max 0.0/0.0/0, nonzero 0
    new field start_walk_ids_us: median/p90/max 0.0/0.0/0, nonzero 0
    new field start_walk_settle_us: median/p90/max 0.0/0.0/0, nonzero 0
    new field start_walk_us: median/p90/max 0.0/0.0/0, nonzero 0
    new field state_wait_us: median/p90/max 5886.0/33334.0/91767, nonzero 477
    new field view_journal_reads: median/p90/max 4096.0/86016.0/184320, nonzero 240
    new field view_journal_searches: median/p90/max 11270.0/225894.0/541010, nonzero 240
    new field view_journal_skips: median/p90/max 0.0/0.0/0, nonzero 0
    new field whole_take_noted: {'true': 477}
    binding wait (tick / quorum / seal share, mean cycle): tick 99% (63); quorum 0% (124); seal 1% (74); feed-bound (blocks under 95% of the tier): 1 of 477
    slowest key vote delay median/p90 11.6/42.2 ms
    engine own-import total_ms per block median/p90/max 36/54/83 (n=476)
    layer RSS 4.7 -> 28.4 G (max 28.4), in-memory blocks max 10
    execution layer cores busy 35.8    validators cores busy 6.2
    flood delivered (median per 5 s over the leg) 3,082,674/s
  window 2: canonical 455 blocks, 91.0M tx = 3,033,333/s (95.4% of window 1), full 455/455 (100%); cycle mean/median/p90 62.7/61.4/68.0 ms
    leader builds 457: sealed_at median/p90/p99 53/74/112; phases median/p90 ms: gap_before_exec 6/48, state_wait 6/47, par 52/81, par_exec 20/26, roots 34/50, parent_fields 7/25, sealed 8/26
    state_wait_on {'output': 207, 'none': 149, 'grandparent': 101}; builds with state_wait > 20 ms: 90 ([('grandparent', 87), ('output', 3)]); gp_layer {1.0: 457}, ggp_missing {0.0: 350, 1.0: 107}
    queue at the builds min/median 2,268,000/2,517,000
    new field batch_cpu_sum_us: median/p90/max 561238.0/679993.0/2081265, nonzero 457
    new field batch_dispatch_us: median/p90/max 213.0/303.0/671, nonzero 457
    new field batch_first_start_us: median/p90/max 75.0/115.0/227, nonzero 457
    new field batch_ivcsw: median/p90/max 0.0/7.0/36, nonzero 219
    new field batch_last_end_us: median/p90/max 20464.0/26489.0/70793, nonzero 457
    new field batch_last_start_us: median/p90/max 15792.0/19485.0/61969, nonzero 457
    new field batch_live_deferred: median/p90/max 73.0/81.0/148, nonzero 457
    new field batch_live_lock_hold_us: median/p90/max 9974.0/11891.0/19952, nonzero 457
    new field batch_live_lock_wait_us: median/p90/max 0.0/0.0/0, nonzero 0
    new field batch_live_lock_waits: median/p90/max 0.0/0.0/0, nonzero 0
    new field batch_majflt: median/p90/max 0.0/0.0/0, nonzero 0
    new field batch_minflt: median/p90/max 1123.0/10500.0/28858, nonzero 457
    new field batch_open_max_us: median/p90/max 405.0/496.0/6134, nonzero 457
    new field batch_open_sum_us: median/p90/max 9780.0/12474.0/27623, nonzero 457
    new field batch_threads: median/p90/max 32.0/32.0/32, nonzero 457
    new field batch_vcsw: median/p90/max 182.0/524.0/1158, nonzero 457
    new field batch_view_index_wait_us: median/p90/max 0.0/23191.0/60631, nonzero 97
    new field batch_view_index_waits: median/p90/max 0.0/310.0/862, nonzero 97
    new field batch_view_slot_wait_us: median/p90/max 0.0/2012.0/4424, nonzero 109
    new field batch_view_slot_waits: median/p90/max 0.0/53.0/138, nonzero 109
    new field batch_wall_sum_us: median/p90/max 564813.0/691902.0/2084022, nonzero 457
    new field batches: median/p90/max 128.0/128.0/128, nonzero 457
    new field build_batches: median/p90/max 128.0/128.0/128, nonzero 457
    new field carried_depth: median/p90/max 1.0/1.0/1, nonzero 457
    new field exec_end_to_seal_us: median/p90/max 98.0/149.0/596, nonzero 457
    new field exec_partition_us: median/p90/max 6.0/9.0/1911, nonzero 457
    new field exec_prepared_groups: {'true': 443, 'false': 14}
    new field exec_prepared_slots: {'true': 443, 'false': 14}
    new field exec_slots_us: median/p90/max 0.0/0.0/2010, nonzero 14
    new field freeze_join_wait_us: median/p90/max 5758.0/14425.0/23285, nonzero 457
    new field freeze_late: {'true': 457}
    new field freeze_pool_own: {'true': 457}
    new field live_index_defer: {'true': 457}
    new field merge_accounts: median/p90/max 192299.0/195298.0/198418, nonzero 457
    new field merge_append_us: median/p90/max 2715.0/7554.0/23786, nonzero 457
    new field merge_early: {'false': 457}
    new field merge_join_wait_us: median/p90/max 0.0/0.0/0, nonzero 0
    new field merge_reverts: median/p90/max 192299.0/195298.0/198418, nonzero 457
    new field merge_reverts_us: median/p90/max 15252.0/21762.0/35755, nonzero 457
    new field merge_state_us: median/p90/max 39345.0/47787.0/63553, nonzero 457
    new field merge_tail_us: median/p90/max 0.0/0.0/1, nonzero 21
    new field merge_threads: median/p90/max 1.0/1.0/1, nonzero 457
    new field one_wave: {'false': 457}
    new field open_engine_us: median/p90/max 0.0/40209.0/91313, nonzero 107
    new field open_fallback: {'false': 350, 'true': 107}
    new field open_keep_us: median/p90/max 6.0/10.0/30, nonzero 457
    new field open_kept_accounts: median/p90/max 577006.0/584021.0/591604, nonzero 457
    new field open_layers: median/p90/max 3.0/3.0/3, nonzero 457
    new field open_provider_us: median/p90/max 94.0/151.0/808, nonzero 457
    new field plan_age_us: median/p90/max 50687.0/101848.0/148193, nonzero 456
    new field plan_ahead: median/p90/max 1.0/1.0/1, nonzero 456
    new field plan_body: median/p90/max 1.0/1.0/2, nonzero 456
    new field plan_body_us: median/p90/max 17696.0/22365.0/27559, nonzero 443
    new field plan_discard: {'': 456, 'not_on_its_parent': 1}
    new field plan_prep_us: median/p90/max 7752.0/15482.0/29324, nonzero 456
    new field plan_topup_txs: median/p90/max 0.0/0.0/0, nonzero 0
    new field prep_from_plan: {'true': 443, 'false': 14}
    new field prev_seal_to_answer_us: median/p90/max 1767.0/3174.0/6894, nonzero 457
    new field prev_seal_to_entry_us: median/p90/max 0.0/0.0/0, nonzero 0
    new field prev_seal_to_header_us: median/p90/max 181.0/312.0/831, nonzero 457
    new field prev_seal_to_import_us: median/p90/max 122189.0/159994.0/221775, nonzero 421
    new field prev_seal_to_request_us: median/p90/max 1027.0/65968.0/109822, nonzero 457
    new field prev_seal_to_start_us: median/p90/max 1328.0/66207.0/110118, nonzero 457
    new field pull_bulk_txs: median/p90/max 200000.0/200000.0/200000, nonzero 457
    new field pull_bulk_us: median/p90/max 6.0/9.0/2791, nonzero 457
    new field receipts_late: {'false': 457}
    new field receipts_late_wait_us: median/p90/max 0.0/0.0/0, nonzero 0
    new field rename_fallbacks: median/p90/max 0.0/0.0/0, nonzero 0
    new field rename_record_waits: median/p90/max 0.0/0.0/0, nonzero 0
    new field root_apply_gap_us: median/p90/max 11.0/14.0/21, nonzero 457
    new field root_apply_total_us: median/p90/max 22953.0/34022.0/50463, nonzero 457
    new field root_compute_us: median/p90/max 25313.0/37558.0/83353, nonzero 457
    new field root_delta_us: median/p90/max 1201.0/3881.0/16706, nonzero 457
    new field root_index_us: median/p90/max 2948.0/6106.0/16232, nonzero 457
    new field root_leaves_us: median/p90/max 7163.0/11659.0/25650, nonzero 457
    new field root_note_us: median/p90/max 147.0/226.0/1568, nonzero 457
    new field root_ops_ahead: {'true': 457}
    new field root_ops_ahead_wait_us: median/p90/max 3446.0/10839.0/28081, nonzero 455
    new field root_ops_concat_us: median/p90/max 0.0/0.0/0, nonzero 0
    new field root_ops_encode_us: median/p90/max 6165.0/11322.0/24099, nonzero 457
    new field root_ops_finish_us: median/p90/max 2266.0/3199.0/8310, nonzero 457
    new field root_ops_sort_us: median/p90/max 3219.0/7777.0/12787, nonzero 457
    new field root_ops_us: median/p90/max 5755.0/13704.0/30116, nonzero 457
    new field root_rehash_us: median/p90/max 2100.0/2973.0/17486, nonzero 457
    new field root_retire_us: median/p90/max 1805.0/3074.0/8221, nonzero 457
    new field root_sort_us: median/p90/max 203.0/506.0/3704, nonzero 457
    new field root_undo_us: median/p90/max 356.0/708.0/3666, nonzero 457
    new field root_writes_us: median/p90/max 7118.0/11432.0/27265, nonzero 457
    new field seal_hashes_ahead: {'true': 457}
    new field seal_on_counters: {'true': 457}
    new field seal_to_complete_us: median/p90/max 111838.0/132011.0/163611, nonzero 457
    new field seal_to_frozen_us: median/p90/max 5721.0/14348.0/23254, nonzero 276
    new field seal_to_merge_end_us: median/p90/max 111737.0/131917.0/163490, nonzero 457
    new field seal_to_merge_start_us: median/p90/max 51975.0/68204.0/114108, nonzero 457
    new field seal_to_ops_ahead_us: median/p90/max 20546.0/29858.0/44987, nonzero 457
    new field seal_to_shards_ready_us: median/p90/max 13437.0/19364.0/26712, nonzero 457
    new field seal_to_state_ready_us: median/p90/max 111743.0/131921.0/163501, nonzero 457
    new field sealed_unix_us: median/p90/max 1791462998712470.0/1791463010685658.0/1791463014013145, nonzero 457
    new field start_walk_check_us: median/p90/max 0.0/0.0/135, nonzero 1
    new field start_walk_ids_us: median/p90/max 0.0/0.0/454, nonzero 1
    new field start_walk_settle_us: median/p90/max 0.0/0.0/0, nonzero 0
    new field start_walk_us: median/p90/max 0.0/0.0/4269, nonzero 1
    new field state_wait_us: median/p90/max 6140.0/47512.0/110779, nonzero 457
    new field view_journal_reads: median/p90/max 0.0/77824.0/151552, nonzero 212
    new field view_journal_searches: median/p90/max 0.0/213450.0/392950, nonzero 212
    new field view_journal_skips: median/p90/max 0.0/0.0/0, nonzero 0
    new field whole_take_noted: {'true': 457}
    binding wait (tick / quorum / seal share, mean cycle): tick 99% (62); quorum 1% (116); seal 0%; feed-bound (blocks under 95% of the tier): 0 of 455
    slowest key vote delay median/p90 14.8/45.8 ms
    engine own-import total_ms per block median/p90/max 41/67/96 (n=455)
    layer RSS 27.2 -> 34.4 G (max 34.4), in-memory blocks max 10
    execution layer cores busy 34.7    validators cores busy 6.0
  window 3: canonical 446 blocks, 89.2M tx = 2,973,333/s (93.5% of window 1), full 446/446 (100%); cycle -
    leader builds 445: sealed_at median/p90/p99 57/83/112; phases median/p90 ms: gap_before_exec 10/52, state_wait 9/52, par 60/94, par_exec 21/31, roots 33/52, parent_fields 9/28, sealed 10/29
    state_wait_on {'output': 243, 'grandparent': 104, 'none': 96, 'open': 1, 'layer_release': 1}; builds with state_wait > 20 ms: 110 ([('grandparent', 92), ('output', 18)]); gp_layer {1.0: 445}, ggp_missing {0.0: 334, 1.0: 111}
    queue at the builds min/median 2,246,500/2,516,000
    new field batch_cpu_sum_us: median/p90/max 585796.0/736758.0/1488425, nonzero 445
    new field batch_dispatch_us: median/p90/max 206.0/283.0/699, nonzero 445
    new field batch_first_start_us: median/p90/max 75.0/115.0/208, nonzero 445
    new field batch_ivcsw: median/p90/max 1.0/7.0/26, nonzero 223
    new field batch_last_end_us: median/p90/max 21712.0/31686.0/96986, nonzero 445
    new field batch_last_start_us: median/p90/max 16971.0/21506.0/71661, nonzero 445
    new field batch_live_deferred: median/p90/max 74.0/83.0/175, nonzero 445
    new field batch_live_lock_hold_us: median/p90/max 10950.0/13851.0/25390, nonzero 445
    new field batch_live_lock_wait_us: median/p90/max 0.0/0.0/0, nonzero 0
    new field batch_live_lock_waits: median/p90/max 0.0/0.0/0, nonzero 0
    new field batch_majflt: median/p90/max 0.0/0.0/8778, nonzero 27
    new field batch_minflt: median/p90/max 970.0/12108.0/34619, nonzero 445
    new field batch_open_max_us: median/p90/max 418.0/507.0/3270, nonzero 445
    new field batch_open_sum_us: median/p90/max 10419.0/12793.0/19899, nonzero 445
    new field batch_threads: median/p90/max 32.0/32.0/32, nonzero 445
    new field batch_vcsw: median/p90/max 199.0/649.0/9066, nonzero 445
    new field batch_view_index_wait_us: median/p90/max 0.0/23631.0/46322, nonzero 128
    new field batch_view_index_waits: median/p90/max 0.0/293.0/572, nonzero 128
    new field batch_view_slot_wait_us: median/p90/max 0.0/1887.0/9348, nonzero 132
    new field batch_view_slot_waits: median/p90/max 0.0/60.0/113, nonzero 132
    new field batch_wall_sum_us: median/p90/max 606888.0/798197.0/2778382, nonzero 445
    new field batches: median/p90/max 128.0/128.0/128, nonzero 445
    new field build_batches: median/p90/max 128.0/128.0/128, nonzero 445
    new field carried_depth: median/p90/max 1.0/1.0/1, nonzero 445
    new field exec_end_to_seal_us: median/p90/max 90.0/156.0/603, nonzero 445
    new field exec_partition_us: median/p90/max 6.0/8.0/2977, nonzero 445
    new field exec_prepared_groups: {'true': 442, 'false': 3}
    new field exec_prepared_slots: {'true': 442, 'false': 3}
    new field exec_slots_us: median/p90/max 0.0/0.0/1951, nonzero 4
    new field freeze_join_wait_us: median/p90/max 7257.0/18317.0/26346, nonzero 445
    new field freeze_late: {'true': 445}
    new field freeze_pool_own: {'true': 445}
    new field live_index_defer: {'true': 445}
    new field merge_accounts: median/p90/max 191933.0/195035.0/197864, nonzero 445
    new field merge_append_us: median/p90/max 2422.0/7744.0/20596, nonzero 445
    new field merge_early: {'false': 445}
    new field merge_join_wait_us: median/p90/max 0.0/0.0/0, nonzero 0
    new field merge_reverts: median/p90/max 191933.0/195035.0/197864, nonzero 445
    new field merge_reverts_us: median/p90/max 15047.0/21091.0/49506, nonzero 445
    new field merge_state_us: median/p90/max 39245.0/48373.0/62912, nonzero 445
    new field merge_tail_us: median/p90/max 0.0/0.0/4, nonzero 12
    new field merge_threads: median/p90/max 1.0/1.0/1, nonzero 445
    new field one_wave: {'false': 445}
    new field open_engine_us: median/p90/max 0.0/40263.0/95979, nonzero 111
    new field open_fallback: {'false': 334, 'true': 111}
    new field open_keep_us: median/p90/max 7.0/10.0/5223, nonzero 445
    new field open_kept_accounts: median/p90/max 575602.0/582344.0/588320, nonzero 445
    new field open_layers: median/p90/max 3.0/3.0/3, nonzero 445
    new field open_provider_us: median/p90/max 100.0/179.0/2330, nonzero 445
    new field plan_age_us: median/p90/max 54133.0/93089.0/186241, nonzero 445
    new field plan_ahead: median/p90/max 1.0/1.0/1, nonzero 445
    new field plan_body: median/p90/max 1.0/1.0/2, nonzero 445
    new field plan_body_us: median/p90/max 17309.0/21270.0/26401, nonzero 442
    new field plan_discard: {'': 445}
    new field plan_prep_us: median/p90/max 6984.0/13563.0/79473, nonzero 445
    new field plan_topup_txs: median/p90/max 0.0/0.0/0, nonzero 0
    new field prep_from_plan: {'true': 442, 'false': 3}
    new field prev_seal_to_answer_us: median/p90/max 1942.0/3509.0/6438, nonzero 445
    new field prev_seal_to_entry_us: median/p90/max 0.0/0.0/0, nonzero 0
    new field prev_seal_to_header_us: median/p90/max 199.0/325.0/1087, nonzero 445
    new field prev_seal_to_import_us: median/p90/max 129646.0/161066.0/209806, nonzero 399
    new field prev_seal_to_request_us: median/p90/max 1019.0/1665.0/95492, nonzero 445
    new field prev_seal_to_start_us: median/p90/max 1316.0/2447.0/95679, nonzero 445
    new field pull_bulk_txs: median/p90/max 200000.0/200000.0/200000, nonzero 445
    new field pull_bulk_us: median/p90/max 5.0/8.0/1188, nonzero 445
    new field receipts_late: {'false': 445}
    new field receipts_late_wait_us: median/p90/max 0.0/0.0/7, nonzero 1
    new field rename_fallbacks: median/p90/max 0.0/0.0/0, nonzero 0
    new field rename_record_waits: median/p90/max 0.0/0.0/0, nonzero 0
    new field root_apply_gap_us: median/p90/max 11.0/14.0/17, nonzero 445
    new field root_apply_total_us: median/p90/max 23344.0/33567.0/52513, nonzero 445
    new field root_compute_us: median/p90/max 25699.0/37131.0/56231, nonzero 445
    new field root_delta_us: median/p90/max 1249.0/2659.0/14176, nonzero 445
    new field root_index_us: median/p90/max 2834.0/5611.0/15819, nonzero 445
    new field root_leaves_us: median/p90/max 7095.0/12159.0/37711, nonzero 445
    new field root_note_us: median/p90/max 138.0/221.0/840, nonzero 445
    new field root_ops_ahead: {'true': 445}
    new field root_ops_ahead_wait_us: median/p90/max 3311.0/9819.0/131955, nonzero 445
    new field root_ops_concat_us: median/p90/max 0.0/0.0/0, nonzero 0
    new field root_ops_encode_us: median/p90/max 5778.0/10696.0/112128, nonzero 445
    new field root_ops_finish_us: median/p90/max 2360.0/3660.0/9584, nonzero 445
    new field root_ops_sort_us: median/p90/max 3286.0/8239.0/25571, nonzero 445
    new field root_ops_us: median/p90/max 5859.0/12688.0/134828, nonzero 445
    new field root_rehash_us: median/p90/max 2593.0/4320.0/17803, nonzero 445
    new field root_retire_us: median/p90/max 1907.0/2900.0/8199, nonzero 445
    new field root_sort_us: median/p90/max 209.0/502.0/3198, nonzero 445
    new field root_undo_us: median/p90/max 350.0/653.0/2090, nonzero 445
    new field root_writes_us: median/p90/max 7075.0/10682.0/30932, nonzero 445
    new field seal_hashes_ahead: {'true': 445}
    new field seal_on_counters: {'true': 445}
    new field seal_to_complete_us: median/p90/max 114552.0/134879.0/243380, nonzero 445
    new field seal_to_frozen_us: median/p90/max 7223.0/18300.0/26289, nonzero 282
    new field seal_to_merge_end_us: median/p90/max 114488.0/134783.0/243304, nonzero 445
    new field seal_to_merge_start_us: median/p90/max 53728.0/71007.0/192316, nonzero 445
    new field seal_to_ops_ahead_us: median/p90/max 21465.0/32000.0/153603, nonzero 445
    new field seal_to_shards_ready_us: median/p90/max 13665.0/22846.0/30077, nonzero 445
    new field seal_to_state_ready_us: median/p90/max 114493.0/134792.0/243310, nonzero 445
    new field sealed_unix_us: median/p90/max 1791463028799667.0/1791463040602930.0/1791463043936175, nonzero 445
    new field start_walk_check_us: median/p90/max 0.0/0.0/0, nonzero 0
    new field start_walk_ids_us: median/p90/max 0.0/0.0/0, nonzero 0
    new field start_walk_settle_us: median/p90/max 0.0/0.0/0, nonzero 0
    new field start_walk_us: median/p90/max 0.0/0.0/0, nonzero 0
    new field state_wait_us: median/p90/max 9845.0/52291.0/116407, nonzero 445
    new field view_journal_reads: median/p90/max 0.0/69632.0/139264, nonzero 218
    new field view_journal_searches: median/p90/max 0.0/195879.0/516507, nonzero 218
    new field view_journal_skips: median/p90/max 0.0/0.0/0, nonzero 0
    new field whole_take_noted: {'true': 445}
    engine own-import total_ms per block median/p90/max 47/71/115 (n=447)
    layer RSS 33.7 -> 40.2 G (max 40.4), in-memory blocks max 11
    execution layer cores busy 34.7    validators cores busy 5.9
  round total (3 windows, canonical): 275.6M tx
  layer peak RSS 40.4 G; in-memory blocks max 11
  fields at seal: mode "early", verified 0, unchecked 0, mismatches 0 (last build line, cumulative)
  own_executed_again (built here and also directly imported): 0 of 1425 built blocks
== loop349K21
  layer-0 leader window-1 builds 477: txs mean 200000, share >= 95% of the tier 100% (max 200000); sealed_at_ms 51.0/69.0; par_ms 52.0/75.0; par_exec_ms 21.0/26.0; roots_ms 32.0/48.0; parent_fields_ms 7.0/25.0; sealed_ms 8.0/26.0
  proposal cycle window 1 (n=493): mean 62.9 median 61.3 p90 68.2 ms; blocks in the 30 s: 493
  binding wait (tick / quorum / seal, share and mean cycle): tick 99.0% (62.7); quorum 0.2% (123.7); seal 0.8% (72.8)
  vote delay after the proposal, slowest key per block: median 11.6 p90 42.2 ms (slowest minus the median key: median 0.3); last key: {1: 83, 2: 67, 3: 90, 4: 87, 5: 69, 6: 81} of 477 blocks
  CPU in window 1 (cores busy): execution layers 35.8 over 1 process(es); validators 6.2 over 21 process(es)
  execution layer peak RSS 40.4 G; in-memory blocks max 11 (node0 and others, all layers)
  blocks built here 1425; none also directly imported
  import-once counters at the last direct import: ; start-up lines with import_once=true: 1; queue-lock lines 0
  layer-0 queue (queued after canonical prune), median per 10 s: t+0:2461000 t+20:2478000 t+40:2475000 t+60:2417500 t+80:2420000
  flood: median per 5 s 3082674/s, final -
  timeout / given-up lines: 0; 
loop349K21 page_faults_per_s_median: node0=183603 
feedcheck loop349K21: ok (block 200,000 tx)
== loop349K21: feed check (acq_us / gate_us / reply_us are per frame of 500; rate per 5 s `ingest` line)
  window 1: ingest lines 6; acq_us 469 (max 3564); gate_us 6884; reply_us 7453; slots_busy 13%; delivered median 3,155,150/s max 3,250,212/s; queue at builds median 2,515,000 min 1,681,500; full 100% of 477 blocks
  window 2: ingest lines 6; acq_us 471 (max 482); gate_us 7078; reply_us 7652; slots_busy 13%; delivered median 3,129,440/s max 3,248,672/s; queue at builds median 2,517,000 min 2,268,000; full 100% of 455 blocks
  window 3: ingest lines 6; acq_us 472 (max 486); gate_us 7490; reply_us 8064; slots_busy 12%; delivered median 3,018,434/s max 3,102,190/s; queue at builds median 2,516,000 min 2,246,500; full 100% of 446 blocks
  flood.log (+15..+100 s): rate per 5 s median 3,024,870/s max 3,277,809/s; reply latency median 62.6 ms max 68.7 ms
== loop349K21: lanes lock, drain and pruner (new fields)
  window 1: lock duty 56.0% (max 60.0); holds/5s 2,256; longest hold 24.40 ms median, 30.99 ms max by crates/n42/tx-queue/src/lib.rs:2046 (most frequent holders [('crates/n42/tx-queue/src/lib.rs:2046', 5), ('crates/n42/tx-queue/src/lib.rs:2576', 1)]); lock wait 2507.2 ms/5s, longest 31.01 ms; drains/5s 980 of 16126 tx, mean 1359 us, max 20.72 ms
           prune (452 blocks): prune_ms 33/52; fold 0.6 ms, lock 0.0 ms, remove(hold) 9.2 ms, free 0.0 ms; frames_swept 400; coalesced on 452 of 452; prune_wait_ms 0/0; pruner busy 51% of a thread, lock held by it 1.6%
  window 2: lock duty 59.5% (max 63.0); holds/5s 2,166; longest hold 29.29 ms median, 37.85 ms max by crates/n42/tx-queue/src/lib.rs:2046 (most frequent holders [('crates/n42/tx-queue/src/lib.rs:2046', 3), ('crates/n42/tx-queue/src/lib.rs:1766', 1)]); lock wait 3105.4 ms/5s, longest 37.89 ms; drains/5s 930 of 16871 tx, mean 1562 us, max 22.00 ms
           prune (415 blocks): prune_ms 35/63; fold 0.6 ms, lock 0.0 ms, remove(hold) 9.5 ms, free 0.0 ms; frames_swept 400; coalesced on 415 of 415; prune_wait_ms 0/0; pruner busy 52% of a thread, lock held by it 2.2%
  window 3: lock duty 56.5% (max 58.0); holds/5s 2,078; longest hold 33.07 ms median, 35.36 ms max by crates/n42/tx-queue/src/lib.rs:2046 (most frequent holders [('crates/n42/tx-queue/src/lib.rs:2046', 5), ('crates/n42/tx-queue/src/lib.rs:2692', 1)]); lock wait 2408.5 ms/5s, longest 35.40 ms; drains/5s 956 of 15756 tx, mean 1396 us, max 21.41 ms
           prune (406 blocks): prune_ms 34/56; fold 0.5 ms, lock 0.0 ms, remove(hold) 10.3 ms, free 0.0 ms; frames_swept 400; coalesced on 406 of 406; prune_wait_ms 0/0; pruner busy 49% of a thread, lock held by it 1.3%
== loop349K21: pruner (per block; busy = sum prune_ms / 30 s, lock = sum (remove_us + settle_us) / 30 s)
  window 1: 452 prunes; prune_ms 33/52; remove_us 9.2/18.7 ms; forget_us 2.9/4.9 ms; settle_us 3.2 ms; pruner busy 51% of a worker; lanes lock held for removal 22%
  window 2: 415 prunes; prune_ms 35/63; remove_us 9.5/22.2 ms; forget_us 2.9/5.5 ms; settle_us 3.2 ms; pruner busy 52% of a worker; lanes lock held for removal 23%
  window 3: 406 prunes; prune_ms 34/56; remove_us 10.3/21.5 ms; forget_us 3.1/5.9 ms; settle_us 3.3 ms; pruner busy 49% of a worker; lanes lock held for removal 22%
== loop349K21: seal start / pull, prepared plan, answer, chunked drain
  window 1: 477 builds; start_best_ms 4/15; start_walk_us 0/0; start_pull_ms 0/0; par_pull_ms 0/0; par_start_ms 4/15; par_ms 51/75; sealed_at_ms 51/69; pull_bulk_us 5/9; pull_bulk_txs 200000/200000; plan_age_us 49147/97423; plan_prep_us 7508/13348; plan_topup_txs 0/0
           plan_ahead {'1': 477}; plan_discard {'': 477}
           answer: built-ahead bytes median/max 15,243/15,245, layout_only {'true': 477}; proposal sent bytes median/max 15,243/15,245, layout_only {'true': 476}
           drain: chunks/5s 813, chunk max 8,192 tx, finished by others/5s 64; plan_discards (last ingest line) -
  window 2: 457 builds; start_best_ms 4/16; start_walk_us 0/0; start_pull_ms 0/0; par_pull_ms 0/0; par_start_ms 4/16; par_ms 52/81; sealed_at_ms 53/74; pull_bulk_us 6/9; pull_bulk_txs 200000/200000; plan_age_us 50687/101848; plan_prep_us 7752/15482; plan_topup_txs 0/0
           plan_ahead {'1': 456, '0': 1}; plan_discard {'': 456, 'not_on_its_parent': 1}
           answer: built-ahead bytes median/max 15,245/15,245, layout_only {'true': 456}; proposal sent bytes median/max 15,245/15,245, layout_only {'true': 456}
           drain: chunks/5s 768, chunk max 8,192 tx, finished by others/5s 66; plan_discards (last ingest line) -
  window 3: 445 builds; start_best_ms 3/14; start_walk_us 0/0; start_pull_ms 0/0; par_pull_ms 0/0; par_start_ms 3/15; par_ms 60/94; sealed_at_ms 57/83; pull_bulk_us 5/8; pull_bulk_txs 200000/200000; plan_age_us 54133/93089; plan_prep_us 6984/13563; plan_topup_txs 0/0
           plan_ahead {'1': 445}; plan_discard {'': 445}
           answer: built-ahead bytes median/max 15,245/15,245, layout_only {'true': 446}; proposal sent bytes median/max 15,245/15,245, layout_only {'true': 446}
           drain: chunks/5s 810, chunk max 8,192 tx, finished by others/5s 52; plan_discards (last ingest line) -
== loop349K21: persistence per window (ms per block = part sum / blocks persisted)
  window 1: persisted 471 of 477 produced (99%); total 32.5, sf_tx 29.0, sf_rcpt 6.5, sf_acct 13.9, sf_send 11.9, scope 29.1, qmdb 14.7, post 0.0, pre 3.4, plain_rev 3.4, commit_sf 0.6, commit_mdbx 0.1, commit_rocks 0.0; longest task sf_tx 29.0; in-memory 7 -> 10 (max 10); RSS 4.7 -> 27.2 G; lag 8 -> 9 = +2.0 blocks/min; bp max 0
  window 2: persisted 456 of 455 produced (100%); total 34.4, sf_tx 30.5, sf_rcpt 6.8, sf_acct 14.3, sf_send 11.8, scope 30.7, qmdb 16.5, post 0.0, pre 3.7, plain_rev 3.7, commit_sf 0.8, commit_mdbx 0.1, commit_rocks 0.1; longest task sf_tx 30.5; in-memory 10 -> 8 (max 10); RSS 27.2 -> 33.7 G; lag 9 -> 8 = -2.0 blocks/min; bp max 0
  window 3: persisted 447 of 446 produced (100%); total 36.1, sf_tx 31.5, sf_rcpt 6.4, sf_acct 13.9, sf_send 11.6, scope 32.6, qmdb 17.9, post 0.0, pre 3.5, plain_rev 3.5, commit_sf 0.9, commit_mdbx 0.1, commit_rocks 0.1; longest task sf_tx 31.5; in-memory 8 -> 8 (max 11); RSS 33.7 -> 40.4 G; lag 8 -> 8 = +0.0 blocks/min; bp max 0
  leg end: in-memory 7, max over the sampler 11, backpressure stalls 0
== loop349K21: execution and root fields (median / p90 per block); over 1423 full builds: rename_fallbacks total 0, rename_record_waits total 0, carried_depth values ['1']
    folded lines 478: pending_max max 88 (median 73); pending_us_max max 25,407; drops_max max 78503
    flags: seal_on_counters true:477; freeze_pool_own true:477; plan_body 1:474/2:3; prep_from_plan false:3/true:474; plan_ahead 1:477; seal per 1,000 transfers 0.255 ms
  window 1 (477 builds): on-CPU share 1.00/1.00; CPU per transfer 2.96/3.59 us; sealed_at_ms 51/69; par_exec_ms 21/26; par_fold_ms 8/17; index_ms 14/21; par_start_ms 4/15; gap_before_exec_ms 6/33; state_wait_us 5,886/33,334; parent_fields_ms 7/25; roots_ms 32/48; seal_to_fields_us 50,748/66,582; seal_to_complete_us 111,944/131,086; rename_fallbacks 0/0; rename_record_waits 0/0; carried_depth 1/1; plan_body_us 17,394/20,482; batch_max_ms 8/12; tx_root_ms 1/1; sealed_ms 8/26
    folded lines 457: pending_max max 87 (median 72); pending_us_max max 16,271; drops_max max 33317
    flags: seal_on_counters true:457; freeze_pool_own true:457; plan_body 0:1/1:443/2:13; prep_from_plan false:14/true:443; plan_ahead 0:1/1:456; seal per 1,000 transfers 0.265 ms
  window 2 (457 builds): on-CPU share 1.00/1.00; CPU per transfer 2.81/3.40 us; sealed_at_ms 53/74; par_exec_ms 20/26; par_fold_ms 7/14; index_ms 13/16; par_start_ms 4/16; gap_before_exec_ms 6/48; state_wait_us 6,140/47,512; parent_fields_ms 7/25; roots_ms 34/50; seal_to_fields_us 51,837/68,021; seal_to_complete_us 111,838/132,011; rename_fallbacks 0/0; rename_record_waits 0/0; carried_depth 1/1; plan_body_us 17,696/22,365; batch_max_ms 8/12; tx_root_ms 1/1; sealed_ms 8/26
    folded lines 445: pending_max max 92 (median 73); pending_us_max max 18,705; drops_max max 33067
    flags: seal_on_counters true:445; freeze_pool_own true:445; plan_body 1:442/2:3; prep_from_plan false:3/true:442; plan_ahead 1:445; seal per 1,000 transfers 0.285 ms
  window 3 (445 builds): on-CPU share 1.00/1.00; CPU per transfer 2.93/3.68 us; sealed_at_ms 57/83; par_exec_ms 21/31; par_fold_ms 8/18; index_ms 15/21; par_start_ms 3/15; gap_before_exec_ms 10/52; state_wait_us 9,845/52,291; parent_fields_ms 9/28; roots_ms 33/52; seal_to_fields_us 53,617/70,904; seal_to_complete_us 114,552/134,879; rename_fallbacks 0/0; rename_record_waits 0/0; carried_depth 1/1; plan_body_us 17,309/21,270; batch_max_ms 9/17; tx_root_ms 1/1; sealed_ms 10/29
== loop349K21: 4346 proposals; proposal -> quorum (leader's commit) median 14.7 / p90 42.7 / max 161.8 ms; proposal interval median 61.4 / p90 62.6 ms; TC formed lines 0; leader views timed out 0; ParentUnknown lines 0
   handover at view 1024: proposal intervals (view, ms) [(1023, 61), (1024, 126), (1025, 118), (1026, 57), (1027, 61)] against the median 61 ms
   handover at view 2048: proposal intervals (view, ms) [(2047, 61), (2048, 61), (2049, 61), (2050, 62), (2051, 61)] against the median 61 ms
   handover at view 3072: proposal intervals (view, ms) [(3071, 62), (3072, 62), (3073, 62), (3074, 62), (3075, 62)] against the median 61 ms
   handover at view 4096: proposal intervals (view, ms) [(4095, 61), (4096, 62), (4097, 62), (4098, 62), (4099, 62)] against the median 61 ms
     block 1025 (view 1024): sealed_at_ms 112, gap_before_exec_ms 18, parent_fields_ms 76, rename_fallbacks 0, rename_record_waits 0, carried_depth 1
     block 1026 (view 1025): sealed_at_ms 53, gap_before_exec_ms 10, parent_fields_ms 18, rename_fallbacks 0, rename_record_waits 0, carried_depth 1
     block 1027 (view 1026): sealed_at_ms 36, gap_before_exec_ms 8, parent_fields_ms 8, rename_fallbacks 0, rename_record_waits 0, carried_depth 1
     block 1028 (view 1027): sealed_at_ms 57, gap_before_exec_ms 0, parent_fields_ms 21, rename_fallbacks 0, rename_record_waits 0, carried_depth 1
flood span 95 s; tokio-rt threads alive throughout 34 of 82; group 9.7 cores busy over them (all threads incl. short-lived 12.6)
  per-thread cores busy, top 12: 0.61 0.59 0.59 0.58 0.58 0.58 0.57 0.57 0.56 0.56 0.56 0.56; threads over 0.9 core: 0, over 0.7: 0
== loop349K21: 1379 full builds in the 3 windows
  par_exec_ms 21/27; par_run_ms 30/64; batch_start_skew_ms 16/20; batch_median_ms 4/5; batch_max_ms 8/13; batch_first_start_us 75/112; batch_last_start_us 16451/20615; batch_dispatch_us 209/297; batch_last_end_us 21153/27328; batches 128/128; batch_threads 32/32; batch_txs_max 2000/2000; batch_txs_min 1500/1500; start_walk_ms 0/0; start_walk_check_ms 0/0; par_start_ms 4/15; sealed_at_ms 54/75; prev_seal_to_answer_us 1766/3174; prev_seal_to_entry_us 0/0; prev_seal_to_header_us 187/310; prev_seal_to_import_us 122775/155756; prev_seal_to_request_us 1013/64545; prev_seal_to_start_us 1309/64822; start_walk_check_us 0/0; start_walk_ids_us 0/0; start_walk_settle_us 0/0; start_walk_us 0/0
  one_wave {'false': 1379}
  batches == batch_threads on 0 of 1379 builds
  last - first batch start (ms) median/p90 16.38/20.51; under 2 ms on 0 of 1379 builds
bodygate loop349K21: invalid_blocks=0 gas_mismatch=0 fields_mismatches=0 own_not_committed=0 proposals_given_up=0
leg loop349K21Q64: /data free 497G (needs 120 G)
load 23.08 at 08:40:23, waiting
load 13.99 at 08:40:53, waiting
load 8.47 at 08:41:23, waiting
plan loop349K21Q64: exit 0 (21 validators, 1 layer(s)): # validators 21, execution layers 1, 192 CPUs a layer, import-once 1, shared 1; # validators : 32 CPUs set aside, taskset -c 96-111,224-239; # fleet    : 21 nodes, quorum 15 of 21 (f = 6); 0 refusals
leg loop349K21Q64 start 08:41:54 load 5.14
round loop349K21Q64 exit 0 at 08:45:04
loop349K21Q64 save stages (node0, seconds summed over the leg / count): batch_size=1908.0/625  batch_size=1908.0/625  reth_consensus_engine_beacon_persistence_duration=58.6/625  duration_seconds=53.5/625  total=48.8/625  scope=43.7/625  sf=43.0/625  sf_transactions=42.8/625  qmdb_persisted=23.1/625  sf_account_changesets=19.6/625
el binary: /data/n42-build/target-n42-rs/native/release/n42 env: N42_IMPORT_ONCE=1 N42_SETTLEMENT_TAGS=legacy N42_BUILD_THROTTLE_SOFT=48 F7_EL_MAP=0,0,0,0,0,0,0,0,0,0,0,0,0,0,0,0,0,0,0,0,0 N42_FIELDS_AT_SEAL=1 N42_FREEZE_AFTER_SEAL=1 N42_FRAME_BLOCKS=1 N42_TX_INGEST_RECOVER_PARALLEL=24 N42_FREEZE_POOL=own N42_PARALLEL_BUILD_THREADS=32 N42_PLAN_AHEAD=1 N42_HASHED_TABLES=off F7_FLOOD_RATE=6000000 N42_COMPACT_BODY=1 N42_BUILD_BATCHES=128 MALLOC_CONF=thp:always,oversize_threshold:0,dirty_decay_ms:2000,background_thread:true N42_SEAL_ON_COUNTERS=1 N42_ACCOUNT_HISTORY=off N42_TAKE_COMPACT=1 N42_SF_EARLY_WRITEBACK=1 F7_VAL_NO_MALLOC_CONF=1 N42_ROAD_RUNTIME=1 N42_TX_INGEST_HIGH_WATER=2500000 F7_BENCH_POOL_SLOTS=3000000 N42_PLAN_AHEAD_BODY=1 N42_SEAL_AT_EXEC=1 N42_TX_QUEUE_DRAIN_CHUNK=8192 N42_ANSWER_LAYOUT_ONLY=1 N42_PULL_BY_FRAMES=1 N42_SF_PARALLEL_ENCODE=1 N42_BUILD_THROTTLE_HARD=80 N42_LIVE_INDEX_DEFER=1 RAYON_NUM_THREADS=16 F7_VAL_CPUS=32 N42_ROOT_OPS_AHEAD=1 TOKIO_WORKER_THREADS=16 N42_QMDB_READS=on N42_LEADER_LAYERS=3 N42_PERSIST_QMDB_IN_SCOPE=1 F7_BLOCK_INTERVAL_MS=60 F7_MEASURE_FROM_LOG=1
validator env: N42_IMPORT_ONCE=1 N42_SETTLEMENT_TAGS=legacy N42_BUILD_THROTTLE_SOFT=48 F7_EL_MAP=0,0,0,0,0,0,0,0,0,0,0,0,0,0,0,0,0,0,0,0,0 N42_FIELDS_AT_SEAL=1 N42_FREEZE_AFTER_SEAL=1 N42_FRAME_BLOCKS=1 N42_TX_INGEST_RECOVER_PARALLEL=24 N42_FREEZE_POOL=own N42_PARALLEL_BUILD_THREADS=32 N42_PLAN_AHEAD=1 N42_HASHED_TABLES=off F7_FLOOD_RATE=6000000 N42_COMPACT_BODY=1 N42_BUILD_BATCHES=128 N42_SEAL_ON_COUNTERS=1 N42_ACCOUNT_HISTORY=off N42_TAKE_COMPACT=1 N42_SF_EARLY_WRITEBACK=1 N42_ROAD_RUNTIME=1 N42_TX_INGEST_HIGH_WATER=2500000 F7_BENCH_POOL_SLOTS=3000000 N42_PLAN_AHEAD_BODY=1 N42_SEAL_AT_EXEC=1 N42_TX_QUEUE_DRAIN_CHUNK=8192 N42_ANSWER_LAYOUT_ONLY=1 N42_PULL_BY_FRAMES=1 N42_SF_PARALLEL_ENCODE=1 N42_BUILD_THROTTLE_HARD=80 N42_LIVE_INDEX_DEFER=1 RAYON_NUM_THREADS=16 F7_VAL_CPUS=32 N42_ROOT_OPS_AHEAD=1 TOKIO_WORKER_THREADS=16 N42_QMDB_READS=on N42_LEADER_LAYERS=3 N42_PERSIST_QMDB_IN_SCOPE=1 F7_MEASURE_FROM_LOG=1
loop349K21Q64 once: start-up lines import_once=true 1; last direct-import counters 
loop349K21Q64 imports: layers=1 direct_imports=0 canonical_blocks=3953 import_once_lines=1 (per layer: direct imports should equal canonical blocks for one execution per block)
grep: /data/blockchain/rust-fleet7-bench/node1/el.log: No such file or directory
grep: /data/blockchain/rust-fleet7-bench/node2/el.log: No such file or directory
grep: /data/blockchain/rust-fleet7-bench/node3/el.log: No such file or directory
grep: /data/blockchain/rust-fleet7-bench/node1/el.log: No such file or directory
grep: /data/blockchain/rust-fleet7-bench/node2/el.log: No such file or directory
grep: /data/blockchain/rust-fleet7-bench/node3/el.log: No such file or directory
cat: /data/blockchain/rust-fleet7-bench/node2/el.log: No such file or directory
cat: /data/blockchain/rust-fleet7-bench/node2/el.log: No such file or directory
cat: /data/blockchain/rust-fleet7-bench/node2/el.log: No such file or directory
cat: /data/blockchain/rust-fleet7-bench/node1/el.log: No such file or directory
cat: /data/blockchain/rust-fleet7-bench/node2/el.log: No such file or directory
cat: /data/blockchain/rust-fleet7-bench/node3/el.log: No such file or directory
Traceback (most recent call last):
  File [35m"<stdin>"[0m, line [35m4[0m, in [35m<module>[0m
[1;35mIndexError[0m: [35mlist index out of range[0m
loop349K21Q64 no_variant=0 own_not_committed=0 tc=0 invalid_blocks=0 incomplete=0 gas_mismatch=0 direct_imports_failed=0 stuck_at_hashed_state=0 engine_idles_over_5s=1 proposals_given_up=0 tables_off_nodes=1 unanswered_reads=0 seal_first_total=1409 seal_first_direct=1409 direct_guard_errors=0 commit_ms_median=0 fold_ms_median=8 sealed_at_ms_median=54 state_ready_ms_median=97 build_total_ms_median=175 recover_us_median=0 par_exec_ms_median=21 par_exec_ms_median=21 giveback_filtered=0 giveback_offered_max=200000 seal_first=1409 reader_lag_max=10 reader_lag_warns=0 view_invalidated=0 el_sum_peak_g=40.8 el_max_peak_g=40.8 val_sum_peak_g=2.9 flood_peak_g=0.6 two_roads_blocks=0 two_roads_overlap_ms_median=- exec_on_output_declined=0 r1_collect_ms_median=7 proposal_at_ms_median=46 view_total_ms_median=61 import_exec_ms_median=- import_total_ms_median=- import_senders_ms_median=- import_convert_ms_median=- import_groups_median=- imports_over_600ms=0 min_avail_g=70.8 road_foreign_body_recv_ms=- road_foreign_body_decode_ms=- road_foreign_body_senders_ms=- road_foreign_body_parent_wait_ms=- road_foreign_body_check_ms=- road_foreign_body_total_ms=- road_new_payload_recv_ms=- road_new_payload_decode_ms=- road_new_payload_senders_ms=- road_new_payload_parent_wait_ms=- road_new_payload_check_ms=- road_new_payload_total_ms=- road_foreign_body_blocks=0 road_new_payload_blocks=0 fcu_answered=1826 fcu_in_flight_ms_median=0 fcu_queued_ms_median=0 fcu_queued_ms_max=147 fcu_refused=0 fcu_slow=2430 bodies_held=0 road_reuse_ms=- road_prepare_ms=- road_dispatch_ms=- road_convert_ms=- road_remember_ms=- road_header_ms=- road_fields_ms=- road_other_ms=- import_engine_ms_median=- gate_forced=0 gate_warns=0 flood_timeouts=0 canonical_min=4025 canonical_max=4025 chained_builds=2497 chain_lead_ms_median=57 chain_wait_ms_median=0 chain_started=2499 chain_discarded=2 chain_discard_reasons=_1_reason="the_build_was_aborted,_1_reason="the_chained_build_produced_nothing,_1_reason="the_execution_layer_produced_nothing chain_alias_warns=0 el_chained=2522 bodies_held_warns=0 el_build_refused=3 el_build_refused_reasons=_2_the_build_was_aborted,_1_no_QMDB_tree_for_parent_block_0x queued_p5=2315000 queued_p50=2466000 road_compact_blocks=0 road_compact_recv_ms=- road_compact_assemble_ms=- road_compact_root_ms=- road_compact_miss_wait_ms=- road_compact_senders_ms=- road_compact_check_ms=- road_compact_other_ms=- road_compact_total_ms=- road_compact_misses_total= compact_refused_el=0 compact_fallbacks=0 compact_bytes_median=- pool_order9=13347 par_pull_ms_median=0 build_total_ms_median2=56 road_compact_filled_blocks=0 road_compact_filled_median=- road_compact_fill_ms_median=- need_txns=0 fill_failed=0 ingest_rate_gate_open_median=- ingest_gate_open_intervals=0 ingest_slots_busy_median=- flood_rate= fill_asked_proposer=0 fill_asked_other=0 loop_lines=2903 loop_unnamed_ms_median=43 loop_body_served_ms_median=- loop_txns_served_ms_median=- import_exec_ms_median2=- pip_partition_ms=- pip_env_ms=- pip_batch_ms=- pip_groups_ms=- pip_gas_ms=- pip_merge_ms=- pip_receipts_ms=- pip_drop_ms=- pip_other_ms=- pip_total_ms=- senders_indexed_median=- road_senders_ms_median=- road_total_ms_median=- pew_ms_median=- pew_ms_p90= gate_ms_median=- gate_ms_p90= root_ms_p50=- root_ms_p90= two_roads=0 not_on_output=0 not_on_output_why= ckpt_ms_first_q=3 ckpt_ms_last_q=44 ckpt_bytes_last=33655204 parent_still_importing=13 root_wait_ms_p50=- root_wait_ms_p90= tenures_low_seal=22 seal_first_share=0.99 empty_over_deep=0 near_empty_warns=0 no_seal_why=_1_why="the_parallel_step_built_nothing" par_skipped_median=- usable_p5=2315000 ckpt_replay_ms_last_q=13 candidates_zero=0 dropped_ingest=0 let_go_warns=0 let_go_reasons= parked_p50=0 parked_max=0 held_warns=0 park_capped_total=0 superseded_builds=1 empty_not_superseded=0 mass_park_warns=0 heads_lines=0 holes_lines=0 stale_parent_refusals=0 par_groups_p5=0 cancelled_decided=0 heads_nonce0=0 stale_unconfirmed= handovers=13 el_panics=0 decided_cancelled=0 min_window_blocks=447 road_desc_blocks=0 road_desc_total_ms=- road_desc_copy_ms=- desc_misses=0 fill_failed2=0 sf_par_collect_ms=0 sf_par_commit_ms=0 sf_par_fold_ms=8 sf_par_graft_ms=0 sf_par_prefault_ms=0 sf_par_exec_ms=21 sf_sealed_at_ms=54 sf_roots_ms=33 sf_state_ready_ms=97 sf_total_ms=175 ba_find_ms=0 ba_queue_ms=0 ba_total_ms=56 ba_on_output=1408 queue_fold_us=0 queue_lock_us=122 sf_par_exec_ms=21 sf_par_fold_ms=8 pip_groups_ms=- import_exec_ms_median2=- reads_d0=0 reads_hist=0 f_reads_d0=- f_reads_hist=- f_overlay_depth=- L_read_set_ms=0 read_set_accounts=0 read_set_unresolved=0 read_set_hits=0 read_set_misses=0 start_best_ms=- par_prep_ms=- gap_before_exec_ms=- gap_after_exec_ms=- gap_before_seal_ms=- index_ms=- road_copy_aside_ms=- road_copy_wait_ms=- road_total_ms=- queue_first_miss=queue_first_miss=0:2530,queue_first_miss=18446744073709551615:1420 root_append_behind=0 populate_lag_mb=0 swap_used_g=0 root_faults=- root_faults_p90= root_faults_entries=0 root_faults_offsets=0 root_faults_index=0 root_faults_bits=0 root_faults_twigs=0 root_faults_undo=0 root_faults_tmp=0 root_append_faults=1 root_twig_pool_misses=0 batch_max_ms=8 batch_min_ms=2 batch_median_ms=4 batch_cpu_max_ms=8 batch_txs_max=2000 batch_txs_min=1500 batch_start_skew_ms=16 batch_wait_ms=0 loop_fetch_ns=0 loop_check_ns=0 loop_transfer_ns=0 loop_receipt_ns=0 loop_gas_ns=0 loop_sink_ns=0 loop_other_ns=0 batch_setup_ns=0 batch_close_ns=0 imp_exec_part_ms=- imp_exec_batches_ms=- imp_exec_graft_ms=- imp_exec_batches=- imp_exec_threads=- imp_exec_batch_max_ms=- imp_exec_batch_median_ms=- imp_parent_output_wait_ms=- road_parent_output_wait_ms=- next_start_gap_ms=1 next_entry_gap_ms=0 commit_body_ahead_used=- imp_exec_keys_ms=- imp_keys_ahead=- imp_exec_sink_ms=- imp_exec_pre_ms=- imp_exec_post_ms=- imp_exec_receipts_ms=- imp_exec_drop_ms=- root_gap_ms=- queue_whole=queue_whole=false:2530,queue_whole=true:1420 tick_tick_late_us=982 tick_preamble_us=348 tick_take_sealed_us=3 tick_sign_us=1 tick_cache_us=0 tick_presealed=- tick_describe_us=21 tick_publish_us=662 tick_tick_to_send_us=2083 road_check_ms=- road_check_include_us=- road_check_scan_us=- road_check_fold_us=- road_check_senders_us=- road_check_frames_summarized=- road_check_frames_scanned=- imp_exec_start_gap_us=- imp_gap_road_us=- imp_gap_header_us=- imp_gap_senders_us=- imp_gap_parent_us=- imp_gap_setup_us=- imp_gap_keys_wait_us=- sealed_at_p90= sealed_over_130=0 roots_ms=- cycle_p90= batch_max_ms=- batch_median_ms=- imp_batch_max=- forest_lock_warns=1519 root_seal_ms=1 root_seals=39 root_majflt=6635 roots_p90= gp_layer=1418 ggp_missing=298 state_wait_split=0/0/0/0:427,8/0/0/0:68,7/0/0/0:67 qmdb_releases=0 state_wait_on= imp_road_end_ms=- imp_exec_start_ms=- imp_exec_end_ms=- imp_root_end_ms=- imp_fields_ready_ms=- imp_parent_fields_wait_ms=- imp_exec_ms=- imp_root_ms=- imp_checks_ms=- imp_engine_ms=- imp_total_ms=- road_parent_fields_wait_ms=- exec_read_ms=0 L_exec_evm_ms=0 L_exec_write_ms=0 L_exec_other_ms=0 L_reads_cache=0 L_reads_provider=0 L_reads_view=0 L_graft_base_ms=0 L_graft_reserve_ms=0 L_graft_insert_ms=0 L_graft_reverts_ms=0 L_graft_other_ms=0 L_par_exec_ms=21 L_par_graft_ms=0 F_exec_read_ms=- F_exec_evm_ms=- F_exec_write_ms=- F_exec_other_ms=- F_reads_cache=- F_reads_provider=- F_reads_view=- F_groups_ms=- L_tx_root_wait_ms=0 L_par_exec_ms=21 L_par_graft_ms=0 L_par_fold_ms=8 L_sealed_ms=7 L_state_ready_ms=97 L_roots_ms=33 L_finish_ms=105 L_total_ms=175 L_setup_ms=0 L_par_pull_ms=0 L_give_back_ms=0 L_state_wait_ms=7 L_state_after_pull=1409 L_seal_at_exec=1409 L_tx_root_ahead=0 flood_w1=3075125 txs_p10=200000 acq_us=475 slots_busy=13 ingest_rate=3042192 L_scope_join_ms=0 L_par_release_ms=0 L_commit_body_ms=0 L_par_commit_ms=0 L_give_back_ms=0 L_sealed_ms=7 L_par_exec_ms=21 L_state_wait_ms=7 L_par_pull_ms=0 L_par_prep_ms=0 L_par_start_ms=4 L_pre_exec_ms=0 L_par_run_ms=31 L_sealed_at_ms=54 F_partition_ms=- F_env_ms=- F_groups_ms=- F_merge_ms=- F_reverts_wait_ms=- F_ahead_wait_ms=- F_total_ms=- I_engine_ms=- I_root_ms=- I_total_ms=- H_engine_remember_ms=- H_engine_listing_ms=- H_engine_new_payload_ms=- busy_us=1 L_par_start_ms=4 L_start_handoff_ms=0 L_start_best_ms=4 L_start_puller_ms=0 L_par_pull_ms=0 L_par_prep_ms=0 L_state_wait_ms=7 L_par_exec_ms=21 L_par_commit_ms=0 L_sealed_ms=7 L_sealed_at_ms=54 L_par_graft_ms=0 L_graft_insert_ms=0 L_graft_reverts_ms=0 L_graft_split_us=0 L_graft_build_us=0 L_graft_merge_us=0 L_state_ready_ms=97 Q_queue_ms=0 R_dispatch_wait_ms=- R_total_ms=- R_road_runtime=1 gate_holds=0 peer_fetch=0 pool_limit=limit=4 gate_opened=gate_opened_for_block=0 I_root_ms=- flood_rate_hdr=rate=6000000/s fills=0 fill_waited=- slots_busy=13 acq_us=475 busy_us=1 converged=0 fallbacks=0 busy_us=1 recover_us=0 tf_on_output=3 tf_fallback=0 still_importing=13 busy_us=1 slots_busy=13 batches=altsig_txs=0 altsig_batches=0 tf_on_output=3 tf_fallback=0 gate_holds=0 sign_s=sign 0s replay_note=replay       : 64 files from /data/n42-pregen/g900000-400m, 400000000 transactio sign_s=sign 0s shard=shard_verified=0 shard_claimed=0 road_verified=- slots_busy=13 gate_us=7344 reply_us=7914 queued=2466000 assemble_ms=- road_take_ms=- road_body_ms=- road_encode_ms=- shards=16 shard_insert_ms=0 shard_wait_ms=0 shard_fold_ms=14 shard_append_ms=17 shard_merge_ms=58 state_ready_ms=97 roots_ms=33 exec_read_ms=0 exec_evm_ms=0 exec_write_ms=0 exec_other_ms=0 reads_cache=0 reads_provider=0 reads_view=0 par_run_ms=31 fold_task_cpu_max_us=13662 fold_task_minflt_max=1 fold_task_minflt_sum=1 fold_task_migrated=0 fold_task_nivcsw_max=0 fold_index=1 fold_index_build_ms=13 fold_index_conflicts=8278 fold_queue_us=59 fold_skew_us=33 fold_task_max_us=13661 fold_tail_us=18 start_best_ms=4 start_select_ms=0 start_walk_ms=0 start_walk_check_ms=0 start_best_other_ms=0 start_frames_by_ref=0 start_frames_slow=0 start_pull_ms=0 start_other_ms=0 start_handoff_ms=0 par_start_ms=4 par_prep_ms=0 par_commit_ms=0 commit_body_ms=0 par_fold_ms=8 sealed_ms=7 copy_ms=- prune_ms=0 frames=- frames_missing=- frame_root_ms=- root_ms=- frames_admitted=frames_admitted=563498 frames_unaligned=0 frame_root_indexed=- seal_layout_ms=0 seal_root_ms=0 attested= busy_us=1 slots_busy=13 reply_us=7914 prune_ms=0 body_refused=0 body_failed_late=0
loop349K21Q64 win1 tps=3,086,667 txs=92,600,000 blocks= 463 cycle=0.065s occupancy=100.0% full(>=95%)=463/463 basefee=n/a (from the layer's log)
loop349K21Q64 win2 tps=2,980,000 txs=89,400,000 blocks= 447 cycle=0.067s occupancy=100.0% full(>=95%)=447/447 basefee=n/a (from the layer's log)
loop349K21Q64 win3 tps=3,013,333 txs=90,400,000 blocks= 452 cycle=0.066s occupancy=100.0% full(>=95%)=452/452 basefee=n/a (from the layer's log)
loop349K21Q64 tps=3,086,667 round_txs=272400000 cycles_w1=
loop349K21Q64 imp_fields_p90= b_p75=9
loop349K21Q64 overlay: filter_skips=0 probes=0 ratio=- (ratio = skips/(skips+probes))
loop349K21Q64 overlay_manager:       1 state_trie_overlay=false  state-ovly_cpu=0
loop349K21Q64 verify: written to /data/blockchain/rust-fleet7-bench/bench-loop349K21Q64/verify.json
== validator memory at flood +70 s (loop349K21Q64)
validators 21: RSS sum 2.9 G, max 0.17 G, mean 0.14 G; threads 1155 (mean 55)
one validator (pid 1680682):
VmHWM:	  135504 kB
VmRSS:	  135504 kB
RssAnon:	  119768 kB
RssFile:	   15736 kB
RssShmem:	       0 kB
Threads:	55
Rss:              135504 kB
Private_Dirty:    119768 kB
Anonymous:        119768 kB
AnonHugePages:         0 kB
threads by name:
     49 h2_validator
      4 tokio-rt-worker
      1 n42-qmdb-prefau
      1 futures-timer
largest mappings by Rss:
38028  74c97d800000-74c980200000
27204  74c96b000000-74c970200000
10924 /data/n42-build/target-n42-rs/native/release/examples/h2_validator 5b728de5a000-5b728ecf4000
10632  74c980280000-74c980e00000
9100  74c983300000-74c983c00000
8548  74c981200000-74c982000000
7712  74c986080000-74c986a00000
4528  74c970800000-74c973000000
RssAnon of all validators (MB):
anon n=21 min 119 median 120 max 153 MB, sum 2.6 G
RSS of all validators, sorted:
min 135.284 MB median 135.744 MB max 168.512 MB
== many-keys report loop349K21Q64
== loop349K21Q64: 21 validator logs, f=6, quorum 15
1. the leaders' commit lines
  R1_collect (proposal -> prepare QC): n=4316 p50 7.0 p90 38.0 p99 87.0 max 5747.0 ms
  R2_collect (prepare QC -> commit QC): n=4316 p50 6.0 p90 7.0 p99 14.0 max 18.0 ms
  total (proposal -> commit): n=4316 p50 61.0 p90 79.0 p99 133.0 max 5833.0 ms
  votes at formation: R1 median 15 max 15 (quorum 15); R2 median 15 max 15
2. vote collection at the traced leaders (first vote -> quorum -> last vote)
 R1 (vote), 3071 views:
    proposal -> first vote: n=3071 p50 3.2 p90 41.7 p99 88.9 max 132.1 ms
    first vote -> quorum: n=3071 p50 1.5 p90 2.3 p99 3.5 max 5737.5 ms
    quorum -> last vote: n=3071 p50 3.6 p90 4.1 p99 10.3 max 13.6 ms
    proposal -> last vote (the slowest key): n=3071 p50 8.4 p90 46.6 p99 93.1 max 5748.0 ms
   views with fewer than 20 votes received: 0
 R2 (commit_vote), 3071 views:
    proposal -> first vote: n=3071 p50 10.2 p90 49.7 p99 97.1 max 5749.6 ms
    first vote -> quorum: n=3071 p50 1.7 p90 2.3 p99 3.4 max 5.6 ms
    quorum -> last vote: n=3071 p50 6.0 p90 7.5 p99 16.1 max 63.7 ms
    proposal -> last vote (the slowest key): n=3071 p50 17.9 p90 57.6 p99 106.1 max 5761.7 ms
   views with fewer than 20 votes received: 0
3. the straggler rule and the loop
  proposal interval (same leader, consecutive views): n=4311 p50 61.4 p90 62.7 p99 102.3 max 5760.9 ms; >= 500 ms: 2
  no `slow step` lines
4. gossip propagation (proposal sent -> received at a traced follower)
    proposal arrival delay: n=9877 p50 0.3 p90 0.8 p99 1.2 max 10.5 ms
4b. the new fields (docs/E1_MANY_KEYS.md section 6), leaders' `block committed!` and `proposal sent` lines
    verify_us: n=4316 p50 5598.5 p90 6015.0 p99 6366.0 max 7224.0 us
    verify_n: n=4316 p50 37.0 p90 41.0 p99 45.0 max 46.0 
    verify_batches: n=4316 p50 3.0 p90 3.0 p99 3.0 max 5.0 
  verify_fallbacks: total 0 over 4316 blocks
    inbound_queue_max: n=4316 p50 0.0 p90 0.0 p99 0.0 max 0.0 
    gossip_poll_us: n=4316 p50 1799.5 p90 2264.0 p99 3029.0 max 4846.0 us
  straggler_waits (cumulative per leader log, summed over 5 leaders): 1; waits with straggler_wait_us > 0: 1 of 4316 proposals, p50 12.6 p90 12.6 max 12.6 ms, total 0.01 s
  direct votes at the leaders: received 0 (duplicates dropped 0); sent by those nodes 0, fallbacks to gossip 0; leaders led 4316 views = 172640 vote messages expected (2 rounds x 20); direct share of those 0.0%
5. validators
validators n=21: cpu total 6.20 cores, per key mean 0.295 median 0.296 max 0.316 (key 5) min 0.276; rss per key peak mean 0.140 max 0.205 G, sum of peaks 2.9 G; threads per key mean 55, total 1155
libp2p connections (last census of 5): 420 in all (a full mesh of 21 is 210); sockets per process min 20 median 20 max 22
== loop349K21Q64  (E=1: seven validator keys on one execution layer)
  window 1: canonical 464 blocks, 92.8M tx = 3,093,333/s (100.0% of window 1), full 463/464 (100%); cycle mean/median/p90 64.6/61.5/77.0 ms
    leader builds 465: sealed_at median/p90/p99 53/71/97; phases median/p90 ms: gap_before_exec 8/43, state_wait 8/42, par 55/88, par_exec 22/27, roots 31/44, parent_fields 5/20, sealed 6/21
    state_wait_on {'output': 250, 'grandparent': 92, 'none': 123}; builds with state_wait > 20 ms: 118 ([('grandparent', 87), ('output', 31)]); gp_layer {1.0: 465}, ggp_missing {0.0: 364, 1.0: 101}
    queue at the builds min/median 1,347,000/2,518,000
    new field batch_cpu_sum_us: median/p90/max 601439.0/743648.0/1337106, nonzero 465
    new field batch_dispatch_us: median/p90/max 217.0/307.0/495, nonzero 465
    new field batch_first_start_us: median/p90/max 78.0/108.0/241, nonzero 465
    new field batch_ivcsw: median/p90/max 1.0/7.0/23, nonzero 273
    new field batch_last_end_us: median/p90/max 22023.0/27889.0/49664, nonzero 465
    new field batch_last_start_us: median/p90/max 17258.0/21107.0/39111, nonzero 465
    new field batch_live_deferred: median/p90/max 73.0/80.0/86, nonzero 465
    new field batch_live_lock_hold_us: median/p90/max 10659.0/12310.0/14661, nonzero 465
    new field batch_live_lock_wait_us: median/p90/max 0.0/0.0/0, nonzero 0
    new field batch_live_lock_waits: median/p90/max 0.0/0.0/0, nonzero 0
    new field batch_majflt: median/p90/max 0.0/0.0/0, nonzero 0
    new field batch_minflt: median/p90/max 838.0/9676.0/26812, nonzero 465
    new field batch_open_max_us: median/p90/max 428.0/507.0/3639, nonzero 465
    new field batch_open_sum_us: median/p90/max 10392.0/12857.0/16262, nonzero 465
    new field batch_threads: median/p90/max 32.0/32.0/32, nonzero 465
    new field batch_vcsw: median/p90/max 178.0/510.0/999, nonzero 465
    new field batch_view_index_wait_us: median/p90/max 0.0/23037.0/55612, nonzero 112
    new field batch_view_index_waits: median/p90/max 0.0/281.0/732, nonzero 112
    new field batch_view_slot_wait_us: median/p90/max 0.0/2162.0/5310, nonzero 113
    new field batch_view_slot_waits: median/p90/max 0.0/58.0/127, nonzero 113
    new field batch_wall_sum_us: median/p90/max 613991.0/753587.0/1339866, nonzero 465
    new field batches: median/p90/max 128.0/128.0/128, nonzero 465
    new field build_batches: median/p90/max 128.0/128.0/128, nonzero 465
    new field carried_depth: median/p90/max 1.0/1.0/1, nonzero 465
    new field exec_end_to_seal_us: median/p90/max 92.0/136.0/411, nonzero 465
    new field exec_partition_us: median/p90/max 6.0/9.0/973, nonzero 465
    new field exec_prepared_groups: {'true': 464, 'false': 1}
    new field exec_prepared_slots: {'true': 464, 'false': 1}
    new field exec_slots_us: median/p90/max 0.0/0.0/865, nonzero 1
    new field freeze_join_wait_us: median/p90/max 10112.0/18188.0/38452, nonzero 464
    new field freeze_late: {'true': 465}
    new field freeze_pool_own: {'true': 465}
    new field live_index_defer: {'true': 465}
    new field merge_accounts: median/p90/max 191787.0/194772.0/199309, nonzero 465
    new field merge_append_us: median/p90/max 3536.0/7052.0/13696, nonzero 465
    new field merge_early: {'false': 465}
    new field merge_join_wait_us: median/p90/max 0.0/0.0/0, nonzero 0
    new field merge_reverts: median/p90/max 191787.0/194772.0/199309, nonzero 465
    new field merge_reverts_us: median/p90/max 15022.0/20309.0/36555, nonzero 465
    new field merge_state_us: median/p90/max 38432.0/45144.0/73022, nonzero 465
    new field merge_tail_us: median/p90/max 0.0/0.0/1, nonzero 3
    new field merge_threads: median/p90/max 1.0/1.0/1, nonzero 465
    new field one_wave: {'false': 465}
    new field open_engine_us: median/p90/max 0.0/33585.0/90390, nonzero 101
    new field open_fallback: {'false': 364, 'true': 101}
    new field open_keep_us: median/p90/max 6.0/11.0/25, nonzero 465
    new field open_kept_accounts: median/p90/max 574877.0/581673.0/589053, nonzero 465
    new field open_layers: median/p90/max 3.0/3.0/3, nonzero 465
    new field open_provider_us: median/p90/max 100.0/171.0/463, nonzero 465
    new field plan_age_us: median/p90/max 49273.0/103949.0/152834, nonzero 465
    new field plan_ahead: median/p90/max 1.0/1.0/1, nonzero 465
    new field plan_body: median/p90/max 1.0/1.0/2, nonzero 465
    new field plan_body_us: median/p90/max 12946.0/17434.0/23478, nonzero 464
    new field plan_discard: {'': 465}
    new field plan_prep_us: median/p90/max 6697.0/12039.0/29972, nonzero 465
    new field plan_topup_txs: median/p90/max 0.0/0.0/0, nonzero 0
    new field prep_from_plan: {'true': 464, 'false': 1}
    new field prev_seal_to_answer_us: median/p90/max 1718.0/3241.0/5358, nonzero 465
    new field prev_seal_to_entry_us: median/p90/max 0.0/0.0/0, nonzero 0
    new field prev_seal_to_header_us: median/p90/max 190.0/303.0/492, nonzero 465
    new field prev_seal_to_import_us: median/p90/max 120831.0/155309.0/208166, nonzero 418
    new field prev_seal_to_request_us: median/p90/max 1007.0/66308.0/83748, nonzero 465
    new field prev_seal_to_start_us: median/p90/max 1296.0/66570.0/84053, nonzero 465
    new field pull_bulk_txs: median/p90/max 200000.0/200000.0/200000, nonzero 465
    new field pull_bulk_us: median/p90/max 5.0/9.0/1167, nonzero 465
    new field receipts_late: {'false': 465}
    new field receipts_late_wait_us: median/p90/max 0.0/0.0/0, nonzero 0
    new field rename_fallbacks: median/p90/max 0.0/0.0/0, nonzero 0
    new field rename_record_waits: median/p90/max 0.0/0.0/0, nonzero 0
    new field root_apply_gap_us: median/p90/max 10.0/12.0/21, nonzero 465
    new field root_apply_total_us: median/p90/max 20828.0/29912.0/46137, nonzero 465
    new field root_compute_us: median/p90/max 23064.0/33029.0/49674, nonzero 465
    new field root_delta_us: median/p90/max 1169.0/2959.0/10542, nonzero 465
    new field root_index_us: median/p90/max 2721.0/4875.0/17246, nonzero 465
    new field root_leaves_us: median/p90/max 6944.0/11300.0/20968, nonzero 465
    new field root_note_us: median/p90/max 153.0/238.0/1061, nonzero 465
    new field root_ops_ahead: {'true': 465}
    new field root_ops_ahead_wait_us: median/p90/max 3319.0/9793.0/29081, nonzero 465
    new field root_ops_concat_us: median/p90/max 0.0/0.0/0, nonzero 0
    new field root_ops_encode_us: median/p90/max 5656.0/9831.0/26694, nonzero 465
    new field root_ops_finish_us: median/p90/max 2351.0/2968.0/8294, nonzero 465
    new field root_ops_sort_us: median/p90/max 3596.0/7584.0/13625, nonzero 465
    new field root_ops_us: median/p90/max 5671.0/12275.0/31890, nonzero 465
    new field root_rehash_us: median/p90/max 1425.0/1859.0/17306, nonzero 465
    new field root_retire_us: median/p90/max 1519.0/2572.0/8010, nonzero 465
    new field root_sort_us: median/p90/max 178.0/427.0/2388, nonzero 465
    new field root_undo_us: median/p90/max 356.0/671.0/4095, nonzero 465
    new field root_writes_us: median/p90/max 6908.0/10069.0/21967, nonzero 465
    new field seal_hashes_ahead: {'true': 465}
    new field seal_on_counters: {'true': 465}
    new field seal_to_complete_us: median/p90/max 109931.0/126353.0/151094, nonzero 465
    new field seal_to_frozen_us: median/p90/max 10063.0/18173.0/38414, nonzero 345
    new field seal_to_merge_end_us: median/p90/max 109849.0/126260.0/150948, nonzero 465
    new field seal_to_merge_start_us: median/p90/max 50857.0/64327.0/79668, nonzero 465
    new field seal_to_ops_ahead_us: median/p90/max 22281.0/33191.0/49211, nonzero 465
    new field seal_to_shards_ready_us: median/p90/max 15315.0/23413.0/42612, nonzero 465
    new field seal_to_state_ready_us: median/p90/max 109859.0/126268.0/150959, nonzero 465
    new field sealed_unix_us: median/p90/max 1791463422861933.0/1791463434806435.0/1791463437733039, nonzero 465
    new field start_walk_check_us: median/p90/max 0.0/0.0/0, nonzero 0
    new field start_walk_ids_us: median/p90/max 0.0/0.0/0, nonzero 0
    new field start_walk_settle_us: median/p90/max 0.0/0.0/0, nonzero 0
    new field start_walk_us: median/p90/max 0.0/0.0/0, nonzero 0
    new field state_wait_us: median/p90/max 8679.0/42779.0/102506, nonzero 465
    new field view_journal_reads: median/p90/max 0.0/81920.0/143360, nonzero 225
    new field view_journal_searches: median/p90/max 0.0/238025.0/393546, nonzero 225
    new field view_journal_skips: median/p90/max 0.0/0.0/0, nonzero 0
    new field whole_take_noted: {'true': 465}
    binding wait (tick / quorum / seal share, mean cycle): tick 99% (64); quorum 1% (110); seal 0% (98); feed-bound (blocks under 95% of the tier): 1 of 464
    slowest key vote delay median/p90 16.4/59.6 ms
    engine own-import total_ms per block median/p90/max 42/60/90 (n=463)
    layer RSS 4.7 -> 26.3 G (max 26.3), in-memory blocks max 10
    execution layer cores busy 34.8    validators cores busy 6.3
    flood delivered (median per 5 s over the leg) 3,061,026/s
  window 2: canonical 447 blocks, 89.4M tx = 2,980,000/s (96.3% of window 1), full 447/447 (100%); cycle mean/median/p90 63.3/61.3/67.3 ms
    leader builds 446: sealed_at median/p90/p99 53/77/103; phases median/p90 ms: gap_before_exec 7/50, state_wait 7/49, par 54/85, par_exec 21/27, roots 32/46, parent_fields 6/23, sealed 7/25
    state_wait_on {'grandparent': 83, 'none': 137, 'output': 225, 'layer_release': 1}; builds with state_wait > 20 ms: 80 ([('grandparent', 71), ('output', 9)]); gp_layer {1.0: 446}, ggp_missing {1.0: 88, 0.0: 358}
    queue at the builds min/median 2,297,000/2,510,500
    new field batch_cpu_sum_us: median/p90/max 593111.5/747618.0/1913571, nonzero 446
    new field batch_dispatch_us: median/p90/max 213.0/302.0/991, nonzero 446
    new field batch_first_start_us: median/p90/max 77.0/125.0/278, nonzero 446
    new field batch_ivcsw: median/p90/max 1.0/7.0/35, nonzero 257
    new field batch_last_end_us: median/p90/max 21603.0/27745.0/64497, nonzero 446
    new field batch_last_start_us: median/p90/max 16671.0/21195.0/55050, nonzero 446
    new field batch_live_deferred: median/p90/max 73.0/81.0/106, nonzero 446
    new field batch_live_lock_hold_us: median/p90/max 10511.0/12683.0/21435, nonzero 446
    new field batch_live_lock_wait_us: median/p90/max 0.0/0.0/0, nonzero 0
    new field batch_live_lock_waits: median/p90/max 0.0/0.0/0, nonzero 0
    new field batch_majflt: median/p90/max 0.0/0.0/9, nonzero 1
    new field batch_minflt: median/p90/max 840.5/11549.0/27354, nonzero 446
    new field batch_open_max_us: median/p90/max 415.0/504.0/3709, nonzero 446
    new field batch_open_sum_us: median/p90/max 10392.5/12839.0/17633, nonzero 446
    new field batch_threads: median/p90/max 32.0/32.0/32, nonzero 446
    new field batch_vcsw: median/p90/max 182.0/515.0/902, nonzero 446
    new field batch_view_index_wait_us: median/p90/max 0.0/22460.0/48916, nonzero 102
    new field batch_view_index_waits: median/p90/max 0.0/283.0/636, nonzero 102
    new field batch_view_slot_wait_us: median/p90/max 0.0/1975.0/4049, nonzero 112
    new field batch_view_slot_waits: median/p90/max 0.0/52.0/115, nonzero 112
    new field batch_wall_sum_us: median/p90/max 602169.0/769494.0/1915470, nonzero 446
    new field batches: median/p90/max 128.0/128.0/128, nonzero 446
    new field build_batches: median/p90/max 128.0/128.0/128, nonzero 446
    new field carried_depth: median/p90/max 1.0/1.0/1, nonzero 446
    new field exec_end_to_seal_us: median/p90/max 90.0/150.0/392, nonzero 446
    new field exec_partition_us: median/p90/max 6.0/9.0/2146, nonzero 446
    new field exec_prepared_groups: {'true': 441, 'false': 5}
    new field exec_prepared_slots: {'true': 441, 'false': 5}
    new field exec_slots_us: median/p90/max 0.0/0.0/1859, nonzero 5
    new field freeze_join_wait_us: median/p90/max 8955.5/16658.0/27786, nonzero 444
    new field freeze_late: {'true': 446}
    new field freeze_pool_own: {'true': 446}
    new field live_index_defer: {'true': 446}
    new field merge_accounts: median/p90/max 191899.5/195424.0/198807, nonzero 446
    new field merge_append_us: median/p90/max 3388.5/7144.0/12948, nonzero 446
    new field merge_early: {'false': 446}
    new field merge_join_wait_us: median/p90/max 0.0/0.0/0, nonzero 0
    new field merge_reverts: median/p90/max 191899.5/195424.0/198807, nonzero 446
    new field merge_reverts_us: median/p90/max 15699.5/21231.0/34433, nonzero 446
    new field merge_state_us: median/p90/max 38889.5/45745.0/57128, nonzero 446
    new field merge_tail_us: median/p90/max 0.0/0.0/1, nonzero 1
    new field merge_threads: median/p90/max 1.0/1.0/1, nonzero 446
    new field one_wave: {'false': 446}
    new field open_engine_us: median/p90/max 0.0/40257.0/108652, nonzero 88
    new field open_fallback: {'false': 358, 'true': 88}
    new field open_keep_us: median/p90/max 6.0/10.0/5508, nonzero 446
    new field open_kept_accounts: median/p90/max 575275.5/582773.0/588822, nonzero 446
    new field open_layers: median/p90/max 3.0/3.0/3, nonzero 446
    new field open_provider_us: median/p90/max 97.0/155.0/431, nonzero 446
    new field plan_age_us: median/p90/max 49831.5/98173.0/288144, nonzero 445
    new field plan_ahead: median/p90/max 1.0/1.0/1, nonzero 445
    new field plan_body: median/p90/max 1.0/1.0/2, nonzero 445
    new field plan_body_us: median/p90/max 18214.0/21423.0/26534, nonzero 441
    new field plan_discard: {'': 445, 'not_on_its_parent': 1}
    new field plan_prep_us: median/p90/max 7275.0/13450.0/36677, nonzero 445
    new field plan_topup_txs: median/p90/max 0.0/0.0/0, nonzero 0
    new field prep_from_plan: {'true': 441, 'false': 5}
    new field prev_seal_to_answer_us: median/p90/max 1853.0/3351.0/5350, nonzero 445
    new field prev_seal_to_entry_us: median/p90/max 0.0/0.0/0, nonzero 0
    new field prev_seal_to_header_us: median/p90/max 207.0/331.0/592, nonzero 445
    new field prev_seal_to_import_us: median/p90/max 121220.0/153372.0/197974, nonzero 400
    new field prev_seal_to_request_us: median/p90/max 1045.5/64482.0/111589, nonzero 445
    new field prev_seal_to_start_us: median/p90/max 1342.0/64726.0/111893, nonzero 445
    new field pull_bulk_txs: median/p90/max 200000.0/200000.0/200000, nonzero 446
    new field pull_bulk_us: median/p90/max 6.0/9.0/1184, nonzero 446
    new field receipts_late: {'false': 446}
    new field receipts_late_wait_us: median/p90/max 0.0/0.0/0, nonzero 0
    new field rename_fallbacks: median/p90/max 0.0/0.0/0, nonzero 0
    new field rename_record_waits: median/p90/max 0.0/0.0/0, nonzero 0
    new field root_apply_gap_us: median/p90/max 11.0/13.0/26, nonzero 446
    new field root_apply_total_us: median/p90/max 22059.0/31361.0/46117, nonzero 446
    new field root_compute_us: median/p90/max 24372.0/34160.0/88580, nonzero 446
    new field root_delta_us: median/p90/max 1198.0/3162.0/15979, nonzero 446
    new field root_index_us: median/p90/max 2963.5/6637.0/17947, nonzero 446
    new field root_leaves_us: median/p90/max 6958.5/11482.0/25092, nonzero 446
    new field root_note_us: median/p90/max 147.0/232.0/1695, nonzero 446
    new field root_ops_ahead: {'true': 446}
    new field root_ops_ahead_wait_us: median/p90/max 3548.0/9553.0/20930, nonzero 445
    new field root_ops_concat_us: median/p90/max 0.0/0.0/0, nonzero 0
    new field root_ops_encode_us: median/p90/max 5644.0/9834.0/20712, nonzero 446
    new field root_ops_finish_us: median/p90/max 2312.0/3144.0/8987, nonzero 446
    new field root_ops_sort_us: median/p90/max 3435.0/7668.0/18079, nonzero 446
    new field root_ops_us: median/p90/max 5916.0/12315.0/23769, nonzero 446
    new field root_rehash_us: median/p90/max 2048.5/2911.0/16673, nonzero 446
    new field root_retire_us: median/p90/max 1588.5/2634.0/13504, nonzero 446
    new field root_sort_us: median/p90/max 193.5/408.0/3992, nonzero 446
    new field root_undo_us: median/p90/max 336.0/648.0/3144, nonzero 446
    new field root_writes_us: median/p90/max 6857.5/10088.0/29374, nonzero 446
    new field seal_hashes_ahead: {'true': 446}
    new field seal_on_counters: {'true': 446}
    new field seal_to_complete_us: median/p90/max 111882.0/129354.0/177572, nonzero 446
    new field seal_to_frozen_us: median/p90/max 8903.0/16614.0/27744, nonzero 314
    new field seal_to_merge_end_us: median/p90/max 111795.5/129291.0/177471, nonzero 446
    new field seal_to_merge_start_us: median/p90/max 52051.0/65321.0/126944, nonzero 446
    new field seal_to_ops_ahead_us: median/p90/max 21644.0/31615.0/45073, nonzero 446
    new field seal_to_shards_ready_us: median/p90/max 14778.0/21069.0/30778, nonzero 446
    new field seal_to_state_ready_us: median/p90/max 111801.5/129300.0/177482, nonzero 446
    new field sealed_unix_us: median/p90/max 1791463452871932.0/1791463464775490.0/1791463467747940, nonzero 446
    new field start_walk_check_us: median/p90/max 0.0/0.0/100, nonzero 1
    new field start_walk_ids_us: median/p90/max 0.0/0.0/384, nonzero 1
    new field start_walk_settle_us: median/p90/max 0.0/0.0/0, nonzero 0
    new field start_walk_us: median/p90/max 0.0/0.0/4178, nonzero 1
    new field state_wait_us: median/p90/max 7300.5/49741.0/125525, nonzero 446
    new field view_journal_reads: median/p90/max 0.0/77824.0/151552, nonzero 211
    new field view_journal_searches: median/p90/max 0.0/210593.0/480303, nonzero 211
    new field view_journal_skips: median/p90/max 0.0/0.0/0, nonzero 0
    new field whole_take_noted: {'true': 446}
    binding wait (tick / quorum / seal share, mean cycle): tick 99% (62); quorum 1% (115); seal 0%; feed-bound (blocks under 95% of the tier): 0 of 447
    slowest key vote delay median/p90 16.5/37.8 ms
    engine own-import total_ms per block median/p90/max 40/60/173 (n=447)
    layer RSS 26.2 -> 33.6 G (max 33.6), in-memory blocks max 11
    execution layer cores busy 34.1    validators cores busy 5.9
  window 3: canonical 452 blocks, 90.4M tx = 3,013,333/s (97.4% of window 1), full 452/452 (100%); cycle -
    leader builds 452: sealed_at median/p90/p99 56/79/115; phases median/p90 ms: gap_before_exec 6/41, state_wait 6/40, par 56/85, par_exec 21/27, roots 36/54, parent_fields 9/29, sealed 10/30
    state_wait_on {'output': 203, 'none': 148, 'grandparent': 101}; builds with state_wait > 20 ms: 94 ([('grandparent', 90), ('output', 4)]); gp_layer {1.0: 452}, ggp_missing {0.0: 347, 1.0: 105}
    queue at the builds min/median 2,270,500/2,514,000
    new field batch_cpu_sum_us: median/p90/max 583710.0/725851.0/2198681, nonzero 452
    new field batch_dispatch_us: median/p90/max 223.0/305.0/2322, nonzero 452
    new field batch_first_start_us: median/p90/max 75.0/115.0/458, nonzero 452
    new field batch_ivcsw: median/p90/max 1.0/7.0/15, nonzero 270
    new field batch_last_end_us: median/p90/max 21605.0/27840.0/74434, nonzero 452
    new field batch_last_start_us: median/p90/max 16802.5/21063.0/66003, nonzero 452
    new field batch_live_deferred: median/p90/max 74.5/86.0/247, nonzero 452
    new field batch_live_lock_hold_us: median/p90/max 10889.0/13940.0/43902, nonzero 452
    new field batch_live_lock_wait_us: median/p90/max 0.0/0.0/0, nonzero 0
    new field batch_live_lock_waits: median/p90/max 0.0/0.0/0, nonzero 0
    new field batch_majflt: median/p90/max 0.0/0.0/7831, nonzero 19
    new field batch_minflt: median/p90/max 1002.0/11118.0/37192, nonzero 452
    new field batch_open_max_us: median/p90/max 432.0/531.0/3598, nonzero 452
    new field batch_open_sum_us: median/p90/max 10633.5/12928.0/19708, nonzero 452
    new field batch_threads: median/p90/max 32.0/32.0/32, nonzero 452
    new field batch_vcsw: median/p90/max 184.5/533.0/8112, nonzero 452
    new field batch_view_index_wait_us: median/p90/max 0.0/22285.0/304666, nonzero 114
    new field batch_view_index_waits: median/p90/max 0.0/284.0/595, nonzero 114
    new field batch_view_slot_wait_us: median/p90/max 0.0/1859.0/10201, nonzero 122
    new field batch_view_slot_waits: median/p90/max 0.0/53.0/126, nonzero 122
    new field batch_wall_sum_us: median/p90/max 603394.5/753905.0/2209779, nonzero 452
    new field batches: median/p90/max 128.0/128.0/128, nonzero 452
    new field build_batches: median/p90/max 128.0/128.0/128, nonzero 452
    new field carried_depth: median/p90/max 1.0/1.0/1, nonzero 452
    new field exec_end_to_seal_us: median/p90/max 94.0/161.0/995, nonzero 452
    new field exec_partition_us: median/p90/max 6.0/9.0/1631, nonzero 452
    new field exec_prepared_groups: {'true': 446, 'false': 6}
    new field exec_prepared_slots: {'true': 446, 'false': 6}
    new field exec_slots_us: median/p90/max 0.0/0.0/2158, nonzero 6
    new field freeze_join_wait_us: median/p90/max 3605.0/14977.0/22505, nonzero 451
    new field freeze_late: {'true': 452}
    new field freeze_pool_own: {'true': 452}
    new field live_index_defer: {'true': 452}
    new field merge_accounts: median/p90/max 192263.5/195285.0/198796, nonzero 452
    new field merge_append_us: median/p90/max 2765.5/8503.0/24387, nonzero 452
    new field merge_early: {'false': 452}
    new field merge_join_wait_us: median/p90/max 0.0/0.0/0, nonzero 0
    new field merge_reverts: median/p90/max 192263.5/195285.0/198796, nonzero 452
    new field merge_reverts_us: median/p90/max 15724.5/21690.0/108927, nonzero 452
    new field merge_state_us: median/p90/max 40072.0/48947.0/68764, nonzero 452
    new field merge_tail_us: median/p90/max 0.0/0.0/6, nonzero 4
    new field merge_threads: median/p90/max 1.0/1.0/1, nonzero 452
    new field one_wave: {'false': 452}
    new field open_engine_us: median/p90/max 0.0/40222.0/100494, nonzero 105
    new field open_fallback: {'false': 347, 'true': 105}
    new field open_keep_us: median/p90/max 6.0/10.0/23, nonzero 452
    new field open_kept_accounts: median/p90/max 576132.0/583551.0/591621, nonzero 452
    new field open_layers: median/p90/max 3.0/3.0/3, nonzero 452
    new field open_provider_us: median/p90/max 96.0/154.0/605, nonzero 452
    new field plan_age_us: median/p90/max 52660.0/94524.0/157627, nonzero 452
    new field plan_ahead: median/p90/max 1.0/1.0/1, nonzero 452
    new field plan_body: median/p90/max 1.0/1.0/2, nonzero 452
    new field plan_body_us: median/p90/max 18601.0/21576.0/29337, nonzero 446
    new field plan_discard: {'': 452}
    new field plan_prep_us: median/p90/max 7082.5/14404.0/94733, nonzero 452
    new field plan_topup_txs: median/p90/max 0.0/0.0/0, nonzero 0
    new field prep_from_plan: {'true': 446, 'false': 6}
    new field prev_seal_to_answer_us: median/p90/max 1727.0/2469.0/4454, nonzero 452
    new field prev_seal_to_entry_us: median/p90/max 0.0/0.0/0, nonzero 0
    new field prev_seal_to_header_us: median/p90/max 206.0/331.0/1222, nonzero 452
    new field prev_seal_to_import_us: median/p90/max 128117.5/157438.0/242122, nonzero 417
    new field prev_seal_to_request_us: median/p90/max 1027.5/62793.0/85728, nonzero 452
    new field prev_seal_to_start_us: median/p90/max 1330.0/63259.0/85974, nonzero 452
    new field pull_bulk_txs: median/p90/max 200000.0/200000.0/200000, nonzero 452
    new field pull_bulk_us: median/p90/max 6.0/9.0/2554, nonzero 452
    new field receipts_late: {'false': 452}
    new field receipts_late_wait_us: median/p90/max 0.0/0.0/0, nonzero 0
    new field rename_fallbacks: median/p90/max 0.0/0.0/0, nonzero 0
    new field rename_record_waits: median/p90/max 0.0/0.0/0, nonzero 0
    new field root_apply_gap_us: median/p90/max 11.0/13.0/19, nonzero 452
    new field root_apply_total_us: median/p90/max 23476.5/34477.0/55925, nonzero 452
    new field root_compute_us: median/p90/max 26021.0/37419.0/59676, nonzero 452
    new field root_delta_us: median/p90/max 1219.0/3379.0/10586, nonzero 452
    new field root_index_us: median/p90/max 3072.5/6199.0/26087, nonzero 452
    new field root_leaves_us: median/p90/max 7292.0/12883.0/35544, nonzero 452
    new field root_note_us: median/p90/max 142.0/206.0/1024, nonzero 452
    new field root_ops_ahead: {'true': 452}
    new field root_ops_ahead_wait_us: median/p90/max 3539.5/12251.0/84192, nonzero 452
    new field root_ops_concat_us: median/p90/max 0.0/0.0/0, nonzero 0
    new field root_ops_encode_us: median/p90/max 5800.0/11738.0/88516, nonzero 452
    new field root_ops_finish_us: median/p90/max 2252.5/3638.0/12703, nonzero 452
    new field root_ops_sort_us: median/p90/max 3527.0/8080.0/36716, nonzero 452
    new field root_ops_us: median/p90/max 6115.0/15463.0/86441, nonzero 452
    new field root_rehash_us: median/p90/max 2544.0/3819.0/14773, nonzero 452
    new field root_retire_us: median/p90/max 1738.5/2741.0/9205, nonzero 452
    new field root_sort_us: median/p90/max 211.5/420.0/5233, nonzero 452
    new field root_undo_us: median/p90/max 346.0/674.0/3535, nonzero 452
    new field root_writes_us: median/p90/max 7112.5/10174.0/37100, nonzero 452
    new field seal_hashes_ahead: {'true': 452}
    new field seal_on_counters: {'true': 452}
    new field seal_to_complete_us: median/p90/max 117367.5/138750.0/207183, nonzero 452
    new field seal_to_frozen_us: median/p90/max 3546.5/14948.0/22450, nonzero 262
    new field seal_to_merge_end_us: median/p90/max 117241.0/138688.0/207030, nonzero 452
    new field seal_to_merge_start_us: median/p90/max 54511.0/70526.0/145363, nonzero 452
    new field seal_to_ops_ahead_us: median/p90/max 20437.5/32026.0/99122, nonzero 452
    new field seal_to_shards_ready_us: median/p90/max 13023.0/19398.0/27401, nonzero 452
    new field seal_to_state_ready_us: median/p90/max 117252.0/138694.0/207039, nonzero 452
    new field sealed_unix_us: median/p90/max 1791463482498817.0/1791463494609556.0/1791463497688803, nonzero 452
    new field start_walk_check_us: median/p90/max 0.0/0.0/0, nonzero 0
    new field start_walk_ids_us: median/p90/max 0.0/0.0/0, nonzero 0
    new field start_walk_settle_us: median/p90/max 0.0/0.0/0, nonzero 0
    new field start_walk_us: median/p90/max 0.0/0.0/0, nonzero 0
    new field state_wait_us: median/p90/max 6700.0/40381.0/108524, nonzero 452
    new field view_journal_reads: median/p90/max 0.0/77824.0/139264, nonzero 216
    new field view_journal_searches: median/p90/max 0.0/194362.0/422557, nonzero 216
    new field view_journal_skips: median/p90/max 0.0/0.0/0, nonzero 0
    new field whole_take_noted: {'true': 452}
    engine own-import total_ms per block median/p90/max 42/64/136 (n=452)
    layer RSS 33.1 -> 41.1 G (max 41.1), in-memory blocks max 11
    execution layer cores busy 35.3    validators cores busy 6.0
  round total (3 windows, canonical): 272.6M tx
  layer peak RSS 41.1 G; in-memory blocks max 11
  fields at seal: mode "early", verified 0, unchecked 0, mismatches 0 (last build line, cumulative)
  own_executed_again (built here and also directly imported): 0 of 1408 built blocks
== loop349K21Q64
  layer-0 leader window-1 builds 465: txs mean 200000, share >= 95% of the tier 100% (max 200000); sealed_at_ms 53.0/71.0; par_ms 55.0/88.0; par_exec_ms 22.0/27.0; roots_ms 31.0/44.0; parent_fields_ms 4.0/20.0; sealed_ms 6.0/21.0
  proposal cycle window 1 (n=480): mean 64.6 median 61.5 p90 77.0 ms; blocks in the 30 s: 480
  binding wait (tick / quorum / seal, share and mean cycle): tick 98.7% (64.2); quorum 0.9% (110.0); seal 0.4% (98.3)
  vote delay after the proposal, slowest key per block: median 16.8 p90 59.6 ms (slowest minus the median key: median 0.2); last key: {1: 126, 2: 57, 3: 93, 4: 67, 5: 49, 6: 72} of 464 blocks
  CPU in window 1 (cores busy): execution layers 34.8 over 1 process(es); validators 6.3 over 21 process(es)
  execution layer peak RSS 41.1 G; in-memory blocks max 11 (node0 and others, all layers)
  blocks built here 1408; none also directly imported
  import-once counters at the last direct import: ; start-up lines with import_once=true: 1; queue-lock lines 0
  layer-0 queue (queued after canonical prune), median per 10 s: t+0:2490000 t+20:2485500 t+40:2458250 t+60:2513000 t+80:2453250
  flood: median per 5 s 3061026/s, final -
  timeout / given-up lines: 0; 
loop349K21Q64 page_faults_per_s_median: node0=177000 
feedcheck loop349K21Q64: ok (block 200,000 tx)
== loop349K21Q64: feed check (acq_us / gate_us / reply_us are per frame of 500; rate per 5 s `ingest` line)
  window 1: ingest lines 6; acq_us 466 (max 2987); gate_us 7114; reply_us 7680; slots_busy 12%; delivered median 3,112,424/s max 3,199,274/s; queue at builds median 2,518,000 min 1,347,000; full 100% of 464 blocks
  window 2: ingest lines 6; acq_us 474 (max 494); gate_us 7353; reply_us 7925; slots_busy 12%; delivered median 3,035,190/s max 3,159,459/s; queue at builds median 2,510,500 min 2,297,000; full 100% of 447 blocks
  window 3: ingest lines 6; acq_us 482 (max 501); gate_us 7268; reply_us 7862; slots_busy 12%; delivered median 3,039,887/s max 3,148,947/s; queue at builds median 2,514,000 min 2,270,500; full 100% of 452 blocks
  flood.log (+15..+100 s): rate per 5 s median 3,044,572/s max 3,205,910/s; reply latency median 62.5 ms max 72.0 ms
== loop349K21Q64: lanes lock, drain and pruner (new fields)
  window 1: lock duty 54.0% (max 57.0); holds/5s 2,278; longest hold 26.41 ms median, 41.21 ms max by crates/n42/tx-queue/src/lib.rs:2046 (most frequent holders [('crates/n42/tx-queue/src/lib.rs:2046', 5), ('crates/n42/tx-queue/src/lib.rs:2692', 1)]); lock wait 2099.4 ms/5s, longest 41.24 ms; drains/5s 991 of 15716 tx, mean 1226 us, max 18.45 ms
           prune (430 blocks): prune_ms 31/53; fold 0.6 ms, lock 0.0 ms, remove(hold) 9.0 ms, free 0.0 ms; frames_swept 400; coalesced on 430 of 430; prune_wait_ms 0/0; pruner busy 47% of a thread, lock held by it 1.2%
  window 2: lock duty 56.5% (max 58.0); holds/5s 2,138; longest hold 27.44 ms median, 42.84 ms max by crates/n42/tx-queue/src/lib.rs:2692 (most frequent holders [('crates/n42/tx-queue/src/lib.rs:2046', 5), ('crates/n42/tx-queue/src/lib.rs:2692', 1)]); lock wait 2714.3 ms/5s, longest 72.50 ms; drains/5s 924 of 16409 tx, mean 1442 us, max 20.86 ms
           prune (411 blocks): prune_ms 34/55; fold 0.6 ms, lock 0.0 ms, remove(hold) 9.1 ms, free 0.0 ms; frames_swept 400; coalesced on 411 of 411; prune_wait_ms 0/0; pruner busy 48% of a thread, lock held by it 1.7%
  window 3: lock duty 59.0% (max 60.0); holds/5s 2,076; longest hold 28.88 ms median, 33.35 ms max by crates/n42/tx-queue/src/lib.rs:2046 (most frequent holders [('crates/n42/tx-queue/src/lib.rs:2046', 6)]); lock wait 2851.8 ms/5s, longest 34.64 ms; drains/5s 888 of 17229 tx, mean 1588 us, max 24.21 ms
           prune (419 blocks): prune_ms 36/61; fold 0.6 ms, lock 0.0 ms, remove(hold) 10.2 ms, free 0.0 ms; frames_swept 400; coalesced on 419 of 419; prune_wait_ms 0/0; pruner busy 53% of a thread, lock held by it 1.7%
== loop349K21Q64: pruner (per block; busy = sum prune_ms / 30 s, lock = sum (remove_us + settle_us) / 30 s)
  window 1: 430 prunes; prune_ms 31/53; remove_us 9.0/19.9 ms; forget_us 2.9/5.1 ms; settle_us 2.9 ms; pruner busy 47% of a worker; lanes lock held for removal 21%
  window 2: 411 prunes; prune_ms 34/55; remove_us 9.1/21.1 ms; forget_us 3.0/5.2 ms; settle_us 3.2 ms; pruner busy 48% of a worker; lanes lock held for removal 22%
  window 3: 419 prunes; prune_ms 36/61; remove_us 10.2/22.6 ms; forget_us 2.9/5.5 ms; settle_us 3.5 ms; pruner busy 53% of a worker; lanes lock held for removal 24%
== loop349K21Q64: seal start / pull, prepared plan, answer, chunked drain
  window 1: 465 builds; start_best_ms 2/13; start_walk_us 0/0; start_pull_ms 0/0; par_pull_ms 0/0; par_start_ms 3/13; par_ms 55/88; sealed_at_ms 53/71; pull_bulk_us 5/9; pull_bulk_txs 200000/200000; plan_age_us 49273/103949; plan_prep_us 6697/12039; plan_topup_txs 0/0
           plan_ahead {'1': 465}; plan_discard {'': 465}
           answer: built-ahead bytes median/max 15,243/15,245, layout_only {'true': 464}; proposal sent bytes median/max 15,243/15,245, layout_only {'true': 463}
           drain: chunks/5s 858, chunk max 8,192 tx, finished by others/5s 50; plan_discards (last ingest line) -
  window 2: 446 builds; start_best_ms 5/16; start_walk_us 0/0; start_pull_ms 0/0; par_pull_ms 0/0; par_start_ms 5/16; par_ms 54/85; sealed_at_ms 53/77; pull_bulk_us 6/9; pull_bulk_txs 200000/200000; plan_age_us 49832/98173; plan_prep_us 7275/13450; plan_topup_txs 0/0
           plan_ahead {'1': 445, '0': 1}; plan_discard {'': 445, 'not_on_its_parent': 1}
           answer: built-ahead bytes median/max 15,245/15,245, layout_only {'true': 447}; proposal sent bytes median/max 15,245/15,245, layout_only {'true': 446, 'false': 1}
           drain: chunks/5s 775, chunk max 8,192 tx, finished by others/5s 56; plan_discards (last ingest line) -
  window 3: 452 builds; start_best_ms 4/17; start_walk_us 0/0; start_pull_ms 0/0; par_pull_ms 0/0; par_start_ms 4/17; par_ms 56/85; sealed_at_ms 56/79; pull_bulk_us 6/9; pull_bulk_txs 200000/200000; plan_age_us 52660/94524; plan_prep_us 7082/14404; plan_topup_txs 0/0
           plan_ahead {'1': 452}; plan_discard {'': 452}
           answer: built-ahead bytes median/max 15,245/15,245, layout_only {'true': 452}; proposal sent bytes median/max 15,245/15,245, layout_only {'true': 453}
           drain: chunks/5s 734, chunk max 8,192 tx, finished by others/5s 60; plan_discards (last ingest line) -
== loop349K21Q64: persistence per window (ms per block = part sum / blocks persisted)
  window 1: persisted 463 of 464 produced (100%); total 33.5, sf_tx 29.9, sf_rcpt 6.7, sf_acct 13.7, sf_send 11.5, scope 30.0, qmdb 13.9, post 0.0, pre 3.5, plain_rev 3.5, commit_sf 0.8, commit_mdbx 0.1, commit_rocks 0.0; longest task sf_tx 29.9; in-memory 9 -> 8 (max 10); RSS 15.6 -> 26.3 G; lag 8 -> 9 = +2.0 blocks/min; bp max 0
  window 2: persisted 449 of 447 produced (100%); total 33.0, sf_tx 29.3, sf_rcpt 6.7, sf_acct 13.7, sf_send 11.4, scope 29.4, qmdb 15.5, post 0.0, pre 3.6, plain_rev 3.6, commit_sf 0.8, commit_mdbx 0.1, commit_rocks 0.1; longest task sf_tx 29.3; in-memory 8 -> 9 (max 11); RSS 26.3 -> 33.6 G; lag 9 -> 9 = +0.0 blocks/min; bp max 0
  window 3: persisted 453 of 452 produced (100%); total 36.3, sf_tx 32.0, sf_rcpt 6.8, sf_acct 13.9, sf_send 10.7, scope 32.5, qmdb 18.5, post 0.0, pre 3.8, plain_rev 3.8, commit_sf 0.8, commit_mdbx 0.1, commit_rocks 0.1; longest task sf_tx 32.0; in-memory 9 -> 8 (max 11); RSS 33.6 -> 41.1 G; lag 9 -> 9 = +0.0 blocks/min; bp max 0
  leg end: in-memory 6, max over the sampler 11, backpressure stalls 0
== loop349K21Q64: execution and root fields (median / p90 per block); over 1409 full builds: rename_fallbacks total 0, rename_record_waits total 0, carried_depth values ['1']
    folded lines 465: pending_max max 86 (median 72); pending_us_max max 18,371; drops_max max 63344
    flags: seal_on_counters true:465; freeze_pool_own true:465; plan_body 1:464/2:1; prep_from_plan false:1/true:464; plan_ahead 1:465; seal per 1,000 transfers 0.265 ms
  window 1 (465 builds): on-CPU share 1.00/1.00; CPU per transfer 3.01/3.72 us; sealed_at_ms 53/71; par_exec_ms 22/27; par_fold_ms 10/18; index_ms 15/21; par_start_ms 3/13; gap_before_exec_ms 8/43; state_wait_us 8,679/42,779; parent_fields_ms 5/20; roots_ms 31/44; seal_to_fields_us 50,752/64,192; seal_to_complete_us 109,931/126,353; rename_fallbacks 0/0; rename_record_waits 0/0; carried_depth 1/1; plan_body_us 12,946/17,434; batch_max_ms 9/12; tx_root_ms 1/1; sealed_ms 6/21
    folded lines 451: pending_max max 84 (median 73); pending_us_max max 17,962; drops_max max 35532
    flags: seal_on_counters true:446; freeze_pool_own true:446; plan_body 0:1/1:441/2:4; prep_from_plan false:5/true:441; plan_ahead 0:1/1:445; seal per 1,000 transfers 0.265 ms
  window 2 (446 builds): on-CPU share 1.00/1.00; CPU per transfer 2.97/3.74 us; sealed_at_ms 53/77; par_exec_ms 21/27; par_fold_ms 9/16; index_ms 15/20; par_start_ms 5/16; gap_before_exec_ms 7/50; state_wait_us 7,300/49,741; parent_fields_ms 6/23; roots_ms 32/46; seal_to_fields_us 51,915/65,154; seal_to_complete_us 111,882/129,354; rename_fallbacks 0/0; rename_record_waits 0/0; carried_depth 1/1; plan_body_us 18,214/21,423; batch_max_ms 8/13; tx_root_ms 1/1; sealed_ms 7/25
    folded lines 453: pending_max max 91 (median 73); pending_us_max max 17,922; drops_max max 32093
    flags: seal_on_counters true:452; freeze_pool_own true:452; plan_body 1:446/2:6; prep_from_plan false:6/true:446; plan_ahead 1:452; seal per 1,000 transfers 0.280 ms
  window 3 (452 builds): on-CPU share 1.00/1.00; CPU per transfer 2.92/3.63 us; sealed_at_ms 56/79; par_exec_ms 21/27; par_fold_ms 7/15; index_ms 13/18; par_start_ms 4/17; gap_before_exec_ms 6/41; state_wait_us 6,700/40,381; parent_fields_ms 9/29; roots_ms 36/54; seal_to_fields_us 54,406/70,420; seal_to_complete_us 117,368/138,750; rename_fallbacks 0/0; rename_record_waits 0/0; carried_depth 1/1; plan_body_us 18,601/21,576; batch_max_ms 9/14; tx_root_ms 1/1; sealed_ms 10/30
== loop349K21Q64: 4316 proposals; proposal -> quorum (leader's commit) median 14.9 / p90 45.9 / max 147.1 ms; proposal interval median 61.4 / p90 62.7 ms; TC formed lines 0; leader views timed out 0; ParentUnknown lines 0
   handover at view 1024: proposal intervals (view, ms) [(1023, 61), (1024, 126), (1025, 733), (1026, 54), (1027, 62)] against the median 61 ms
   handover at view 2048: proposal intervals (view, ms) [(2047, 61), (2048, 62), (2049, 61), (2050, 62), (2051, 61)] against the median 61 ms
   handover at view 3072: proposal intervals (view, ms) [(3071, 62), (3072, 62), (3073, 61), (3074, 61), (3075, 61)] against the median 61 ms
   handover at view 4096: proposal intervals (view, ms) [(4095, 62), (4096, 61), (4097, 61), (4098, 61), (4099, 61)] against the median 61 ms
     block 1026 (view 1025): sealed_at_ms 24, gap_before_exec_ms 5, parent_fields_ms 0, rename_fallbacks 0, rename_record_waits 0, carried_depth 1
     block 1028 (view 1027): sealed_at_ms 57, gap_before_exec_ms 0, parent_fields_ms 21, rename_fallbacks 0, rename_record_waits 0, carried_depth 1
flood span 95 s; tokio-rt threads alive throughout 34 of 64; group 9.7 cores busy over them (all threads incl. short-lived 12.5)
  per-thread cores busy, top 12: 0.61 0.60 0.58 0.58 0.58 0.57 0.57 0.56 0.56 0.56 0.55 0.55; threads over 0.9 core: 0, over 0.7: 0
== loop349K21Q64: 1363 full builds in the 3 windows
  par_exec_ms 21/27; par_run_ms 31/65; batch_start_skew_ms 16/21; batch_median_ms 4/5; batch_max_ms 8/13; batch_first_start_us 77/117; batch_last_start_us 16882/21086; batch_dispatch_us 217/304; batch_last_end_us 21739/27847; batches 128/128; batch_threads 32/32; batch_txs_max 2000/2000; batch_txs_min 1500/1500; start_walk_ms 0/0; start_walk_check_ms 0/0; par_start_ms 4/16; sealed_at_ms 54/77; prev_seal_to_answer_us 1765/3079; prev_seal_to_entry_us 0/0; prev_seal_to_header_us 200/320; prev_seal_to_import_us 123042/155309; prev_seal_to_request_us 1033/64747; prev_seal_to_start_us 1324/65036; start_walk_check_us 0/0; start_walk_ids_us 0/0; start_walk_settle_us 0/0; start_walk_us 0/0
  one_wave {'false': 1363}
  batches == batch_threads on 0 of 1363 builds
  last - first batch start (ms) median/p90 16.81/21.01; under 2 ms on 0 of 1363 builds
bodygate loop349K21Q64: invalid_blocks=0 gas_mismatch=0 fields_mismatches=0 own_not_committed=0 proposals_given_up=0
leg loop349K21D: /data free 497G (needs 120 G)
load 14.03 at 08:47:56, waiting
load 8.50 at 08:48:26, waiting
plan loop349K21D: exit 0 (21 validators, 1 layer(s)): # validators 21, execution layers 1, 192 CPUs a layer, import-once 1, shared 1; # validators : 32 CPUs set aside, taskset -c 96-111,224-239; # fleet    : 21 nodes, quorum 15 of 21 (f = 6); 0 refusals
leg loop349K21D start 08:48:57 load 5.23
round loop349K21D exit 0 at 08:52:01
loop349K21D save stages (node0, seconds summed over the leg / count): batch_size=1936.0/632  batch_size=1936.0/632  reth_consensus_engine_beacon_persistence_duration=59.2/632  duration_seconds=54.5/632  total=49.7/632  scope=44.9/632  sf=44.8/632  sf_transactions=44.6/632  qmdb_persisted=22.6/632  sf_account_changesets=20.5/632
el binary: /data/n42-build/target-n42-rs/native/release/n42 env: N42_IMPORT_ONCE=1 N42_SETTLEMENT_TAGS=legacy N42_BUILD_THROTTLE_SOFT=48 F7_EL_MAP=0,0,0,0,0,0,0,0,0,0,0,0,0,0,0,0,0,0,0,0,0 N42_FIELDS_AT_SEAL=1 N42_FREEZE_AFTER_SEAL=1 N42_FRAME_BLOCKS=1 N42_TX_INGEST_RECOVER_PARALLEL=24 N42_FREEZE_POOL=own N42_PARALLEL_BUILD_THREADS=32 N42_PLAN_AHEAD=1 N42_HASHED_TABLES=off F7_FLOOD_RATE=6000000 N42_COMPACT_BODY=1 N42_BUILD_BATCHES=128 MALLOC_CONF=thp:always,oversize_threshold:0,dirty_decay_ms:2000,background_thread:true N42_SEAL_ON_COUNTERS=1 N42_ACCOUNT_HISTORY=off N42_TAKE_COMPACT=1 N42_SF_EARLY_WRITEBACK=1 F7_VAL_NO_MALLOC_CONF=1 N42_ROAD_RUNTIME=1 N42_TX_INGEST_HIGH_WATER=2500000 F7_BENCH_POOL_SLOTS=3000000 N42_PLAN_AHEAD_BODY=1 N42_SEAL_AT_EXEC=1 N42_TX_QUEUE_DRAIN_CHUNK=8192 N42_ANSWER_LAYOUT_ONLY=1 N42_PULL_BY_FRAMES=1 N42_SF_PARALLEL_ENCODE=1 N42_BUILD_THROTTLE_HARD=80 N42_LIVE_INDEX_DEFER=1 RAYON_NUM_THREADS=16 F7_VAL_CPUS=32 N42_ROOT_OPS_AHEAD=1 TOKIO_WORKER_THREADS=16 N42_QMDB_READS=on N42_LEADER_LAYERS=3 N42_PERSIST_QMDB_IN_SCOPE=1 F7_BLOCK_INTERVAL_MS=60 F7_MEASURE_FROM_LOG=1
validator env: N42_IMPORT_ONCE=1 N42_SETTLEMENT_TAGS=legacy N42_BUILD_THROTTLE_SOFT=48 F7_EL_MAP=0,0,0,0,0,0,0,0,0,0,0,0,0,0,0,0,0,0,0,0,0 N42_FIELDS_AT_SEAL=1 N42_FREEZE_AFTER_SEAL=1 N42_FRAME_BLOCKS=1 N42_TX_INGEST_RECOVER_PARALLEL=24 N42_FREEZE_POOL=own N42_PARALLEL_BUILD_THREADS=32 N42_PLAN_AHEAD=1 N42_HASHED_TABLES=off F7_FLOOD_RATE=6000000 N42_COMPACT_BODY=1 N42_BUILD_BATCHES=128 N42_SEAL_ON_COUNTERS=1 N42_ACCOUNT_HISTORY=off N42_TAKE_COMPACT=1 N42_SF_EARLY_WRITEBACK=1 N42_ROAD_RUNTIME=1 N42_TX_INGEST_HIGH_WATER=2500000 F7_BENCH_POOL_SLOTS=3000000 N42_PLAN_AHEAD_BODY=1 N42_SEAL_AT_EXEC=1 N42_TX_QUEUE_DRAIN_CHUNK=8192 N42_ANSWER_LAYOUT_ONLY=1 N42_PULL_BY_FRAMES=1 N42_SF_PARALLEL_ENCODE=1 N42_BUILD_THROTTLE_HARD=80 N42_LIVE_INDEX_DEFER=1 RAYON_NUM_THREADS=16 F7_VAL_CPUS=32 N42_ROOT_OPS_AHEAD=1 TOKIO_WORKER_THREADS=16 N42_QMDB_READS=on N42_LEADER_LAYERS=3 N42_PERSIST_QMDB_IN_SCOPE=1 F7_MEASURE_FROM_LOG=1
loop349K21D once: start-up lines import_once=true 1; last direct-import counters 
loop349K21D imports: layers=1 direct_imports=0 canonical_blocks=4005 import_once_lines=1 (per layer: direct imports should equal canonical blocks for one execution per block)
grep: /data/blockchain/rust-fleet7-bench/node1/el.log: No such file or directory
grep: /data/blockchain/rust-fleet7-bench/node2/el.log: No such file or directory
grep: /data/blockchain/rust-fleet7-bench/node3/el.log: No such file or directory
grep: /data/blockchain/rust-fleet7-bench/node1/el.log: No such file or directory
grep: /data/blockchain/rust-fleet7-bench/node2/el.log: No such file or directory
grep: /data/blockchain/rust-fleet7-bench/node3/el.log: No such file or directory
cat: /data/blockchain/rust-fleet7-bench/node2/el.log: No such file or directory
cat: /data/blockchain/rust-fleet7-bench/node2/el.log: No such file or directory
cat: /data/blockchain/rust-fleet7-bench/node2/el.log: No such file or directory
cat: /data/blockchain/rust-fleet7-bench/node1/el.log: No such file or directory
cat: /data/blockchain/rust-fleet7-bench/node2/el.log: No such file or directory
cat: /data/blockchain/rust-fleet7-bench/node3/el.log: No such file or directory
Traceback (most recent call last):
  File [35m"<stdin>"[0m, line [35m4[0m, in [35m<module>[0m
[1;35mIndexError[0m: [35mlist index out of range[0m
loop349K21D no_variant=0 own_not_committed=0 tc=0 invalid_blocks=0 incomplete=0 gas_mismatch=0 direct_imports_failed=0 stuck_at_hashed_state=0 engine_idles_over_5s=1 proposals_given_up=0 tables_off_nodes=1 unanswered_reads=0 seal_first_total=1433 seal_first_direct=1433 direct_guard_errors=0 commit_ms_median=0 fold_ms_median=8 sealed_at_ms_median=55 state_ready_ms_median=96 build_total_ms_median=176 recover_us_median=0 par_exec_ms_median=22 par_exec_ms_median=22 giveback_filtered=0 giveback_offered_max=200000 seal_first=1433 reader_lag_max=9 reader_lag_warns=0 view_invalidated=0 el_sum_peak_g=40.5 el_max_peak_g=40.5 val_sum_peak_g=2.7 flood_peak_g=0.6 two_roads_blocks=0 two_roads_overlap_ms_median=- exec_on_output_declined=0 r1_collect_ms_median=6 proposal_at_ms_median=49 view_total_ms_median=61 import_exec_ms_median=- import_total_ms_median=- import_senders_ms_median=- import_convert_ms_median=- import_groups_median=- imports_over_600ms=0 min_avail_g=71.1 road_foreign_body_recv_ms=- road_foreign_body_decode_ms=- road_foreign_body_senders_ms=- road_foreign_body_parent_wait_ms=- road_foreign_body_check_ms=- road_foreign_body_total_ms=- road_new_payload_recv_ms=- road_new_payload_decode_ms=- road_new_payload_senders_ms=- road_new_payload_parent_wait_ms=- road_new_payload_check_ms=- road_new_payload_total_ms=- road_foreign_body_blocks=0 road_new_payload_blocks=0 fcu_answered=1842 fcu_in_flight_ms_median=0 fcu_queued_ms_median=0 fcu_queued_ms_max=119 fcu_refused=0 fcu_slow=2533 bodies_held=0 road_reuse_ms=- road_prepare_ms=- road_dispatch_ms=- road_convert_ms=- road_remember_ms=- road_header_ms=- road_fields_ms=- road_other_ms=- import_engine_ms_median=- gate_forced=0 gate_warns=0 flood_timeouts=0 canonical_min=4059 canonical_max=4059 chained_builds=2568 chain_lead_ms_median=57 chain_wait_ms_median=0 chain_started=2570 chain_discarded=1 chain_discard_reasons=_1_reason="no_,_1_reason="the_execution_layer_produced_nothing chain_alias_warns=0 el_chained=2590 bodies_held_warns=0 el_build_refused=2 el_build_refused_reasons=_2_no_QMDB_tree_for_parent_block_0x queued_p5=2315500 queued_p50=2435500 road_compact_blocks=0 road_compact_recv_ms=- road_compact_assemble_ms=- road_compact_root_ms=- road_compact_miss_wait_ms=- road_compact_senders_ms=- road_compact_check_ms=- road_compact_other_ms=- road_compact_total_ms=- road_compact_misses_total= compact_refused_el=0 compact_fallbacks=0 compact_bytes_median=- pool_order9=13535 par_pull_ms_median=0 build_total_ms_median2=57 road_compact_filled_blocks=0 road_compact_filled_median=- road_compact_fill_ms_median=- need_txns=0 fill_failed=0 ingest_rate_gate_open_median=- ingest_gate_open_intervals=0 ingest_slots_busy_median=- flood_rate= fill_asked_proposer=0 fill_asked_other=0 loop_lines=3067 loop_unnamed_ms_median=46 loop_body_served_ms_median=- loop_txns_served_ms_median=- import_exec_ms_median2=- pip_partition_ms=- pip_env_ms=- pip_batch_ms=- pip_groups_ms=- pip_gas_ms=- pip_merge_ms=- pip_receipts_ms=- pip_drop_ms=- pip_other_ms=- pip_total_ms=- senders_indexed_median=- road_senders_ms_median=- road_total_ms_median=- pew_ms_median=- pew_ms_p90= gate_ms_median=- gate_ms_p90= root_ms_p50=- root_ms_p90= two_roads=0 not_on_output=0 not_on_output_why= ckpt_ms_first_q=2 ckpt_ms_last_q=55 ckpt_bytes_last=33815020 parent_still_importing=0 root_wait_ms_p50=- root_wait_ms_p90= tenures_low_seal=23 seal_first_share=0.99 empty_over_deep=0 near_empty_warns=0 no_seal_why= par_skipped_median=- usable_p5=2315500 ckpt_replay_ms_last_q=14 candidates_zero=0 dropped_ingest=0 let_go_warns=0 let_go_reasons= parked_p50=0 parked_max=0 held_warns=0 park_capped_total=0 superseded_builds=0 empty_not_superseded=0 mass_park_warns=0 heads_lines=0 holes_lines=0 stale_parent_refusals=0 par_groups_p5=0 cancelled_decided=0 heads_nonce0=0 stale_unconfirmed= handovers=0 el_panics=0 decided_cancelled=0 min_window_blocks=450 road_desc_blocks=0 road_desc_total_ms=- road_desc_copy_ms=- desc_misses=0 fill_failed2=0 sf_par_collect_ms=0 sf_par_commit_ms=0 sf_par_fold_ms=8 sf_par_graft_ms=0 sf_par_prefault_ms=0 sf_par_exec_ms=22 sf_sealed_at_ms=55 sf_roots_ms=32 sf_state_ready_ms=96 sf_total_ms=176 ba_find_ms=0 ba_queue_ms=0 ba_total_ms=57 ba_on_output=1432 queue_fold_us=0 queue_lock_us=72 sf_par_exec_ms=22 sf_par_fold_ms=8 pip_groups_ms=- import_exec_ms_median2=- reads_d0=0 reads_hist=0 f_reads_d0=- f_reads_hist=- f_overlay_depth=- L_read_set_ms=0 read_set_accounts=0 read_set_unresolved=0 read_set_hits=0 read_set_misses=0 start_best_ms=- par_prep_ms=- gap_before_exec_ms=- gap_after_exec_ms=- gap_before_seal_ms=- index_ms=- road_copy_aside_ms=- road_copy_wait_ms=- road_total_ms=- queue_first_miss=queue_first_miss=0:2559,queue_first_miss=18446744073709551615:1444 root_append_behind=0 populate_lag_mb=0 swap_used_g=0 root_faults=- root_faults_p90= root_faults_entries=0 root_faults_offsets=0 root_faults_index=0 root_faults_bits=0 root_faults_twigs=0 root_faults_undo=0 root_faults_tmp=0 root_append_faults=3 root_twig_pool_misses=0 batch_max_ms=8 batch_min_ms=2 batch_median_ms=4 batch_cpu_max_ms=8 batch_txs_max=2000 batch_txs_min=1500 batch_start_skew_ms=17 batch_wait_ms=0 loop_fetch_ns=0 loop_check_ns=0 loop_transfer_ns=0 loop_receipt_ns=0 loop_gas_ns=0 loop_sink_ns=0 loop_other_ns=0 batch_setup_ns=0 batch_close_ns=0 imp_exec_part_ms=- imp_exec_batches_ms=- imp_exec_graft_ms=- imp_exec_batches=- imp_exec_threads=- imp_exec_batch_max_ms=- imp_exec_batch_median_ms=- imp_parent_output_wait_ms=- road_parent_output_wait_ms=- next_start_gap_ms=1 next_entry_gap_ms=0 commit_body_ahead_used=- imp_exec_keys_ms=- imp_keys_ahead=- imp_exec_sink_ms=- imp_exec_pre_ms=- imp_exec_post_ms=- imp_exec_receipts_ms=- imp_exec_drop_ms=- root_gap_ms=- queue_whole=queue_whole=false:2559,queue_whole=true:1444 tick_tick_late_us=691 tick_preamble_us=345 tick_take_sealed_us=2 tick_sign_us=1 tick_cache_us=0 tick_presealed=- tick_describe_us=18 tick_publish_us=645 tick_tick_to_send_us=1757 road_check_ms=- road_check_include_us=- road_check_scan_us=- road_check_fold_us=- road_check_senders_us=- road_check_frames_summarized=- road_check_frames_scanned=- imp_exec_start_gap_us=- imp_gap_road_us=- imp_gap_header_us=- imp_gap_senders_us=- imp_gap_parent_us=- imp_gap_setup_us=- imp_gap_keys_wait_us=- sealed_at_p90= sealed_over_130=0 roots_ms=- cycle_p90= batch_max_ms=- batch_median_ms=- imp_batch_max=- forest_lock_warns=1566 root_seal_ms=1 root_seals=39 root_majflt=3218 roots_p90= gp_layer=1442 ggp_missing=356 state_wait_split=0/0/0/0:363,9/0/0/0:76,8/0/0/0:71 qmdb_releases=0 state_wait_on= imp_road_end_ms=- imp_exec_start_ms=- imp_exec_end_ms=- imp_root_end_ms=- imp_fields_ready_ms=- imp_parent_fields_wait_ms=- imp_exec_ms=- imp_root_ms=- imp_checks_ms=- imp_engine_ms=- imp_total_ms=- road_parent_fields_wait_ms=- exec_read_ms=0 L_exec_evm_ms=0 L_exec_write_ms=0 L_exec_other_ms=0 L_reads_cache=0 L_reads_provider=0 L_reads_view=0 L_graft_base_ms=0 L_graft_reserve_ms=0 L_graft_insert_ms=0 L_graft_reverts_ms=0 L_graft_other_ms=0 L_par_exec_ms=22 L_par_graft_ms=0 F_exec_read_ms=- F_exec_evm_ms=- F_exec_write_ms=- F_exec_other_ms=- F_reads_cache=- F_reads_provider=- F_reads_view=- F_groups_ms=- L_tx_root_wait_ms=0 L_par_exec_ms=22 L_par_graft_ms=0 L_par_fold_ms=8 L_sealed_ms=8 L_state_ready_ms=96 L_roots_ms=32 L_finish_ms=105 L_total_ms=176 L_setup_ms=0 L_par_pull_ms=0 L_give_back_ms=0 L_state_wait_ms=9 L_state_after_pull=1433 L_seal_at_exec=1433 L_tx_root_ahead=0 flood_w1=3069628 txs_p10=200000 acq_us=467 slots_busy=12 ingest_rate=3065029 L_scope_join_ms=0 L_par_release_ms=0 L_commit_body_ms=0 L_par_commit_ms=0 L_give_back_ms=0 L_sealed_ms=8 L_par_exec_ms=22 L_state_wait_ms=9 L_par_pull_ms=0 L_par_prep_ms=0 L_par_start_ms=3 L_pre_exec_ms=0 L_par_run_ms=34 L_sealed_at_ms=55 F_partition_ms=- F_env_ms=- F_groups_ms=- F_merge_ms=- F_reverts_wait_ms=- F_ahead_wait_ms=- F_total_ms=- I_engine_ms=- I_root_ms=- I_total_ms=- H_engine_remember_ms=- H_engine_listing_ms=- H_engine_new_payload_ms=- busy_us=1 L_par_start_ms=3 L_start_handoff_ms=0 L_start_best_ms=2 L_start_puller_ms=0 L_par_pull_ms=0 L_par_prep_ms=0 L_state_wait_ms=9 L_par_exec_ms=22 L_par_commit_ms=0 L_sealed_ms=8 L_sealed_at_ms=55 L_par_graft_ms=0 L_graft_insert_ms=0 L_graft_reverts_ms=0 L_graft_split_us=0 L_graft_build_us=0 L_graft_merge_us=0 L_state_ready_ms=96 Q_queue_ms=0 R_dispatch_wait_ms=- R_total_ms=- R_road_runtime=1 gate_holds=0 peer_fetch=0 pool_limit=limit=4 gate_opened=gate_opened_for_block=0 I_root_ms=- flood_rate_hdr=rate=6000000/s fills=0 fill_waited=- slots_busy=12 acq_us=467 busy_us=1 converged=0 fallbacks=0 busy_us=1 recover_us=0 tf_on_output=3 tf_fallback=0 still_importing=0 busy_us=1 slots_busy=12 batches=altsig_txs=0 altsig_batches=0 tf_on_output=3 tf_fallback=0 gate_holds=0 sign_s=sign 0s replay_note=replay       : 64 files from /data/n42-pregen/g900000-400m, 400000000 transactio sign_s=sign 0s shard=shard_verified=0 shard_claimed=0 road_verified=- slots_busy=12 gate_us=7363 reply_us=7933 queued=2435500 assemble_ms=- road_take_ms=- road_body_ms=- road_encode_ms=- shards=16 shard_insert_ms=0 shard_wait_ms=0 shard_fold_ms=15 shard_append_ms=16 shard_merge_ms=58 state_ready_ms=96 roots_ms=32 exec_read_ms=0 exec_evm_ms=0 exec_write_ms=0 exec_other_ms=0 reads_cache=0 reads_provider=0 reads_view=0 par_run_ms=34 fold_task_cpu_max_us=14754 fold_task_minflt_max=1 fold_task_minflt_sum=1 fold_task_migrated=0 fold_task_nivcsw_max=0 fold_index=1 fold_index_build_ms=14 fold_index_conflicts=8579 fold_queue_us=66 fold_skew_us=39 fold_task_max_us=14751 fold_tail_us=20 start_best_ms=2 start_select_ms=0 start_walk_ms=0 start_walk_check_ms=0 start_best_other_ms=0 start_frames_by_ref=0 start_frames_slow=0 start_pull_ms=0 start_other_ms=0 start_handoff_ms=0 par_start_ms=3 par_prep_ms=0 par_commit_ms=0 commit_body_ms=0 par_fold_ms=8 sealed_ms=8 copy_ms=- prune_ms=0 frames=- frames_missing=- frame_root_ms=- root_ms=- frames_admitted=frames_admitted=572489 frames_unaligned=0 frame_root_indexed=- seal_layout_ms=0 seal_root_ms=0 attested= busy_us=1 slots_busy=12 reply_us=7933 prune_ms=0 body_refused=0 body_failed_late=0
loop349K21D win1 tps=3,173,333 txs=95,200,000 blocks= 476 cycle=0.063s occupancy= 99.8% full(>=95%)=475/476 basefee=n/a (from the layer's log)
loop349K21D win2 tps=3,033,333 txs=91,000,000 blocks= 455 cycle=0.066s occupancy=100.0% full(>=95%)=455/455 basefee=n/a (from the layer's log)
loop349K21D win3 tps=3,000,000 txs=90,000,000 blocks= 450 cycle=0.067s occupancy=100.0% full(>=95%)=450/450 basefee=n/a (from the layer's log)
loop349K21D tps=3,173,333 round_txs=276200000 cycles_w1=
loop349K21D imp_fields_p90= b_p75=7
loop349K21D overlay: filter_skips=0 probes=0 ratio=- (ratio = skips/(skips+probes))
loop349K21D overlay_manager:       1 state_trie_overlay=false  state-ovly_cpu=0
loop349K21D verify: written to /data/blockchain/rust-fleet7-bench/bench-loop349K21D/verify.json
== validator memory at flood +70 s (loop349K21D)
validators 21: RSS sum 2.7 G, max 0.13 G, mean 0.13 G; threads 1155 (mean 55)
one validator (pid 1731378):
VmHWM:	  127412 kB
VmRSS:	  127412 kB
RssAnon:	  111520 kB
RssFile:	   15892 kB
RssShmem:	       0 kB
Threads:	55
Rss:              127412 kB
Private_Dirty:    111520 kB
Anonymous:        111520 kB
AnonHugePages:         0 kB
threads by name:
     49 h2_validator
      4 tokio-rt-worker
      1 n42-qmdb-prefau
      1 futures-timer
largest mappings by Rss:
20560  7dd668200000-7dd66b600000
15444  7dd675c00000-7dd676e00000
13492  7dd677c80000-7dd679200000
13196  7dd676f00000-7dd677c00000
13096  7dd66f000000-7dd671000000
10980 /data/n42-build/target-n42-rs/native/release/examples/h2_validator 5f5422511000-5f54233ab000
10464  7dd671a00000-7dd672c00000
4876  7dd67d380000-7dd67e200000
RssAnon of all validators (MB):
anon n=21 min 111 median 112 max 115 MB, sum 2.3 G
RSS of all validators, sorted:
min 127.196 MB median 127.468 MB max 130.348 MB
== many-keys report loop349K21D
== loop349K21D: 21 validator logs, f=6, quorum 15
1. the leaders' commit lines
  R1_collect (proposal -> prepare QC): n=4346 p50 6.0 p90 36.0 p99 85.0 max 5771.0 ms
  R2_collect (prepare QC -> commit QC): n=4346 p50 5.0 p90 5.0 p99 12.0 max 18.0 ms
  total (proposal -> commit): n=4346 p50 60.0 p90 77.0 p99 139.0 max 5829.0 ms
  votes at formation: R1 median 15 max 15 (quorum 15); R2 median 15 max 15
2. vote collection at the traced leaders (first vote -> quorum -> last vote)
 R1 (vote), 3071 views:
    proposal -> first vote: n=3071 p50 2.8 p90 41.7 p99 85.5 max 112.1 ms
    first vote -> quorum: n=3071 p50 0.6 p90 1.0 p99 2.2 max 5758.4 ms
    quorum -> last vote: n=3071 p50 2.9 p90 3.2 p99 6.0 max 45.1 ms
    proposal -> last vote (the slowest key): n=3071 p50 6.5 p90 43.5 p99 88.8 max 5771.5 ms
   views with fewer than 20 votes received: 0
 R2 (commit_vote), 3071 views:
    proposal -> first vote: n=3071 p50 8.5 p90 48.2 p99 94.2 max 5773.1 ms
    first vote -> quorum: n=3071 p50 0.7 p90 0.9 p99 2.1 max 5.9 ms
    quorum -> last vote: n=3071 p50 4.8 p90 6.0 p99 14.1 max 19.8 ms
    proposal -> last vote (the slowest key): n=3071 p50 14.1 p90 53.5 p99 100.9 max 5774.2 ms
   views with fewer than 20 votes received: 0
3. the straggler rule and the loop
  proposal interval (same leader, consecutive views): n=4341 p50 61.1 p90 62.6 p99 100.1 max 5780.4 ms; >= 500 ms: 1
  no `slow step` lines
4. gossip propagation (proposal sent -> received at a traced follower)
    proposal arrival delay: n=9967 p50 0.3 p90 0.8 p99 1.3 max 10.7 ms
4b. the new fields (docs/E1_MANY_KEYS.md section 6), leaders' `block committed!` and `proposal sent` lines
    verify_us: n=4346 p50 4817.0 p90 5365.0 p99 5678.0 max 6665.0 us
    verify_n: n=4346 p50 37.0 p90 43.0 p99 46.0 max 46.0 
    verify_batches: n=4346 p50 3.0 p90 3.0 p99 3.0 max 5.0 
  verify_fallbacks: total 0 over 4346 blocks
    inbound_queue_max: n=4346 p50 0.0 p90 0.0 p99 0.0 max 0.0 
    gossip_poll_us: n=4346 p50 917.0 p90 1126.0 p99 1309.0 max 1925.0 us
  straggler_waits (cumulative per leader log, summed over 5 leaders): 2; waits with straggler_wait_us > 0: 2 of 4346 proposals, p50 41.1 p90 42.3 max 42.3 ms, total 0.08 s
  direct votes at the leaders: received 169550 (duplicates dropped 0); sent by those nodes 18426, fallbacks to gossip 2046; leaders led 4346 views = 173840 vote messages expected (2 rounds x 20); direct share of those 97.5%
5. validators
validators n=21: cpu total 3.51 cores, per key mean 0.167 median 0.159 max 0.226 (key 1) min 0.155; rss per key peak mean 0.129 max 0.133 G, sum of peaks 2.7 G; threads per key mean 55, total 1155
libp2p connections (last census of 5): 418 in all (a full mesh of 21 is 210); sockets per process min 19 median 20 max 20
== loop349K21D  (E=1: seven validator keys on one execution layer)
  window 1: canonical 476 blocks, 95.2M tx = 3,173,333/s (100.0% of window 1), full 475/476 (100%); cycle mean/median/p90 63.2/61.4/68.5 ms
    leader builds 475: sealed_at median/p90/p99 52/71/90; phases median/p90 ms: gap_before_exec 8/38, state_wait 8/37, par 54/87, par_exec 22/26, roots 31/45, parent_fields 7/23, sealed 8/24
    state_wait_on {'output': 284, 'grandparent': 65, 'none': 126}; builds with state_wait > 20 ms: 98 ([('grandparent', 61), ('output', 37)]); gp_layer {1.0: 475}, ggp_missing {0.0: 405, 1.0: 70}
    queue at the builds min/median 1,483,000/2,514,500
    new field batch_cpu_sum_us: median/p90/max 604136.0/740143.0/1991105, nonzero 475
    new field batch_dispatch_us: median/p90/max 215.0/294.0/455, nonzero 475
    new field batch_first_start_us: median/p90/max 78.0/113.0/243, nonzero 475
    new field batch_ivcsw: median/p90/max 1.0/7.0/25, nonzero 274
    new field batch_last_end_us: median/p90/max 21989.0/26896.0/67521, nonzero 475
    new field batch_last_start_us: median/p90/max 17057.0/20822.0/56441, nonzero 475
    new field batch_live_deferred: median/p90/max 73.0/80.0/86, nonzero 475
    new field batch_live_lock_hold_us: median/p90/max 10408.0/12134.0/15257, nonzero 475
    new field batch_live_lock_wait_us: median/p90/max 0.0/0.0/0, nonzero 0
    new field batch_live_lock_waits: median/p90/max 0.0/0.0/0, nonzero 0
    new field batch_majflt: median/p90/max 0.0/0.0/0, nonzero 0
    new field batch_minflt: median/p90/max 758.0/8634.0/26614, nonzero 475
    new field batch_open_max_us: median/p90/max 406.0/497.0/2096, nonzero 475
    new field batch_open_sum_us: median/p90/max 9858.0/12538.0/15375, nonzero 475
    new field batch_threads: median/p90/max 32.0/32.0/32, nonzero 475
    new field batch_vcsw: median/p90/max 170.0/497.0/985, nonzero 475
    new field batch_view_index_wait_us: median/p90/max 0.0/21317.0/58890, nonzero 111
    new field batch_view_index_waits: median/p90/max 0.0/274.0/675, nonzero 111
    new field batch_view_slot_wait_us: median/p90/max 0.0/1921.0/38980, nonzero 120
    new field batch_view_slot_waits: median/p90/max 0.0/54.0/112, nonzero 120
    new field batch_wall_sum_us: median/p90/max 613022.0/753210.0/1993836, nonzero 475
    new field batches: median/p90/max 128.0/128.0/128, nonzero 475
    new field build_batches: median/p90/max 128.0/128.0/128, nonzero 475
    new field carried_depth: median/p90/max 1.0/1.0/1, nonzero 475
    new field exec_end_to_seal_us: median/p90/max 104.0/157.0/539, nonzero 475
    new field exec_partition_us: median/p90/max 6.0/9.0/46, nonzero 475
    new field exec_prepared_groups: {'true': 475}
    new field exec_prepared_slots: {'true': 475}
    new field exec_slots_us: median/p90/max 0.0/0.0/0, nonzero 0
    new field freeze_join_wait_us: median/p90/max 9852.0/20579.0/36356, nonzero 475
    new field freeze_late: {'true': 475}
    new field freeze_pool_own: {'true': 475}
    new field live_index_defer: {'true': 475}
    new field merge_accounts: median/p90/max 190247.0/193923.0/197001, nonzero 475
    new field merge_append_us: median/p90/max 3554.0/7471.0/15629, nonzero 475
    new field merge_early: {'false': 475}
    new field merge_join_wait_us: median/p90/max 0.0/0.0/0, nonzero 0
    new field merge_reverts: median/p90/max 190247.0/193923.0/197001, nonzero 475
    new field merge_reverts_us: median/p90/max 14490.0/20260.0/31823, nonzero 475
    new field merge_state_us: median/p90/max 39920.0/47220.0/59316, nonzero 475
    new field merge_tail_us: median/p90/max 0.0/0.0/8, nonzero 12
    new field merge_threads: median/p90/max 1.0/1.0/1, nonzero 475
    new field one_wave: {'false': 475}
    new field open_engine_us: median/p90/max 0.0/20296.0/70291, nonzero 70
    new field open_fallback: {'false': 405, 'true': 70}
    new field open_keep_us: median/p90/max 6.0/12.0/29, nonzero 475
    new field open_kept_accounts: median/p90/max 570778.0/578495.0/586474, nonzero 475
    new field open_layers: median/p90/max 3.0/3.0/3, nonzero 475
    new field open_provider_us: median/p90/max 103.0/172.0/360, nonzero 475
    new field plan_age_us: median/p90/max 50218.0/97501.0/139554, nonzero 475
    new field plan_ahead: median/p90/max 1.0/1.0/1, nonzero 475
    new field plan_body: median/p90/max 1.0/1.0/1, nonzero 475
    new field plan_body_us: median/p90/max 14521.0/18726.0/21886, nonzero 475
    new field plan_discard: {'': 475}
    new field plan_prep_us: median/p90/max 7045.0/12241.0/24921, nonzero 475
    new field plan_topup_txs: median/p90/max 0.0/0.0/0, nonzero 0
    new field prep_from_plan: {'true': 475}
    new field prev_seal_to_answer_us: median/p90/max 1896.0/3376.0/6135, nonzero 475
    new field prev_seal_to_entry_us: median/p90/max 0.0/0.0/0, nonzero 0
    new field prev_seal_to_header_us: median/p90/max 203.0/305.0/1848, nonzero 475
    new field prev_seal_to_import_us: median/p90/max 117191.0/149785.0/222209, nonzero 448
    new field prev_seal_to_request_us: median/p90/max 981.0/65318.0/87249, nonzero 475
    new field prev_seal_to_start_us: median/p90/max 1271.0/65584.0/87502, nonzero 475
    new field pull_bulk_txs: median/p90/max 200000.0/200000.0/200000, nonzero 475
    new field pull_bulk_us: median/p90/max 5.0/8.0/59, nonzero 475
    new field receipts_late: {'false': 475}
    new field receipts_late_wait_us: median/p90/max 0.0/0.0/0, nonzero 0
    new field rename_fallbacks: median/p90/max 0.0/0.0/0, nonzero 0
    new field rename_record_waits: median/p90/max 0.0/0.0/0, nonzero 0
    new field root_apply_gap_us: median/p90/max 10.0/13.0/23, nonzero 475
    new field root_apply_total_us: median/p90/max 20903.0/30029.0/43633, nonzero 475
    new field root_compute_us: median/p90/max 23035.0/33062.0/45947, nonzero 475
    new field root_delta_us: median/p90/max 1132.0/3891.0/13666, nonzero 475
    new field root_index_us: median/p90/max 2720.0/5962.0/15406, nonzero 475
    new field root_leaves_us: median/p90/max 7068.0/11211.0/22204, nonzero 475
    new field root_note_us: median/p90/max 149.0/236.0/1841, nonzero 475
    new field root_ops_ahead: {'true': 475}
    new field root_ops_ahead_wait_us: median/p90/max 3189.0/10600.0/25435, nonzero 475
    new field root_ops_concat_us: median/p90/max 0.0/0.0/0, nonzero 0
    new field root_ops_encode_us: median/p90/max 5766.0/10766.0/29076, nonzero 475
    new field root_ops_finish_us: median/p90/max 2353.0/3047.0/8206, nonzero 475
    new field root_ops_sort_us: median/p90/max 3192.0/7576.0/12772, nonzero 475
    new field root_ops_us: median/p90/max 5710.0/13354.0/28572, nonzero 475
    new field root_rehash_us: median/p90/max 1420.0/1832.0/15954, nonzero 475
    new field root_retire_us: median/p90/max 1730.0/2659.0/8381, nonzero 475
    new field root_sort_us: median/p90/max 185.0/405.0/3968, nonzero 475
    new field root_undo_us: median/p90/max 349.0/679.0/3173, nonzero 475
    new field root_writes_us: median/p90/max 6728.0/9475.0/22341, nonzero 475
    new field seal_hashes_ahead: {'true': 475}
    new field seal_on_counters: {'true': 475}
    new field seal_to_complete_us: median/p90/max 112988.0/129122.0/150384, nonzero 475
    new field seal_to_frozen_us: median/p90/max 9823.0/20555.0/36326, nonzero 365
    new field seal_to_merge_end_us: median/p90/max 112922.0/129008.0/150173, nonzero 475
    new field seal_to_merge_start_us: median/p90/max 51991.0/65705.0/85317, nonzero 475
    new field seal_to_ops_ahead_us: median/p90/max 22845.0/34738.0/51789, nonzero 475
    new field seal_to_shards_ready_us: median/p90/max 15066.0/24879.0/41540, nonzero 475
    new field seal_to_state_ready_us: median/p90/max 112928.0/129018.0/150192, nonzero 475
    new field sealed_unix_us: median/p90/max 1791463839654893.0/1791463851697430.0/1791463854837455, nonzero 475
    new field start_walk_check_us: median/p90/max 0.0/0.0/0, nonzero 0
    new field start_walk_ids_us: median/p90/max 0.0/0.0/0, nonzero 0
    new field start_walk_settle_us: median/p90/max 0.0/0.0/0, nonzero 0
    new field start_walk_us: median/p90/max 0.0/0.0/0, nonzero 0
    new field state_wait_us: median/p90/max 8311.0/37903.0/90281, nonzero 475
    new field view_journal_reads: median/p90/max 8192.0/77824.0/159744, nonzero 248
    new field view_journal_searches: median/p90/max 24576.0/219547.0/456444, nonzero 248
    new field view_journal_skips: median/p90/max 0.0/0.0/0, nonzero 0
    new field whole_take_noted: {'true': 475}
    binding wait (tick / quorum / seal share, mean cycle): tick 99% (63); quorum 0% (111); seal 1% (71); feed-bound (blocks under 95% of the tier): 1 of 476
    slowest key vote delay median/p90 12.5/49.7 ms
    engine own-import total_ms per block median/p90/max 38/63/83 (n=475)
    layer RSS 4.7 -> 26.8 G (max 26.8), in-memory blocks max 10
    execution layer cores busy 35.4    validators cores busy 3.7
    flood delivered (median per 5 s over the leg) 3,083,476/s
  window 2: canonical 455 blocks, 91.0M tx = 3,033,333/s (95.6% of window 1), full 455/455 (100%); cycle mean/median/p90 64.5/61.6/72.2 ms
    leader builds 456: sealed_at median/p90/p99 55/80/111; phases median/p90 ms: gap_before_exec 9/54, state_wait 9/54, par 56/93, par_exec 21/27, roots 32/46, parent_fields 6/23, sealed 7/24
    state_wait_on {'grandparent': 120, 'none': 118, 'output': 217, 'open': 1}; builds with state_wait > 20 ms: 128 ([('grandparent', 105), ('output', 23)]); gp_layer {1.0: 456}, ggp_missing {1.0: 127, 0.0: 329}
    queue at the builds min/median 2,273,000/2,517,000
    new field batch_cpu_sum_us: median/p90/max 599570.5/732868.0/1446754, nonzero 456
    new field batch_dispatch_us: median/p90/max 228.5/325.0/3272, nonzero 456
    new field batch_first_start_us: median/p90/max 82.0/128.0/211, nonzero 456
    new field batch_ivcsw: median/p90/max 1.0/9.0/47, nonzero 302
    new field batch_last_end_us: median/p90/max 21887.0/27275.0/52172, nonzero 456
    new field batch_last_start_us: median/p90/max 16965.5/20849.0/43126, nonzero 456
    new field batch_live_deferred: median/p90/max 73.0/81.0/150, nonzero 456
    new field batch_live_lock_hold_us: median/p90/max 10664.5/12683.0/19901, nonzero 456
    new field batch_live_lock_wait_us: median/p90/max 0.0/0.0/0, nonzero 0
    new field batch_live_lock_waits: median/p90/max 0.0/0.0/0, nonzero 0
    new field batch_majflt: median/p90/max 0.0/0.0/0, nonzero 0
    new field batch_minflt: median/p90/max 873.5/10841.0/29215, nonzero 456
    new field batch_open_max_us: median/p90/max 415.5/531.0/3148, nonzero 456
    new field batch_open_sum_us: median/p90/max 10214.5/13100.0/17308, nonzero 456
    new field batch_threads: median/p90/max 32.0/32.0/32, nonzero 456
    new field batch_vcsw: median/p90/max 172.0/563.0/884, nonzero 456
    new field batch_view_index_wait_us: median/p90/max 0.0/25346.0/63256, nonzero 109
    new field batch_view_index_waits: median/p90/max 0.0/331.0/662, nonzero 109
    new field batch_view_slot_wait_us: median/p90/max 0.0/2119.0/9689, nonzero 115
    new field batch_view_slot_waits: median/p90/max 0.0/59.0/106, nonzero 115
    new field batch_wall_sum_us: median/p90/max 611934.5/752217.0/1448403, nonzero 456
    new field batches: median/p90/max 128.0/128.0/128, nonzero 456
    new field build_batches: median/p90/max 128.0/128.0/128, nonzero 456
    new field carried_depth: median/p90/max 1.0/1.0/1, nonzero 456
    new field exec_end_to_seal_us: median/p90/max 105.0/162.0/373, nonzero 456
    new field exec_partition_us: median/p90/max 6.0/9.0/2193, nonzero 456
    new field exec_prepared_groups: {'true': 452, 'false': 4}
    new field exec_prepared_slots: {'true': 452, 'false': 4}
    new field exec_slots_us: median/p90/max 0.0/0.0/1890, nonzero 5
    new field freeze_join_wait_us: median/p90/max 8388.5/17572.0/23921, nonzero 456
    new field freeze_late: {'true': 456}
    new field freeze_pool_own: {'true': 456}
    new field live_index_defer: {'true': 456}
    new field merge_accounts: median/p90/max 192227.0/195135.0/198448, nonzero 456
    new field merge_append_us: median/p90/max 3655.5/7236.0/20151, nonzero 456
    new field merge_early: {'false': 456}
    new field merge_join_wait_us: median/p90/max 0.0/0.0/0, nonzero 0
    new field merge_reverts: median/p90/max 192227.0/195135.0/198448, nonzero 456
    new field merge_reverts_us: median/p90/max 14380.0/20811.0/31499, nonzero 456
    new field merge_state_us: median/p90/max 38435.0/47865.0/72392, nonzero 456
    new field merge_tail_us: median/p90/max 0.0/0.0/1, nonzero 4
    new field merge_threads: median/p90/max 1.0/1.0/1, nonzero 456
    new field one_wave: {'false': 456}
    new field open_engine_us: median/p90/max 0.0/40454.0/93344, nonzero 127
    new field open_fallback: {'false': 329, 'true': 127}
    new field open_keep_us: median/p90/max 6.0/12.0/51, nonzero 456
    new field open_kept_accounts: median/p90/max 576018.5/582492.0/588985, nonzero 456
    new field open_layers: median/p90/max 3.0/3.0/3, nonzero 456
    new field open_provider_us: median/p90/max 94.0/185.0/643, nonzero 456
    new field plan_age_us: median/p90/max 51491.0/98138.0/168266, nonzero 455
    new field plan_ahead: median/p90/max 1.0/1.0/1, nonzero 455
    new field plan_body: median/p90/max 1.0/1.0/2, nonzero 455
    new field plan_body_us: median/p90/max 16102.5/21241.0/30411, nonzero 452
    new field plan_discard: {'': 455, 'not_on_its_parent': 1}
    new field plan_prep_us: median/p90/max 6648.0/13072.0/32198, nonzero 455
    new field plan_topup_txs: median/p90/max 0.0/0.0/0, nonzero 0
    new field prep_from_plan: {'true': 452, 'false': 4}
    new field prev_seal_to_answer_us: median/p90/max 1606.0/2542.0/4745, nonzero 456
    new field prev_seal_to_entry_us: median/p90/max 0.0/0.0/0, nonzero 0
    new field prev_seal_to_header_us: median/p90/max 186.0/310.0/763, nonzero 456
    new field prev_seal_to_import_us: median/p90/max 121469.0/155541.0/215680, nonzero 405
    new field prev_seal_to_request_us: median/p90/max 985.0/62130.0/140421, nonzero 456
    new field prev_seal_to_start_us: median/p90/max 1255.0/62473.0/140641, nonzero 456
    new field pull_bulk_txs: median/p90/max 200000.0/200000.0/200000, nonzero 456
    new field pull_bulk_us: median/p90/max 6.0/8.0/2630, nonzero 456
    new field receipts_late: {'false': 456}
    new field receipts_late_wait_us: median/p90/max 0.0/0.0/0, nonzero 0
    new field rename_fallbacks: median/p90/max 0.0/0.0/0, nonzero 0
    new field rename_record_waits: median/p90/max 0.0/0.0/0, nonzero 0
    new field root_apply_gap_us: median/p90/max 11.0/13.0/21, nonzero 456
    new field root_apply_total_us: median/p90/max 22612.5/31678.0/46353, nonzero 456
    new field root_compute_us: median/p90/max 24598.5/34962.0/75242, nonzero 456
    new field root_delta_us: median/p90/max 1149.5/2857.0/18433, nonzero 456
    new field root_index_us: median/p90/max 2875.5/6512.0/16842, nonzero 456
    new field root_leaves_us: median/p90/max 7153.5/11961.0/26683, nonzero 456
    new field root_note_us: median/p90/max 144.0/229.0/1535, nonzero 456
    new field root_ops_ahead: {'true': 456}
    new field root_ops_ahead_wait_us: median/p90/max 3343.0/9288.0/27745, nonzero 456
    new field root_ops_concat_us: median/p90/max 0.0/0.0/0, nonzero 0
    new field root_ops_encode_us: median/p90/max 6035.5/10601.0/21892, nonzero 456
    new field root_ops_finish_us: median/p90/max 2188.0/3085.0/9281, nonzero 456
    new field root_ops_sort_us: median/p90/max 3084.0/7734.0/15550, nonzero 456
    new field root_ops_us: median/p90/max 5807.5/11894.0/29708, nonzero 456
    new field root_rehash_us: median/p90/max 2040.0/3054.0/16947, nonzero 456
    new field root_retire_us: median/p90/max 1676.5/2671.0/6566, nonzero 456
    new field root_sort_us: median/p90/max 205.0/449.0/4403, nonzero 456
    new field root_undo_us: median/p90/max 341.0/622.0/3162, nonzero 456
    new field root_writes_us: median/p90/max 6838.0/9973.0/17867, nonzero 456
    new field seal_hashes_ahead: {'true': 456}
    new field seal_on_counters: {'true': 456}
    new field seal_to_complete_us: median/p90/max 110689.0/130414.0/163550, nonzero 456
    new field seal_to_frozen_us: median/p90/max 8358.5/17495.0/23891, nonzero 315
    new field seal_to_merge_end_us: median/p90/max 110597.5/130341.0/163406, nonzero 456
    new field seal_to_merge_start_us: median/p90/max 52504.5/67718.0/99284, nonzero 456
    new field seal_to_ops_ahead_us: median/p90/max 21292.5/31306.0/49428, nonzero 456
    new field seal_to_shards_ready_us: median/p90/max 14289.0/22049.0/29010, nonzero 456
    new field seal_to_state_ready_us: median/p90/max 110606.0/130350.0/163415, nonzero 456
    new field sealed_unix_us: median/p90/max 1791463869971222.0/1791463881924427.0/1791463884773713, nonzero 456
    new field start_walk_check_us: median/p90/max 0.0/0.0/71, nonzero 1
    new field start_walk_ids_us: median/p90/max 0.0/0.0/483, nonzero 1
    new field start_walk_settle_us: median/p90/max 0.0/0.0/0, nonzero 0
    new field start_walk_us: median/p90/max 0.0/0.0/4339, nonzero 1
    new field state_wait_us: median/p90/max 9647.0/54565.0/110147, nonzero 456
    new field view_journal_reads: median/p90/max 0.0/77824.0/159744, nonzero 214
    new field view_journal_searches: median/p90/max 0.0/216452.0/463995, nonzero 214
    new field view_journal_skips: median/p90/max 0.0/0.0/0, nonzero 0
    new field whole_take_noted: {'true': 456}
    binding wait (tick / quorum / seal share, mean cycle): tick 98% (63); quorum 1% (105); seal 1% (75); feed-bound (blocks under 95% of the tier): 0 of 455
    slowest key vote delay median/p90 11.7/53.2 ms
    engine own-import total_ms per block median/p90/max 36/54/106 (n=455)
    layer RSS 26.3 -> 33.5 G (max 33.5), in-memory blocks max 11
    execution layer cores busy 34.3    validators cores busy 3.5
  window 3: canonical 450 blocks, 90.0M tx = 3,000,000/s (94.5% of window 1), full 450/450 (100%); cycle -
    leader builds 452: sealed_at median/p90/p99 59/83/109; phases median/p90 ms: gap_before_exec 10/56, state_wait 10/56, par 60/94, par_exec 22/27, roots 34/50, parent_fields 6/26, sealed 7/27
    state_wait_on {'grandparent': 134, 'output': 219, 'none': 99}; builds with state_wait > 20 ms: 144 ([('grandparent', 118), ('output', 26)]); gp_layer {1.0: 452}, ggp_missing {1.0: 151, 0.0: 301}
    queue at the builds min/median 2,247,500/2,515,000
    new field batch_cpu_sum_us: median/p90/max 617035.0/741169.0/1979274, nonzero 452
    new field batch_dispatch_us: median/p90/max 227.0/322.0/1294, nonzero 452
    new field batch_first_start_us: median/p90/max 79.0/126.0/269, nonzero 452
    new field batch_ivcsw: median/p90/max 1.0/8.0/32, nonzero 274
    new field batch_last_end_us: median/p90/max 22497.5/27501.0/70215, nonzero 452
    new field batch_last_start_us: median/p90/max 17550.0/21029.0/54695, nonzero 452
    new field batch_live_deferred: median/p90/max 75.0/86.0/295, nonzero 452
    new field batch_live_lock_hold_us: median/p90/max 10942.0/13800.0/46809, nonzero 452
    new field batch_live_lock_wait_us: median/p90/max 0.0/0.0/0, nonzero 0
    new field batch_live_lock_waits: median/p90/max 0.0/0.0/0, nonzero 0
    new field batch_majflt: median/p90/max 0.0/0.0/1, nonzero 2
    new field batch_minflt: median/p90/max 1069.5/10186.0/37523, nonzero 452
    new field batch_open_max_us: median/p90/max 422.5/528.0/3553, nonzero 452
    new field batch_open_sum_us: median/p90/max 10511.0/13169.0/17137, nonzero 452
    new field batch_threads: median/p90/max 32.0/32.0/32, nonzero 452
    new field batch_vcsw: median/p90/max 177.0/496.0/869, nonzero 452
    new field batch_view_index_wait_us: median/p90/max 0.0/23763.0/51408, nonzero 123
    new field batch_view_index_waits: median/p90/max 0.0/282.0/627, nonzero 123
    new field batch_view_slot_wait_us: median/p90/max 0.0/1953.0/3939, nonzero 126
    new field batch_view_slot_waits: median/p90/max 0.0/54.0/118, nonzero 126
    new field batch_wall_sum_us: median/p90/max 626431.5/756597.0/1981350, nonzero 452
    new field batches: median/p90/max 128.0/128.0/128, nonzero 452
    new field build_batches: median/p90/max 128.0/128.0/128, nonzero 452
    new field carried_depth: median/p90/max 1.0/1.0/1, nonzero 452
    new field exec_end_to_seal_us: median/p90/max 95.0/146.0/693, nonzero 452
    new field exec_partition_us: median/p90/max 6.0/9.0/1011, nonzero 452
    new field exec_prepared_groups: {'true': 451, 'false': 1}
    new field exec_prepared_slots: {'true': 451, 'false': 1}
    new field exec_slots_us: median/p90/max 0.0/0.0/2472, nonzero 2
    new field freeze_join_wait_us: median/p90/max 7250.5/17505.0/32668, nonzero 452
    new field freeze_late: {'true': 452}
    new field freeze_pool_own: {'true': 452}
    new field live_index_defer: {'true': 452}
    new field merge_accounts: median/p90/max 192288.0/195240.0/198260, nonzero 452
    new field merge_append_us: median/p90/max 3749.0/8930.0/16678, nonzero 452
    new field merge_early: {'false': 452}
    new field merge_join_wait_us: median/p90/max 0.0/0.0/0, nonzero 0
    new field merge_reverts: median/p90/max 192288.0/195240.0/198260, nonzero 452
    new field merge_reverts_us: median/p90/max 15276.5/20243.0/32299, nonzero 452
    new field merge_state_us: median/p90/max 39290.5/48156.0/59246, nonzero 452
    new field merge_tail_us: median/p90/max 0.0/0.0/5, nonzero 4
    new field merge_threads: median/p90/max 1.0/1.0/1, nonzero 452
    new field one_wave: {'false': 452}
    new field open_engine_us: median/p90/max 0.0/40335.0/98664, nonzero 151
    new field open_fallback: {'false': 301, 'true': 151}
    new field open_keep_us: median/p90/max 6.0/11.0/34, nonzero 452
    new field open_kept_accounts: median/p90/max 576368.0/583520.0/591306, nonzero 452
    new field open_layers: median/p90/max 3.0/3.0/3, nonzero 452
    new field open_provider_us: median/p90/max 91.0/220.0/1088, nonzero 452
    new field plan_age_us: median/p90/max 55144.0/86157.0/155204, nonzero 452
    new field plan_ahead: median/p90/max 1.0/1.0/1, nonzero 452
    new field plan_body: median/p90/max 1.0/1.0/2, nonzero 452
    new field plan_body_us: median/p90/max 16533.5/19918.0/25340, nonzero 451
    new field plan_discard: {'': 452}
    new field plan_prep_us: median/p90/max 6704.5/13112.0/27235, nonzero 452
    new field plan_topup_txs: median/p90/max 0.0/0.0/0, nonzero 0
    new field prep_from_plan: {'true': 451, 'false': 1}
    new field prev_seal_to_answer_us: median/p90/max 1785.5/3005.0/4980, nonzero 452
    new field prev_seal_to_entry_us: median/p90/max 0.0/0.0/0, nonzero 0
    new field prev_seal_to_header_us: median/p90/max 184.0/290.0/598, nonzero 452
    new field prev_seal_to_import_us: median/p90/max 128844.0/163237.0/198591, nonzero 407
    new field prev_seal_to_request_us: median/p90/max 951.5/1382.0/90732, nonzero 452
    new field prev_seal_to_start_us: median/p90/max 1239.5/1948.0/91287, nonzero 452
    new field pull_bulk_txs: median/p90/max 200000.0/200000.0/200000, nonzero 452
    new field pull_bulk_us: median/p90/max 5.0/8.0/1067, nonzero 452
    new field receipts_late: {'false': 452}
    new field receipts_late_wait_us: median/p90/max 0.0/0.0/0, nonzero 0
    new field rename_fallbacks: median/p90/max 0.0/0.0/0, nonzero 0
    new field rename_record_waits: median/p90/max 0.0/0.0/0, nonzero 0
    new field root_apply_gap_us: median/p90/max 11.0/14.0/20, nonzero 452
    new field root_apply_total_us: median/p90/max 23485.0/33799.0/47078, nonzero 452
    new field root_compute_us: median/p90/max 25756.0/36651.0/49021, nonzero 452
    new field root_delta_us: median/p90/max 1222.0/2624.0/14337, nonzero 452
    new field root_index_us: median/p90/max 2844.0/6154.0/15091, nonzero 452
    new field root_leaves_us: median/p90/max 7072.5/12335.0/29278, nonzero 452
    new field root_note_us: median/p90/max 138.0/232.0/1487, nonzero 452
    new field root_ops_ahead: {'true': 452}
    new field root_ops_ahead_wait_us: median/p90/max 3787.5/10446.0/22827, nonzero 452
    new field root_ops_concat_us: median/p90/max 0.0/0.0/0, nonzero 0
    new field root_ops_encode_us: median/p90/max 5728.5/9916.0/18870, nonzero 452
    new field root_ops_finish_us: median/p90/max 2368.0/3781.0/10030, nonzero 452
    new field root_ops_sort_us: median/p90/max 3811.0/8195.0/18125, nonzero 452
    new field root_ops_us: median/p90/max 6374.5/13283.0/24725, nonzero 452
    new field root_rehash_us: median/p90/max 2542.0/4006.0/19512, nonzero 452
    new field root_retire_us: median/p90/max 1760.5/2725.0/7402, nonzero 452
    new field root_sort_us: median/p90/max 220.0/508.0/3153, nonzero 452
    new field root_undo_us: median/p90/max 346.0/657.0/2875, nonzero 452
    new field root_writes_us: median/p90/max 7091.5/9977.0/29518, nonzero 452
    new field seal_hashes_ahead: {'true': 452}
    new field seal_on_counters: {'true': 452}
    new field seal_to_complete_us: median/p90/max 114097.0/137541.0/167539, nonzero 452
    new field seal_to_frozen_us: median/p90/max 7233.0/17527.0/32618, nonzero 303
    new field seal_to_merge_end_us: median/p90/max 114013.5/137434.0/167403, nonzero 452
    new field seal_to_merge_start_us: median/p90/max 53097.5/71413.0/99185, nonzero 452
    new field seal_to_ops_ahead_us: median/p90/max 21270.5/31747.0/53797, nonzero 452
    new field seal_to_shards_ready_us: median/p90/max 13562.5/22060.0/36480, nonzero 452
    new field seal_to_state_ready_us: median/p90/max 114020.0/137441.0/167415, nonzero 452
    new field sealed_unix_us: median/p90/max 1791463899399445.0/1791463911967643.0/1791463914844546, nonzero 452
    new field start_walk_check_us: median/p90/max 0.0/0.0/0, nonzero 0
    new field start_walk_ids_us: median/p90/max 0.0/0.0/0, nonzero 0
    new field start_walk_settle_us: median/p90/max 0.0/0.0/0, nonzero 0
    new field start_walk_us: median/p90/max 0.0/0.0/0, nonzero 0
    new field state_wait_us: median/p90/max 10333.5/56033.0/117950, nonzero 452
    new field view_journal_reads: median/p90/max 4096.0/69632.0/143360, nonzero 227
    new field view_journal_searches: median/p90/max 8403.0/191112.0/426703, nonzero 227
    new field view_journal_skips: median/p90/max 0.0/0.0/0, nonzero 0
    new field whole_take_noted: {'true': 452}
    engine own-import total_ms per block median/p90/max 44/69/88 (n=450)
    layer RSS 33.5 -> 41.1 G (max 41.1), in-memory blocks max 10
    execution layer cores busy 34.3    validators cores busy 3.5
  round total (3 windows, canonical): 276.2M tx
  layer peak RSS 41.1 G; in-memory blocks max 11
  fields at seal: mode "early", verified 0, unchecked 0, mismatches 0 (last build line, cumulative)
  own_executed_again (built here and also directly imported): 0 of 1432 built blocks
== loop349K21D
  layer-0 leader window-1 builds 476: txs mean 200000, share >= 95% of the tier 100% (max 200000); sealed_at_ms 52.0/71.0; par_ms 54.0/87.0; par_exec_ms 22.0/27.0; roots_ms 31.0/45.0; parent_fields_ms 7.0/23.0; sealed_ms 8.0/24.0
  proposal cycle window 1 (n=490): mean 63.2 median 61.4 p90 68.5 ms; blocks in the 30 s: 490
  binding wait (tick / quorum / seal, share and mean cycle): tick 98.7% (63.0); quorum 0.4% (111.5); seal 0.8% (71.2)
  vote delay after the proposal, slowest key per block: median 12.5 p90 49.7 ms (slowest minus the median key: median 0.2); last key: {1: 60, 2: 97, 3: 96, 4: 67, 5: 74, 6: 80} of 474 blocks
  CPU in window 1 (cores busy): execution layers 35.4 over 1 process(es); validators 3.7 over 21 process(es)
  execution layer peak RSS 41.1 G; in-memory blocks max 11 (node0 and others, all layers)
  blocks built here 1432; none also directly imported
  import-once counters at the last direct import: ; start-up lines with import_once=true: 1; queue-lock lines 0
  layer-0 queue (queued after canonical prune), median per 10 s: t+0:2472500 t+20:2429500 t+40:2422500 t+60:2436500 t+80:2419000
  flood: median per 5 s 3083476/s, final -
  timeout / given-up lines: 0; 
loop349K21D page_faults_per_s_median: node0=179004 
feedcheck loop349K21D: ok (block 200,000 tx)
== loop349K21D: feed check (acq_us / gate_us / reply_us are per frame of 500; rate per 5 s `ingest` line)
  window 1: ingest lines 6; acq_us 462 (max 2937); gate_us 6948; reply_us 7528; slots_busy 13%; delivered median 3,175,182/s max 3,261,126/s; queue at builds median 2,514,500 min 1,483,000; full 100% of 476 blocks
  window 2: ingest lines 6; acq_us 466 (max 478); gate_us 7790; reply_us 8364; slots_busy 12%; delivered median 2,969,118/s max 3,182,482/s; queue at builds median 2,517,000 min 2,273,000; full 100% of 455 blocks
  window 3: ingest lines 6; acq_us 473 (max 485); gate_us 7506; reply_us 8071; slots_busy 12%; delivered median 3,042,758/s max 3,122,734/s; queue at builds median 2,515,000 min 2,247,500; full 100% of 450 blocks
  flood.log (+15..+100 s): rate per 5 s median 3,075,524/s max 3,207,650/s; reply latency median 62.4 ms max 68.0 ms
== loop349K21D: lanes lock, drain and pruner (new fields)
  window 1: lock duty 55.0% (max 60.0); holds/5s 2,267; longest hold 26.21 ms median, 29.86 ms max by crates/n42/tx-queue/src/lib.rs:2046 (most frequent holders [('crates/n42/tx-queue/src/lib.rs:2046', 4), ('crates/n42/tx-queue/src/lib.rs:1766', 2)]); lock wait 2599.4 ms/5s, longest 29.91 ms; drains/5s 942 of 16874 tx, mean 1404 us, max 22.78 ms
           prune (449 blocks): prune_ms 31/49; fold 0.5 ms, lock 0.0 ms, remove(hold) 9.2 ms, free 0.0 ms; frames_swept 400; coalesced on 449 of 449; prune_wait_ms 0/0; pruner busy 49% of a thread, lock held by it 1.8%
  window 2: lock duty 54.0% (max 58.0); holds/5s 2,192; longest hold 27.74 ms median, 40.00 ms max by crates/n42/tx-queue/src/lib.rs:2576 (most frequent holders [('crates/n42/tx-queue/src/lib.rs:2046', 5), ('crates/n42/tx-queue/src/lib.rs:2576', 1)]); lock wait 2256.7 ms/5s, longest 31.60 ms; drains/5s 1,000 of 14970 tx, mean 1328 us, max 21.49 ms
           prune (397 blocks): prune_ms 34/55; fold 0.5 ms, lock 0.0 ms, remove(hold) 10.3 ms, free 0.0 ms; frames_swept 400; coalesced on 397 of 397; prune_wait_ms 0/0; pruner busy 47% of a thread, lock held by it 1.4%
  window 3: lock duty 56.0% (max 59.0); holds/5s 2,191; longest hold 27.59 ms median, 38.83 ms max by crates/n42/tx-queue/src/lib.rs:2046 (most frequent holders [('crates/n42/tx-queue/src/lib.rs:2046', 6)]); lock wait 2620.6 ms/5s, longest 38.87 ms; drains/5s 1,016 of 15045 tx, mean 1403 us, max 21.03 ms
           prune (411 blocks): prune_ms 35/55; fold 0.6 ms, lock 0.0 ms, remove(hold) 10.2 ms, free 0.0 ms; frames_swept 400; coalesced on 411 of 411; prune_wait_ms 0/0; pruner busy 50% of a thread, lock held by it 1.4%
== loop349K21D: pruner (per block; busy = sum prune_ms / 30 s, lock = sum (remove_us + settle_us) / 30 s)
  window 1: 449 prunes; prune_ms 31/49; remove_us 9.2/19.0 ms; forget_us 2.9/4.6 ms; settle_us 3.0 ms; pruner busy 49% of a worker; lanes lock held for removal 22%
  window 2: 397 prunes; prune_ms 34/55; remove_us 10.3/20.0 ms; forget_us 2.9/5.7 ms; settle_us 3.2 ms; pruner busy 47% of a worker; lanes lock held for removal 21%
  window 3: 411 prunes; prune_ms 35/55; remove_us 10.2/20.4 ms; forget_us 3.1/5.7 ms; settle_us 3.8 ms; pruner busy 50% of a worker; lanes lock held for removal 23%
== loop349K21D: seal start / pull, prepared plan, answer, chunked drain
  window 1: 475 builds; start_best_ms 3/13; start_walk_us 0/0; start_pull_ms 0/0; par_pull_ms 0/0; par_start_ms 3/13; par_ms 54/87; sealed_at_ms 52/71; pull_bulk_us 5/8; pull_bulk_txs 200000/200000; plan_age_us 50218/97501; plan_prep_us 7045/12241; plan_topup_txs 0/0
           plan_ahead {'1': 475}; plan_discard {'': 475}
           answer: built-ahead bytes median/max 15,243/15,245, layout_only {'true': 474}; proposal sent bytes median/max 15,243/15,245, layout_only {'true': 474}
           drain: chunks/5s 785, chunk max 8,192 tx, finished by others/5s 59; plan_discards (last ingest line) -
  window 2: 456 builds; start_best_ms 2/15; start_walk_us 0/0; start_pull_ms 0/0; par_pull_ms 0/0; par_start_ms 2/15; par_ms 56/93; sealed_at_ms 55/80; pull_bulk_us 6/8; pull_bulk_txs 200000/200000; plan_age_us 51491/98138; plan_prep_us 6648/13072; plan_topup_txs 0/0
           plan_ahead {'1': 455, '0': 1}; plan_discard {'': 455, 'not_on_its_parent': 1}
           answer: built-ahead bytes median/max 15,245/15,245, layout_only {'true': 458}; proposal sent bytes median/max 15,245/15,245, layout_only {'true': 456}
           drain: chunks/5s 852, chunk max 8,192 tx, finished by others/5s 49; plan_discards (last ingest line) -
  window 3: 452 builds; start_best_ms 3/15; start_walk_us 0/0; start_pull_ms 0/0; par_pull_ms 0/0; par_start_ms 3/15; par_ms 60/94; sealed_at_ms 59/83; pull_bulk_us 5/8; pull_bulk_txs 200000/200000; plan_age_us 55144/86157; plan_prep_us 6704/13112; plan_topup_txs 0/0
           plan_ahead {'1': 452}; plan_discard {'': 452}
           answer: built-ahead bytes median/max 15,245/15,245, layout_only {'true': 450}; proposal sent bytes median/max 15,245/15,245, layout_only {'true': 451}
           drain: chunks/5s 877, chunk max 8,192 tx, finished by others/5s 52; plan_discards (last ingest line) -
== loop349K21D: persistence per window (ms per block = part sum / blocks persisted)
  window 1: persisted 469 of 476 produced (99%); total 32.7, sf_tx 29.5, sf_rcpt 7.0, sf_acct 13.9, sf_send 11.5, scope 29.6, qmdb 14.5, post 0.0, pre 3.1, plain_rev 3.1, commit_sf 0.7, commit_mdbx 0.1, commit_rocks 0.1; longest task sf_tx 29.5; in-memory 6 -> 9 (max 10); RSS 4.7 -> 26.3 G; lag 7 -> 9 = +4.0 blocks/min; bp max 0
  window 2: persisted 457 of 455 produced (100%); total 33.9, sf_tx 30.5, sf_rcpt 6.8, sf_acct 14.2, sf_send 11.7, scope 30.6, qmdb 14.7, post 0.0, pre 3.2, plain_rev 3.2, commit_sf 0.7, commit_mdbx 0.1, commit_rocks 0.1; longest task sf_tx 30.5; in-memory 9 -> 8 (max 11); RSS 26.3 -> 33.5 G; lag 9 -> 8 = -2.0 blocks/min; bp max 0
  window 3: persisted 452 of 450 produced (100%); total 36.2, sf_tx 32.6, sf_rcpt 7.0, sf_acct 14.4, sf_send 11.4, scope 32.7, qmdb 16.8, post 0.0, pre 3.5, plain_rev 3.5, commit_sf 0.7, commit_mdbx 0.1, commit_rocks 0.1; longest task sf_tx 32.6; in-memory 8 -> 10 (max 10); RSS 33.5 -> 40.9 G; lag 8 -> 9 = +2.0 blocks/min; bp max 0
  leg end: in-memory 6, max over the sampler 11, backpressure stalls 0
== loop349K21D: execution and root fields (median / p90 per block); over 1432 full builds: rename_fallbacks total 0, rename_record_waits total 0, carried_depth values ['1']
    folded lines 475: pending_max max 85 (median 72); pending_us_max max 28,374; drops_max max 71104
    flags: seal_on_counters true:475; freeze_pool_own true:475; plan_body 1:475; prep_from_plan true:475; plan_ahead 1:475; seal per 1,000 transfers 0.260 ms
  window 1 (475 builds): on-CPU share 1.00/1.00; CPU per transfer 3.02/3.70 us; sealed_at_ms 52/71; par_exec_ms 22/26; par_fold_ms 10/20; index_ms 17/26; par_start_ms 3/13; gap_before_exec_ms 8/38; state_wait_us 8,311/37,903; parent_fields_ms 7/23; roots_ms 31/45; seal_to_fields_us 51,899/65,610; seal_to_complete_us 112,988/129,122; rename_fallbacks 0/0; rename_record_waits 0/0; carried_depth 1/1; plan_body_us 14,521/18,726; batch_max_ms 8/11; tx_root_ms 1/1; sealed_ms 8/24
    folded lines 458: pending_max max 86 (median 72); pending_us_max max 19,412; drops_max max 38946
    flags: seal_on_counters true:456; freeze_pool_own true:456; plan_body 0:1/1:452/2:3; prep_from_plan false:4/true:452; plan_ahead 0:1/1:455; seal per 1,000 transfers 0.275 ms
  window 2 (456 builds): on-CPU share 1.00/1.00; CPU per transfer 3.00/3.66 us; sealed_at_ms 55/80; par_exec_ms 21/27; par_fold_ms 8/17; index_ms 14/19; par_start_ms 2/15; gap_before_exec_ms 9/54; state_wait_us 9,647/54,565; parent_fields_ms 6/23; roots_ms 32/46; seal_to_fields_us 52,330/67,562; seal_to_complete_us 110,689/130,414; rename_fallbacks 0/0; rename_record_waits 0/0; carried_depth 1/1; plan_body_us 16,102/21,241; batch_max_ms 8/12; tx_root_ms 1/1; sealed_ms 7/24
    folded lines 451: pending_max max 88 (median 73); pending_us_max max 24,087; drops_max max 36026
    flags: seal_on_counters true:452; freeze_pool_own true:452; plan_body 1:451/2:1; prep_from_plan false:1/true:451; plan_ahead 1:452; seal per 1,000 transfers 0.295 ms
  window 3 (452 builds): on-CPU share 1.00/1.00; CPU per transfer 3.09/3.71 us; sealed_at_ms 59/83; par_exec_ms 22/27; par_fold_ms 8/17; index_ms 15/20; par_start_ms 3/15; gap_before_exec_ms 10/56; state_wait_us 10,334/56,033; parent_fields_ms 6/26; roots_ms 34/50; seal_to_fields_us 52,975/71,278; seal_to_complete_us 114,097/137,541; rename_fallbacks 0/0; rename_record_waits 0/0; carried_depth 1/1; plan_body_us 16,534/19,918; batch_max_ms 9/12; tx_root_ms 1/1; sealed_ms 7/27
== loop349K21D: 4346 proposals; proposal -> quorum (leader's commit) median 11.5 / p90 42.1 / max 120.6 ms; proposal interval median 61.1 / p90 62.7 ms; TC formed lines 0; leader views timed out 0; ParentUnknown lines 0
   handover at view 1024: proposal intervals (view, ms) [(1023, 61), (1024, 149), (1025, 99), (1026, 62), (1027, 61)] against the median 61 ms
   handover at view 2048: proposal intervals (view, ms) [(2047, 62), (2048, 63), (2049, 62), (2050, 61), (2051, 60)] against the median 61 ms
   handover at view 3072: proposal intervals (view, ms) [(3071, 61), (3072, 61), (3073, 61), (3074, 62), (3075, 61)] against the median 61 ms
   handover at view 4096: proposal intervals (view, ms) [(4095, 61), (4096, 62), (4097, 61), (4098, 61), (4099, 61)] against the median 61 ms
     block 1025 (view 1024): sealed_at_ms 97, gap_before_exec_ms 15, parent_fields_ms 62, rename_fallbacks 0, rename_record_waits 0, carried_depth 1
     block 1026 (view 1025): sealed_at_ms 35, gap_before_exec_ms 8, parent_fields_ms 6, rename_fallbacks 0, rename_record_waits 0, carried_depth 1
     block 1027 (view 1026): sealed_at_ms 51, gap_before_exec_ms 0, parent_fields_ms 17, rename_fallbacks 0, rename_record_waits 0, carried_depth 1
     block 1028 (view 1027): sealed_at_ms 64, gap_before_exec_ms 0, parent_fields_ms 29, rename_fallbacks 0, rename_record_waits 0, carried_depth 1
flood span 95 s; tokio-rt threads alive throughout 34 of 63; group 9.6 cores busy over them (all threads incl. short-lived 12.4)
  per-thread cores busy, top 12: 0.59 0.58 0.58 0.57 0.57 0.57 0.56 0.56 0.56 0.56 0.55 0.55; threads over 0.9 core: 0, over 0.7: 0
== loop349K21D: 1383 full builds in the 3 windows
  par_exec_ms 22/27; par_run_ms 34/71; batch_start_skew_ms 17/20; batch_median_ms 4/5; batch_max_ms 8/12; batch_first_start_us 79/121; batch_last_start_us 17220/20918; batch_dispatch_us 223/313; batch_last_end_us 22196/27256; batches 128/128; batch_threads 32/32; batch_txs_max 2000/2000; batch_txs_min 1500/1500; start_walk_ms 0/0; start_walk_check_ms 0/0; par_start_ms 3/15; sealed_at_ms 55/79; prev_seal_to_answer_us 1770/3049; prev_seal_to_entry_us 0/0; prev_seal_to_header_us 191/303; prev_seal_to_import_us 121832/158041; prev_seal_to_request_us 971/61684; prev_seal_to_start_us 1253/62006; start_walk_check_us 0/0; start_walk_ids_us 0/0; start_walk_settle_us 0/0; start_walk_us 0/0
  one_wave {'false': 1383}
  batches == batch_threads on 0 of 1383 builds
  last - first batch start (ms) median/p90 17.11/20.84; under 2 ms on 0 of 1383 builds
bodygate loop349K21D: invalid_blocks=0 gas_mismatch=0 fields_mismatches=0 own_not_committed=0 proposals_given_up=0
leg loop349K21DQ64: /data free 495G (needs 120 G)
load 9.59 at 08:54:47, waiting
plan loop349K21DQ64: exit 0 (21 validators, 1 layer(s)): # validators 21, execution layers 1, 192 CPUs a layer, import-once 1, shared 1; # validators : 32 CPUs set aside, taskset -c 96-111,224-239; # fleet    : 21 nodes, quorum 15 of 21 (f = 6); 0 refusals
leg loop349K21DQ64 start 08:55:17 load 5.81
round loop349K21DQ64 exit 0 at 08:58:20
loop349K21DQ64 save stages (node0, seconds summed over the leg / count): batch_size=1939.0/633  batch_size=1939.0/633  reth_consensus_engine_beacon_persistence_duration=59.5/633  duration_seconds=55.1/633  total=50.2/633  scope=45.5/633  sf=44.9/633  sf_transactions=44.7/633  qmdb_persisted=24.4/633  sf_account_changesets=20.9/633
el binary: /data/n42-build/target-n42-rs/native/release/n42 env: N42_IMPORT_ONCE=1 N42_SETTLEMENT_TAGS=legacy N42_BUILD_THROTTLE_SOFT=48 F7_EL_MAP=0,0,0,0,0,0,0,0,0,0,0,0,0,0,0,0,0,0,0,0,0 N42_FIELDS_AT_SEAL=1 N42_FREEZE_AFTER_SEAL=1 N42_FRAME_BLOCKS=1 N42_TX_INGEST_RECOVER_PARALLEL=24 N42_FREEZE_POOL=own N42_PARALLEL_BUILD_THREADS=32 N42_PLAN_AHEAD=1 N42_HASHED_TABLES=off F7_FLOOD_RATE=6000000 N42_COMPACT_BODY=1 N42_BUILD_BATCHES=128 MALLOC_CONF=thp:always,oversize_threshold:0,dirty_decay_ms:2000,background_thread:true N42_SEAL_ON_COUNTERS=1 N42_ACCOUNT_HISTORY=off N42_TAKE_COMPACT=1 N42_SF_EARLY_WRITEBACK=1 F7_VAL_NO_MALLOC_CONF=1 N42_ROAD_RUNTIME=1 N42_TX_INGEST_HIGH_WATER=2500000 F7_BENCH_POOL_SLOTS=3000000 N42_PLAN_AHEAD_BODY=1 N42_SEAL_AT_EXEC=1 N42_TX_QUEUE_DRAIN_CHUNK=8192 N42_ANSWER_LAYOUT_ONLY=1 N42_PULL_BY_FRAMES=1 N42_SF_PARALLEL_ENCODE=1 N42_BUILD_THROTTLE_HARD=80 N42_LIVE_INDEX_DEFER=1 RAYON_NUM_THREADS=16 F7_VAL_CPUS=32 N42_ROOT_OPS_AHEAD=1 TOKIO_WORKER_THREADS=16 N42_QMDB_READS=on N42_LEADER_LAYERS=3 N42_PERSIST_QMDB_IN_SCOPE=1 F7_BLOCK_INTERVAL_MS=60 F7_MEASURE_FROM_LOG=1
validator env: N42_IMPORT_ONCE=1 N42_SETTLEMENT_TAGS=legacy N42_BUILD_THROTTLE_SOFT=48 F7_EL_MAP=0,0,0,0,0,0,0,0,0,0,0,0,0,0,0,0,0,0,0,0,0 N42_FIELDS_AT_SEAL=1 N42_FREEZE_AFTER_SEAL=1 N42_FRAME_BLOCKS=1 N42_TX_INGEST_RECOVER_PARALLEL=24 N42_FREEZE_POOL=own N42_PARALLEL_BUILD_THREADS=32 N42_PLAN_AHEAD=1 N42_HASHED_TABLES=off F7_FLOOD_RATE=6000000 N42_COMPACT_BODY=1 N42_BUILD_BATCHES=128 N42_SEAL_ON_COUNTERS=1 N42_ACCOUNT_HISTORY=off N42_TAKE_COMPACT=1 N42_SF_EARLY_WRITEBACK=1 N42_ROAD_RUNTIME=1 N42_TX_INGEST_HIGH_WATER=2500000 F7_BENCH_POOL_SLOTS=3000000 N42_PLAN_AHEAD_BODY=1 N42_SEAL_AT_EXEC=1 N42_TX_QUEUE_DRAIN_CHUNK=8192 N42_ANSWER_LAYOUT_ONLY=1 N42_PULL_BY_FRAMES=1 N42_SF_PARALLEL_ENCODE=1 N42_BUILD_THROTTLE_HARD=80 N42_LIVE_INDEX_DEFER=1 RAYON_NUM_THREADS=16 F7_VAL_CPUS=32 N42_ROOT_OPS_AHEAD=1 TOKIO_WORKER_THREADS=16 N42_QMDB_READS=on N42_LEADER_LAYERS=3 N42_PERSIST_QMDB_IN_SCOPE=1 F7_MEASURE_FROM_LOG=1
loop349K21DQ64 once: start-up lines import_once=true 1; last direct-import counters 
loop349K21DQ64 imports: layers=1 direct_imports=0 canonical_blocks=4003 import_once_lines=1 (per layer: direct imports should equal canonical blocks for one execution per block)
grep: /data/blockchain/rust-fleet7-bench/node1/el.log: No such file or directory
grep: /data/blockchain/rust-fleet7-bench/node2/el.log: No such file or directory
grep: /data/blockchain/rust-fleet7-bench/node3/el.log: No such file or directory
grep: /data/blockchain/rust-fleet7-bench/node1/el.log: No such file or directory
grep: /data/blockchain/rust-fleet7-bench/node2/el.log: No such file or directory
grep: /data/blockchain/rust-fleet7-bench/node3/el.log: No such file or directory
cat: /data/blockchain/rust-fleet7-bench/node2/el.log: No such file or directory
cat: /data/blockchain/rust-fleet7-bench/node2/el.log: No such file or directory
cat: /data/blockchain/rust-fleet7-bench/node2/el.log: No such file or directory
cat: /data/blockchain/rust-fleet7-bench/node1/el.log: No such file or directory
cat: /data/blockchain/rust-fleet7-bench/node2/el.log: No such file or directory
cat: /data/blockchain/rust-fleet7-bench/node3/el.log: No such file or directory
Traceback (most recent call last):
  File [35m"<stdin>"[0m, line [35m4[0m, in [35m<module>[0m
[1;35mIndexError[0m: [35mlist index out of range[0m
loop349K21DQ64 no_variant=0 own_not_committed=0 tc=0 invalid_blocks=0 incomplete=0 gas_mismatch=0 direct_imports_failed=0 stuck_at_hashed_state=0 engine_idles_over_5s=1 proposals_given_up=0 tables_off_nodes=1 unanswered_reads=0 seal_first_total=1442 seal_first_direct=1442 direct_guard_errors=0 commit_ms_median=0 fold_ms_median=7 sealed_at_ms_median=54 state_ready_ms_median=96 build_total_ms_median=176 recover_us_median=0 par_exec_ms_median=22 par_exec_ms_median=22 giveback_filtered=0 giveback_offered_max=200000 seal_first=1442 reader_lag_max=10 reader_lag_warns=0 view_invalidated=0 el_sum_peak_g=41.5 el_max_peak_g=41.5 val_sum_peak_g=2.7 flood_peak_g=0.6 two_roads_blocks=0 two_roads_overlap_ms_median=- exec_on_output_declined=0 r1_collect_ms_median=6 proposal_at_ms_median=49 view_total_ms_median=61 import_exec_ms_median=- import_total_ms_median=- import_senders_ms_median=- import_convert_ms_median=- import_groups_median=- imports_over_600ms=0 min_avail_g=70.0 road_foreign_body_recv_ms=- road_foreign_body_decode_ms=- road_foreign_body_senders_ms=- road_foreign_body_parent_wait_ms=- road_foreign_body_check_ms=- road_foreign_body_total_ms=- road_new_payload_recv_ms=- road_new_payload_decode_ms=- road_new_payload_senders_ms=- road_new_payload_parent_wait_ms=- road_new_payload_check_ms=- road_new_payload_total_ms=- road_foreign_body_blocks=0 road_new_payload_blocks=0 fcu_answered=1842 fcu_in_flight_ms_median=0 fcu_queued_ms_median=0 fcu_queued_ms_max=100 fcu_refused=0 fcu_slow=2367 bodies_held=0 road_reuse_ms=- road_prepare_ms=- road_dispatch_ms=- road_convert_ms=- road_remember_ms=- road_header_ms=- road_fields_ms=- road_other_ms=- import_engine_ms_median=- gate_forced=0 gate_warns=0 flood_timeouts=0 canonical_min=4057 canonical_max=4057 chained_builds=2545 chain_lead_ms_median=57 chain_wait_ms_median=0 chain_started=2547 chain_discarded=2 chain_discard_reasons=_1_reason="no_,_1_reason="the_chained_build_produced_nothing,_1_reason="the_execution_layer_produced_nothing chain_alias_warns=0 el_chained=2567 bodies_held_warns=0 el_build_refused=2 el_build_refused_reasons=_2_no_QMDB_tree_for_parent_block_0x queued_p5=2315500 queued_p50=2471500 road_compact_blocks=0 road_compact_recv_ms=- road_compact_assemble_ms=- road_compact_root_ms=- road_compact_miss_wait_ms=- road_compact_senders_ms=- road_compact_check_ms=- road_compact_other_ms=- road_compact_total_ms=- road_compact_misses_total= compact_refused_el=0 compact_fallbacks=0 compact_bytes_median=- pool_order9=13650 par_pull_ms_median=0 build_total_ms_median2=56 road_compact_filled_blocks=0 road_compact_filled_median=- road_compact_fill_ms_median=- need_txns=0 fill_failed=0 ingest_rate_gate_open_median=- ingest_gate_open_intervals=0 ingest_slots_busy_median=- flood_rate= fill_asked_proposer=0 fill_asked_other=0 loop_lines=3026 loop_unnamed_ms_median=46 loop_body_served_ms_median=- loop_txns_served_ms_median=- import_exec_ms_median2=- pip_partition_ms=- pip_env_ms=- pip_batch_ms=- pip_groups_ms=- pip_gas_ms=- pip_merge_ms=- pip_receipts_ms=- pip_drop_ms=- pip_other_ms=- pip_total_ms=- senders_indexed_median=- road_senders_ms_median=- road_total_ms_median=- pew_ms_median=- pew_ms_p90= gate_ms_median=- gate_ms_p90= root_ms_p50=- root_ms_p90= two_roads=0 not_on_output=0 not_on_output_why= ckpt_ms_first_q=2 ckpt_ms_last_q=52 ckpt_bytes_last=34300852 parent_still_importing=7 root_wait_ms_p50=- root_wait_ms_p90= tenures_low_seal=23 seal_first_share=0.99 empty_over_deep=0 near_empty_warns=0 no_seal_why= par_skipped_median=- usable_p5=2315000 ckpt_replay_ms_last_q=15 candidates_zero=0 dropped_ingest=0 let_go_warns=0 let_go_reasons= parked_p50=0 parked_max=0 held_warns=0 park_capped_total=0 superseded_builds=0 empty_not_superseded=0 mass_park_warns=0 heads_lines=0 holes_lines=0 stale_parent_refusals=0 par_groups_p5=0 cancelled_decided=1 heads_nonce0=0 stale_unconfirmed= handovers=7 el_panics=0 decided_cancelled=1 min_window_blocks=459 road_desc_blocks=0 road_desc_total_ms=- road_desc_copy_ms=- desc_misses=0 fill_failed2=0 sf_par_collect_ms=0 sf_par_commit_ms=0 sf_par_fold_ms=7 sf_par_graft_ms=0 sf_par_prefault_ms=0 sf_par_exec_ms=22 sf_sealed_at_ms=54 sf_roots_ms=33 sf_state_ready_ms=96 sf_total_ms=176 ba_find_ms=0 ba_queue_ms=0 ba_total_ms=56 ba_on_output=1442 queue_fold_us=0 queue_lock_us=184 sf_par_exec_ms=22 sf_par_fold_ms=7 pip_groups_ms=- import_exec_ms_median2=- reads_d0=0 reads_hist=0 f_reads_d0=- f_reads_hist=- f_overlay_depth=- L_read_set_ms=0 read_set_accounts=0 read_set_unresolved=0 read_set_hits=0 read_set_misses=0 start_best_ms=- par_prep_ms=- gap_before_exec_ms=- gap_after_exec_ms=- gap_before_seal_ms=- index_ms=- road_copy_aside_ms=- road_copy_wait_ms=- road_total_ms=- queue_first_miss=queue_first_miss=0:2548,queue_first_miss=18446744073709551615:1453 root_append_behind=0 populate_lag_mb=0 swap_used_g=0 root_faults=- root_faults_p90= root_faults_entries=0 root_faults_offsets=0 root_faults_index=0 root_faults_bits=0 root_faults_twigs=0 root_faults_undo=0 root_faults_tmp=0 root_append_faults=3 root_twig_pool_misses=0 batch_max_ms=9 batch_min_ms=2 batch_median_ms=4 batch_cpu_max_ms=8 batch_txs_max=2000 batch_txs_min=1500 batch_start_skew_ms=16 batch_wait_ms=0 loop_fetch_ns=0 loop_check_ns=0 loop_transfer_ns=0 loop_receipt_ns=0 loop_gas_ns=0 loop_sink_ns=0 loop_other_ns=0 batch_setup_ns=0 batch_close_ns=0 imp_exec_part_ms=- imp_exec_batches_ms=- imp_exec_graft_ms=- imp_exec_batches=- imp_exec_threads=- imp_exec_batch_max_ms=- imp_exec_batch_median_ms=- imp_parent_output_wait_ms=- road_parent_output_wait_ms=- next_start_gap_ms=1 next_entry_gap_ms=0 commit_body_ahead_used=- imp_exec_keys_ms=- imp_keys_ahead=- imp_exec_sink_ms=- imp_exec_pre_ms=- imp_exec_post_ms=- imp_exec_receipts_ms=- imp_exec_drop_ms=- root_gap_ms=- queue_whole=queue_whole=false:2548,queue_whole=true:1453 tick_tick_late_us=716 tick_preamble_us=345 tick_take_sealed_us=2 tick_sign_us=1 tick_cache_us=0 tick_presealed=- tick_describe_us=18 tick_publish_us=646 tick_tick_to_send_us=1785 road_check_ms=- road_check_include_us=- road_check_scan_us=- road_check_fold_us=- road_check_senders_us=- road_check_frames_summarized=- road_check_frames_scanned=- imp_exec_start_gap_us=- imp_gap_road_us=- imp_gap_header_us=- imp_gap_senders_us=- imp_gap_parent_us=- imp_gap_setup_us=- imp_gap_keys_wait_us=- sealed_at_p90= sealed_over_130=0 roots_ms=- cycle_p90= batch_max_ms=- batch_median_ms=- imp_batch_max=- forest_lock_warns=1598 root_seal_ms=1 root_seals=40 root_majflt=4504 roots_p90= gp_layer=1450 ggp_missing=295 state_wait_split=0/0/0/0:469,9/0/0/0:77,8/0/0/0:66 qmdb_releases=0 state_wait_on= imp_road_end_ms=- imp_exec_start_ms=- imp_exec_end_ms=- imp_root_end_ms=- imp_fields_ready_ms=- imp_parent_fields_wait_ms=- imp_exec_ms=- imp_root_ms=- imp_checks_ms=- imp_engine_ms=- imp_total_ms=- road_parent_fields_wait_ms=- exec_read_ms=0 L_exec_evm_ms=0 L_exec_write_ms=0 L_exec_other_ms=0 L_reads_cache=0 L_reads_provider=0 L_reads_view=0 L_graft_base_ms=0 L_graft_reserve_ms=0 L_graft_insert_ms=0 L_graft_reverts_ms=0 L_graft_other_ms=0 L_par_exec_ms=22 L_par_graft_ms=0 F_exec_read_ms=- F_exec_evm_ms=- F_exec_write_ms=- F_exec_other_ms=- F_reads_cache=- F_reads_provider=- F_reads_view=- F_groups_ms=- L_tx_root_wait_ms=0 L_par_exec_ms=22 L_par_graft_ms=0 L_par_fold_ms=7 L_sealed_ms=8 L_state_ready_ms=96 L_roots_ms=33 L_finish_ms=106 L_total_ms=176 L_setup_ms=0 L_par_pull_ms=0 L_give_back_ms=0 L_state_wait_ms=7 L_state_after_pull=1442 L_seal_at_exec=1442 L_tx_root_ahead=0 flood_w1=3080719 txs_p10=200000 acq_us=481 slots_busy=13 ingest_rate=3137943 L_scope_join_ms=0 L_par_release_ms=0 L_commit_body_ms=0 L_par_commit_ms=0 L_give_back_ms=0 L_sealed_ms=8 L_par_exec_ms=22 L_state_wait_ms=7 L_par_pull_ms=0 L_par_prep_ms=0 L_par_start_ms=4 L_pre_exec_ms=0 L_par_run_ms=31 L_sealed_at_ms=54 F_partition_ms=- F_env_ms=- F_groups_ms=- F_merge_ms=- F_reverts_wait_ms=- F_ahead_wait_ms=- F_total_ms=- I_engine_ms=- I_root_ms=- I_total_ms=- H_engine_remember_ms=- H_engine_listing_ms=- H_engine_new_payload_ms=- busy_us=1 L_par_start_ms=4 L_start_handoff_ms=0 L_start_best_ms=4 L_start_puller_ms=0 L_par_pull_ms=0 L_par_prep_ms=0 L_state_wait_ms=7 L_par_exec_ms=22 L_par_commit_ms=0 L_sealed_ms=8 L_sealed_at_ms=54 L_par_graft_ms=0 L_graft_insert_ms=0 L_graft_reverts_ms=0 L_graft_split_us=0 L_graft_build_us=0 L_graft_merge_us=0 L_state_ready_ms=96 Q_queue_ms=0 R_dispatch_wait_ms=- R_total_ms=- R_road_runtime=1 gate_holds=0 peer_fetch=0 pool_limit=limit=4 gate_opened=gate_opened_for_block=0 I_root_ms=- flood_rate_hdr=rate=6000000/s fills=0 fill_waited=- slots_busy=13 acq_us=481 busy_us=1 converged=0 fallbacks=0 busy_us=1 recover_us=0 tf_on_output=3 tf_fallback=0 still_importing=7 busy_us=1 slots_busy=13 batches=altsig_txs=0 altsig_batches=0 tf_on_output=3 tf_fallback=0 gate_holds=0 sign_s=sign 0s replay_note=replay       : 64 files from /data/n42-pregen/g900000-400m, 400000000 transactio sign_s=sign 0s shard=shard_verified=0 shard_claimed=0 road_verified=- slots_busy=13 gate_us=7093 reply_us=7671 queued=2471500 assemble_ms=- road_take_ms=- road_body_ms=- road_encode_ms=- shards=16 shard_insert_ms=0 shard_wait_ms=0 shard_fold_ms=13 shard_append_ms=17 shard_merge_ms=58 state_ready_ms=96 roots_ms=33 exec_read_ms=0 exec_evm_ms=0 exec_write_ms=0 exec_other_ms=0 reads_cache=0 reads_provider=0 reads_view=0 par_run_ms=31 fold_task_cpu_max_us=13140 fold_task_minflt_max=0 fold_task_minflt_sum=0 fold_task_migrated=0 fold_task_nivcsw_max=0 fold_index=1 fold_index_build_ms=13 fold_index_conflicts=8053 fold_queue_us=62 fold_skew_us=36 fold_task_max_us=13138 fold_tail_us=18 start_best_ms=4 start_select_ms=0 start_walk_ms=0 start_walk_check_ms=0 start_best_other_ms=0 start_frames_by_ref=0 start_frames_slow=0 start_pull_ms=0 start_other_ms=0 start_handoff_ms=0 par_start_ms=4 par_prep_ms=0 par_commit_ms=0 commit_body_ms=0 par_fold_ms=7 sealed_ms=8 copy_ms=- prune_ms=0 frames=- frames_missing=- frame_root_ms=- root_ms=- frames_admitted=frames_admitted=576323 frames_unaligned=0 frame_root_indexed=- seal_layout_ms=0 seal_root_ms=0 attested= busy_us=1 slots_busy=13 reply_us=7671 prune_ms=0 body_refused=0 body_failed_late=0
loop349K21DQ64 win1 tps=3,140,000 txs=94,200,000 blocks= 471 cycle=0.064s occupancy= 99.8% full(>=95%)=470/471 basefee=n/a (from the layer's log)
loop349K21DQ64 win2 tps=3,100,000 txs=93,000,000 blocks= 465 cycle=0.065s occupancy=100.0% full(>=95%)=465/465 basefee=n/a (from the layer's log)
loop349K21DQ64 win3 tps=3,060,000 txs=91,800,000 blocks= 459 cycle=0.065s occupancy=100.0% full(>=95%)=459/459 basefee=n/a (from the layer's log)
loop349K21DQ64 tps=3,140,000 round_txs=279000000 cycles_w1=
loop349K21DQ64 imp_fields_p90= b_p75=8
loop349K21DQ64 overlay: filter_skips=0 probes=0 ratio=- (ratio = skips/(skips+probes))
loop349K21DQ64 overlay_manager:       1 state_trie_overlay=false  state-ovly_cpu=0
loop349K21DQ64 verify: written to /data/blockchain/rust-fleet7-bench/bench-loop349K21DQ64/verify.json
== validator memory at flood +70 s (loop349K21DQ64)
validators 21: RSS sum 2.7 G, max 0.13 G, mean 0.13 G; threads 1155 (mean 55)
one validator (pid 1781589):
VmHWM:	  126084 kB
VmRSS:	  126084 kB
RssAnon:	  110156 kB
RssFile:	   15928 kB
RssShmem:	       0 kB
Threads:	55
Rss:              126084 kB
Private_Dirty:    110156 kB
Anonymous:        110156 kB
AnonHugePages:         0 kB
threads by name:
     49 h2_validator
      4 tokio-rt-worker
      1 n42-qmdb-prefau
      1 futures-timer
largest mappings by Rss:
44440  7f615ba00000-7f6162c00000
15420  7f616da00000-7f616ec00000
13472  7f616fa80000-7f6171000000
13192  7f616ed00000-7f616fa00000
11044 /data/n42-build/target-n42-rs/native/release/examples/h2_validator 5d97f2b5e000-5d97f39f8000
8020  7f6172c80000-7f6174400000
3660  7f6171080000-7f6171600000
2368  7f617b000000-7f617b400000
RssAnon of all validators (MB):
anon n=21 min 110 median 110 max 115 MB, sum 2.3 G
RSS of all validators, sorted:
min 125.712 MB median 126.128 MB max 130.196 MB
== many-keys report loop349K21DQ64
== loop349K21DQ64: 21 validator logs, f=6, quorum 15
1. the leaders' commit lines
  R1_collect (proposal -> prepare QC): n=4344 p50 6.0 p90 36.0 p99 84.0 max 5759.0 ms
  R2_collect (prepare QC -> commit QC): n=4344 p50 5.0 p90 5.0 p99 12.0 max 18.0 ms
  total (proposal -> commit): n=4344 p50 61.0 p90 78.0 p99 133.0 max 5828.0 ms
  votes at formation: R1 median 15 max 15 (quorum 15); R2 median 15 max 15
2. vote collection at the traced leaders (first vote -> quorum -> last vote)
 R1 (vote), 3071 views:
    proposal -> first vote: n=3071 p50 2.9 p90 41.7 p99 85.1 max 163.0 ms
    first vote -> quorum: n=3071 p50 0.5 p90 0.9 p99 2.0 max 5743.8 ms
    quorum -> last vote: n=3071 p50 2.8 p90 3.2 p99 6.9 max 56.0 ms
    proposal -> last vote (the slowest key): n=3071 p50 6.4 p90 42.7 p99 87.4 max 5759.5 ms
   views with fewer than 20 votes received: 0
 R2 (commit_vote), 3071 views:
    proposal -> first vote: n=3071 p50 8.4 p90 47.7 p99 92.1 max 5761.0 ms
    first vote -> quorum: n=3071 p50 0.6 p90 0.8 p99 1.9 max 5.4 ms
    quorum -> last vote: n=3071 p50 4.7 p90 5.9 p99 14.2 max 29.4 ms
    proposal -> last vote (the slowest key): n=3071 p50 14.0 p90 52.3 p99 96.7 max 5761.8 ms
   views with fewer than 20 votes received: 0
3. the straggler rule and the loop
  proposal interval (same leader, consecutive views): n=4340 p50 61.1 p90 62.8 p99 96.0 max 5767.7 ms; >= 500 ms: 1
  `slow step` lines: 1 (transport+flush > 30 ms); by slowest event kind: other: 1 (max 33 ms)
  leaders' lines: 0
4. gossip propagation (proposal sent -> received at a traced follower)
    proposal arrival delay: n=9964 p50 0.3 p90 0.7 p99 1.2 max 12.0 ms
4b. the new fields (docs/E1_MANY_KEYS.md section 6), leaders' `block committed!` and `proposal sent` lines
    verify_us: n=4344 p50 4750.0 p90 5357.0 p99 5711.0 max 6257.0 us
    verify_n: n=4344 p50 38.0 p90 42.0 p99 46.0 max 46.0 
    verify_batches: n=4344 p50 3.0 p90 3.0 p99 3.0 max 3.0 
  verify_fallbacks: total 0 over 4344 blocks
    inbound_queue_max: n=4344 p50 0.0 p90 0.0 p99 0.0 max 0.0 
    gossip_poll_us: n=4344 p50 880.0 p90 1060.0 p99 1239.0 max 3490.0 us
  straggler_waits (cumulative per leader log, summed over 5 leaders): 1; waits with straggler_wait_us > 0: 1 of 4345 proposals, p50 54.0 p90 54.0 max 54.0 ms, total 0.05 s
  direct votes at the leaders: received 173600 (duplicates dropped 0); sent by those nodes 20472, fallbacks to gossip 0; leaders led 4345 views = 173800 vote messages expected (2 rounds x 20); direct share of those 99.9%
5. validators
validators n=21: cpu total 3.29 cores, per key mean 0.157 median 0.151 max 0.218 (key 1) min 0.144; rss per key peak mean 0.127 max 0.131 G, sum of peaks 2.7 G; threads per key mean 55, total 1155
libp2p connections (last census of 5): 420 in all (a full mesh of 21 is 210); sockets per process min 20 median 20 max 20
== loop349K21DQ64  (E=1: seven validator keys on one execution layer)
  window 1: canonical 471 blocks, 94.2M tx = 3,140,000/s (100.0% of window 1), full 470/471 (100%); cycle mean/median/p90 63.7/61.4/69.4 ms
    leader builds 470: sealed_at median/p90/p99 52/71/97; phases median/p90 ms: gap_before_exec 7/38, state_wait 7/38, par 52/86, par_exec 21/29, roots 31/46, parent_fields 6/23, sealed 7/24
    state_wait_on {'output': 250, 'grandparent': 68, 'layer_release': 2, 'none': 150}; builds with state_wait > 20 ms: 96 ([('grandparent', 58), ('output', 38)]); gp_layer {1.0: 470}, ggp_missing {0.0: 396, 1.0: 74}
    queue at the builds min/median 1,347,500/2,513,250
    new field batch_cpu_sum_us: median/p90/max 579899.0/763454.0/2510496, nonzero 470
    new field batch_dispatch_us: median/p90/max 215.0/309.0/3831, nonzero 470
    new field batch_first_start_us: median/p90/max 75.0/117.0/233, nonzero 470
    new field batch_ivcsw: median/p90/max 1.0/6.0/29, nonzero 282
    new field batch_last_end_us: median/p90/max 21473.5/29068.0/84360, nonzero 470
    new field batch_last_start_us: median/p90/max 16414.0/20898.0/73892, nonzero 470
    new field batch_live_deferred: median/p90/max 73.0/80.0/90, nonzero 470
    new field batch_live_lock_hold_us: median/p90/max 10273.0/12130.0/17093, nonzero 470
    new field batch_live_lock_wait_us: median/p90/max 0.0/0.0/0, nonzero 0
    new field batch_live_lock_waits: median/p90/max 0.0/0.0/0, nonzero 0
    new field batch_majflt: median/p90/max 0.0/0.0/0, nonzero 0
    new field batch_minflt: median/p90/max 888.0/9030.0/26992, nonzero 470
    new field batch_open_max_us: median/p90/max 413.0/497.0/978, nonzero 470
    new field batch_open_sum_us: median/p90/max 10097.5/12679.0/21602, nonzero 470
    new field batch_threads: median/p90/max 32.0/32.0/32, nonzero 470
    new field batch_vcsw: median/p90/max 185.0/551.0/981, nonzero 470
    new field batch_view_index_wait_us: median/p90/max 0.0/27113.0/57550, nonzero 115
    new field batch_view_index_waits: median/p90/max 0.0/331.0/709, nonzero 115
    new field batch_view_slot_wait_us: median/p90/max 0.0/2235.0/5971, nonzero 122
    new field batch_view_slot_waits: median/p90/max 0.0/54.0/123, nonzero 122
    new field batch_wall_sum_us: median/p90/max 594551.0/766664.0/2512343, nonzero 470
    new field batches: median/p90/max 128.0/128.0/128, nonzero 470
    new field build_batches: median/p90/max 128.0/128.0/128, nonzero 470
    new field carried_depth: median/p90/max 1.0/1.0/1, nonzero 470
    new field exec_end_to_seal_us: median/p90/max 97.0/144.0/390, nonzero 470
    new field exec_partition_us: median/p90/max 6.0/10.0/2197, nonzero 470
    new field exec_prepared_groups: {'true': 459, 'false': 11}
    new field exec_prepared_slots: {'true': 459, 'false': 11}
    new field exec_slots_us: median/p90/max 0.0/0.0/1661, nonzero 11
    new field freeze_join_wait_us: median/p90/max 7737.0/20437.0/43078, nonzero 470
    new field freeze_late: {'true': 470}
    new field freeze_pool_own: {'true': 470}
    new field live_index_defer: {'true': 470}
    new field merge_accounts: median/p90/max 191475.0/194730.0/197884, nonzero 470
    new field merge_append_us: median/p90/max 3631.0/7157.0/15110, nonzero 470
    new field merge_early: {'false': 470}
    new field merge_join_wait_us: median/p90/max 0.0/0.0/0, nonzero 0
    new field merge_reverts: median/p90/max 191475.0/194730.0/197884, nonzero 470
    new field merge_reverts_us: median/p90/max 14597.0/19277.0/29140, nonzero 470
    new field merge_state_us: median/p90/max 39211.5/46822.0/61627, nonzero 470
    new field merge_tail_us: median/p90/max 0.0/0.0/1, nonzero 3
    new field merge_threads: median/p90/max 1.0/1.0/1, nonzero 470
    new field one_wave: {'false': 470}
    new field open_engine_us: median/p90/max 0.0/20234.0/75569, nonzero 74
    new field open_fallback: {'false': 396, 'true': 74}
    new field open_keep_us: median/p90/max 6.0/11.0/5268, nonzero 470
    new field open_kept_accounts: median/p90/max 574270.5/581520.0/592237, nonzero 470
    new field open_layers: median/p90/max 3.0/3.0/3, nonzero 470
    new field open_provider_us: median/p90/max 101.0/168.0/1251, nonzero 470
    new field plan_age_us: median/p90/max 49143.5/97357.0/179136, nonzero 470
    new field plan_ahead: median/p90/max 1.0/1.0/1, nonzero 470
    new field plan_body: median/p90/max 1.0/1.0/2, nonzero 470
    new field plan_body_us: median/p90/max 18084.5/21016.0/28392, nonzero 459
    new field plan_discard: {'': 470}
    new field plan_prep_us: median/p90/max 7349.0/14671.0/35744, nonzero 470
    new field plan_topup_txs: median/p90/max 0.0/0.0/0, nonzero 0
    new field prep_from_plan: {'true': 459, 'false': 11}
    new field prev_seal_to_answer_us: median/p90/max 1672.0/3197.0/10327, nonzero 470
    new field prev_seal_to_entry_us: median/p90/max 0.0/0.0/0, nonzero 0
    new field prev_seal_to_header_us: median/p90/max 203.0/328.0/520, nonzero 470
    new field prev_seal_to_import_us: median/p90/max 119991.0/150655.0/199412, nonzero 441
    new field prev_seal_to_request_us: median/p90/max 991.0/65496.0/106699, nonzero 470
    new field prev_seal_to_start_us: median/p90/max 1294.0/65756.0/106944, nonzero 470
    new field pull_bulk_txs: median/p90/max 200000.0/200000.0/200000, nonzero 470
    new field pull_bulk_us: median/p90/max 5.0/9.0/1464, nonzero 470
    new field receipts_late: {'false': 470}
    new field receipts_late_wait_us: median/p90/max 0.0/0.0/0, nonzero 0
    new field rename_fallbacks: median/p90/max 0.0/0.0/0, nonzero 0
    new field rename_record_waits: median/p90/max 0.0/0.0/0, nonzero 0
    new field root_apply_gap_us: median/p90/max 10.0/13.0/32, nonzero 470
    new field root_apply_total_us: median/p90/max 21465.0/31146.0/43704, nonzero 470
    new field root_compute_us: median/p90/max 23549.5/34753.0/47576, nonzero 470
    new field root_delta_us: median/p90/max 1119.5/2833.0/16449, nonzero 470
    new field root_index_us: median/p90/max 2871.0/6389.0/19921, nonzero 470
    new field root_leaves_us: median/p90/max 7365.5/12007.0/24496, nonzero 470
    new field root_note_us: median/p90/max 154.0/248.0/1591, nonzero 470
    new field root_ops_ahead: {'true': 470}
    new field root_ops_ahead_wait_us: median/p90/max 3297.0/9577.0/31122, nonzero 470
    new field root_ops_concat_us: median/p90/max 0.0/0.0/0, nonzero 0
    new field root_ops_encode_us: median/p90/max 5921.5/10299.0/28038, nonzero 470
    new field root_ops_finish_us: median/p90/max 2180.0/2877.0/7911, nonzero 470
    new field root_ops_sort_us: median/p90/max 3129.0/7389.0/17178, nonzero 470
    new field root_ops_us: median/p90/max 5625.5/12235.0/33099, nonzero 470
    new field root_rehash_us: median/p90/max 1451.0/1922.0/9156, nonzero 470
    new field root_retire_us: median/p90/max 1491.0/2544.0/14970, nonzero 470
    new field root_sort_us: median/p90/max 188.0/350.0/2578, nonzero 470
    new field root_undo_us: median/p90/max 349.0/684.0/4073, nonzero 470
    new field root_writes_us: median/p90/max 6816.5/9918.0/24860, nonzero 470
    new field seal_hashes_ahead: {'true': 470}
    new field seal_on_counters: {'true': 470}
    new field seal_to_complete_us: median/p90/max 110237.0/128926.0/162311, nonzero 470
    new field seal_to_frozen_us: median/p90/max 7724.0/20375.0/43033, nonzero 331
    new field seal_to_merge_end_us: median/p90/max 110123.5/128792.0/162176, nonzero 470
    new field seal_to_merge_start_us: median/p90/max 52075.0/67007.0/81279, nonzero 470
    new field seal_to_ops_ahead_us: median/p90/max 21559.0/34609.0/53201, nonzero 470
    new field seal_to_shards_ready_us: median/p90/max 14106.5/23979.0/47871, nonzero 470
    new field seal_to_state_ready_us: median/p90/max 110133.5/128798.0/162187, nonzero 470
    new field sealed_unix_us: median/p90/max 1791464218577462.5/1791464230299124.0/1791464233478126, nonzero 470
    new field start_walk_check_us: median/p90/max 0.0/0.0/0, nonzero 0
    new field start_walk_ids_us: median/p90/max 0.0/0.0/0, nonzero 0
    new field start_walk_settle_us: median/p90/max 0.0/0.0/0, nonzero 0
    new field start_walk_us: median/p90/max 0.0/0.0/0, nonzero 0
    new field state_wait_us: median/p90/max 7070.0/38309.0/89202, nonzero 470
    new field view_journal_reads: median/p90/max 0.0/77824.0/147456, nonzero 227
    new field view_journal_searches: median/p90/max 0.0/221372.0/457556, nonzero 227
    new field view_journal_skips: median/p90/max 0.0/0.0/0, nonzero 0
    new field whole_take_noted: {'true': 470}
    binding wait (tick / quorum / seal share, mean cycle): tick 98% (63); quorum 1% (110); seal 2% (71); feed-bound (blocks under 95% of the tier): 1 of 471
    slowest key vote delay median/p90 15.0/55.8 ms
    engine own-import total_ms per block median/p90/max 37/60/82 (n=470)
    layer RSS 4.7 -> 27.4 G (max 27.4), in-memory blocks max 10
    execution layer cores busy 36.8    validators cores busy 3.3
    flood delivered (median per 5 s over the leg) 3,118,968/s
  window 2: canonical 465 blocks, 93.0M tx = 3,100,000/s (98.7% of window 1), full 465/465 (100%); cycle mean/median/p90 66.2/61.4/86.9 ms
    leader builds 466: sealed_at median/p90/p99 54/77/99; phases median/p90 ms: gap_before_exec 6/50, state_wait 6/50, par 53/86, par_exec 22/27, roots 34/48, parent_fields 7/25, sealed 8/26
    state_wait_on {'output': 211, 'none': 160, 'grandparent': 95}; builds with state_wait > 20 ms: 88 ([('grandparent', 82), ('output', 6)]); gp_layer {1.0: 466}, ggp_missing {0.0: 365, 1.0: 101}
    queue at the builds min/median 2,271,000/2,513,500
    new field batch_cpu_sum_us: median/p90/max 587095.0/713305.0/1341026, nonzero 466
    new field batch_dispatch_us: median/p90/max 214.5/304.0/3157, nonzero 466
    new field batch_first_start_us: median/p90/max 75.0/112.0/278, nonzero 466
    new field batch_ivcsw: median/p90/max 1.0/7.0/36, nonzero 280
    new field batch_last_end_us: median/p90/max 21935.0/27330.0/51803, nonzero 466
    new field batch_last_start_us: median/p90/max 16801.0/20406.0/36234, nonzero 466
    new field batch_live_deferred: median/p90/max 73.0/80.0/127, nonzero 466
    new field batch_live_lock_hold_us: median/p90/max 10571.5/12313.0/23344, nonzero 466
    new field batch_live_lock_wait_us: median/p90/max 0.0/0.0/0, nonzero 0
    new field batch_live_lock_waits: median/p90/max 0.0/0.0/0, nonzero 0
    new field batch_majflt: median/p90/max 0.0/0.0/10, nonzero 1
    new field batch_minflt: median/p90/max 847.0/10212.0/35036, nonzero 466
    new field batch_open_max_us: median/p90/max 405.0/499.0/3528, nonzero 466
    new field batch_open_sum_us: median/p90/max 10034.0/12377.0/20769, nonzero 466
    new field batch_threads: median/p90/max 32.0/32.0/32, nonzero 466
    new field batch_vcsw: median/p90/max 184.5/541.0/980, nonzero 466
    new field batch_view_index_wait_us: median/p90/max 0.0/25064.0/60139, nonzero 115
    new field batch_view_index_waits: median/p90/max 0.0/303.0/673, nonzero 115
    new field batch_view_slot_wait_us: median/p90/max 0.0/2172.0/4546, nonzero 123
    new field batch_view_slot_waits: median/p90/max 0.0/57.0/116, nonzero 123
    new field batch_wall_sum_us: median/p90/max 599712.5/729053.0/1345584, nonzero 466
    new field batches: median/p90/max 128.0/128.0/128, nonzero 466
    new field build_batches: median/p90/max 128.0/128.0/128, nonzero 466
    new field carried_depth: median/p90/max 1.0/1.0/1, nonzero 466
    new field exec_end_to_seal_us: median/p90/max 99.5/159.0/593, nonzero 466
    new field exec_partition_us: median/p90/max 6.0/9.0/1481, nonzero 466
    new field exec_prepared_groups: {'true': 458, 'false': 8}
    new field exec_prepared_slots: {'true': 458, 'false': 8}
    new field exec_slots_us: median/p90/max 0.0/0.0/1991, nonzero 8
    new field freeze_join_wait_us: median/p90/max 7119.0/15073.0/23716, nonzero 466
    new field freeze_late: {'true': 466}
    new field freeze_pool_own: {'true': 466}
    new field live_index_defer: {'true': 466}
    new field merge_accounts: median/p90/max 192371.5/195296.0/199383, nonzero 466
    new field merge_append_us: median/p90/max 3314.0/7114.0/15508, nonzero 466
    new field merge_early: {'false': 466}
    new field merge_join_wait_us: median/p90/max 0.0/0.0/0, nonzero 0
    new field merge_reverts: median/p90/max 192371.5/195296.0/199383, nonzero 466
    new field merge_reverts_us: median/p90/max 15485.5/20883.0/31389, nonzero 466
    new field merge_state_us: median/p90/max 39449.0/47267.0/66270, nonzero 466
    new field merge_tail_us: median/p90/max 0.0/0.0/1, nonzero 5
    new field merge_threads: median/p90/max 1.0/1.0/1, nonzero 466
    new field one_wave: {'false': 466}
    new field open_engine_us: median/p90/max 0.0/40263.0/82984, nonzero 101
    new field open_fallback: {'false': 365, 'true': 101}
    new field open_keep_us: median/p90/max 6.0/10.0/39, nonzero 466
    new field open_kept_accounts: median/p90/max 576567.5/583539.0/590951, nonzero 466
    new field open_layers: median/p90/max 3.0/3.0/3, nonzero 466
    new field open_provider_us: median/p90/max 97.0/154.0/692, nonzero 466
    new field plan_age_us: median/p90/max 51316.0/92605.0/142051, nonzero 465
    new field plan_ahead: median/p90/max 1.0/1.0/1, nonzero 465
    new field plan_body: median/p90/max 1.0/1.0/2, nonzero 465
    new field plan_body_us: median/p90/max 17926.5/21234.0/27402, nonzero 458
    new field plan_discard: {'': 465, 'not_on_its_parent': 1}
    new field plan_prep_us: median/p90/max 6869.5/14907.0/27891, nonzero 465
    new field plan_topup_txs: median/p90/max 0.0/0.0/0, nonzero 0
    new field prep_from_plan: {'true': 458, 'false': 8}
    new field prev_seal_to_answer_us: median/p90/max 1672.0/2445.0/5006, nonzero 466
    new field prev_seal_to_entry_us: median/p90/max 0.0/0.0/0, nonzero 0
    new field prev_seal_to_header_us: median/p90/max 207.0/317.0/1068, nonzero 466
    new field prev_seal_to_import_us: median/p90/max 122319.5/152075.0/221716, nonzero 427
    new field prev_seal_to_request_us: median/p90/max 991.0/62967.0/110467, nonzero 466
    new field prev_seal_to_start_us: median/p90/max 1272.5/63314.0/110682, nonzero 466
    new field pull_bulk_txs: median/p90/max 200000.0/200000.0/200000, nonzero 466
    new field pull_bulk_us: median/p90/max 5.0/9.0/1380, nonzero 466
    new field receipts_late: {'false': 466}
    new field receipts_late_wait_us: median/p90/max 0.0/0.0/0, nonzero 0
    new field rename_fallbacks: median/p90/max 0.0/0.0/0, nonzero 0
    new field rename_record_waits: median/p90/max 0.0/0.0/0, nonzero 0
    new field root_apply_gap_us: median/p90/max 11.0/13.0/26, nonzero 466
    new field root_apply_total_us: median/p90/max 22788.0/32318.0/51691, nonzero 466
    new field root_compute_us: median/p90/max 25140.5/36269.0/76595, nonzero 466
    new field root_delta_us: median/p90/max 1228.5/3373.0/16059, nonzero 466
    new field root_index_us: median/p90/max 3034.0/6818.0/13551, nonzero 466
    new field root_leaves_us: median/p90/max 7198.0/12049.0/19774, nonzero 466
    new field root_note_us: median/p90/max 151.0/229.0/1487, nonzero 466
    new field root_ops_ahead: {'true': 466}
    new field root_ops_ahead_wait_us: median/p90/max 3579.0/10372.0/25113, nonzero 465
    new field root_ops_concat_us: median/p90/max 0.0/0.0/0, nonzero 0
    new field root_ops_encode_us: median/p90/max 5925.5/10214.0/21783, nonzero 466
    new field root_ops_finish_us: median/p90/max 2299.5/3118.0/11600, nonzero 466
    new field root_ops_sort_us: median/p90/max 3500.0/7955.0/12690, nonzero 466
    new field root_ops_us: median/p90/max 5874.5/13112.0/27061, nonzero 466
    new field root_rehash_us: median/p90/max 2056.5/2888.0/22251, nonzero 466
    new field root_retire_us: median/p90/max 1653.0/2788.0/5401, nonzero 466
    new field root_sort_us: median/p90/max 191.0/378.0/3094, nonzero 466
    new field root_undo_us: median/p90/max 353.0/664.0/2193, nonzero 466
    new field root_writes_us: median/p90/max 7029.0/10219.0/23384, nonzero 466
    new field seal_hashes_ahead: {'true': 466}
    new field seal_on_counters: {'true': 466}
    new field seal_to_complete_us: median/p90/max 111752.5/130968.0/158536, nonzero 466
    new field seal_to_frozen_us: median/p90/max 7100.0/15019.0/23666, nonzero 306
    new field seal_to_merge_end_us: median/p90/max 111671.0/130852.0/158457, nonzero 466
    new field seal_to_merge_start_us: median/p90/max 52308.5/66829.0/102883, nonzero 466
    new field seal_to_ops_ahead_us: median/p90/max 21145.5/29995.0/46145, nonzero 466
    new field seal_to_shards_ready_us: median/p90/max 13832.0/20210.0/28696, nonzero 466
    new field seal_to_state_ready_us: median/p90/max 111676.0/130858.0/158463, nonzero 466
    new field sealed_unix_us: median/p90/max 1791464248554839.0/1791464260572367.0/1791464263486624, nonzero 466
    new field start_walk_check_us: median/p90/max 0.0/0.0/732, nonzero 1
    new field start_walk_ids_us: median/p90/max 0.0/0.0/593, nonzero 1
    new field start_walk_settle_us: median/p90/max 0.0/0.0/0, nonzero 0
    new field start_walk_us: median/p90/max 0.0/0.0/7321, nonzero 1
    new field state_wait_us: median/p90/max 6793.0/50547.0/101014, nonzero 466
    new field view_journal_reads: median/p90/max 4096.0/77824.0/147456, nonzero 234
    new field view_journal_searches: median/p90/max 8089.0/207912.0/384778, nonzero 234
    new field view_journal_skips: median/p90/max 0.0/0.0/0, nonzero 0
    new field whole_take_noted: {'true': 466}
    binding wait (tick / quorum / seal share, mean cycle): tick 100% (65); quorum 0%; seal 0%; feed-bound (blocks under 95% of the tier): 0 of 465
    slowest key vote delay median/p90 17.4/68.2 ms
    engine own-import total_ms per block median/p90/max 40/57/96 (n=465)
    layer RSS 26.0 -> 34.1 G (max 34.1), in-memory blocks max 10
    execution layer cores busy 35.6    validators cores busy 3.3
  window 3: canonical 459 blocks, 91.8M tx = 3,060,000/s (97.5% of window 1), full 459/459 (100%); cycle -
    leader builds 462: sealed_at median/p90/p99 54/78/100; phases median/p90 ms: gap_before_exec 8/47, state_wait 8/47, par 55/83, par_exec 22/28, roots 34/52, parent_fields 7/27, sealed 8/28
    state_wait_on {'grandparent': 105, 'output': 211, 'none': 145, 'open': 1}; builds with state_wait > 20 ms: 94 ([('grandparent', 92), ('output', 2)]); gp_layer {1.0: 462}, ggp_missing {1.0: 106, 0.0: 356}
    queue at the builds min/median 2,263,000/2,514,750
    new field batch_cpu_sum_us: median/p90/max 614833.5/737628.0/1400273, nonzero 462
    new field batch_dispatch_us: median/p90/max 213.5/303.0/3243, nonzero 462
    new field batch_first_start_us: median/p90/max 71.0/116.0/237, nonzero 462
    new field batch_ivcsw: median/p90/max 1.0/7.0/33, nonzero 269
    new field batch_last_end_us: median/p90/max 22490.0/28025.0/50478, nonzero 462
    new field batch_last_start_us: median/p90/max 17392.0/21019.0/40797, nonzero 462
    new field batch_live_deferred: median/p90/max 75.0/84.0/397, nonzero 462
    new field batch_live_lock_hold_us: median/p90/max 11056.5/13252.0/59547, nonzero 462
    new field batch_live_lock_wait_us: median/p90/max 0.0/0.0/0, nonzero 0
    new field batch_live_lock_waits: median/p90/max 0.0/0.0/0, nonzero 0
    new field batch_majflt: median/p90/max 0.0/0.0/4, nonzero 2
    new field batch_minflt: median/p90/max 928.5/9433.0/35911, nonzero 462
    new field batch_open_max_us: median/p90/max 411.5/502.0/2234, nonzero 462
    new field batch_open_sum_us: median/p90/max 10220.5/12778.0/14895, nonzero 462
    new field batch_threads: median/p90/max 32.0/32.0/32, nonzero 462
    new field batch_vcsw: median/p90/max 192.0/538.0/933, nonzero 462
    new field batch_view_index_wait_us: median/p90/max 0.0/25085.0/54328, nonzero 124
    new field batch_view_index_waits: median/p90/max 0.0/303.0/650, nonzero 124
    new field batch_view_slot_wait_us: median/p90/max 0.0/2175.0/7439, nonzero 135
    new field batch_view_slot_waits: median/p90/max 0.0/60.0/115, nonzero 135
    new field batch_wall_sum_us: median/p90/max 623000.5/754500.0/1402454, nonzero 462
    new field batches: median/p90/max 128.0/128.0/128, nonzero 462
    new field build_batches: median/p90/max 128.0/128.0/128, nonzero 462
    new field carried_depth: median/p90/max 1.0/1.0/1, nonzero 462
    new field exec_end_to_seal_us: median/p90/max 90.0/148.0/423, nonzero 462
    new field exec_partition_us: median/p90/max 6.0/9.0/1259, nonzero 462
    new field exec_prepared_groups: {'true': 461, 'false': 1}
    new field exec_prepared_slots: {'true': 461, 'false': 1}
    new field exec_slots_us: median/p90/max 0.0/0.0/1556, nonzero 3
    new field freeze_join_wait_us: median/p90/max 6347.0/15281.0/21586, nonzero 462
    new field freeze_late: {'true': 462}
    new field freeze_pool_own: {'true': 462}
    new field live_index_defer: {'true': 462}
    new field merge_accounts: median/p90/max 192320.0/195663.0/199153, nonzero 462
    new field merge_append_us: median/p90/max 3518.5/8618.0/19364, nonzero 462
    new field merge_early: {'false': 462}
    new field merge_join_wait_us: median/p90/max 0.0/0.0/0, nonzero 0
    new field merge_reverts: median/p90/max 192320.0/195663.0/199153, nonzero 462
    new field merge_reverts_us: median/p90/max 14491.5/20236.0/36384, nonzero 462
    new field merge_state_us: median/p90/max 39434.0/49239.0/72255, nonzero 462
    new field merge_tail_us: median/p90/max 0.0/0.0/1, nonzero 3
    new field merge_threads: median/p90/max 1.0/1.0/1, nonzero 462
    new field one_wave: {'false': 462}
    new field open_engine_us: median/p90/max 0.0/40258.0/63018, nonzero 106
    new field open_fallback: {'false': 356, 'true': 106}
    new field open_keep_us: median/p90/max 6.0/11.0/47, nonzero 462
    new field open_kept_accounts: median/p90/max 577209.5/584084.0/589653, nonzero 462
    new field open_layers: median/p90/max 3.0/3.0/3, nonzero 462
    new field open_provider_us: median/p90/max 96.0/178.0/938, nonzero 462
    new field plan_age_us: median/p90/max 52129.5/93054.0/132450, nonzero 462
    new field plan_ahead: median/p90/max 1.0/1.0/1, nonzero 462
    new field plan_body: median/p90/max 1.0/1.0/2, nonzero 462
    new field plan_body_us: median/p90/max 15194.5/19693.0/24861, nonzero 461
    new field plan_discard: {'': 462}
    new field plan_prep_us: median/p90/max 7176.0/13732.0/27746, nonzero 462
    new field plan_topup_txs: median/p90/max 0.0/0.0/0, nonzero 0
    new field prep_from_plan: {'true': 461, 'false': 1}
    new field prev_seal_to_answer_us: median/p90/max 1758.0/3385.0/5959, nonzero 462
    new field prev_seal_to_entry_us: median/p90/max 0.0/0.0/0, nonzero 0
    new field prev_seal_to_header_us: median/p90/max 176.0/290.0/641, nonzero 462
    new field prev_seal_to_import_us: median/p90/max 127825.0/161917.0/216953, nonzero 420
    new field prev_seal_to_request_us: median/p90/max 940.5/61536.0/88853, nonzero 462
    new field prev_seal_to_start_us: median/p90/max 1229.5/61852.0/89134, nonzero 462
    new field pull_bulk_txs: median/p90/max 200000.0/200000.0/200000, nonzero 462
    new field pull_bulk_us: median/p90/max 5.0/8.0/1145, nonzero 462
    new field receipts_late: {'false': 462}
    new field receipts_late_wait_us: median/p90/max 0.0/0.0/0, nonzero 0
    new field rename_fallbacks: median/p90/max 0.0/0.0/0, nonzero 0
    new field rename_record_waits: median/p90/max 0.0/0.0/0, nonzero 0
    new field root_apply_gap_us: median/p90/max 11.0/14.0/27, nonzero 462
    new field root_apply_total_us: median/p90/max 23367.5/33436.0/54346, nonzero 462
    new field root_compute_us: median/p90/max 25589.5/36617.0/55801, nonzero 462
    new field root_delta_us: median/p90/max 1192.0/2515.0/8729, nonzero 462
    new field root_index_us: median/p90/max 2925.5/6410.0/18432, nonzero 462
    new field root_leaves_us: median/p90/max 7062.0/11777.0/24764, nonzero 462
    new field root_note_us: median/p90/max 144.0/256.0/1860, nonzero 462
    new field root_ops_ahead: {'true': 462}
    new field root_ops_ahead_wait_us: median/p90/max 2908.0/9941.0/23240, nonzero 462
    new field root_ops_concat_us: median/p90/max 0.0/0.0/0, nonzero 0
    new field root_ops_encode_us: median/p90/max 6001.0/11326.0/21829, nonzero 462
    new field root_ops_finish_us: median/p90/max 2150.0/3265.0/10989, nonzero 462
    new field root_ops_sort_us: median/p90/max 3033.0/7169.0/13841, nonzero 462
    new field root_ops_us: median/p90/max 5498.5/13081.0/27101, nonzero 462
    new field root_rehash_us: median/p90/max 2654.5/5340.0/16207, nonzero 462
    new field root_retire_us: median/p90/max 1718.5/2821.0/9217, nonzero 462
    new field root_sort_us: median/p90/max 205.5/422.0/5954, nonzero 462
    new field root_undo_us: median/p90/max 354.5/630.0/3117, nonzero 462
    new field root_writes_us: median/p90/max 7100.5/10987.0/25844, nonzero 462
    new field seal_hashes_ahead: {'true': 462}
    new field seal_on_counters: {'true': 462}
    new field seal_to_complete_us: median/p90/max 112349.5/134839.0/175290, nonzero 462
    new field seal_to_frozen_us: median/p90/max 6401.0/15223.0/21550, nonzero 280
    new field seal_to_merge_end_us: median/p90/max 112272.0/134747.0/175125, nonzero 462
    new field seal_to_merge_start_us: median/p90/max 52482.0/71133.0/107311, nonzero 462
    new field seal_to_ops_ahead_us: median/p90/max 20818.0/29210.0/48335, nonzero 462
    new field seal_to_shards_ready_us: median/p90/max 13633.0/20037.0/27004, nonzero 462
    new field seal_to_state_ready_us: median/p90/max 112279.0/134755.0/175137, nonzero 462
    new field sealed_unix_us: median/p90/max 1791464278092345.5/1791464289910443.0/1791464293546850, nonzero 462
    new field start_walk_check_us: median/p90/max 0.0/0.0/0, nonzero 0
    new field start_walk_ids_us: median/p90/max 0.0/0.0/0, nonzero 0
    new field start_walk_settle_us: median/p90/max 0.0/0.0/0, nonzero 0
    new field start_walk_us: median/p90/max 0.0/0.0/0, nonzero 0
    new field state_wait_us: median/p90/max 8055.5/47026.0/78538, nonzero 462
    new field view_journal_reads: median/p90/max 6144.0/77824.0/131072, nonzero 239
    new field view_journal_searches: median/p90/max 16963.0/196188.0/422155, nonzero 239
    new field view_journal_skips: median/p90/max 0.0/0.0/0, nonzero 0
    new field whole_take_noted: {'true': 462}
    engine own-import total_ms per block median/p90/max 47/74/93 (n=459)
    layer RSS 33.5 -> 41.5 G (max 41.5), in-memory blocks max 10
    execution layer cores busy 36.7    validators cores busy 3.3
  round total (3 windows, canonical): 279.0M tx
  layer peak RSS 41.5 G; in-memory blocks max 10
  fields at seal: mode "early", verified 0, unchecked 0, mismatches 0 (last build line, cumulative)
  own_executed_again (built here and also directly imported): 0 of 1441 built blocks
== loop349K21DQ64
  layer-0 leader window-1 builds 471: txs mean 200000, share >= 95% of the tier 100% (max 200000); sealed_at_ms 52.0/71.0; par_ms 52.0/86.0; par_exec_ms 21.0/29.0; roots_ms 31.0/46.0; parent_fields_ms 6.0/22.0; sealed_ms 7.0/23.0
  proposal cycle window 1 (n=486): mean 63.7 median 61.4 p90 69.4 ms; blocks in the 30 s: 486
  binding wait (tick / quorum / seal, share and mean cycle): tick 97.7% (63.4); quorum 0.6% (110.1); seal 1.7% (71.5)
  vote delay after the proposal, slowest key per block: median 15.0 p90 55.8 ms (slowest minus the median key: median 0.2); last key: {1: 65, 2: 74, 3: 96, 4: 79, 5: 61, 6: 95} of 470 blocks
  CPU in window 1 (cores busy): execution layers 36.8 over 1 process(es); validators 3.3 over 21 process(es)
  execution layer peak RSS 41.5 G; in-memory blocks max 10 (node0 and others, all layers)
  blocks built here 1441; none also directly imported
  import-once counters at the last direct import: ; start-up lines with import_once=true: 1; queue-lock lines 0
  layer-0 queue (queued after canonical prune), median per 10 s: t+0:2461500 t+20:2474000 t+40:2431500 t+60:2469000 t+80:2495000
  flood: median per 5 s 3118968/s, final -
  timeout / given-up lines: 0; 
loop349K21DQ64 page_faults_per_s_median: node0=170416 
feedcheck loop349K21DQ64: ok (block 200,000 tx)
== loop349K21DQ64: feed check (acq_us / gate_us / reply_us are per frame of 500; rate per 5 s `ingest` line)
  window 1: ingest lines 6; acq_us 484 (max 2980); gate_us 6638; reply_us 7222; slots_busy 14%; delivered median 3,193,630/s max 3,256,777/s; queue at builds median 2,513,250 min 1,347,500; full 100% of 471 blocks
  window 2: ingest lines 6; acq_us 484 (max 489); gate_us 7215; reply_us 7803; slots_busy 13%; delivered median 3,069,180/s max 3,141,915/s; queue at builds median 2,513,500 min 2,271,000; full 100% of 465 blocks
  window 3: ingest lines 6; acq_us 468 (max 480); gate_us 7012; reply_us 7577; slots_busy 14%; delivered median 3,163,788/s max 3,191,700/s; queue at builds median 2,514,750 min 2,263,000; full 100% of 459 blocks
  flood.log (+15..+100 s): rate per 5 s median 3,117,219/s max 3,270,922/s; reply latency median 61.9 ms max 71.2 ms
== loop349K21DQ64: lanes lock, drain and pruner (new fields)
  window 1: lock duty 59.0% (max 61.0); holds/5s 2,197; longest hold 25.34 ms median, 35.11 ms max by crates/n42/tx-queue/src/lib.rs:2692 (most frequent holders [('crates/n42/tx-queue/src/lib.rs:2046', 4), ('crates/n42/tx-queue/src/lib.rs:2692', 2)]); lock wait 2786.7 ms/5s, longest 36.72 ms; drains/5s 968 of 16381 tx, mean 1352 us, max 21.54 ms
           prune (438 blocks): prune_ms 34/55; fold 0.6 ms, lock 0.0 ms, remove(hold) 9.4 ms, free 0.0 ms; frames_swept 400; coalesced on 438 of 438; prune_wait_ms 0/0; pruner busy 52% of a thread, lock held by it 1.8%
  window 2: lock duty 59.0% (max 60.0); holds/5s 2,078; longest hold 27.74 ms median, 45.38 ms max by crates/n42/tx-queue/src/lib.rs:2576 (most frequent holders [('crates/n42/tx-queue/src/lib.rs:2576', 2), ('crates/n42/tx-queue/src/lib.rs:2046', 2)]); lock wait 2888.8 ms/5s, longest 37.91 ms; drains/5s 892 of 17227 tx, mean 1606 us, max 22.78 ms
           prune (421 blocks): prune_ms 37/58; fold 0.6 ms, lock 0.0 ms, remove(hold) 10.9 ms, free 0.0 ms; frames_swept 400; coalesced on 421 of 421; prune_wait_ms 0/0; pruner busy 53% of a thread, lock held by it 1.8%
  window 3: lock duty 60.0% (max 62.0); holds/5s 2,107; longest hold 27.39 ms median, 36.58 ms max by crates/n42/tx-queue/src/lib.rs:2046 (most frequent holders [('crates/n42/tx-queue/src/lib.rs:2046', 5), ('crates/n42/tx-queue/src/lib.rs:2692', 1)]); lock wait 3120.7 ms/5s, longest 37.37 ms; drains/5s 866 of 18355 tx, mean 1694 us, max 22.48 ms
           prune (435 blocks): prune_ms 37/57; fold 0.6 ms, lock 0.0 ms, remove(hold) 11.4 ms, free 0.0 ms; frames_swept 400; coalesced on 435 of 435; prune_wait_ms 0/0; pruner busy 54% of a thread, lock held by it 1.9%
== loop349K21DQ64: pruner (per block; busy = sum prune_ms / 30 s, lock = sum (remove_us + settle_us) / 30 s)
  window 1: 438 prunes; prune_ms 34/55; remove_us 9.4/19.7 ms; forget_us 2.8/5.4 ms; settle_us 3.1 ms; pruner busy 52% of a worker; lanes lock held for removal 22%
  window 2: 421 prunes; prune_ms 37/58; remove_us 10.9/21.4 ms; forget_us 2.9/5.7 ms; settle_us 3.6 ms; pruner busy 53% of a worker; lanes lock held for removal 24%
  window 3: 435 prunes; prune_ms 37/57; remove_us 11.4/20.9 ms; forget_us 3.0/5.3 ms; settle_us 3.4 ms; pruner busy 54% of a worker; lanes lock held for removal 25%
== loop349K21DQ64: seal start / pull, prepared plan, answer, chunked drain
  window 1: 470 builds; start_best_ms 4/15; start_walk_us 0/0; start_pull_ms 0/0; par_pull_ms 0/0; par_start_ms 4/16; par_ms 52/86; sealed_at_ms 52/71; pull_bulk_us 5/9; pull_bulk_txs 200000/200000; plan_age_us 49144/97357; plan_prep_us 7349/14671; plan_topup_txs 0/0
           plan_ahead {'1': 470}; plan_discard {'': 470}
           answer: built-ahead bytes median/max 15,243/15,245, layout_only {'true': 471}; proposal sent bytes median/max 15,243/15,245, layout_only {'true': 470}
           drain: chunks/5s 792, chunk max 8,192 tx, finished by others/5s 61; plan_discards (last ingest line) -
  window 2: 466 builds; start_best_ms 4/17; start_walk_us 0/0; start_pull_ms 0/0; par_pull_ms 0/0; par_start_ms 4/17; par_ms 53/86; sealed_at_ms 54/77; pull_bulk_us 5/9; pull_bulk_txs 200000/200000; plan_age_us 51316/92605; plan_prep_us 6870/14907; plan_topup_txs 0/0
           plan_ahead {'1': 465, '0': 1}; plan_discard {'': 465, 'not_on_its_parent': 1}
           answer: built-ahead bytes median/max 15,245/15,245, layout_only {'true': 465}; proposal sent bytes median/max 15,245/15,245, layout_only {'true': 464}
           drain: chunks/5s 741, chunk max 8,192 tx, finished by others/5s 58; plan_discards (last ingest line) -
  window 3: 462 builds; start_best_ms 5/16; start_walk_us 0/0; start_pull_ms 0/0; par_pull_ms 0/0; par_start_ms 5/16; par_ms 55/83; sealed_at_ms 54/78; pull_bulk_us 5/8; pull_bulk_txs 200000/200000; plan_age_us 52130/93054; plan_prep_us 7176/13732; plan_topup_txs 0/0
           plan_ahead {'1': 462}; plan_discard {'': 462}
           answer: built-ahead bytes median/max 15,245/15,245, layout_only {'true': 461}; proposal sent bytes median/max 15,245/15,245, layout_only {'true': 461}
           drain: chunks/5s 706, chunk max 8,192 tx, finished by others/5s 68; plan_discards (last ingest line) -
== loop349K21DQ64: persistence per window (ms per block = part sum / blocks persisted)
  window 1: persisted 469 of 471 produced (100%); total 31.7, sf_tx 28.4, sf_rcpt 6.7, sf_acct 13.3, sf_send 11.2, scope 28.6, qmdb 14.9, post 0.0, pre 3.2, plain_rev 3.2, commit_sf 0.7, commit_mdbx 0.1, commit_rocks 0.1; longest task sf_tx 28.4; in-memory 8 -> 10 (max 10); RSS 4.7 -> 26.0 G; lag 8 -> 10 = +4.0 blocks/min; bp max 0
  window 2: persisted 464 of 465 produced (100%); total 33.6, sf_tx 30.3, sf_rcpt 6.8, sf_acct 14.2, sf_send 11.7, scope 30.4, qmdb 15.9, post 0.0, pre 3.2, plain_rev 3.2, commit_sf 0.8, commit_mdbx 0.1, commit_rocks 0.1; longest task sf_tx 30.3; in-memory 10 -> 8 (max 10); RSS 26.0 -> 33.5 G; lag 10 -> 9 = -2.0 blocks/min; bp max 0
  window 3: persisted 465 of 459 produced (101%); total 36.5, sf_tx 33.0, sf_rcpt 7.2, sf_acct 14.9, sf_send 11.8, scope 33.1, qmdb 17.8, post 0.0, pre 3.4, plain_rev 3.4, commit_sf 0.9, commit_mdbx 0.1, commit_rocks 0.1; longest task sf_tx 33.0; in-memory 8 -> 10 (max 10); RSS 33.5 -> 40.6 G; lag 9 -> 9 = +0.0 blocks/min; bp max 0
  leg end: in-memory 7, max over the sampler 10, backpressure stalls 0
== loop349K21DQ64: execution and root fields (median / p90 per block); over 1442 full builds: rename_fallbacks total 0, rename_record_waits total 0, carried_depth values ['1']
    folded lines 472: pending_max max 87 (median 72); pending_us_max max 31,053; drops_max max 75105
    flags: seal_on_counters true:470; freeze_pool_own true:470; plan_body 1:459/2:11; prep_from_plan false:11/true:459; plan_ahead 1:470; seal per 1,000 transfers 0.260 ms
  window 1 (470 builds): on-CPU share 1.00/1.00; CPU per transfer 2.90/3.82 us; sealed_at_ms 52/71; par_exec_ms 21/29; par_fold_ms 8/20; index_ms 14/23; par_start_ms 4/16; gap_before_exec_ms 7/38; state_wait_us 7,070/38,309; parent_fields_ms 6/23; roots_ms 31/46; seal_to_fields_us 51,952/66,826; seal_to_complete_us 110,237/128,926; rename_fallbacks 0/0; rename_record_waits 0/0; carried_depth 1/1; plan_body_us 18,084/21,016; batch_max_ms 9/14; tx_root_ms 1/1; sealed_ms 7/24
    folded lines 465: pending_max max 84 (median 72); pending_us_max max 20,394; drops_max max 36366
    flags: seal_on_counters true:466; freeze_pool_own true:466; plan_body 0:1/1:458/2:7; prep_from_plan false:8/true:458; plan_ahead 0:1/1:465; seal per 1,000 transfers 0.270 ms
  window 2 (466 builds): on-CPU share 1.00/1.00; CPU per transfer 2.94/3.57 us; sealed_at_ms 54/77; par_exec_ms 22/27; par_fold_ms 8/15; index_ms 13/17; par_start_ms 4/17; gap_before_exec_ms 6/50; state_wait_us 6,793/50,547; parent_fields_ms 7/25; roots_ms 34/48; seal_to_fields_us 52,096/66,716; seal_to_complete_us 111,752/130,968; rename_fallbacks 0/0; rename_record_waits 0/0; carried_depth 1/1; plan_body_us 17,926/21,234; batch_max_ms 8/12; tx_root_ms 1/1; sealed_ms 8/26
    folded lines 461: pending_max max 89 (median 74); pending_us_max max 16,071; drops_max max 36100
    flags: seal_on_counters true:462; freeze_pool_own true:462; plan_body 1:461/2:1; prep_from_plan false:1/true:461; plan_ahead 1:462; seal per 1,000 transfers 0.270 ms
  window 3 (462 builds): on-CPU share 1.00/1.00; CPU per transfer 3.07/3.69 us; sealed_at_ms 54/78; par_exec_ms 22/28; par_fold_ms 7/15; index_ms 13/17; par_start_ms 5/16; gap_before_exec_ms 8/47; state_wait_us 8,056/47,026; parent_fields_ms 7/27; roots_ms 34/52; seal_to_fields_us 52,364/71,018; seal_to_complete_us 112,350/134,839; rename_fallbacks 0/0; rename_record_waits 0/0; carried_depth 1/1; plan_body_us 15,194/19,693; batch_max_ms 9/13; tx_root_ms 1/1; sealed_ms 8/28
== loop349K21DQ64: 4345 proposals; proposal -> quorum (leader's commit) median 11.3 / p90 42.4 / max 171.3 ms; proposal interval median 61.1 / p90 62.8 ms; TC formed lines 0; leader views timed out 0; ParentUnknown lines 0
   handover at view 1024: proposal intervals (view, ms) [(1023, 62), (1024, 142), (1025, 103), (1026, 61), (1027, 61)] against the median 61 ms
   handover at view 2048: proposal intervals (view, ms) [(2047, 61), (2048, 62), (2049, 61), (2050, 62), (2051, 61)] against the median 61 ms
   handover at view 3072: proposal intervals (view, ms) [(3071, 62), (3072, 61), (3073, 61), (3074, 61), (3075, 61)] against the median 61 ms
   handover at view 4096: proposal intervals (view, ms) [(4095, 61), (4096, 62), (4097, 61), (4098, 61), (4099, 61)] against the median 61 ms
     block 1025 (view 1024): sealed_at_ms 101, gap_before_exec_ms 19, parent_fields_ms 61, rename_fallbacks 0, rename_record_waits 0, carried_depth 1
     block 1026 (view 1025): sealed_at_ms 35, gap_before_exec_ms 9, parent_fields_ms 8, rename_fallbacks 0, rename_record_waits 0, carried_depth 1
     block 1027 (view 1026): sealed_at_ms 42, gap_before_exec_ms 0, parent_fields_ms 6, rename_fallbacks 0, rename_record_waits 0, carried_depth 1
     block 1028 (view 1027): sealed_at_ms 62, gap_before_exec_ms 20, parent_fields_ms 10, rename_fallbacks 0, rename_record_waits 0, carried_depth 1
flood span 95 s; tokio-rt threads alive throughout 34 of 68; group 9.9 cores busy over them (all threads incl. short-lived 13.0)
  per-thread cores busy, top 12: 0.66 0.65 0.60 0.59 0.58 0.58 0.58 0.57 0.57 0.57 0.57 0.57; threads over 0.9 core: 0, over 0.7: 0
== loop349K21DQ64: 1398 full builds in the 3 windows
  par_exec_ms 22/28; par_run_ms 31/66; batch_start_skew_ms 16/20; batch_median_ms 4/5; batch_max_ms 9/13; batch_first_start_us 74/115; batch_last_start_us 16908/20712; batch_dispatch_us 214/305; batch_last_end_us 22014/28025; batches 128/128; batch_threads 32/32; batch_txs_max 2000/2000; batch_txs_min 1500/1500; start_walk_ms 0/0; start_walk_check_ms 0/0; par_start_ms 4/16; sealed_at_ms 54/76; prev_seal_to_answer_us 1694/2962; prev_seal_to_entry_us 0/0; prev_seal_to_header_us 196/313; prev_seal_to_import_us 122858/155427; prev_seal_to_request_us 977/63046; prev_seal_to_start_us 1268/63358; start_walk_check_us 0/0; start_walk_ids_us 0/0; start_walk_settle_us 0/0; start_walk_us 0/0
  one_wave {'false': 1398}
  batches == batch_threads on 0 of 1398 builds
  last - first batch start (ms) median/p90 16.85/20.66; under 2 ms on 0 of 1398 builds
bodygate loop349K21DQ64: invalid_blocks=0 gas_mismatch=0 fields_mismatches=0 own_not_committed=0 proposals_given_up=0
leg loop349K99DQ64: /data free 494G (needs 120 G)
plan loop349K99DQ64: exit 0 (99 validators, 1 layer(s)): # validators 99, execution layers 1, 128 CPUs a layer, import-once 1, shared 1; # validators : 96 CPUs set aside, taskset -c 64-111,192-239; # fleet    : 99 nodes, quorum 67 of 99 (f = 32); 0 refusals
leg loop349K99DQ64 start 09:01:06 load 3.26
round loop349K99DQ64 exit 0 at 09:04:12
loop349K99DQ64 save stages (node0, seconds summed over the leg / count): batch_size=1757.0/563  batch_size=1757.0/563  reth_consensus_engine_beacon_persistence_duration=56.3/563  duration_seconds=51.2/563  total=47.0/563  scope=42.5/563  sf=41.2/563  sf_transactions=40.8/563  qmdb_persisted=23.2/563  sf_account_changesets=19.4/563
el binary: /data/n42-build/target-n42-rs/native/release/n42 env: N42_IMPORT_ONCE=1 N42_SETTLEMENT_TAGS=legacy N42_BUILD_THROTTLE_SOFT=48 F7_EL_MAP=0,0,0,0,0,0,0,0,0,0,0,0,0,0,0,0,0,0,0,0,0,0,0,0,0,0,0,0,0,0,0,0,0,0,0,0,0,0,0,0,0,0,0,0,0,0,0,0,0,0,0,0,0,0,0,0,0,0,0,0,0,0,0,0,0,0,0,0,0,0,0,0,0,0,0,0,0,0,0,0,0,0,0,0,0,0,0,0,0,0,0,0,0,0,0,0,0,0,0 N42_FIELDS_AT_SEAL=1 N42_FREEZE_AFTER_SEAL=1 N42_FRAME_BLOCKS=1 N42_TX_INGEST_RECOVER_PARALLEL=24 N42_FREEZE_POOL=own N42_PARALLEL_BUILD_THREADS=32 N42_PLAN_AHEAD=1 N42_HASHED_TABLES=off F7_FLOOD_RATE=6000000 N42_COMPACT_BODY=1 N42_BUILD_BATCHES=128 MALLOC_CONF=thp:always,oversize_threshold:0,dirty_decay_ms:2000,background_thread:true N42_SEAL_ON_COUNTERS=1 N42_ACCOUNT_HISTORY=off N42_TAKE_COMPACT=1 N42_SF_EARLY_WRITEBACK=1 F7_VAL_NO_MALLOC_CONF=1 N42_ROAD_RUNTIME=1 N42_TX_INGEST_HIGH_WATER=2500000 F7_BENCH_POOL_SLOTS=3000000 N42_PLAN_AHEAD_BODY=1 N42_SEAL_AT_EXEC=1 N42_TX_QUEUE_DRAIN_CHUNK=8192 N42_ANSWER_LAYOUT_ONLY=1 N42_PULL_BY_FRAMES=1 N42_SF_PARALLEL_ENCODE=1 N42_BUILD_THROTTLE_HARD=80 N42_LIVE_INDEX_DEFER=1 RAYON_NUM_THREADS=16 F7_VAL_CPUS=96 N42_ROOT_OPS_AHEAD=1 TOKIO_WORKER_THREADS=16 N42_QMDB_READS=on N42_LEADER_LAYERS=3 N42_PERSIST_QMDB_IN_SCOPE=1 F7_BLOCK_INTERVAL_MS=60 F7_MEASURE_FROM_LOG=1
validator env: N42_IMPORT_ONCE=1 N42_SETTLEMENT_TAGS=legacy N42_BUILD_THROTTLE_SOFT=48 F7_EL_MAP=0,0,0,0,0,0,0,0,0,0,0,0,0,0,0,0,0,0,0,0,0,0,0,0,0,0,0,0,0,0,0,0,0,0,0,0,0,0,0,0,0,0,0,0,0,0,0,0,0,0,0,0,0,0,0,0,0,0,0,0,0,0,0,0,0,0,0,0,0,0,0,0,0,0,0,0,0,0,0,0,0,0,0,0,0,0,0,0,0,0,0,0,0,0,0,0,0,0,0 N42_FIELDS_AT_SEAL=1 N42_FREEZE_AFTER_SEAL=1 N42_FRAME_BLOCKS=1 N42_TX_INGEST_RECOVER_PARALLEL=24 N42_FREEZE_POOL=own N42_PARALLEL_BUILD_THREADS=32 N42_PLAN_AHEAD=1 N42_HASHED_TABLES=off F7_FLOOD_RATE=6000000 N42_COMPACT_BODY=1 N42_BUILD_BATCHES=128 N42_SEAL_ON_COUNTERS=1 N42_ACCOUNT_HISTORY=off N42_TAKE_COMPACT=1 N42_SF_EARLY_WRITEBACK=1 N42_ROAD_RUNTIME=1 N42_TX_INGEST_HIGH_WATER=2500000 F7_BENCH_POOL_SLOTS=3000000 N42_PLAN_AHEAD_BODY=1 N42_SEAL_AT_EXEC=1 N42_TX_QUEUE_DRAIN_CHUNK=8192 N42_ANSWER_LAYOUT_ONLY=1 N42_PULL_BY_FRAMES=1 N42_SF_PARALLEL_ENCODE=1 N42_BUILD_THROTTLE_HARD=80 N42_LIVE_INDEX_DEFER=1 RAYON_NUM_THREADS=16 F7_VAL_CPUS=96 N42_ROOT_OPS_AHEAD=1 TOKIO_WORKER_THREADS=16 N42_QMDB_READS=on N42_LEADER_LAYERS=3 N42_PERSIST_QMDB_IN_SCOPE=1 F7_MEASURE_FROM_LOG=1
loop349K99DQ64 once: start-up lines import_once=true 1; last direct-import counters 
loop349K99DQ64 imports: layers=1 direct_imports=0 canonical_blocks=3814 import_once_lines=1 (per layer: direct imports should equal canonical blocks for one execution per block)
grep: /data/blockchain/rust-fleet7-bench/node1/el.log: No such file or directory
grep: /data/blockchain/rust-fleet7-bench/node2/el.log: No such file or directory
grep: /data/blockchain/rust-fleet7-bench/node3/el.log: No such file or directory
grep: /data/blockchain/rust-fleet7-bench/node1/el.log: No such file or directory
grep: /data/blockchain/rust-fleet7-bench/node2/el.log: No such file or directory
grep: /data/blockchain/rust-fleet7-bench/node3/el.log: No such file or directory
cat: /data/blockchain/rust-fleet7-bench/node2/el.log: No such file or directory
cat: /data/blockchain/rust-fleet7-bench/node2/el.log: No such file or directory
cat: /data/blockchain/rust-fleet7-bench/node2/el.log: No such file or directory
cat: /data/blockchain/rust-fleet7-bench/node1/el.log: No such file or directory
cat: /data/blockchain/rust-fleet7-bench/node2/el.log: No such file or directory
cat: /data/blockchain/rust-fleet7-bench/node3/el.log: No such file or directory
Traceback (most recent call last):
  File [35m"<stdin>"[0m, line [35m4[0m, in [35m<module>[0m
[1;35mIndexError[0m: [35mlist index out of range[0m
loop349K99DQ64 no_variant=0 own_not_committed=0 tc=0 invalid_blocks=0 incomplete=0 gas_mismatch=0 direct_imports_failed=0 stuck_at_hashed_state=0 engine_idles_over_5s=1 proposals_given_up=0 tables_off_nodes=1 unanswered_reads=0 seal_first_total=1222 seal_first_direct=1222 direct_guard_errors=0 commit_ms_median=0 fold_ms_median=9 sealed_at_ms_median=57 state_ready_ms_median=106 build_total_ms_median=186 recover_us_median=0 par_exec_ms_median=21 par_exec_ms_median=21 giveback_filtered=0 giveback_offered_max=200000 seal_first=1222 reader_lag_max=10 reader_lag_warns=0 view_invalidated=0 el_sum_peak_g=36.9 el_max_peak_g=36.9 val_sum_peak_g=14.9 flood_peak_g=0.6 two_roads_blocks=0 two_roads_overlap_ms_median=- exec_on_output_declined=0 r1_collect_ms_median=16 proposal_at_ms_median=30 view_total_ms_median=61 import_exec_ms_median=- import_total_ms_median=- import_senders_ms_median=- import_convert_ms_median=- import_groups_median=- imports_over_600ms=0 min_avail_g=60.8 road_foreign_body_recv_ms=- road_foreign_body_decode_ms=- road_foreign_body_senders_ms=- road_foreign_body_parent_wait_ms=- road_foreign_body_check_ms=- road_foreign_body_total_ms=- road_new_payload_recv_ms=- road_new_payload_decode_ms=- road_new_payload_senders_ms=- road_new_payload_parent_wait_ms=- road_new_payload_check_ms=- road_new_payload_total_ms=- road_foreign_body_blocks=0 road_new_payload_blocks=0 fcu_answered=1752 fcu_in_flight_ms_median=0 fcu_queued_ms_median=0 fcu_queued_ms_max=115 fcu_refused=0 fcu_slow=2616 bodies_held=0 road_reuse_ms=- road_prepare_ms=- road_dispatch_ms=- road_convert_ms=- road_remember_ms=- road_header_ms=- road_fields_ms=- road_other_ms=- import_engine_ms_median=- gate_forced=0 gate_warns=0 flood_timeouts=0 canonical_min=3891 canonical_max=3891 chained_builds=2271 chain_lead_ms_median=58 chain_wait_ms_median=0 chain_started=2274 chain_discarded=2 chain_discard_reasons=_1_reason="no_,_1_reason="the_chained_build_produced_nothing,_1_reason="the_execution_layer_produced_nothing chain_alias_warns=0 el_chained=2296 bodies_held_warns=0 el_build_refused=2 el_build_refused_reasons=_2_no_QMDB_tree_for_parent_block_0x queued_p5=2316500 queued_p50=2513000 road_compact_blocks=0 road_compact_recv_ms=- road_compact_assemble_ms=- road_compact_root_ms=- road_compact_miss_wait_ms=- road_compact_senders_ms=- road_compact_check_ms=- road_compact_other_ms=- road_compact_total_ms=- road_compact_misses_total= compact_refused_el=0 compact_fallbacks=0 compact_bytes_median=- pool_order9=13671 par_pull_ms_median=0 build_total_ms_median2=60 road_compact_filled_blocks=0 road_compact_filled_median=- road_compact_fill_ms_median=- need_txns=0 fill_failed=0 ingest_rate_gate_open_median=- ingest_gate_open_intervals=0 ingest_slots_busy_median=- flood_rate= fill_asked_proposer=0 fill_asked_other=0 loop_lines=0 loop_unnamed_ms_median=- loop_body_served_ms_median=- loop_txns_served_ms_median=- import_exec_ms_median2=- pip_partition_ms=- pip_env_ms=- pip_batch_ms=- pip_groups_ms=- pip_gas_ms=- pip_merge_ms=- pip_receipts_ms=- pip_drop_ms=- pip_other_ms=- pip_total_ms=- senders_indexed_median=- road_senders_ms_median=- road_total_ms_median=- pew_ms_median=- pew_ms_p90= gate_ms_median=- gate_ms_p90= root_ms_p50=- root_ms_p90= two_roads=0 not_on_output=0 not_on_output_why= ckpt_ms_first_q=3 ckpt_ms_last_q=54 ckpt_bytes_last=29082684 parent_still_importing=7 root_wait_ms_p50=- root_wait_ms_p90= tenures_low_seal=20 seal_first_share=0.99 empty_over_deep=0 near_empty_warns=0 no_seal_why= par_skipped_median=- usable_p5=2314500 ckpt_replay_ms_last_q=15 candidates_zero=0 dropped_ingest=0 let_go_warns=0 let_go_reasons= parked_p50=0 parked_max=0 held_warns=0 park_capped_total=0 superseded_builds=0 empty_not_superseded=0 mass_park_warns=0 heads_lines=0 holes_lines=0 stale_parent_refusals=0 par_groups_p5=0 cancelled_decided=1 heads_nonce0=0 stale_unconfirmed= handovers=7 el_panics=0 decided_cancelled=1 min_window_blocks=385 road_desc_blocks=0 road_desc_total_ms=- road_desc_copy_ms=- desc_misses=0 fill_failed2=0 sf_par_collect_ms=0 sf_par_commit_ms=0 sf_par_fold_ms=9 sf_par_graft_ms=0 sf_par_prefault_ms=0 sf_par_exec_ms=21 sf_sealed_at_ms=57 sf_roots_ms=36 sf_state_ready_ms=106 sf_total_ms=186 ba_find_ms=0 ba_queue_ms=0 ba_total_ms=60 ba_on_output=1222 queue_fold_us=0 queue_lock_us=2 sf_par_exec_ms=21 sf_par_fold_ms=9 pip_groups_ms=- import_exec_ms_median2=- reads_d0=0 reads_hist=0 f_reads_d0=- f_reads_hist=- f_overlay_depth=- L_read_set_ms=0 read_set_accounts=0 read_set_unresolved=0 read_set_hits=0 read_set_misses=0 start_best_ms=- par_prep_ms=- gap_before_exec_ms=- gap_after_exec_ms=- gap_before_seal_ms=- index_ms=- road_copy_aside_ms=- road_copy_wait_ms=- road_total_ms=- queue_first_miss=queue_first_miss=0:2580,queue_first_miss=18446744073709551615:1233 root_append_behind=0 populate_lag_mb=12 swap_used_g=0 root_faults=- root_faults_p90= root_faults_entries=0 root_faults_offsets=0 root_faults_index=0 root_faults_bits=0 root_faults_twigs=0 root_faults_undo=0 root_faults_tmp=0 root_append_faults=5 root_twig_pool_misses=0 batch_max_ms=8 batch_min_ms=2 batch_median_ms=4 batch_cpu_max_ms=8 batch_txs_max=2000 batch_txs_min=1500 batch_start_skew_ms=16 batch_wait_ms=0 loop_fetch_ns=0 loop_check_ns=0 loop_transfer_ns=0 loop_receipt_ns=0 loop_gas_ns=0 loop_sink_ns=0 loop_other_ns=0 batch_setup_ns=0 batch_close_ns=0 imp_exec_part_ms=- imp_exec_batches_ms=- imp_exec_graft_ms=- imp_exec_batches=- imp_exec_threads=- imp_exec_batch_max_ms=- imp_exec_batch_median_ms=- imp_parent_output_wait_ms=- road_parent_output_wait_ms=- next_start_gap_ms=1 next_entry_gap_ms=0 commit_body_ahead_used=- imp_exec_keys_ms=- imp_keys_ahead=- imp_exec_sink_ms=- imp_exec_pre_ms=- imp_exec_post_ms=- imp_exec_receipts_ms=- imp_exec_drop_ms=- root_gap_ms=- queue_whole=queue_whole=false:2580,queue_whole=true:1233 tick_tick_late_us=891 tick_preamble_us=346 tick_take_sealed_us=4 tick_sign_us=2 tick_cache_us=0 tick_presealed=- tick_describe_us=41 tick_publish_us=861 tick_tick_to_send_us=2218 road_check_ms=- road_check_include_us=- road_check_scan_us=- road_check_fold_us=- road_check_senders_us=- road_check_frames_summarized=- road_check_frames_scanned=- imp_exec_start_gap_us=- imp_gap_road_us=- imp_gap_header_us=- imp_gap_senders_us=- imp_gap_parent_us=- imp_gap_setup_us=- imp_gap_keys_wait_us=- sealed_at_p90= sealed_over_130=0 roots_ms=- cycle_p90= batch_max_ms=- batch_median_ms=- imp_batch_max=- forest_lock_warns=1455 root_seal_ms=1 root_seals=34 root_majflt=12462 roots_p90= gp_layer=1231 ggp_missing=328 state_wait_split=0/0/0/0:439,7/0/0/0:56,0/20/0/0:49 qmdb_releases=0 state_wait_on= imp_road_end_ms=- imp_exec_start_ms=- imp_exec_end_ms=- imp_root_end_ms=- imp_fields_ready_ms=- imp_parent_fields_wait_ms=- imp_exec_ms=- imp_root_ms=- imp_checks_ms=- imp_engine_ms=- imp_total_ms=- road_parent_fields_wait_ms=- exec_read_ms=0 L_exec_evm_ms=0 L_exec_write_ms=0 L_exec_other_ms=0 L_reads_cache=0 L_reads_provider=0 L_reads_view=0 L_graft_base_ms=0 L_graft_reserve_ms=0 L_graft_insert_ms=0 L_graft_reverts_ms=0 L_graft_other_ms=0 L_par_exec_ms=21 L_par_graft_ms=0 F_exec_read_ms=- F_exec_evm_ms=- F_exec_write_ms=- F_exec_other_ms=- F_reads_cache=- F_reads_provider=- F_reads_view=- F_groups_ms=- L_tx_root_wait_ms=0 L_par_exec_ms=21 L_par_graft_ms=0 L_par_fold_ms=9 L_sealed_ms=6 L_state_ready_ms=106 L_roots_ms=36 L_finish_ms=114 L_total_ms=186 L_setup_ms=0 L_par_pull_ms=0 L_give_back_ms=0 L_state_wait_ms=6 L_state_after_pull=1222 L_seal_at_exec=1222 L_tx_root_ahead=0 flood_w1=2657735 txs_p10=200000 acq_us=524 slots_busy=12 ingest_rate=2610680 L_scope_join_ms=0 L_par_release_ms=0 L_commit_body_ms=0 L_par_commit_ms=0 L_give_back_ms=0 L_sealed_ms=6 L_par_exec_ms=21 L_state_wait_ms=6 L_par_pull_ms=0 L_par_prep_ms=0 L_par_start_ms=4 L_pre_exec_ms=0 L_par_run_ms=30 L_sealed_at_ms=57 F_partition_ms=- F_env_ms=- F_groups_ms=- F_merge_ms=- F_reverts_wait_ms=- F_ahead_wait_ms=- F_total_ms=- I_engine_ms=- I_root_ms=- I_total_ms=- H_engine_remember_ms=- H_engine_listing_ms=- H_engine_new_payload_ms=- busy_us=1 L_par_start_ms=4 L_start_handoff_ms=0 L_start_best_ms=4 L_start_puller_ms=0 L_par_pull_ms=0 L_par_prep_ms=0 L_state_wait_ms=6 L_par_exec_ms=21 L_par_commit_ms=0 L_sealed_ms=6 L_sealed_at_ms=57 L_par_graft_ms=0 L_graft_insert_ms=0 L_graft_reverts_ms=0 L_graft_split_us=0 L_graft_build_us=0 L_graft_merge_us=0 L_state_ready_ms=106 Q_queue_ms=0 R_dispatch_wait_ms=- R_total_ms=- R_road_runtime=1 gate_holds=0 peer_fetch=0 pool_limit=limit=4 gate_opened=gate_opened_for_block=0 I_root_ms=- flood_rate_hdr=rate=6000000/s fills=0 fill_waited=- slots_busy=12 acq_us=524 busy_us=1 converged=0 fallbacks=0 busy_us=1 recover_us=0 tf_on_output=3 tf_fallback=0 still_importing=7 busy_us=1 slots_busy=12 batches=altsig_txs=0 altsig_batches=0 tf_on_output=3 tf_fallback=0 gate_holds=0 sign_s=sign 0s replay_note=replay       : 64 files from /data/n42-pregen/g900000-400m, 400000000 transactio sign_s=sign 0s shard=shard_verified=0 shard_claimed=0 road_verified=- slots_busy=12 gate_us=8559 reply_us=9212 queued=2513000 assemble_ms=- road_take_ms=- road_body_ms=- road_encode_ms=- shards=16 shard_insert_ms=0 shard_wait_ms=0 shard_fold_ms=14 shard_append_ms=17 shard_merge_ms=63 state_ready_ms=106 roots_ms=36 exec_read_ms=0 exec_evm_ms=0 exec_write_ms=0 exec_other_ms=0 reads_cache=0 reads_provider=0 reads_view=0 par_run_ms=30 fold_task_cpu_max_us=13711 fold_task_minflt_max=1 fold_task_minflt_sum=1 fold_task_migrated=0 fold_task_nivcsw_max=0 fold_index=1 fold_index_build_ms=13 fold_index_conflicts=8108 fold_queue_us=59 fold_skew_us=36 fold_task_max_us=13713 fold_tail_us=18 start_best_ms=4 start_select_ms=0 start_walk_ms=0 start_walk_check_ms=0 start_best_other_ms=0 start_frames_by_ref=0 start_frames_slow=0 start_pull_ms=0 start_other_ms=0 start_handoff_ms=0 par_start_ms=4 par_prep_ms=0 par_commit_ms=0 commit_body_ms=0 par_fold_ms=9 sealed_ms=6 copy_ms=- prune_ms=0 frames=- frames_missing=- frame_root_ms=- root_ms=- frames_admitted=frames_admitted=488336 frames_unaligned=0 frame_root_indexed=- seal_layout_ms=0 seal_root_ms=0 attested= busy_us=1 slots_busy=12 reply_us=9212 prune_ms=0 body_refused=0 body_failed_late=0
loop349K99DQ64 win1 tps=2,566,667 txs=77,000,000 blocks= 385 cycle=0.078s occupancy= 99.7% full(>=95%)=384/385 basefee=n/a (from the layer's log)
loop349K99DQ64 win2 tps=2,640,000 txs=79,200,000 blocks= 396 cycle=0.076s occupancy=100.0% full(>=95%)=396/396 basefee=n/a (from the layer's log)
loop349K99DQ64 win3 tps=2,666,667 txs=80,000,000 blocks= 400 cycle=0.075s occupancy=100.0% full(>=95%)=400/400 basefee=n/a (from the layer's log)
loop349K99DQ64 tps=2,566,667 round_txs=236200000 cycles_w1=
loop349K99DQ64 imp_fields_p90= b_p75=17
loop349K99DQ64 overlay: filter_skips=0 probes=0 ratio=- (ratio = skips/(skips+probes))
loop349K99DQ64 overlay_manager:       1 state_trie_overlay=false  state-ovly_cpu=0
loop349K99DQ64 verify: written to /data/blockchain/rust-fleet7-bench/bench-loop349K99DQ64/verify.json
== validator memory at flood +70 s (loop349K99DQ64)
validators 99: RSS sum 14.7 G, max 0.15 G, mean 0.15 G; threads 11781 (mean 119)
one validator (pid 1836259):
VmHWM:	  147984 kB
VmRSS:	  147984 kB
RssAnon:	  132088 kB
RssFile:	   15896 kB
RssShmem:	       0 kB
Threads:	119
Rss:              147984 kB
Private_Dirty:    132088 kB
Anonymous:        132088 kB
AnonHugePages:         0 kB
threads by name:
    113 h2_validator
      4 tokio-rt-worker
      1 n42-qmdb-prefau
      1 futures-timer
largest mappings by Rss:
37752  7f361ae00000-7f361d400000
11616  7f3621500000-7f3623000000
10984 /data/n42-build/target-n42-rs/native/release/examples/h2_validator 63bcf17c1000-63bcf265b000
9256  7f35f8400000-7f35fac00000
9108  7f3620b00000-7f3621400000
8888  7f35fc600000-7f35fe200000
7300  7f361d500000-7f361e000000
6948  7f35f3000000-7f35f3e00000
RssAnon of all validators (MB):
anon n=99 min 132 median 132 max 137 MB, sum 13.1 G
RSS of all validators, sorted:
min 147.488 MB median 147.94 MB max 152.66 MB
== many-keys report loop349K99DQ64
== loop349K99DQ64: 99 validator logs, f=32, quorum 67
1. the leaders' commit lines
  R1_collect (proposal -> prepare QC): n=4167 p50 16.0 p90 52.0 p99 115.0 max 5807.0 ms
  R2_collect (prepare QC -> commit QC): n=4167 p50 14.0 p90 15.0 p99 23.0 max 28.0 ms
  total (proposal -> commit): n=4167 p50 61.0 p90 86.0 p99 160.0 max 5874.0 ms
  votes at formation: R1 median 67 max 67 (quorum 67); R2 median 67 max 67
2. vote collection at the traced leaders (first vote -> quorum -> last vote)
 R1 (vote), 3071 views:
    proposal -> first vote: n=3071 p50 4.0 p90 48.5 p99 106.0 max 145.5 ms
    first vote -> quorum: n=3071 p50 2.3 p90 3.0 p99 5.6 max 5791.4 ms
    quorum -> last vote: n=3071 p50 0.9 p90 1.0 p99 10.2 max 18.8 ms
    proposal -> last vote (the slowest key): n=3071 p50 7.3 p90 51.8 p99 111.0 max 5809.1 ms
   views with fewer than 98 votes received: 0
 R2 (commit_vote), 3071 views:
    proposal -> first vote: n=3071 p50 18.9 p90 65.4 p99 124.0 max 5810.7 ms
    first vote -> quorum: n=3071 p50 2.4 p90 2.9 p99 4.6 max 10.6 ms
    quorum -> last vote: n=3071 p50 0.9 p90 1.0 p99 13.4 max 28.2 ms
    proposal -> last vote (the slowest key): n=3071 p50 22.2 p90 69.9 p99 129.0 max 5813.8 ms
   views with fewer than 98 votes received: 0
3. the straggler rule and the loop
  proposal interval (same leader, consecutive views): n=4162 p50 61.4 p90 75.7 p99 140.1 max 5830.2 ms; >= 500 ms: 1
  `slow step` lines: 60 (transport+flush > 30 ms); by slowest event kind: other: 60 (max 57 ms)
  leaders' lines: 0
4. gossip propagation (proposal sent -> received at a traced follower)
    proposal arrival delay: n=9430 p50 0.6 p90 1.7 p99 4.1 max 17.6 ms
4b. the new fields (docs/E1_MANY_KEYS.md section 6), leaders' `block committed!` and `proposal sent` lines
    verify_us: n=4167 p50 12245.0 p90 12433.0 p99 13696.0 max 16130.0 us
    verify_n: n=4167 p50 196.0 p90 196.0 p99 199.0 max 228.0 
    verify_batches: n=4167 p50 2.0 p90 2.0 p99 3.0 max 3.0 
  verify_fallbacks: total 0 over 4167 blocks
    inbound_queue_max: n=4167 p50 0.0 p90 0.0 p99 0.0 max 0.0 
    gossip_poll_us: n=4167 p50 5127.0 p90 5507.0 p99 5984.0 max 8892.0 us
  straggler_waits (cumulative per leader log, summed over 5 leaders): 0; waits with straggler_wait_us > 0: 0 of 4167 proposals, none
  direct votes at the leaders: received 815752 (duplicates dropped 0); sent by those nodes 20472, fallbacks to gossip 0; leaders led 4167 views = 816732 vote messages expected (2 rounds x 98); direct share of those 99.9%
5. validators
validators n=99: cpu total 17.65 cores, per key mean 0.178 median 0.172 max 0.498 (key 1) min 0.163; rss per key peak mean 0.149 max 0.155 G, sum of peaks 14.8 G; threads per key mean 119, total 11781
libp2p connections (last census of 5): 9703 in all (a full mesh of 99 is 4851); sockets per process min 98 median 98 max 99
== loop349K99DQ64  (E=1: seven validator keys on one execution layer)
  window 1: canonical 385 blocks, 77.0M tx = 2,566,667/s (100.0% of window 1), full 384/385 (100%); cycle mean/median/p90 77.6/62.3/115.0 ms
    leader builds 384: sealed_at median/p90/p99 54/91/121; phases median/p90 ms: gap_before_exec 9/62, state_wait 9/62, par 54/97, par_exec 21/27, roots 32/48, parent_fields 0/24, sealed 2/25
    state_wait_on {'output': 129, 'grandparent': 122, 'none': 131, 'open': 1, 'layer_release': 1}; builds with state_wait > 20 ms: 109 ([('grandparent', 103), ('output', 6)]); gp_layer {1.0: 384}, ggp_missing {0.0: 261, 1.0: 123}
    queue at the builds min/median 1,076,500/2,517,500
    new field batch_cpu_sum_us: median/p90/max 575843.5/736340.0/1864858, nonzero 384
    new field batch_dispatch_us: median/p90/max 221.5/331.0/3228, nonzero 384
    new field batch_first_start_us: median/p90/max 82.0/125.0/229, nonzero 384
    new field batch_ivcsw: median/p90/max 2.0/9.0/30, nonzero 272
    new field batch_last_end_us: median/p90/max 21092.5/27530.0/66826, nonzero 384
    new field batch_last_start_us: median/p90/max 16314.0/20943.0/49294, nonzero 384
    new field batch_live_deferred: median/p90/max 75.0/82.0/88, nonzero 384
    new field batch_live_lock_hold_us: median/p90/max 10269.0/12291.0/17311, nonzero 384
    new field batch_live_lock_wait_us: median/p90/max 0.0/0.0/0, nonzero 0
    new field batch_live_lock_waits: median/p90/max 0.0/0.0/0, nonzero 0
    new field batch_majflt: median/p90/max 0.0/0.0/0, nonzero 0
    new field batch_minflt: median/p90/max 902.5/11227.0/30208, nonzero 384
    new field batch_open_max_us: median/p90/max 391.0/523.0/3960, nonzero 384
    new field batch_open_sum_us: median/p90/max 9473.5/11899.0/15455, nonzero 384
    new field batch_threads: median/p90/max 32.0/32.0/32, nonzero 384
    new field batch_vcsw: median/p90/max 172.5/453.0/862, nonzero 384
    new field batch_view_index_wait_us: median/p90/max 0.0/15796.0/47750, nonzero 64
    new field batch_view_index_waits: median/p90/max 0.0/235.0/594, nonzero 64
    new field batch_view_slot_wait_us: median/p90/max 0.0/1794.0/11734, nonzero 70
    new field batch_view_slot_waits: median/p90/max 0.0/47.0/186, nonzero 70
    new field batch_wall_sum_us: median/p90/max 579753.5/750810.0/1866480, nonzero 384
    new field batches: median/p90/max 128.0/128.0/128, nonzero 384
    new field build_batches: median/p90/max 128.0/128.0/128, nonzero 384
    new field carried_depth: median/p90/max 1.0/1.0/1, nonzero 384
    new field exec_end_to_seal_us: median/p90/max 111.0/169.0/374, nonzero 384
    new field exec_partition_us: median/p90/max 6.0/11.0/1697, nonzero 384
    new field exec_prepared_groups: {'true': 380, 'false': 4}
    new field exec_prepared_slots: {'true': 380, 'false': 4}
    new field exec_slots_us: median/p90/max 0.0/0.0/1694, nonzero 4
    new field freeze_join_wait_us: median/p90/max 10446.0/16417.0/29601, nonzero 384
    new field freeze_late: {'true': 384}
    new field freeze_pool_own: {'true': 384}
    new field live_index_defer: {'true': 384}
    new field merge_accounts: median/p90/max 192505.5/195539.0/199053, nonzero 384
    new field merge_append_us: median/p90/max 3676.0/9156.0/22697, nonzero 384
    new field merge_early: {'false': 384}
    new field merge_join_wait_us: median/p90/max 0.0/0.0/0, nonzero 0
    new field merge_reverts: median/p90/max 192505.5/195539.0/199053, nonzero 384
    new field merge_reverts_us: median/p90/max 15589.0/23889.0/39995, nonzero 384
    new field merge_state_us: median/p90/max 38759.5/51919.0/63164, nonzero 384
    new field merge_tail_us: median/p90/max 0.0/0.0/1, nonzero 8
    new field merge_threads: median/p90/max 1.0/1.0/1, nonzero 384
    new field one_wave: {'false': 384}
    new field open_engine_us: median/p90/max 0.0/60336.0/118897, nonzero 123
    new field open_fallback: {'false': 261, 'true': 123}
    new field open_keep_us: median/p90/max 6.0/11.0/7943, nonzero 384
    new field open_kept_accounts: median/p90/max 576292.0/583423.0/590104, nonzero 384
    new field open_layers: median/p90/max 3.0/3.0/3, nonzero 384
    new field open_provider_us: median/p90/max 79.0/144.0/563, nonzero 384
    new field plan_age_us: median/p90/max 53020.5/142088.0/194520, nonzero 384
    new field plan_ahead: median/p90/max 1.0/1.0/1, nonzero 384
    new field plan_body: median/p90/max 1.0/1.0/2, nonzero 384
    new field plan_body_us: median/p90/max 16653.0/20193.0/26397, nonzero 380
    new field plan_discard: {'': 384}
    new field plan_prep_us: median/p90/max 8159.0/14681.0/32694, nonzero 384
    new field plan_topup_txs: median/p90/max 0.0/0.0/0, nonzero 0
    new field prep_from_plan: {'true': 380, 'false': 4}
    new field prev_seal_to_answer_us: median/p90/max 2640.5/4816.0/7088, nonzero 384
    new field prev_seal_to_entry_us: median/p90/max 0.0/0.0/0, nonzero 0
    new field prev_seal_to_header_us: median/p90/max 219.5/330.0/984, nonzero 384
    new field prev_seal_to_import_us: median/p90/max 133984.5/177790.0/235708, nonzero 292
    new field prev_seal_to_request_us: median/p90/max 1102.5/80427.0/118270, nonzero 384
    new field prev_seal_to_start_us: median/p90/max 1435.0/80696.0/118475, nonzero 384
    new field pull_bulk_txs: median/p90/max 200000.0/200000.0/200000, nonzero 384
    new field pull_bulk_us: median/p90/max 6.0/10.0/4428, nonzero 384
    new field receipts_late: {'false': 384}
    new field receipts_late_wait_us: median/p90/max 0.0/0.0/0, nonzero 0
    new field rename_fallbacks: median/p90/max 0.0/0.0/0, nonzero 0
    new field rename_record_waits: median/p90/max 0.0/0.0/0, nonzero 0
    new field root_apply_gap_us: median/p90/max 10.0/13.0/22, nonzero 384
    new field root_apply_total_us: median/p90/max 20821.0/31205.0/60844, nonzero 384
    new field root_compute_us: median/p90/max 22858.5/34042.0/63372, nonzero 384
    new field root_delta_us: median/p90/max 1202.0/2176.0/10869, nonzero 384
    new field root_index_us: median/p90/max 2762.0/5366.0/13912, nonzero 384
    new field root_leaves_us: median/p90/max 6734.0/11412.0/19089, nonzero 384
    new field root_note_us: median/p90/max 143.0/248.0/1353, nonzero 384
    new field root_ops_ahead: {'true': 384}
    new field root_ops_ahead_wait_us: median/p90/max 4333.0/13185.0/23187, nonzero 384
    new field root_ops_concat_us: median/p90/max 0.0/0.0/0, nonzero 0
    new field root_ops_encode_us: median/p90/max 5796.5/11499.0/20838, nonzero 384
    new field root_ops_finish_us: median/p90/max 2345.0/3116.0/10450, nonzero 384
    new field root_ops_sort_us: median/p90/max 4177.5/8858.0/19063, nonzero 384
    new field root_ops_us: median/p90/max 6869.5/16283.0/26953, nonzero 384
    new field root_rehash_us: median/p90/max 1375.5/1737.0/11177, nonzero 384
    new field root_retire_us: median/p90/max 1556.0/3119.0/8554, nonzero 384
    new field root_sort_us: median/p90/max 202.0/496.0/4449, nonzero 384
    new field root_undo_us: median/p90/max 347.0/746.0/4170, nonzero 384
    new field root_writes_us: median/p90/max 6937.0/11458.0/30911, nonzero 384
    new field seal_hashes_ahead: {'true': 384}
    new field seal_on_counters: {'true': 384}
    new field seal_to_complete_us: median/p90/max 113272.0/136226.0/167111, nonzero 384
    new field seal_to_frozen_us: median/p90/max 10406.0/16361.0/29571, nonzero 287
    new field seal_to_merge_end_us: median/p90/max 113103.0/136050.0/167006, nonzero 384
    new field seal_to_merge_start_us: median/p90/max 51806.5/68186.0/86909, nonzero 384
    new field seal_to_ops_ahead_us: median/p90/max 23404.0/34231.0/50010, nonzero 384
    new field seal_to_shards_ready_us: median/p90/max 15051.0/20740.0/33506, nonzero 384
    new field seal_to_state_ready_us: median/p90/max 113110.0/136056.0/167013, nonzero 384
    new field sealed_unix_us: median/p90/max 1791464570454624.5/1791464582820980.0/1791464585551636, nonzero 384
    new field start_walk_check_us: median/p90/max 0.0/0.0/0, nonzero 0
    new field start_walk_ids_us: median/p90/max 0.0/0.0/0, nonzero 0
    new field start_walk_settle_us: median/p90/max 0.0/0.0/0, nonzero 0
    new field start_walk_us: median/p90/max 0.0/0.0/0, nonzero 0
    new field state_wait_us: median/p90/max 9092.5/62520.0/123547, nonzero 384
    new field view_journal_reads: median/p90/max 0.0/73728.0/151552, nonzero 161
    new field view_journal_searches: median/p90/max 0.0/215570.0/415547, nonzero 161
    new field view_journal_skips: median/p90/max 0.0/0.0/0, nonzero 0
    new field whole_take_noted: {'true': 384}
    binding wait (tick / quorum / seal share, mean cycle): tick 85% (70); quorum 14% (128); seal 1% (92); feed-bound (blocks under 95% of the tier): 1 of 385
    slowest key vote delay median/p90 14.3/84.3 ms
    engine own-import total_ms per block median/p90/max 51/88/124 (n=384)
    layer RSS 4.2 -> 24.1 G (max 24.4), in-memory blocks max 11
    execution layer cores busy 31.1    validators cores busy 15.4
    flood delivered (median per 5 s over the leg) 2,660,238/s
  window 2: canonical 396 blocks, 79.2M tx = 2,640,000/s (102.9% of window 1), full 396/396 (100%); cycle mean/median/p90 73.3/62.1/106.8 ms
    leader builds 399: sealed_at median/p90/p99 57/82/113; phases median/p90 ms: gap_before_exec 5/46, state_wait 4/46, par 55/90, par_exec 22/27, roots 37/54, parent_fields 5/29, sealed 7/30
    state_wait_on {'grandparent': 96, 'none': 152, 'output': 149, 'layer_release': 1, 'open': 1}; builds with state_wait > 20 ms: 75 ([('grandparent', 73), ('output', 2)]); gp_layer {1.0: 399}, ggp_missing {1.0: 97, 0.0: 302}
    queue at the builds min/median 2,189,000/2,515,000
    new field batch_cpu_sum_us: median/p90/max 601095.0/753242.0/2071931, nonzero 399
    new field batch_dispatch_us: median/p90/max 211.0/308.0/1562, nonzero 399
    new field batch_first_start_us: median/p90/max 79.0/134.0/486, nonzero 399
    new field batch_ivcsw: median/p90/max 1.0/8.0/32, nonzero 244
    new field batch_last_end_us: median/p90/max 21977.0/27710.0/72778, nonzero 399
    new field batch_last_start_us: median/p90/max 16944.0/21295.0/53231, nonzero 399
    new field batch_live_deferred: median/p90/max 74.0/82.0/149, nonzero 399
    new field batch_live_lock_hold_us: median/p90/max 10582.0/12643.0/18085, nonzero 399
    new field batch_live_lock_wait_us: median/p90/max 0.0/0.0/0, nonzero 0
    new field batch_live_lock_waits: median/p90/max 0.0/0.0/0, nonzero 0
    new field batch_majflt: median/p90/max 0.0/0.0/0, nonzero 0
    new field batch_minflt: median/p90/max 972.0/11568.0/30810, nonzero 399
    new field batch_open_max_us: median/p90/max 376.0/476.0/3938, nonzero 399
    new field batch_open_sum_us: median/p90/max 9400.0/11752.0/16986, nonzero 399
    new field batch_threads: median/p90/max 32.0/32.0/32, nonzero 399
    new field batch_vcsw: median/p90/max 180.0/504.0/959, nonzero 399
    new field batch_view_index_wait_us: median/p90/max 0.0/22705.0/70479, nonzero 85
    new field batch_view_index_waits: median/p90/max 0.0/280.0/668, nonzero 85
    new field batch_view_slot_wait_us: median/p90/max 0.0/2013.0/6847, nonzero 92
    new field batch_view_slot_waits: median/p90/max 0.0/54.0/122, nonzero 92
    new field batch_wall_sum_us: median/p90/max 606726.0/770582.0/2080190, nonzero 399
    new field batches: median/p90/max 128.0/128.0/128, nonzero 399
    new field build_batches: median/p90/max 128.0/128.0/128, nonzero 399
    new field carried_depth: median/p90/max 1.0/1.0/1, nonzero 399
    new field exec_end_to_seal_us: median/p90/max 114.0/195.0/506, nonzero 399
    new field exec_partition_us: median/p90/max 7.0/10.0/1712, nonzero 399
    new field exec_prepared_groups: {'true': 392, 'false': 7}
    new field exec_prepared_slots: {'true': 392, 'false': 7}
    new field exec_slots_us: median/p90/max 0.0/0.0/2357, nonzero 7
    new field freeze_join_wait_us: median/p90/max 8270.0/16225.0/33959, nonzero 399
    new field freeze_late: {'true': 399}
    new field freeze_pool_own: {'true': 399}
    new field live_index_defer: {'true': 399}
    new field merge_accounts: median/p90/max 191751.0/194986.0/198833, nonzero 399
    new field merge_append_us: median/p90/max 3636.0/10045.0/31069, nonzero 399
    new field merge_early: {'false': 399}
    new field merge_join_wait_us: median/p90/max 0.0/0.0/0, nonzero 0
    new field merge_reverts: median/p90/max 191751.0/194986.0/198833, nonzero 399
    new field merge_reverts_us: median/p90/max 15543.0/22918.0/42900, nonzero 399
    new field merge_state_us: median/p90/max 42001.0/54112.0/65791, nonzero 399
    new field merge_tail_us: median/p90/max 0.0/0.0/1, nonzero 3
    new field merge_threads: median/p90/max 1.0/1.0/1, nonzero 399
    new field one_wave: {'false': 399}
    new field open_engine_us: median/p90/max 0.0/40260.0/80142, nonzero 97
    new field open_fallback: {'false': 302, 'true': 97}
    new field open_keep_us: median/p90/max 6.0/11.0/6140, nonzero 399
    new field open_kept_accounts: median/p90/max 575573.0/581164.0/592140, nonzero 399
    new field open_layers: median/p90/max 3.0/3.0/3, nonzero 399
    new field open_provider_us: median/p90/max 86.0/155.0/443, nonzero 399
    new field plan_age_us: median/p90/max 52755.0/133288.0/188048, nonzero 398
    new field plan_ahead: median/p90/max 1.0/1.0/1, nonzero 398
    new field plan_body: median/p90/max 1.0/1.0/2, nonzero 398
    new field plan_body_us: median/p90/max 17524.0/21076.0/26896, nonzero 392
    new field plan_discard: {'': 398, 'not_on_its_parent': 1}
    new field plan_prep_us: median/p90/max 8837.0/16871.0/34052, nonzero 398
    new field plan_topup_txs: median/p90/max 0.0/0.0/0, nonzero 0
    new field prep_from_plan: {'true': 392, 'false': 7}
    new field prev_seal_to_answer_us: median/p90/max 2142.0/4206.0/7539, nonzero 399
    new field prev_seal_to_entry_us: median/p90/max 0.0/0.0/0, nonzero 0
    new field prev_seal_to_header_us: median/p90/max 222.0/363.0/1359, nonzero 399
    new field prev_seal_to_import_us: median/p90/max 140499.0/178509.0/227332, nonzero 341
    new field prev_seal_to_request_us: median/p90/max 1116.0/78773.0/160809, nonzero 399
    new field prev_seal_to_start_us: median/p90/max 1447.0/79203.0/161012, nonzero 399
    new field pull_bulk_txs: median/p90/max 200000.0/200000.0/200000, nonzero 399
    new field pull_bulk_us: median/p90/max 6.0/11.0/2764, nonzero 399
    new field receipts_late: {'false': 399}
    new field receipts_late_wait_us: median/p90/max 0.0/0.0/0, nonzero 0
    new field rename_fallbacks: median/p90/max 0.0/0.0/0, nonzero 0
    new field rename_record_waits: median/p90/max 0.0/0.0/0, nonzero 0
    new field root_apply_gap_us: median/p90/max 11.0/15.0/34, nonzero 399
    new field root_apply_total_us: median/p90/max 23678.0/35366.0/56573, nonzero 399
    new field root_compute_us: median/p90/max 26332.0/40473.0/85705, nonzero 399
    new field root_delta_us: median/p90/max 1233.0/3893.0/16549, nonzero 399
    new field root_index_us: median/p90/max 3062.0/5869.0/19275, nonzero 399
    new field root_leaves_us: median/p90/max 7035.0/12595.0/29532, nonzero 399
    new field root_note_us: median/p90/max 142.0/255.0/1565, nonzero 399
    new field root_ops_ahead: {'true': 399}
    new field root_ops_ahead_wait_us: median/p90/max 4009.0/12156.0/23219, nonzero 399
    new field root_ops_concat_us: median/p90/max 0.0/0.0/0, nonzero 0
    new field root_ops_encode_us: median/p90/max 5990.0/11858.0/22394, nonzero 399
    new field root_ops_finish_us: median/p90/max 2459.0/3833.0/11162, nonzero 399
    new field root_ops_sort_us: median/p90/max 3726.0/7802.0/15653, nonzero 399
    new field root_ops_us: median/p90/max 6786.0/15942.0/27340, nonzero 399
    new field root_rehash_us: median/p90/max 1872.0/2571.0/17289, nonzero 399
    new field root_retire_us: median/p90/max 1811.0/3822.0/11417, nonzero 399
    new field root_sort_us: median/p90/max 232.0/727.0/5823, nonzero 399
    new field root_undo_us: median/p90/max 364.0/816.0/3621, nonzero 399
    new field root_writes_us: median/p90/max 7327.0/14085.0/28611, nonzero 399
    new field seal_hashes_ahead: {'true': 399}
    new field seal_on_counters: {'true': 399}
    new field seal_to_complete_us: median/p90/max 121354.0/144502.0/199567, nonzero 399
    new field seal_to_frozen_us: median/p90/max 8239.0/16181.0/33941, nonzero 251
    new field seal_to_merge_end_us: median/p90/max 121246.0/144416.0/199452, nonzero 399
    new field seal_to_merge_start_us: median/p90/max 56169.0/72549.0/139718, nonzero 399
    new field seal_to_ops_ahead_us: median/p90/max 22662.0/32822.0/47854, nonzero 399
    new field seal_to_shards_ready_us: median/p90/max 14353.0/20646.0/38596, nonzero 399
    new field seal_to_state_ready_us: median/p90/max 121254.0/144421.0/199458, nonzero 399
    new field sealed_unix_us: median/p90/max 1791464600608832.0/1791464612536394.0/1791464615583643, nonzero 399
    new field start_walk_check_us: median/p90/max 0.0/0.0/154, nonzero 1
    new field start_walk_ids_us: median/p90/max 0.0/0.0/407, nonzero 1
    new field start_walk_settle_us: median/p90/max 0.0/0.0/0, nonzero 0
    new field start_walk_us: median/p90/max 0.0/0.0/4315, nonzero 1
    new field state_wait_us: median/p90/max 4756.0/46465.0/86610, nonzero 399
    new field view_journal_reads: median/p90/max 0.0/86016.0/139264, nonzero 173
    new field view_journal_searches: median/p90/max 0.0/235661.0/432677, nonzero 173
    new field view_journal_skips: median/p90/max 0.0/0.0/0, nonzero 0
    new field whole_take_noted: {'true': 399}
    binding wait (tick / quorum / seal share, mean cycle): tick 91% (69); quorum 9% (126); seal 0%; feed-bound (blocks under 95% of the tier): 0 of 396
    slowest key vote delay median/p90 18.3/73.6 ms
    engine own-import total_ms per block median/p90/max 47/76/102 (n=396)
    layer RSS 24.4 -> 30.6 G (max 30.6), in-memory blocks max 11
    execution layer cores busy 33.3    validators cores busy 16.9
  window 3: canonical 400 blocks, 80.0M tx = 2,666,667/s (103.9% of window 1), full 400/400 (100%); cycle -
    leader builds 400: sealed_at median/p90/p99 60/86/124; phases median/p90 ms: gap_before_exec 7/42, state_wait 7/41, par 58/88, par_exec 22/28, roots 40/60, parent_fields 10/35, sealed 10/36
    state_wait_on {'grandparent': 100, 'none': 131, 'output': 167, 'layer_release': 2}; builds with state_wait > 20 ms: 73 ([('grandparent', 71), ('output', 2)]); gp_layer {1.0: 400}, ggp_missing {1.0: 102, 0.0: 298}
    queue at the builds min/median 2,240,500/2,513,750
    new field batch_cpu_sum_us: median/p90/max 599339.5/740645.0/1670081, nonzero 400
    new field batch_dispatch_us: median/p90/max 218.5/349.0/3816, nonzero 400
    new field batch_first_start_us: median/p90/max 73.0/121.0/267, nonzero 400
    new field batch_ivcsw: median/p90/max 1.0/8.0/24, nonzero 263
    new field batch_last_end_us: median/p90/max 22033.0/28811.0/110001, nonzero 400
    new field batch_last_start_us: median/p90/max 17094.0/21600.0/106345, nonzero 400
    new field batch_live_deferred: median/p90/max 76.0/84.0/296, nonzero 400
    new field batch_live_lock_hold_us: median/p90/max 10814.0/13804.0/41055, nonzero 400
    new field batch_live_lock_wait_us: median/p90/max 0.0/0.0/0, nonzero 0
    new field batch_live_lock_waits: median/p90/max 0.0/0.0/0, nonzero 0
    new field batch_majflt: median/p90/max 0.0/0.0/6798, nonzero 18
    new field batch_minflt: median/p90/max 987.0/11953.0/36915, nonzero 400
    new field batch_open_max_us: median/p90/max 369.0/519.0/3829, nonzero 400
    new field batch_open_sum_us: median/p90/max 8964.0/11916.0/26282, nonzero 400
    new field batch_threads: median/p90/max 32.0/32.0/32, nonzero 400
    new field batch_vcsw: median/p90/max 175.0/507.0/7018, nonzero 400
    new field batch_view_index_wait_us: median/p90/max 0.0/19584.0/2667370, nonzero 86
    new field batch_view_index_waits: median/p90/max 0.0/255.0/834, nonzero 86
    new field batch_view_slot_wait_us: median/p90/max 0.0/1761.0/23538, nonzero 96
    new field batch_view_slot_waits: median/p90/max 0.0/44.0/91, nonzero 96
    new field batch_wall_sum_us: median/p90/max 615527.5/765830.0/3451183, nonzero 400
    new field batches: median/p90/max 128.0/128.0/128, nonzero 400
    new field build_batches: median/p90/max 128.0/128.0/128, nonzero 400
    new field carried_depth: median/p90/max 1.0/1.0/1, nonzero 400
    new field exec_end_to_seal_us: median/p90/max 103.0/158.0/914, nonzero 400
    new field exec_partition_us: median/p90/max 6.0/9.0/6483, nonzero 400
    new field exec_prepared_groups: {'true': 396, 'false': 4}
    new field exec_prepared_slots: {'true': 396, 'false': 4}
    new field exec_slots_us: median/p90/max 0.0/0.0/2959, nonzero 5
    new field freeze_join_wait_us: median/p90/max 2752.5/16018.0/26761, nonzero 400
    new field freeze_late: {'true': 400}
    new field freeze_pool_own: {'true': 400}
    new field live_index_defer: {'true': 400}
    new field merge_accounts: median/p90/max 192364.5/195578.0/197905, nonzero 400
    new field merge_append_us: median/p90/max 4042.0/10618.0/25748, nonzero 400
    new field merge_early: {'false': 400}
    new field merge_join_wait_us: median/p90/max 0.0/0.0/0, nonzero 0
    new field merge_reverts: median/p90/max 192364.5/195578.0/197905, nonzero 400
    new field merge_reverts_us: median/p90/max 16445.5/25414.0/95866, nonzero 400
    new field merge_state_us: median/p90/max 44276.5/57042.0/73537, nonzero 400
    new field merge_tail_us: median/p90/max 0.0/0.0/5, nonzero 6
    new field merge_threads: median/p90/max 1.0/1.0/1, nonzero 400
    new field one_wave: {'false': 400}
    new field open_engine_us: median/p90/max 0.0/40251.0/85095, nonzero 102
    new field open_fallback: {'false': 298, 'true': 102}
    new field open_keep_us: median/p90/max 6.0/11.0/5757, nonzero 400
    new field open_kept_accounts: median/p90/max 576409.0/583925.0/589424, nonzero 400
    new field open_layers: median/p90/max 3.0/3.0/3, nonzero 400
    new field open_provider_us: median/p90/max 83.0/182.0/3998, nonzero 400
    new field plan_age_us: median/p90/max 54324.5/134107.0/180798, nonzero 400
    new field plan_ahead: median/p90/max 1.0/1.0/1, nonzero 400
    new field plan_body: median/p90/max 1.0/1.0/2, nonzero 400
    new field plan_body_us: median/p90/max 17370.0/21010.0/25448, nonzero 396
    new field plan_discard: {'': 400}
    new field plan_prep_us: median/p90/max 8682.0/16511.0/99959, nonzero 400
    new field plan_topup_txs: median/p90/max 0.0/0.0/0, nonzero 0
    new field prep_from_plan: {'true': 396, 'false': 4}
    new field prev_seal_to_answer_us: median/p90/max 2010.0/3849.0/6728, nonzero 400
    new field prev_seal_to_entry_us: median/p90/max 0.0/0.0/0, nonzero 0
    new field prev_seal_to_header_us: median/p90/max 193.0/327.0/1554, nonzero 400
    new field prev_seal_to_import_us: median/p90/max 139029.5/178335.0/237916, nonzero 352
    new field prev_seal_to_request_us: median/p90/max 1037.5/74775.0/122366, nonzero 400
    new field prev_seal_to_start_us: median/p90/max 1362.5/75112.0/122712, nonzero 400
    new field pull_bulk_txs: median/p90/max 200000.0/200000.0/200000, nonzero 400
    new field pull_bulk_us: median/p90/max 6.0/10.0/1778, nonzero 400
    new field receipts_late: {'false': 400}
    new field receipts_late_wait_us: median/p90/max 0.0/0.0/0, nonzero 0
    new field rename_fallbacks: median/p90/max 0.0/0.0/0, nonzero 0
    new field rename_record_waits: median/p90/max 0.0/0.0/0, nonzero 0
    new field root_apply_gap_us: median/p90/max 11.0/15.0/39, nonzero 400
    new field root_apply_total_us: median/p90/max 25909.5/38653.0/124853, nonzero 400
    new field root_compute_us: median/p90/max 28566.0/42403.0/126584, nonzero 400
    new field root_delta_us: median/p90/max 1250.0/2623.0/15694, nonzero 400
    new field root_index_us: median/p90/max 3197.0/6023.0/20155, nonzero 400
    new field root_leaves_us: median/p90/max 7965.0/14637.0/108025, nonzero 400
    new field root_note_us: median/p90/max 147.5/253.0/1511, nonzero 400
    new field root_ops_ahead: {'true': 400}
    new field root_ops_ahead_wait_us: median/p90/max 4621.0/14030.0/38061, nonzero 400
    new field root_ops_concat_us: median/p90/max 0.0/0.0/0, nonzero 0
    new field root_ops_encode_us: median/p90/max 6645.0/12523.0/42502, nonzero 400
    new field root_ops_finish_us: median/p90/max 2361.5/4099.0/11227, nonzero 400
    new field root_ops_sort_us: median/p90/max 4028.0/9783.0/25886, nonzero 400
    new field root_ops_us: median/p90/max 7395.5/17633.0/43548, nonzero 400
    new field root_rehash_us: median/p90/max 2410.5/3787.0/15441, nonzero 400
    new field root_retire_us: median/p90/max 2112.0/3991.0/9249, nonzero 400
    new field root_sort_us: median/p90/max 247.5/716.0/3973, nonzero 400
    new field root_undo_us: median/p90/max 382.5/869.0/3653, nonzero 400
    new field root_writes_us: median/p90/max 7690.5/14317.0/36868, nonzero 400
    new field seal_hashes_ahead: {'true': 400}
    new field seal_on_counters: {'true': 400}
    new field seal_to_complete_us: median/p90/max 128086.5/155623.0/253569, nonzero 400
    new field seal_to_frozen_us: median/p90/max 2691.5/15971.0/26704, nonzero 226
    new field seal_to_merge_end_us: median/p90/max 128000.0/155493.0/253386, nonzero 400
    new field seal_to_merge_start_us: median/p90/max 58607.5/79346.0/174117, nonzero 400
    new field seal_to_ops_ahead_us: median/p90/max 22901.5/32377.0/55125, nonzero 400
    new field seal_to_shards_ready_us: median/p90/max 13162.0/19739.0/30822, nonzero 400
    new field seal_to_state_ready_us: median/p90/max 128005.0/155501.0/253399, nonzero 400
    new field sealed_unix_us: median/p90/max 1791464630606449.0/1791464642491813.0/1791464645589246, nonzero 400
    new field start_walk_check_us: median/p90/max 0.0/0.0/0, nonzero 0
    new field start_walk_ids_us: median/p90/max 0.0/0.0/0, nonzero 0
    new field start_walk_settle_us: median/p90/max 0.0/0.0/0, nonzero 0
    new field start_walk_us: median/p90/max 0.0/0.0/0, nonzero 0
    new field state_wait_us: median/p90/max 7215.0/41951.0/100416, nonzero 400
    new field view_journal_reads: median/p90/max 0.0/73728.0/180224, nonzero 175
    new field view_journal_searches: median/p90/max 0.0/205046.0/517321, nonzero 175
    new field view_journal_skips: median/p90/max 0.0/0.0/0, nonzero 0
    new field whole_take_noted: {'true': 400}
    engine own-import total_ms per block median/p90/max 47/74/127 (n=400)
    layer RSS 30.3 -> 37.4 G (max 37.4), in-memory blocks max 10
    execution layer cores busy 33.9    validators cores busy 17.3
  round total (3 windows, canonical): 236.2M tx
  layer peak RSS 37.4 G; in-memory blocks max 11
  fields at seal: mode "early", verified 0, unchecked 0, mismatches 0 (last build line, cumulative)
  own_executed_again (built here and also directly imported): 0 of 1221 built blocks
== loop349K99DQ64
  layer-0 leader window-1 builds 385: txs mean 200000, share >= 95% of the tier 100% (max 200000); sealed_at_ms 54.0/91.0; par_ms 54.0/97.0; par_exec_ms 21.0/27.0; roots_ms 32.0/48.0; parent_fields_ms 0.0/24.0; sealed_ms 1.0/25.0
  proposal cycle window 1 (n=400): mean 77.5 median 62.3 p90 115.0 ms; blocks in the 30 s: 400
  binding wait (tick / quorum / seal, share and mean cycle): tick 84.9% (69.7); quorum 14.3% (127.9); seal 0.8% (92.4)
  vote delay after the proposal, slowest key per block: median 14.6 p90 84.3 ms (slowest minus the median key: median 0.5); last key: {1: 72, 2: 49, 3: 82, 4: 64, 5: 62, 6: 55} of 384 blocks
  CPU in window 1 (cores busy): execution layers 31.1 over 1 process(es); validators 15.4 over 99 process(es)
  execution layer peak RSS 37.4 G; in-memory blocks max 11 (node0 and others, all layers)
  blocks built here 1221; none also directly imported
  import-once counters at the last direct import: ; start-up lines with import_once=true: 1; queue-lock lines 0
  layer-0 queue (queued after canonical prune), median per 10 s: t+0:2517000 t+20:2520500 t+40:2519000 t+60:2516750 t+80:2483500
  flood: median per 5 s 2660238/s, final -
  timeout / given-up lines: 0; 
loop349K99DQ64 page_faults_per_s_median: node0=176127 
feedcheck loop349K99DQ64: ok (block 200,000 tx)
== loop349K99DQ64: feed check (acq_us / gate_us / reply_us are per frame of 500; rate per 5 s `ingest` line)
  window 1: ingest lines 6; acq_us 520 (max 1594); gate_us 8946; reply_us 9605; slots_busy 12%; delivered median 2,521,940/s max 2,680,326/s; queue at builds median 2,517,500 min 1,076,500; full 100% of 385 blocks
  window 2: ingest lines 6; acq_us 526 (max 564); gate_us 8456; reply_us 9159; slots_busy 12%; delivered median 2,654,650/s max 2,779,828/s; queue at builds median 2,515,000 min 2,189,000; full 100% of 396 blocks
  window 3: ingest lines 6; acq_us 524 (max 640); gate_us 8386; reply_us 9049; slots_busy 13%; delivered median 2,717,082/s max 2,748,554/s; queue at builds median 2,513,750 min 2,240,500; full 100% of 400 blocks
  flood.log (+15..+100 s): rate per 5 s median 2,634,988/s max 2,768,433/s; reply latency median 73.2 ms max 78.7 ms
== loop349K99DQ64: lanes lock, drain and pruner (new fields)
  window 1: lock duty 51.0% (max 53.0); holds/5s 1,848; longest hold 35.23 ms median, 43.74 ms max by crates/n42/tx-queue/src/lib.rs:2046 (most frequent holders [('crates/n42/tx-queue/src/lib.rs:2046', 6)]); lock wait 2129.3 ms/5s, longest 43.77 ms; drains/5s 893 of 14139 tx, mean 1381 us, max 25.09 ms
           prune (309 blocks): prune_ms 37/85; fold 1.0 ms, lock 0.0 ms, remove(hold) 10.0 ms, free 0.0 ms; frames_swept 400; coalesced on 309 of 309; prune_wait_ms 0/0; pruner busy 47% of a thread, lock held by it 0.9%
  window 2: lock duty 56.0% (max 59.0); holds/5s 1,946; longest hold 43.83 ms median, 53.94 ms max by crates/n42/tx-queue/src/lib.rs:2046 (most frequent holders [('crates/n42/tx-queue/src/lib.rs:2046', 5), ('crates/n42/tx-queue/src/lib.rs:2576', 1)]); lock wait 2557.0 ms/5s, longest 53.97 ms; drains/5s 914 of 14538 tx, mean 1547 us, max 25.33 ms
           prune (354 blocks): prune_ms 39/71; fold 0.9 ms, lock 0.0 ms, remove(hold) 9.4 ms, free 0.0 ms; frames_swept 400; coalesced on 354 of 354; prune_wait_ms 0/0; pruner busy 51% of a thread, lock held by it 1.4%
  window 3: lock duty 57.0% (max 60.0); holds/5s 1,994; longest hold 31.87 ms median, 39.00 ms max by crates/n42/tx-queue/src/lib.rs:2046 (most frequent holders [('crates/n42/tx-queue/src/lib.rs:2046', 6)]); lock wait 2452.1 ms/5s, longest 37.11 ms; drains/5s 912 of 14828 tx, mean 1569 us, max 24.80 ms
           prune (361 blocks): prune_ms 39/76; fold 0.7 ms, lock 0.0 ms, remove(hold) 9.5 ms, free 0.0 ms; frames_swept 400; coalesced on 361 of 361; prune_wait_ms 0/0; pruner busy 53% of a thread, lock held by it 1.5%
== loop349K99DQ64: pruner (per block; busy = sum prune_ms / 30 s, lock = sum (remove_us + settle_us) / 30 s)
  window 1: 309 prunes; prune_ms 37/85; remove_us 10.0/27.6 ms; forget_us 3.7/8.7 ms; settle_us 4.3 ms; pruner busy 47% of a worker; lanes lock held for removal 20%
  window 2: 354 prunes; prune_ms 39/71; remove_us 9.4/25.4 ms; forget_us 3.5/7.2 ms; settle_us 4.0 ms; pruner busy 51% of a worker; lanes lock held for removal 21%
  window 3: 361 prunes; prune_ms 39/76; remove_us 9.5/25.5 ms; forget_us 3.6/7.0 ms; settle_us 4.3 ms; pruner busy 53% of a worker; lanes lock held for removal 22%
== loop349K99DQ64: seal start / pull, prepared plan, answer, chunked drain
  window 1: 384 builds; start_best_ms 3/17; start_walk_us 0/0; start_pull_ms 0/0; par_pull_ms 0/0; par_start_ms 4/17; par_ms 54/97; sealed_at_ms 54/91; pull_bulk_us 6/10; pull_bulk_txs 200000/200000; plan_age_us 53020/142088; plan_prep_us 8159/14681; plan_topup_txs 0/0
           plan_ahead {'1': 384}; plan_discard {'': 384}
           answer: built-ahead bytes median/max 15,242/15,245, layout_only {'true': 384}; proposal sent bytes median/max 15,242/15,245, layout_only {'true': 383}
           drain: chunks/5s 770, chunk max 8,192 tx, finished by others/5s 40; plan_discards (last ingest line) -
  window 2: 399 builds; start_best_ms 5/17; start_walk_us 0/0; start_pull_ms 0/0; par_pull_ms 0/0; par_start_ms 5/17; par_ms 55/90; sealed_at_ms 57/82; pull_bulk_us 6/11; pull_bulk_txs 200000/200000; plan_age_us 52755/133288; plan_prep_us 8837/16871; plan_topup_txs 0/0
           plan_ahead {'1': 398, '0': 1}; plan_discard {'': 398, 'not_on_its_parent': 1}
           answer: built-ahead bytes median/max 15,245/15,245, layout_only {'true': 398}; proposal sent bytes median/max 15,245/15,245, layout_only {'true': 398}
           drain: chunks/5s 786, chunk max 8,192 tx, finished by others/5s 46; plan_discards (last ingest line) -
  window 3: 400 builds; start_best_ms 4/17; start_walk_us 0/0; start_pull_ms 0/0; par_pull_ms 0/0; par_start_ms 5/17; par_ms 58/88; sealed_at_ms 60/86; pull_bulk_us 6/10; pull_bulk_txs 200000/200000; plan_age_us 54324/134107; plan_prep_us 8682/16511; plan_topup_txs 0/0
           plan_ahead {'1': 400}; plan_discard {'': 400}
           answer: built-ahead bytes median/max 15,245/15,245, layout_only {'true': 401}; proposal sent bytes median/max 15,245/15,245, layout_only {'true': 399}
           drain: chunks/5s 784, chunk max 8,192 tx, finished by others/5s 47; plan_discards (last ingest line) -
== loop349K99DQ64: persistence per window (ms per block = part sum / blocks persisted)
  window 1: persisted 381 of 385 produced (99%); total 34.0, sf_tx 30.4, sf_rcpt 7.0, sf_acct 14.9, sf_send 12.2, scope 30.5, qmdb 14.7, post 0.0, pre 3.6, plain_rev 3.6, commit_sf 0.8, commit_mdbx 0.1, commit_rocks 0.1; longest task sf_tx 30.4; in-memory 7 -> 9 (max 11); RSS 4.2 -> 24.4 G; lag 8 -> 9 = +2.0 blocks/min; bp max 0
  window 2: persisted 400 of 396 produced (101%); total 37.0, sf_tx 33.4, sf_rcpt 7.6, sf_acct 15.5, sf_send 12.7, scope 33.6, qmdb 17.4, post 0.0, pre 3.3, plain_rev 3.3, commit_sf 0.9, commit_mdbx 0.1, commit_rocks 0.1; longest task sf_tx 33.4; in-memory 9 -> 7 (max 11); RSS 24.4 -> 30.3 G; lag 9 -> 9 = +0.0 blocks/min; bp max 0
  window 3: persisted 399 of 400 produced (100%); total 39.8, sf_tx 35.2, sf_rcpt 8.0, sf_acct 15.6, sf_send 12.6, scope 35.7, qmdb 20.3, post 0.0, pre 4.1, plain_rev 4.1, commit_sf 0.8, commit_mdbx 0.1, commit_rocks 0.1; longest task sf_tx 35.2; in-memory 7 -> 10 (max 10); RSS 30.3 -> 36.8 G; lag 9 -> 10 = +2.0 blocks/min; bp max 0
  leg end: in-memory 6, max over the sampler 11, backpressure stalls 0
== loop349K99DQ64: execution and root fields (median / p90 per block); over 1222 full builds: rename_fallbacks total 0, rename_record_waits total 0, carried_depth values ['1']
    folded lines 383: pending_max max 88 (median 74); pending_us_max max 18,121; drops_max max 56890
    flags: seal_on_counters true:384; freeze_pool_own true:384; plan_body 1:380/2:4; prep_from_plan false:4/true:380; plan_ahead 1:384; seal per 1,000 transfers 0.270 ms
  window 1 (384 builds): on-CPU share 1.00/1.00; CPU per transfer 2.88/3.68 us; sealed_at_ms 54/91; par_exec_ms 21/27; par_fold_ms 10/16; index_ms 13/19; par_start_ms 4/17; gap_before_exec_ms 9/62; state_wait_us 9,092/62,520; parent_fields_ms 0/24; roots_ms 32/48; seal_to_fields_us 51,672/68,049; seal_to_complete_us 113,272/136,226; rename_fallbacks 0/0; rename_record_waits 0/0; carried_depth 1/1; plan_body_us 16,653/20,193; batch_max_ms 8/13; tx_root_ms 1/1; sealed_ms 2/25
    folded lines 399: pending_max max 87 (median 73); pending_us_max max 19,865; drops_max max 37241
    flags: seal_on_counters true:399; freeze_pool_own true:399; plan_body 0:1/1:392/2:6; prep_from_plan false:7/true:392; plan_ahead 0:1/1:398; seal per 1,000 transfers 0.285 ms
  window 2 (399 builds): on-CPU share 1.00/1.00; CPU per transfer 3.01/3.77 us; sealed_at_ms 57/82; par_exec_ms 22/27; par_fold_ms 9/16; index_ms 14/19; par_start_ms 5/17; gap_before_exec_ms 5/46; state_wait_us 4,756/46,465; parent_fields_ms 5/29; roots_ms 37/54; seal_to_fields_us 56,009/72,351; seal_to_complete_us 121,354/144,502; rename_fallbacks 0/0; rename_record_waits 0/0; carried_depth 1/1; plan_body_us 17,524/21,076; batch_max_ms 8/12; tx_root_ms 1/2; sealed_ms 7/30
    folded lines 401: pending_max max 88 (median 75); pending_us_max max 20,856; drops_max max 35665
    flags: seal_on_counters true:400; freeze_pool_own true:400; plan_body 1:396/2:4; prep_from_plan false:4/true:396; plan_ahead 1:400; seal per 1,000 transfers 0.300 ms
  window 3 (400 builds): on-CPU share 1.00/1.00; CPU per transfer 3.00/3.70 us; sealed_at_ms 60/86; par_exec_ms 22/28; par_fold_ms 7/16; index_ms 14/20; par_start_ms 5/17; gap_before_exec_ms 7/42; state_wait_us 7,215/41,951; parent_fields_ms 10/35; roots_ms 40/60; seal_to_fields_us 58,360/79,159; seal_to_complete_us 128,086/155,623; rename_fallbacks 0/0; rename_record_waits 0/0; carried_depth 1/1; plan_body_us 17,370/21,010; batch_max_ms 8/14; tx_root_ms 1/1; sealed_ms 10/36
== loop349K99DQ64: 4167 proposals; proposal -> quorum (leader's commit) median 30.9 / p90 68.4 / max 177.8 ms; proposal interval median 61.4 / p90 76.0 ms; TC formed lines 0; leader views timed out 0; ParentUnknown lines 0
   handover at view 1024: proposal intervals (view, ms) [(1023, 62), (1024, 204), (1025, 139), (1026, 61), (1027, 87)] against the median 61 ms
   handover at view 2048: proposal intervals (view, ms) [(2047, 61), (2048, 62), (2049, 62), (2050, 61), (2051, 62)] against the median 61 ms
   handover at view 3072: proposal intervals (view, ms) [(3071, 61), (3072, 62), (3073, 61), (3074, 61), (3075, 61)] against the median 61 ms
   handover at view 4096: proposal intervals (view, ms) [(4095, 61), (4096, 61), (4097, 61), (4098, 61), (4099, 61)] against the median 61 ms
     block 1025 (view 1024): sealed_at_ms 138, gap_before_exec_ms 20, parent_fields_ms 96, rename_fallbacks 0, rename_record_waits 0, carried_depth 1
     block 1026 (view 1025): sealed_at_ms 45, gap_before_exec_ms 7, parent_fields_ms 14, rename_fallbacks 0, rename_record_waits 0, carried_depth 1
     block 1027 (view 1026): sealed_at_ms 47, gap_before_exec_ms 3, parent_fields_ms 18, rename_fallbacks 0, rename_record_waits 0, carried_depth 1
     block 1028 (view 1027): sealed_at_ms 52, gap_before_exec_ms 20, parent_fields_ms 0, rename_fallbacks 0, rename_record_waits 0, carried_depth 1
flood span 95 s; tokio-rt threads alive throughout 34 of 74; group 9.7 cores busy over them (all threads incl. short-lived 12.5)
  per-thread cores busy, top 12: 0.63 0.62 0.58 0.58 0.57 0.56 0.56 0.56 0.56 0.56 0.56 0.55; threads over 0.9 core: 0, over 0.7: 0
== loop349K99DQ64: 1183 full builds in the 3 windows
  par_exec_ms 21/27; par_run_ms 30/74; batch_start_skew_ms 16/21; batch_median_ms 4/5; batch_max_ms 8/13; batch_first_start_us 78/125; batch_last_start_us 16842/21295; batch_dispatch_us 217/324; batch_last_end_us 21765/27754; batches 128/128; batch_threads 32/32; batch_txs_max 2000/2000; batch_txs_min 1500/1500; start_walk_ms 0/0; start_walk_check_ms 0/0; par_start_ms 4/17; sealed_at_ms 57/86; prev_seal_to_answer_us 2177/4237; prev_seal_to_entry_us 0/0; prev_seal_to_header_us 213/340; prev_seal_to_import_us 138339/178043; prev_seal_to_request_us 1082/78094; prev_seal_to_start_us 1409/78619; start_walk_check_us 0/0; start_walk_ids_us 0/0; start_walk_settle_us 0/0; start_walk_us 0/0
  one_wave {'false': 1183}
  batches == batch_threads on 0 of 1183 builds
  last - first batch start (ms) median/p90 16.74/21.17; under 2 ms on 0 of 1183 builds
bodygate loop349K99DQ64: invalid_blocks=0 gas_mismatch=0 fields_mismatches=0 own_not_committed=0 proposals_given_up=0
K99 validator RSS gate: K99DQ64 validators hold 14.8 G summed at their peaks (limit 30 G)
datadirs of this round wiped; /data free 577G
released at 09:07
ALLDONE
