/data free 1123G at launch
tree at 0573e6c28 (test(fleet7): loop337 runner derivation, feed check and best-leg helper); box free at 09:11; builds:
built at 09:13; ingest/tx-types tests:
test result: ok. 61 passed; 0 failed; 0 ignored; 0 measured; 0 filtered out; finished in 1.01s
test result: ok. 21 passed; 0 failed; 4 ignored; 0 measured; 0 filtered out; finished in 8.90s
flood tests:
test result: ok. 8 passed; 0 failed; 1 ignored; 0 measured; 0 filtered out; finished in 0.80s
tests from 09:14 (no claim)
tests passed at 09:24: 1001 tests
built 0573e6c28+tree at 09:28
waiting for a quiet box from 09:28
claimed at 09:30 (1791206989): avail 110G load 6.92
tip 0573e6c28 tree: 1 changed files; native n42 built 09:13:32, h2_validator 09:11:46, deferred n42 09:28:48; last source change 06:46:29 (crates/n42/engine-types/src/post_seal.rs)
replay set for every leg: /data/n42-pregen/g900000-400m (senders 12500)
leg loop337WARM: /data free 1103G (needs 120 G)
leg loop337WARM start 09:30:30 load 6.52
round loop337WARM exit 0 at 09:33:16
loop337WARM save stages (node0, seconds summed over the leg / count): batch_size=1763.0/555  batch_size=1763.0/555  reth_consensus_engine_beacon_persistence_duration=84.8/555  duration_seconds=82.3/555  total=79.1/555  scope=61.8/555  sf=61.7/555  sf_transactions=61.5/555  sf_receipts=25.7/555  sf_account_changesets=22.7/555
el binary: /data/n42-build/target-n42-rs/native/release/n42 env: N42_IMPORT_ONCE=1 N42_SETTLEMENT_TAGS=legacy N42_BUILD_THROTTLE_SOFT=48 F7_EL_MAP=0,0,0,0,0,0,0 N42_FIELDS_AT_SEAL=1 N42_TX_INGEST_RECOVER_PARALLEL=64 N42_PARALLEL_BUILD_THREADS=32 N42_HASHED_TABLES=off F7_FLOOD_RATE=6000000 N42_COMPACT_BODY=1 MALLOC_CONF=thp:always,oversize_threshold:0,dirty_decay_ms:2000,background_thread:true N42_ACCOUNT_HISTORY=off N42_TAKE_COMPACT=1 N42_ROAD_RUNTIME=1 N42_TX_INGEST_HIGH_WATER=2500000 F7_BENCH_POOL_SLOTS=3000000 N42_BUILD_THROTTLE_HARD=80 RAYON_NUM_THREADS=16 TOKIO_WORKER_THREADS=16 N42_QMDB_READS=on N42_LEADER_LAYERS=3 F7_BLOCK_INTERVAL_MS=60 F7_MEASURE_FROM_LOG=1
validator env: N42_IMPORT_ONCE=1 N42_SETTLEMENT_TAGS=legacy N42_BUILD_THROTTLE_SOFT=48 F7_EL_MAP=0,0,0,0,0,0,0 N42_FIELDS_AT_SEAL=1 N42_PARALLEL_BUILD_THREADS=32 N42_HASHED_TABLES=off F7_FLOOD_RATE=6000000 N42_COMPACT_BODY=1 N42_ACCOUNT_HISTORY=off N42_TAKE_COMPACT=1 N42_ROAD_RUNTIME=1 N42_TX_INGEST_HIGH_WATER=2500000 F7_BENCH_POOL_SLOTS=3000000 N42_BUILD_THROTTLE_HARD=80 RAYON_NUM_THREADS=16 TOKIO_WORKER_THREADS=16 N42_QMDB_READS=on N42_LEADER_LAYERS=3 F7_MEASURE_FROM_LOG=1
loop337WARM once: start-up lines import_once=true 1; last direct-import counters 
loop337WARM imports: layers=1 direct_imports=0 canonical_blocks=3824 import_once_lines=1 (per layer: direct imports should equal canonical blocks for one execution per block)
grep: /data/blockchain/rust-fleet7-bench/node1/el.log: No such file or directory
grep: /data/blockchain/rust-fleet7-bench/node2/el.log: No such file or directory
grep: /data/blockchain/rust-fleet7-bench/node3/el.log: No such file or directory
grep: /data/blockchain/rust-fleet7-bench/node1/el.log: No such file or directory
grep: /data/blockchain/rust-fleet7-bench/node2/el.log: No such file or directory
grep: /data/blockchain/rust-fleet7-bench/node3/el.log: No such file or directory
cat: /data/blockchain/rust-fleet7-bench/node2/el.log: No such file or directory
cat: /data/blockchain/rust-fleet7-bench/node2/el.log: No such file or directory
cat: /data/blockchain/rust-fleet7-bench/node2/el.log: No such file or directory
cat: /data/blockchain/rust-fleet7-bench/node1/el.log: No such file or directory
cat: /data/blockchain/rust-fleet7-bench/node2/el.log: No such file or directory
cat: /data/blockchain/rust-fleet7-bench/node3/el.log: No such file or directory
Traceback (most recent call last):
  File [35m"<stdin>"[0m, line [35m4[0m, in [35m<module>[0m
[1;35mIndexError[0m: [35mlist index out of range[0m
loop337WARM no_variant=0 own_not_committed=0 tc=1 invalid_blocks=0 incomplete=0 gas_mismatch=0 direct_imports_failed=0 stuck_at_hashed_state=0 engine_idles_over_5s=1 proposals_given_up=0 tables_off_nodes=1 unanswered_reads=0 seal_first_total=1261 seal_first_direct=1261 direct_guard_errors=0 commit_ms_median=2 fold_ms_median=6 sealed_at_ms_median=62 state_ready_ms_median=87 build_total_ms_median=174 recover_us_median=0 par_exec_ms_median=26 par_exec_ms_median=26 giveback_filtered=0 giveback_offered_max=200000 seal_first=1261 reader_lag_max=13 reader_lag_warns=0 view_invalidated=0 el_sum_peak_g=38.2 el_max_peak_g=38.2 val_sum_peak_g=2.0 flood_peak_g=0.6 two_roads_blocks=0 two_roads_overlap_ms_median=- exec_on_output_declined=0 r1_collect_ms_median=5 proposal_at_ms_median=49 view_total_ms_median=61 import_exec_ms_median=- import_total_ms_median=- import_senders_ms_median=- import_convert_ms_median=- import_groups_median=- imports_over_600ms=0 min_avail_g=92.2 road_foreign_body_recv_ms=- road_foreign_body_decode_ms=- road_foreign_body_senders_ms=- road_foreign_body_parent_wait_ms=- road_foreign_body_check_ms=- road_foreign_body_total_ms=- road_new_payload_recv_ms=- road_new_payload_decode_ms=- road_new_payload_senders_ms=- road_new_payload_parent_wait_ms=- road_new_payload_check_ms=- road_new_payload_total_ms=- road_foreign_body_blocks=0 road_new_payload_blocks=0 fcu_answered=1547 fcu_in_flight_ms_median=0 fcu_queued_ms_median=0 fcu_queued_ms_max=145 fcu_refused=0 fcu_slow=4167 bodies_held=0 road_reuse_ms=- road_prepare_ms=- road_dispatch_ms=- road_convert_ms=- road_remember_ms=- road_header_ms=- road_fields_ms=- road_other_ms=- import_engine_ms_median=- gate_forced=0 gate_warns=0 flood_timeouts=0 canonical_min=3860 canonical_max=3860 chained_builds=2482 chain_lead_ms_median=58 chain_wait_ms_median=0 chain_started=2487 chain_discarded=5 chain_discard_reasons=_1_reason="no_,_1_reason="no_state_found_for_block_,_2_reason="the_chained_build_produced_nothing,_2_reason="the_execution_layer_produced_nothing,_1_reason="the_request_names_another_parent chain_alias_warns=0 el_chained=2500 bodies_held_warns=0 el_build_refused=3 el_build_refused_reasons=_2_no_QMDB_tree_for_parent_block_0x,_1_no_state_found_for_block_0x queued_p5=415500 queued_p50=1625000 road_compact_blocks=0 road_compact_recv_ms=- road_compact_assemble_ms=- road_compact_root_ms=- road_compact_miss_wait_ms=- road_compact_senders_ms=- road_compact_check_ms=- road_compact_other_ms=- road_compact_total_ms=- road_compact_misses_total= compact_refused_el=0 compact_fallbacks=0 compact_bytes_median=- pool_order9=14176 par_pull_ms_median=4 build_total_ms_median2=70 road_compact_filled_blocks=0 road_compact_filled_median=- road_compact_fill_ms_median=- need_txns=0 fill_failed=0 ingest_rate_gate_open_median=- ingest_gate_open_intervals=0 ingest_slots_busy_median=- flood_rate= fill_asked_proposer=0 fill_asked_other=0 loop_lines=2972 loop_unnamed_ms_median=48 loop_body_served_ms_median=- loop_txns_served_ms_median=- import_exec_ms_median2=- pip_partition_ms=- pip_env_ms=- pip_batch_ms=- pip_groups_ms=- pip_gas_ms=- pip_merge_ms=- pip_receipts_ms=- pip_drop_ms=- pip_other_ms=- pip_total_ms=- senders_indexed_median=- road_senders_ms_median=- road_total_ms_median=- pew_ms_median=- pew_ms_p90= gate_ms_median=- gate_ms_p90= root_ms_p50=- root_ms_p90= two_roads=0 not_on_output=0 not_on_output_why= ckpt_ms_first_q=2 ckpt_ms_last_q=29 ckpt_bytes_last=29795964 parent_still_importing=0 root_wait_ms_p50=- root_wait_ms_p90= tenures_low_seal=20 seal_first_share=0.99 empty_over_deep=0 near_empty_warns=0 no_seal_why= par_skipped_median=- usable_p5=415500 ckpt_replay_ms_last_q=12 candidates_zero=0 dropped_ingest=0 let_go_warns=0 let_go_reasons= parked_p50=0 parked_max=0 held_warns=0 park_capped_total=0 superseded_builds=0 empty_not_superseded=0 mass_park_warns=0 heads_lines=0 holes_lines=0 stale_parent_refusals=0 par_groups_p5=0 cancelled_decided=0 heads_nonce0=0 stale_unconfirmed= handovers=0 el_panics=0 decided_cancelled=0 min_window_blocks=395 road_desc_blocks=0 road_desc_total_ms=- road_desc_copy_ms=- desc_misses=0 fill_failed2=0 sf_par_collect_ms=0 sf_par_commit_ms=2 sf_par_fold_ms=6 sf_par_graft_ms=0 sf_par_prefault_ms=0 sf_par_exec_ms=26 sf_sealed_at_ms=62 sf_roots_ms=35 sf_state_ready_ms=87 sf_total_ms=174 ba_find_ms=0 ba_queue_ms=4 ba_total_ms=70 ba_on_output=1259 queue_fold_us=0 queue_lock_us=35 sf_par_exec_ms=26 sf_par_fold_ms=6 pip_groups_ms=- import_exec_ms_median2=- reads_d0=0 reads_hist=0 f_reads_d0=- f_reads_hist=- f_overlay_depth=- L_read_set_ms=0 read_set_accounts=0 read_set_unresolved=0 read_set_hits=0 read_set_misses=0 start_best_ms=- par_prep_ms=- gap_before_exec_ms=- gap_after_exec_ms=- gap_before_seal_ms=- index_ms=- road_copy_aside_ms=- road_copy_wait_ms=- road_total_ms=- queue_first_miss=queue_first_miss=0:2553,queue_first_miss=18446744073709551615:1271 root_append_behind=0 populate_lag_mb=0 swap_used_g=0 root_faults=- root_faults_p90= root_faults_entries=0 root_faults_offsets=0 root_faults_index=0 root_faults_bits=0 root_faults_twigs=0 root_faults_undo=0 root_faults_tmp=0 root_append_faults=0 root_twig_pool_misses=0 batch_max_ms=17 batch_min_ms=5 batch_median_ms=11 batch_cpu_max_ms=9 batch_txs_max=3500 batch_txs_min=500 batch_start_skew_ms=14 batch_wait_ms=0 loop_fetch_ns=0 loop_check_ns=0 loop_transfer_ns=0 loop_receipt_ns=0 loop_gas_ns=0 loop_sink_ns=0 loop_other_ns=0 batch_setup_ns=0 batch_close_ns=0 imp_exec_part_ms=- imp_exec_batches_ms=- imp_exec_graft_ms=- imp_exec_batches=- imp_exec_threads=- imp_exec_batch_max_ms=- imp_exec_batch_median_ms=- imp_parent_output_wait_ms=- road_parent_output_wait_ms=- next_start_gap_ms=1 next_entry_gap_ms=0 commit_body_ahead_used=- imp_exec_keys_ms=- imp_keys_ahead=- imp_exec_sink_ms=- imp_exec_pre_ms=- imp_exec_post_ms=- imp_exec_receipts_ms=- imp_exec_drop_ms=- root_gap_ms=- queue_whole=queue_whole=false:2553,queue_whole=true:1271 tick_tick_late_us=932 tick_preamble_us=342 tick_take_sealed_us=1 tick_sign_us=0 tick_cache_us=0 tick_presealed=- tick_describe_us=10 tick_publish_us=600 tick_tick_to_send_us=1999 road_check_ms=- road_check_include_us=- road_check_scan_us=- road_check_fold_us=- road_check_senders_us=- road_check_frames_summarized=- road_check_frames_scanned=- imp_exec_start_gap_us=- imp_gap_road_us=- imp_gap_header_us=- imp_gap_senders_us=- imp_gap_parent_us=- imp_gap_setup_us=- imp_gap_keys_wait_us=- sealed_at_p90= sealed_over_130=0 roots_ms=- cycle_p90= batch_max_ms=- batch_median_ms=- imp_batch_max=- forest_lock_warns=1272 root_seal_ms=1 root_seals=35 root_majflt=3 roots_p90= gp_layer=1269 ggp_missing=163 state_wait_split=0/0/0/0:1106,0/20/0/0:51,0/40/0/0:20 qmdb_releases=0 state_wait_on= imp_road_end_ms=- imp_exec_start_ms=- imp_exec_end_ms=- imp_root_end_ms=- imp_fields_ready_ms=- imp_parent_fields_wait_ms=- imp_exec_ms=- imp_root_ms=- imp_checks_ms=- imp_engine_ms=- imp_total_ms=- road_parent_fields_wait_ms=- exec_read_ms=0 L_exec_evm_ms=0 L_exec_write_ms=0 L_exec_other_ms=0 L_reads_cache=0 L_reads_provider=0 L_reads_view=0 L_graft_base_ms=0 L_graft_reserve_ms=0 L_graft_insert_ms=0 L_graft_reverts_ms=0 L_graft_other_ms=0 L_par_exec_ms=26 L_par_graft_ms=0 F_exec_read_ms=- F_exec_evm_ms=- F_exec_write_ms=- F_exec_other_ms=- F_reads_cache=- F_reads_provider=- F_reads_view=- F_groups_ms=- L_tx_root_wait_ms=0 L_par_exec_ms=26 L_par_graft_ms=0 L_par_fold_ms=6 L_sealed_ms=5 L_state_ready_ms=87 L_roots_ms=35 L_finish_ms=94 L_total_ms=174 L_setup_ms=0 L_par_pull_ms=4 L_give_back_ms=0 L_state_wait_ms=0 L_state_after_pull=1261 L_seal_at_exec=1261 L_tx_root_ahead=0 flood_w1=2685433 txs_p10=200000 acq_us=446 slots_busy=4 ingest_rate=2718001 L_scope_join_ms=0 L_par_release_ms=0 L_commit_body_ms=0 L_par_commit_ms=2 L_give_back_ms=0 L_sealed_ms=5 L_par_exec_ms=26 L_state_wait_ms=0 L_par_pull_ms=4 L_par_prep_ms=4 L_par_start_ms=10 L_pre_exec_ms=0 L_par_run_ms=27 L_sealed_at_ms=62 F_partition_ms=- F_env_ms=- F_groups_ms=- F_merge_ms=- F_reverts_wait_ms=- F_ahead_wait_ms=- F_total_ms=- I_engine_ms=- I_root_ms=- I_total_ms=- H_engine_remember_ms=- H_engine_listing_ms=- H_engine_new_payload_ms=- busy_us=1 L_par_start_ms=10 L_start_handoff_ms=4 L_start_best_ms=10 L_start_puller_ms=0 L_par_pull_ms=4 L_par_prep_ms=4 L_state_wait_ms=0 L_par_exec_ms=26 L_par_commit_ms=2 L_sealed_ms=5 L_sealed_at_ms=62 L_par_graft_ms=0 L_graft_insert_ms=0 L_graft_reverts_ms=0 L_graft_split_us=0 L_graft_build_us=0 L_graft_merge_us=0 L_state_ready_ms=87 Q_queue_ms=0 R_dispatch_wait_ms=- R_total_ms=- R_road_runtime=1 gate_holds=0 peer_fetch=0 pool_limit=limit=4 gate_opened=gate_opened_for_block=0 I_root_ms=- flood_rate_hdr=rate=6000000/s fills=0 fill_waited=- slots_busy=4 acq_us=446 busy_us=1 converged=0 fallbacks=0 busy_us=1 recover_us=0 tf_on_output=3 tf_fallback=0 still_importing=0 busy_us=1 slots_busy=4 batches=altsig_txs=0 altsig_batches=0 tf_on_output=3 tf_fallback=0 gate_holds=0 sign_s=sign 0s replay_note=replay       : 64 files from /data/n42-pregen/g900000-400m, 400000000 transactio sign_s=sign 0s shard=shard_verified=0 shard_claimed=0 road_verified=- slots_busy=4 gate_us=1435 reply_us=2033 queued=1625000 assemble_ms=- road_take_ms=- road_body_ms=- road_encode_ms=- shards=16 shard_insert_ms=0 shard_wait_ms=0 shard_fold_ms=4 shard_append_ms=224 shard_merge_ms=49 state_ready_ms=87 roots_ms=35 exec_read_ms=0 exec_evm_ms=0 exec_write_ms=0 exec_other_ms=0 reads_cache=0 reads_provider=0 reads_view=0 par_run_ms=27 fold_task_cpu_max_us=3840 fold_task_minflt_max=110 fold_task_minflt_sum=110 fold_task_migrated=0 fold_task_nivcsw_max=0 fold_index=1 fold_index_build_ms=3 fold_index_conflicts=8551 fold_queue_us=19 fold_skew_us=44 fold_task_max_us=3837 fold_tail_us=20 start_best_ms=10 start_select_ms=0 start_walk_ms=5 start_walk_check_ms=0 start_best_other_ms=0 start_frames_by_ref=400 start_frames_slow=0 start_pull_ms=0 start_other_ms=0 start_handoff_ms=4 par_start_ms=10 par_prep_ms=4 par_commit_ms=2 commit_body_ms=0 par_fold_ms=6 sealed_ms=5 copy_ms=- prune_ms=0 frames=- frames_missing=- frame_root_ms=- root_ms=- frames_admitted=frames_admitted=503345 frames_unaligned=0 frame_root_indexed=- seal_layout_ms=0 seal_root_ms=0 attested= busy_us=1 slots_busy=4 reply_us=2033 prune_ms=0 body_refused=0 body_failed_late=0
loop337WARM win1 tps=2,753,333 txs=82,600,000 blocks= 413 cycle=0.073s occupancy= 99.8% full(>=95%)=412/413 basefee=n/a (from the layer's log)
loop337WARM win2 tps=2,722,633 txs=81,679,000 blocks= 409 cycle=0.073s occupancy= 99.9% full(>=95%)=405/409 basefee=n/a (from the layer's log)
loop337WARM win3 tps=2,631,583 txs=78,947,500 blocks= 395 cycle=0.076s occupancy= 99.9% full(>=95%)=394/395 basefee=n/a (from the layer's log)
loop337WARM tps=2,753,333 round_txs=243226500 cycles_w1=
loop337WARM imp_fields_p90= b_p75=6
loop337WARM overlay: filter_skips=0 probes=0 ratio=- (ratio = skips/(skips+probes))
loop337WARM overlay_manager:       1 state_trie_overlay=false  state-ovly_cpu=0
loop337WARM verify: written to /data/blockchain/rust-fleet7-bench/bench-loop337WARM/verify.json
== loop337WARM  (E=1: seven validator keys on one execution layer)
  window 1: canonical 413 blocks, 82.6M tx = 2,753,333/s (100.0% of window 1), full 412/413 (100%); cycle mean/median/p90 72.4/64.0/94.3 ms
    leader builds 413: sealed_at median/p90/p99 62/82/122; phases median/p90 ms: gap_before_exec 1/21, state_wait 0/20, par 56/76, par_exec 26/29, roots 35/43, parent_fields 0/1, sealed 6/8
    state_wait_on {'none': 361, 'layer_release': 4, 'grandparent': 48}; builds with state_wait > 20 ms: 28 ([('grandparent', 28)]); gp_layer {1.0: 413}, ggp_missing {0.0: 365, 1.0: 48}
    queue at the builds min/median 630,500/1,891,000
    new field batch_dispatch_us: median/p90/max 23.0/60.0/248, nonzero 413
    new field batch_first_start_us: median/p90/max 14.0/27.0/46, nonzero 413
    new field batch_last_end_us: median/p90/max 25692.0/28733.0/78800, nonzero 413
    new field batch_last_start_us: median/p90/max 14366.0/16377.0/60059, nonzero 413
    new field batch_threads: median/p90/max 32.0/32.0/32, nonzero 413
    new field batches: median/p90/max 58.0/58.0/58, nonzero 413
    new field one_wave: {'false': 413}
    new field open_engine_us: median/p90/max 0.0/20150.0/102929, nonzero 48
    new field open_fallback: {'false': 365, 'true': 48}
    new field open_keep_us: median/p90/max 3.0/4.0/5822, nonzero 413
    new field open_layers: median/p90/max 3.0/3.0/3, nonzero 413
    new field open_provider_us: median/p90/max 105.0/155.0/545, nonzero 413
    new field prev_seal_to_answer_us: median/p90/max 6646.0/9364.0/15252, nonzero 413
    new field prev_seal_to_entry_us: median/p90/max 0.0/0.0/0, nonzero 0
    new field prev_seal_to_header_us: median/p90/max 170.0/259.0/436, nonzero 413
    new field prev_seal_to_import_us: median/p90/max 118764.0/157254.0/209821, nonzero 346
    new field prev_seal_to_request_us: median/p90/max 900.0/1246.0/139612, nonzero 413
    new field prev_seal_to_start_us: median/p90/max 1205.0/1533.0/139875, nonzero 413
    new field sealed_unix_us: median/p90/max 1791207114976558.0/1791207126818277.0/1791207129941519, nonzero 413
    new field start_walk_check_us: median/p90/max 115.0/1225.0/3455, nonzero 413
    new field start_walk_ids_us: median/p90/max 470.0/592.0/1253, nonzero 413
    new field start_walk_settle_us: median/p90/max 0.0/0.0/201, nonzero 1
    new field start_walk_us: median/p90/max 5332.0/6619.0/10124, nonzero 413
    new field state_wait_us: median/p90/max 164.0/20220.0/102997, nonzero 413
    binding wait (tick / quorum / seal share, mean cycle): tick 77% (67); quorum 7% (129); seal 16% (77); feed-bound (blocks under 95% of the tier): 1 of 413
    slowest key vote delay median/p90 28.1/80.6 ms
    engine own-import total_ms per block median/p90/max 42/67/113 (n=412)
    layer RSS 4.8 -> 25.6 G (max 25.6), in-memory blocks max 13
    execution layer cores busy 28.3    validators cores busy 1.1
    flood delivered (median per 5 s over the leg) 2,722,586/s
  window 2: canonical 409 blocks, 81.7M tx = 2,722,633/s (98.9% of window 1), full 405/409 (99%); cycle mean/median/p90 72.2/64.3/92.2 ms
    leader builds 409: sealed_at median/p90/p99 61/82/125; phases median/p90 ms: gap_before_exec 1/21, state_wait 0/20, par 54/75, par_exec 25/28, roots 35/42, parent_fields 0/0, sealed 5/8
    state_wait_on {'none': 349, 'grandparent': 49, 'layer_release': 11}; builds with state_wait > 20 ms: 25 ([('grandparent', 25)]); gp_layer {1.0: 409}, ggp_missing {0.0: 360, 1.0: 49}
    queue at the builds min/median 13,000/1,254,000
    new field batch_dispatch_us: median/p90/max 24.0/59.0/499, nonzero 409
    new field batch_first_start_us: median/p90/max 15.0/27.0/55, nonzero 409
    new field batch_last_end_us: median/p90/max 25365.0/27670.0/65005, nonzero 409
    new field batch_last_start_us: median/p90/max 14090.0/15487.0/45027, nonzero 409
    new field batch_threads: median/p90/max 32.0/32.0/32, nonzero 409
    new field batches: median/p90/max 58.0/58.0/61, nonzero 409
    new field one_wave: {'false': 409}
    new field open_engine_us: median/p90/max 0.0/20157.0/79870, nonzero 49
    new field open_fallback: {'false': 360, 'true': 49}
    new field open_keep_us: median/p90/max 3.0/4.0/6522, nonzero 409
    new field open_layers: median/p90/max 3.0/3.0/3, nonzero 409
    new field open_provider_us: median/p90/max 100.0/147.0/393, nonzero 409
    new field prev_seal_to_answer_us: median/p90/max 6880.0/9714.0/14388, nonzero 409
    new field prev_seal_to_entry_us: median/p90/max 0.0/0.0/0, nonzero 0
    new field prev_seal_to_header_us: median/p90/max 181.0/254.0/617, nonzero 409
    new field prev_seal_to_import_us: median/p90/max 120132.0/157992.0/236430, nonzero 336
    new field prev_seal_to_request_us: median/p90/max 927.0/1277.0/219685, nonzero 409
    new field prev_seal_to_start_us: median/p90/max 1218.0/1572.0/219935, nonzero 409
    new field sealed_unix_us: median/p90/max 1791207144825200.0/1791207157074548.0/1791207159908666, nonzero 409
    new field start_walk_check_us: median/p90/max 118.0/1079.0/6679, nonzero 409
    new field start_walk_ids_us: median/p90/max 364.0/504.0/627, nonzero 409
    new field start_walk_settle_us: median/p90/max 0.0/0.0/217, nonzero 1
    new field start_walk_us: median/p90/max 5202.0/6480.0/11571, nonzero 409
    new field state_wait_us: median/p90/max 156.0/20219.0/79970, nonzero 409
    binding wait (tick / quorum / seal share, mean cycle): tick 81% (67); quorum 7% (125); seal 12% (78); feed-bound (blocks under 95% of the tier): 4 of 409
    slowest key vote delay median/p90 34.1/76.4 ms
    engine own-import total_ms per block median/p90/max 46/74/122 (n=409)
    layer RSS 24.5 -> 30.5 G (max 30.8), in-memory blocks max 12
    execution layer cores busy 27.1    validators cores busy 1.0
  window 3: canonical 395 blocks, 78.9M tx = 2,631,583/s (95.6% of window 1), full 394/395 (100%); cycle -
    leader builds 395: sealed_at median/p90/p99 64/89/140; phases median/p90 ms: gap_before_exec 1/21, state_wait 0/20, par 55/78, par_exec 26/28, roots 35/46, parent_fields 0/1, sealed 5/9
    state_wait_on {'none': 329, 'grandparent': 59, 'layer_release': 7}; builds with state_wait > 20 ms: 31 ([('grandparent', 31)]); gp_layer {1.0: 395}, ggp_missing {0.0: 336, 1.0: 59}
    queue at the builds min/median 12,500/2,090,500
    new field batch_dispatch_us: median/p90/max 22.0/64.0/394, nonzero 395
    new field batch_first_start_us: median/p90/max 13.0/27.0/45, nonzero 395
    new field batch_last_end_us: median/p90/max 25708.0/28155.0/76293, nonzero 395
    new field batch_last_start_us: median/p90/max 14071.0/15744.0/46685, nonzero 395
    new field batch_threads: median/p90/max 32.0/32.0/32, nonzero 395
    new field batches: median/p90/max 58.0/58.0/59, nonzero 395
    new field one_wave: {'false': 395}
    new field open_engine_us: median/p90/max 0.0/20199.0/147471, nonzero 59
    new field open_fallback: {'false': 336, 'true': 59}
    new field open_keep_us: median/p90/max 3.0/4.0/6364, nonzero 395
    new field open_layers: median/p90/max 3.0/3.0/3, nonzero 395
    new field open_provider_us: median/p90/max 102.0/144.0/471, nonzero 395
    new field prev_seal_to_answer_us: median/p90/max 7075.0/9575.0/16119, nonzero 395
    new field prev_seal_to_entry_us: median/p90/max 0.0/0.0/0, nonzero 0
    new field prev_seal_to_header_us: median/p90/max 168.0/238.0/435, nonzero 395
    new field prev_seal_to_import_us: median/p90/max 113763.0/161732.0/275039, nonzero 313
    new field prev_seal_to_request_us: median/p90/max 902.0/1207.0/125781, nonzero 395
    new field prev_seal_to_start_us: median/p90/max 1166.0/1529.0/126010, nonzero 395
    new field sealed_unix_us: median/p90/max 1791207174877369.0/1791207186834431.0/1791207189887058, nonzero 395
    new field start_walk_check_us: median/p90/max 116.0/1121.0/5692, nonzero 395
    new field start_walk_ids_us: median/p90/max 459.0/622.0/1053, nonzero 395
    new field start_walk_settle_us: median/p90/max 0.0/0.0/0, nonzero 0
    new field start_walk_us: median/p90/max 5324.0/6538.0/10721, nonzero 395
    new field state_wait_us: median/p90/max 160.0/20273.0/147574, nonzero 395
    engine own-import total_ms per block median/p90/max 46/81/141 (n=395)
    layer RSS 30.8 -> 38.2 G (max 38.2), in-memory blocks max 14
    execution layer cores busy 26.6    validators cores busy 1.0
  round total (3 windows, canonical): 243.2M tx
  layer peak RSS 38.2 G; in-memory blocks max 14
  fields at seal: mode "early", verified 0, unchecked 0, mismatches 0 (last build line, cumulative)
  own_executed_again (built here and also directly imported): 0 of 1260 built blocks
== loop337WARM
  layer-0 leader window-1 builds 413: txs mean 200000, share >= 95% of the tier 100% (max 200000); sealed_at_ms 62.0/82.0; par_ms 56.0/77.0; par_exec_ms 26.0/29.0; roots_ms 35.0/43.0; parent_fields_ms 0.0/1.0; sealed_ms 6.0/8.0
  proposal cycle window 1 (n=429): mean 72.3 median 63.9 p90 94.3 ms; blocks in the 30 s: 429
  binding wait (tick / quorum / seal, share and mean cycle): tick 77.5% (66.8); quorum 6.8% (129.2); seal 15.7% (77.4)
  vote delay after the proposal, slowest key per block: median 28.1 p90 80.6 ms (slowest minus the median key: median 0.2); last key: {1: 70, 2: 77, 3: 64, 4: 72, 5: 56, 6: 74} of 413 blocks
  CPU in window 1 (cores busy): execution layers 28.3 over 1 process(es); validators 1.1 over 7 process(es)
  execution layer peak RSS 38.2 G; in-memory blocks max 14 (node0 and others, all layers)
  blocks built here 1260; none also directly imported
  import-once counters at the last direct import: ; start-up lines with import_once=true: 1; queue-lock lines 0
  layer-0 queue (queued after canonical prune), median per 10 s: t+0:2118500 t+20:1824250 t+40:1184000 t+60:765500 t+80:2227500
  flood: median per 5 s 2722586/s, final -
  timeout / given-up lines: 1; 13:31:11 v0 INFO process_event{view=1 kind="message"}: n42::cl::timeout: TC formed
loop337WARM page_faults_per_s_median: node0=155379 
leg loop337RF64: /data free 1030G (needs 120 G)
leg loop337RF64 start 09:35:44 load 4.29
round loop337RF64 exit 0 at 09:38:34
loop337RF64 save stages (node0, seconds summed over the leg / count): batch_size=1753.0/560  batch_size=1753.0/560  reth_consensus_engine_beacon_persistence_duration=82.4/560  duration_seconds=80.2/560  total=76.8/560  scope=59.7/560  sf=59.7/560  sf_transactions=59.5/560  sf_receipts=24.6/560  sf_account_changesets=22.4/560
el binary: /data/n42-build/target-n42-rs/native/release/n42 env: N42_IMPORT_ONCE=1 N42_SETTLEMENT_TAGS=legacy N42_BUILD_THROTTLE_SOFT=48 F7_EL_MAP=0,0,0,0,0,0,0 N42_FIELDS_AT_SEAL=1 N42_TX_INGEST_RECOVER_PARALLEL=64 N42_PARALLEL_BUILD_THREADS=32 N42_HASHED_TABLES=off F7_FLOOD_RATE=6000000 N42_COMPACT_BODY=1 MALLOC_CONF=thp:always,oversize_threshold:0,dirty_decay_ms:2000,background_thread:true N42_ACCOUNT_HISTORY=off N42_TAKE_COMPACT=1 N42_ROAD_RUNTIME=1 N42_TX_INGEST_HIGH_WATER=2500000 F7_BENCH_POOL_SLOTS=3000000 N42_BUILD_THROTTLE_HARD=80 RAYON_NUM_THREADS=16 TOKIO_WORKER_THREADS=16 N42_QMDB_READS=on N42_LEADER_LAYERS=3 F7_BLOCK_INTERVAL_MS=60 F7_MEASURE_FROM_LOG=1
validator env: N42_IMPORT_ONCE=1 N42_SETTLEMENT_TAGS=legacy N42_BUILD_THROTTLE_SOFT=48 F7_EL_MAP=0,0,0,0,0,0,0 N42_FIELDS_AT_SEAL=1 N42_PARALLEL_BUILD_THREADS=32 N42_HASHED_TABLES=off F7_FLOOD_RATE=6000000 N42_COMPACT_BODY=1 N42_ACCOUNT_HISTORY=off N42_TAKE_COMPACT=1 N42_ROAD_RUNTIME=1 N42_TX_INGEST_HIGH_WATER=2500000 F7_BENCH_POOL_SLOTS=3000000 N42_BUILD_THROTTLE_HARD=80 RAYON_NUM_THREADS=16 TOKIO_WORKER_THREADS=16 N42_QMDB_READS=on N42_LEADER_LAYERS=3 F7_MEASURE_FROM_LOG=1
loop337RF64 once: start-up lines import_once=true 1; last direct-import counters 
loop337RF64 imports: layers=1 direct_imports=0 canonical_blocks=3806 import_once_lines=1 (per layer: direct imports should equal canonical blocks for one execution per block)
grep: /data/blockchain/rust-fleet7-bench/node1/el.log: No such file or directory
grep: /data/blockchain/rust-fleet7-bench/node2/el.log: No such file or directory
grep: /data/blockchain/rust-fleet7-bench/node3/el.log: No such file or directory
grep: /data/blockchain/rust-fleet7-bench/node1/el.log: No such file or directory
grep: /data/blockchain/rust-fleet7-bench/node2/el.log: No such file or directory
grep: /data/blockchain/rust-fleet7-bench/node3/el.log: No such file or directory
cat: /data/blockchain/rust-fleet7-bench/node2/el.log: No such file or directory
cat: /data/blockchain/rust-fleet7-bench/node2/el.log: No such file or directory
cat: /data/blockchain/rust-fleet7-bench/node2/el.log: No such file or directory
cat: /data/blockchain/rust-fleet7-bench/node1/el.log: No such file or directory
cat: /data/blockchain/rust-fleet7-bench/node2/el.log: No such file or directory
cat: /data/blockchain/rust-fleet7-bench/node3/el.log: No such file or directory
Traceback (most recent call last):
  File [35m"<stdin>"[0m, line [35m4[0m, in [35m<module>[0m
[1;35mIndexError[0m: [35mlist index out of range[0m
loop337RF64 no_variant=0 own_not_committed=0 tc=1 invalid_blocks=0 incomplete=0 gas_mismatch=0 direct_imports_failed=0 stuck_at_hashed_state=0 engine_idles_over_5s=1 proposals_given_up=0 tables_off_nodes=1 unanswered_reads=0 seal_first_total=1253 seal_first_direct=1253 direct_guard_errors=0 commit_ms_median=2 fold_ms_median=6 sealed_at_ms_median=64 state_ready_ms_median=87 build_total_ms_median=175 recover_us_median=0 par_exec_ms_median=26 par_exec_ms_median=26 giveback_filtered=0 giveback_offered_max=200000 seal_first=1253 reader_lag_max=12 reader_lag_warns=0 view_invalidated=0 el_sum_peak_g=37.6 el_max_peak_g=37.6 val_sum_peak_g=2.0 flood_peak_g=0.6 two_roads_blocks=0 two_roads_overlap_ms_median=- exec_on_output_declined=0 r1_collect_ms_median=5 proposal_at_ms_median=49 view_total_ms_median=61 import_exec_ms_median=- import_total_ms_median=- import_senders_ms_median=- import_convert_ms_median=- import_groups_median=- imports_over_600ms=0 min_avail_g=91.3 road_foreign_body_recv_ms=- road_foreign_body_decode_ms=- road_foreign_body_senders_ms=- road_foreign_body_parent_wait_ms=- road_foreign_body_check_ms=- road_foreign_body_total_ms=- road_new_payload_recv_ms=- road_new_payload_decode_ms=- road_new_payload_senders_ms=- road_new_payload_parent_wait_ms=- road_new_payload_check_ms=- road_new_payload_total_ms=- road_foreign_body_blocks=0 road_new_payload_blocks=0 fcu_answered=1558 fcu_in_flight_ms_median=0 fcu_queued_ms_median=0 fcu_queued_ms_max=178 fcu_refused=0 fcu_slow=4078 bodies_held=0 road_reuse_ms=- road_prepare_ms=- road_dispatch_ms=- road_convert_ms=- road_remember_ms=- road_header_ms=- road_fields_ms=- road_other_ms=- import_engine_ms_median=- gate_forced=0 gate_warns=0 flood_timeouts=0 canonical_min=3843 canonical_max=3843 chained_builds=2467 chain_lead_ms_median=58 chain_wait_ms_median=0 chain_started=2471 chain_discarded=3 chain_discard_reasons=_1_reason="no_,_1_reason="the_chained_build_produced_nothing,_1_reason="the_execution_layer_produced_nothing,_1_reason="the_request_names_another_parent chain_alias_warns=0 el_chained=2485 bodies_held_warns=0 el_build_refused=2 el_build_refused_reasons=_2_no_QMDB_tree_for_parent_block_0x queued_p5=428000 queued_p50=1996000 road_compact_blocks=0 road_compact_recv_ms=- road_compact_assemble_ms=- road_compact_root_ms=- road_compact_miss_wait_ms=- road_compact_senders_ms=- road_compact_check_ms=- road_compact_other_ms=- road_compact_total_ms=- road_compact_misses_total= compact_refused_el=0 compact_fallbacks=0 compact_bytes_median=- pool_order9=14040 par_pull_ms_median=5 build_total_ms_median2=71 road_compact_filled_blocks=0 road_compact_filled_median=- road_compact_fill_ms_median=- need_txns=0 fill_failed=0 ingest_rate_gate_open_median=- ingest_gate_open_intervals=0 ingest_slots_busy_median=- flood_rate= fill_asked_proposer=0 fill_asked_other=0 loop_lines=2930 loop_unnamed_ms_median=48 loop_body_served_ms_median=- loop_txns_served_ms_median=- import_exec_ms_median2=- pip_partition_ms=- pip_env_ms=- pip_batch_ms=- pip_groups_ms=- pip_gas_ms=- pip_merge_ms=- pip_receipts_ms=- pip_drop_ms=- pip_other_ms=- pip_total_ms=- senders_indexed_median=- road_senders_ms_median=- road_total_ms_median=- pew_ms_median=- pew_ms_p90= gate_ms_median=- gate_ms_p90= root_ms_p50=- root_ms_p90= two_roads=0 not_on_output=0 not_on_output_why= ckpt_ms_first_q=2 ckpt_ms_last_q=30 ckpt_bytes_last=29640484 parent_still_importing=2 root_wait_ms_p50=- root_wait_ms_p90= tenures_low_seal=20 seal_first_share=0.99 empty_over_deep=0 near_empty_warns=0 no_seal_why= par_skipped_median=- usable_p5=428000 ckpt_replay_ms_last_q=12 candidates_zero=0 dropped_ingest=0 let_go_warns=0 let_go_reasons= parked_p50=0 parked_max=0 held_warns=0 park_capped_total=0 superseded_builds=0 empty_not_superseded=0 mass_park_warns=0 heads_lines=0 holes_lines=0 stale_parent_refusals=0 par_groups_p5=0 cancelled_decided=0 heads_nonce0=0 stale_unconfirmed= handovers=2 el_panics=0 decided_cancelled=0 min_window_blocks=398 road_desc_blocks=0 road_desc_total_ms=- road_desc_copy_ms=- desc_misses=0 fill_failed2=0 sf_par_collect_ms=0 sf_par_commit_ms=2 sf_par_fold_ms=6 sf_par_graft_ms=0 sf_par_prefault_ms=0 sf_par_exec_ms=26 sf_sealed_at_ms=64 sf_roots_ms=35 sf_state_ready_ms=87 sf_total_ms=175 ba_find_ms=0 ba_queue_ms=4 ba_total_ms=71 ba_on_output=1250 queue_fold_us=0 queue_lock_us=66 sf_par_exec_ms=26 sf_par_fold_ms=6 pip_groups_ms=- import_exec_ms_median2=- reads_d0=0 reads_hist=0 f_reads_d0=- f_reads_hist=- f_overlay_depth=- L_read_set_ms=0 read_set_accounts=0 read_set_unresolved=0 read_set_hits=0 read_set_misses=0 start_best_ms=- par_prep_ms=- gap_before_exec_ms=- gap_after_exec_ms=- gap_before_seal_ms=- index_ms=- road_copy_aside_ms=- road_copy_wait_ms=- road_total_ms=- queue_first_miss=queue_first_miss=0:2542,queue_first_miss=18446744073709551615:1264 root_append_behind=0 populate_lag_mb=0 swap_used_g=0 root_faults=- root_faults_p90= root_faults_entries=0 root_faults_offsets=0 root_faults_index=0 root_faults_bits=0 root_faults_twigs=0 root_faults_undo=0 root_faults_tmp=0 root_append_faults=0 root_twig_pool_misses=0 batch_max_ms=17 batch_min_ms=5 batch_median_ms=11 batch_cpu_max_ms=10 batch_txs_max=3500 batch_txs_min=500 batch_start_skew_ms=14 batch_wait_ms=0 loop_fetch_ns=0 loop_check_ns=0 loop_transfer_ns=0 loop_receipt_ns=0 loop_gas_ns=0 loop_sink_ns=0 loop_other_ns=0 batch_setup_ns=0 batch_close_ns=0 imp_exec_part_ms=- imp_exec_batches_ms=- imp_exec_graft_ms=- imp_exec_batches=- imp_exec_threads=- imp_exec_batch_max_ms=- imp_exec_batch_median_ms=- imp_parent_output_wait_ms=- road_parent_output_wait_ms=- next_start_gap_ms=1 next_entry_gap_ms=0 commit_body_ahead_used=- imp_exec_keys_ms=- imp_keys_ahead=- imp_exec_sink_ms=- imp_exec_pre_ms=- imp_exec_post_ms=- imp_exec_receipts_ms=- imp_exec_drop_ms=- root_gap_ms=- queue_whole=queue_whole=false:2542,queue_whole=true:1264 tick_tick_late_us=935 tick_preamble_us=342 tick_take_sealed_us=1 tick_sign_us=0 tick_cache_us=0 tick_presealed=- tick_describe_us=10 tick_publish_us=600 tick_tick_to_send_us=2011 road_check_ms=- road_check_include_us=- road_check_scan_us=- road_check_fold_us=- road_check_senders_us=- road_check_frames_summarized=- road_check_frames_scanned=- imp_exec_start_gap_us=- imp_gap_road_us=- imp_gap_header_us=- imp_gap_senders_us=- imp_gap_parent_us=- imp_gap_setup_us=- imp_gap_keys_wait_us=- sealed_at_p90= sealed_over_130=0 roots_ms=- cycle_p90= batch_max_ms=- batch_median_ms=- imp_batch_max=- forest_lock_warns=1275 root_seal_ms=1 root_seals=34 root_majflt=5 roots_p90= gp_layer=1260 ggp_missing=142 state_wait_split=0/0/0/0:1118,0/20/0/0:36,0/40/0/0:26 qmdb_releases=0 state_wait_on= imp_road_end_ms=- imp_exec_start_ms=- imp_exec_end_ms=- imp_root_end_ms=- imp_fields_ready_ms=- imp_parent_fields_wait_ms=- imp_exec_ms=- imp_root_ms=- imp_checks_ms=- imp_engine_ms=- imp_total_ms=- road_parent_fields_wait_ms=- exec_read_ms=0 L_exec_evm_ms=0 L_exec_write_ms=0 L_exec_other_ms=0 L_reads_cache=0 L_reads_provider=0 L_reads_view=0 L_graft_base_ms=0 L_graft_reserve_ms=0 L_graft_insert_ms=0 L_graft_reverts_ms=0 L_graft_other_ms=0 L_par_exec_ms=26 L_par_graft_ms=0 F_exec_read_ms=- F_exec_evm_ms=- F_exec_write_ms=- F_exec_other_ms=- F_reads_cache=- F_reads_provider=- F_reads_view=- F_groups_ms=- L_tx_root_wait_ms=0 L_par_exec_ms=26 L_par_graft_ms=0 L_par_fold_ms=6 L_sealed_ms=5 L_state_ready_ms=87 L_roots_ms=35 L_finish_ms=95 L_total_ms=175 L_setup_ms=0 L_par_pull_ms=5 L_give_back_ms=0 L_state_wait_ms=0 L_state_after_pull=1253 L_seal_at_exec=1253 L_tx_root_ahead=0 flood_w1=2684134 txs_p10=200000 acq_us=449 slots_busy=4 ingest_rate=2706046 L_scope_join_ms=0 L_par_release_ms=0 L_commit_body_ms=0 L_par_commit_ms=2 L_give_back_ms=0 L_sealed_ms=5 L_par_exec_ms=26 L_state_wait_ms=0 L_par_pull_ms=5 L_par_prep_ms=3 L_par_start_ms=10 L_pre_exec_ms=0 L_par_run_ms=28 L_sealed_at_ms=64 F_partition_ms=- F_env_ms=- F_groups_ms=- F_merge_ms=- F_reverts_wait_ms=- F_ahead_wait_ms=- F_total_ms=- I_engine_ms=- I_root_ms=- I_total_ms=- H_engine_remember_ms=- H_engine_listing_ms=- H_engine_new_payload_ms=- busy_us=1 L_par_start_ms=10 L_start_handoff_ms=4 L_start_best_ms=10 L_start_puller_ms=0 L_par_pull_ms=5 L_par_prep_ms=3 L_state_wait_ms=0 L_par_exec_ms=26 L_par_commit_ms=2 L_sealed_ms=5 L_sealed_at_ms=64 L_par_graft_ms=0 L_graft_insert_ms=0 L_graft_reverts_ms=0 L_graft_split_us=0 L_graft_build_us=0 L_graft_merge_us=0 L_state_ready_ms=87 Q_queue_ms=0 R_dispatch_wait_ms=- R_total_ms=- R_road_runtime=1 gate_holds=0 peer_fetch=0 pool_limit=limit=4 gate_opened=gate_opened_for_block=0 I_root_ms=- flood_rate_hdr=rate=6000000/s fills=0 fill_waited=- slots_busy=4 acq_us=449 busy_us=1 converged=0 fallbacks=0 busy_us=1 recover_us=0 tf_on_output=3 tf_fallback=0 still_importing=2 busy_us=1 slots_busy=4 batches=altsig_txs=0 altsig_batches=0 tf_on_output=3 tf_fallback=0 gate_holds=0 sign_s=sign 0s replay_note=replay       : 64 files from /data/n42-pregen/g900000-400m, 400000000 transactio sign_s=sign 0s shard=shard_verified=0 shard_claimed=0 road_verified=- slots_busy=4 gate_us=1994 reply_us=2608 queued=1996000 assemble_ms=- road_take_ms=- road_body_ms=- road_encode_ms=- shards=16 shard_insert_ms=0 shard_wait_ms=0 shard_fold_ms=4 shard_append_ms=224 shard_merge_ms=48 state_ready_ms=87 roots_ms=35 exec_read_ms=0 exec_evm_ms=0 exec_write_ms=0 exec_other_ms=0 reads_cache=0 reads_provider=0 reads_view=0 par_run_ms=28 fold_task_cpu_max_us=3722 fold_task_minflt_max=110 fold_task_minflt_sum=110 fold_task_migrated=0 fold_task_nivcsw_max=0 fold_index=1 fold_index_build_ms=3 fold_index_conflicts=7942 fold_queue_us=21 fold_skew_us=43 fold_task_max_us=3720 fold_tail_us=20 start_best_ms=10 start_select_ms=0 start_walk_ms=5 start_walk_check_ms=0 start_best_other_ms=0 start_frames_by_ref=400 start_frames_slow=0 start_pull_ms=0 start_other_ms=0 start_handoff_ms=4 par_start_ms=10 par_prep_ms=3 par_commit_ms=2 commit_body_ms=0 par_fold_ms=6 sealed_ms=5 copy_ms=- prune_ms=0 frames=- frames_missing=- frame_root_ms=- root_ms=- frames_admitted=frames_admitted=499838 frames_unaligned=0 frame_root_indexed=- seal_layout_ms=0 seal_root_ms=0 attested= busy_us=1 slots_busy=4 reply_us=2608 prune_ms=0 body_refused=0 body_failed_late=0
loop337RF64 win1 tps=2,706,667 txs=81,200,000 blocks= 406 cycle=0.074s occupancy=100.0% full(>=95%)=405/406 basefee=n/a (from the layer's log)
loop337RF64 win2 tps=2,700,000 txs=81,000,000 blocks= 405 cycle=0.074s occupancy=100.0% full(>=95%)=405/405 basefee=n/a (from the layer's log)
loop337RF64 win3 tps=2,643,267 txs=79,298,000 blocks= 398 cycle=0.075s occupancy= 99.6% full(>=95%)=390/398 basefee=n/a (from the layer's log)
loop337RF64 tps=2,706,667 round_txs=241498000 cycles_w1=
loop337RF64 imp_fields_p90= b_p75=6
loop337RF64 overlay: filter_skips=0 probes=0 ratio=- (ratio = skips/(skips+probes))
loop337RF64 overlay_manager:       1 state_trie_overlay=false  state-ovly_cpu=0
loop337RF64 verify: written to /data/blockchain/rust-fleet7-bench/bench-loop337RF64/verify.json
== loop337RF64  (E=1: seven validator keys on one execution layer)
  window 1: canonical 407 blocks, 81.4M tx = 2,712,267/s (100.0% of window 1), full 405/407 (100%); cycle mean/median/p90 73.3/67.2/93.2 ms
    leader builds 408: sealed_at median/p90/p99 63/85/122; phases median/p90 ms: gap_before_exec 1/21, state_wait 0/20, par 55/80, par_exec 26/30, roots 34/43, parent_fields 0/0, sealed 5/8
    state_wait_on {'none': 351, 'grandparent': 51, 'layer_release': 6}; builds with state_wait > 20 ms: 32 ([('grandparent', 32)]); gp_layer {1.0: 408}, ggp_missing {0.0: 357, 1.0: 51}
    queue at the builds min/median 507,000/2,206,000
    new field batch_dispatch_us: median/p90/max 24.0/66.0/196, nonzero 408
    new field batch_first_start_us: median/p90/max 15.0/30.0/72, nonzero 408
    new field batch_last_end_us: median/p90/max 26282.5/29868.0/78795, nonzero 408
    new field batch_last_start_us: median/p90/max 14444.0/16839.0/51217, nonzero 408
    new field batch_threads: median/p90/max 32.0/32.0/32, nonzero 408
    new field batches: median/p90/max 58.0/58.0/58, nonzero 408
    new field one_wave: {'false': 408}
    new field open_engine_us: median/p90/max 0.0/20146.0/124945, nonzero 51
    new field open_fallback: {'false': 357, 'true': 51}
    new field open_keep_us: median/p90/max 3.0/4.0/4962, nonzero 408
    new field open_layers: median/p90/max 3.0/3.0/3, nonzero 408
    new field open_provider_us: median/p90/max 102.0/144.0/332, nonzero 408
    new field prev_seal_to_answer_us: median/p90/max 6163.0/8646.0/14858, nonzero 408
    new field prev_seal_to_entry_us: median/p90/max 0.0/0.0/0, nonzero 0
    new field prev_seal_to_header_us: median/p90/max 182.5/257.0/436, nonzero 408
    new field prev_seal_to_import_us: median/p90/max 109814.5/152333.0/197624, nonzero 337
    new field prev_seal_to_request_us: median/p90/max 921.0/1258.0/164829, nonzero 408
    new field prev_seal_to_start_us: median/p90/max 1193.0/1555.0/165128, nonzero 408
    new field sealed_unix_us: median/p90/max 1791207432698740.0/1791207444996421.0/1791207447879732, nonzero 408
    new field start_walk_check_us: median/p90/max 119.0/1558.0/7952, nonzero 408
    new field start_walk_ids_us: median/p90/max 489.5/608.0/1131, nonzero 408
    new field start_walk_settle_us: median/p90/max 0.0/0.0/851, nonzero 1
    new field start_walk_us: median/p90/max 5250.0/7057.0/13300, nonzero 408
    new field state_wait_us: median/p90/max 157.0/20215.0/125014, nonzero 408
    binding wait (tick / quorum / seal share, mean cycle): tick 66% (67); quorum 7% (128); seal 27% (76); feed-bound (blocks under 95% of the tier): 2 of 407
    slowest key vote delay median/p90 24.9/79.4 ms
    engine own-import total_ms per block median/p90/max 42/63/112 (n=406)
    layer RSS 4.8 -> 25.3 G (max 25.3), in-memory blocks max 13
    execution layer cores busy 27.4    validators cores busy 1.0
    flood delivered (median per 5 s over the leg) 2,690,376/s
  window 2: canonical 405 blocks, 81.0M tx = 2,700,000/s (99.5% of window 1), full 405/405 (100%); cycle mean/median/p90 73.4/63.3/102.3 ms
    leader builds 405: sealed_at median/p90/p99 64/83/137; phases median/p90 ms: gap_before_exec 1/8, state_wait 0/6, par 55/76, par_exec 27/30, roots 36/44, parent_fields 0/0, sealed 5/8
    state_wait_on {'none': 358, 'layer_release': 6, 'grandparent': 41}; builds with state_wait > 20 ms: 25 ([('grandparent', 25)]); gp_layer {1.0: 405}, ggp_missing {0.0: 364, 1.0: 41}
    queue at the builds min/median 988,000/2,091,500
    new field batch_dispatch_us: median/p90/max 26.0/73.0/518, nonzero 405
    new field batch_first_start_us: median/p90/max 17.0/32.0/58, nonzero 405
    new field batch_last_end_us: median/p90/max 26521.0/29647.0/62708, nonzero 405
    new field batch_last_start_us: median/p90/max 14497.0/16869.0/41396, nonzero 405
    new field batch_threads: median/p90/max 32.0/32.0/32, nonzero 405
    new field batches: median/p90/max 58.0/58.0/58, nonzero 405
    new field one_wave: {'false': 405}
    new field open_engine_us: median/p90/max 0.0/5204.0/125063, nonzero 41
    new field open_fallback: {'false': 364, 'true': 41}
    new field open_keep_us: median/p90/max 3.0/4.0/7314, nonzero 405
    new field open_layers: median/p90/max 3.0/3.0/3, nonzero 405
    new field open_provider_us: median/p90/max 101.0/149.0/248, nonzero 405
    new field prev_seal_to_answer_us: median/p90/max 6736.0/9493.0/13209, nonzero 405
    new field prev_seal_to_entry_us: median/p90/max 0.0/0.0/0, nonzero 0
    new field prev_seal_to_header_us: median/p90/max 189.0/260.0/476, nonzero 405
    new field prev_seal_to_import_us: median/p90/max 123935.0/162002.0/228938, nonzero 347
    new field prev_seal_to_request_us: median/p90/max 925.0/1253.0/183612, nonzero 405
    new field prev_seal_to_start_us: median/p90/max 1201.0/1509.0/183932, nonzero 405
    new field sealed_unix_us: median/p90/max 1791207462922333.0/1791207474812658.0/1791207477789246, nonzero 405
    new field start_walk_check_us: median/p90/max 116.0/898.0/7769, nonzero 405
    new field start_walk_ids_us: median/p90/max 483.0/652.0/1155, nonzero 405
    new field start_walk_settle_us: median/p90/max 0.0/0.0/225, nonzero 1
    new field start_walk_us: median/p90/max 5235.0/6477.0/12893, nonzero 405
    new field state_wait_us: median/p90/max 153.0/6675.0/125138, nonzero 405
    binding wait (tick / quorum / seal share, mean cycle): tick 79% (67); quorum 8% (125); seal 14% (77); feed-bound (blocks under 95% of the tier): 0 of 405
    slowest key vote delay median/p90 27.0/84.0 ms
    engine own-import total_ms per block median/p90/max 46/73/137 (n=406)
    layer RSS 24.0 -> 30.7 G (max 30.7), in-memory blocks max 12
    execution layer cores busy 27.2    validators cores busy 1.0
  window 3: canonical 398 blocks, 79.3M tx = 2,643,267/s (97.5% of window 1), full 390/398 (98%); cycle -
    leader builds 399: sealed_at median/p90/p99 64/85/127; phases median/p90 ms: gap_before_exec 1/21, state_wait 0/20, par 55/78, par_exec 26/29, roots 36/47, parent_fields 0/3, sealed 6/10
    state_wait_on {'none': 348, 'grandparent': 44, 'layer_release': 7}; builds with state_wait > 20 ms: 29 ([('grandparent', 29)]); gp_layer {1.0: 399}, ggp_missing {0.0: 355, 1.0: 44}
    queue at the builds min/median 15,500/1,340,000
    new field batch_dispatch_us: median/p90/max 23.0/64.0/3594, nonzero 399
    new field batch_first_start_us: median/p90/max 15.0/28.0/42, nonzero 399
    new field batch_last_end_us: median/p90/max 26040.0/29003.0/57794, nonzero 399
    new field batch_last_start_us: median/p90/max 14366.0/16154.0/42843, nonzero 399
    new field batch_threads: median/p90/max 32.0/32.0/32, nonzero 399
    new field batches: median/p90/max 58.0/58.0/64, nonzero 399
    new field one_wave: {'false': 399}
    new field open_engine_us: median/p90/max 0.0/20142.0/144090, nonzero 44
    new field open_fallback: {'false': 355, 'true': 44}
    new field open_keep_us: median/p90/max 3.0/4.0/5799, nonzero 399
    new field open_layers: median/p90/max 3.0/3.0/3, nonzero 399
    new field open_provider_us: median/p90/max 100.0/150.0/308, nonzero 399
    new field prev_seal_to_answer_us: median/p90/max 7264.0/10266.0/17785, nonzero 399
    new field prev_seal_to_entry_us: median/p90/max 0.0/0.0/0, nonzero 0
    new field prev_seal_to_header_us: median/p90/max 173.0/257.0/568, nonzero 399
    new field prev_seal_to_import_us: median/p90/max 120989.0/166754.0/218944, nonzero 326
    new field prev_seal_to_request_us: median/p90/max 908.0/1309.0/138158, nonzero 399
    new field prev_seal_to_start_us: median/p90/max 1177.0/1581.0/138354, nonzero 399
    new field sealed_unix_us: median/p90/max 1791207492945542.0/1791207504964204.0/1791207507881226, nonzero 399
    new field start_walk_check_us: median/p90/max 122.0/872.0/7146, nonzero 399
    new field start_walk_ids_us: median/p90/max 363.0/545.0/834, nonzero 399
    new field start_walk_settle_us: median/p90/max 0.0/0.0/0, nonzero 0
    new field start_walk_us: median/p90/max 5135.0/6293.0/11984, nonzero 399
    new field state_wait_us: median/p90/max 154.0/20225.0/144165, nonzero 399
    engine own-import total_ms per block median/p90/max 46/79/137 (n=398)
    layer RSS 30.1 -> 38.0 G (max 38.0), in-memory blocks max 12
    execution layer cores busy 26.8    validators cores busy 1.0
  round total (3 windows, canonical): 241.7M tx
  layer peak RSS 38.0 G; in-memory blocks max 13
  fields at seal: mode "early", verified 0, unchecked 0, mismatches 0 (last build line, cumulative)
  own_executed_again (built here and also directly imported): 0 of 1252 built blocks
== loop337RF64
  layer-0 leader window-1 builds 409: txs mean 199922, share >= 95% of the tier 100% (max 200000); sealed_at_ms 63.0/85.0; par_ms 55.0/80.0; par_exec_ms 26.0/30.0; roots_ms 34.0/43.0; parent_fields_ms 0.0/0.0; sealed_ms 5.0/8.0
  proposal cycle window 1 (n=423): mean 73.3 median 67.1 p90 93.2 ms; blocks in the 30 s: 423
  binding wait (tick / quorum / seal, share and mean cycle): tick 66.1% (66.9); quorum 7.1% (128.0); seal 26.8% (76.0)
  vote delay after the proposal, slowest key per block: median 24.9 p90 79.4 ms (slowest minus the median key: median 0.2); last key: {1: 84, 2: 66, 3: 57, 4: 79, 5: 55, 6: 66} of 407 blocks
  CPU in window 1 (cores busy): execution layers 27.4 over 1 process(es); validators 1.0 over 7 process(es)
  execution layer peak RSS 38.0 G; in-memory blocks max 13 (node0 and others, all layers)
  blocks built here 1252; none also directly imported
  import-once counters at the last direct import: ; start-up lines with import_once=true: 1; queue-lock lines 0
  layer-0 queue (queued after canonical prune), median per 10 s: t+0:1650000 t+20:2304750 t+40:2126000 t+60:1030500 t+80:2206000
  flood: median per 5 s 2690376/s, final -
  timeout / given-up lines: 1; 13:36:29 v0 INFO process_event{view=1 kind="message"}: n42::cl::timeout: TC formed
loop337RF64 page_faults_per_s_median: node0=154890 
feedcheck loop337RF64: ok (block 200,000 tx)
== loop337RF64: feed check (acq_us / gate_us / reply_us are per frame of 500; rate per 5 s `ingest` line)
  window 1: ingest lines 6; acq_us 451 (max 458); gate_us 2506; reply_us 3084; slots_busy 4%; delivered median 2,709,819/s max 2,842,224/s; queue at builds median 2,206,000 min 507,000; full 100% of 407 blocks
  window 2: ingest lines 6; acq_us 448 (max 451); gate_us 1978; reply_us 2566; slots_busy 4%; delivered median 2,698,043/s max 2,718,895/s; queue at builds median 2,091,500 min 988,000; full 100% of 405 blocks
  window 3: ingest lines 6; acq_us 447 (max 453); gate_us 1440; reply_us 2058; slots_busy 4%; delivered median 2,715,046/s max 2,750,898/s; queue at builds median 1,346,000 min 15,500; full 98% of 398 blocks
  flood.log (+15..+100 s): rate per 5 s median 2,689,876/s max 2,842,733/s; reply latency median 71.5 ms max 74.7 ms
== loop337RF64: 1212 full builds in the 3 windows
  par_exec_ms 26/30; par_run_ms 28/50; batch_start_skew_ms 14/16; batch_median_ms 11/13; batch_max_ms 17/22; batch_first_start_us 15/30; batch_last_start_us 14456/16545; batch_dispatch_us 24/67; batch_last_end_us 26272/29436; batches 58/58; batch_threads 32/32; batch_txs_max 3500/3500; batch_txs_min 500/500; start_walk_ms 5/6; start_walk_check_ms 0/1; par_start_ms 10/25; sealed_at_ms 64/84; prev_seal_to_answer_us 6763/9422; prev_seal_to_entry_us 0/0; prev_seal_to_header_us 181/259; prev_seal_to_import_us 117872/159736; prev_seal_to_request_us 919/1261; prev_seal_to_start_us 1191/1551; start_walk_check_us 120/1132; start_walk_ids_us 454/611; start_walk_settle_us 0/0; start_walk_us 5209/6587
  one_wave {'false': 1212}
  batches == batch_threads on 0 of 1212 builds
  last - first batch start (ms) median/p90 14.44/16.52; under 2 ms on 0 of 1212 builds
leg loop337RF64b: /data free 1030G (needs 120 G)
leg loop337RF64b start 09:41:02 load 3.96
round loop337RF64b exit 0 at 09:43:52
loop337RF64b save stages (node0, seconds summed over the leg / count): batch_size=1771.0/544  batch_size=1771.0/544  reth_consensus_engine_beacon_persistence_duration=85.6/544  duration_seconds=83.5/544  total=80.1/544  scope=62.9/544  sf=62.9/544  sf_transactions=62.6/544  sf_receipts=25.5/544  sf_account_changesets=22.6/544
el binary: /data/n42-build/target-n42-rs/native/release/n42 env: N42_IMPORT_ONCE=1 N42_SETTLEMENT_TAGS=legacy N42_BUILD_THROTTLE_SOFT=48 F7_EL_MAP=0,0,0,0,0,0,0 N42_FIELDS_AT_SEAL=1 N42_TX_INGEST_RECOVER_PARALLEL=64 N42_PARALLEL_BUILD_THREADS=32 N42_HASHED_TABLES=off F7_FLOOD_RATE=6000000 N42_COMPACT_BODY=1 MALLOC_CONF=thp:always,oversize_threshold:0,dirty_decay_ms:2000,background_thread:true N42_ACCOUNT_HISTORY=off N42_TAKE_COMPACT=1 N42_ROAD_RUNTIME=1 N42_TX_INGEST_HIGH_WATER=2500000 F7_BENCH_POOL_SLOTS=3000000 N42_BUILD_THROTTLE_HARD=80 RAYON_NUM_THREADS=16 TOKIO_WORKER_THREADS=16 N42_QMDB_READS=on N42_LEADER_LAYERS=3 F7_BLOCK_INTERVAL_MS=60 F7_MEASURE_FROM_LOG=1
validator env: N42_IMPORT_ONCE=1 N42_SETTLEMENT_TAGS=legacy N42_BUILD_THROTTLE_SOFT=48 F7_EL_MAP=0,0,0,0,0,0,0 N42_FIELDS_AT_SEAL=1 N42_PARALLEL_BUILD_THREADS=32 N42_HASHED_TABLES=off F7_FLOOD_RATE=6000000 N42_COMPACT_BODY=1 N42_ACCOUNT_HISTORY=off N42_TAKE_COMPACT=1 N42_ROAD_RUNTIME=1 N42_TX_INGEST_HIGH_WATER=2500000 F7_BENCH_POOL_SLOTS=3000000 N42_BUILD_THROTTLE_HARD=80 RAYON_NUM_THREADS=16 TOKIO_WORKER_THREADS=16 N42_QMDB_READS=on N42_LEADER_LAYERS=3 F7_MEASURE_FROM_LOG=1
loop337RF64b once: start-up lines import_once=true 1; last direct-import counters 
loop337RF64b imports: layers=1 direct_imports=0 canonical_blocks=3820 import_once_lines=1 (per layer: direct imports should equal canonical blocks for one execution per block)
grep: /data/blockchain/rust-fleet7-bench/node1/el.log: No such file or directory
grep: /data/blockchain/rust-fleet7-bench/node2/el.log: No such file or directory
grep: /data/blockchain/rust-fleet7-bench/node3/el.log: No such file or directory
grep: /data/blockchain/rust-fleet7-bench/node1/el.log: No such file or directory
grep: /data/blockchain/rust-fleet7-bench/node2/el.log: No such file or directory
grep: /data/blockchain/rust-fleet7-bench/node3/el.log: No such file or directory
cat: /data/blockchain/rust-fleet7-bench/node2/el.log: No such file or directory
cat: /data/blockchain/rust-fleet7-bench/node2/el.log: No such file or directory
cat: /data/blockchain/rust-fleet7-bench/node2/el.log: No such file or directory
cat: /data/blockchain/rust-fleet7-bench/node1/el.log: No such file or directory
cat: /data/blockchain/rust-fleet7-bench/node2/el.log: No such file or directory
cat: /data/blockchain/rust-fleet7-bench/node3/el.log: No such file or directory
Traceback (most recent call last):
  File [35m"<stdin>"[0m, line [35m4[0m, in [35m<module>[0m
[1;35mIndexError[0m: [35mlist index out of range[0m
loop337RF64b no_variant=0 own_not_committed=0 tc=1 invalid_blocks=0 incomplete=0 gas_mismatch=0 direct_imports_failed=0 stuck_at_hashed_state=0 engine_idles_over_5s=1 proposals_given_up=0 tables_off_nodes=1 unanswered_reads=0 seal_first_total=1266 seal_first_direct=1266 direct_guard_errors=0 commit_ms_median=2 fold_ms_median=6 sealed_at_ms_median=63 state_ready_ms_median=88 build_total_ms_median=174 recover_us_median=0 par_exec_ms_median=26 par_exec_ms_median=26 giveback_filtered=0 giveback_offered_max=200000 seal_first=1266 reader_lag_max=12 reader_lag_warns=0 view_invalidated=0 el_sum_peak_g=37.2 el_max_peak_g=37.2 val_sum_peak_g=2.0 flood_peak_g=0.6 two_roads_blocks=0 two_roads_overlap_ms_median=- exec_on_output_declined=0 r1_collect_ms_median=5 proposal_at_ms_median=49 view_total_ms_median=61 import_exec_ms_median=- import_total_ms_median=- import_senders_ms_median=- import_convert_ms_median=- import_groups_median=- imports_over_600ms=0 min_avail_g=90.8 road_foreign_body_recv_ms=- road_foreign_body_decode_ms=- road_foreign_body_senders_ms=- road_foreign_body_parent_wait_ms=- road_foreign_body_check_ms=- road_foreign_body_total_ms=- road_new_payload_recv_ms=- road_new_payload_decode_ms=- road_new_payload_senders_ms=- road_new_payload_parent_wait_ms=- road_new_payload_check_ms=- road_new_payload_total_ms=- road_foreign_body_blocks=0 road_new_payload_blocks=0 fcu_answered=1547 fcu_in_flight_ms_median=0 fcu_queued_ms_median=0 fcu_queued_ms_max=160 fcu_refused=0 fcu_slow=4125 bodies_held=0 road_reuse_ms=- road_prepare_ms=- road_dispatch_ms=- road_convert_ms=- road_remember_ms=- road_header_ms=- road_fields_ms=- road_other_ms=- import_engine_ms_median=- gate_forced=0 gate_warns=0 flood_timeouts=0 canonical_min=3857 canonical_max=3858 chained_builds=2489 chain_lead_ms_median=58 chain_wait_ms_median=0 chain_started=2493 chain_discarded=2 chain_discard_reasons=_1_reason="no_,_1_reason="the_execution_layer_produced_nothing,_1_reason="the_request_names_another_parent chain_alias_warns=0 el_chained=2508 bodies_held_warns=0 el_build_refused=2 el_build_refused_reasons=_2_no_QMDB_tree_for_parent_block_0x queued_p5=154000 queued_p50=1499000 road_compact_blocks=0 road_compact_recv_ms=- road_compact_assemble_ms=- road_compact_root_ms=- road_compact_miss_wait_ms=- road_compact_senders_ms=- road_compact_check_ms=- road_compact_other_ms=- road_compact_total_ms=- road_compact_misses_total= compact_refused_el=0 compact_fallbacks=0 compact_bytes_median=- pool_order9=13853 par_pull_ms_median=5 build_total_ms_median2=71 road_compact_filled_blocks=0 road_compact_filled_median=- road_compact_fill_ms_median=- need_txns=0 fill_failed=0 ingest_rate_gate_open_median=- ingest_gate_open_intervals=0 ingest_slots_busy_median=- flood_rate= fill_asked_proposer=0 fill_asked_other=0 loop_lines=2933 loop_unnamed_ms_median=47 loop_body_served_ms_median=- loop_txns_served_ms_median=- import_exec_ms_median2=- pip_partition_ms=- pip_env_ms=- pip_batch_ms=- pip_groups_ms=- pip_gas_ms=- pip_merge_ms=- pip_receipts_ms=- pip_drop_ms=- pip_other_ms=- pip_total_ms=- senders_indexed_median=- road_senders_ms_median=- road_total_ms_median=- pew_ms_median=- pew_ms_p90= gate_ms_median=- gate_ms_p90= root_ms_p50=- root_ms_p90= two_roads=0 not_on_output=0 not_on_output_why= ckpt_ms_first_q=2 ckpt_ms_last_q=29 ckpt_bytes_last=29793300 parent_still_importing=7 root_wait_ms_p50=- root_wait_ms_p90= tenures_low_seal=20 seal_first_share=0.99 empty_over_deep=0 near_empty_warns=0 no_seal_why= par_skipped_median=- usable_p5=154000 ckpt_replay_ms_last_q=13 candidates_zero=0 dropped_ingest=0 let_go_warns=0 let_go_reasons= parked_p50=0 parked_max=0 held_warns=0 park_capped_total=0 superseded_builds=0 empty_not_superseded=0 mass_park_warns=0 heads_lines=0 holes_lines=0 stale_parent_refusals=0 par_groups_p5=0 cancelled_decided=0 heads_nonce0=0 stale_unconfirmed= handovers=7 el_panics=0 decided_cancelled=0 min_window_blocks=405 road_desc_blocks=0 road_desc_total_ms=- road_desc_copy_ms=- desc_misses=0 fill_failed2=0 sf_par_collect_ms=0 sf_par_commit_ms=2 sf_par_fold_ms=6 sf_par_graft_ms=0 sf_par_prefault_ms=0 sf_par_exec_ms=26 sf_sealed_at_ms=64 sf_roots_ms=36 sf_state_ready_ms=88 sf_total_ms=174 ba_find_ms=0 ba_queue_ms=5 ba_total_ms=71 ba_on_output=1254 queue_fold_us=0 queue_lock_us=178 sf_par_exec_ms=26 sf_par_fold_ms=6 pip_groups_ms=- import_exec_ms_median2=- reads_d0=0 reads_hist=0 f_reads_d0=- f_reads_hist=- f_overlay_depth=- L_read_set_ms=0 read_set_accounts=0 read_set_unresolved=0 read_set_hits=0 read_set_misses=0 start_best_ms=12 par_prep_ms=3 gap_before_exec_ms=1 gap_after_exec_ms=0 gap_before_seal_ms=0 index_ms=2 road_copy_aside_ms=- road_copy_wait_ms=- road_total_ms=- queue_first_miss=queue_first_miss=0:2544,queue_first_miss=18446744073709551615:1276 root_append_behind=0 populate_lag_mb=0 swap_used_g=0 root_faults=0 root_faults_p90= root_faults_entries=0 root_faults_offsets=0 root_faults_index=0 root_faults_bits=0 root_faults_twigs=0 root_faults_undo=0 root_faults_tmp=0 root_append_faults=0 root_twig_pool_misses=0 batch_max_ms=17 batch_min_ms=5 batch_median_ms=11 batch_cpu_max_ms=9 batch_txs_max=3500 batch_txs_min=500 batch_start_skew_ms=14 batch_wait_ms=0 loop_fetch_ns=0 loop_check_ns=0 loop_transfer_ns=0 loop_receipt_ns=0 loop_gas_ns=0 loop_sink_ns=0 loop_other_ns=0 batch_setup_ns=0 batch_close_ns=0 imp_exec_part_ms=- imp_exec_batches_ms=- imp_exec_graft_ms=- imp_exec_batches=- imp_exec_threads=- imp_exec_batch_max_ms=- imp_exec_batch_median_ms=- imp_parent_output_wait_ms=- road_parent_output_wait_ms=- next_start_gap_ms=1 next_entry_gap_ms=0 commit_body_ahead_used=- imp_exec_keys_ms=- imp_keys_ahead=- imp_exec_sink_ms=- imp_exec_pre_ms=- imp_exec_post_ms=- imp_exec_receipts_ms=- imp_exec_drop_ms=- root_gap_ms=- queue_whole=queue_whole=false:2544,queue_whole=true:1276 tick_tick_late_us=906 tick_preamble_us=341 tick_take_sealed_us=1 tick_sign_us=0 tick_cache_us=0 tick_presealed=- tick_describe_us=10 tick_publish_us=601 tick_tick_to_send_us=1973 road_check_ms=- road_check_include_us=- road_check_scan_us=- road_check_fold_us=- road_check_senders_us=- road_check_frames_summarized=- road_check_frames_scanned=- imp_exec_start_gap_us=- imp_gap_road_us=- imp_gap_header_us=- imp_gap_senders_us=- imp_gap_parent_us=- imp_gap_setup_us=- imp_gap_keys_wait_us=- sealed_at_p90= sealed_over_130=0 roots_ms=31 cycle_p90= batch_max_ms=13 batch_median_ms=8 imp_batch_max=- forest_lock_warns=1260 root_seal_ms=1 root_seals=35 root_majflt=2 roots_p90= gp_layer=1275 ggp_missing=163 state_wait_split=0/0/0/0:1113,0/20/0/0:50,0/40/0/0:25 qmdb_releases=0 state_wait_on= imp_road_end_ms=- imp_exec_start_ms=- imp_exec_end_ms=- imp_root_end_ms=- imp_fields_ready_ms=- imp_parent_fields_wait_ms=- imp_exec_ms=- imp_root_ms=- imp_checks_ms=- imp_engine_ms=- imp_total_ms=- road_parent_fields_wait_ms=- exec_read_ms=0 L_exec_evm_ms=0 L_exec_write_ms=0 L_exec_other_ms=0 L_reads_cache=0 L_reads_provider=0 L_reads_view=0 L_graft_base_ms=0 L_graft_reserve_ms=0 L_graft_insert_ms=0 L_graft_reverts_ms=0 L_graft_other_ms=0 L_par_exec_ms=26 L_par_graft_ms=0 F_exec_read_ms=- F_exec_evm_ms=- F_exec_write_ms=- F_exec_other_ms=- F_reads_cache=- F_reads_provider=- F_reads_view=- F_groups_ms=- L_tx_root_wait_ms=0 L_par_exec_ms=26 L_par_graft_ms=0 L_par_fold_ms=6 L_sealed_ms=5 L_state_ready_ms=88 L_roots_ms=36 L_finish_ms=94 L_total_ms=174 L_setup_ms=0 L_par_pull_ms=5 L_give_back_ms=0 L_state_wait_ms=0 L_state_after_pull=1266 L_seal_at_exec=1266 L_tx_root_ahead=0 flood_w1=2645836 txs_p10=200000 acq_us=445 slots_busy=4 ingest_rate=2707792 L_scope_join_ms=0 L_par_release_ms=0 L_commit_body_ms=0 L_par_commit_ms=2 L_give_back_ms=0 L_sealed_ms=5 L_par_exec_ms=26 L_state_wait_ms=0 L_par_pull_ms=5 L_par_prep_ms=3 L_par_start_ms=10 L_pre_exec_ms=0 L_par_run_ms=28 L_sealed_at_ms=64 F_partition_ms=- F_env_ms=- F_groups_ms=- F_merge_ms=- F_reverts_wait_ms=- F_ahead_wait_ms=- F_total_ms=- I_engine_ms=- I_root_ms=- I_total_ms=- H_engine_remember_ms=- H_engine_listing_ms=- H_engine_new_payload_ms=- busy_us=1 L_par_start_ms=10 L_start_handoff_ms=4 L_start_best_ms=10 L_start_puller_ms=0 L_par_pull_ms=5 L_par_prep_ms=3 L_state_wait_ms=0 L_par_exec_ms=26 L_par_commit_ms=2 L_sealed_ms=5 L_sealed_at_ms=64 L_par_graft_ms=0 L_graft_insert_ms=0 L_graft_reverts_ms=0 L_graft_split_us=0 L_graft_build_us=0 L_graft_merge_us=0 L_state_ready_ms=88 Q_queue_ms=0 R_dispatch_wait_ms=- R_total_ms=- R_road_runtime=1 gate_holds=0 peer_fetch=0 pool_limit=limit=4 gate_opened=gate_opened_for_block=0 I_root_ms=- flood_rate_hdr=rate=6000000/s fills=0 fill_waited=- slots_busy=4 acq_us=445 busy_us=1 converged=0 fallbacks=0 busy_us=1 recover_us=0 tf_on_output=3 tf_fallback=0 still_importing=7 busy_us=1 slots_busy=4 batches=altsig_txs=0 altsig_batches=0 tf_on_output=3 tf_fallback=0 gate_holds=0 sign_s=sign 0s replay_note=replay       : 64 files from /data/n42-pregen/g900000-400m, 400000000 transactio sign_s=sign 0s shard=shard_verified=0 shard_claimed=0 road_verified=- slots_busy=4 gate_us=1365 reply_us=2003 queued=1499000 assemble_ms=- road_take_ms=- road_body_ms=- road_encode_ms=- shards=16 shard_insert_ms=0 shard_wait_ms=0 shard_fold_ms=4 shard_append_ms=235 shard_merge_ms=49 state_ready_ms=88 roots_ms=36 exec_read_ms=0 exec_evm_ms=0 exec_write_ms=0 exec_other_ms=0 reads_cache=0 reads_provider=0 reads_view=0 par_run_ms=28 fold_task_cpu_max_us=3855 fold_task_minflt_max=110 fold_task_minflt_sum=110 fold_task_migrated=0 fold_task_nivcsw_max=0 fold_index=1 fold_index_build_ms=3 fold_index_conflicts=8342 fold_queue_us=21 fold_skew_us=46 fold_task_max_us=3854 fold_tail_us=20 start_best_ms=10 start_select_ms=0 start_walk_ms=5 start_walk_check_ms=0 start_best_other_ms=0 start_frames_by_ref=400 start_frames_slow=0 start_pull_ms=0 start_other_ms=0 start_handoff_ms=4 par_start_ms=10 par_prep_ms=3 par_commit_ms=2 commit_body_ms=0 par_fold_ms=6 sealed_ms=5 copy_ms=- prune_ms=0 frames=- frames_missing=- frame_root_ms=- root_ms=- frames_admitted=frames_admitted=503535 frames_unaligned=0 frame_root_indexed=- seal_layout_ms=0 seal_root_ms=0 attested= busy_us=1 slots_busy=4 reply_us=2003 prune_ms=0 body_refused=0 body_failed_late=0
loop337RF64b win1 tps=2,733,333 txs=82,000,000 blocks= 410 cycle=0.073s occupancy= 99.8% full(>=95%)=409/410 basefee=n/a (from the layer's log)
loop337RF64b win2 tps=2,705,917 txs=81,177,500 blocks= 412 cycle=0.073s occupancy= 98.5% full(>=95%)=390/412 basefee=n/a (from the layer's log)
loop337RF64b win3 tps=2,700,000 txs=81,000,000 blocks= 405 cycle=0.074s occupancy=100.0% full(>=95%)=405/405 basefee=n/a (from the layer's log)
loop337RF64b tps=2,733,333 round_txs=244177500 cycles_w1=
loop337RF64b imp_fields_p90= b_p75=6
loop337RF64b overlay: filter_skips=0 probes=0 ratio=- (ratio = skips/(skips+probes))
loop337RF64b overlay_manager:       1 state_trie_overlay=false  state-ovly_cpu=0
loop337RF64b verify: written to /data/blockchain/rust-fleet7-bench/bench-loop337RF64b/verify.json
== loop337RF64b  (E=1: seven validator keys on one execution layer)
  window 1: canonical 410 blocks, 82.0M tx = 2,733,333/s (100.0% of window 1), full 409/410 (100%); cycle mean/median/p90 72.8/66.6/94.9 ms
    leader builds 411: sealed_at median/p90/p99 63/84/111; phases median/p90 ms: gap_before_exec 1/21, state_wait 0/20, par 54/77, par_exec 26/29, roots 34/42, parent_fields 0/0, sealed 5/8
    state_wait_on {'none': 351, 'grandparent': 49, 'layer_release': 11}; builds with state_wait > 20 ms: 35 ([('grandparent', 35)]); gp_layer {1.0: 411}, ggp_missing {0.0: 361, 1.0: 50}
    queue at the builds min/median 995,000/2,290,500
    new field batch_dispatch_us: median/p90/max 25.0/68.0/240, nonzero 411
    new field batch_first_start_us: median/p90/max 16.0/30.0/57, nonzero 411
    new field batch_last_end_us: median/p90/max 26132.0/29300.0/64935, nonzero 411
    new field batch_last_start_us: median/p90/max 14081.0/16132.0/49232, nonzero 411
    new field batch_threads: median/p90/max 32.0/32.0/32, nonzero 411
    new field batches: median/p90/max 58.0/58.0/58, nonzero 411
    new field one_wave: {'false': 411}
    new field open_engine_us: median/p90/max 0.0/20186.0/71295, nonzero 50
    new field open_fallback: {'false': 361, 'true': 50}
    new field open_keep_us: median/p90/max 3.0/5.0/7044, nonzero 411
    new field open_layers: median/p90/max 3.0/3.0/3, nonzero 411
    new field open_provider_us: median/p90/max 101.0/139.0/230, nonzero 411
    new field prev_seal_to_answer_us: median/p90/max 5877.0/8423.0/11524, nonzero 411
    new field prev_seal_to_entry_us: median/p90/max 0.0/0.0/0, nonzero 0
    new field prev_seal_to_header_us: median/p90/max 181.0/238.0/492, nonzero 411
    new field prev_seal_to_import_us: median/p90/max 107584.0/155475.0/213352, nonzero 354
    new field prev_seal_to_request_us: median/p90/max 906.0/1196.0/143079, nonzero 411
    new field prev_seal_to_start_us: median/p90/max 1169.0/1483.0/143345, nonzero 411
    new field sealed_unix_us: median/p90/max 1791207751033330.0/1791207763175204.0/1791207766135132, nonzero 411
    new field start_walk_check_us: median/p90/max 121.0/1339.0/7668, nonzero 411
    new field start_walk_ids_us: median/p90/max 499.0/625.0/920, nonzero 411
    new field start_walk_settle_us: median/p90/max 0.0/0.0/292, nonzero 1
    new field start_walk_us: median/p90/max 5234.0/6575.0/12321, nonzero 411
    new field state_wait_us: median/p90/max 156.0/20260.0/71356, nonzero 411
    binding wait (tick / quorum / seal share, mean cycle): tick 66% (68); quorum 6% (126); seal 28% (74); feed-bound (blocks under 95% of the tier): 1 of 410
    slowest key vote delay median/p90 22.4/78.5 ms
    engine own-import total_ms per block median/p90/max 42/62/125 (n=409)
    layer RSS 4.8 -> 24.8 G (max 24.8), in-memory blocks max 13
    execution layer cores busy 26.8    validators cores busy 1.1
    flood delivered (median per 5 s over the leg) 2,697,982/s
  window 2: canonical 412 blocks, 81.2M tx = 2,705,917/s (99.0% of window 1), full 390/412 (95%); cycle mean/median/p90 72.5/65.1/100.3 ms
    leader builds 410: sealed_at median/p90/p99 62/82/113; phases median/p90 ms: gap_before_exec 1/18, state_wait 0/16, par 55/74, par_exec 26/29, roots 35/43, parent_fields 0/0, sealed 5/8
    state_wait_on {'none': 356, 'layer_release': 9, 'grandparent': 45}; builds with state_wait > 20 ms: 20 ([('grandparent', 20)]); gp_layer {1.0: 410}, ggp_missing {0.0: 365, 1.0: 45}
    queue at the builds min/median 28,000/517,750
    new field batch_dispatch_us: median/p90/max 26.0/66.0/1290, nonzero 410
    new field batch_first_start_us: median/p90/max 16.0/30.0/45, nonzero 410
    new field batch_last_end_us: median/p90/max 26308.5/29460.0/58944, nonzero 410
    new field batch_last_start_us: median/p90/max 14380.5/16307.0/43744, nonzero 410
    new field batch_threads: median/p90/max 32.0/32.0/32, nonzero 410
    new field batches: median/p90/max 58.0/58.0/63, nonzero 410
    new field one_wave: {'false': 410}
    new field open_engine_us: median/p90/max 0.0/16900.0/105756, nonzero 45
    new field open_fallback: {'false': 365, 'true': 45}
    new field open_keep_us: median/p90/max 3.0/5.0/6323, nonzero 410
    new field open_layers: median/p90/max 3.0/3.0/3, nonzero 410
    new field open_provider_us: median/p90/max 103.5/144.0/234, nonzero 410
    new field prev_seal_to_answer_us: median/p90/max 6729.0/9138.0/13325, nonzero 410
    new field prev_seal_to_entry_us: median/p90/max 0.0/0.0/0, nonzero 0
    new field prev_seal_to_header_us: median/p90/max 187.0/255.0/479, nonzero 410
    new field prev_seal_to_import_us: median/p90/max 119922.0/160706.0/242652, nonzero 340
    new field prev_seal_to_request_us: median/p90/max 936.0/1303.0/160239, nonzero 410
    new field prev_seal_to_start_us: median/p90/max 1219.0/1568.0/160581, nonzero 410
    new field sealed_unix_us: median/p90/max 1791207781189350.5/1791207793166211.0/1791207796112790, nonzero 410
    new field start_walk_check_us: median/p90/max 119.0/1070.0/5467, nonzero 410
    new field start_walk_ids_us: median/p90/max 282.0/463.0/824, nonzero 410
    new field start_walk_settle_us: median/p90/max 0.0/0.0/219, nonzero 2
    new field start_walk_us: median/p90/max 5082.0/6195.0/10121, nonzero 410
    new field state_wait_us: median/p90/max 159.0/16979.0/105838, nonzero 410
    binding wait (tick / quorum / seal share, mean cycle): tick 85% (69); quorum 6% (115); seal 9% (80); feed-bound (blocks under 95% of the tier): 22 of 412
    slowest key vote delay median/p90 26.6/80.2 ms
    engine own-import total_ms per block median/p90/max 45/70/128 (n=412)
    layer RSS 24.0 -> 30.2 G (max 30.2), in-memory blocks max 13
    execution layer cores busy 26.7    validators cores busy 1.0
  window 3: canonical 405 blocks, 81.0M tx = 2,700,000/s (98.8% of window 1), full 405/405 (100%); cycle -
    leader builds 405: sealed_at median/p90/p99 64/88/122; phases median/p90 ms: gap_before_exec 1/22, state_wait 0/20, par 56/82, par_exec 26/29, roots 37/46, parent_fields 0/1, sealed 6/9
    state_wait_on {'none': 344, 'grandparent': 60, 'layer_release': 1}; builds with state_wait > 20 ms: 36 ([('grandparent', 36)]); gp_layer {1.0: 405}, ggp_missing {0.0: 345, 1.0: 60}
    queue at the builds min/median 609,000/1,469,000
    new field batch_dispatch_us: median/p90/max 23.0/60.0/538, nonzero 405
    new field batch_first_start_us: median/p90/max 14.0/26.0/45, nonzero 405
    new field batch_last_end_us: median/p90/max 26389.0/28957.0/70426, nonzero 405
    new field batch_last_start_us: median/p90/max 14445.0/16314.0/43824, nonzero 405
    new field batch_threads: median/p90/max 32.0/32.0/32, nonzero 405
    new field batches: median/p90/max 58.0/58.0/58, nonzero 405
    new field one_wave: {'false': 405}
    new field open_engine_us: median/p90/max 0.0/20232.0/120121, nonzero 60
    new field open_fallback: {'false': 345, 'true': 60}
    new field open_keep_us: median/p90/max 3.0/5.0/5179, nonzero 405
    new field open_layers: median/p90/max 3.0/3.0/3, nonzero 405
    new field open_provider_us: median/p90/max 100.0/152.0/527, nonzero 405
    new field prev_seal_to_answer_us: median/p90/max 7001.0/9799.0/23769, nonzero 405
    new field prev_seal_to_entry_us: median/p90/max 0.0/0.0/0, nonzero 0
    new field prev_seal_to_header_us: median/p90/max 170.0/244.0/526, nonzero 405
    new field prev_seal_to_import_us: median/p90/max 125895.0/166669.0/224302, nonzero 339
    new field prev_seal_to_request_us: median/p90/max 907.0/1247.0/120623, nonzero 405
    new field prev_seal_to_start_us: median/p90/max 1180.0/1543.0/120946, nonzero 405
    new field sealed_unix_us: median/p90/max 1791207811001733.0/1791207823218212.0/1791207826121639, nonzero 405
    new field start_walk_check_us: median/p90/max 118.0/888.0/3738, nonzero 405
    new field start_walk_ids_us: median/p90/max 405.0/542.0/951, nonzero 405
    new field start_walk_settle_us: median/p90/max 0.0/0.0/0, nonzero 0
    new field start_walk_us: median/p90/max 5235.0/6374.0/13135, nonzero 405
    new field state_wait_us: median/p90/max 159.0/20322.0/120208, nonzero 405
    engine own-import total_ms per block median/p90/max 47/75/144 (n=405)
    layer RSS 29.1 -> 37.7 G (max 37.7), in-memory blocks max 14
    execution layer cores busy 27.3    validators cores busy 1.0
  round total (3 windows, canonical): 244.2M tx
  layer peak RSS 37.7 G; in-memory blocks max 14
  fields at seal: mode "early", verified 0, unchecked 0, mismatches 0 (last build line, cumulative)
  own_executed_again (built here and also directly imported): 0 of 1265 built blocks
== loop337RF64b
  layer-0 leader window-1 builds 411: txs mean 200000, share >= 95% of the tier 100% (max 200000); sealed_at_ms 63.0/84.0; par_ms 54.0/76.0; par_exec_ms 26.0/29.0; roots_ms 34.0/42.0; parent_fields_ms 0.0/0.0; sealed_ms 5.0/8.0
  proposal cycle window 1 (n=426): mean 72.8 median 66.6 p90 94.9 ms; blocks in the 30 s: 426
  binding wait (tick / quorum / seal, share and mean cycle): tick 66.1% (68.3); quorum 5.6% (126.3); seal 28.3% (74.0)
  vote delay after the proposal, slowest key per block: median 22.3 p90 78.8 ms (slowest minus the median key: median 0.2); last key: {1: 52, 2: 75, 3: 56, 4: 76, 5: 77, 6: 74} of 410 blocks
  CPU in window 1 (cores busy): execution layers 26.8 over 1 process(es); validators 1.1 over 7 process(es)
  execution layer peak RSS 37.7 G; in-memory blocks max 14 (node0 and others, all layers)
  blocks built here 1265; none also directly imported
  import-once counters at the last direct import: ; start-up lines with import_once=true: 1; queue-lock lines 0
  layer-0 queue (queued after canonical prune), median per 10 s: t+0:2213500 t+20:2265250 t+40:1198000 t+60:1531500 t+80:1392500
  flood: median per 5 s 2697982/s, final -
  timeout / given-up lines: 1; 13:41:47 v0 INFO process_event{view=1 kind="message"}: n42::cl::timeout: TC formed
loop337RF64b page_faults_per_s_median: node0=152735 
feedcheck loop337RF64b: FEED-BOUND: w2 full 95% queue median 545,500
== loop337RF64b: feed check (acq_us / gate_us / reply_us are per frame of 500; rate per 5 s `ingest` line)
  window 1: ingest lines 6; acq_us 444 (max 448); gate_us 2780; reply_us 3361; slots_busy 4%; delivered median 2,737,584/s max 2,773,384/s; queue at builds median 2,290,500 min 995,000; full 100% of 410 blocks
  window 2: ingest lines 6; acq_us 448 (max 449); gate_us 1364; reply_us 2003; slots_busy 4%; delivered median 2,667,082/s max 2,764,811/s; queue at builds median 545,500 min 45,000; full 95% of 412 blocks
  window 3: ingest lines 6; acq_us 443 (max 449); gate_us 1326; reply_us 1940; slots_busy 4%; delivered median 2,731,261/s max 2,904,166/s; queue at builds median 1,469,000 min 609,000; full 100% of 405 blocks
  flood.log (+15..+100 s): rate per 5 s median 2,691,330/s max 2,927,425/s; reply latency median 71.0 ms max 76.4 ms
== loop337RF64b: 1226 full builds in the 3 windows
  par_exec_ms 26/29; par_run_ms 28/50; batch_start_skew_ms 14/16; batch_median_ms 11/13; batch_max_ms 17/22; batch_first_start_us 15/29; batch_last_start_us 14275/16276; batch_dispatch_us 25/64; batch_last_end_us 26269/29331; batches 58/58; batch_threads 32/32; batch_txs_max 3500/3500; batch_txs_min 500/500; start_walk_ms 5/6; start_walk_check_ms 0/1; par_start_ms 10/24; sealed_at_ms 63/85; prev_seal_to_answer_us 6550/9123; prev_seal_to_entry_us 0/0; prev_seal_to_header_us 180/247; prev_seal_to_import_us 118682/161391; prev_seal_to_request_us 915/1252; prev_seal_to_start_us 1187/1518; start_walk_check_us 119/1101; start_walk_ids_us 414/574; start_walk_settle_us 0/0; start_walk_us 5181/6374
  one_wave {'false': 1226}
  batches == batch_threads on 0 of 1226 builds
  last - first batch start (ms) median/p90 14.26/16.26; under 2 ms on 0 of 1226 builds
leg loop337RF24: /data free 1029G (needs 120 G)
leg loop337RF24 start 09:46:20 load 2.79
round loop337RF24 exit 0 at 09:49:09
loop337RF24 save stages (node0, seconds summed over the leg / count): batch_size=1764.0/556  batch_size=1764.0/556  reth_consensus_engine_beacon_persistence_duration=85.4/556  duration_seconds=83.0/556  total=79.7/556  scope=62.8/556  sf=62.8/556  sf_transactions=62.6/556  sf_receipts=26.5/556  sf_account_changesets=22.0/556
el binary: /data/n42-build/target-n42-rs/native/release/n42 env: N42_IMPORT_ONCE=1 N42_SETTLEMENT_TAGS=legacy N42_BUILD_THROTTLE_SOFT=48 F7_EL_MAP=0,0,0,0,0,0,0 N42_FIELDS_AT_SEAL=1 N42_TX_INGEST_RECOVER_PARALLEL=24 N42_PARALLEL_BUILD_THREADS=32 N42_HASHED_TABLES=off F7_FLOOD_RATE=6000000 N42_COMPACT_BODY=1 MALLOC_CONF=thp:always,oversize_threshold:0,dirty_decay_ms:2000,background_thread:true N42_ACCOUNT_HISTORY=off N42_TAKE_COMPACT=1 N42_ROAD_RUNTIME=1 N42_TX_INGEST_HIGH_WATER=2500000 F7_BENCH_POOL_SLOTS=3000000 N42_BUILD_THROTTLE_HARD=80 RAYON_NUM_THREADS=16 TOKIO_WORKER_THREADS=16 N42_QMDB_READS=on N42_LEADER_LAYERS=3 F7_BLOCK_INTERVAL_MS=60 F7_MEASURE_FROM_LOG=1
validator env: N42_IMPORT_ONCE=1 N42_SETTLEMENT_TAGS=legacy N42_BUILD_THROTTLE_SOFT=48 F7_EL_MAP=0,0,0,0,0,0,0 N42_FIELDS_AT_SEAL=1 N42_PARALLEL_BUILD_THREADS=32 N42_HASHED_TABLES=off F7_FLOOD_RATE=6000000 N42_COMPACT_BODY=1 N42_ACCOUNT_HISTORY=off N42_TAKE_COMPACT=1 N42_ROAD_RUNTIME=1 N42_TX_INGEST_HIGH_WATER=2500000 F7_BENCH_POOL_SLOTS=3000000 N42_BUILD_THROTTLE_HARD=80 RAYON_NUM_THREADS=16 TOKIO_WORKER_THREADS=16 N42_QMDB_READS=on N42_LEADER_LAYERS=3 F7_MEASURE_FROM_LOG=1
loop337RF24 once: start-up lines import_once=true 1; last direct-import counters 
loop337RF24 imports: layers=1 direct_imports=0 canonical_blocks=3819 import_once_lines=1 (per layer: direct imports should equal canonical blocks for one execution per block)
grep: /data/blockchain/rust-fleet7-bench/node1/el.log: No such file or directory
grep: /data/blockchain/rust-fleet7-bench/node2/el.log: No such file or directory
grep: /data/blockchain/rust-fleet7-bench/node3/el.log: No such file or directory
grep: /data/blockchain/rust-fleet7-bench/node1/el.log: No such file or directory
grep: /data/blockchain/rust-fleet7-bench/node2/el.log: No such file or directory
grep: /data/blockchain/rust-fleet7-bench/node3/el.log: No such file or directory
cat: /data/blockchain/rust-fleet7-bench/node2/el.log: No such file or directory
cat: /data/blockchain/rust-fleet7-bench/node2/el.log: No such file or directory
cat: /data/blockchain/rust-fleet7-bench/node2/el.log: No such file or directory
cat: /data/blockchain/rust-fleet7-bench/node1/el.log: No such file or directory
cat: /data/blockchain/rust-fleet7-bench/node2/el.log: No such file or directory
cat: /data/blockchain/rust-fleet7-bench/node3/el.log: No such file or directory
Traceback (most recent call last):
  File [35m"<stdin>"[0m, line [35m4[0m, in [35m<module>[0m
[1;35mIndexError[0m: [35mlist index out of range[0m
loop337RF24 no_variant=0 own_not_committed=0 tc=1 invalid_blocks=0 incomplete=0 gas_mismatch=0 direct_imports_failed=0 stuck_at_hashed_state=0 engine_idles_over_5s=1 proposals_given_up=0 tables_off_nodes=1 unanswered_reads=0 seal_first_total=1262 seal_first_direct=1262 direct_guard_errors=0 commit_ms_median=2 fold_ms_median=6 sealed_at_ms_median=64 state_ready_ms_median=87 build_total_ms_median=175 recover_us_median=0 par_exec_ms_median=27 par_exec_ms_median=27 giveback_filtered=0 giveback_offered_max=200000 seal_first=1262 reader_lag_max=13 reader_lag_warns=0 view_invalidated=0 el_sum_peak_g=37.6 el_max_peak_g=37.6 val_sum_peak_g=2.0 flood_peak_g=0.6 two_roads_blocks=0 two_roads_overlap_ms_median=- exec_on_output_declined=0 r1_collect_ms_median=5 proposal_at_ms_median=49 view_total_ms_median=61 import_exec_ms_median=- import_total_ms_median=- import_senders_ms_median=- import_convert_ms_median=- import_groups_median=- imports_over_600ms=0 min_avail_g=91.2 road_foreign_body_recv_ms=- road_foreign_body_decode_ms=- road_foreign_body_senders_ms=- road_foreign_body_parent_wait_ms=- road_foreign_body_check_ms=- road_foreign_body_total_ms=- road_new_payload_recv_ms=- road_new_payload_decode_ms=- road_new_payload_senders_ms=- road_new_payload_parent_wait_ms=- road_new_payload_check_ms=- road_new_payload_total_ms=- road_foreign_body_blocks=0 road_new_payload_blocks=0 fcu_answered=1559 fcu_in_flight_ms_median=0 fcu_queued_ms_median=0 fcu_queued_ms_max=152 fcu_refused=0 fcu_slow=4096 bodies_held=0 road_reuse_ms=- road_prepare_ms=- road_dispatch_ms=- road_convert_ms=- road_remember_ms=- road_header_ms=- road_fields_ms=- road_other_ms=- import_engine_ms_median=- gate_forced=0 gate_warns=0 flood_timeouts=0 canonical_min=3856 canonical_max=3856 chained_builds=2494 chain_lead_ms_median=58 chain_wait_ms_median=0 chain_started=2497 chain_discarded=2 chain_discard_reasons=_1_reason="no_,_1_reason="the_execution_layer_produced_nothing,_1_reason="the_request_names_another_parent chain_alias_warns=0 el_chained=2512 bodies_held_warns=0 el_build_refused=2 el_build_refused_reasons=_2_no_QMDB_tree_for_parent_block_0x queued_p5=813000 queued_p50=1966000 road_compact_blocks=0 road_compact_recv_ms=- road_compact_assemble_ms=- road_compact_root_ms=- road_compact_miss_wait_ms=- road_compact_senders_ms=- road_compact_check_ms=- road_compact_other_ms=- road_compact_total_ms=- road_compact_misses_total= compact_refused_el=0 compact_fallbacks=0 compact_bytes_median=- pool_order9=13515 par_pull_ms_median=5 build_total_ms_median2=71 road_compact_filled_blocks=0 road_compact_filled_median=- road_compact_fill_ms_median=- need_txns=0 fill_failed=0 ingest_rate_gate_open_median=- ingest_gate_open_intervals=0 ingest_slots_busy_median=- flood_rate= fill_asked_proposer=0 fill_asked_other=0 loop_lines=2959 loop_unnamed_ms_median=48 loop_body_served_ms_median=- loop_txns_served_ms_median=- import_exec_ms_median2=- pip_partition_ms=- pip_env_ms=- pip_batch_ms=- pip_groups_ms=- pip_gas_ms=- pip_merge_ms=- pip_receipts_ms=- pip_drop_ms=- pip_other_ms=- pip_total_ms=- senders_indexed_median=- road_senders_ms_median=- road_total_ms_median=- pew_ms_median=- pew_ms_p90= gate_ms_median=- gate_ms_p90= root_ms_p50=- root_ms_p90= two_roads=0 not_on_output=0 not_on_output_why= ckpt_ms_first_q=2 ckpt_ms_last_q=30 ckpt_bytes_last=29848180 parent_still_importing=6 root_wait_ms_p50=- root_wait_ms_p90= tenures_low_seal=20 seal_first_share=1.0 empty_over_deep=0 near_empty_warns=0 no_seal_why= par_skipped_median=- usable_p5=813000 ckpt_replay_ms_last_q=12 candidates_zero=0 dropped_ingest=0 let_go_warns=0 let_go_reasons= parked_p50=0 parked_max=0 held_warns=0 park_capped_total=0 superseded_builds=0 empty_not_superseded=0 mass_park_warns=0 heads_lines=0 holes_lines=0 stale_parent_refusals=0 par_groups_p5=0 cancelled_decided=0 heads_nonce0=0 stale_unconfirmed= handovers=6 el_panics=0 decided_cancelled=0 min_window_blocks=403 road_desc_blocks=0 road_desc_total_ms=- road_desc_copy_ms=- desc_misses=0 fill_failed2=0 sf_par_collect_ms=0 sf_par_commit_ms=2 sf_par_fold_ms=6 sf_par_graft_ms=0 sf_par_prefault_ms=0 sf_par_exec_ms=27 sf_sealed_at_ms=64 sf_roots_ms=35 sf_state_ready_ms=87 sf_total_ms=175 ba_find_ms=0 ba_queue_ms=5 ba_total_ms=71 ba_on_output=1260 queue_fold_us=0 queue_lock_us=324 sf_par_exec_ms=27 sf_par_fold_ms=6 pip_groups_ms=- import_exec_ms_median2=- reads_d0=0 reads_hist=0 f_reads_d0=- f_reads_hist=- f_overlay_depth=- L_read_set_ms=0 read_set_accounts=0 read_set_unresolved=0 read_set_hits=0 read_set_misses=0 start_best_ms=- par_prep_ms=- gap_before_exec_ms=- gap_after_exec_ms=- gap_before_seal_ms=- index_ms=- road_copy_aside_ms=- road_copy_wait_ms=- road_total_ms=- queue_first_miss=queue_first_miss=0:2545,queue_first_miss=18446744073709551615:1273 root_append_behind=0 populate_lag_mb=0 swap_used_g=0 root_faults=- root_faults_p90= root_faults_entries=0 root_faults_offsets=0 root_faults_index=0 root_faults_bits=0 root_faults_twigs=0 root_faults_undo=0 root_faults_tmp=0 root_append_faults=5 root_twig_pool_misses=0 batch_max_ms=17 batch_min_ms=5 batch_median_ms=11 batch_cpu_max_ms=10 batch_txs_max=3500 batch_txs_min=500 batch_start_skew_ms=14 batch_wait_ms=0 loop_fetch_ns=0 loop_check_ns=0 loop_transfer_ns=0 loop_receipt_ns=0 loop_gas_ns=0 loop_sink_ns=0 loop_other_ns=0 batch_setup_ns=0 batch_close_ns=0 imp_exec_part_ms=- imp_exec_batches_ms=- imp_exec_graft_ms=- imp_exec_batches=- imp_exec_threads=- imp_exec_batch_max_ms=- imp_exec_batch_median_ms=- imp_parent_output_wait_ms=- road_parent_output_wait_ms=- next_start_gap_ms=1 next_entry_gap_ms=0 commit_body_ahead_used=- imp_exec_keys_ms=- imp_keys_ahead=- imp_exec_sink_ms=- imp_exec_pre_ms=- imp_exec_post_ms=- imp_exec_receipts_ms=- imp_exec_drop_ms=- root_gap_ms=- queue_whole=queue_whole=false:2545,queue_whole=true:1273 tick_tick_late_us=922 tick_preamble_us=341 tick_take_sealed_us=1 tick_sign_us=0 tick_cache_us=0 tick_presealed=- tick_describe_us=9 tick_publish_us=603 tick_tick_to_send_us=1995 road_check_ms=- road_check_include_us=- road_check_scan_us=- road_check_fold_us=- road_check_senders_us=- road_check_frames_summarized=- road_check_frames_scanned=- imp_exec_start_gap_us=- imp_gap_road_us=- imp_gap_header_us=- imp_gap_senders_us=- imp_gap_parent_us=- imp_gap_setup_us=- imp_gap_keys_wait_us=- sealed_at_p90= sealed_over_130=0 roots_ms=- cycle_p90= batch_max_ms=- batch_median_ms=- imp_batch_max=- forest_lock_warns=1223 root_seal_ms=1 root_seals=34 root_majflt=8 roots_p90= gp_layer=1268 ggp_missing=163 state_wait_split=0/0/0/0:1106,0/20/0/0:53,0/40/0/0:24 qmdb_releases=0 state_wait_on= imp_road_end_ms=- imp_exec_start_ms=- imp_exec_end_ms=- imp_root_end_ms=- imp_fields_ready_ms=- imp_parent_fields_wait_ms=- imp_exec_ms=- imp_root_ms=- imp_checks_ms=- imp_engine_ms=- imp_total_ms=- road_parent_fields_wait_ms=- exec_read_ms=0 L_exec_evm_ms=0 L_exec_write_ms=0 L_exec_other_ms=0 L_reads_cache=0 L_reads_provider=0 L_reads_view=0 L_graft_base_ms=0 L_graft_reserve_ms=0 L_graft_insert_ms=0 L_graft_reverts_ms=0 L_graft_other_ms=0 L_par_exec_ms=27 L_par_graft_ms=0 F_exec_read_ms=- F_exec_evm_ms=- F_exec_write_ms=- F_exec_other_ms=- F_reads_cache=- F_reads_provider=- F_reads_view=- F_groups_ms=- L_tx_root_wait_ms=0 L_par_exec_ms=27 L_par_graft_ms=0 L_par_fold_ms=6 L_sealed_ms=5 L_state_ready_ms=87 L_roots_ms=35 L_finish_ms=94 L_total_ms=175 L_setup_ms=0 L_par_pull_ms=5 L_give_back_ms=0 L_state_wait_ms=0 L_state_after_pull=1262 L_seal_at_exec=1262 L_tx_root_ahead=0 flood_w1=2712336 txs_p10=200000 acq_us=458 slots_busy=11 ingest_rate=2677689 L_scope_join_ms=0 L_par_release_ms=0 L_commit_body_ms=0 L_par_commit_ms=2 L_give_back_ms=0 L_sealed_ms=5 L_par_exec_ms=27 L_state_wait_ms=0 L_par_pull_ms=5 L_par_prep_ms=3 L_par_start_ms=11 L_pre_exec_ms=0 L_par_run_ms=28 L_sealed_at_ms=64 F_partition_ms=- F_env_ms=- F_groups_ms=- F_merge_ms=- F_reverts_wait_ms=- F_ahead_wait_ms=- F_total_ms=- I_engine_ms=- I_root_ms=- I_total_ms=- H_engine_remember_ms=- H_engine_listing_ms=- H_engine_new_payload_ms=- busy_us=0 L_par_start_ms=11 L_start_handoff_ms=4 L_start_best_ms=11 L_start_puller_ms=0 L_par_pull_ms=5 L_par_prep_ms=3 L_state_wait_ms=0 L_par_exec_ms=27 L_par_commit_ms=2 L_sealed_ms=5 L_sealed_at_ms=64 L_par_graft_ms=0 L_graft_insert_ms=0 L_graft_reverts_ms=0 L_graft_split_us=0 L_graft_build_us=0 L_graft_merge_us=0 L_state_ready_ms=87 Q_queue_ms=0 R_dispatch_wait_ms=- R_total_ms=- R_road_runtime=1 gate_holds=0 peer_fetch=0 pool_limit=limit=4 gate_opened=gate_opened_for_block=0 I_root_ms=- flood_rate_hdr=rate=6000000/s fills=0 fill_waited=- slots_busy=11 acq_us=458 busy_us=0 converged=0 fallbacks=0 busy_us=0 recover_us=0 tf_on_output=3 tf_fallback=0 still_importing=6 busy_us=0 slots_busy=11 batches=altsig_txs=0 altsig_batches=0 tf_on_output=3 tf_fallback=0 gate_holds=0 sign_s=sign 0s replay_note=replay       : 64 files from /data/n42-pregen/g900000-400m, 400000000 transactio sign_s=sign 0s shard=shard_verified=0 shard_claimed=0 road_verified=- slots_busy=11 gate_us=2221 reply_us=2854 queued=1966000 assemble_ms=- road_take_ms=- road_body_ms=- road_encode_ms=- shards=16 shard_insert_ms=0 shard_wait_ms=0 shard_fold_ms=4 shard_append_ms=236 shard_merge_ms=49 state_ready_ms=87 roots_ms=35 exec_read_ms=0 exec_evm_ms=0 exec_write_ms=0 exec_other_ms=0 reads_cache=0 reads_provider=0 reads_view=0 par_run_ms=28 fold_task_cpu_max_us=3875 fold_task_minflt_max=120 fold_task_minflt_sum=120 fold_task_migrated=0 fold_task_nivcsw_max=0 fold_index=1 fold_index_build_ms=3 fold_index_conflicts=8570 fold_queue_us=20 fold_skew_us=44 fold_task_max_us=3872 fold_tail_us=20 start_best_ms=11 start_select_ms=0 start_walk_ms=5 start_walk_check_ms=0 start_best_other_ms=0 start_frames_by_ref=400 start_frames_slow=0 start_pull_ms=0 start_other_ms=0 start_handoff_ms=4 par_start_ms=11 par_prep_ms=3 par_commit_ms=2 commit_body_ms=0 par_fold_ms=6 sealed_ms=5 copy_ms=- prune_ms=0 frames=- frames_missing=- frame_root_ms=- root_ms=- frames_admitted=frames_admitted=504181 frames_unaligned=0 frame_root_indexed=- seal_layout_ms=0 seal_root_ms=0 attested= busy_us=0 slots_busy=11 reply_us=2854 prune_ms=0 body_refused=0 body_failed_late=0
loop337RF24 win1 tps=2,733,333 txs=82,000,000 blocks= 410 cycle=0.073s occupancy= 99.9% full(>=95%)=409/410 basefee=n/a (from the layer's log)
loop337RF24 win2 tps=2,700,000 txs=81,000,000 blocks= 405 cycle=0.074s occupancy=100.0% full(>=95%)=405/405 basefee=n/a (from the layer's log)
loop337RF24 win3 tps=2,686,667 txs=80,600,000 blocks= 403 cycle=0.074s occupancy=100.0% full(>=95%)=403/403 basefee=n/a (from the layer's log)
loop337RF24 tps=2,733,333 round_txs=243600000 cycles_w1=
loop337RF24 imp_fields_p90= b_p75=6
loop337RF24 overlay: filter_skips=0 probes=0 ratio=- (ratio = skips/(skips+probes))
loop337RF24 overlay_manager:       1 state_trie_overlay=false  state-ovly_cpu=0
loop337RF24 verify: written to /data/blockchain/rust-fleet7-bench/bench-loop337RF24/verify.json
== loop337RF24  (E=1: seven validator keys on one execution layer)
  window 1: canonical 411 blocks, 82.1M tx = 2,738,283/s (100.0% of window 1), full 409/411 (100%); cycle mean/median/p90 72.7/67.7/93.2 ms
    leader builds 411: sealed_at median/p90/p99 65/82/118; phases median/p90 ms: gap_before_exec 1/2, state_wait 0/0, par 56/75, par_exec 27/31, roots 35/42, parent_fields 0/0, sealed 5/7
    state_wait_on {'none': 376, 'grandparent': 32, 'layer_release': 3}; builds with state_wait > 20 ms: 14 ([('grandparent', 14)]); gp_layer {1.0: 411}, ggp_missing {0.0: 379, 1.0: 32}
    queue at the builds min/median 628,000/2,130,000
    new field batch_dispatch_us: median/p90/max 27.0/65.0/417, nonzero 411
    new field batch_first_start_us: median/p90/max 17.0/29.0/45, nonzero 411
    new field batch_last_end_us: median/p90/max 27377.0/30918.0/86554, nonzero 411
    new field batch_last_start_us: median/p90/max 14957.0/17021.0/48266, nonzero 411
    new field batch_threads: median/p90/max 32.0/32.0/32, nonzero 411
    new field batches: median/p90/max 58.0/58.0/58, nonzero 411
    new field one_wave: {'false': 411}
    new field open_engine_us: median/p90/max 0.0/0.0/80554, nonzero 32
    new field open_fallback: {'false': 379, 'true': 32}
    new field open_keep_us: median/p90/max 3.0/4.0/7194, nonzero 411
    new field open_layers: median/p90/max 3.0/3.0/3, nonzero 411
    new field open_provider_us: median/p90/max 100.0/139.0/224, nonzero 411
    new field prev_seal_to_answer_us: median/p90/max 5754.0/8002.0/13925, nonzero 411
    new field prev_seal_to_entry_us: median/p90/max 0.0/0.0/0, nonzero 0
    new field prev_seal_to_header_us: median/p90/max 185.0/261.0/401, nonzero 411
    new field prev_seal_to_import_us: median/p90/max 104192.0/152810.0/211343, nonzero 359
    new field prev_seal_to_request_us: median/p90/max 920.0/1197.0/134093, nonzero 411
    new field prev_seal_to_start_us: median/p90/max 1181.0/1474.0/134387, nonzero 411
    new field sealed_unix_us: median/p90/max 1791208068460576.0/1791208080491028.0/1791208083516929, nonzero 411
    new field start_walk_check_us: median/p90/max 119.0/1178.0/6143, nonzero 411
    new field start_walk_ids_us: median/p90/max 456.0/580.0/1212, nonzero 411
    new field start_walk_settle_us: median/p90/max 0.0/0.0/1371, nonzero 1
    new field start_walk_us: median/p90/max 5223.0/6551.0/10848, nonzero 411
    new field state_wait_us: median/p90/max 151.0/247.0/80636, nonzero 411
    binding wait (tick / quorum / seal share, mean cycle): tick 61% (67); quorum 5% (126); seal 34% (75); feed-bound (blocks under 95% of the tier): 2 of 411
    slowest key vote delay median/p90 20.1/78.2 ms
    engine own-import total_ms per block median/p90/max 41/64/114 (n=410)
    layer RSS 4.8 -> 25.9 G (max 25.9), in-memory blocks max 11
    execution layer cores busy 27.1    validators cores busy 1.1
    flood delivered (median per 5 s over the leg) 2,708,892/s
  window 2: canonical 405 blocks, 81.0M tx = 2,700,000/s (98.6% of window 1), full 405/405 (100%); cycle mean/median/p90 72.6/68.6/92.3 ms
    leader builds 407: sealed_at median/p90/p99 63/88/110; phases median/p90 ms: gap_before_exec 1/22, state_wait 0/20, par 55/77, par_exec 26/29, roots 35/43, parent_fields 0/0, sealed 5/8
    state_wait_on {'grandparent': 64, 'none': 338, 'layer_release': 5}; builds with state_wait > 20 ms: 35 ([('grandparent', 35)]); gp_layer {1.0: 407}, ggp_missing {1.0: 65, 0.0: 342}
    queue at the builds min/median 274,500/1,439,500
    new field batch_dispatch_us: median/p90/max 24.0/56.0/913, nonzero 407
    new field batch_first_start_us: median/p90/max 15.0/28.0/47, nonzero 407
    new field batch_last_end_us: median/p90/max 25938.0/28641.0/58026, nonzero 407
    new field batch_last_start_us: median/p90/max 14283.0/15936.0/45314, nonzero 407
    new field batch_threads: median/p90/max 32.0/32.0/32, nonzero 407
    new field batches: median/p90/max 58.0/58.0/58, nonzero 407
    new field one_wave: {'false': 407}
    new field open_engine_us: median/p90/max 0.0/20224.0/90954, nonzero 65
    new field open_fallback: {'false': 342, 'true': 65}
    new field open_keep_us: median/p90/max 3.0/5.0/6005, nonzero 407
    new field open_layers: median/p90/max 3.0/3.0/3, nonzero 407
    new field open_provider_us: median/p90/max 106.0/152.0/279, nonzero 407
    new field prev_seal_to_answer_us: median/p90/max 5990.0/8742.0/14093, nonzero 407
    new field prev_seal_to_entry_us: median/p90/max 0.0/0.0/0, nonzero 0
    new field prev_seal_to_header_us: median/p90/max 179.0/252.0/450, nonzero 407
    new field prev_seal_to_import_us: median/p90/max 117167.0/160304.0/291322, nonzero 320
    new field prev_seal_to_request_us: median/p90/max 920.0/1225.0/284717, nonzero 407
    new field prev_seal_to_start_us: median/p90/max 1182.0/1494.0/284975, nonzero 407
    new field sealed_unix_us: median/p90/max 1791208098436893.0/1791208110477328.0/1791208113547598, nonzero 407
    new field start_walk_check_us: median/p90/max 113.0/714.0/7906, nonzero 407
    new field start_walk_ids_us: median/p90/max 423.0/596.0/986, nonzero 407
    new field start_walk_settle_us: median/p90/max 0.0/0.0/279, nonzero 2
    new field start_walk_us: median/p90/max 5275.0/6238.0/13673, nonzero 407
    new field state_wait_us: median/p90/max 168.0/20303.0/91030, nonzero 407
    binding wait (tick / quorum / seal share, mean cycle): tick 73% (69); quorum 4% (120); seal 23% (74); feed-bound (blocks under 95% of the tier): 0 of 405
    slowest key vote delay median/p90 21.6/81.2 ms
    engine own-import total_ms per block median/p90/max 45/74/118 (n=405)
    layer RSS 24.0 -> 32.0 G (max 32.0), in-memory blocks max 12
    execution layer cores busy 26.7    validators cores busy 1.0
  window 3: canonical 403 blocks, 80.6M tx = 2,686,667/s (98.1% of window 1), full 403/403 (100%); cycle -
    leader builds 401: sealed_at median/p90/p99 65/87/120; phases median/p90 ms: gap_before_exec 1/21, state_wait 0/20, par 55/76, par_exec 27/30, roots 36/44, parent_fields 0/0, sealed 5/8
    state_wait_on {'none': 336, 'grandparent': 62, 'layer_release': 3}; builds with state_wait > 20 ms: 33 ([('grandparent', 33)]); gp_layer {1.0: 401}, ggp_missing {0.0: 339, 1.0: 62}
    queue at the builds min/median 1,391,500/2,133,000
    new field batch_dispatch_us: median/p90/max 24.0/63.0/286, nonzero 401
    new field batch_first_start_us: median/p90/max 15.0/27.0/54, nonzero 401
    new field batch_last_end_us: median/p90/max 26526.0/29657.0/88441, nonzero 401
    new field batch_last_start_us: median/p90/max 14679.0/16529.0/54102, nonzero 401
    new field batch_threads: median/p90/max 32.0/32.0/32, nonzero 401
    new field batches: median/p90/max 58.0/58.0/58, nonzero 401
    new field one_wave: {'false': 401}
    new field open_engine_us: median/p90/max 0.0/20172.0/132703, nonzero 62
    new field open_fallback: {'false': 339, 'true': 62}
    new field open_keep_us: median/p90/max 3.0/4.0/6517, nonzero 401
    new field open_layers: median/p90/max 3.0/3.0/3, nonzero 401
    new field open_provider_us: median/p90/max 99.0/147.0/326, nonzero 401
    new field prev_seal_to_answer_us: median/p90/max 7084.0/10079.0/25600, nonzero 401
    new field prev_seal_to_entry_us: median/p90/max 0.0/0.0/0, nonzero 0
    new field prev_seal_to_header_us: median/p90/max 178.0/247.0/575, nonzero 401
    new field prev_seal_to_import_us: median/p90/max 113758.0/162915.0/231316, nonzero 326
    new field prev_seal_to_request_us: median/p90/max 920.0/1245.0/159681, nonzero 401
    new field prev_seal_to_start_us: median/p90/max 1196.0/1541.0/160067, nonzero 401
    new field sealed_unix_us: median/p90/max 1791208128275878.0/1791208140413479.0/1791208143468179, nonzero 401
    new field start_walk_check_us: median/p90/max 114.0/1045.0/6634, nonzero 401
    new field start_walk_ids_us: median/p90/max 499.0/606.0/1117, nonzero 401
    new field start_walk_settle_us: median/p90/max 0.0/0.0/0, nonzero 0
    new field start_walk_us: median/p90/max 5409.0/6635.0/11486, nonzero 401
    new field state_wait_us: median/p90/max 157.0/20250.0/132767, nonzero 401
    engine own-import total_ms per block median/p90/max 45/76/156 (n=403)
    layer RSS 30.8 -> 37.7 G (max 37.7), in-memory blocks max 12
    execution layer cores busy 26.7    validators cores busy 1.0
  round total (3 windows, canonical): 243.7M tx
  layer peak RSS 37.7 G; in-memory blocks max 14
  fields at seal: mode "early", verified 0, unchecked 0, mismatches 0 (last build line, cumulative)
  own_executed_again (built here and also directly imported): 0 of 1261 built blocks
== loop337RF24
  layer-0 leader window-1 builds 412: txs mean 199875, share >= 95% of the tier 100% (max 200000); sealed_at_ms 65.0/82.0; par_ms 56.0/75.0; par_exec_ms 27.0/31.0; roots_ms 35.0/42.0; parent_fields_ms 0.0/0.0; sealed_ms 5.0/7.0
  proposal cycle window 1 (n=427): mean 72.7 median 67.7 p90 93.2 ms; blocks in the 30 s: 427
  binding wait (tick / quorum / seal, share and mean cycle): tick 60.6% (67.2); quorum 5.4% (125.6); seal 34.1% (75.3)
  vote delay after the proposal, slowest key per block: median 20.1 p90 74.5 ms (slowest minus the median key: median 0.2); last key: {1: 74, 2: 94, 3: 62, 4: 76, 5: 63, 6: 42} of 411 blocks
  CPU in window 1 (cores busy): execution layers 27.1 over 1 process(es); validators 1.1 over 7 process(es)
  execution layer peak RSS 37.7 G; in-memory blocks max 14 (node0 and others, all layers)
  blocks built here 1261; none also directly imported
  import-once counters at the last direct import: ; start-up lines with import_once=true: 1; queue-lock lines 0
  layer-0 queue (queued after canonical prune), median per 10 s: t+0:1876750 t+20:2131250 t+40:1138500 t+60:2128250 t+80:2194500
  flood: median per 5 s 2708892/s, final -
  timeout / given-up lines: 1; 13:47:05 v0 INFO process_event{view=1 kind="message"}: n42::cl::timeout: TC formed
loop337RF24 page_faults_per_s_median: node0=137147 
feedcheck loop337RF24: ok (block 200,000 tx)
== loop337RF24: feed check (acq_us / gate_us / reply_us are per frame of 500; rate per 5 s `ingest` line)
  window 1: ingest lines 6; acq_us 458 (max 1944); gate_us 2661; reply_us 3290; slots_busy 11%; delivered median 2,711,794/s max 2,880,306/s; queue at builds median 2,130,000 min 628,000; full 100% of 411 blocks
  window 2: ingest lines 6; acq_us 459 (max 472); gate_us 1590; reply_us 2232; slots_busy 10%; delivered median 2,681,792/s max 2,830,624/s; queue at builds median 1,439,500 min 274,500; full 100% of 405 blocks
  window 3: ingest lines 6; acq_us 458 (max 464); gate_us 2193; reply_us 2843; slots_busy 10%; delivered median 2,659,216/s max 2,773,840/s; queue at builds median 2,133,000 min 1,391,500; full 100% of 403 blocks
  flood.log (+15..+100 s): rate per 5 s median 2,705,192/s max 2,883,643/s; reply latency median 70.7 ms max 74.2 ms
== loop337RF24: 1219 full builds in the 3 windows
  par_exec_ms 27/30; par_run_ms 28/49; batch_start_skew_ms 14/16; batch_median_ms 11/13; batch_max_ms 17/22; batch_first_start_us 15/28; batch_last_start_us 14624/16511; batch_dispatch_us 25/63; batch_last_end_us 26654/29686; batches 58/58; batch_threads 32/32; batch_txs_max 3500/3500; batch_txs_min 500/500; start_walk_ms 5/6; start_walk_check_ms 0/0; par_start_ms 11/25; sealed_at_ms 64/85; prev_seal_to_answer_us 6284/9065; prev_seal_to_entry_us 0/0; prev_seal_to_header_us 180/252; prev_seal_to_import_us 109731/158688; prev_seal_to_request_us 920/1228; prev_seal_to_start_us 1185/1501; start_walk_check_us 115/982; start_walk_ids_us 464/596; start_walk_settle_us 0/0; start_walk_us 5306/6551
  one_wave {'false': 1219}
  batches == batch_threads on 0 of 1219 builds
  last - first batch start (ms) median/p90 14.61/16.49; under 2 ms on 0 of 1219 builds
datadirs of this round wiped; /data free 1103G
released at 09:51
ALLDONE
