/data free 577G at launch
tree at b03b68cb5 (test(fleet7): loop349 first claim a (WARM, K21, K21Q64, K21D, K21DQ64, K99DQ64: ); box free at 09:07; builds:
built at 09:10; ingest/tx-types tests:
test result: ok. 65 passed; 0 failed; 0 ignored; 0 measured; 0 filtered out; finished in 1.06s
test result: ok. 21 passed; 0 failed; 4 ignored; 0 measured; 0 filtered out; finished in 8.89s
flood tests:
test result: ok. 8 passed; 0 failed; 1 ignored; 0 measured; 0 filtered out; finished in 0.81s
tests from 09:11 (no claim)
tests passed at 09:29: 2148 tests
built b03b68cb5+tree at 09:33
waiting for a quiet box from 09:33
claimed at 09:35 (1791466477): avail 94G load 1.77
tip b03b68cb5 tree: 2 changed files; native n42 built 09:10:21, h2_validator 09:08:33, deferred n42 09:33:36; last source change 08:00:39 (crates/n42/h2-net/src/config.rs)
replay set for every leg: /data/n42-pregen/g900000-400m (senders 12500)
leg loop349WARM: /data free 577G (needs 120 G)
plan loop349WARM: exit 0 (7 validators, 1 layer(s)): # validators 7, execution layers 1, 208 CPUs a layer, import-once 1, shared 1; # validators : 16 CPUs set aside, taskset -c 104-111,232-239; # fleet    : 7 nodes, quorum 5 of 7 (f = 2); 0 refusals
leg loop349WARM start 09:35:08 load 1.77
round loop349WARM exit 0 at 09:38:13
loop349WARM save stages (node0, seconds summed over the leg / count): batch_size=2048.0/671  batch_size=2048.0/671  reth_consensus_engine_beacon_persistence_duration=58.7/671  duration_seconds=55.4/671  total=50.8/671  scope=45.5/671  sf=45.1/671  sf_transactions=44.8/671  qmdb_persisted=22.7/671  sf_account_changesets=20.8/671
el binary: /data/n42-build/target-n42-rs/native/release/n42 env: N42_IMPORT_ONCE=1 N42_SETTLEMENT_TAGS=legacy N42_BUILD_THROTTLE_SOFT=48 F7_EL_MAP=0,0,0,0,0,0,0 N42_FIELDS_AT_SEAL=1 N42_FREEZE_AFTER_SEAL=1 N42_FRAME_BLOCKS=1 N42_TX_INGEST_RECOVER_PARALLEL=24 N42_FREEZE_POOL=own N42_PARALLEL_BUILD_THREADS=32 N42_PLAN_AHEAD=1 N42_HASHED_TABLES=off F7_FLOOD_RATE=6000000 N42_COMPACT_BODY=1 N42_BUILD_BATCHES=128 MALLOC_CONF=thp:always,oversize_threshold:0,dirty_decay_ms:2000,background_thread:true N42_SEAL_ON_COUNTERS=1 N42_ACCOUNT_HISTORY=off N42_TAKE_COMPACT=1 N42_SF_EARLY_WRITEBACK=1 F7_VAL_NO_MALLOC_CONF=1 N42_ROAD_RUNTIME=1 N42_TX_INGEST_HIGH_WATER=2500000 F7_BENCH_POOL_SLOTS=3000000 N42_PLAN_AHEAD_BODY=1 N42_SEAL_AT_EXEC=1 N42_TX_QUEUE_DRAIN_CHUNK=8192 N42_ANSWER_LAYOUT_ONLY=1 N42_PULL_BY_FRAMES=1 N42_SF_PARALLEL_ENCODE=1 N42_BUILD_THROTTLE_HARD=80 N42_LIVE_INDEX_DEFER=1 RAYON_NUM_THREADS=16 F7_VAL_CPUS=16 N42_ROOT_OPS_AHEAD=1 TOKIO_WORKER_THREADS=16 N42_QMDB_READS=on N42_LEADER_LAYERS=3 N42_PERSIST_QMDB_IN_SCOPE=1 F7_BLOCK_INTERVAL_MS=60 F7_MEASURE_FROM_LOG=1
validator env: N42_IMPORT_ONCE=1 N42_SETTLEMENT_TAGS=legacy N42_BUILD_THROTTLE_SOFT=48 F7_EL_MAP=0,0,0,0,0,0,0 N42_FIELDS_AT_SEAL=1 N42_FREEZE_AFTER_SEAL=1 N42_FRAME_BLOCKS=1 N42_TX_INGEST_RECOVER_PARALLEL=24 N42_FREEZE_POOL=own N42_PARALLEL_BUILD_THREADS=32 N42_PLAN_AHEAD=1 N42_HASHED_TABLES=off F7_FLOOD_RATE=6000000 N42_COMPACT_BODY=1 N42_BUILD_BATCHES=128 N42_SEAL_ON_COUNTERS=1 N42_ACCOUNT_HISTORY=off N42_TAKE_COMPACT=1 N42_SF_EARLY_WRITEBACK=1 N42_ROAD_RUNTIME=1 N42_TX_INGEST_HIGH_WATER=2500000 F7_BENCH_POOL_SLOTS=3000000 N42_PLAN_AHEAD_BODY=1 N42_SEAL_AT_EXEC=1 N42_TX_QUEUE_DRAIN_CHUNK=8192 N42_ANSWER_LAYOUT_ONLY=1 N42_PULL_BY_FRAMES=1 N42_SF_PARALLEL_ENCODE=1 N42_BUILD_THROTTLE_HARD=80 N42_LIVE_INDEX_DEFER=1 RAYON_NUM_THREADS=16 F7_VAL_CPUS=16 N42_ROOT_OPS_AHEAD=1 TOKIO_WORKER_THREADS=16 N42_QMDB_READS=on N42_LEADER_LAYERS=3 N42_PERSIST_QMDB_IN_SCOPE=1 F7_MEASURE_FROM_LOG=1
loop349WARM once: start-up lines import_once=true 1; last direct-import counters 
loop349WARM imports: layers=1 direct_imports=0 canonical_blocks=2658 import_once_lines=1 (per layer: direct imports should equal canonical blocks for one execution per block)
grep: /data/blockchain/rust-fleet7-bench/node1/el.log: No such file or directory
grep: /data/blockchain/rust-fleet7-bench/node2/el.log: No such file or directory
grep: /data/blockchain/rust-fleet7-bench/node3/el.log: No such file or directory
grep: /data/blockchain/rust-fleet7-bench/node1/el.log: No such file or directory
grep: /data/blockchain/rust-fleet7-bench/node2/el.log: No such file or directory
grep: /data/blockchain/rust-fleet7-bench/node3/el.log: No such file or directory
cat: /data/blockchain/rust-fleet7-bench/node2/el.log: No such file or directory
cat: /data/blockchain/rust-fleet7-bench/node2/el.log: No such file or directory
cat: /data/blockchain/rust-fleet7-bench/node2/el.log: No such file or directory
cat: /data/blockchain/rust-fleet7-bench/node1/el.log: No such file or directory
cat: /data/blockchain/rust-fleet7-bench/node2/el.log: No such file or directory
cat: /data/blockchain/rust-fleet7-bench/node3/el.log: No such file or directory
loop349WARM no_variant=0 own_not_committed=0 tc=0 invalid_blocks=0 incomplete=0 gas_mismatch=0 direct_imports_failed=0 stuck_at_hashed_state=0 engine_idles_over_5s=0 proposals_given_up=0 tables_off_nodes=1 unanswered_reads=0 seal_first_total=1459 seal_first_direct=1459 direct_guard_errors=0 commit_ms_median=0 fold_ms_median=8 sealed_at_ms_median=52 state_ready_ms_median=97 build_total_ms_median=172 recover_us_median=0 par_exec_ms_median=22 par_exec_ms_median=22 giveback_filtered=0 giveback_offered_max=0 seal_first=1459 reader_lag_max=10 reader_lag_warns=0 view_invalidated=0 el_sum_peak_g=41.6 el_max_peak_g=41.6 val_sum_peak_g=0.9 flood_peak_g=0.6 two_roads_blocks=0 two_roads_overlap_ms_median=- exec_on_output_declined=0 r1_collect_ms_median=5 proposal_at_ms_median=49 view_total_ms_median=61 import_exec_ms_median=- import_total_ms_median=- import_senders_ms_median=- import_convert_ms_median=- import_groups_median=- imports_over_600ms=0 min_avail_g=69.8 road_foreign_body_recv_ms=- road_foreign_body_decode_ms=- road_foreign_body_senders_ms=- road_foreign_body_parent_wait_ms=- road_foreign_body_check_ms=- road_foreign_body_total_ms=- road_new_payload_recv_ms=- road_new_payload_decode_ms=- road_new_payload_senders_ms=- road_new_payload_parent_wait_ms=- road_new_payload_check_ms=- road_new_payload_total_ms=- road_foreign_body_blocks=0 road_new_payload_blocks=0 fcu_answered=1255 fcu_in_flight_ms_median=2 fcu_queued_ms_median=0 fcu_queued_ms_max=88 fcu_refused=0 fcu_slow=2311 bodies_held=0 road_reuse_ms=- road_prepare_ms=- road_dispatch_ms=- road_convert_ms=- road_remember_ms=- road_header_ms=- road_fields_ms=- road_other_ms=- import_engine_ms_median=- gate_forced=0 gate_warns=0 flood_timeouts=0 canonical_min=2700 canonical_max=2700 chained_builds=1858 chain_lead_ms_median=51 chain_wait_ms_median=5 chain_started=1860 chain_discarded=3 chain_discard_reasons=_1_reason="no_,_1_reason="the_build_was_aborted,_1_reason="the_chained_build_produced_nothing,_2_reason="the_execution_layer_produced_nothing chain_alias_warns=0 el_chained=1875 bodies_held_warns=0 el_build_refused=3 el_build_refused_reasons=_2_no_QMDB_tree_for_parent_block_0x,_1_the_build_was_aborted queued_p5=2315500 queued_p50=2464000 road_compact_blocks=0 road_compact_recv_ms=- road_compact_assemble_ms=- road_compact_root_ms=- road_compact_miss_wait_ms=- road_compact_senders_ms=- road_compact_check_ms=- road_compact_other_ms=- road_compact_total_ms=- road_compact_misses_total= compact_refused_el=0 compact_fallbacks=0 compact_bytes_median=- pool_order9=13527 par_pull_ms_median=0 build_total_ms_median2=54 road_compact_filled_blocks=0 road_compact_filled_median=- road_compact_fill_ms_median=- need_txns=0 fill_failed=0 ingest_rate_gate_open_median=- ingest_gate_open_intervals=0 ingest_slots_busy_median=- flood_rate= fill_asked_proposer=0 fill_asked_other=0 loop_lines=1831 loop_unnamed_ms_median=48 loop_body_served_ms_median=- loop_txns_served_ms_median=- import_exec_ms_median2=- pip_partition_ms=- pip_env_ms=- pip_batch_ms=- pip_groups_ms=- pip_gas_ms=- pip_merge_ms=- pip_receipts_ms=- pip_drop_ms=- pip_other_ms=- pip_total_ms=- senders_indexed_median=- road_senders_ms_median=- road_total_ms_median=- pew_ms_median=- pew_ms_p90= gate_ms_median=- gate_ms_p90= root_ms_p50=- root_ms_p90= two_roads=0 not_on_output=0 not_on_output_why= ckpt_ms_first_q=2 ckpt_ms_last_q=53 ckpt_bytes_last=34548692 parent_still_importing=0 root_wait_ms_p50=- root_wait_ms_p90= tenures_low_seal=24 seal_first_share=0.99 empty_over_deep=0 near_empty_warns=0 no_seal_why=_1_why="the_parallel_step_built_nothing" par_skipped_median=- usable_p5=2315000 ckpt_replay_ms_last_q=14 candidates_zero=0 dropped_ingest=0 let_go_warns=0 let_go_reasons= parked_p50=0 parked_max=0 held_warns=0 park_capped_total=0 superseded_builds=1 empty_not_superseded=0 mass_park_warns=0 heads_lines=0 holes_lines=0 stale_parent_refusals=0 par_groups_p5=0 cancelled_decided=0 heads_nonce0=0 stale_unconfirmed= handovers=0 el_panics=0 decided_cancelled=0 min_window_blocks=460 road_desc_blocks=0 road_desc_total_ms=- road_desc_copy_ms=- desc_misses=0 fill_failed2=0 sf_par_collect_ms=0 sf_par_commit_ms=0 sf_par_fold_ms=8 sf_par_graft_ms=0 sf_par_prefault_ms=0 sf_par_exec_ms=22 sf_sealed_at_ms=52 sf_roots_ms=32 sf_state_ready_ms=97 sf_total_ms=172 ba_find_ms=0 ba_queue_ms=0 ba_total_ms=54 ba_on_output=1458 queue_fold_us=0 queue_lock_us=234 sf_par_exec_ms=22 sf_par_fold_ms=8 pip_groups_ms=- import_exec_ms_median2=- reads_d0=0 reads_hist=0 f_reads_d0=- f_reads_hist=- f_overlay_depth=- L_read_set_ms=0 read_set_accounts=0 read_set_unresolved=0 read_set_hits=0 read_set_misses=0 start_best_ms=- par_prep_ms=- gap_before_exec_ms=- gap_after_exec_ms=- gap_before_seal_ms=- index_ms=- road_copy_aside_ms=- road_copy_wait_ms=- road_total_ms=- queue_first_miss=queue_first_miss=18446744073709551615:1470,queue_first_miss=0:1187 root_append_behind=0 populate_lag_mb=0 swap_used_g=0 root_faults=- root_faults_p90= root_faults_entries=0 root_faults_offsets=0 root_faults_index=0 root_faults_bits=0 root_faults_twigs=0 root_faults_undo=0 root_faults_tmp=0 root_append_faults=0 root_twig_pool_misses=0 batch_max_ms=9 batch_min_ms=2 batch_median_ms=4 batch_cpu_max_ms=8 batch_txs_max=2000 batch_txs_min=1500 batch_start_skew_ms=16 batch_wait_ms=0 loop_fetch_ns=0 loop_check_ns=0 loop_transfer_ns=0 loop_receipt_ns=0 loop_gas_ns=0 loop_sink_ns=0 loop_other_ns=0 batch_setup_ns=0 batch_close_ns=0 imp_exec_part_ms=- imp_exec_batches_ms=- imp_exec_graft_ms=- imp_exec_batches=- imp_exec_threads=- imp_exec_batch_max_ms=- imp_exec_batch_median_ms=- imp_parent_output_wait_ms=- road_parent_output_wait_ms=- next_start_gap_ms=1 next_entry_gap_ms=0 commit_body_ahead_used=- imp_exec_keys_ms=- imp_keys_ahead=- imp_exec_sink_ms=- imp_exec_pre_ms=- imp_exec_post_ms=- imp_exec_receipts_ms=- imp_exec_drop_ms=- root_gap_ms=- queue_whole=queue_whole=true:1469,queue_whole=false:1188 tick_tick_late_us=952 tick_preamble_us=340 tick_take_sealed_us=1 tick_sign_us=0 tick_cache_us=0 tick_presealed=- tick_describe_us=10 tick_publish_us=603 tick_tick_to_send_us=2003 road_check_ms=- road_check_include_us=- road_check_scan_us=- road_check_fold_us=- road_check_senders_us=- road_check_frames_summarized=- road_check_frames_scanned=- imp_exec_start_gap_us=- imp_gap_road_us=- imp_gap_header_us=- imp_gap_senders_us=- imp_gap_parent_us=- imp_gap_setup_us=- imp_gap_keys_wait_us=- sealed_at_p90= sealed_over_130=0 roots_ms=- cycle_p90=61/64/62 batch_max_ms=- batch_median_ms=- imp_batch_max=- forest_lock_warns=1568 root_seal_ms=1 root_seals=40 root_majflt=3470 roots_p90= gp_layer=1467 ggp_missing=240 state_wait_split=0/0/0/0:497,9/0/0/0:83,8/0/0/0:79 qmdb_releases=0 state_wait_on= imp_road_end_ms=- imp_exec_start_ms=- imp_exec_end_ms=- imp_root_end_ms=- imp_fields_ready_ms=- imp_parent_fields_wait_ms=- imp_exec_ms=- imp_root_ms=- imp_checks_ms=- imp_engine_ms=- imp_total_ms=- road_parent_fields_wait_ms=- exec_read_ms=0 L_exec_evm_ms=0 L_exec_write_ms=0 L_exec_other_ms=0 L_reads_cache=0 L_reads_provider=0 L_reads_view=0 L_graft_base_ms=0 L_graft_reserve_ms=0 L_graft_insert_ms=0 L_graft_reverts_ms=0 L_graft_other_ms=0 L_par_exec_ms=22 L_par_graft_ms=0 F_exec_read_ms=- F_exec_evm_ms=- F_exec_write_ms=- F_exec_other_ms=- F_reads_cache=- F_reads_provider=- F_reads_view=- F_groups_ms=- L_tx_root_wait_ms=0 L_par_exec_ms=22 L_par_graft_ms=0 L_par_fold_ms=8 L_sealed_ms=8 L_state_ready_ms=97 L_roots_ms=32 L_finish_ms=106 L_total_ms=172 L_setup_ms=0 L_par_pull_ms=0 L_give_back_ms=0 L_state_wait_ms=6 L_state_after_pull=1459 L_seal_at_exec=1459 L_tx_root_ahead=0 flood_w1=3145529 txs_p10=200000 acq_us=471 slots_busy=13 ingest_rate=3157813 L_scope_join_ms=0 L_par_release_ms=0 L_commit_body_ms=0 L_par_commit_ms=0 L_give_back_ms=0 L_sealed_ms=8 L_par_exec_ms=22 L_state_wait_ms=6 L_par_pull_ms=0 L_par_prep_ms=0 L_par_start_ms=4 L_pre_exec_ms=0 L_par_run_ms=30 L_sealed_at_ms=52 F_partition_ms=- F_env_ms=- F_groups_ms=- F_merge_ms=- F_reverts_wait_ms=- F_ahead_wait_ms=- F_total_ms=- I_engine_ms=- I_root_ms=- I_total_ms=- H_engine_remember_ms=- H_engine_listing_ms=- H_engine_new_payload_ms=- busy_us=1 L_par_start_ms=4 L_start_handoff_ms=0 L_start_best_ms=4 L_start_puller_ms=0 L_par_pull_ms=0 L_par_prep_ms=0 L_state_wait_ms=6 L_par_exec_ms=22 L_par_commit_ms=0 L_sealed_ms=8 L_sealed_at_ms=52 L_par_graft_ms=0 L_graft_insert_ms=0 L_graft_reverts_ms=0 L_graft_split_us=0 L_graft_build_us=0 L_graft_merge_us=0 L_state_ready_ms=97 Q_queue_ms=0 R_dispatch_wait_ms=- R_total_ms=- R_road_runtime=1 gate_holds=0 peer_fetch=0 pool_limit=limit=4 gate_opened=gate_opened_for_block=0 I_root_ms=- flood_rate_hdr=rate=6000000/s fills=0 fill_waited=- slots_busy=13 acq_us=471 busy_us=1 converged=0 fallbacks=0 busy_us=1 recover_us=0 tf_on_output=2 tf_fallback=0 still_importing=0 busy_us=1 slots_busy=13 batches=altsig_txs=0 altsig_batches=0 tf_on_output=2 tf_fallback=0 gate_holds=0 sign_s=sign 0s replay_note=replay       : 64 files from /data/n42-pregen/g900000-400m, 400000000 transactio sign_s=sign 0s shard=shard_verified=0 shard_claimed=0 road_verified=- slots_busy=13 gate_us=7036 reply_us=7594 queued=2464000 assemble_ms=- road_take_ms=- road_body_ms=- road_encode_ms=- shards=16 shard_insert_ms=0 shard_wait_ms=0 shard_fold_ms=14 shard_append_ms=17 shard_merge_ms=59 state_ready_ms=97 roots_ms=32 exec_read_ms=0 exec_evm_ms=0 exec_write_ms=0 exec_other_ms=0 reads_cache=0 reads_provider=0 reads_view=0 par_run_ms=30 fold_task_cpu_max_us=13780 fold_task_minflt_max=1 fold_task_minflt_sum=1 fold_task_migrated=0 fold_task_nivcsw_max=0 fold_index=1 fold_index_build_ms=13 fold_index_conflicts=8530 fold_queue_us=61 fold_skew_us=35 fold_task_max_us=13789 fold_tail_us=17 start_best_ms=4 start_select_ms=0 start_walk_ms=0 start_walk_check_ms=0 start_best_other_ms=0 start_frames_by_ref=0 start_frames_slow=0 start_pull_ms=0 start_other_ms=0 start_handoff_ms=0 par_start_ms=4 par_prep_ms=0 par_commit_ms=0 commit_body_ms=0 par_fold_ms=8 sealed_ms=8 copy_ms=- prune_ms=0 frames=- frames_missing=- frame_root_ms=- root_ms=- frames_admitted=frames_admitted=583163 frames_unaligned=0 frame_root_indexed=- seal_layout_ms=0 seal_root_ms=0 attested= busy_us=1 slots_busy=13 reply_us=7594 prune_ms=0 body_refused=0 body_failed_late=0
loop349WARM win1 tps=3,160,000 txs=94,800,000 blocks= 474 cycle=0.063s occupancy=100.0% full(>=95%)=474/474 basefee=n/a (from the layer's log)
loop349WARM win2 tps=3,120,000 txs=93,600,000 blocks= 468 cycle=0.064s occupancy=100.0% full(>=95%)=468/468 basefee=n/a (from the layer's log)
loop349WARM win3 tps=3,066,667 txs=92,000,000 blocks= 460 cycle=0.065s occupancy=100.0% full(>=95%)=460/460 basefee=n/a (from the layer's log)
loop349WARM win1 tps=3,186,667 txs=95,600,000 blocks= 478 cycle=0.063s occupancy= 99.8% full(>=95%)=477/478 basefee=n/a (from the layer's log)
loop349WARM win2 tps=3,106,667 txs=93,200,000 blocks= 466 cycle=0.064s occupancy=100.0% full(>=95%)=466/466 basefee=n/a (from the layer's log)
loop349WARM win3 tps=3,086,667 txs=92,600,000 blocks= 463 cycle=0.065s occupancy=100.0% full(>=95%)=463/463 basefee=n/a (from the layer's log)
loop349WARM tps=3,160,000
tps=3,186,667 round_txs=561800000 cycles_w1=
loop349WARM imp_fields_p90= b_p75=18
loop349WARM overlay: filter_skips=0 probes=0 ratio=- (ratio = skips/(skips+probes))
loop349WARM overlay_manager:       1 state_trie_overlay=false  state-ovly_cpu=0
loop349WARM verify: written to /data/blockchain/rust-fleet7-bench/bench-loop349WARM/verify.json
== validator memory at flood +70 s (loop349WARM)
validators 7: RSS sum 0.8 G, max 0.12 G, mean 0.12 G; threads 273 (mean 39)
one validator (pid 1998278):
VmHWM:	  120556 kB
VmRSS:	  120556 kB
RssAnon:	  104768 kB
RssFile:	   15788 kB
RssShmem:	       0 kB
Threads:	39
Rss:              120560 kB
Private_Dirty:    104772 kB
Anonymous:        104772 kB
AnonHugePages:         0 kB
threads by name:
     33 h2_validator
      4 tokio-rt-worker
      1 n42-qmdb-prefau
      1 futures-timer
largest mappings by Rss:
52172  7ed4b2c00000-7ed4b8400000
13584  7ed4b8500000-7ed4b9c00000
10912 /data/n42-build/target-n42-rs/native/release/examples/h2_validator 5e9c66bca000-5e9c67a64000
9564  7ed4b9d00000-7ed4bb200000
8120  7ed4c0400000-7ed4c2800000
4876  7ed4bb280000-7ed4bda00000
4144  7ed4c3500000-7ed4c4800000
2612  7ed4c5e00000-7ed4c7400000
RssAnon of all validators (MB):
anon n=7 min 105 median 105 max 106 MB, sum 0.7 G
RSS of all validators, sorted:
min 120.312 MB median 120.532 MB max 121.416 MB
== many-keys report loop349WARM
== loop349WARM: 7 validator logs, f=2, quorum 5
1. the leaders' commit lines
  R1_collect (proposal -> prepare QC): n=2972 p50 5.0 p90 39.0 p99 81.0 max 98.0 ms
  R2_collect (prepare QC -> commit QC): n=2972 p50 5.0 p90 6.0 p99 12.0 max 16.0 ms
  total (proposal -> commit): n=2972 p50 61.0 p90 82.0 p99 131.0 max 376.0 ms
  votes at formation: R1 median 5 max 5 (quorum 5); R2 median 5 max 5
2. vote collection at the traced leaders (first vote -> quorum -> last vote)
 R1 (vote), 2972 views:
    proposal -> first vote: n=2972 p50 2.2 p90 36.8 p99 78.6 max 95.7 ms
    first vote -> quorum: n=2972 p50 2.2 p90 2.3 p99 2.7 max 4.2 ms
    quorum -> last vote: n=2972 p50 1.8 p90 2.0 p99 8.1 max 103.3 ms
    proposal -> last vote (the slowest key): n=2972 p50 6.3 p90 41.9 p99 82.9 max 107.0 ms
   views with fewer than 6 votes received: 0
 R2 (commit_vote), 2972 views:
    proposal -> first vote: n=2972 p50 8.3 p90 44.4 p99 84.8 max 104.3 ms
    first vote -> quorum: n=2972 p50 2.2 p90 2.3 p99 2.5 max 4.1 ms
    quorum -> last vote: n=2972 p50 0.9 p90 0.9 p99 1.1 max 17.2 ms
    proposal -> last vote (the slowest key): n=2972 p50 11.4 p90 47.6 p99 87.9 max 107.5 ms
   views with fewer than 6 votes received: 0
3. the straggler rule and the loop
  proposal interval (same leader, consecutive views): n=2969 p50 61.4 p90 64.1 p99 92.7 max 375.5 ms; >= 500 ms: 0
  no `slow step` lines
4. gossip propagation (proposal sent -> received at a traced follower)
    proposal arrival delay: n=5944 p50 0.2 p90 0.3 p99 1.4 max 14.5 ms
4b. the new fields (docs/E1_MANY_KEYS.md section 6), leaders' `block committed!` and `proposal sent` lines
    verify_us: n=2972 p50 6531.0 p90 6757.0 p99 7014.0 max 9354.0 us
    verify_n: n=2972 p50 10.0 p90 10.0 p99 10.0 max 14.0 
    verify_batches: n=2972 p50 0.0 p90 0.0 p99 0.0 max 0.0 
  verify_fallbacks: total 0 over 2972 blocks
    inbound_queue_max: n=2972 p50 0.0 p90 0.0 p99 0.0 max 0.0 
    gossip_poll_us: n=2972 p50 371.0 p90 403.0 p99 608.0 max 935.0 us
  straggler_waits (cumulative per leader log, summed over 3 leaders): 3; waits with straggler_wait_us > 0: 3 of 2972 proposals, p50 44.9 p90 99.5 max 99.5 ms, total 0.19 s
  direct votes at the leaders: received 0 (duplicates dropped 0); sent by those nodes 0, fallbacks to gossip 0; leaders led 2972 views = 35664 vote messages expected (2 rounds x 6); direct share of those 0.0%
5. validators
validators n=7: cpu total 0.02 cores, per key mean 0.002 median 0.002 max 0.003 (key 0) min 0.002; rss per key peak mean 0.132 max 0.188 G, sum of peaks 0.9 G; threads per key mean 39, total 273
libp2p connections (last census of 8): 42 in all (a full mesh of 7 is 21); sockets per process min 6 median 6 max 8
== loop349WARM  (E=1: seven validator keys on one execution layer)
  window 1: canonical 478 blocks, 95.6M tx = 3,186,667/s (100.0% of window 1), full 477/478 (100%); cycle mean/median/p90 62.6/61.4/66.5 ms
    leader builds 478: sealed_at median/p90/p99 49/66/96; phases median/p90 ms: gap_before_exec 6/28, state_wait 6/27, par 49/72, par_exec 21/28, roots 30/42, parent_fields 5/20, sealed 6/21
    state_wait_on {'output': 256, 'none': 178, 'grandparent': 43, 'open': 1}; builds with state_wait > 20 ms: 64 ([('grandparent', 42), ('output', 22)]); gp_layer {1.0: 478}, ggp_missing {0.0: 425, 1.0: 53}
    queue at the builds min/median 1,123,500/2,515,500
    new field batch_cpu_sum_us: median/p90/max 592406.0/754415.0/1280546, nonzero 478
    new field batch_dispatch_us: median/p90/max 205.5/283.0/571, nonzero 478
    new field batch_first_start_us: median/p90/max 71.0/103.0/239, nonzero 478
    new field batch_ivcsw: median/p90/max 1.0/7.0/18, nonzero 276
    new field batch_last_end_us: median/p90/max 21540.0/28381.0/47024, nonzero 478
    new field batch_last_start_us: median/p90/max 16545.5/21373.0/38454, nonzero 478
    new field batch_live_deferred: median/p90/max 72.0/80.0/87, nonzero 478
    new field batch_live_lock_hold_us: median/p90/max 10428.5/12358.0/15141, nonzero 478
    new field batch_live_lock_wait_us: median/p90/max 0.0/0.0/0, nonzero 0
    new field batch_live_lock_waits: median/p90/max 0.0/0.0/0, nonzero 0
    new field batch_majflt: median/p90/max 0.0/0.0/0, nonzero 0
    new field batch_minflt: median/p90/max 741.0/9620.0/27300, nonzero 478
    new field batch_open_max_us: median/p90/max 433.0/524.0/1492, nonzero 478
    new field batch_open_sum_us: median/p90/max 10698.5/13074.0/18673, nonzero 478
    new field batch_threads: median/p90/max 32.0/32.0/32, nonzero 478
    new field batch_vcsw: median/p90/max 162.0/499.0/993, nonzero 478
    new field batch_view_index_wait_us: median/p90/max 0.0/20589.0/56143, nonzero 108
    new field batch_view_index_waits: median/p90/max 0.0/281.0/714, nonzero 108
    new field batch_view_slot_wait_us: median/p90/max 0.0/2502.0/4767, nonzero 114
    new field batch_view_slot_waits: median/p90/max 0.0/54.0/149, nonzero 114
    new field batch_wall_sum_us: median/p90/max 599464.0/771444.0/1281886, nonzero 478
    new field batches: median/p90/max 128.0/128.0/128, nonzero 478
    new field build_batches: median/p90/max 128.0/128.0/128, nonzero 478
    new field carried_depth: median/p90/max 1.0/1.0/1, nonzero 478
    new field exec_end_to_seal_us: median/p90/max 87.0/133.0/311, nonzero 478
    new field exec_partition_us: median/p90/max 6.0/8.0/1128, nonzero 478
    new field exec_prepared_groups: {'true': 476, 'false': 2}
    new field exec_prepared_slots: {'true': 477, 'false': 1}
    new field exec_slots_us: median/p90/max 0.0/0.0/2489, nonzero 1
    new field freeze_join_wait_us: median/p90/max 9231.5/19084.0/27295, nonzero 478
    new field freeze_late: {'true': 478}
    new field freeze_pool_own: {'true': 478}
    new field live_index_defer: {'true': 478}
    new field merge_accounts: median/p90/max 191104.0/194905.0/198258, nonzero 478
    new field merge_append_us: median/p90/max 2257.5/6718.0/13646, nonzero 478
    new field merge_early: {'false': 478}
    new field merge_join_wait_us: median/p90/max 0.0/0.0/0, nonzero 0
    new field merge_reverts: median/p90/max 191104.0/194905.0/198258, nonzero 478
    new field merge_reverts_us: median/p90/max 15180.0/20065.0/26759, nonzero 478
    new field merge_state_us: median/p90/max 38566.5/46371.0/77849, nonzero 478
    new field merge_tail_us: median/p90/max 0.0/0.0/1, nonzero 4
    new field merge_threads: median/p90/max 1.0/1.0/1, nonzero 478
    new field one_wave: {'false': 478}
    new field open_engine_us: median/p90/max 0.0/20141.0/90545, nonzero 53
    new field open_fallback: {'false': 425, 'true': 53}
    new field open_keep_us: median/p90/max 6.0/9.0/26, nonzero 478
    new field open_kept_accounts: median/p90/max 573668.0/582081.0/589786, nonzero 478
    new field open_layers: median/p90/max 3.0/3.0/3, nonzero 478
    new field open_provider_us: median/p90/max 95.0/143.0/354, nonzero 478
    new field plan_age_us: median/p90/max 47654.5/97789.0/127765, nonzero 478
    new field plan_ahead: median/p90/max 1.0/1.0/1, nonzero 478
    new field plan_body: median/p90/max 1.0/1.0/2, nonzero 478
    new field plan_body_us: median/p90/max 14239.0/17519.0/21017, nonzero 477
    new field plan_discard: {'': 478}
    new field plan_prep_us: median/p90/max 6537.0/13493.0/23815, nonzero 478
    new field plan_topup_txs: median/p90/max 0.0/0.0/0, nonzero 0
    new field prep_from_plan: {'true': 477, 'false': 1}
    new field prev_seal_to_answer_us: median/p90/max 1572.0/2495.0/4678, nonzero 478
    new field prev_seal_to_entry_us: median/p90/max 0.0/0.0/0, nonzero 0
    new field prev_seal_to_header_us: median/p90/max 175.0/275.0/469, nonzero 477
    new field prev_seal_to_import_us: median/p90/max 107898.0/138822.0/183311, nonzero 463
    new field prev_seal_to_request_us: median/p90/max 909.0/68007.0/95445, nonzero 478
    new field prev_seal_to_start_us: median/p90/max 1176.5/68289.0/95645, nonzero 478
    new field pull_bulk_txs: median/p90/max 200000.0/200000.0/200000, nonzero 478
    new field pull_bulk_us: median/p90/max 5.0/8.0/1321, nonzero 478
    new field receipts_late: {'false': 478}
    new field receipts_late_wait_us: median/p90/max 0.0/0.0/0, nonzero 0
    new field rename_fallbacks: median/p90/max 0.0/0.0/0, nonzero 0
    new field rename_record_waits: median/p90/max 0.0/0.0/0, nonzero 0
    new field root_apply_gap_us: median/p90/max 10.0/12.0/18, nonzero 478
    new field root_apply_total_us: median/p90/max 20501.0/27964.0/49539, nonzero 478
    new field root_compute_us: median/p90/max 22671.0/31884.0/50914, nonzero 478
    new field root_delta_us: median/p90/max 1156.0/3793.0/13783, nonzero 478
    new field root_index_us: median/p90/max 2661.0/5371.0/15640, nonzero 478
    new field root_leaves_us: median/p90/max 6943.5/10517.0/21480, nonzero 478
    new field root_note_us: median/p90/max 148.0/212.0/1293, nonzero 478
    new field root_ops_ahead: {'true': 478}
    new field root_ops_ahead_wait_us: median/p90/max 2964.0/8256.0/25560, nonzero 478
    new field root_ops_concat_us: median/p90/max 0.0/0.0/0, nonzero 0
    new field root_ops_encode_us: median/p90/max 5490.5/9107.0/21900, nonzero 478
    new field root_ops_finish_us: median/p90/max 2359.0/3038.0/7685, nonzero 478
    new field root_ops_sort_us: median/p90/max 3239.5/6692.0/18835, nonzero 478
    new field root_ops_us: median/p90/max 5354.0/10690.0/28106, nonzero 478
    new field root_rehash_us: median/p90/max 1403.5/1871.0/10614, nonzero 478
    new field root_retire_us: median/p90/max 1592.0/2658.0/7353, nonzero 478
    new field root_sort_us: median/p90/max 183.5/379.0/3238, nonzero 478
    new field root_undo_us: median/p90/max 350.0/674.0/3678, nonzero 478
    new field root_writes_us: median/p90/max 6850.0/9925.0/20128, nonzero 478
    new field seal_hashes_ahead: {'true': 478}
    new field seal_on_counters: {'true': 478}
    new field seal_to_complete_us: median/p90/max 106837.0/125183.0/155709, nonzero 478
    new field seal_to_frozen_us: median/p90/max 9201.0/19028.0/27285, nonzero 369
    new field seal_to_merge_end_us: median/p90/max 106743.5/125107.0/155623, nonzero 478
    new field seal_to_merge_start_us: median/p90/max 49186.0/61805.0/81007, nonzero 478
    new field seal_to_ops_ahead_us: median/p90/max 20633.0/31028.0/47087, nonzero 478
    new field seal_to_shards_ready_us: median/p90/max 14374.5/23179.0/30637, nonzero 478
    new field seal_to_state_ready_us: median/p90/max 106752.0/125114.0/155634, nonzero 478
    new field sealed_unix_us: median/p90/max 1791466612904181.0/1791466624660344.0/1791466627619736, nonzero 478
    new field start_walk_check_us: median/p90/max 0.0/0.0/0, nonzero 0
    new field start_walk_ids_us: median/p90/max 0.0/0.0/0, nonzero 0
    new field start_walk_settle_us: median/p90/max 0.0/0.0/0, nonzero 0
    new field start_walk_us: median/p90/max 0.0/0.0/0, nonzero 0
    new field state_wait_us: median/p90/max 6015.5/27883.0/106672, nonzero 478
    new field view_journal_reads: median/p90/max 0.0/81920.0/163840, nonzero 229
    new field view_journal_searches: median/p90/max 0.0/221184.0/419002, nonzero 229
    new field view_journal_skips: median/p90/max 0.0/0.0/0, nonzero 0
    new field whole_take_noted: {'true': 478}
    binding wait (tick / quorum / seal share, mean cycle): tick 99% (62); quorum 1% (108); seal 1% (85); feed-bound (blocks under 95% of the tier): 1 of 478
    slowest key vote delay median/p90 3.6/35.5 ms
    engine own-import total_ms per block median/p90/max 35/53/126 (n=477)
    layer RSS 4.8 -> 24.8 G (max 26.0), in-memory blocks max 10
    execution layer cores busy 34.6    validators cores busy 1.2
    flood delivered (median per 5 s over the leg) 3,142,722/s
  window 2: canonical 466 blocks, 93.2M tx = 3,106,667/s (97.5% of window 1), full 466/466 (100%); cycle mean/median/p90 61.4/61.7/62.3 ms
    leader builds 465: sealed_at median/p90/p99 53/75/95; phases median/p90 ms: gap_before_exec 6/28, state_wait 6/28, par 52/78, par_exec 21/26, roots 33/51, parent_fields 9/27, sealed 10/28
    state_wait_on {'none': 150, 'output': 252, 'grandparent': 63}; builds with state_wait > 20 ms: 58 ([('grandparent', 55), ('output', 3)]); gp_layer {1.0: 465}, ggp_missing {0.0: 397, 1.0: 68}
    queue at the builds min/median 2,132,500/2,513,500
    new field batch_cpu_sum_us: median/p90/max 581961.0/712912.0/1620913, nonzero 465
    new field batch_dispatch_us: median/p90/max 225.0/312.0/3776, nonzero 465
    new field batch_first_start_us: median/p90/max 75.0/129.0/250, nonzero 465
    new field batch_ivcsw: median/p90/max 1.0/7.0/37, nonzero 299
    new field batch_last_end_us: median/p90/max 21621.0/26907.0/60744, nonzero 465
    new field batch_last_start_us: median/p90/max 16463.0/20342.0/44102, nonzero 465
    new field batch_live_deferred: median/p90/max 74.0/84.0/282, nonzero 465
    new field batch_live_lock_hold_us: median/p90/max 10906.0/13064.0/34154, nonzero 465
    new field batch_live_lock_wait_us: median/p90/max 0.0/0.0/0, nonzero 0
    new field batch_live_lock_waits: median/p90/max 0.0/0.0/0, nonzero 0
    new field batch_majflt: median/p90/max 0.0/0.0/1, nonzero 1
    new field batch_minflt: median/p90/max 961.0/10576.0/36436, nonzero 465
    new field batch_open_max_us: median/p90/max 445.0/551.0/2468, nonzero 465
    new field batch_open_sum_us: median/p90/max 10760.0/13643.0/33414, nonzero 465
    new field batch_threads: median/p90/max 32.0/32.0/32, nonzero 465
    new field batch_vcsw: median/p90/max 170.0/498.0/844, nonzero 465
    new field batch_view_index_wait_us: median/p90/max 0.0/22713.0/52462, nonzero 110
    new field batch_view_index_waits: median/p90/max 0.0/281.0/606, nonzero 110
    new field batch_view_slot_wait_us: median/p90/max 0.0/2240.0/19058, nonzero 121
    new field batch_view_slot_waits: median/p90/max 0.0/52.0/102, nonzero 121
    new field batch_wall_sum_us: median/p90/max 588822.0/727371.0/1622673, nonzero 465
    new field batches: median/p90/max 128.0/128.0/128, nonzero 465
    new field build_batches: median/p90/max 128.0/128.0/128, nonzero 465
    new field carried_depth: median/p90/max 1.0/1.0/1, nonzero 465
    new field exec_end_to_seal_us: median/p90/max 92.0/140.0/588, nonzero 465
    new field exec_partition_us: median/p90/max 6.0/8.0/975, nonzero 465
    new field exec_prepared_groups: {'true': 462, 'false': 3}
    new field exec_prepared_slots: {'true': 462, 'false': 3}
    new field exec_slots_us: median/p90/max 0.0/0.0/1071, nonzero 4
    new field freeze_join_wait_us: median/p90/max 4707.0/15188.0/26464, nonzero 465
    new field freeze_late: {'true': 465}
    new field freeze_pool_own: {'true': 465}
    new field live_index_defer: {'true': 465}
    new field merge_accounts: median/p90/max 191736.0/194960.0/197873, nonzero 465
    new field merge_append_us: median/p90/max 3560.0/8029.0/18163, nonzero 465
    new field merge_early: {'false': 465}
    new field merge_join_wait_us: median/p90/max 0.0/0.0/0, nonzero 0
    new field merge_reverts: median/p90/max 191736.0/194960.0/197873, nonzero 465
    new field merge_reverts_us: median/p90/max 16519.0/22348.0/35370, nonzero 465
    new field merge_state_us: median/p90/max 40167.0/48831.0/64085, nonzero 465
    new field merge_tail_us: median/p90/max 0.0/0.0/1, nonzero 4
    new field merge_threads: median/p90/max 1.0/1.0/1, nonzero 465
    new field one_wave: {'false': 465}
    new field open_engine_us: median/p90/max 0.0/20213.0/61398, nonzero 68
    new field open_fallback: {'false': 397, 'true': 68}
    new field open_keep_us: median/p90/max 6.0/9.0/87, nonzero 465
    new field open_kept_accounts: median/p90/max 575195.0/581679.0/590347, nonzero 465
    new field open_layers: median/p90/max 3.0/3.0/3, nonzero 465
    new field open_provider_us: median/p90/max 94.0/166.0/399, nonzero 465
    new field plan_age_us: median/p90/max 51271.0/88665.0/151814, nonzero 464
    new field plan_ahead: median/p90/max 1.0/1.0/1, nonzero 464
    new field plan_body: median/p90/max 1.0/1.0/2, nonzero 464
    new field plan_body_us: median/p90/max 15452.0/18922.0/23133, nonzero 462
    new field plan_discard: {'': 464, 'not_on_its_parent': 1}
    new field plan_prep_us: median/p90/max 7182.0/13802.0/26122, nonzero 464
    new field plan_topup_txs: median/p90/max 0.0/0.0/0, nonzero 0
    new field prep_from_plan: {'true': 462, 'false': 3}
    new field prev_seal_to_answer_us: median/p90/max 1678.0/2555.0/4556, nonzero 465
    new field prev_seal_to_entry_us: median/p90/max 0.0/0.0/0, nonzero 0
    new field prev_seal_to_header_us: median/p90/max 176.0/276.0/2234, nonzero 465
    new field prev_seal_to_import_us: median/p90/max 121278.0/152268.0/201286, nonzero 433
    new field prev_seal_to_request_us: median/p90/max 923.0/62287.0/81077, nonzero 465
    new field prev_seal_to_start_us: median/p90/max 1205.0/62593.0/81345, nonzero 465
    new field pull_bulk_txs: median/p90/max 200000.0/200000.0/200000, nonzero 465
    new field pull_bulk_us: median/p90/max 5.0/8.0/1193, nonzero 465
    new field receipts_late: {'false': 465}
    new field receipts_late_wait_us: median/p90/max 0.0/0.0/0, nonzero 0
    new field rename_fallbacks: median/p90/max 0.0/0.0/0, nonzero 0
    new field rename_record_waits: median/p90/max 0.0/0.0/0, nonzero 0
    new field root_apply_gap_us: median/p90/max 11.0/13.0/28, nonzero 465
    new field root_apply_total_us: median/p90/max 22633.0/32387.0/44575, nonzero 465
    new field root_compute_us: median/p90/max 24897.0/35735.0/124497, nonzero 465
    new field root_delta_us: median/p90/max 1218.0/2230.0/21430, nonzero 465
    new field root_index_us: median/p90/max 2923.0/5212.0/16892, nonzero 465
    new field root_leaves_us: median/p90/max 7193.0/12254.0/24510, nonzero 465
    new field root_note_us: median/p90/max 145.0/213.0/38280, nonzero 465
    new field root_ops_ahead: {'true': 465}
    new field root_ops_ahead_wait_us: median/p90/max 3689.0/11140.0/28168, nonzero 465
    new field root_ops_concat_us: median/p90/max 0.0/0.0/0, nonzero 0
    new field root_ops_encode_us: median/p90/max 5665.0/10453.0/27410, nonzero 465
    new field root_ops_finish_us: median/p90/max 2288.0/3469.0/9821, nonzero 465
    new field root_ops_sort_us: median/p90/max 3961.0/7863.0/20092, nonzero 465
    new field root_ops_us: median/p90/max 6189.0/13995.0/32278, nonzero 465
    new field root_rehash_us: median/p90/max 2066.0/2796.0/16789, nonzero 465
    new field root_retire_us: median/p90/max 1823.0/2672.0/13991, nonzero 465
    new field root_sort_us: median/p90/max 208.0/442.0/3963, nonzero 465
    new field root_undo_us: median/p90/max 337.0/613.0/2965, nonzero 465
    new field root_writes_us: median/p90/max 6855.0/9755.0/21641, nonzero 465
    new field seal_hashes_ahead: {'true': 465}
    new field seal_on_counters: {'true': 465}
    new field seal_to_complete_us: median/p90/max 115535.0/137831.0/213536, nonzero 465
    new field seal_to_frozen_us: median/p90/max 4604.0/15151.0/26408, nonzero 280
    new field seal_to_merge_end_us: median/p90/max 115444.0/137737.0/213434, nonzero 465
    new field seal_to_merge_start_us: median/p90/max 52080.0/69299.0/155148, nonzero 465
    new field seal_to_ops_ahead_us: median/p90/max 20421.0/29533.0/43666, nonzero 465
    new field seal_to_shards_ready_us: median/p90/max 13070.0/19739.0/29722, nonzero 465
    new field seal_to_state_ready_us: median/p90/max 115451.0/137744.0/213445, nonzero 465
    new field sealed_unix_us: median/p90/max 1791466642819895.0/1791466654591263.0/1791466657541969, nonzero 465
    new field start_walk_check_us: median/p90/max 0.0/0.0/282, nonzero 1
    new field start_walk_ids_us: median/p90/max 0.0/0.0/328, nonzero 1
    new field start_walk_settle_us: median/p90/max 0.0/0.0/0, nonzero 0
    new field start_walk_us: median/p90/max 0.0/0.0/672, nonzero 1
    new field state_wait_us: median/p90/max 6613.0/28039.0/73761, nonzero 465
    new field view_journal_reads: median/p90/max 0.0/77824.0/147456, nonzero 229
    new field view_journal_searches: median/p90/max 0.0/211225.0/439802, nonzero 229
    new field view_journal_skips: median/p90/max 0.0/0.0/0, nonzero 0
    new field whole_take_noted: {'true': 465}
    engine own-import total_ms per block median/p90/max 36/54/87 (n=466)
    layer RSS 26.0 -> 39.0 G (max 39.0), in-memory blocks max 12
    execution layer cores busy 35.3    validators cores busy 1.2
  window 3: canonical 463 blocks, 92.6M tx = 3,086,667/s (96.9% of window 1), full 463/463 (100%); cycle -
    leader builds 464: sealed_at median/p90/p99 56/82/102; phases median/p90 ms: gap_before_exec 8/48, state_wait 7/48, par 55/89, par_exec 22/29, roots 35/51, parent_fields 7/26, sealed 8/27
    state_wait_on {'none': 137, 'output': 213, 'grandparent': 112, 'provider_open': 1, 'open': 1}; builds with state_wait > 20 ms: 104 ([('grandparent', 93), ('output', 11)]); gp_layer {1.0: 464}, ggp_missing {0.0: 347, 1.0: 117}
    queue at the builds min/median 2,266,500/2,513,000
    new field batch_cpu_sum_us: median/p90/max 595953.0/727936.0/1473903, nonzero 464
    new field batch_dispatch_us: median/p90/max 223.5/313.0/466, nonzero 464
    new field batch_first_start_us: median/p90/max 75.0/113.0/231, nonzero 464
    new field batch_ivcsw: median/p90/max 1.0/7.0/27, nonzero 265
    new field batch_last_end_us: median/p90/max 22336.5/29449.0/77081, nonzero 464
    new field batch_last_start_us: median/p90/max 17097.0/21352.0/41961, nonzero 464
    new field batch_live_deferred: median/p90/max 74.5/83.0/250, nonzero 464
    new field batch_live_lock_hold_us: median/p90/max 11013.0/13484.0/37120, nonzero 464
    new field batch_live_lock_wait_us: median/p90/max 0.0/0.0/0, nonzero 0
    new field batch_live_lock_waits: median/p90/max 0.0/0.0/0, nonzero 0
    new field batch_majflt: median/p90/max 0.0/0.0/4624, nonzero 39
    new field batch_minflt: median/p90/max 1065.0/9240.0/27168, nonzero 464
    new field batch_open_max_us: median/p90/max 431.5/533.0/3362, nonzero 464
    new field batch_open_sum_us: median/p90/max 10626.0/13209.0/34784, nonzero 464
    new field batch_threads: median/p90/max 32.0/32.0/32, nonzero 464
    new field batch_vcsw: median/p90/max 183.5/650.0/4841, nonzero 464
    new field batch_view_index_wait_us: median/p90/max 0.0/21472.0/743497, nonzero 125
    new field batch_view_index_waits: median/p90/max 0.0/290.0/663, nonzero 125
    new field batch_view_slot_wait_us: median/p90/max 0.0/2008.0/102773, nonzero 129
    new field batch_view_slot_waits: median/p90/max 0.0/53.0/106, nonzero 129
    new field batch_wall_sum_us: median/p90/max 619564.0/784676.0/1475372, nonzero 464
    new field batches: median/p90/max 128.0/128.0/128, nonzero 464
    new field build_batches: median/p90/max 128.0/128.0/128, nonzero 464
    new field carried_depth: median/p90/max 1.0/1.0/1, nonzero 464
    new field exec_end_to_seal_us: median/p90/max 100.0/161.0/535, nonzero 464
    new field exec_partition_us: median/p90/max 6.0/8.0/24, nonzero 464
    new field exec_prepared_groups: {'true': 464}
    new field exec_prepared_slots: {'true': 464}
    new field exec_slots_us: median/p90/max 0.0/0.0/0, nonzero 0
    new field freeze_join_wait_us: median/p90/max 6437.0/16159.0/27959, nonzero 464
    new field freeze_late: {'true': 464}
    new field freeze_pool_own: {'true': 464}
    new field live_index_defer: {'true': 464}
    new field merge_accounts: median/p90/max 191943.5/195273.0/198303, nonzero 464
    new field merge_append_us: median/p90/max 3830.5/7913.0/19682, nonzero 464
    new field merge_early: {'false': 464}
    new field merge_join_wait_us: median/p90/max 0.0/0.0/0, nonzero 0
    new field merge_reverts: median/p90/max 191943.5/195273.0/198303, nonzero 464
    new field merge_reverts_us: median/p90/max 16049.0/21701.0/31902, nonzero 464
    new field merge_state_us: median/p90/max 40956.5/50247.0/67675, nonzero 464
    new field merge_tail_us: median/p90/max 0.0/0.0/1, nonzero 5
    new field merge_threads: median/p90/max 1.0/1.0/1, nonzero 464
    new field one_wave: {'false': 464}
    new field open_engine_us: median/p90/max 0.0/40244.0/70787, nonzero 117
    new field open_fallback: {'false': 347, 'true': 117}
    new field open_keep_us: median/p90/max 6.0/10.0/19, nonzero 464
    new field open_kept_accounts: median/p90/max 575787.0/583629.0/588803, nonzero 464
    new field open_layers: median/p90/max 3.0/3.0/3, nonzero 464
    new field open_provider_us: median/p90/max 93.0/189.0/1397, nonzero 464
    new field plan_age_us: median/p90/max 52179.5/86851.0/150627, nonzero 464
    new field plan_ahead: median/p90/max 1.0/1.0/1, nonzero 464
    new field plan_body: median/p90/max 1.0/1.0/1, nonzero 464
    new field plan_body_us: median/p90/max 17128.5/19742.0/25231, nonzero 464
    new field plan_discard: {'': 464}
    new field plan_prep_us: median/p90/max 7012.0/13625.0/57607, nonzero 464
    new field plan_topup_txs: median/p90/max 0.0/0.0/0, nonzero 0
    new field prep_from_plan: {'true': 464}
    new field prev_seal_to_answer_us: median/p90/max 1557.0/2493.0/4606, nonzero 464
    new field prev_seal_to_entry_us: median/p90/max 0.0/0.0/0, nonzero 0
    new field prev_seal_to_header_us: median/p90/max 173.5/294.0/1931, nonzero 464
    new field prev_seal_to_import_us: median/p90/max 124872.5/158851.0/204852, nonzero 426
    new field prev_seal_to_request_us: median/p90/max 893.0/1469.0/75428, nonzero 464
    new field prev_seal_to_start_us: median/p90/max 1174.0/1962.0/75724, nonzero 464
    new field pull_bulk_txs: median/p90/max 200000.0/200000.0/200000, nonzero 464
    new field pull_bulk_us: median/p90/max 5.0/8.0/19, nonzero 464
    new field receipts_late: {'false': 464}
    new field receipts_late_wait_us: median/p90/max 0.0/0.0/0, nonzero 0
    new field rename_fallbacks: median/p90/max 0.0/0.0/0, nonzero 0
    new field rename_record_waits: median/p90/max 0.0/0.0/0, nonzero 0
    new field root_apply_gap_us: median/p90/max 11.0/14.0/22, nonzero 464
    new field root_apply_total_us: median/p90/max 23775.0/33507.0/56791, nonzero 464
    new field root_compute_us: median/p90/max 26112.5/35561.0/59337, nonzero 464
    new field root_delta_us: median/p90/max 1147.0/2234.0/11167, nonzero 464
    new field root_index_us: median/p90/max 2931.0/5800.0/15323, nonzero 464
    new field root_leaves_us: median/p90/max 7100.0/11811.0/42201, nonzero 464
    new field root_note_us: median/p90/max 144.5/244.0/1490, nonzero 464
    new field root_ops_ahead: {'true': 464}
    new field root_ops_ahead_wait_us: median/p90/max 3152.5/10316.0/56387, nonzero 464
    new field root_ops_concat_us: median/p90/max 0.0/0.0/0, nonzero 0
    new field root_ops_encode_us: median/p90/max 5554.5/10219.0/60183, nonzero 464
    new field root_ops_finish_us: median/p90/max 2335.0/3588.0/9934, nonzero 464
    new field root_ops_sort_us: median/p90/max 3403.0/7588.0/14958, nonzero 464
    new field root_ops_us: median/p90/max 5632.0/13849.0/59129, nonzero 464
    new field root_rehash_us: median/p90/max 2726.0/4033.0/33006, nonzero 464
    new field root_retire_us: median/p90/max 1940.5/3050.0/9276, nonzero 464
    new field root_sort_us: median/p90/max 220.0/453.0/4984, nonzero 464
    new field root_undo_us: median/p90/max 368.0/731.0/3948, nonzero 464
    new field root_writes_us: median/p90/max 7074.0/10875.0/21683, nonzero 464
    new field seal_hashes_ahead: {'true': 464}
    new field seal_on_counters: {'true': 464}
    new field seal_to_complete_us: median/p90/max 116448.5/136898.0/181325, nonzero 464
    new field seal_to_frozen_us: median/p90/max 6371.5/16105.0/27910, nonzero 299
    new field seal_to_merge_end_us: median/p90/max 116369.5/136786.0/181205, nonzero 464
    new field seal_to_merge_start_us: median/p90/max 53316.0/69187.0/107412, nonzero 464
    new field seal_to_ops_ahead_us: median/p90/max 20991.0/30465.0/72970, nonzero 464
    new field seal_to_shards_ready_us: median/p90/max 13526.0/20451.0/31356, nonzero 464
    new field seal_to_state_ready_us: median/p90/max 116380.5/136795.0/181218, nonzero 464
    new field sealed_unix_us: median/p90/max 1791466672423681.0/1791466684454737.0/1791466687635166, nonzero 464
    new field start_walk_check_us: median/p90/max 0.0/0.0/0, nonzero 0
    new field start_walk_ids_us: median/p90/max 0.0/0.0/0, nonzero 0
    new field start_walk_settle_us: median/p90/max 0.0/0.0/0, nonzero 0
    new field start_walk_us: median/p90/max 0.0/0.0/0, nonzero 0
    new field state_wait_us: median/p90/max 7853.0/48162.0/79998, nonzero 464
    new field view_journal_reads: median/p90/max 4096.0/73728.0/139264, nonzero 246
    new field view_journal_searches: median/p90/max 14740.0/198459.0/391303, nonzero 246
    new field view_journal_skips: median/p90/max 0.0/0.0/0, nonzero 0
    new field whole_take_noted: {'true': 464}
    engine own-import total_ms per block median/p90/max 39/57/110 (n=463)
    layer RSS 37.9 -> 39.2 G (max 42.0), in-memory blocks max 10
    execution layer cores busy 34.7    validators cores busy 1.2
  round total (3 windows, canonical): 281.4M tx
  layer peak RSS 42.0 G; in-memory blocks max 12
  fields at seal: mode "early", verified 0, unchecked 0, mismatches 0 (last build line, cumulative)
  own_executed_again (built here and also directly imported): 0 of 1459 built blocks
== loop349WARM
  layer-0 leader window-1 builds 477: txs mean 200000, share >= 95% of the tier 100% (max 200000); sealed_at_ms 49.0/66.0; par_ms 49.0/72.0; par_exec_ms 21.0/28.0; roots_ms 30.0/42.0; parent_fields_ms 5.0/20.0; sealed_ms 6.0/21.0
  proposal cycle window 1 (n=491): mean 62.6 median 61.4 p90 66.4 ms; blocks in the 30 s: 491
  binding wait (tick / quorum / seal, share and mean cycle): tick 98.7% (62.2); quorum 0.6% (107.7); seal 0.6% (85.1)
  vote delay after the proposal, slowest key per block: median 3.6 p90 35.5 ms (slowest minus the median key: median 0.3); last key: {1: 113, 2: 58, 3: 78, 4: 68, 5: 93, 6: 65} of 475 blocks
  CPU in window 1 (cores busy): execution layers 34.6 over 1 process(es); validators 1.2 over 7 process(es)
  execution layer peak RSS 42.0 G; in-memory blocks max 12 (node0 and others, all layers)
  blocks built here 1459; none also directly imported
  import-once counters at the last direct import: ; start-up lines with import_once=true: 1; queue-lock lines 0
  layer-0 queue (queued after canonical prune), median per 10 s: t+0:2441000 t+20:2511750 t+40:2454000 t+60:2433000 t+80:2447500
  flood: median per 5 s 3142722/s, final -
  timeout / given-up lines: 0; 
loop349WARM page_faults_per_s_median: node0=176340 
feedcheck loop349WARM: ok (block 200,000 tx)
== loop349WARM: feed check (acq_us / gate_us / reply_us are per frame of 500; rate per 5 s `ingest` line)
  window 1: ingest lines 6; acq_us 470 (max 502); gate_us 6802; reply_us 7365; slots_busy 13%; delivered median 3,209,354/s max 3,277,552/s; queue at builds median 2,515,500 min 1,123,500; full 100% of 478 blocks
  window 2: ingest lines 6; acq_us 472 (max 478); gate_us 7016; reply_us 7584; slots_busy 13%; delivered median 3,176,910/s max 3,203,992/s; queue at builds median 2,513,500 min 2,132,500; full 100% of 466 blocks
  window 3: ingest lines 6; acq_us 468 (max 472); gate_us 7408; reply_us 7964; slots_busy 12%; delivered median 3,087,826/s max 3,162,484/s; queue at builds median 2,513,000 min 2,266,500; full 100% of 463 blocks
  flood.log (+15..+100 s): rate per 5 s median 3,142,722/s max 3,260,129/s; reply latency median 61.2 ms max 66.3 ms
== loop349WARM: lanes lock, drain and pruner (new fields)
  window 1: lock duty 55.5% (max 59.0); holds/5s 2,246; longest hold 26.93 ms median, 35.04 ms max by crates/n42/tx-queue/src/lib.rs:2046 (most frequent holders [('crates/n42/tx-queue/src/lib.rs:2046', 6)]); lock wait 2345.1 ms/5s, longest 35.07 ms; drains/5s 949 of 16967 tx, mean 1286 us, max 30.83 ms
           prune (453 blocks): prune_ms 32/49; fold 0.5 ms, lock 0.0 ms, remove(hold) 9.6 ms, free 0.0 ms; frames_swept 400; coalesced on 453 of 453; prune_wait_ms 0/0; pruner busy 49% of a thread, lock held by it 1.3%
  window 2: lock duty 57.5% (max 60.0); holds/5s 2,131; longest hold 30.31 ms median, 76.55 ms max by crates/n42/tx-queue/src/lib.rs:2576 (most frequent holders [('crates/n42/tx-queue/src/lib.rs:2046', 4), ('crates/n42/tx-queue/src/lib.rs:2576', 1)]); lock wait 2874.3 ms/5s, longest 97.00 ms; drains/5s 878 of 18042 tx, mean 1629 us, max 22.29 ms
           prune (443 blocks): prune_ms 34/53; fold 0.5 ms, lock 0.0 ms, remove(hold) 10.4 ms, free 0.0 ms; frames_swept 400; coalesced on 443 of 443; prune_wait_ms 0/0; pruner busy 51% of a thread, lock held by it 1.5%
  window 3: lock duty 59.0% (max 63.0); holds/5s 2,050; longest hold 30.04 ms median, 57.61 ms max by crates/n42/tx-queue/src/lib.rs:2692 (most frequent holders [('crates/n42/tx-queue/src/lib.rs:2046', 4), ('crates/n42/tx-queue/src/lib.rs:2692', 2)]); lock wait 3179.9 ms/5s, longest 55.49 ms; drains/5s 838 of 18505 tx, mean 1769 us, max 25.91 ms
           prune (421 blocks): prune_ms 36/55; fold 0.5 ms, lock 0.0 ms, remove(hold) 10.8 ms, free 0.0 ms; frames_swept 400; coalesced on 421 of 421; prune_wait_ms 0/0; pruner busy 52% of a thread, lock held by it 1.8%
== loop349WARM: pruner (per block; busy = sum prune_ms / 30 s, lock = sum (remove_us + settle_us) / 30 s)
  window 1: 453 prunes; prune_ms 32/49; remove_us 9.6/20.5 ms; forget_us 2.6/4.3 ms; settle_us 2.8 ms; pruner busy 49% of a worker; lanes lock held for removal 22%
  window 2: 443 prunes; prune_ms 34/53; remove_us 10.4/23.0 ms; forget_us 2.9/4.7 ms; settle_us 2.9 ms; pruner busy 51% of a worker; lanes lock held for removal 24%
  window 3: 421 prunes; prune_ms 36/55; remove_us 10.8/23.2 ms; forget_us 2.9/5.2 ms; settle_us 3.0 ms; pruner busy 52% of a worker; lanes lock held for removal 23%
== loop349WARM: seal start / pull, prepared plan, answer, chunked drain
  window 1: 478 builds; start_best_ms 4/16; start_walk_us 0/0; start_pull_ms 0/0; par_pull_ms 0/0; par_start_ms 4/16; par_ms 49/72; sealed_at_ms 49/66; pull_bulk_us 5/8; pull_bulk_txs 200000/200000; plan_age_us 47654/97789; plan_prep_us 6537/13493; plan_topup_txs 0/0
           plan_ahead {'1': 478}; plan_discard {'': 478}
           answer: built-ahead bytes median/max 15,243/15,245, layout_only {'true': 476}; proposal sent bytes median/max 15,243/15,245, layout_only {'true': 477}
           drain: chunks/5s 769, chunk max 8,192 tx, finished by others/5s 50; plan_discards (last ingest line) -
  window 2: 465 builds; start_best_ms 5/16; start_walk_us 0/0; start_pull_ms 0/0; par_pull_ms 0/0; par_start_ms 5/16; par_ms 52/78; sealed_at_ms 53/75; pull_bulk_us 5/8; pull_bulk_txs 200000/200000; plan_age_us 51271/88665; plan_prep_us 7182/13802; plan_topup_txs 0/0
           plan_ahead {'0': 1, '1': 464}; plan_discard {'not_on_its_parent': 1, '': 464}
           answer: built-ahead bytes median/max 15,245/15,245, layout_only {'true': 468}; proposal sent bytes median/max 15,245/15,245, layout_only {'true': 467}
           drain: chunks/5s 712, chunk max 8,192 tx, finished by others/5s 64; plan_discards (last ingest line) -
  window 3: 464 builds; start_best_ms 4/18; start_walk_us 0/0; start_pull_ms 0/0; par_pull_ms 0/0; par_start_ms 5/19; par_ms 55/89; sealed_at_ms 56/82; pull_bulk_us 5/8; pull_bulk_txs 200000/200000; plan_age_us 52180/86851; plan_prep_us 7012/13625; plan_topup_txs 0/0
           plan_ahead {'1': 464}; plan_discard {'': 464}
           answer: built-ahead bytes median/max 15,245/15,245, layout_only {'true': 463}; proposal sent bytes median/max 15,245/15,245, layout_only {'true': 463}
           drain: chunks/5s 678, chunk max 8,192 tx, finished by others/5s 62; plan_discards (last ingest line) -
Traceback (most recent call last):
  File [35m"/data/n42-build/wt338/scripts/fleet7-runs/persist340.py"[0m, line [35m24[0m, in [35m<module>[0m
    r = {k: [31mfloat[0m[1;31m(v)[0m for k, v in d.items() if k != 'pid' and re.fullmatch(r'-?[\d.e+-]+', v)}
            [31m~~~~~[0m[1;31m^^^[0m
[1;35mValueError[0m: [35mcould not convert string to float: '-'[0m
== loop349WARM: execution and root fields (median / p90 per block); over 1458 full builds: rename_fallbacks total 0, rename_record_waits total 0, carried_depth values ['1']
    folded lines 477: pending_max max 87 (median 72); pending_us_max max 19,425; drops_max max 46758
    flags: seal_on_counters true:478; freeze_pool_own true:478; plan_body 1:477/2:1; prep_from_plan false:1/true:477; plan_ahead 1:478; seal per 1,000 transfers 0.245 ms
  window 1 (478 builds): on-CPU share 1.00/1.00; CPU per transfer 2.96/3.77 us; sealed_at_ms 49/66; par_exec_ms 21/28; par_fold_ms 9/19; index_ms 15/21; par_start_ms 4/16; gap_before_exec_ms 6/28; state_wait_us 6,016/27,883; parent_fields_ms 5/20; roots_ms 30/42; seal_to_fields_us 49,060/61,710; seal_to_complete_us 106,837/125,183; rename_fallbacks 0/0; rename_record_waits 0/0; carried_depth 1/1; plan_body_us 14,239/17,519; batch_max_ms 9/13; tx_root_ms 1/1; sealed_ms 6/21
    folded lines 469: pending_max max 86 (median 73); pending_us_max max 16,210; drops_max max 39724
    flags: seal_on_counters true:465; freeze_pool_own true:465; plan_body 0:1/1:462/2:2; prep_from_plan false:3/true:462; plan_ahead 0:1/1:464; seal per 1,000 transfers 0.265 ms
  window 2 (465 builds): on-CPU share 1.00/1.00; CPU per transfer 2.91/3.56 us; sealed_at_ms 53/75; par_exec_ms 21/26; par_fold_ms 7/15; index_ms 13/18; par_start_ms 5/16; gap_before_exec_ms 6/28; state_wait_us 6,613/28,039; parent_fields_ms 9/27; roots_ms 33/51; seal_to_fields_us 51,890/69,177; seal_to_complete_us 115,535/137,831; rename_fallbacks 0/0; rename_record_waits 0/0; carried_depth 1/1; plan_body_us 15,452/18,922; batch_max_ms 9/13; tx_root_ms 1/1; sealed_ms 10/28
    folded lines 463: pending_max max 88 (median 73); pending_us_max max 17,491; drops_max max 34474
    flags: seal_on_counters true:464; freeze_pool_own true:464; plan_body 1:464; prep_from_plan true:464; plan_ahead 1:464; seal per 1,000 transfers 0.280 ms
  window 3 (464 builds): on-CPU share 1.00/1.00; CPU per transfer 2.98/3.64 us; sealed_at_ms 56/82; par_exec_ms 22/29; par_fold_ms 8/16; index_ms 14/18; par_start_ms 5/19; gap_before_exec_ms 8/48; state_wait_us 7,853/48,162; parent_fields_ms 7/26; roots_ms 35/51; seal_to_fields_us 53,162/69,064; seal_to_complete_us 116,448/136,898; rename_fallbacks 0/0; rename_record_waits 0/0; carried_depth 1/1; plan_body_us 17,128/19,742; batch_max_ms 9/17; tx_root_ms 1/1; sealed_ms 8/27
== loop349WARM: 2972 proposals; proposal -> quorum (leader's commit) median 11.3 / p90 47.4 / max 107.4 ms; proposal interval median 61.4 / p90 64.1 ms; TC formed lines 0; leader views timed out 0; ParentUnknown lines 0
   handover at view 1024: proposal intervals (view, ms) [(1023, 61), (1024, 98), (1025, 109), (1026, 376), (1027, 154)] against the median 61 ms
   handover at view 2048: proposal intervals (view, ms) [(2047, 62), (2048, 60), (2049, 61), (2050, 61), (2051, 62)] against the median 61 ms
     block 1026 (view 1025): sealed_at_ms 55, gap_before_exec_ms 1, parent_fields_ms 0, rename_fallbacks 0, rename_record_waits 0, carried_depth 1
     block 1027 (view 1026): sealed_at_ms 153, gap_before_exec_ms 11, parent_fields_ms 115, rename_fallbacks 0, rename_record_waits 0, carried_depth 1
     block 1028 (view 1027): sealed_at_ms 34, gap_before_exec_ms 9, parent_fields_ms 8, rename_fallbacks 0, rename_record_waits 0, carried_depth 1
no busy samples
== loop349WARM: 1407 full builds in the 3 windows
  par_exec_ms 21/28; par_run_ms 30/59; batch_start_skew_ms 16/20; batch_median_ms 4/5; batch_max_ms 9/14; batch_first_start_us 74/113; batch_last_start_us 16701/20986; batch_dispatch_us 218/306; batch_last_end_us 21930/28050; batches 128/128; batch_threads 32/32; batch_txs_max 2000/2000; batch_txs_min 1500/1500; start_walk_ms 0/0; start_walk_check_ms 0/0; par_start_ms 4/17; sealed_at_ms 52/75; prev_seal_to_answer_us 1593/2516; prev_seal_to_entry_us 0/0; prev_seal_to_header_us 175/282; prev_seal_to_import_us 118368/151351; prev_seal_to_request_us 908/63594; prev_seal_to_start_us 1182/63808; start_walk_check_us 0/0; start_walk_ids_us 0/0; start_walk_settle_us 0/0; start_walk_us 0/0
  one_wave {'false': 1407}
  batches == batch_threads on 0 of 1407 builds
  last - first batch start (ms) median/p90 16.60/20.92; under 2 ms on 0 of 1407 builds
bodygate loop349WARM: invalid_blocks=0 gas_mismatch=0 fields_mismatches=0 own_not_committed=0 proposals_given_up=0
leg loop349K99DQ64b: /data free 492G (needs 120 G)
load 10.17 at 09:39:22, waiting
plan loop349K99DQ64b: exit 0 (99 validators, 1 layer(s)): # validators 99, execution layers 1, 128 CPUs a layer, import-once 1, shared 1; # validators : 96 CPUs set aside, taskset -c 64-111,192-239; # fleet    : 99 nodes, quorum 67 of 99 (f = 32); 0 refusals
leg loop349K99DQ64b start 09:39:54 load 6.30
round loop349K99DQ64b exit 0 at 09:43:03
loop349K99DQ64b save stages (node0, seconds summed over the leg / count): batch_size=1782.0/579  batch_size=1782.0/579  reth_consensus_engine_beacon_persistence_duration=58.1/579  duration_seconds=51.9/579  total=47.6/579  scope=43.1/579  sf=42.2/579  sf_transactions=41.9/579  qmdb_persisted=23.6/579  sf_account_changesets=19.6/579
el binary: /data/n42-build/target-n42-rs/native/release/n42 env: N42_IMPORT_ONCE=1 N42_SETTLEMENT_TAGS=legacy N42_BUILD_THROTTLE_SOFT=48 F7_EL_MAP=0,0,0,0,0,0,0,0,0,0,0,0,0,0,0,0,0,0,0,0,0,0,0,0,0,0,0,0,0,0,0,0,0,0,0,0,0,0,0,0,0,0,0,0,0,0,0,0,0,0,0,0,0,0,0,0,0,0,0,0,0,0,0,0,0,0,0,0,0,0,0,0,0,0,0,0,0,0,0,0,0,0,0,0,0,0,0,0,0,0,0,0,0,0,0,0,0,0,0 N42_FIELDS_AT_SEAL=1 N42_FREEZE_AFTER_SEAL=1 N42_FRAME_BLOCKS=1 N42_TX_INGEST_RECOVER_PARALLEL=24 N42_FREEZE_POOL=own N42_PARALLEL_BUILD_THREADS=32 N42_PLAN_AHEAD=1 N42_HASHED_TABLES=off F7_FLOOD_RATE=6000000 N42_COMPACT_BODY=1 N42_BUILD_BATCHES=128 MALLOC_CONF=thp:always,oversize_threshold:0,dirty_decay_ms:2000,background_thread:true N42_SEAL_ON_COUNTERS=1 N42_ACCOUNT_HISTORY=off N42_TAKE_COMPACT=1 N42_SF_EARLY_WRITEBACK=1 F7_VAL_NO_MALLOC_CONF=1 N42_ROAD_RUNTIME=1 N42_TX_INGEST_HIGH_WATER=2500000 F7_BENCH_POOL_SLOTS=3000000 N42_PLAN_AHEAD_BODY=1 N42_SEAL_AT_EXEC=1 N42_TX_QUEUE_DRAIN_CHUNK=8192 N42_ANSWER_LAYOUT_ONLY=1 N42_PULL_BY_FRAMES=1 N42_SF_PARALLEL_ENCODE=1 N42_BUILD_THROTTLE_HARD=80 N42_LIVE_INDEX_DEFER=1 RAYON_NUM_THREADS=16 F7_VAL_CPUS=96 N42_ROOT_OPS_AHEAD=1 TOKIO_WORKER_THREADS=16 N42_QMDB_READS=on N42_LEADER_LAYERS=3 N42_PERSIST_QMDB_IN_SCOPE=1 F7_BLOCK_INTERVAL_MS=60 F7_MEASURE_FROM_LOG=1
validator env: N42_IMPORT_ONCE=1 N42_SETTLEMENT_TAGS=legacy N42_BUILD_THROTTLE_SOFT=48 F7_EL_MAP=0,0,0,0,0,0,0,0,0,0,0,0,0,0,0,0,0,0,0,0,0,0,0,0,0,0,0,0,0,0,0,0,0,0,0,0,0,0,0,0,0,0,0,0,0,0,0,0,0,0,0,0,0,0,0,0,0,0,0,0,0,0,0,0,0,0,0,0,0,0,0,0,0,0,0,0,0,0,0,0,0,0,0,0,0,0,0,0,0,0,0,0,0,0,0,0,0,0,0 N42_FIELDS_AT_SEAL=1 N42_FREEZE_AFTER_SEAL=1 N42_FRAME_BLOCKS=1 N42_TX_INGEST_RECOVER_PARALLEL=24 N42_FREEZE_POOL=own N42_PARALLEL_BUILD_THREADS=32 N42_PLAN_AHEAD=1 N42_HASHED_TABLES=off F7_FLOOD_RATE=6000000 N42_COMPACT_BODY=1 N42_BUILD_BATCHES=128 N42_SEAL_ON_COUNTERS=1 N42_ACCOUNT_HISTORY=off N42_TAKE_COMPACT=1 N42_SF_EARLY_WRITEBACK=1 N42_ROAD_RUNTIME=1 N42_TX_INGEST_HIGH_WATER=2500000 F7_BENCH_POOL_SLOTS=3000000 N42_PLAN_AHEAD_BODY=1 N42_SEAL_AT_EXEC=1 N42_TX_QUEUE_DRAIN_CHUNK=8192 N42_ANSWER_LAYOUT_ONLY=1 N42_PULL_BY_FRAMES=1 N42_SF_PARALLEL_ENCODE=1 N42_BUILD_THROTTLE_HARD=80 N42_LIVE_INDEX_DEFER=1 RAYON_NUM_THREADS=16 F7_VAL_CPUS=96 N42_ROOT_OPS_AHEAD=1 TOKIO_WORKER_THREADS=16 N42_QMDB_READS=on N42_LEADER_LAYERS=3 N42_PERSIST_QMDB_IN_SCOPE=1 F7_MEASURE_FROM_LOG=1
loop349K99DQ64b once: start-up lines import_once=true 1; last direct-import counters 
loop349K99DQ64b imports: layers=1 direct_imports=0 canonical_blocks=3838 import_once_lines=1 (per layer: direct imports should equal canonical blocks for one execution per block)
grep: /data/blockchain/rust-fleet7-bench/node1/el.log: No such file or directory
grep: /data/blockchain/rust-fleet7-bench/node2/el.log: No such file or directory
grep: /data/blockchain/rust-fleet7-bench/node3/el.log: No such file or directory
grep: /data/blockchain/rust-fleet7-bench/node1/el.log: No such file or directory
grep: /data/blockchain/rust-fleet7-bench/node2/el.log: No such file or directory
grep: /data/blockchain/rust-fleet7-bench/node3/el.log: No such file or directory
cat: /data/blockchain/rust-fleet7-bench/node2/el.log: No such file or directory
cat: /data/blockchain/rust-fleet7-bench/node2/el.log: No such file or directory
cat: /data/blockchain/rust-fleet7-bench/node2/el.log: No such file or directory
cat: /data/blockchain/rust-fleet7-bench/node1/el.log: No such file or directory
cat: /data/blockchain/rust-fleet7-bench/node2/el.log: No such file or directory
cat: /data/blockchain/rust-fleet7-bench/node3/el.log: No such file or directory
Traceback (most recent call last):
  File [35m"<stdin>"[0m, line [35m4[0m, in [35m<module>[0m
[1;35mIndexError[0m: [35mlist index out of range[0m
loop349K99DQ64b no_variant=0 own_not_committed=0 tc=0 invalid_blocks=0 incomplete=0 gas_mismatch=0 direct_imports_failed=0 stuck_at_hashed_state=0 engine_idles_over_5s=1 proposals_given_up=0 tables_off_nodes=1 unanswered_reads=0 seal_first_total=1242 seal_first_direct=1242 direct_guard_errors=0 commit_ms_median=0 fold_ms_median=8 sealed_at_ms_median=58 state_ready_ms_median=110 build_total_ms_median=190 recover_us_median=0 par_exec_ms_median=22 par_exec_ms_median=22 giveback_filtered=0 giveback_offered_max=0 seal_first=1242 reader_lag_max=10 reader_lag_warns=0 view_invalidated=0 el_sum_peak_g=37.0 el_max_peak_g=37.0 val_sum_peak_g=14.9 flood_peak_g=0.6 two_roads_blocks=0 two_roads_overlap_ms_median=- exec_on_output_declined=0 r1_collect_ms_median=16 proposal_at_ms_median=30 view_total_ms_median=61 import_exec_ms_median=- import_total_ms_median=- import_senders_ms_median=- import_convert_ms_median=- import_groups_median=- imports_over_600ms=0 min_avail_g=60.0 road_foreign_body_recv_ms=- road_foreign_body_decode_ms=- road_foreign_body_senders_ms=- road_foreign_body_parent_wait_ms=- road_foreign_body_check_ms=- road_foreign_body_total_ms=- road_new_payload_recv_ms=- road_new_payload_decode_ms=- road_new_payload_senders_ms=- road_new_payload_parent_wait_ms=- road_new_payload_check_ms=- road_new_payload_total_ms=- road_foreign_body_blocks=0 road_new_payload_blocks=0 fcu_answered=1765 fcu_in_flight_ms_median=0 fcu_queued_ms_median=0 fcu_queued_ms_max=132 fcu_refused=0 fcu_slow=2418 bodies_held=0 road_reuse_ms=- road_prepare_ms=- road_dispatch_ms=- road_convert_ms=- road_remember_ms=- road_header_ms=- road_fields_ms=- road_other_ms=- import_engine_ms_median=- gate_forced=0 gate_warns=0 flood_timeouts=0 canonical_min=3916 canonical_max=3916 chained_builds=2308 chain_lead_ms_median=57 chain_wait_ms_median=0 chain_started=2309 chain_discarded=2 chain_discard_reasons=_1_reason="no_,_1_reason="the_chained_build_produced_nothing,_1_reason="the_execution_layer_produced_nothing chain_alias_warns=0 el_chained=2332 bodies_held_warns=0 el_build_refused=2 el_build_refused_reasons=_2_no_QMDB_tree_for_parent_block_0x queued_p5=2317000 queued_p50=2509500 road_compact_blocks=0 road_compact_recv_ms=- road_compact_assemble_ms=- road_compact_root_ms=- road_compact_miss_wait_ms=- road_compact_senders_ms=- road_compact_check_ms=- road_compact_other_ms=- road_compact_total_ms=- road_compact_misses_total= compact_refused_el=0 compact_fallbacks=0 compact_bytes_median=- pool_order9=13474 par_pull_ms_median=0 build_total_ms_median2=61 road_compact_filled_blocks=0 road_compact_filled_median=- road_compact_fill_ms_median=- need_txns=0 fill_failed=0 ingest_rate_gate_open_median=- ingest_gate_open_intervals=0 ingest_slots_busy_median=- flood_rate= fill_asked_proposer=0 fill_asked_other=0 loop_lines=0 loop_unnamed_ms_median=- loop_body_served_ms_median=- loop_txns_served_ms_median=- import_exec_ms_median2=- pip_partition_ms=- pip_env_ms=- pip_batch_ms=- pip_groups_ms=- pip_gas_ms=- pip_merge_ms=- pip_receipts_ms=- pip_drop_ms=- pip_other_ms=- pip_total_ms=- senders_indexed_median=- road_senders_ms_median=- road_total_ms_median=- pew_ms_median=- pew_ms_p90= gate_ms_median=- gate_ms_p90= root_ms_p50=- root_ms_p90= two_roads=0 not_on_output=0 not_on_output_why= ckpt_ms_first_q=3 ckpt_ms_last_q=51 ckpt_bytes_last=29657892 parent_still_importing=6 root_wait_ms_p50=- root_wait_ms_p90= tenures_low_seal=20 seal_first_share=0.99 empty_over_deep=0 near_empty_warns=0 no_seal_why= par_skipped_median=- usable_p5=2317000 ckpt_replay_ms_last_q=15 candidates_zero=0 dropped_ingest=0 let_go_warns=0 let_go_reasons= parked_p50=0 parked_max=0 held_warns=0 park_capped_total=0 superseded_builds=0 empty_not_superseded=0 mass_park_warns=0 heads_lines=0 holes_lines=0 stale_parent_refusals=0 par_groups_p5=0 cancelled_decided=1 heads_nonce0=0 stale_unconfirmed= handovers=6 el_panics=0 decided_cancelled=1 min_window_blocks=398 road_desc_blocks=0 road_desc_total_ms=- road_desc_copy_ms=- desc_misses=0 fill_failed2=0 sf_par_collect_ms=0 sf_par_commit_ms=0 sf_par_fold_ms=8 sf_par_graft_ms=0 sf_par_prefault_ms=0 sf_par_exec_ms=22 sf_sealed_at_ms=58 sf_roots_ms=37 sf_state_ready_ms=110 sf_total_ms=190 ba_find_ms=0 ba_queue_ms=0 ba_total_ms=61 ba_on_output=1242 queue_fold_us=0 queue_lock_us=84 sf_par_exec_ms=22 sf_par_fold_ms=8 pip_groups_ms=- import_exec_ms_median2=- reads_d0=0 reads_hist=0 f_reads_d0=- f_reads_hist=- f_overlay_depth=- L_read_set_ms=0 read_set_accounts=0 read_set_unresolved=0 read_set_hits=0 read_set_misses=0 start_best_ms=- par_prep_ms=- gap_before_exec_ms=- gap_after_exec_ms=- gap_before_seal_ms=- index_ms=- road_copy_aside_ms=- road_copy_wait_ms=- road_total_ms=- queue_first_miss=queue_first_miss=0:2583,queue_first_miss=18446744073709551615:1253 root_append_behind=0 populate_lag_mb=0 swap_used_g=0 root_faults=- root_faults_p90= root_faults_entries=0 root_faults_offsets=0 root_faults_index=0 root_faults_bits=0 root_faults_twigs=0 root_faults_undo=0 root_faults_tmp=0 root_append_faults=6 root_twig_pool_misses=0 batch_max_ms=9 batch_min_ms=2 batch_median_ms=4 batch_cpu_max_ms=8 batch_txs_max=2000 batch_txs_min=1500 batch_start_skew_ms=17 batch_wait_ms=0 loop_fetch_ns=0 loop_check_ns=0 loop_transfer_ns=0 loop_receipt_ns=0 loop_gas_ns=0 loop_sink_ns=0 loop_other_ns=0 batch_setup_ns=0 batch_close_ns=0 imp_exec_part_ms=- imp_exec_batches_ms=- imp_exec_graft_ms=- imp_exec_batches=- imp_exec_threads=- imp_exec_batch_max_ms=- imp_exec_batch_median_ms=- imp_parent_output_wait_ms=- road_parent_output_wait_ms=- next_start_gap_ms=1 next_entry_gap_ms=0 commit_body_ahead_used=- imp_exec_keys_ms=- imp_keys_ahead=- imp_exec_sink_ms=- imp_exec_pre_ms=- imp_exec_post_ms=- imp_exec_receipts_ms=- imp_exec_drop_ms=- root_gap_ms=- queue_whole=queue_whole=false:2583,queue_whole=true:1253 tick_tick_late_us=886 tick_preamble_us=346 tick_take_sealed_us=4 tick_sign_us=1 tick_cache_us=0 tick_presealed=- tick_describe_us=42 tick_publish_us=857 tick_tick_to_send_us=2204 road_check_ms=- road_check_include_us=- road_check_scan_us=- road_check_fold_us=- road_check_senders_us=- road_check_frames_summarized=- road_check_frames_scanned=- imp_exec_start_gap_us=- imp_gap_road_us=- imp_gap_header_us=- imp_gap_senders_us=- imp_gap_parent_us=- imp_gap_setup_us=- imp_gap_keys_wait_us=- sealed_at_p90= sealed_over_130=0 roots_ms=- cycle_p90= batch_max_ms=- batch_median_ms=- imp_batch_max=- forest_lock_warns=1460 root_seal_ms=1 root_seals=34 root_majflt=23914 roots_p90= gp_layer=1250 ggp_missing=279 state_wait_split=0/0/0/0:450,8/0/0/0:51,7/0/0/0:49 qmdb_releases=0 state_wait_on= imp_road_end_ms=- imp_exec_start_ms=- imp_exec_end_ms=- imp_root_end_ms=- imp_fields_ready_ms=- imp_parent_fields_wait_ms=- imp_exec_ms=- imp_root_ms=- imp_checks_ms=- imp_engine_ms=- imp_total_ms=- road_parent_fields_wait_ms=- exec_read_ms=0 L_exec_evm_ms=0 L_exec_write_ms=0 L_exec_other_ms=0 L_reads_cache=0 L_reads_provider=0 L_reads_view=0 L_graft_base_ms=0 L_graft_reserve_ms=0 L_graft_insert_ms=0 L_graft_reverts_ms=0 L_graft_other_ms=0 L_par_exec_ms=22 L_par_graft_ms=0 F_exec_read_ms=- F_exec_evm_ms=- F_exec_write_ms=- F_exec_other_ms=- F_reads_cache=- F_reads_provider=- F_reads_view=- F_groups_ms=- L_tx_root_wait_ms=0 L_par_exec_ms=22 L_par_graft_ms=0 L_par_fold_ms=8 L_sealed_ms=8 L_state_ready_ms=110 L_roots_ms=37 L_finish_ms=118 L_total_ms=190 L_setup_ms=0 L_par_pull_ms=0 L_give_back_ms=0 L_state_wait_ms=6 L_state_after_pull=1242 L_seal_at_exec=1242 L_tx_root_ahead=0 flood_w1=2724041 txs_p10=200000 acq_us=519 slots_busy=12 ingest_rate=2670487 L_scope_join_ms=0 L_par_release_ms=0 L_commit_body_ms=0 L_par_commit_ms=0 L_give_back_ms=0 L_sealed_ms=8 L_par_exec_ms=22 L_state_wait_ms=6 L_par_pull_ms=0 L_par_prep_ms=0 L_par_start_ms=4 L_pre_exec_ms=0 L_par_run_ms=31 L_sealed_at_ms=58 F_partition_ms=- F_env_ms=- F_groups_ms=- F_merge_ms=- F_reverts_wait_ms=- F_ahead_wait_ms=- F_total_ms=- I_engine_ms=- I_root_ms=- I_total_ms=- H_engine_remember_ms=- H_engine_listing_ms=- H_engine_new_payload_ms=- busy_us=1 L_par_start_ms=4 L_start_handoff_ms=0 L_start_best_ms=4 L_start_puller_ms=0 L_par_pull_ms=0 L_par_prep_ms=0 L_state_wait_ms=6 L_par_exec_ms=22 L_par_commit_ms=0 L_sealed_ms=8 L_sealed_at_ms=58 L_par_graft_ms=0 L_graft_insert_ms=0 L_graft_reverts_ms=0 L_graft_split_us=0 L_graft_build_us=0 L_graft_merge_us=0 L_state_ready_ms=110 Q_queue_ms=0 R_dispatch_wait_ms=- R_total_ms=- R_road_runtime=1 gate_holds=0 peer_fetch=0 pool_limit=limit=4 gate_opened=gate_opened_for_block=0 I_root_ms=- flood_rate_hdr=rate=6000000/s fills=0 fill_waited=- slots_busy=12 acq_us=519 busy_us=1 converged=0 fallbacks=0 busy_us=1 recover_us=0 tf_on_output=3 tf_fallback=0 still_importing=6 busy_us=1 slots_busy=12 batches=altsig_txs=0 altsig_batches=0 tf_on_output=3 tf_fallback=0 gate_holds=0 sign_s=sign 0s replay_note=replay       : 64 files from /data/n42-pregen/g900000-400m, 400000000 transactio sign_s=sign 0s shard=shard_verified=0 shard_claimed=0 road_verified=- slots_busy=12 gate_us=8392 reply_us=9109 queued=2509500 assemble_ms=- road_take_ms=- road_body_ms=- road_encode_ms=- shards=16 shard_insert_ms=0 shard_wait_ms=0 shard_fold_ms=14 shard_append_ms=18 shard_merge_ms=66 state_ready_ms=110 roots_ms=37 exec_read_ms=0 exec_evm_ms=0 exec_write_ms=0 exec_other_ms=0 reads_cache=0 reads_provider=0 reads_view=0 par_run_ms=31 fold_task_cpu_max_us=14363 fold_task_minflt_max=1 fold_task_minflt_sum=1 fold_task_migrated=0 fold_task_nivcsw_max=0 fold_index=1 fold_index_build_ms=14 fold_index_conflicts=8003 fold_queue_us=60 fold_skew_us=38 fold_task_max_us=14370 fold_tail_us=20 start_best_ms=4 start_select_ms=0 start_walk_ms=0 start_walk_check_ms=0 start_best_other_ms=0 start_frames_by_ref=0 start_frames_slow=0 start_pull_ms=0 start_other_ms=0 start_handoff_ms=0 par_start_ms=4 par_prep_ms=0 par_commit_ms=0 commit_body_ms=0 par_fold_ms=8 sealed_ms=8 copy_ms=- prune_ms=0 frames=- frames_missing=- frame_root_ms=- root_ms=- frames_admitted=frames_admitted=496718 frames_unaligned=0 frame_root_indexed=- seal_layout_ms=1 seal_root_ms=0 attested= busy_us=1 slots_busy=12 reply_us=9109 prune_ms=0 body_refused=0 body_failed_late=0
loop349K99DQ64b win1 tps=2,686,667 txs=80,600,000 blocks= 403 cycle=0.074s occupancy=100.0% full(>=95%)=403/403 basefee=n/a (from the layer's log)
loop349K99DQ64b win2 tps=2,660,000 txs=79,800,000 blocks= 399 cycle=0.075s occupancy=100.0% full(>=95%)=399/399 basefee=n/a (from the layer's log)
loop349K99DQ64b win3 tps=2,653,333 txs=79,600,000 blocks= 398 cycle=0.075s occupancy=100.0% full(>=95%)=398/398 basefee=n/a (from the layer's log)
loop349K99DQ64b tps=2,686,667 round_txs=240000000 cycles_w1=
loop349K99DQ64b imp_fields_p90= b_p75=17
loop349K99DQ64b overlay: filter_skips=0 probes=0 ratio=- (ratio = skips/(skips+probes))
loop349K99DQ64b overlay_manager:       1 state_trie_overlay=false  state-ovly_cpu=0
loop349K99DQ64b verify: written to /data/blockchain/rust-fleet7-bench/bench-loop349K99DQ64b/verify.json
== validator memory at flood +70 s (loop349K99DQ64b)
validators 99: RSS sum 14.7 G, max 0.15 G, mean 0.15 G; threads 11781 (mean 119)
one validator (pid 2038598):
VmHWM:	  147828 kB
VmRSS:	  147828 kB
RssAnon:	  132068 kB
RssFile:	   15760 kB
RssShmem:	       0 kB
Threads:	119
Rss:              147828 kB
Private_Dirty:    132068 kB
Anonymous:        132068 kB
AnonHugePages:         0 kB
threads by name:
    113 h2_validator
      4 tokio-rt-worker
      1 n42-qmdb-prefau
      1 futures-timer
largest mappings by Rss:
37752  79c18a200000-79c18c800000
17784  79c168200000-79c16be00000
11816  79c190900000-79c192c00000
10836 /data/n42-build/target-n42-rs/native/release/examples/h2_validator 6078653c6000-607866260000
9096  79c18ff00000-79c190800000
7312  79c18c900000-79c18d400000
6884  79c162200000-79c163000000
6072  79c18f800000-79c18fe00000
RssAnon of all validators (MB):
anon n=99 min 132 median 132 max 137 MB, sum 13.1 G
RSS of all validators, sorted:
min 147.336 MB median 147.968 MB max 155.96 MB
== many-keys report loop349K99DQ64b
== loop349K99DQ64b: 99 validator logs, f=32, quorum 67
1. the leaders' commit lines
  R1_collect (proposal -> prepare QC): n=4195 p50 16.0 p90 51.0 p99 104.0 max 5808.0 ms
  R2_collect (prepare QC -> commit QC): n=4195 p50 14.0 p90 15.0 p99 21.0 max 26.0 ms
  total (proposal -> commit): n=4195 p50 61.0 p90 85.0 p99 149.0 max 5872.0 ms
  votes at formation: R1 median 67 max 67 (quorum 67); R2 median 67 max 67
2. vote collection at the traced leaders (first vote -> quorum -> last vote)
 R1 (vote), 3071 views:
    proposal -> first vote: n=3071 p50 4.0 p90 49.5 p99 97.3 max 141.6 ms
    first vote -> quorum: n=3071 p50 2.3 p90 3.0 p99 5.0 max 5791.0 ms
    quorum -> last vote: n=3071 p50 0.9 p90 1.0 p99 10.1 max 26.7 ms
    proposal -> last vote (the slowest key): n=3071 p50 7.3 p90 52.6 p99 101.0 max 5810.0 ms
   views with fewer than 98 votes received: 0
 R2 (commit_vote), 3071 views:
    proposal -> first vote: n=3071 p50 19.0 p90 64.9 p99 112.6 max 5810.8 ms
    first vote -> quorum: n=3071 p50 2.4 p90 2.8 p99 4.4 max 6.6 ms
    quorum -> last vote: n=3071 p50 0.9 p90 1.0 p99 13.4 max 34.9 ms
    proposal -> last vote (the slowest key): n=3071 p50 22.2 p90 69.1 p99 118.9 max 5814.3 ms
   views with fewer than 98 votes received: 0
3. the straggler rule and the loop
  proposal interval (same leader, consecutive views): n=4191 p50 61.4 p90 73.5 p99 129.1 max 5830.2 ms; >= 500 ms: 1
  `slow step` lines: 54 (transport+flush > 30 ms); by slowest event kind: other: 54 (max 60 ms)
  leaders' lines: 0
4. gossip propagation (proposal sent -> received at a traced follower)
    proposal arrival delay: n=9517 p50 0.6 p90 1.7 p99 3.9 max 24.2 ms
4b. the new fields (docs/E1_MANY_KEYS.md section 6), leaders' `block committed!` and `proposal sent` lines
    verify_us: n=4195 p50 12233.0 p90 12405.0 p99 13344.0 max 16397.0 us
    verify_n: n=4195 p50 196.0 p90 196.0 p99 197.0 max 228.0 
    verify_batches: n=4195 p50 2.0 p90 2.0 p99 3.0 max 4.0 
  verify_fallbacks: total 0 over 4195 blocks
    inbound_queue_max: n=4195 p50 0.0 p90 0.0 p99 0.0 max 0.0 
    gossip_poll_us: n=4195 p50 5123.0 p90 5501.0 p99 5943.0 max 8367.0 us
  straggler_waits (cumulative per leader log, summed over 5 leaders): 1; waits with straggler_wait_us > 0: 1 of 4196 proposals, p50 31.3 p90 31.3 max 31.3 ms, total 0.03 s
  direct votes at the leaders: received 821436 (duplicates dropped 0); sent by those nodes 20472, fallbacks to gossip 0; leaders led 4196 views = 822416 vote messages expected (2 rounds x 98); direct share of those 99.9%
5. validators
validators n=99: cpu total 17.82 cores, per key mean 0.180 median 0.173 max 0.500 (key 1) min 0.165; rss per key peak mean 0.149 max 0.156 G, sum of peaks 14.8 G; threads per key mean 119, total 11781
libp2p connections (last census of 5): 9702 in all (a full mesh of 99 is 4851); sockets per process min 98 median 98 max 98
== loop349K99DQ64b  (E=1: seven validator keys on one execution layer)
  window 1: canonical 404 blocks, 80.8M tx = 2,693,333/s (100.0% of window 1), full 403/404 (100%); cycle mean/median/p90 73.9/62.2/107.7 ms
    leader builds 405: sealed_at median/p90/p99 57/79/112; phases median/p90 ms: gap_before_exec 7/44, state_wait 7/44, par 58/90, par_exec 21/27, roots 34/51, parent_fields 6/29, sealed 6/30
    state_wait_on {'output': 178, 'layer_release': 1, 'none': 140, 'grandparent': 85, 'open': 1}; builds with state_wait > 20 ms: 99 ([('grandparent', 75), ('output', 24)]); gp_layer {1.0: 405}, ggp_missing {0.0: 315, 1.0: 90}
    queue at the builds min/median 802,500/2,516,500
    new field batch_cpu_sum_us: median/p90/max 587840.0/724814.0/1876093, nonzero 405
    new field batch_dispatch_us: median/p90/max 235.0/358.0/4051, nonzero 405
    new field batch_first_start_us: median/p90/max 84.0/131.0/243, nonzero 405
    new field batch_ivcsw: median/p90/max 1.0/9.0/22, nonzero 275
    new field batch_last_end_us: median/p90/max 21432.0/27335.0/66431, nonzero 405
    new field batch_last_start_us: median/p90/max 16654.0/20805.0/54522, nonzero 405
    new field batch_live_deferred: median/p90/max 74.0/81.0/91, nonzero 405
    new field batch_live_lock_hold_us: median/p90/max 10478.0/12261.0/16989, nonzero 405
    new field batch_live_lock_wait_us: median/p90/max 0.0/0.0/0, nonzero 0
    new field batch_live_lock_waits: median/p90/max 0.0/0.0/0, nonzero 0
    new field batch_majflt: median/p90/max 0.0/0.0/0, nonzero 0
    new field batch_minflt: median/p90/max 858.0/11544.0/28841, nonzero 405
    new field batch_open_max_us: median/p90/max 382.0/496.0/4226, nonzero 405
    new field batch_open_sum_us: median/p90/max 9350.0/12166.0/15373, nonzero 405
    new field batch_threads: median/p90/max 32.0/32.0/32, nonzero 405
    new field batch_vcsw: median/p90/max 176.0/483.0/1045, nonzero 405
    new field batch_view_index_wait_us: median/p90/max 0.0/21750.0/63140, nonzero 86
    new field batch_view_index_waits: median/p90/max 0.0/277.0/830, nonzero 86
    new field batch_view_slot_wait_us: median/p90/max 0.0/1973.0/6238, nonzero 94
    new field batch_view_slot_waits: median/p90/max 0.0/51.0/121, nonzero 94
    new field batch_wall_sum_us: median/p90/max 596763.0/740323.0/1877960, nonzero 405
    new field batches: median/p90/max 128.0/128.0/128, nonzero 405
    new field build_batches: median/p90/max 128.0/128.0/128, nonzero 405
    new field carried_depth: median/p90/max 1.0/1.0/1, nonzero 405
    new field exec_end_to_seal_us: median/p90/max 114.0/191.0/450, nonzero 405
    new field exec_partition_us: median/p90/max 7.0/11.0/1976, nonzero 405
    new field exec_prepared_groups: {'true': 401, 'false': 4}
    new field exec_prepared_slots: {'true': 401, 'false': 4}
    new field exec_slots_us: median/p90/max 0.0/0.0/1998, nonzero 7
    new field freeze_join_wait_us: median/p90/max 9374.0/20262.0/42907, nonzero 405
    new field freeze_late: {'true': 405}
    new field freeze_pool_own: {'true': 405}
    new field live_index_defer: {'true': 405}
    new field merge_accounts: median/p90/max 192144.0/195457.0/198327, nonzero 405
    new field merge_append_us: median/p90/max 3792.0/8762.0/26627, nonzero 405
    new field merge_early: {'false': 405}
    new field merge_join_wait_us: median/p90/max 0.0/0.0/0, nonzero 0
    new field merge_reverts: median/p90/max 192144.0/195457.0/198327, nonzero 405
    new field merge_reverts_us: median/p90/max 14991.0/22375.0/35882, nonzero 405
    new field merge_state_us: median/p90/max 43326.0/55186.0/71327, nonzero 405
    new field merge_tail_us: median/p90/max 0.0/0.0/2, nonzero 8
    new field merge_threads: median/p90/max 1.0/1.0/1, nonzero 405
    new field one_wave: {'false': 405}
    new field open_engine_us: median/p90/max 0.0/40234.0/94455, nonzero 90
    new field open_fallback: {'false': 315, 'true': 90}
    new field open_keep_us: median/p90/max 7.0/12.0/6081, nonzero 405
    new field open_kept_accounts: median/p90/max 576199.0/583075.0/589081, nonzero 405
    new field open_layers: median/p90/max 3.0/3.0/3, nonzero 405
    new field open_provider_us: median/p90/max 89.0/166.0/409, nonzero 405
    new field plan_age_us: median/p90/max 52329.0/132548.0/191995, nonzero 405
    new field plan_ahead: median/p90/max 1.0/1.0/1, nonzero 405
    new field plan_body: median/p90/max 1.0/1.0/2, nonzero 405
    new field plan_body_us: median/p90/max 17184.0/20749.0/25216, nonzero 401
    new field plan_discard: {'': 405}
    new field plan_prep_us: median/p90/max 8417.0/14679.0/28797, nonzero 405
    new field plan_topup_txs: median/p90/max 0.0/0.0/0, nonzero 0
    new field prep_from_plan: {'true': 401, 'false': 4}
    new field prev_seal_to_answer_us: median/p90/max 2046.0/4064.0/8832, nonzero 405
    new field prev_seal_to_entry_us: median/p90/max 0.0/0.0/0, nonzero 0
    new field prev_seal_to_header_us: median/p90/max 215.0/335.0/1498, nonzero 405
    new field prev_seal_to_import_us: median/p90/max 133987.0/171979.0/280638, nonzero 345
    new field prev_seal_to_request_us: median/p90/max 1090.0/78943.0/133163, nonzero 405
    new field prev_seal_to_start_us: median/p90/max 1398.0/79227.0/133522, nonzero 405
    new field pull_bulk_txs: median/p90/max 200000.0/200000.0/200000, nonzero 405
    new field pull_bulk_us: median/p90/max 6.0/11.0/1404, nonzero 405
    new field receipts_late: {'false': 405}
    new field receipts_late_wait_us: median/p90/max 0.0/0.0/0, nonzero 0
    new field rename_fallbacks: median/p90/max 0.0/0.0/0, nonzero 0
    new field rename_record_waits: median/p90/max 0.0/0.0/0, nonzero 0
    new field root_apply_gap_us: median/p90/max 10.0/14.0/20, nonzero 405
    new field root_apply_total_us: median/p90/max 23011.0/34108.0/55348, nonzero 405
    new field root_compute_us: median/p90/max 24766.0/37121.0/56715, nonzero 405
    new field root_delta_us: median/p90/max 1206.0/2065.0/14221, nonzero 405
    new field root_index_us: median/p90/max 2860.0/6050.0/19062, nonzero 405
    new field root_leaves_us: median/p90/max 7312.0/11964.0/25755, nonzero 405
    new field root_note_us: median/p90/max 148.0/274.0/1587, nonzero 405
    new field root_ops_ahead: {'true': 405}
    new field root_ops_ahead_wait_us: median/p90/max 3762.0/11205.0/29949, nonzero 405
    new field root_ops_concat_us: median/p90/max 0.0/0.0/0, nonzero 0
    new field root_ops_encode_us: median/p90/max 5883.0/11195.0/27238, nonzero 405
    new field root_ops_finish_us: median/p90/max 2458.0/3486.0/11560, nonzero 405
    new field root_ops_sort_us: median/p90/max 3533.0/8434.0/15666, nonzero 405
    new field root_ops_us: median/p90/max 6375.0/14235.0/33849, nonzero 405
    new field root_rehash_us: median/p90/max 1362.0/1833.0/11005, nonzero 405
    new field root_retire_us: median/p90/max 1816.0/3920.0/8508, nonzero 405
    new field root_sort_us: median/p90/max 233.0/700.0/3921, nonzero 405
    new field root_undo_us: median/p90/max 398.0/1071.0/3916, nonzero 405
    new field root_writes_us: median/p90/max 7483.0/13021.0/34039, nonzero 405
    new field seal_hashes_ahead: {'true': 405}
    new field seal_on_counters: {'true': 405}
    new field seal_to_complete_us: median/p90/max 120304.0/145624.0/169872, nonzero 405
    new field seal_to_frozen_us: median/p90/max 9342.0/20229.0/42836, nonzero 266
    new field seal_to_merge_end_us: median/p90/max 120060.0/145512.0/169684, nonzero 405
    new field seal_to_merge_start_us: median/p90/max 55316.0/71508.0/88677, nonzero 405
    new field seal_to_ops_ahead_us: median/p90/max 22658.0/36695.0/54501, nonzero 405
    new field seal_to_shards_ready_us: median/p90/max 15073.0/25145.0/45078, nonzero 405
    new field seal_to_state_ready_us: median/p90/max 120066.0/145526.0/169696, nonzero 405
    new field sealed_unix_us: median/p90/max 1791466900729771.0/1791466912776898.0/1791466915779855, nonzero 405
    new field start_walk_check_us: median/p90/max 0.0/0.0/0, nonzero 0
    new field start_walk_ids_us: median/p90/max 0.0/0.0/0, nonzero 0
    new field start_walk_settle_us: median/p90/max 0.0/0.0/0, nonzero 0
    new field start_walk_us: median/p90/max 0.0/0.0/0, nonzero 0
    new field state_wait_us: median/p90/max 7181.0/44594.0/109977, nonzero 405
    new field view_journal_reads: median/p90/max 0.0/77824.0/225280, nonzero 178
    new field view_journal_searches: median/p90/max 0.0/221184.0/607096, nonzero 178
    new field view_journal_skips: median/p90/max 0.0/0.0/0, nonzero 0
    new field whole_take_noted: {'true': 405}
    binding wait (tick / quorum / seal share, mean cycle): tick 90% (69); quorum 10% (121); seal 0% (83); feed-bound (blocks under 95% of the tier): 1 of 404
    slowest key vote delay median/p90 18.6/74.8 ms
    engine own-import total_ms per block median/p90/max 44/76/120 (n=403)
    layer RSS 4.2 -> 25.0 G (max 25.0), in-memory blocks max 10
    execution layer cores busy 32.3    validators cores busy 16.5
    flood delivered (median per 5 s over the leg) 2,693,488/s
  window 2: canonical 399 blocks, 79.8M tx = 2,660,000/s (98.8% of window 1), full 399/399 (100%); cycle mean/median/p90 71.9/63.1/99.0 ms
    leader builds 397: sealed_at median/p90/p99 58/83/121; phases median/p90 ms: gap_before_exec 7/44, state_wait 6/44, par 57/86, par_exec 23/32, roots 37/55, parent_fields 7/29, sealed 8/30
    state_wait_on {'grandparent': 88, 'none': 141, 'output': 162, 'layer_release': 5, 'open': 1}; builds with state_wait > 20 ms: 72 ([('grandparent', 67), ('output', 5)]); gp_layer {1.0: 397}, ggp_missing {1.0: 93, 0.0: 304}
    queue at the builds min/median 2,258,500/2,520,500
    new field batch_cpu_sum_us: median/p90/max 636894.0/821913.0/2463162, nonzero 397
    new field batch_dispatch_us: median/p90/max 228.0/355.0/3123, nonzero 397
    new field batch_first_start_us: median/p90/max 84.0/144.0/333, nonzero 397
    new field batch_ivcsw: median/p90/max 1.0/9.0/36, nonzero 275
    new field batch_last_end_us: median/p90/max 23345.0/31955.0/87597, nonzero 397
    new field batch_last_start_us: median/p90/max 17928.0/22917.0/67347, nonzero 397
    new field batch_live_deferred: median/p90/max 74.0/82.0/161, nonzero 397
    new field batch_live_lock_hold_us: median/p90/max 11250.0/13440.0/21191, nonzero 397
    new field batch_live_lock_wait_us: median/p90/max 0.0/0.0/0, nonzero 0
    new field batch_live_lock_waits: median/p90/max 0.0/0.0/0, nonzero 0
    new field batch_majflt: median/p90/max 0.0/0.0/0, nonzero 0
    new field batch_minflt: median/p90/max 998.0/12198.0/30311, nonzero 397
    new field batch_open_max_us: median/p90/max 385.0/509.0/4292, nonzero 397
    new field batch_open_sum_us: median/p90/max 9466.0/11933.0/20186, nonzero 397
    new field batch_threads: median/p90/max 32.0/32.0/32, nonzero 397
    new field batch_vcsw: median/p90/max 180.0/519.0/974, nonzero 397
    new field batch_view_index_wait_us: median/p90/max 0.0/25625.0/67507, nonzero 90
    new field batch_view_index_waits: median/p90/max 0.0/287.0/652, nonzero 90
    new field batch_view_slot_wait_us: median/p90/max 0.0/1937.0/42143, nonzero 98
    new field batch_view_slot_waits: median/p90/max 0.0/48.0/108, nonzero 98
    new field batch_wall_sum_us: median/p90/max 646367.0/823507.0/2465353, nonzero 397
    new field batches: median/p90/max 128.0/128.0/128, nonzero 397
    new field build_batches: median/p90/max 128.0/128.0/128, nonzero 397
    new field carried_depth: median/p90/max 1.0/1.0/1, nonzero 397
    new field exec_end_to_seal_us: median/p90/max 117.0/167.0/460, nonzero 397
    new field exec_partition_us: median/p90/max 6.0/10.0/1491, nonzero 397
    new field exec_prepared_groups: {'true': 394, 'false': 3}
    new field exec_prepared_slots: {'true': 395, 'false': 2}
    new field exec_slots_us: median/p90/max 0.0/0.0/2319, nonzero 3
    new field freeze_join_wait_us: median/p90/max 7538.0/16651.0/23341, nonzero 397
    new field freeze_late: {'true': 397}
    new field freeze_pool_own: {'true': 397}
    new field live_index_defer: {'true': 397}
    new field merge_accounts: median/p90/max 191849.0/195048.0/197732, nonzero 397
    new field merge_append_us: median/p90/max 4057.0/10333.0/25636, nonzero 397
    new field merge_early: {'false': 397}
    new field merge_join_wait_us: median/p90/max 0.0/0.0/0, nonzero 0
    new field merge_reverts: median/p90/max 191849.0/195048.0/197732, nonzero 397
    new field merge_reverts_us: median/p90/max 16055.0/24411.0/43388, nonzero 397
    new field merge_state_us: median/p90/max 46110.0/57719.0/89737, nonzero 397
    new field merge_tail_us: median/p90/max 0.0/0.0/1, nonzero 14
    new field merge_threads: median/p90/max 1.0/1.0/1, nonzero 397
    new field one_wave: {'false': 397}
    new field open_engine_us: median/p90/max 0.0/40289.0/129180, nonzero 93
    new field open_fallback: {'false': 304, 'true': 93}
    new field open_keep_us: median/p90/max 7.0/13.0/8066, nonzero 397
    new field open_kept_accounts: median/p90/max 574934.0/581643.0/587234, nonzero 397
    new field open_layers: median/p90/max 3.0/3.0/3, nonzero 397
    new field open_provider_us: median/p90/max 91.0/184.0/597, nonzero 397
    new field plan_age_us: median/p90/max 54941.0/128931.0/179845, nonzero 397
    new field plan_ahead: median/p90/max 1.0/1.0/1, nonzero 397
    new field plan_body: median/p90/max 1.0/1.0/2, nonzero 397
    new field plan_body_us: median/p90/max 15919.0/20813.0/25627, nonzero 395
    new field plan_discard: {'': 397}
    new field plan_prep_us: median/p90/max 7875.0/15716.0/34226, nonzero 397
    new field plan_topup_txs: median/p90/max 0.0/0.0/0, nonzero 0
    new field prep_from_plan: {'true': 395, 'false': 2}
    new field prev_seal_to_answer_us: median/p90/max 1935.0/4014.0/7383, nonzero 397
    new field prev_seal_to_entry_us: median/p90/max 0.0/0.0/0, nonzero 0
    new field prev_seal_to_header_us: median/p90/max 212.0/320.0/2463, nonzero 397
    new field prev_seal_to_import_us: median/p90/max 140648.0/179303.0/261728, nonzero 347
    new field prev_seal_to_request_us: median/p90/max 1075.0/76782.0/143673, nonzero 397
    new field prev_seal_to_start_us: median/p90/max 1390.0/77136.0/143947, nonzero 397
    new field pull_bulk_txs: median/p90/max 200000.0/200000.0/200000, nonzero 397
    new field pull_bulk_us: median/p90/max 6.0/11.0/1974, nonzero 397
    new field receipts_late: {'false': 397}
    new field receipts_late_wait_us: median/p90/max 0.0/0.0/0, nonzero 0
    new field rename_fallbacks: median/p90/max 0.0/0.0/0, nonzero 0
    new field rename_record_waits: median/p90/max 0.0/0.0/0, nonzero 0
    new field root_apply_gap_us: median/p90/max 11.0/15.0/39, nonzero 397
    new field root_apply_total_us: median/p90/max 24161.0/35831.0/53535, nonzero 397
    new field root_compute_us: median/p90/max 26338.0/38529.0/55773, nonzero 397
    new field root_delta_us: median/p90/max 1213.0/2294.0/7877, nonzero 397
    new field root_index_us: median/p90/max 3074.0/5295.0/11836, nonzero 397
    new field root_leaves_us: median/p90/max 7701.0/13073.0/24822, nonzero 397
    new field root_note_us: median/p90/max 147.0/265.0/1580, nonzero 397
    new field root_ops_ahead: {'true': 397}
    new field root_ops_ahead_wait_us: median/p90/max 4636.0/13661.0/28195, nonzero 397
    new field root_ops_concat_us: median/p90/max 0.0/0.0/0, nonzero 0
    new field root_ops_encode_us: median/p90/max 6660.0/12760.0/25734, nonzero 397
    new field root_ops_finish_us: median/p90/max 2423.0/3865.0/10994, nonzero 397
    new field root_ops_sort_us: median/p90/max 3711.0/8894.0/17210, nonzero 397
    new field root_ops_us: median/p90/max 7449.0/16684.0/33073, nonzero 397
    new field root_rehash_us: median/p90/max 1941.0/2579.0/16943, nonzero 397
    new field root_retire_us: median/p90/max 1832.0/3675.0/8753, nonzero 397
    new field root_sort_us: median/p90/max 254.0/752.0/5498, nonzero 397
    new field root_undo_us: median/p90/max 367.0/898.0/4329, nonzero 397
    new field root_writes_us: median/p90/max 7595.0/13628.0/29502, nonzero 397
    new field seal_hashes_ahead: {'true': 397}
    new field seal_on_counters: {'true': 397}
    new field seal_to_complete_us: median/p90/max 125473.0/149720.0/203649, nonzero 397
    new field seal_to_frozen_us: median/p90/max 7508.0/16596.0/23287, nonzero 248
    new field seal_to_merge_end_us: median/p90/max 125344.0/149593.0/203409, nonzero 397
    new field seal_to_merge_start_us: median/p90/max 56965.0/73522.0/93880, nonzero 397
    new field seal_to_ops_ahead_us: median/p90/max 23109.0/33721.0/53526, nonzero 397
    new field seal_to_shards_ready_us: median/p90/max 14160.0/21027.0/30512, nonzero 397
    new field seal_to_state_ready_us: median/p90/max 125351.0/149605.0/203432, nonzero 397
    new field sealed_unix_us: median/p90/max 1791466930705756.0/1791466942640367.0/1791466945737608, nonzero 397
    new field start_walk_check_us: median/p90/max 0.0/0.0/0, nonzero 0
    new field start_walk_ids_us: median/p90/max 0.0/0.0/0, nonzero 0
    new field start_walk_settle_us: median/p90/max 0.0/0.0/0, nonzero 0
    new field start_walk_us: median/p90/max 0.0/0.0/0, nonzero 0
    new field state_wait_us: median/p90/max 6728.0/44397.0/144214, nonzero 397
    new field view_journal_reads: median/p90/max 0.0/86016.0/155648, nonzero 183
    new field view_journal_searches: median/p90/max 0.0/220768.0/391385, nonzero 183
    new field view_journal_skips: median/p90/max 0.0/0.0/0, nonzero 0
    new field whole_take_noted: {'true': 397}
    binding wait (tick / quorum / seal share, mean cycle): tick 94% (68); quorum 6% (116); seal 0%; feed-bound (blocks under 95% of the tier): 0 of 399
    slowest key vote delay median/p90 18.7/65.7 ms
    engine own-import total_ms per block median/p90/max 46/78/115 (n=399)
    layer RSS 24.7 -> 30.9 G (max 30.9), in-memory blocks max 10
    execution layer cores busy 33.7    validators cores busy 16.8
  window 3: canonical 398 blocks, 79.6M tx = 2,653,333/s (98.5% of window 1), full 398/398 (100%); cycle -
    leader builds 399: sealed_at median/p90/p99 59/84/115; phases median/p90 ms: gap_before_exec 5/43, state_wait 5/42, par 58/88, par_exec 23/30, roots 39/56, parent_fields 9/32, sealed 10/33
    state_wait_on {'grandparent': 88, 'none': 142, 'output': 165, 'open': 2, 'layer_release': 2}; builds with state_wait > 20 ms: 72 ([('grandparent', 65), ('output', 7)]); gp_layer {1.0: 399}, ggp_missing {1.0: 91, 0.0: 308}
    queue at the builds min/median 2,267,000/2,514,000
    new field batch_cpu_sum_us: median/p90/max 628189.0/789978.0/2259553, nonzero 399
    new field batch_dispatch_us: median/p90/max 217.0/338.0/3591, nonzero 399
    new field batch_first_start_us: median/p90/max 80.0/128.0/258, nonzero 399
    new field batch_ivcsw: median/p90/max 1.0/11.0/37, nonzero 249
    new field batch_last_end_us: median/p90/max 22867.0/30420.0/77930, nonzero 399
    new field batch_last_start_us: median/p90/max 17793.0/22442.0/67451, nonzero 399
    new field batch_live_deferred: median/p90/max 75.0/83.0/206, nonzero 399
    new field batch_live_lock_hold_us: median/p90/max 11185.0/13885.0/27662, nonzero 399
    new field batch_live_lock_wait_us: median/p90/max 0.0/0.0/0, nonzero 0
    new field batch_live_lock_waits: median/p90/max 0.0/0.0/0, nonzero 0
    new field batch_majflt: median/p90/max 0.0/0.0/7816, nonzero 6
    new field batch_minflt: median/p90/max 1147.0/13388.0/37514, nonzero 399
    new field batch_open_max_us: median/p90/max 390.0/566.0/4049, nonzero 399
    new field batch_open_sum_us: median/p90/max 9414.0/11849.0/18192, nonzero 399
    new field batch_threads: median/p90/max 32.0/32.0/32, nonzero 399
    new field batch_vcsw: median/p90/max 181.0/491.0/8045, nonzero 399
    new field batch_view_index_wait_us: median/p90/max 0.0/22427.0/54602, nonzero 85
    new field batch_view_index_waits: median/p90/max 0.0/265.0/684, nonzero 85
    new field batch_view_slot_wait_us: median/p90/max 0.0/1894.0/125987, nonzero 94
    new field batch_view_slot_waits: median/p90/max 0.0/46.0/93, nonzero 94
    new field batch_wall_sum_us: median/p90/max 644087.0/827115.0/2262076, nonzero 399
    new field batches: median/p90/max 128.0/128.0/128, nonzero 399
    new field build_batches: median/p90/max 128.0/128.0/128, nonzero 399
    new field carried_depth: median/p90/max 1.0/1.0/1, nonzero 399
    new field exec_end_to_seal_us: median/p90/max 111.0/182.0/754, nonzero 399
    new field exec_partition_us: median/p90/max 7.0/10.0/8563, nonzero 399
    new field exec_prepared_groups: {'true': 392, 'false': 7}
    new field exec_prepared_slots: {'true': 392, 'false': 7}
    new field exec_slots_us: median/p90/max 0.0/0.0/3940, nonzero 8
    new field freeze_join_wait_us: median/p90/max 5177.0/16681.0/36654, nonzero 399
    new field freeze_late: {'true': 399}
    new field freeze_pool_own: {'true': 399}
    new field live_index_defer: {'true': 399}
    new field merge_accounts: median/p90/max 192353.0/195282.0/199505, nonzero 399
    new field merge_append_us: median/p90/max 4167.0/11048.0/24140, nonzero 399
    new field merge_early: {'false': 399}
    new field merge_join_wait_us: median/p90/max 0.0/0.0/0, nonzero 0
    new field merge_reverts: median/p90/max 192353.0/195282.0/199505, nonzero 399
    new field merge_reverts_us: median/p90/max 16120.0/23943.0/78897, nonzero 399
    new field merge_state_us: median/p90/max 46650.0/58261.0/74641, nonzero 399
    new field merge_tail_us: median/p90/max 0.0/0.0/2, nonzero 14
    new field merge_threads: median/p90/max 1.0/1.0/1, nonzero 399
    new field one_wave: {'false': 399}
    new field open_engine_us: median/p90/max 0.0/40224.0/92055, nonzero 91
    new field open_fallback: {'false': 308, 'true': 91}
    new field open_keep_us: median/p90/max 7.0/13.0/6037, nonzero 399
    new field open_kept_accounts: median/p90/max 576783.0/582470.0/590461, nonzero 399
    new field open_layers: median/p90/max 3.0/3.0/3, nonzero 399
    new field open_provider_us: median/p90/max 86.0/177.0/1342, nonzero 399
    new field plan_age_us: median/p90/max 55644.0/125738.0/198245, nonzero 399
    new field plan_ahead: median/p90/max 1.0/1.0/1, nonzero 399
    new field plan_body: median/p90/max 1.0/1.0/2, nonzero 399
    new field plan_body_us: median/p90/max 18051.0/20923.0/25353, nonzero 392
    new field plan_discard: {'': 399}
    new field plan_prep_us: median/p90/max 8830.0/18054.0/59508, nonzero 399
    new field plan_topup_txs: median/p90/max 0.0/0.0/0, nonzero 0
    new field prep_from_plan: {'true': 392, 'false': 7}
    new field prev_seal_to_answer_us: median/p90/max 2056.0/3886.0/6782, nonzero 399
    new field prev_seal_to_entry_us: median/p90/max 0.0/0.0/0, nonzero 0
    new field prev_seal_to_header_us: median/p90/max 186.0/314.0/1995, nonzero 399
    new field prev_seal_to_import_us: median/p90/max 143122.0/184108.0/231562, nonzero 356
    new field prev_seal_to_request_us: median/p90/max 1031.0/76933.0/168764, nonzero 399
    new field prev_seal_to_start_us: median/p90/max 1324.0/77276.0/169125, nonzero 399
    new field pull_bulk_txs: median/p90/max 200000.0/200000.0/200000, nonzero 399
    new field pull_bulk_us: median/p90/max 6.0/11.0/1220, nonzero 399
    new field receipts_late: {'false': 399}
    new field receipts_late_wait_us: median/p90/max 0.0/0.0/0, nonzero 0
    new field rename_fallbacks: median/p90/max 0.0/0.0/0, nonzero 0
    new field rename_record_waits: median/p90/max 0.0/0.0/0, nonzero 0
    new field root_apply_gap_us: median/p90/max 11.0/15.0/25, nonzero 399
    new field root_apply_total_us: median/p90/max 25920.0/37801.0/57767, nonzero 399
    new field root_compute_us: median/p90/max 28252.0/41702.0/59091, nonzero 399
    new field root_delta_us: median/p90/max 1293.0/2745.0/10490, nonzero 399
    new field root_index_us: median/p90/max 3151.0/6427.0/18216, nonzero 399
    new field root_leaves_us: median/p90/max 7965.0/13106.0/21521, nonzero 399
    new field root_note_us: median/p90/max 143.0/263.0/1252, nonzero 399
    new field root_ops_ahead: {'true': 399}
    new field root_ops_ahead_wait_us: median/p90/max 5391.0/14477.0/75823, nonzero 398
    new field root_ops_concat_us: median/p90/max 0.0/0.0/0, nonzero 0
    new field root_ops_encode_us: median/p90/max 6815.0/13063.0/57544, nonzero 399
    new field root_ops_finish_us: median/p90/max 2494.0/4413.0/14169, nonzero 399
    new field root_ops_sort_us: median/p90/max 4180.0/8815.0/22568, nonzero 399
    new field root_ops_us: median/p90/max 8593.0/17498.0/78554, nonzero 399
    new field root_rehash_us: median/p90/max 2552.0/5345.0/21405, nonzero 399
    new field root_retire_us: median/p90/max 1789.0/3602.0/9097, nonzero 399
    new field root_sort_us: median/p90/max 271.0/1094.0/4607, nonzero 399
    new field root_undo_us: median/p90/max 401.0/907.0/3629, nonzero 399
    new field root_writes_us: median/p90/max 7771.0/13925.0/33066, nonzero 399
    new field seal_hashes_ahead: {'true': 399}
    new field seal_on_counters: {'true': 399}
    new field seal_to_complete_us: median/p90/max 129584.0/154587.0/215894, nonzero 399
    new field seal_to_frozen_us: median/p90/max 5129.0/16574.0/36562, nonzero 233
    new field seal_to_merge_end_us: median/p90/max 129406.0/154468.0/215799, nonzero 399
    new field seal_to_merge_start_us: median/p90/max 58763.0/78142.0/151834, nonzero 399
    new field seal_to_ops_ahead_us: median/p90/max 23491.0/34801.0/89639, nonzero 399
    new field seal_to_shards_ready_us: median/p90/max 13371.0/20541.0/39930, nonzero 399
    new field seal_to_state_ready_us: median/p90/max 129411.0/154474.0/215805, nonzero 399
    new field sealed_unix_us: median/p90/max 1791466961032787.0/1791466972659541.0/1791466975744130, nonzero 399
    new field start_walk_check_us: median/p90/max 0.0/0.0/0, nonzero 0
    new field start_walk_ids_us: median/p90/max 0.0/0.0/0, nonzero 0
    new field start_walk_settle_us: median/p90/max 0.0/0.0/0, nonzero 0
    new field start_walk_us: median/p90/max 0.0/0.0/0, nonzero 0
    new field state_wait_us: median/p90/max 5430.0/42926.0/105016, nonzero 399
    new field view_journal_reads: median/p90/max 0.0/81920.0/151552, nonzero 189
    new field view_journal_searches: median/p90/max 0.0/221151.0/406626, nonzero 189
    new field view_journal_skips: median/p90/max 0.0/0.0/0, nonzero 0
    new field whole_take_noted: {'true': 399}
    engine own-import total_ms per block median/p90/max 50/71/125 (n=398)
    layer RSS 30.8 -> 36.5 G (max 36.8), in-memory blocks max 11
    execution layer cores busy 34.4    validators cores busy 17.1
  round total (3 windows, canonical): 240.2M tx
  layer peak RSS 36.8 G; in-memory blocks max 11
  fields at seal: mode "early", verified 0, unchecked 0, mismatches 0 (last build line, cumulative)
  own_executed_again (built here and also directly imported): 0 of 1242 built blocks
== loop349K99DQ64b
  layer-0 leader window-1 builds 405: txs mean 200000, share >= 95% of the tier 100% (max 200000); sealed_at_ms 57.0/79.0; par_ms 58.0/90.0; par_exec_ms 21.0/27.0; roots_ms 34.0/51.0; parent_fields_ms 6.0/29.0; sealed_ms 6.0/30.0
  proposal cycle window 1 (n=420): mean 73.9 median 62.2 p90 107.7 ms; blocks in the 30 s: 420
  binding wait (tick / quorum / seal, share and mean cycle): tick 89.9% (69.2); quorum 9.9% (120.8); seal 0.2% (82.7)
  vote delay after the proposal, slowest key per block: median 18.6 p90 74.8 ms (slowest minus the median key: median 0.5); last key: {1: 44, 2: 64, 3: 63, 4: 107, 5: 64, 6: 62} of 404 blocks
  CPU in window 1 (cores busy): execution layers 32.3 over 1 process(es); validators 16.5 over 99 process(es)
  execution layer peak RSS 36.8 G; in-memory blocks max 11 (node0 and others, all layers)
  blocks built here 1242; none also directly imported
  import-once counters at the last direct import: ; start-up lines with import_once=true: 1; queue-lock lines 0
  layer-0 queue (queued after canonical prune), median per 10 s: t+0:2497000 t+20:2510000 t+40:2520500 t+60:2507000 t+80:2462000
  flood: median per 5 s 2693488/s, final -
  timeout / given-up lines: 0; 
loop349K99DQ64b page_faults_per_s_median: node0=181221 
feedcheck loop349K99DQ64b: ok (block 200,000 tx)
== loop349K99DQ64b: feed check (acq_us / gate_us / reply_us are per frame of 500; rate per 5 s `ingest` line)
  window 1: ingest lines 6; acq_us 519 (max 1613); gate_us 8102; reply_us 8762; slots_busy 12%; delivered median 2,744,740/s max 2,824,118/s; queue at builds median 2,516,500 min 802,500; full 100% of 404 blocks
  window 2: ingest lines 6; acq_us 518 (max 531); gate_us 8684; reply_us 9327; slots_busy 12%; delivered median 2,689,533/s max 2,854,281/s; queue at builds median 2,520,500 min 2,258,500; full 100% of 399 blocks
  window 3: ingest lines 6; acq_us 532 (max 604); gate_us 8472; reply_us 9148; slots_busy 12%; delivered median 2,654,858/s max 2,765,863/s; queue at builds median 2,514,000 min 2,267,000; full 100% of 398 blocks
  flood.log (+15..+100 s): rate per 5 s median 2,662,087/s max 2,828,323/s; reply latency median 72.4 ms max 79.5 ms
== loop349K99DQ64b: lanes lock, drain and pruner (new fields)
  window 1: lock duty 55.0% (max 59.0); holds/5s 2,025; longest hold 27.06 ms median, 35.30 ms max by crates/n42/tx-queue/src/lib.rs:2046 (most frequent holders [('crates/n42/tx-queue/src/lib.rs:2046', 5), ('crates/n42/tx-queue/src/lib.rs:1766', 1)]); lock wait 2221.8 ms/5s, longest 36.64 ms; drains/5s 915 of 14899 tx, mean 1467 us, max 26.17 ms
           prune (352 blocks): prune_ms 36/72; fold 0.8 ms, lock 0.0 ms, remove(hold) 9.6 ms, free 0.0 ms; frames_swept 400; coalesced on 352 of 352; prune_wait_ms 0/0; pruner busy 49% of a thread, lock held by it 1.3%
  window 2: lock duty 54.0% (max 59.0); holds/5s 1,993; longest hold 29.17 ms median, 38.59 ms max by crates/n42/tx-queue/src/lib.rs:2046 (most frequent holders [('crates/n42/tx-queue/src/lib.rs:2046', 6)]); lock wait 2122.1 ms/5s, longest 38.61 ms; drains/5s 952 of 14161 tx, mean 1384 us, max 32.81 ms
           prune (358 blocks): prune_ms 35/67; fold 0.7 ms, lock 0.0 ms, remove(hold) 9.2 ms, free 0.0 ms; frames_swept 400; coalesced on 358 of 358; prune_wait_ms 0/0; pruner busy 47% of a thread, lock held by it 1.4%
  window 3: lock duty 56.5% (max 59.0); holds/5s 1,956; longest hold 34.54 ms median, 59.51 ms max by crates/n42/tx-queue/src/lib.rs:2692 (most frequent holders [('crates/n42/tx-queue/src/lib.rs:2046', 4), ('crates/n42/tx-queue/src/lib.rs:1766', 1)]); lock wait 2466.8 ms/5s, longest 56.12 ms; drains/5s 918 of 14531 tx, mean 1524 us, max 21.31 ms
           prune (364 blocks): prune_ms 35/71; fold 0.8 ms, lock 0.0 ms, remove(hold) 9.4 ms, free 0.0 ms; frames_swept 400; coalesced on 364 of 364; prune_wait_ms 0/0; pruner busy 50% of a thread, lock held by it 1.2%
== loop349K99DQ64b: pruner (per block; busy = sum prune_ms / 30 s, lock = sum (remove_us + settle_us) / 30 s)
  window 1: 352 prunes; prune_ms 36/72; remove_us 9.6/23.0 ms; forget_us 3.4/7.1 ms; settle_us 4.0 ms; pruner busy 49% of a worker; lanes lock held for removal 20%
  window 2: 358 prunes; prune_ms 35/67; remove_us 9.2/22.5 ms; forget_us 3.2/6.9 ms; settle_us 3.7 ms; pruner busy 47% of a worker; lanes lock held for removal 20%
  window 3: 364 prunes; prune_ms 35/71; remove_us 9.4/22.4 ms; forget_us 3.5/7.1 ms; settle_us 3.6 ms; pruner busy 50% of a worker; lanes lock held for removal 21%
== loop349K99DQ64b: seal start / pull, prepared plan, answer, chunked drain
  window 1: 405 builds; start_best_ms 4/15; start_walk_us 0/0; start_pull_ms 0/0; par_pull_ms 0/0; par_start_ms 4/15; par_ms 58/90; sealed_at_ms 57/79; pull_bulk_us 6/11; pull_bulk_txs 200000/200000; plan_age_us 52329/132548; plan_prep_us 8417/14679; plan_topup_txs 0/0
           plan_ahead {'1': 405}; plan_discard {'': 405}
           answer: built-ahead bytes median/max 15,242/15,245, layout_only {'true': 404}; proposal sent bytes median/max 15,242/15,245, layout_only {'true': 403}
           drain: chunks/5s 790, chunk max 8,192 tx, finished by others/5s 46; plan_discards (last ingest line) -
  window 2: 397 builds; start_best_ms 4/17; start_walk_us 0/0; start_pull_ms 0/0; par_pull_ms 0/0; par_start_ms 4/17; par_ms 57/86; sealed_at_ms 58/83; pull_bulk_us 6/11; pull_bulk_txs 200000/200000; plan_age_us 54941/128931; plan_prep_us 7875/15716; plan_topup_txs 0/0
           plan_ahead {'1': 397}; plan_discard {'': 397}
           answer: built-ahead bytes median/max 15,245/15,245, layout_only {'true': 397}; proposal sent bytes median/max 15,245/15,245, layout_only {'true': 398}
           drain: chunks/5s 820, chunk max 8,192 tx, finished by others/5s 46; plan_discards (last ingest line) -
  window 3: 399 builds; start_best_ms 5/17; start_walk_us 0/0; start_pull_ms 0/0; par_pull_ms 0/0; par_start_ms 5/18; par_ms 58/88; sealed_at_ms 59/84; pull_bulk_us 6/11; pull_bulk_txs 200000/200000; plan_age_us 55644/125738; plan_prep_us 8830/18054; plan_topup_txs 0/0
           plan_ahead {'1': 399}; plan_discard {'': 399}
           answer: built-ahead bytes median/max 15,245/15,245, layout_only {'true': 400}; proposal sent bytes median/max 15,245/15,245, layout_only {'true': 399}
           drain: chunks/5s 793, chunk max 8,192 tx, finished by others/5s 48; plan_discards (last ingest line) -
== loop349K99DQ64b: persistence per window (ms per block = part sum / blocks persisted)
  window 1: persisted 397 of 404 produced (98%); total 34.8, sf_tx 31.3, sf_rcpt 7.6, sf_acct 14.8, sf_send 12.1, scope 31.5, qmdb 16.3, post 0.0, pre 3.3, plain_rev 3.3, commit_sf 0.8, commit_mdbx 0.1, commit_rocks 0.1; longest task sf_tx 31.3; in-memory 6 -> 10 (max 10); RSS 4.2 -> 24.7 G; lag 8 -> 10 = +5.0 blocks/min; bp max 0
  window 2: persisted 400 of 399 produced (100%); total 37.3, sf_tx 33.5, sf_rcpt 8.2, sf_acct 15.7, sf_send 12.8, scope 33.7, qmdb 18.2, post 0.0, pre 3.5, plain_rev 3.5, commit_sf 0.9, commit_mdbx 0.1, commit_rocks 0.1; longest task sf_tx 33.5; in-memory 10 -> 9 (max 10); RSS 24.7 -> 30.8 G; lag 10 -> 9 = -2.0 blocks/min; bp max 0
  window 3: persisted 400 of 398 produced (101%); total 39.8, sf_tx 35.5, sf_rcpt 8.1, sf_acct 15.8, sf_send 12.8, scope 35.9, qmdb 19.3, post 0.0, pre 3.9, plain_rev 3.8, commit_sf 1.2, commit_mdbx 0.1, commit_rocks 0.1; longest task sf_tx 35.5; in-memory 9 -> 9 (max 11); RSS 30.8 -> 36.7 G; lag 9 -> 9 = +0.0 blocks/min; bp max 0
  leg end: in-memory 6, max over the sampler 11, backpressure stalls 0
== loop349K99DQ64b: execution and root fields (median / p90 per block); over 1242 full builds: rename_fallbacks total 0, rename_record_waits total 0, carried_depth values ['1']
    folded lines 405: pending_max max 89 (median 74); pending_us_max max 24,812; drops_max max 65448
    flags: seal_on_counters true:405; freeze_pool_own true:405; plan_body 1:401/2:4; prep_from_plan false:4/true:401; plan_ahead 1:405; seal per 1,000 transfers 0.285 ms
  window 1 (405 builds): on-CPU share 1.00/1.00; CPU per transfer 2.94/3.62 us; sealed_at_ms 57/79; par_exec_ms 21/27; par_fold_ms 9/20; index_ms 16/26; par_start_ms 4/15; gap_before_exec_ms 7/44; state_wait_us 7,181/44,594; parent_fields_ms 6/29; roots_ms 34/51; seal_to_fields_us 55,187/71,344; seal_to_complete_us 120,304/145,624; rename_fallbacks 0/0; rename_record_waits 0/0; carried_depth 1/1; plan_body_us 17,184/20,749; batch_max_ms 8/12; tx_root_ms 1/2; sealed_ms 6/30
    folded lines 397: pending_max max 89 (median 73); pending_us_max max 16,744; drops_max max 36582
    flags: seal_on_counters true:397; freeze_pool_own true:397; plan_body 1:395/2:2; prep_from_plan false:2/true:395; plan_ahead 1:397; seal per 1,000 transfers 0.290 ms
  window 2 (397 builds): on-CPU share 1.00/1.00; CPU per transfer 3.18/4.11 us; sealed_at_ms 58/83; par_exec_ms 23/32; par_fold_ms 9/16; index_ms 14/19; par_start_ms 4/17; gap_before_exec_ms 7/44; state_wait_us 6,728/44,397; parent_fields_ms 7/29; roots_ms 37/55; seal_to_fields_us 56,795/73,360; seal_to_complete_us 125,473/149,720; rename_fallbacks 0/0; rename_record_waits 0/0; carried_depth 1/1; plan_body_us 15,919/20,813; batch_max_ms 9/16; tx_root_ms 1/2; sealed_ms 8/30
    folded lines 400: pending_max max 90 (median 74); pending_us_max max 21,199; drops_max max 39139
    flags: seal_on_counters true:399; freeze_pool_own true:399; plan_body 1:392/2:7; prep_from_plan false:7/true:392; plan_ahead 1:399; seal per 1,000 transfers 0.295 ms
  window 3 (399 builds): on-CPU share 1.00/1.00; CPU per transfer 3.14/3.95 us; sealed_at_ms 59/84; par_exec_ms 23/30; par_fold_ms 8/16; index_ms 14/20; par_start_ms 5/18; gap_before_exec_ms 5/43; state_wait_us 5,430/42,926; parent_fields_ms 9/32; roots_ms 39/56; seal_to_fields_us 58,627/77,999; seal_to_complete_us 129,584/154,587; rename_fallbacks 0/0; rename_record_waits 0/0; carried_depth 1/1; plan_body_us 18,051/20,923; batch_max_ms 9/15; tx_root_ms 1/2; sealed_ms 10/33
== loop349K99DQ64b: 4196 proposals; proposal -> quorum (leader's commit) median 30.9 / p90 67.8 / max 168.5 ms; proposal interval median 61.4 / p90 73.6 ms; TC formed lines 0; leader views timed out 0; ParentUnknown lines 0
   handover at view 1024: proposal intervals (view, ms) [(1023, 61), (1024, 123), (1025, 61), (1026, 61), (1027, 118)] against the median 61 ms
   handover at view 2048: proposal intervals (view, ms) [(2047, 62), (2048, 62), (2049, 62), (2050, 61), (2051, 60)] against the median 61 ms
   handover at view 3072: proposal intervals (view, ms) [(3071, 62), (3072, 62), (3073, 61), (3074, 61), (3075, 62)] against the median 61 ms
   handover at view 4096: proposal intervals (view, ms) [(4095, 61), (4096, 62), (4097, 61), (4098, 61), (4099, 61)] against the median 61 ms
     block 1026 (view 1025): sealed_at_ms 50, gap_before_exec_ms 0, parent_fields_ms 1, rename_fallbacks 0, rename_record_waits 0, carried_depth 1
     block 1027 (view 1026): sealed_at_ms 60, gap_before_exec_ms 0, parent_fields_ms 10, rename_fallbacks 0, rename_record_waits 0, carried_depth 1
     block 1028 (view 1027): sealed_at_ms 50, gap_before_exec_ms 25, parent_fields_ms 0, rename_fallbacks 0, rename_record_waits 0, carried_depth 1
flood span 95 s; tokio-rt threads alive throughout 34 of 74; group 9.6 cores busy over them (all threads incl. short-lived 12.4)
  per-thread cores busy, top 12: 0.63 0.60 0.60 0.57 0.57 0.56 0.56 0.56 0.55 0.55 0.55 0.55; threads over 0.9 core: 0, over 0.7: 0
== loop349K99DQ64b: 1201 full builds in the 3 windows
  par_exec_ms 22/29; par_run_ms 31/67; batch_start_skew_ms 17/21; batch_median_ms 4/5; batch_max_ms 9/14; batch_first_start_us 83/135; batch_last_start_us 17538/21875; batch_dispatch_us 226/351; batch_last_end_us 22491/29245; batches 128/128; batch_threads 32/32; batch_txs_max 2000/2000; batch_txs_min 1500/1500; start_walk_ms 0/0; start_walk_check_ms 0/0; par_start_ms 4/17; sealed_at_ms 58/81; prev_seal_to_answer_us 2014/3978; prev_seal_to_entry_us 0/0; prev_seal_to_header_us 205/329; prev_seal_to_import_us 139008/178567; prev_seal_to_request_us 1059/77556; prev_seal_to_start_us 1369/77916; start_walk_check_us 0/0; start_walk_ids_us 0/0; start_walk_settle_us 0/0; start_walk_us 0/0
  one_wave {'false': 1201}
  batches == batch_threads on 0 of 1201 builds
  last - first batch start (ms) median/p90 17.44/21.77; under 2 ms on 0 of 1201 builds
bodygate loop349K99DQ64b: invalid_blocks=0 gas_mismatch=0 fields_mismatches=0 own_not_committed=0 proposals_given_up=0
leg loop349K99D: /data free 504G (needs 120 G)
load 65.39 at 09:46:20, waiting
load 39.92 at 09:46:50, waiting
load 24.19 at 09:47:20, waiting
load 14.66 at 09:47:50, waiting
plan loop349K99D: exit 0 (99 validators, 1 layer(s)): # validators 99, execution layers 1, 128 CPUs a layer, import-once 1, shared 1; # validators : 96 CPUs set aside, taskset -c 64-111,192-239; # fleet    : 99 nodes, quorum 67 of 99 (f = 32); 0 refusals
leg loop349K99D start 09:48:21 load 8.88
round loop349K99D exit 0 at 09:51:28
loop349K99D save stages (node0, seconds summed over the leg / count): batch_size=1764.0/572  batch_size=1764.0/572  reth_consensus_engine_beacon_persistence_duration=57.5/572  duration_seconds=51.4/572  total=46.9/572  scope=42.6/572  sf=41.3/572  sf_transactions=41.0/572  qmdb_persisted=23.7/572  sf_account_changesets=19.3/572
el binary: /data/n42-build/target-n42-rs/native/release/n42 env: N42_IMPORT_ONCE=1 N42_SETTLEMENT_TAGS=legacy N42_BUILD_THROTTLE_SOFT=48 F7_EL_MAP=0,0,0,0,0,0,0,0,0,0,0,0,0,0,0,0,0,0,0,0,0,0,0,0,0,0,0,0,0,0,0,0,0,0,0,0,0,0,0,0,0,0,0,0,0,0,0,0,0,0,0,0,0,0,0,0,0,0,0,0,0,0,0,0,0,0,0,0,0,0,0,0,0,0,0,0,0,0,0,0,0,0,0,0,0,0,0,0,0,0,0,0,0,0,0,0,0,0,0 N42_FIELDS_AT_SEAL=1 N42_FREEZE_AFTER_SEAL=1 N42_FRAME_BLOCKS=1 N42_TX_INGEST_RECOVER_PARALLEL=24 N42_FREEZE_POOL=own N42_PARALLEL_BUILD_THREADS=32 N42_PLAN_AHEAD=1 N42_HASHED_TABLES=off F7_FLOOD_RATE=6000000 N42_COMPACT_BODY=1 N42_BUILD_BATCHES=128 MALLOC_CONF=thp:always,oversize_threshold:0,dirty_decay_ms:2000,background_thread:true N42_SEAL_ON_COUNTERS=1 N42_ACCOUNT_HISTORY=off N42_TAKE_COMPACT=1 N42_SF_EARLY_WRITEBACK=1 F7_VAL_NO_MALLOC_CONF=1 N42_ROAD_RUNTIME=1 N42_TX_INGEST_HIGH_WATER=2500000 F7_BENCH_POOL_SLOTS=3000000 N42_PLAN_AHEAD_BODY=1 N42_SEAL_AT_EXEC=1 N42_TX_QUEUE_DRAIN_CHUNK=8192 N42_ANSWER_LAYOUT_ONLY=1 N42_PULL_BY_FRAMES=1 N42_SF_PARALLEL_ENCODE=1 N42_BUILD_THROTTLE_HARD=80 N42_LIVE_INDEX_DEFER=1 RAYON_NUM_THREADS=16 F7_VAL_CPUS=96 N42_ROOT_OPS_AHEAD=1 TOKIO_WORKER_THREADS=16 N42_QMDB_READS=on N42_LEADER_LAYERS=3 N42_PERSIST_QMDB_IN_SCOPE=1 F7_BLOCK_INTERVAL_MS=60 F7_MEASURE_FROM_LOG=1
validator env: N42_IMPORT_ONCE=1 N42_SETTLEMENT_TAGS=legacy N42_BUILD_THROTTLE_SOFT=48 F7_EL_MAP=0,0,0,0,0,0,0,0,0,0,0,0,0,0,0,0,0,0,0,0,0,0,0,0,0,0,0,0,0,0,0,0,0,0,0,0,0,0,0,0,0,0,0,0,0,0,0,0,0,0,0,0,0,0,0,0,0,0,0,0,0,0,0,0,0,0,0,0,0,0,0,0,0,0,0,0,0,0,0,0,0,0,0,0,0,0,0,0,0,0,0,0,0,0,0,0,0,0,0 N42_FIELDS_AT_SEAL=1 N42_FREEZE_AFTER_SEAL=1 N42_FRAME_BLOCKS=1 N42_TX_INGEST_RECOVER_PARALLEL=24 N42_FREEZE_POOL=own N42_PARALLEL_BUILD_THREADS=32 N42_PLAN_AHEAD=1 N42_HASHED_TABLES=off F7_FLOOD_RATE=6000000 N42_COMPACT_BODY=1 N42_BUILD_BATCHES=128 N42_SEAL_ON_COUNTERS=1 N42_ACCOUNT_HISTORY=off N42_TAKE_COMPACT=1 N42_SF_EARLY_WRITEBACK=1 N42_ROAD_RUNTIME=1 N42_TX_INGEST_HIGH_WATER=2500000 F7_BENCH_POOL_SLOTS=3000000 N42_PLAN_AHEAD_BODY=1 N42_SEAL_AT_EXEC=1 N42_TX_QUEUE_DRAIN_CHUNK=8192 N42_ANSWER_LAYOUT_ONLY=1 N42_PULL_BY_FRAMES=1 N42_SF_PARALLEL_ENCODE=1 N42_BUILD_THROTTLE_HARD=80 N42_LIVE_INDEX_DEFER=1 RAYON_NUM_THREADS=16 F7_VAL_CPUS=96 N42_ROOT_OPS_AHEAD=1 TOKIO_WORKER_THREADS=16 N42_QMDB_READS=on N42_LEADER_LAYERS=3 N42_PERSIST_QMDB_IN_SCOPE=1 F7_MEASURE_FROM_LOG=1
loop349K99D once: start-up lines import_once=true 1; last direct-import counters 
loop349K99D imports: layers=1 direct_imports=0 canonical_blocks=3821 import_once_lines=1 (per layer: direct imports should equal canonical blocks for one execution per block)
grep: /data/blockchain/rust-fleet7-bench/node1/el.log: No such file or directory
grep: /data/blockchain/rust-fleet7-bench/node2/el.log: No such file or directory
grep: /data/blockchain/rust-fleet7-bench/node3/el.log: No such file or directory
grep: /data/blockchain/rust-fleet7-bench/node1/el.log: No such file or directory
grep: /data/blockchain/rust-fleet7-bench/node2/el.log: No such file or directory
grep: /data/blockchain/rust-fleet7-bench/node3/el.log: No such file or directory
cat: /data/blockchain/rust-fleet7-bench/node2/el.log: No such file or directory
cat: /data/blockchain/rust-fleet7-bench/node2/el.log: No such file or directory
cat: /data/blockchain/rust-fleet7-bench/node2/el.log: No such file or directory
cat: /data/blockchain/rust-fleet7-bench/node1/el.log: No such file or directory
cat: /data/blockchain/rust-fleet7-bench/node2/el.log: No such file or directory
cat: /data/blockchain/rust-fleet7-bench/node3/el.log: No such file or directory
Traceback (most recent call last):
  File [35m"<stdin>"[0m, line [35m4[0m, in [35m<module>[0m
[1;35mIndexError[0m: [35mlist index out of range[0m
loop349K99D no_variant=0 own_not_committed=0 tc=0 invalid_blocks=0 incomplete=0 gas_mismatch=0 direct_imports_failed=0 stuck_at_hashed_state=0 engine_idles_over_5s=1 proposals_given_up=0 tables_off_nodes=1 unanswered_reads=0 seal_first_total=1223 seal_first_direct=1223 direct_guard_errors=0 commit_ms_median=0 fold_ms_median=8 sealed_at_ms_median=57 state_ready_ms_median=108 build_total_ms_median=188 recover_us_median=0 par_exec_ms_median=22 par_exec_ms_median=22 giveback_filtered=0 giveback_offered_max=0 seal_first=1223 reader_lag_max=10 reader_lag_warns=0 view_invalidated=0 el_sum_peak_g=37.5 el_max_peak_g=37.5 val_sum_peak_g=15.3 flood_peak_g=0.6 two_roads_blocks=0 two_roads_overlap_ms_median=- exec_on_output_declined=0 r1_collect_ms_median=16 proposal_at_ms_median=29 view_total_ms_median=61 import_exec_ms_median=- import_total_ms_median=- import_senders_ms_median=- import_convert_ms_median=- import_groups_median=- imports_over_600ms=0 min_avail_g=60.7 road_foreign_body_recv_ms=- road_foreign_body_decode_ms=- road_foreign_body_senders_ms=- road_foreign_body_parent_wait_ms=- road_foreign_body_check_ms=- road_foreign_body_total_ms=- road_new_payload_recv_ms=- road_new_payload_decode_ms=- road_new_payload_senders_ms=- road_new_payload_parent_wait_ms=- road_new_payload_check_ms=- road_new_payload_total_ms=- road_foreign_body_blocks=0 road_new_payload_blocks=0 fcu_answered=1756 fcu_in_flight_ms_median=0 fcu_queued_ms_median=0 fcu_queued_ms_max=238 fcu_refused=0 fcu_slow=2392 bodies_held=0 road_reuse_ms=- road_prepare_ms=- road_dispatch_ms=- road_convert_ms=- road_remember_ms=- road_header_ms=- road_fields_ms=- road_other_ms=- import_engine_ms_median=- gate_forced=0 gate_warns=0 flood_timeouts=0 canonical_min=3899 canonical_max=3899 chained_builds=2291 chain_lead_ms_median=57 chain_wait_ms_median=0 chain_started=2293 chain_discarded=2 chain_discard_reasons=_1_reason="no_,_1_reason="the_chained_build_produced_nothing,_1_reason="the_execution_layer_produced_nothing chain_alias_warns=0 el_chained=2316 bodies_held_warns=0 el_build_refused=2 el_build_refused_reasons=_2_no_QMDB_tree_for_parent_block_0x queued_p5=2316500 queued_p50=2509000 road_compact_blocks=0 road_compact_recv_ms=- road_compact_assemble_ms=- road_compact_root_ms=- road_compact_miss_wait_ms=- road_compact_senders_ms=- road_compact_check_ms=- road_compact_other_ms=- road_compact_total_ms=- road_compact_misses_total= compact_refused_el=0 compact_fallbacks=0 compact_bytes_median=- pool_order9=13668 par_pull_ms_median=0 build_total_ms_median2=60 road_compact_filled_blocks=0 road_compact_filled_median=- road_compact_fill_ms_median=- need_txns=0 fill_failed=0 ingest_rate_gate_open_median=- ingest_gate_open_intervals=0 ingest_slots_busy_median=- flood_rate= fill_asked_proposer=0 fill_asked_other=0 loop_lines=0 loop_unnamed_ms_median=- loop_body_served_ms_median=- loop_txns_served_ms_median=- import_exec_ms_median2=- pip_partition_ms=- pip_env_ms=- pip_batch_ms=- pip_groups_ms=- pip_gas_ms=- pip_merge_ms=- pip_receipts_ms=- pip_drop_ms=- pip_other_ms=- pip_total_ms=- senders_indexed_median=- road_senders_ms_median=- road_total_ms_median=- pew_ms_median=- pew_ms_p90= gate_ms_median=- gate_ms_p90= root_ms_p50=- root_ms_p90= two_roads=0 not_on_output=0 not_on_output_why= ckpt_ms_first_q=2 ckpt_ms_last_q=51 ckpt_bytes_last=29055764 parent_still_importing=0 root_wait_ms_p50=- root_wait_ms_p90= tenures_low_seal=20 seal_first_share=0.99 empty_over_deep=0 near_empty_warns=0 no_seal_why= par_skipped_median=- usable_p5=2316500 ckpt_replay_ms_last_q=15 candidates_zero=0 dropped_ingest=0 let_go_warns=0 let_go_reasons= parked_p50=0 parked_max=0 held_warns=0 park_capped_total=0 superseded_builds=0 empty_not_superseded=0 mass_park_warns=0 heads_lines=0 holes_lines=0 stale_parent_refusals=0 par_groups_p5=0 cancelled_decided=0 heads_nonce0=0 stale_unconfirmed= handovers=0 el_panics=0 decided_cancelled=0 min_window_blocks=390 road_desc_blocks=0 road_desc_total_ms=- road_desc_copy_ms=- desc_misses=0 fill_failed2=0 sf_par_collect_ms=0 sf_par_commit_ms=0 sf_par_fold_ms=8 sf_par_graft_ms=0 sf_par_prefault_ms=0 sf_par_exec_ms=22 sf_sealed_at_ms=57 sf_roots_ms=37 sf_state_ready_ms=108 sf_total_ms=188 ba_find_ms=0 ba_queue_ms=0 ba_total_ms=60 ba_on_output=1222 queue_fold_us=0 queue_lock_us=88 sf_par_exec_ms=22 sf_par_fold_ms=8 pip_groups_ms=- import_exec_ms_median2=- reads_d0=0 reads_hist=0 f_reads_d0=- f_reads_hist=- f_overlay_depth=- L_read_set_ms=0 read_set_accounts=0 read_set_unresolved=0 read_set_hits=0 read_set_misses=0 start_best_ms=- par_prep_ms=- gap_before_exec_ms=- gap_after_exec_ms=- gap_before_seal_ms=- index_ms=- road_copy_aside_ms=- road_copy_wait_ms=- road_total_ms=- queue_first_miss=queue_first_miss=0:2584,queue_first_miss=18446744073709551615:1234 root_append_behind=0 populate_lag_mb=0 swap_used_g=0 root_faults=- root_faults_p90= root_faults_entries=0 root_faults_offsets=0 root_faults_index=0 root_faults_bits=0 root_faults_twigs=0 root_faults_undo=0 root_faults_tmp=0 root_append_faults=0 root_twig_pool_misses=0 batch_max_ms=9 batch_min_ms=2 batch_median_ms=4 batch_cpu_max_ms=8 batch_txs_max=2000 batch_txs_min=1500 batch_start_skew_ms=17 batch_wait_ms=0 loop_fetch_ns=0 loop_check_ns=0 loop_transfer_ns=0 loop_receipt_ns=0 loop_gas_ns=0 loop_sink_ns=0 loop_other_ns=0 batch_setup_ns=0 batch_close_ns=0 imp_exec_part_ms=- imp_exec_batches_ms=- imp_exec_graft_ms=- imp_exec_batches=- imp_exec_threads=- imp_exec_batch_max_ms=- imp_exec_batch_median_ms=- imp_parent_output_wait_ms=- road_parent_output_wait_ms=- next_start_gap_ms=1 next_entry_gap_ms=0 commit_body_ahead_used=- imp_exec_keys_ms=- imp_keys_ahead=- imp_exec_sink_ms=- imp_exec_pre_ms=- imp_exec_post_ms=- imp_exec_receipts_ms=- imp_exec_drop_ms=- root_gap_ms=- queue_whole=queue_whole=false:2584,queue_whole=true:1234 tick_tick_late_us=825 tick_preamble_us=347 tick_take_sealed_us=4 tick_sign_us=1 tick_cache_us=0 tick_presealed=- tick_describe_us=41 tick_publish_us=860 tick_tick_to_send_us=2152 road_check_ms=- road_check_include_us=- road_check_scan_us=- road_check_fold_us=- road_check_senders_us=- road_check_frames_summarized=- road_check_frames_scanned=- imp_exec_start_gap_us=- imp_gap_road_us=- imp_gap_header_us=- imp_gap_senders_us=- imp_gap_parent_us=- imp_gap_setup_us=- imp_gap_keys_wait_us=- sealed_at_p90= sealed_over_130=0 roots_ms=- cycle_p90= batch_max_ms=- batch_median_ms=- imp_batch_max=- forest_lock_warns=1438 root_seal_ms=1 root_seals=34 root_majflt=7642 roots_p90= gp_layer=1232 ggp_missing=263 state_wait_split=0/0/0/0:447,10/0/0/0:55,8/0/0/0:51 qmdb_releases=0 state_wait_on= imp_road_end_ms=- imp_exec_start_ms=- imp_exec_end_ms=- imp_root_end_ms=- imp_fields_ready_ms=- imp_parent_fields_wait_ms=- imp_exec_ms=- imp_root_ms=- imp_checks_ms=- imp_engine_ms=- imp_total_ms=- road_parent_fields_wait_ms=- exec_read_ms=0 L_exec_evm_ms=0 L_exec_write_ms=0 L_exec_other_ms=0 L_reads_cache=0 L_reads_provider=0 L_reads_view=0 L_graft_base_ms=0 L_graft_reserve_ms=0 L_graft_insert_ms=0 L_graft_reverts_ms=0 L_graft_other_ms=0 L_par_exec_ms=22 L_par_graft_ms=0 F_exec_read_ms=- F_exec_evm_ms=- F_exec_write_ms=- F_exec_other_ms=- F_reads_cache=- F_reads_provider=- F_reads_view=- F_groups_ms=- L_tx_root_wait_ms=0 L_par_exec_ms=22 L_par_graft_ms=0 L_par_fold_ms=8 L_sealed_ms=8 L_state_ready_ms=108 L_roots_ms=37 L_finish_ms=116 L_total_ms=188 L_setup_ms=0 L_par_pull_ms=0 L_give_back_ms=0 L_state_wait_ms=6 L_state_after_pull=1223 L_seal_at_exec=1223 L_tx_root_ahead=0 flood_w1=2633337 txs_p10=200000 acq_us=509 slots_busy=11 ingest_rate=2630908 L_scope_join_ms=0 L_par_release_ms=0 L_commit_body_ms=0 L_par_commit_ms=0 L_give_back_ms=0 L_sealed_ms=8 L_par_exec_ms=22 L_state_wait_ms=6 L_par_pull_ms=0 L_par_prep_ms=0 L_par_start_ms=4 L_pre_exec_ms=0 L_par_run_ms=31 L_sealed_at_ms=57 F_partition_ms=- F_env_ms=- F_groups_ms=- F_merge_ms=- F_reverts_wait_ms=- F_ahead_wait_ms=- F_total_ms=- I_engine_ms=- I_root_ms=- I_total_ms=- H_engine_remember_ms=- H_engine_listing_ms=- H_engine_new_payload_ms=- busy_us=1 L_par_start_ms=4 L_start_handoff_ms=0 L_start_best_ms=4 L_start_puller_ms=0 L_par_pull_ms=0 L_par_prep_ms=0 L_state_wait_ms=6 L_par_exec_ms=22 L_par_commit_ms=0 L_sealed_ms=8 L_sealed_at_ms=57 L_par_graft_ms=0 L_graft_insert_ms=0 L_graft_reverts_ms=0 L_graft_split_us=0 L_graft_build_us=0 L_graft_merge_us=0 L_state_ready_ms=108 Q_queue_ms=0 R_dispatch_wait_ms=- R_total_ms=- R_road_runtime=1 gate_holds=0 peer_fetch=0 pool_limit=limit=4 gate_opened=gate_opened_for_block=0 I_root_ms=- flood_rate_hdr=rate=6000000/s fills=0 fill_waited=- slots_busy=11 acq_us=509 busy_us=1 converged=0 fallbacks=0 busy_us=1 recover_us=0 tf_on_output=3 tf_fallback=0 still_importing=0 busy_us=1 slots_busy=11 batches=altsig_txs=0 altsig_batches=0 tf_on_output=3 tf_fallback=0 gate_holds=0 sign_s=sign 0s replay_note=replay       : 64 files from /data/n42-pregen/g900000-400m, 400000000 transactio sign_s=sign 0s shard=shard_verified=0 shard_claimed=0 road_verified=- slots_busy=11 gate_us=8789 reply_us=9411 queued=2509000 assemble_ms=- road_take_ms=- road_body_ms=- road_encode_ms=- shards=16 shard_insert_ms=0 shard_wait_ms=0 shard_fold_ms=15 shard_append_ms=18 shard_merge_ms=65 state_ready_ms=108 roots_ms=37 exec_read_ms=0 exec_evm_ms=0 exec_write_ms=0 exec_other_ms=0 reads_cache=0 reads_provider=0 reads_view=0 par_run_ms=31 fold_task_cpu_max_us=14649 fold_task_minflt_max=1 fold_task_minflt_sum=1 fold_task_migrated=0 fold_task_nivcsw_max=0 fold_index=1 fold_index_build_ms=14 fold_index_conflicts=8112 fold_queue_us=58 fold_skew_us=33 fold_task_max_us=14647 fold_tail_us=20 start_best_ms=4 start_select_ms=0 start_walk_ms=0 start_walk_check_ms=0 start_best_other_ms=0 start_frames_by_ref=0 start_frames_slow=0 start_pull_ms=0 start_other_ms=0 start_handoff_ms=0 par_start_ms=4 par_prep_ms=0 par_commit_ms=0 commit_body_ms=0 par_fold_ms=8 sealed_ms=8 copy_ms=- prune_ms=0 frames=- frames_missing=- frame_root_ms=- root_ms=- frames_admitted=frames_admitted=489095 frames_unaligned=0 frame_root_indexed=- seal_layout_ms=1 seal_root_ms=0 attested= busy_us=1 slots_busy=11 reply_us=9411 prune_ms=0 body_refused=0 body_failed_late=0
loop349K99D win1 tps=2,626,667 txs=78,800,000 blocks= 394 cycle=0.076s occupancy=100.0% full(>=95%)=394/394 basefee=n/a (from the layer's log)
loop349K99D win2 tps=2,620,000 txs=78,600,000 blocks= 393 cycle=0.076s occupancy=100.0% full(>=95%)=393/393 basefee=n/a (from the layer's log)
loop349K99D win3 tps=2,600,000 txs=78,000,000 blocks= 390 cycle=0.077s occupancy=100.0% full(>=95%)=390/390 basefee=n/a (from the layer's log)
loop349K99D tps=2,626,667 round_txs=235400000 cycles_w1=
loop349K99D imp_fields_p90= b_p75=17
loop349K99D overlay: filter_skips=0 probes=0 ratio=- (ratio = skips/(skips+probes))
loop349K99D overlay_manager:       1 state_trie_overlay=false  state-ovly_cpu=0
loop349K99D verify: written to /data/blockchain/rust-fleet7-bench/bench-loop349K99D/verify.json
== validator memory at flood +70 s (loop349K99D)
validators 99: RSS sum 15.0 G, max 0.15 G, mean 0.15 G; threads 11781 (mean 119)
one validator (pid 2114712):
VmHWM:	  150844 kB
VmRSS:	  150844 kB
RssAnon:	  135096 kB
RssFile:	   15748 kB
RssShmem:	       0 kB
Threads:	119
Rss:              150844 kB
Private_Dirty:    135096 kB
Anonymous:        135096 kB
AnonHugePages:         0 kB
threads by name:
    113 h2_validator
      4 tokio-rt-worker
      1 n42-qmdb-prefau
      1 futures-timer
largest mappings by Rss:
37764  7c8b1bc00000-7c8b1e200000
11488  7c8b22300000-7c8b23a00000
10884 /data/n42-build/target-n42-rs/native/release/examples/h2_validator 59023adb8000-59023bc52000
9480  7c8af8e00000-7c8afbc00000
9104  7c8b21900000-7c8b22200000
8360  7c8afea00000-7c8aff800000
8120  7c8af5e00000-7c8af6c00000
7308  7c8b1e300000-7c8b1ee00000
RssAnon of all validators (MB):
anon n=99 min 134 median 135 max 138 MB, sum 13.4 G
RSS of all validators, sorted:
min 149.74 MB median 151.164 MB max 154.024 MB
== many-keys report loop349K99D
== loop349K99D: 99 validator logs, f=32, quorum 67
1. the leaders' commit lines
  R1_collect (proposal -> prepare QC): n=4174 p50 16.0 p90 52.0 p99 112.0 max 5811.0 ms
  R2_collect (prepare QC -> commit QC): n=4174 p50 15.0 p90 16.0 p99 22.0 max 27.0 ms
  total (proposal -> commit): n=4174 p50 61.0 p90 86.0 p99 152.0 max 5875.0 ms
  votes at formation: R1 median 67 max 67 (quorum 67); R2 median 67 max 67
2. vote collection at the traced leaders (first vote -> quorum -> last vote)
 R1 (vote), 3071 views:
    proposal -> first vote: n=3071 p50 4.0 p90 49.7 p99 103.2 max 188.1 ms
    first vote -> quorum: n=3071 p50 2.8 p90 3.6 p99 5.6 max 5796.1 ms
    quorum -> last vote: n=3071 p50 0.9 p90 1.1 p99 11.2 max 50.9 ms
    proposal -> last vote (the slowest key): n=3071 p50 7.9 p90 53.6 p99 108.0 max 5813.4 ms
   views with fewer than 98 votes received: 0
 R2 (commit_vote), 3071 views:
    proposal -> first vote: n=3071 p50 19.5 p90 66.3 p99 120.1 max 5814.8 ms
    first vote -> quorum: n=3071 p50 2.7 p90 3.5 p99 4.9 max 7.1 ms
    quorum -> last vote: n=3071 p50 0.9 p90 1.1 p99 15.4 max 24.8 ms
    proposal -> last vote (the slowest key): n=3071 p50 23.2 p90 70.9 p99 124.6 max 5818.1 ms
   views with fewer than 98 votes received: 0
3. the straggler rule and the loop
  proposal interval (same leader, consecutive views): n=4169 p50 61.4 p90 75.6 p99 134.5 max 5833.1 ms; >= 500 ms: 1
  `slow step` lines: 62 (transport+flush > 30 ms); by slowest event kind: other: 62 (max 60 ms)
  leaders' lines: 0
4. gossip propagation (proposal sent -> received at a traced follower)
    proposal arrival delay: n=9451 p50 0.7 p90 2.2 p99 5.7 max 19.5 ms
4b. the new fields (docs/E1_MANY_KEYS.md section 6), leaders' `block committed!` and `proposal sent` lines
    verify_us: n=4174 p50 12231.0 p90 12407.0 p99 15096.0 max 16911.0 us
    verify_n: n=4174 p50 196.0 p90 196.0 p99 222.0 max 228.0 
    verify_batches: n=4174 p50 2.0 p90 2.0 p99 3.0 max 4.0 
  verify_fallbacks: total 0 over 4174 blocks
    inbound_queue_max: n=4174 p50 0.0 p90 0.0 p99 0.0 max 0.0 
    gossip_poll_us: n=4174 p50 5478.0 p90 6026.0 p99 6666.0 max 10013.0 us
  straggler_waits (cumulative per leader log, summed over 5 leaders): 1; waits with straggler_wait_us > 0: 1 of 4174 proposals, p50 29.2 p90 29.2 max 29.2 ms, total 0.03 s
  direct votes at the leaders: received 808944 (duplicates dropped 0); sent by those nodes 16380, fallbacks to gossip 4092; leaders led 4174 views = 818104 vote messages expected (2 rounds x 98); direct share of those 98.9%
5. validators
validators n=99: cpu total 20.84 cores, per key mean 0.211 median 0.203 max 0.554 (key 1) min 0.190; rss per key peak mean 0.153 max 0.157 G, sum of peaks 15.1 G; threads per key mean 119, total 11781
libp2p connections (last census of 5): 9699 in all (a full mesh of 99 is 4851); sockets per process min 96 median 98 max 98
== loop349K99D  (E=1: seven validator keys on one execution layer)
  window 1: canonical 395 blocks, 79.0M tx = 2,633,333/s (100.0% of window 1), full 394/395 (100%); cycle mean/median/p90 75.7/63.2/111.6 ms
    leader builds 396: sealed_at median/p90/p99 55/84/105; phases median/p90 ms: gap_before_exec 6/47, state_wait 6/47, par 56/90, par_exec 22/32, roots 35/50, parent_fields 4/26, sealed 5/27
    state_wait_on {'output': 178, 'grandparent': 81, 'layer_release': 4, 'none': 133}; builds with state_wait > 20 ms: 86 ([('grandparent', 69), ('output', 17)]); gp_layer {1.0: 396}, ggp_missing {0.0: 309, 1.0: 87}
    queue at the builds min/median 1,019,500/2,514,000
    new field batch_cpu_sum_us: median/p90/max 606918.0/850156.0/2430700, nonzero 396
    new field batch_dispatch_us: median/p90/max 211.5/318.0/5921, nonzero 396
    new field batch_first_start_us: median/p90/max 79.0/120.0/298, nonzero 396
    new field batch_ivcsw: median/p90/max 1.0/8.0/26, nonzero 269
    new field batch_last_end_us: median/p90/max 21977.5/32091.0/82610, nonzero 396
    new field batch_last_start_us: median/p90/max 16965.5/22948.0/69417, nonzero 396
    new field batch_live_deferred: median/p90/max 74.0/82.0/94, nonzero 396
    new field batch_live_lock_hold_us: median/p90/max 10503.5/12998.0/17869, nonzero 396
    new field batch_live_lock_wait_us: median/p90/max 0.0/0.0/0, nonzero 0
    new field batch_live_lock_waits: median/p90/max 0.0/0.0/0, nonzero 0
    new field batch_majflt: median/p90/max 0.0/0.0/0, nonzero 0
    new field batch_minflt: median/p90/max 935.0/11286.0/25054, nonzero 396
    new field batch_open_max_us: median/p90/max 375.0/502.0/3834, nonzero 396
    new field batch_open_sum_us: median/p90/max 9137.5/11756.0/14687, nonzero 396
    new field batch_threads: median/p90/max 32.0/32.0/32, nonzero 396
    new field batch_vcsw: median/p90/max 176.5/507.0/898, nonzero 396
    new field batch_view_index_wait_us: median/p90/max 0.0/22757.0/59129, nonzero 77
    new field batch_view_index_waits: median/p90/max 0.0/290.0/636, nonzero 78
    new field batch_view_slot_wait_us: median/p90/max 0.0/1794.0/9595, nonzero 85
    new field batch_view_slot_waits: median/p90/max 0.0/48.0/179, nonzero 85
    new field batch_wall_sum_us: median/p90/max 616092.0/852459.0/2432123, nonzero 396
    new field batches: median/p90/max 128.0/128.0/128, nonzero 396
    new field build_batches: median/p90/max 128.0/128.0/128, nonzero 396
    new field carried_depth: median/p90/max 1.0/1.0/1, nonzero 396
    new field exec_end_to_seal_us: median/p90/max 112.5/178.0/517, nonzero 396
    new field exec_partition_us: median/p90/max 6.0/10.0/2310, nonzero 396
    new field exec_prepared_groups: {'true': 392, 'false': 4}
    new field exec_prepared_slots: {'true': 392, 'false': 4}
    new field exec_slots_us: median/p90/max 0.0/0.0/1891, nonzero 4
    new field freeze_join_wait_us: median/p90/max 9089.5/18594.0/39786, nonzero 395
    new field freeze_late: {'true': 396}
    new field freeze_pool_own: {'true': 396}
    new field live_index_defer: {'true': 396}
    new field merge_accounts: median/p90/max 191637.5/195512.0/198362, nonzero 396
    new field merge_append_us: median/p90/max 3072.5/8462.0/18766, nonzero 396
    new field merge_early: {'false': 396}
    new field merge_join_wait_us: median/p90/max 0.0/0.0/0, nonzero 0
    new field merge_reverts: median/p90/max 191637.5/195512.0/198362, nonzero 396
    new field merge_reverts_us: median/p90/max 15718.0/22401.0/35601, nonzero 396
    new field merge_state_us: median/p90/max 41675.0/54699.0/70693, nonzero 396
    new field merge_tail_us: median/p90/max 0.0/0.0/1, nonzero 11
    new field merge_threads: median/p90/max 1.0/1.0/1, nonzero 396
    new field one_wave: {'false': 396}
    new field open_engine_us: median/p90/max 0.0/40276.0/103174, nonzero 87
    new field open_fallback: {'false': 309, 'true': 87}
    new field open_keep_us: median/p90/max 6.0/11.0/6769, nonzero 396
    new field open_kept_accounts: median/p90/max 574636.0/584588.0/589750, nonzero 396
    new field open_layers: median/p90/max 3.0/3.0/3, nonzero 396
    new field open_provider_us: median/p90/max 86.0/163.0/730, nonzero 396
    new field plan_age_us: median/p90/max 53691.0/136338.0/264367, nonzero 396
    new field plan_ahead: median/p90/max 1.0/1.0/1, nonzero 396
    new field plan_body: median/p90/max 1.0/1.0/2, nonzero 396
    new field plan_body_us: median/p90/max 17009.0/20887.0/25154, nonzero 392
    new field plan_discard: {'': 396}
    new field plan_prep_us: median/p90/max 8452.0/15998.0/35565, nonzero 396
    new field plan_topup_txs: median/p90/max 0.0/0.0/0, nonzero 0
    new field prep_from_plan: {'true': 392, 'false': 4}
    new field prev_seal_to_answer_us: median/p90/max 2349.5/4657.0/7073, nonzero 396
    new field prev_seal_to_entry_us: median/p90/max 0.0/0.0/0, nonzero 0
    new field prev_seal_to_header_us: median/p90/max 215.0/359.0/2519, nonzero 396
    new field prev_seal_to_import_us: median/p90/max 137371.5/174365.0/243622, nonzero 314
    new field prev_seal_to_request_us: median/p90/max 1116.5/82708.0/138129, nonzero 396
    new field prev_seal_to_start_us: median/p90/max 1448.5/83075.0/138477, nonzero 396
    new field pull_bulk_txs: median/p90/max 200000.0/200000.0/200000, nonzero 396
    new field pull_bulk_us: median/p90/max 6.0/10.0/1562, nonzero 396
    new field receipts_late: {'false': 396}
    new field receipts_late_wait_us: median/p90/max 0.0/0.0/19, nonzero 1
    new field rename_fallbacks: median/p90/max 0.0/0.0/0, nonzero 0
    new field rename_record_waits: median/p90/max 0.0/0.0/0, nonzero 0
    new field root_apply_gap_us: median/p90/max 10.0/13.0/20, nonzero 396
    new field root_apply_total_us: median/p90/max 22107.5/33700.0/47028, nonzero 396
    new field root_compute_us: median/p90/max 24586.0/36351.0/51844, nonzero 396
    new field root_delta_us: median/p90/max 1240.0/3144.0/12050, nonzero 396
    new field root_index_us: median/p90/max 2877.0/5764.0/13558, nonzero 396
    new field root_leaves_us: median/p90/max 7194.5/12550.0/24192, nonzero 396
    new field root_note_us: median/p90/max 144.0/235.0/1211, nonzero 396
    new field root_ops_ahead: {'true': 396}
    new field root_ops_ahead_wait_us: median/p90/max 4869.5/13474.0/28626, nonzero 396
    new field root_ops_concat_us: median/p90/max 0.0/0.0/0, nonzero 0
    new field root_ops_encode_us: median/p90/max 6673.0/12031.0/27111, nonzero 396
    new field root_ops_finish_us: median/p90/max 2420.0/3678.0/10735, nonzero 396
    new field root_ops_sort_us: median/p90/max 4118.0/9272.0/15453, nonzero 396
    new field root_ops_us: median/p90/max 7491.5/15961.0/31726, nonzero 396
    new field root_rehash_us: median/p90/max 1412.0/1912.0/14212, nonzero 396
    new field root_retire_us: median/p90/max 1642.5/3617.0/8525, nonzero 396
    new field root_sort_us: median/p90/max 239.0/695.0/5969, nonzero 396
    new field root_undo_us: median/p90/max 366.5/814.0/3828, nonzero 396
    new field root_writes_us: median/p90/max 7078.0/12993.0/27871, nonzero 396
    new field seal_hashes_ahead: {'true': 396}
    new field seal_on_counters: {'true': 396}
    new field seal_to_complete_us: median/p90/max 118575.0/141560.0/171619, nonzero 396
    new field seal_to_frozen_us: median/p90/max 9029.0/18506.0/39715, nonzero 270
    new field seal_to_merge_end_us: median/p90/max 118486.5/141449.0/171510, nonzero 396
    new field seal_to_merge_start_us: median/p90/max 54226.0/71204.0/92889, nonzero 396
    new field seal_to_ops_ahead_us: median/p90/max 23991.5/34391.0/54520, nonzero 396
    new field seal_to_shards_ready_us: median/p90/max 14579.5/22575.0/42646, nonzero 396
    new field seal_to_state_ready_us: median/p90/max 118493.5/141459.0/171524, nonzero 396
    new field sealed_unix_us: median/p90/max 1791467405030748.0/1791467417557112.0/1791467420533072, nonzero 396
    new field start_walk_check_us: median/p90/max 0.0/0.0/0, nonzero 0
    new field start_walk_ids_us: median/p90/max 0.0/0.0/0, nonzero 0
    new field start_walk_settle_us: median/p90/max 0.0/0.0/0, nonzero 0
    new field start_walk_us: median/p90/max 0.0/0.0/0, nonzero 0
    new field state_wait_us: median/p90/max 6403.5/47035.0/115624, nonzero 396
    new field view_journal_reads: median/p90/max 0.0/81920.0/155648, nonzero 167
    new field view_journal_searches: median/p90/max 0.0/212059.0/382575, nonzero 167
    new field view_journal_skips: median/p90/max 0.0/0.0/0, nonzero 0
    new field whole_take_noted: {'true': 396}
    binding wait (tick / quorum / seal share, mean cycle): tick 87% (69); quorum 12% (125); seal 1% (74); feed-bound (blocks under 95% of the tier): 1 of 395
    slowest key vote delay median/p90 19.6/77.4 ms
    engine own-import total_ms per block median/p90/max 48/77/129 (n=394)
    layer RSS 4.2 -> 24.9 G (max 24.9), in-memory blocks max 10
    execution layer cores busy 33.2    validators cores busy 20.5
    flood delivered (median per 5 s over the leg) 2,620,842/s
  window 2: canonical 393 blocks, 78.6M tx = 2,620,000/s (99.5% of window 1), full 393/393 (100%); cycle mean/median/p90 78.9/66.5/113.2 ms
    leader builds 392: sealed_at median/p90/p99 57/85/133; phases median/p90 ms: gap_before_exec 6/52, state_wait 5/51, par 57/91, par_exec 22/28, roots 37/54, parent_fields 6/28, sealed 7/30
    state_wait_on {'output': 159, 'none': 150, 'grandparent': 81, 'layer_release': 2}; builds with state_wait > 20 ms: 76 ([('grandparent', 70), ('output', 6)]); gp_layer {1.0: 392}, ggp_missing {0.0: 306, 1.0: 86}
    queue at the builds min/median 2,259,000/2,517,250
    new field batch_cpu_sum_us: median/p90/max 607450.0/765430.0/1902643, nonzero 392
    new field batch_dispatch_us: median/p90/max 217.5/345.0/3085, nonzero 392
    new field batch_first_start_us: median/p90/max 80.0/121.0/323, nonzero 392
    new field batch_ivcsw: median/p90/max 1.0/10.0/35, nonzero 247
    new field batch_last_end_us: median/p90/max 22089.0/28466.0/70668, nonzero 392
    new field batch_last_start_us: median/p90/max 17042.5/21486.0/52266, nonzero 392
    new field batch_live_deferred: median/p90/max 75.0/82.0/120, nonzero 392
    new field batch_live_lock_hold_us: median/p90/max 10925.5/13562.0/18124, nonzero 392
    new field batch_live_lock_wait_us: median/p90/max 0.0/0.0/0, nonzero 0
    new field batch_live_lock_waits: median/p90/max 0.0/0.0/0, nonzero 0
    new field batch_majflt: median/p90/max 0.0/0.0/0, nonzero 0
    new field batch_minflt: median/p90/max 1141.5/11688.0/30191, nonzero 392
    new field batch_open_max_us: median/p90/max 374.5/483.0/3685, nonzero 392
    new field batch_open_sum_us: median/p90/max 9237.0/11558.0/15761, nonzero 392
    new field batch_threads: median/p90/max 32.0/32.0/32, nonzero 392
    new field batch_vcsw: median/p90/max 178.0/512.0/882, nonzero 392
    new field batch_view_index_wait_us: median/p90/max 0.0/26508.0/60763, nonzero 85
    new field batch_view_index_waits: median/p90/max 0.0/284.0/698, nonzero 85
    new field batch_view_slot_wait_us: median/p90/max 0.0/1805.0/5805, nonzero 91
    new field batch_view_slot_waits: median/p90/max 0.0/50.0/110, nonzero 91
    new field batch_wall_sum_us: median/p90/max 617927.5/781235.0/1904641, nonzero 392
    new field batches: median/p90/max 128.0/128.0/128, nonzero 392
    new field build_batches: median/p90/max 128.0/128.0/128, nonzero 392
    new field carried_depth: median/p90/max 1.0/1.0/1, nonzero 392
    new field exec_end_to_seal_us: median/p90/max 117.5/188.0/469, nonzero 392
    new field exec_partition_us: median/p90/max 6.0/10.0/4115, nonzero 392
    new field exec_prepared_groups: {'true': 386, 'false': 6}
    new field exec_prepared_slots: {'true': 387, 'false': 5}
    new field exec_slots_us: median/p90/max 0.0/0.0/1616, nonzero 6
    new field freeze_join_wait_us: median/p90/max 8572.0/17464.0/33446, nonzero 392
    new field freeze_late: {'true': 392}
    new field freeze_pool_own: {'true': 392}
    new field live_index_defer: {'true': 392}
    new field merge_accounts: median/p90/max 192390.0/195640.0/197841, nonzero 392
    new field merge_append_us: median/p90/max 3418.0/8670.0/23332, nonzero 392
    new field merge_early: {'false': 392}
    new field merge_join_wait_us: median/p90/max 0.0/0.0/0, nonzero 0
    new field merge_reverts: median/p90/max 192390.0/195640.0/197841, nonzero 392
    new field merge_reverts_us: median/p90/max 16224.5/23782.0/39653, nonzero 392
    new field merge_state_us: median/p90/max 42674.5/54503.0/79345, nonzero 392
    new field merge_tail_us: median/p90/max 0.0/0.0/1, nonzero 8
    new field merge_threads: median/p90/max 1.0/1.0/1, nonzero 392
    new field one_wave: {'false': 392}
    new field open_engine_us: median/p90/max 0.0/40302.0/112742, nonzero 86
    new field open_fallback: {'false': 306, 'true': 86}
    new field open_keep_us: median/p90/max 6.0/13.0/6793, nonzero 392
    new field open_kept_accounts: median/p90/max 576678.0/584220.0/590872, nonzero 392
    new field open_layers: median/p90/max 3.0/3.0/3, nonzero 392
    new field open_provider_us: median/p90/max 84.0/190.0/783, nonzero 392
    new field plan_age_us: median/p90/max 55446.5/129034.0/229354, nonzero 392
    new field plan_ahead: median/p90/max 1.0/1.0/1, nonzero 392
    new field plan_body: median/p90/max 1.0/1.0/2, nonzero 392
    new field plan_body_us: median/p90/max 17793.5/21549.0/27356, nonzero 387
    new field plan_discard: {'': 392}
    new field plan_prep_us: median/p90/max 8682.5/16380.0/27288, nonzero 392
    new field plan_topup_txs: median/p90/max 0.0/0.0/0, nonzero 0
    new field prep_from_plan: {'true': 387, 'false': 5}
    new field prev_seal_to_answer_us: median/p90/max 2241.5/4695.0/7388, nonzero 392
    new field prev_seal_to_entry_us: median/p90/max 0.0/0.0/0, nonzero 0
    new field prev_seal_to_header_us: median/p90/max 222.5/358.0/1031, nonzero 391
    new field prev_seal_to_import_us: median/p90/max 141915.5/180541.0/227913, nonzero 322
    new field prev_seal_to_request_us: median/p90/max 1108.0/75260.0/146865, nonzero 392
    new field prev_seal_to_start_us: median/p90/max 1425.5/75520.0/147214, nonzero 392
    new field pull_bulk_txs: median/p90/max 200000.0/200000.0/200000, nonzero 392
    new field pull_bulk_us: median/p90/max 6.0/10.0/2004, nonzero 392
    new field receipts_late: {'false': 392}
    new field receipts_late_wait_us: median/p90/max 0.0/0.0/0, nonzero 0
    new field rename_fallbacks: median/p90/max 0.0/0.0/0, nonzero 0
    new field rename_record_waits: median/p90/max 0.0/0.0/0, nonzero 0
    new field root_apply_gap_us: median/p90/max 11.0/15.0/28, nonzero 392
    new field root_apply_total_us: median/p90/max 23987.5/35990.0/58270, nonzero 392
    new field root_compute_us: median/p90/max 26510.5/38939.0/60249, nonzero 392
    new field root_delta_us: median/p90/max 1238.0/3289.0/14167, nonzero 392
    new field root_index_us: median/p90/max 3069.0/6688.0/20613, nonzero 392
    new field root_leaves_us: median/p90/max 7360.5/12354.0/23728, nonzero 392
    new field root_note_us: median/p90/max 143.0/283.0/1835, nonzero 392
    new field root_ops_ahead: {'true': 392}
    new field root_ops_ahead_wait_us: median/p90/max 4561.0/12767.0/31236, nonzero 392
    new field root_ops_concat_us: median/p90/max 0.0/0.0/0, nonzero 0
    new field root_ops_encode_us: median/p90/max 6682.5/12145.0/25771, nonzero 392
    new field root_ops_finish_us: median/p90/max 2431.5/3795.0/12334, nonzero 392
    new field root_ops_sort_us: median/p90/max 3655.5/8686.0/16821, nonzero 392
    new field root_ops_us: median/p90/max 7134.5/16534.0/34203, nonzero 392
    new field root_rehash_us: median/p90/max 1939.0/2771.0/16738, nonzero 392
    new field root_retire_us: median/p90/max 1910.5/3792.0/7763, nonzero 392
    new field root_sort_us: median/p90/max 229.0/726.0/4659, nonzero 392
    new field root_undo_us: median/p90/max 340.0/844.0/3257, nonzero 392
    new field root_writes_us: median/p90/max 6928.5/13861.0/41132, nonzero 392
    new field seal_hashes_ahead: {'true': 392}
    new field seal_on_counters: {'true': 392}
    new field seal_to_complete_us: median/p90/max 120671.5/148384.0/192871, nonzero 392
    new field seal_to_frozen_us: median/p90/max 8537.0/17332.0/33408, nonzero 254
    new field seal_to_merge_end_us: median/p90/max 120600.0/148293.0/192751, nonzero 392
    new field seal_to_merge_start_us: median/p90/max 56205.0/76336.0/91048, nonzero 392
    new field seal_to_ops_ahead_us: median/p90/max 23104.0/33824.0/51066, nonzero 392
    new field seal_to_shards_ready_us: median/p90/max 14263.5/21963.0/37866, nonzero 392
    new field seal_to_state_ready_us: median/p90/max 120609.0/148300.0/192759, nonzero 392
    new field sealed_unix_us: median/p90/max 1791467435614951.0/1791467447326273.0/1791467450486860, nonzero 392
    new field start_walk_check_us: median/p90/max 0.0/0.0/0, nonzero 0
    new field start_walk_ids_us: median/p90/max 0.0/0.0/0, nonzero 0
    new field start_walk_settle_us: median/p90/max 0.0/0.0/0, nonzero 0
    new field start_walk_us: median/p90/max 0.0/0.0/0, nonzero 0
    new field state_wait_us: median/p90/max 5938.0/51802.0/125640, nonzero 392
    new field view_journal_reads: median/p90/max 0.0/81920.0/135168, nonzero 169
    new field view_journal_searches: median/p90/max 0.0/219244.0/363372, nonzero 169
    new field view_journal_skips: median/p90/max 0.0/0.0/0, nonzero 0
    new field whole_take_noted: {'true': 392}
    binding wait (tick / quorum / seal share, mean cycle): tick 81% (70); quorum 16% (124); seal 3% (87); feed-bound (blocks under 95% of the tier): 0 of 393
    slowest key vote delay median/p90 23.1/77.6 ms
    engine own-import total_ms per block median/p90/max 51/82/112 (n=393)
    layer RSS 24.1 -> 30.6 G (max 30.6), in-memory blocks max 10
    execution layer cores busy 33.5    validators cores busy 20.0
  window 3: canonical 390 blocks, 78.0M tx = 2,600,000/s (98.7% of window 1), full 390/390 (100%); cycle -
    leader builds 390: sealed_at median/p90/p99 61/92/152; phases median/p90 ms: gap_before_exec 6/40, state_wait 6/40, par 61/98, par_exec 23/37, roots 40/62, parent_fields 10/32, sealed 11/33
    state_wait_on {'none': 137, 'output': 169, 'grandparent': 79, 'layer_release': 3, 'open': 2}; builds with state_wait > 20 ms: 73 ([('grandparent', 64), ('output', 9)]); gp_layer {1.0: 390}, ggp_missing {0.0: 307, 1.0: 83}
    queue at the builds min/median 2,266,500/2,517,000
    new field batch_cpu_sum_us: median/p90/max 613907.0/798200.0/1772817, nonzero 390
    new field batch_dispatch_us: median/p90/max 219.0/321.0/1633, nonzero 390
    new field batch_first_start_us: median/p90/max 76.0/121.0/244, nonzero 390
    new field batch_ivcsw: median/p90/max 1.0/8.0/67, nonzero 261
    new field batch_last_end_us: median/p90/max 23339.0/37335.0/129412, nonzero 390
    new field batch_last_start_us: median/p90/max 18009.5/28543.0/75485, nonzero 390
    new field batch_live_deferred: median/p90/max 74.0/83.0/230, nonzero 390
    new field batch_live_lock_hold_us: median/p90/max 11297.0/14160.0/35849, nonzero 390
    new field batch_live_lock_wait_us: median/p90/max 0.0/0.0/0, nonzero 0
    new field batch_live_lock_waits: median/p90/max 0.0/0.0/0, nonzero 0
    new field batch_majflt: median/p90/max 0.0/86.0/13633, nonzero 56
    new field batch_minflt: median/p90/max 1299.5/12498.0/30626, nonzero 390
    new field batch_open_max_us: median/p90/max 388.5/546.0/3930, nonzero 390
    new field batch_open_sum_us: median/p90/max 9484.0/12097.0/21198, nonzero 390
    new field batch_threads: median/p90/max 32.0/32.0/32, nonzero 390
    new field batch_vcsw: median/p90/max 190.0/812.0/13870, nonzero 390
    new field batch_view_index_wait_us: median/p90/max 0.0/26760.0/1195941, nonzero 81
    new field batch_view_index_waits: median/p90/max 0.0/316.0/679, nonzero 81
    new field batch_view_slot_wait_us: median/p90/max 0.0/1735.0/113137, nonzero 96
    new field batch_view_slot_waits: median/p90/max 0.0/46.0/108, nonzero 96
    new field batch_wall_sum_us: median/p90/max 648371.0/1027042.0/2732969, nonzero 390
    new field batches: median/p90/max 128.0/128.0/128, nonzero 390
    new field build_batches: median/p90/max 128.0/128.0/128, nonzero 390
    new field carried_depth: median/p90/max 1.0/1.0/1, nonzero 390
    new field exec_end_to_seal_us: median/p90/max 113.0/176.0/594, nonzero 390
    new field exec_partition_us: median/p90/max 7.0/11.0/2633, nonzero 390
    new field exec_prepared_groups: {'true': 385, 'false': 5}
    new field exec_prepared_slots: {'true': 385, 'false': 5}
    new field exec_slots_us: median/p90/max 0.0/0.0/1814, nonzero 7
    new field freeze_join_wait_us: median/p90/max 6542.0/16541.0/35972, nonzero 390
    new field freeze_late: {'true': 390}
    new field freeze_pool_own: {'true': 390}
    new field live_index_defer: {'true': 390}
    new field merge_accounts: median/p90/max 192250.0/195275.0/198919, nonzero 390
    new field merge_append_us: median/p90/max 3766.5/11163.0/27778, nonzero 390
    new field merge_early: {'false': 390}
    new field merge_join_wait_us: median/p90/max 0.0/0.0/0, nonzero 0
    new field merge_reverts: median/p90/max 192250.0/195275.0/198919, nonzero 390
    new field merge_reverts_us: median/p90/max 16339.0/25961.0/120426, nonzero 390
    new field merge_state_us: median/p90/max 45704.5/56710.0/97574, nonzero 390
    new field merge_tail_us: median/p90/max 0.0/0.0/2, nonzero 9
    new field merge_threads: median/p90/max 1.0/1.0/1, nonzero 390
    new field one_wave: {'false': 390}
    new field open_engine_us: median/p90/max 0.0/37590.0/80526, nonzero 83
    new field open_fallback: {'false': 307, 'true': 83}
    new field open_keep_us: median/p90/max 6.0/11.0/5747, nonzero 390
    new field open_kept_accounts: median/p90/max 576151.5/584113.0/588916, nonzero 390
    new field open_layers: median/p90/max 3.0/3.0/3, nonzero 390
    new field open_provider_us: median/p90/max 90.0/174.0/1677, nonzero 390
    new field plan_age_us: median/p90/max 56195.5/122631.0/190794, nonzero 390
    new field plan_ahead: median/p90/max 1.0/1.0/1, nonzero 390
    new field plan_body: median/p90/max 1.0/1.0/2, nonzero 390
    new field plan_body_us: median/p90/max 17221.5/21131.0/25844, nonzero 385
    new field plan_discard: {'': 390}
    new field plan_prep_us: median/p90/max 8561.5/17333.0/96280, nonzero 390
    new field plan_topup_txs: median/p90/max 0.0/0.0/0, nonzero 0
    new field prep_from_plan: {'true': 385, 'false': 5}
    new field prev_seal_to_answer_us: median/p90/max 2118.5/4440.0/8261, nonzero 390
    new field prev_seal_to_entry_us: median/p90/max 0.0/0.0/0, nonzero 0
    new field prev_seal_to_header_us: median/p90/max 195.0/324.0/869, nonzero 390
    new field prev_seal_to_import_us: median/p90/max 148028.5/181006.0/286364, nonzero 346
    new field prev_seal_to_request_us: median/p90/max 1050.5/75453.0/150146, nonzero 390
    new field prev_seal_to_start_us: median/p90/max 1357.0/76024.0/150428, nonzero 390
    new field pull_bulk_txs: median/p90/max 200000.0/200000.0/200000, nonzero 390
    new field pull_bulk_us: median/p90/max 6.0/10.0/2339, nonzero 390
    new field receipts_late: {'false': 390}
    new field receipts_late_wait_us: median/p90/max 0.0/0.0/0, nonzero 0
    new field rename_fallbacks: median/p90/max 0.0/0.0/0, nonzero 0
    new field rename_record_waits: median/p90/max 0.0/0.0/0, nonzero 0
    new field root_apply_gap_us: median/p90/max 11.0/15.0/30, nonzero 390
    new field root_apply_total_us: median/p90/max 26154.0/40308.0/77015, nonzero 390
    new field root_compute_us: median/p90/max 28819.0/44407.0/82574, nonzero 390
    new field root_delta_us: median/p90/max 1246.0/2277.0/10466, nonzero 390
    new field root_index_us: median/p90/max 2999.5/6466.0/16883, nonzero 390
    new field root_leaves_us: median/p90/max 7779.5/14823.0/65118, nonzero 390
    new field root_note_us: median/p90/max 145.0/280.0/1791, nonzero 390
    new field root_ops_ahead: {'true': 390}
    new field root_ops_ahead_wait_us: median/p90/max 4505.0/14144.0/102745, nonzero 390
    new field root_ops_concat_us: median/p90/max 0.0/0.0/0, nonzero 0
    new field root_ops_encode_us: median/p90/max 6471.5/13103.0/86100, nonzero 390
    new field root_ops_finish_us: median/p90/max 2510.5/4385.0/12261, nonzero 390
    new field root_ops_sort_us: median/p90/max 3787.0/8724.0/67108, nonzero 390
    new field root_ops_us: median/p90/max 7042.0/17945.0/104630, nonzero 390
    new field root_rehash_us: median/p90/max 2453.0/4457.0/16371, nonzero 390
    new field root_retire_us: median/p90/max 2125.0/4135.0/8152, nonzero 390
    new field root_sort_us: median/p90/max 290.0/865.0/4005, nonzero 390
    new field root_undo_us: median/p90/max 402.0/1061.0/3557, nonzero 390
    new field root_writes_us: median/p90/max 7587.5/15079.0/38084, nonzero 390
    new field seal_hashes_ahead: {'true': 390}
    new field seal_on_counters: {'true': 390}
    new field seal_to_complete_us: median/p90/max 130765.0/163022.0/257715, nonzero 390
    new field seal_to_frozen_us: median/p90/max 6506.0/16515.0/35862, nonzero 237
    new field seal_to_merge_end_us: median/p90/max 130668.5/162943.0/257617, nonzero 390
    new field seal_to_merge_start_us: median/p90/max 60014.5/86629.0/159552, nonzero 390
    new field seal_to_ops_ahead_us: median/p90/max 23092.0/34918.0/116948, nonzero 390
    new field seal_to_shards_ready_us: median/p90/max 13454.5/21502.0/39207, nonzero 390
    new field seal_to_state_ready_us: median/p90/max 130675.5/162950.0/257626, nonzero 390
    new field sealed_unix_us: median/p90/max 1791467465470263.0/1791467477259003.0/1791467480468793, nonzero 390
    new field start_walk_check_us: median/p90/max 0.0/0.0/0, nonzero 0
    new field start_walk_ids_us: median/p90/max 0.0/0.0/0, nonzero 0
    new field start_walk_settle_us: median/p90/max 0.0/0.0/0, nonzero 0
    new field start_walk_us: median/p90/max 0.0/0.0/0, nonzero 0
    new field state_wait_us: median/p90/max 6286.5/40380.0/90019, nonzero 390
    new field view_journal_reads: median/p90/max 0.0/77824.0/147456, nonzero 180
    new field view_journal_searches: median/p90/max 0.0/207072.0/474277, nonzero 180
    new field view_journal_skips: median/p90/max 0.0/0.0/0, nonzero 0
    new field whole_take_noted: {'true': 390}
    engine own-import total_ms per block median/p90/max 51/78/114 (n=390)
    layer RSS 30.5 -> 36.4 G (max 37.9), in-memory blocks max 10
    execution layer cores busy 32.9    validators cores busy 19.3
  round total (3 windows, canonical): 235.6M tx
  layer peak RSS 37.9 G; in-memory blocks max 10
  fields at seal: mode "early", verified 0, unchecked 0, mismatches 0 (last build line, cumulative)
  own_executed_again (built here and also directly imported): 0 of 1223 built blocks
== loop349K99D
  layer-0 leader window-1 builds 396: txs mean 200000, share >= 95% of the tier 100% (max 200000); sealed_at_ms 55.0/84.0; par_ms 56.0/90.0; par_exec_ms 22.0/32.0; roots_ms 35.0/50.0; parent_fields_ms 3.5/26.0; sealed_ms 5.0/27.0
  proposal cycle window 1 (n=410): mean 75.6 median 63.1 p90 111.6 ms; blocks in the 30 s: 410
  binding wait (tick / quorum / seal, share and mean cycle): tick 87.3% (69.5); quorum 11.9% (124.6); seal 0.8% (73.9)
  vote delay after the proposal, slowest key per block: median 19.6 p90 77.4 ms (slowest minus the median key: median 0.4); last key: {1: 87, 2: 67, 3: 64, 4: 69, 5: 56, 6: 52} of 395 blocks
  CPU in window 1 (cores busy): execution layers 33.2 over 1 process(es); validators 20.5 over 99 process(es)
  execution layer peak RSS 37.9 G; in-memory blocks max 10 (node0 and others, all layers)
  blocks built here 1223; none also directly imported
  import-once counters at the last direct import: ; start-up lines with import_once=true: 1; queue-lock lines 0
  layer-0 queue (queued after canonical prune), median per 10 s: t+0:2512000 t+20:2519000 t+40:2493750 t+60:2510250 t+80:2519250
  flood: median per 5 s 2620842/s, final -
  timeout / given-up lines: 0; 
loop349K99D page_faults_per_s_median: node0=177915 
feedcheck loop349K99D: ok (block 200,000 tx)
== loop349K99D: feed check (acq_us / gate_us / reply_us are per frame of 500; rate per 5 s `ingest` line)
  window 1: ingest lines 6; acq_us 508 (max 1722); gate_us 8588; reply_us 9229; slots_busy 11%; delivered median 2,667,560/s max 2,759,992/s; queue at builds median 2,514,000 min 1,019,500; full 100% of 395 blocks
  window 2: ingest lines 6; acq_us 506 (max 556); gate_us 8613; reply_us 9248; slots_busy 11%; delivered median 2,630,832/s max 2,753,354/s; queue at builds median 2,517,250 min 2,259,000; full 100% of 393 blocks
  window 3: ingest lines 6; acq_us 544 (max 581); gate_us 8806; reply_us 9480; slots_busy 12%; delivered median 2,608,442/s max 2,759,022/s; queue at builds median 2,517,000 min 2,266,500; full 100% of 390 blocks
  flood.log (+15..+100 s): rate per 5 s median 2,595,568/s max 2,779,937/s; reply latency median 73.4 ms max 80.4 ms
== loop349K99D: lanes lock, drain and pruner (new fields)
  window 1: lock duty 54.5% (max 59.0); holds/5s 1,966; longest hold 27.80 ms median, 49.74 ms max by crates/n42/tx-queue/src/lib.rs:2046 (most frequent holders [('crates/n42/tx-queue/src/lib.rs:2046', 5), ('crates/n42/tx-queue/src/lib.rs:1766', 1)]); lock wait 2153.8 ms/5s, longest 44.77 ms; drains/5s 942 of 14068 tx, mean 1386 us, max 32.90 ms
           prune (338 blocks): prune_ms 39/74; fold 0.9 ms, lock 0.0 ms, remove(hold) 9.6 ms, free 0.0 ms; frames_swept 400; coalesced on 338 of 338; prune_wait_ms 0/0; pruner busy 48% of a thread, lock held by it 1.4%
  window 2: lock duty 56.5% (max 59.0); holds/5s 1,857; longest hold 29.99 ms median, 37.36 ms max by crates/n42/tx-queue/src/lib.rs:2046 (most frequent holders [('crates/n42/tx-queue/src/lib.rs:2046', 4), ('crates/n42/tx-queue/src/lib.rs:1766', 1)]); lock wait 2391.4 ms/5s, longest 37.39 ms; drains/5s 850 of 15489 tx, mean 1583 us, max 19.77 ms
           prune (350 blocks): prune_ms 39/74; fold 0.9 ms, lock 0.0 ms, remove(hold) 9.9 ms, free 0.0 ms; frames_swept 400; coalesced on 350 of 350; prune_wait_ms 0/0; pruner busy 50% of a thread, lock held by it 1.5%
  window 3: lock duty 59.5% (max 60.0); holds/5s 1,910; longest hold 34.53 ms median, 96.28 ms max by crates/n42/tx-queue/src/lib.rs:2692 (most frequent holders [('crates/n42/tx-queue/src/lib.rs:2046', 4), ('crates/n42/tx-queue/src/lib.rs:2692', 2)]); lock wait 2746.2 ms/5s, longest 85.30 ms; drains/5s 919 of 14234 tx, mean 1540 us, max 26.91 ms
           prune (358 blocks): prune_ms 38/72; fold 0.8 ms, lock 0.0 ms, remove(hold) 10.3 ms, free 0.0 ms; frames_swept 400; coalesced on 358 of 358; prune_wait_ms 0/0; pruner busy 51% of a thread, lock held by it 1.7%
== loop349K99D: pruner (per block; busy = sum prune_ms / 30 s, lock = sum (remove_us + settle_us) / 30 s)
  window 1: 338 prunes; prune_ms 39/74; remove_us 9.6/22.4 ms; forget_us 3.7/7.8 ms; settle_us 4.1 ms; pruner busy 48% of a worker; lanes lock held for removal 20%
  window 2: 350 prunes; prune_ms 39/74; remove_us 9.9/23.5 ms; forget_us 3.6/7.0 ms; settle_us 4.1 ms; pruner busy 50% of a worker; lanes lock held for removal 21%
  window 3: 358 prunes; prune_ms 38/72; remove_us 10.3/23.6 ms; forget_us 3.4/6.1 ms; settle_us 4.1 ms; pruner busy 51% of a worker; lanes lock held for removal 21%
== loop349K99D: seal start / pull, prepared plan, answer, chunked drain
  window 1: 396 builds; start_best_ms 3/16; start_walk_us 0/0; start_pull_ms 0/0; par_pull_ms 0/0; par_start_ms 3/16; par_ms 56/90; sealed_at_ms 55/84; pull_bulk_us 6/10; pull_bulk_txs 200000/200000; plan_age_us 53691/136338; plan_prep_us 8452/15998; plan_topup_txs 0/0
           plan_ahead {'1': 396}; plan_discard {'': 396}
           answer: built-ahead bytes median/max 15,242/15,245, layout_only {'true': 394}; proposal sent bytes median/max 15,242/15,245, layout_only {'true': 395}
           drain: chunks/5s 816, chunk max 8,192 tx, finished by others/5s 45; plan_discards (last ingest line) -
  window 2: 392 builds; start_best_ms 4/17; start_walk_us 0/0; start_pull_ms 0/0; par_pull_ms 0/0; par_start_ms 4/18; par_ms 57/91; sealed_at_ms 57/85; pull_bulk_us 6/10; pull_bulk_txs 200000/200000; plan_age_us 55446/129034; plan_prep_us 8682/16380; plan_topup_txs 0/0
           plan_ahead {'1': 392}; plan_discard {'': 392}
           answer: built-ahead bytes median/max 15,245/15,245, layout_only {'true': 393}; proposal sent bytes median/max 15,245/15,245, layout_only {'true': 392}
           drain: chunks/5s 732, chunk max 8,192 tx, finished by others/5s 45; plan_discards (last ingest line) -
  window 3: 390 builds; start_best_ms 4/18; start_walk_us 0/0; start_pull_ms 0/0; par_pull_ms 0/0; par_start_ms 4/18; par_ms 61/98; sealed_at_ms 61/92; pull_bulk_us 6/10; pull_bulk_txs 200000/200000; plan_age_us 56196/122631; plan_prep_us 8562/17333; plan_topup_txs 0/0
           plan_ahead {'1': 390}; plan_discard {'': 390}
           answer: built-ahead bytes median/max 15,245/15,245, layout_only {'true': 390}; proposal sent bytes median/max 15,245/15,245, layout_only {'true': 391}
           drain: chunks/5s 802, chunk max 8,192 tx, finished by others/5s 46; plan_discards (last ingest line) -
== loop349K99D: persistence per window (ms per block = part sum / blocks persisted)
  window 1: persisted 393 of 395 produced (99%); total 34.7, sf_tx 31.0, sf_rcpt 7.5, sf_acct 14.9, sf_send 12.4, scope 31.2, qmdb 16.3, post 0.0, pre 3.4, plain_rev 3.4, commit_sf 0.8, commit_mdbx 0.1, commit_rocks 0.1; longest task sf_tx 31.0; in-memory 7 -> 10 (max 10); RSS 4.2 -> 24.1 G; lag 8 -> 9 = +1.0 blocks/min; bp max 0
  window 2: persisted 391 of 393 produced (99%); total 36.6, sf_tx 33.0, sf_rcpt 7.6, sf_acct 15.4, sf_send 12.9, scope 33.2, qmdb 18.0, post 0.0, pre 3.5, plain_rev 3.4, commit_sf 1.2, commit_mdbx 0.1, commit_rocks 0.1; longest task sf_tx 33.0; in-memory 10 -> 9 (max 10); RSS 24.1 -> 30.5 G; lag 9 -> 8 = -2.0 blocks/min; bp max 0
  window 3: persisted 391 of 390 produced (100%); total 41.8, sf_tx 35.6, sf_rcpt 7.6, sf_acct 15.8, sf_send 12.0, scope 38.2, qmdb 23.0, post 0.0, pre 3.6, plain_rev 3.6, commit_sf 0.9, commit_mdbx 0.1, commit_rocks 0.1; longest task sf_tx 35.6; in-memory 9 -> 10 (max 10); RSS 30.5 -> 36.9 G; lag 8 -> 9 = +2.0 blocks/min; bp max 0
  leg end: in-memory 7, max over the sampler 10, backpressure stalls 0
== loop349K99D: execution and root fields (median / p90 per block); over 1223 full builds: rename_fallbacks total 0, rename_record_waits total 0, carried_depth values ['1']
    folded lines 395: pending_max max 89 (median 74); pending_us_max max 26,134; drops_max max 39650
    flags: seal_on_counters true:396; freeze_pool_own true:396; plan_body 1:392/2:4; prep_from_plan false:4/true:392; plan_ahead 1:396; seal per 1,000 transfers 0.275 ms
  window 1 (396 builds): on-CPU share 1.00/1.00; CPU per transfer 3.03/4.25 us; sealed_at_ms 55/84; par_exec_ms 22/32; par_fold_ms 9/18; index_ms 15/22; par_start_ms 3/16; gap_before_exec_ms 6/47; state_wait_us 6,404/47,035; parent_fields_ms 4/26; roots_ms 35/50; seal_to_fields_us 54,055/70,960; seal_to_complete_us 118,575/141,560; rename_fallbacks 0/0; rename_record_waits 0/0; carried_depth 1/1; plan_body_us 17,009/20,887; batch_max_ms 9/17; tx_root_ms 1/2; sealed_ms 5/27
    folded lines 393: pending_max max 90 (median 74); pending_us_max max 29,570; drops_max max 34417
    flags: seal_on_counters true:392; freeze_pool_own true:392; plan_body 1:387/2:5; prep_from_plan false:5/true:387; plan_ahead 1:392; seal per 1,000 transfers 0.285 ms
  window 2 (392 builds): on-CPU share 1.00/1.00; CPU per transfer 3.04/3.83 us; sealed_at_ms 57/85; par_exec_ms 22/28; par_fold_ms 8/17; index_ms 15/22; par_start_ms 4/18; gap_before_exec_ms 6/52; state_wait_us 5,938/51,802; parent_fields_ms 6/28; roots_ms 37/54; seal_to_fields_us 56,086/76,188; seal_to_complete_us 120,672/148,384; rename_fallbacks 0/0; rename_record_waits 0/0; carried_depth 1/1; plan_body_us 17,794/21,549; batch_max_ms 9/13; tx_root_ms 1/2; sealed_ms 7/30
    folded lines 390: pending_max max 88 (median 72); pending_us_max max 27,478; drops_max max 33509
    flags: seal_on_counters true:390; freeze_pool_own true:390; plan_body 1:385/2:5; prep_from_plan false:5/true:385; plan_ahead 1:390; seal per 1,000 transfers 0.305 ms
  window 3 (390 builds): on-CPU share 1.00/1.00; CPU per transfer 3.07/3.99 us; sealed_at_ms 61/92; par_exec_ms 23/37; par_fold_ms 8/16; index_ms 15/23; par_start_ms 4/18; gap_before_exec_ms 6/40; state_wait_us 6,286/40,380; parent_fields_ms 10/32; roots_ms 40/62; seal_to_fields_us 59,820/86,388; seal_to_complete_us 130,765/163,022; rename_fallbacks 0/0; rename_record_waits 0/0; carried_depth 1/1; plan_body_us 17,222/21,131; batch_max_ms 9/26; tx_root_ms 1/2; sealed_ms 11/33
== loop349K99D: 4174 proposals; proposal -> quorum (leader's commit) median 31.6 / p90 69.3 / max 215.6 ms; proposal interval median 61.4 / p90 75.6 ms; TC formed lines 0; leader views timed out 0; ParentUnknown lines 0
   handover at view 1024: proposal intervals (view, ms) [(1023, 114), (1024, 97), (1025, 71), (1026, 61), (1027, 130)] against the median 61 ms
   handover at view 2048: proposal intervals (view, ms) [(2047, 61), (2048, 61), (2049, 61), (2050, 61), (2051, 61)] against the median 61 ms
   handover at view 3072: proposal intervals (view, ms) [(3071, 61), (3072, 62), (3073, 62), (3074, 61), (3075, 62)] against the median 61 ms
   handover at view 4096: proposal intervals (view, ms) [(4095, 62), (4096, 62), (4097, 62), (4098, 62), (4099, 62)] against the median 61 ms
     block 1026 (view 1025): sealed_at_ms 45, gap_before_exec_ms 1, parent_fields_ms 10, rename_fallbacks 0, rename_record_waits 0, carried_depth 1
     block 1027 (view 1026): sealed_at_ms 48, gap_before_exec_ms 7, parent_fields_ms 14, rename_fallbacks 0, rename_record_waits 0, carried_depth 1
     block 1028 (view 1027): sealed_at_ms 86, gap_before_exec_ms 67, parent_fields_ms 0, rename_fallbacks 0, rename_record_waits 0, carried_depth 1
flood span 95 s; tokio-rt threads alive throughout 34 of 73; group 9.6 cores busy over them (all threads incl. short-lived 12.3)
  per-thread cores busy, top 12: 0.71 0.59 0.59 0.57 0.56 0.56 0.55 0.55 0.55 0.55 0.55 0.55; threads over 0.9 core: 0, over 0.7: 1
== loop349K99D: 1178 full builds in the 3 windows
  par_exec_ms 22/31; par_run_ms 31/71; batch_start_skew_ms 17/22; batch_median_ms 4/5; batch_max_ms 9/19; batch_first_start_us 78/121; batch_last_start_us 17401/22861; batch_dispatch_us 216/324; batch_last_end_us 22587/31830; batches 128/128; batch_threads 32/32; batch_txs_max 2000/2000; batch_txs_min 1500/1500; start_walk_ms 0/0; start_walk_check_ms 0/0; par_start_ms 4/17; sealed_at_ms 57/87; prev_seal_to_answer_us 2229/4643; prev_seal_to_entry_us 0/0; prev_seal_to_header_us 212/349; prev_seal_to_import_us 142166/179023; prev_seal_to_request_us 1087/78581; prev_seal_to_start_us 1404/79278; start_walk_check_us 0/0; start_walk_ids_us 0/0; start_walk_settle_us 0/0; start_walk_us 0/0
  one_wave {'false': 1178}
  batches == batch_threads on 0 of 1178 builds
  last - first batch start (ms) median/p90 17.32/22.82; under 2 ms on 0 of 1178 builds
bodygate loop349K99D: invalid_blocks=0 gas_mismatch=0 fields_mismatches=0 own_not_committed=0 proposals_given_up=0
leg loop349K99Q64: /data free 504G (needs 120 G)
load 63.44 at 09:54:45, waiting
load 38.45 at 09:55:15, waiting
load 23.30 at 09:55:45, waiting
load 14.12 at 09:56:15, waiting
plan loop349K99Q64: exit 0 (99 validators, 1 layer(s)): # validators 99, execution layers 1, 128 CPUs a layer, import-once 1, shared 1; # validators : 96 CPUs set aside, taskset -c 64-111,192-239; # fleet    : 99 nodes, quorum 67 of 99 (f = 32); 0 refusals
leg loop349K99Q64 start 09:56:46 load 8.61
round loop349K99Q64 exit 0 at 09:59:53
loop349K99Q64 save stages (node0, seconds summed over the leg / count): batch_size=1414.0/466  batch_size=1414.0/466  reth_consensus_engine_beacon_persistence_duration=50.3/466  duration_seconds=46.1/466  total=40.8/466  scope=36.7/466  sf=36.6/466  sf_transactions=36.1/466  qmdb_persisted=18.5/466  sf_account_changesets=17.6/466
el binary: /data/n42-build/target-n42-rs/native/release/n42 env: N42_IMPORT_ONCE=1 N42_SETTLEMENT_TAGS=legacy N42_BUILD_THROTTLE_SOFT=48 F7_EL_MAP=0,0,0,0,0,0,0,0,0,0,0,0,0,0,0,0,0,0,0,0,0,0,0,0,0,0,0,0,0,0,0,0,0,0,0,0,0,0,0,0,0,0,0,0,0,0,0,0,0,0,0,0,0,0,0,0,0,0,0,0,0,0,0,0,0,0,0,0,0,0,0,0,0,0,0,0,0,0,0,0,0,0,0,0,0,0,0,0,0,0,0,0,0,0,0,0,0,0,0 N42_FIELDS_AT_SEAL=1 N42_FREEZE_AFTER_SEAL=1 N42_FRAME_BLOCKS=1 N42_TX_INGEST_RECOVER_PARALLEL=24 N42_FREEZE_POOL=own N42_PARALLEL_BUILD_THREADS=32 N42_PLAN_AHEAD=1 N42_HASHED_TABLES=off F7_FLOOD_RATE=6000000 N42_COMPACT_BODY=1 N42_BUILD_BATCHES=128 MALLOC_CONF=thp:always,oversize_threshold:0,dirty_decay_ms:2000,background_thread:true N42_SEAL_ON_COUNTERS=1 N42_ACCOUNT_HISTORY=off N42_TAKE_COMPACT=1 N42_SF_EARLY_WRITEBACK=1 F7_VAL_NO_MALLOC_CONF=1 N42_ROAD_RUNTIME=1 N42_TX_INGEST_HIGH_WATER=2500000 F7_BENCH_POOL_SLOTS=3000000 N42_PLAN_AHEAD_BODY=1 N42_SEAL_AT_EXEC=1 N42_TX_QUEUE_DRAIN_CHUNK=8192 N42_ANSWER_LAYOUT_ONLY=1 N42_PULL_BY_FRAMES=1 N42_SF_PARALLEL_ENCODE=1 N42_BUILD_THROTTLE_HARD=80 N42_LIVE_INDEX_DEFER=1 RAYON_NUM_THREADS=16 F7_VAL_CPUS=96 N42_ROOT_OPS_AHEAD=1 TOKIO_WORKER_THREADS=16 N42_QMDB_READS=on N42_LEADER_LAYERS=3 N42_PERSIST_QMDB_IN_SCOPE=1 F7_BLOCK_INTERVAL_MS=60 F7_MEASURE_FROM_LOG=1
validator env: N42_IMPORT_ONCE=1 N42_SETTLEMENT_TAGS=legacy N42_BUILD_THROTTLE_SOFT=48 F7_EL_MAP=0,0,0,0,0,0,0,0,0,0,0,0,0,0,0,0,0,0,0,0,0,0,0,0,0,0,0,0,0,0,0,0,0,0,0,0,0,0,0,0,0,0,0,0,0,0,0,0,0,0,0,0,0,0,0,0,0,0,0,0,0,0,0,0,0,0,0,0,0,0,0,0,0,0,0,0,0,0,0,0,0,0,0,0,0,0,0,0,0,0,0,0,0,0,0,0,0,0,0 N42_FIELDS_AT_SEAL=1 N42_FREEZE_AFTER_SEAL=1 N42_FRAME_BLOCKS=1 N42_TX_INGEST_RECOVER_PARALLEL=24 N42_FREEZE_POOL=own N42_PARALLEL_BUILD_THREADS=32 N42_PLAN_AHEAD=1 N42_HASHED_TABLES=off F7_FLOOD_RATE=6000000 N42_COMPACT_BODY=1 N42_BUILD_BATCHES=128 N42_SEAL_ON_COUNTERS=1 N42_ACCOUNT_HISTORY=off N42_TAKE_COMPACT=1 N42_SF_EARLY_WRITEBACK=1 N42_ROAD_RUNTIME=1 N42_TX_INGEST_HIGH_WATER=2500000 F7_BENCH_POOL_SLOTS=3000000 N42_PLAN_AHEAD_BODY=1 N42_SEAL_AT_EXEC=1 N42_TX_QUEUE_DRAIN_CHUNK=8192 N42_ANSWER_LAYOUT_ONLY=1 N42_PULL_BY_FRAMES=1 N42_SF_PARALLEL_ENCODE=1 N42_BUILD_THROTTLE_HARD=80 N42_LIVE_INDEX_DEFER=1 RAYON_NUM_THREADS=16 F7_VAL_CPUS=96 N42_ROOT_OPS_AHEAD=1 TOKIO_WORKER_THREADS=16 N42_QMDB_READS=on N42_LEADER_LAYERS=3 N42_PERSIST_QMDB_IN_SCOPE=1 F7_MEASURE_FROM_LOG=1
loop349K99Q64 once: start-up lines import_once=true 1; last direct-import counters 
loop349K99Q64 imports: layers=1 direct_imports=0 canonical_blocks=3004 import_once_lines=1 (per layer: direct imports should equal canonical blocks for one execution per block)
grep: /data/blockchain/rust-fleet7-bench/node1/el.log: No such file or directory
grep: /data/blockchain/rust-fleet7-bench/node2/el.log: No such file or directory
grep: /data/blockchain/rust-fleet7-bench/node3/el.log: No such file or directory
grep: /data/blockchain/rust-fleet7-bench/node1/el.log: No such file or directory
grep: /data/blockchain/rust-fleet7-bench/node2/el.log: No such file or directory
grep: /data/blockchain/rust-fleet7-bench/node3/el.log: No such file or directory
cat: /data/blockchain/rust-fleet7-bench/node2/el.log: No such file or directory
cat: /data/blockchain/rust-fleet7-bench/node2/el.log: No such file or directory
cat: /data/blockchain/rust-fleet7-bench/node2/el.log: No such file or directory
cat: /data/blockchain/rust-fleet7-bench/node1/el.log: No such file or directory
cat: /data/blockchain/rust-fleet7-bench/node2/el.log: No such file or directory
cat: /data/blockchain/rust-fleet7-bench/node3/el.log: No such file or directory
Traceback (most recent call last):
  File [35m"<stdin>"[0m, line [35m4[0m, in [35m<module>[0m
[1;35mIndexError[0m: [35mlist index out of range[0m
loop349K99Q64 no_variant=0 own_not_committed=0 tc=0 invalid_blocks=0 incomplete=0 gas_mismatch=0 direct_imports_failed=0 stuck_at_hashed_state=0 engine_idles_over_5s=1 proposals_given_up=0 tables_off_nodes=1 unanswered_reads=0 seal_first_total=995 seal_first_direct=995 direct_guard_errors=0 commit_ms_median=0 fold_ms_median=10 sealed_at_ms_median=56 state_ready_ms_median=123 build_total_ms_median=203 recover_us_median=0 par_exec_ms_median=25 par_exec_ms_median=25 giveback_filtered=0 giveback_offered_max=0 seal_first=995 reader_lag_max=9 reader_lag_warns=0 view_invalidated=0 el_sum_peak_g=32.3 el_max_peak_g=32.3 val_sum_peak_g=19.5 flood_peak_g=0.6 two_roads_blocks=0 two_roads_overlap_ms_median=- exec_on_output_declined=0 r1_collect_ms_median=32 proposal_at_ms_median=15 view_total_ms_median=80 import_exec_ms_median=- import_total_ms_median=- import_senders_ms_median=- import_convert_ms_median=- import_groups_median=- imports_over_600ms=0 min_avail_g=57.7 road_foreign_body_recv_ms=- road_foreign_body_decode_ms=- road_foreign_body_senders_ms=- road_foreign_body_parent_wait_ms=- road_foreign_body_check_ms=- road_foreign_body_total_ms=- road_new_payload_recv_ms=- road_new_payload_decode_ms=- road_new_payload_senders_ms=- road_new_payload_parent_wait_ms=- road_new_payload_check_ms=- road_new_payload_total_ms=- road_foreign_body_blocks=0 road_new_payload_blocks=0 fcu_answered=1389 fcu_in_flight_ms_median=0 fcu_queued_ms_median=0 fcu_queued_ms_max=150 fcu_refused=0 fcu_slow=1399 bodies_held=0 road_reuse_ms=- road_prepare_ms=- road_dispatch_ms=- road_convert_ms=- road_remember_ms=- road_header_ms=- road_fields_ms=- road_other_ms=- import_engine_ms_median=- gate_forced=0 gate_warns=0 flood_timeouts=0 canonical_min=3099 canonical_max=3099 chained_builds=1715 chain_lead_ms_median=72 chain_wait_ms_median=0 chain_started=1716 chain_discarded=1 chain_discard_reasons=_1_reason="no_,_1_reason="the_execution_layer_produced_nothing chain_alias_warns=0 el_chained=1737 bodies_held_warns=0 el_build_refused=1 el_build_refused_reasons=_1_no_QMDB_tree_for_parent_block_0x queued_p5=2317000 queued_p50=2518500 road_compact_blocks=0 road_compact_recv_ms=- road_compact_assemble_ms=- road_compact_root_ms=- road_compact_miss_wait_ms=- road_compact_senders_ms=- road_compact_check_ms=- road_compact_other_ms=- road_compact_total_ms=- road_compact_misses_total= compact_refused_el=0 compact_fallbacks=0 compact_bytes_median=- pool_order9=13666 par_pull_ms_median=0 build_total_ms_median2=60 road_compact_filled_blocks=0 road_compact_filled_median=- road_compact_fill_ms_median=- need_txns=0 fill_failed=0 ingest_rate_gate_open_median=- ingest_gate_open_intervals=0 ingest_slots_busy_median=- flood_rate= fill_asked_proposer=0 fill_asked_other=0 loop_lines=9 loop_unnamed_ms_median=601 loop_body_served_ms_median=- loop_txns_served_ms_median=- import_exec_ms_median2=- pip_partition_ms=- pip_env_ms=- pip_batch_ms=- pip_groups_ms=- pip_gas_ms=- pip_merge_ms=- pip_receipts_ms=- pip_drop_ms=- pip_other_ms=- pip_total_ms=- senders_indexed_median=- road_senders_ms_median=- road_total_ms_median=- pew_ms_median=- pew_ms_p90= gate_ms_median=- gate_ms_p90= root_ms_p50=- root_ms_p90= two_roads=0 not_on_output=0 not_on_output_why= ckpt_ms_first_q=2 ckpt_ms_last_q=40 ckpt_bytes_last=23620724 parent_still_importing=0 root_wait_ms_p50=- root_wait_ms_p90= tenures_low_seal=16 seal_first_share=0.99 empty_over_deep=0 near_empty_warns=0 no_seal_why= par_skipped_median=- usable_p5=2316000 ckpt_replay_ms_last_q=13 candidates_zero=0 dropped_ingest=0 let_go_warns=0 let_go_reasons= parked_p50=0 parked_max=0 held_warns=0 park_capped_total=0 superseded_builds=0 empty_not_superseded=0 mass_park_warns=0 heads_lines=0 holes_lines=0 stale_parent_refusals=0 par_groups_p5=0 cancelled_decided=1 heads_nonce0=0 stale_unconfirmed= handovers=0 el_panics=0 decided_cancelled=1 min_window_blocks=316 road_desc_blocks=0 road_desc_total_ms=- road_desc_copy_ms=- desc_misses=0 fill_failed2=0 sf_par_collect_ms=0 sf_par_commit_ms=0 sf_par_fold_ms=10 sf_par_graft_ms=0 sf_par_prefault_ms=0 sf_par_exec_ms=25 sf_sealed_at_ms=57 sf_roots_ms=40 sf_state_ready_ms=123 sf_total_ms=203 ba_find_ms=0 ba_queue_ms=0 ba_total_ms=60 ba_on_output=994 queue_fold_us=0 queue_lock_us=2 sf_par_exec_ms=25 sf_par_fold_ms=10 pip_groups_ms=- import_exec_ms_median2=- reads_d0=0 reads_hist=0 f_reads_d0=- f_reads_hist=- f_overlay_depth=- L_read_set_ms=0 read_set_accounts=0 read_set_unresolved=0 read_set_hits=0 read_set_misses=0 start_best_ms=- par_prep_ms=- gap_before_exec_ms=- gap_after_exec_ms=- gap_before_seal_ms=- index_ms=- road_copy_aside_ms=- road_copy_wait_ms=- road_total_ms=- queue_first_miss=queue_first_miss=0:1999,queue_first_miss=18446744073709551615:1005 root_append_behind=0 populate_lag_mb=0 swap_used_g=0 root_faults=- root_faults_p90= root_faults_entries=0 root_faults_offsets=0 root_faults_index=0 root_faults_bits=0 root_faults_twigs=0 root_faults_undo=2 root_faults_tmp=0 root_append_faults=3 root_twig_pool_misses=0 batch_max_ms=10 batch_min_ms=3 batch_median_ms=5 batch_cpu_max_ms=9 batch_txs_max=2000 batch_txs_min=1500 batch_start_skew_ms=19 batch_wait_ms=0 loop_fetch_ns=0 loop_check_ns=0 loop_transfer_ns=0 loop_receipt_ns=0 loop_gas_ns=0 loop_sink_ns=0 loop_other_ns=0 batch_setup_ns=0 batch_close_ns=0 imp_exec_part_ms=- imp_exec_batches_ms=- imp_exec_graft_ms=- imp_exec_batches=- imp_exec_threads=- imp_exec_batch_max_ms=- imp_exec_batch_median_ms=- imp_parent_output_wait_ms=- road_parent_output_wait_ms=- next_start_gap_ms=3 next_entry_gap_ms=0 commit_body_ahead_used=- imp_exec_keys_ms=- imp_keys_ahead=- imp_exec_sink_ms=- imp_exec_pre_ms=- imp_exec_post_ms=- imp_exec_receipts_ms=- imp_exec_drop_ms=- root_gap_ms=- queue_whole=queue_whole=false:1999,queue_whole=true:1005 tick_tick_late_us=0 tick_preamble_us=466 tick_take_sealed_us=5 tick_sign_us=2 tick_cache_us=0 tick_presealed=- tick_describe_us=51 tick_publish_us=988 tick_tick_to_send_us=1559 road_check_ms=- road_check_include_us=- road_check_scan_us=- road_check_fold_us=- road_check_senders_us=- road_check_frames_summarized=- road_check_frames_scanned=- imp_exec_start_gap_us=- imp_gap_road_us=- imp_gap_header_us=- imp_gap_senders_us=- imp_gap_parent_us=- imp_gap_setup_us=- imp_gap_keys_wait_us=- sealed_at_p90= sealed_over_130=0 roots_ms=- cycle_p90= batch_max_ms=- batch_median_ms=- imp_batch_max=- forest_lock_warns=1317 root_seal_ms=1 root_seals=27 root_majflt=2 roots_p90= gp_layer=1003 ggp_missing=24 state_wait_split=0/0/0/0:565,10/0/0/0:42,7/0/0/0:37 qmdb_releases=0 state_wait_on= imp_road_end_ms=- imp_exec_start_ms=- imp_exec_end_ms=- imp_root_end_ms=- imp_fields_ready_ms=- imp_parent_fields_wait_ms=- imp_exec_ms=- imp_root_ms=- imp_checks_ms=- imp_engine_ms=- imp_total_ms=- road_parent_fields_wait_ms=- exec_read_ms=0 L_exec_evm_ms=0 L_exec_write_ms=0 L_exec_other_ms=0 L_reads_cache=0 L_reads_provider=0 L_reads_view=0 L_graft_base_ms=0 L_graft_reserve_ms=0 L_graft_insert_ms=0 L_graft_reverts_ms=0 L_graft_other_ms=0 L_par_exec_ms=25 L_par_graft_ms=0 F_exec_read_ms=- F_exec_evm_ms=- F_exec_write_ms=- F_exec_other_ms=- F_reads_cache=- F_reads_provider=- F_reads_view=- F_groups_ms=- L_tx_root_wait_ms=0 L_par_exec_ms=25 L_par_graft_ms=0 L_par_fold_ms=10 L_sealed_ms=11 L_state_ready_ms=123 L_roots_ms=40 L_finish_ms=130 L_total_ms=203 L_setup_ms=0 L_par_pull_ms=0 L_give_back_ms=0 L_state_wait_ms=0 L_state_after_pull=995 L_seal_at_exec=995 L_tx_root_ahead=0 flood_w1=2117637 txs_p10=200000 acq_us=538 slots_busy=10 ingest_rate=2158479 L_scope_join_ms=0 L_par_release_ms=0 L_commit_body_ms=0 L_par_commit_ms=0 L_give_back_ms=0 L_sealed_ms=11 L_par_exec_ms=25 L_state_wait_ms=0 L_par_pull_ms=0 L_par_prep_ms=0 L_par_start_ms=5 L_pre_exec_ms=0 L_par_run_ms=29 L_sealed_at_ms=57 F_partition_ms=- F_env_ms=- F_groups_ms=- F_merge_ms=- F_reverts_wait_ms=- F_ahead_wait_ms=- F_total_ms=- I_engine_ms=- I_root_ms=- I_total_ms=- H_engine_remember_ms=- H_engine_listing_ms=- H_engine_new_payload_ms=- busy_us=1 L_par_start_ms=5 L_start_handoff_ms=0 L_start_best_ms=5 L_start_puller_ms=0 L_par_pull_ms=0 L_par_prep_ms=0 L_state_wait_ms=0 L_par_exec_ms=25 L_par_commit_ms=0 L_sealed_ms=11 L_sealed_at_ms=57 L_par_graft_ms=0 L_graft_insert_ms=0 L_graft_reverts_ms=0 L_graft_split_us=0 L_graft_build_us=0 L_graft_merge_us=0 L_state_ready_ms=123 Q_queue_ms=0 R_dispatch_wait_ms=- R_total_ms=- R_road_runtime=1 gate_holds=0 peer_fetch=0 pool_limit=limit=4 gate_opened=gate_opened_for_block=0 I_root_ms=- flood_rate_hdr=rate=6000000/s fills=0 fill_waited=- slots_busy=10 acq_us=538 busy_us=1 converged=0 fallbacks=0 busy_us=1 recover_us=0 tf_on_output=2 tf_fallback=0 still_importing=0 busy_us=1 slots_busy=10 batches=altsig_txs=0 altsig_batches=0 tf_on_output=2 tf_fallback=0 gate_holds=0 sign_s=sign 0s replay_note=replay       : 64 files from /data/n42-pregen/g900000-400m, 400000000 transactio sign_s=sign 0s shard=shard_verified=0 shard_claimed=0 road_verified=- slots_busy=10 gate_us=10913 reply_us=11604 queued=2518500 assemble_ms=- road_take_ms=- road_body_ms=- road_encode_ms=- shards=16 shard_insert_ms=0 shard_wait_ms=0 shard_fold_ms=18 shard_append_ms=23 shard_merge_ms=76 state_ready_ms=123 roots_ms=40 exec_read_ms=0 exec_evm_ms=0 exec_write_ms=0 exec_other_ms=0 reads_cache=0 reads_provider=0 reads_view=0 par_run_ms=29 fold_task_cpu_max_us=17472 fold_task_minflt_max=5 fold_task_minflt_sum=5 fold_task_migrated=0 fold_task_nivcsw_max=0 fold_index=1 fold_index_build_ms=17 fold_index_conflicts=8482 fold_queue_us=74 fold_skew_us=45 fold_task_max_us=17500 fold_tail_us=24 start_best_ms=5 start_select_ms=0 start_walk_ms=0 start_walk_check_ms=0 start_best_other_ms=0 start_frames_by_ref=0 start_frames_slow=0 start_pull_ms=0 start_other_ms=0 start_handoff_ms=0 par_start_ms=5 par_prep_ms=0 par_commit_ms=0 commit_body_ms=0 par_fold_ms=10 sealed_ms=11 copy_ms=- prune_ms=0 frames=- frames_missing=- frame_root_ms=- root_ms=- frames_admitted=frames_admitted=397667 frames_unaligned=0 frame_root_indexed=- seal_layout_ms=1 seal_root_ms=0 attested= busy_us=1 slots_busy=10 reply_us=11604 prune_ms=0 body_refused=0 body_failed_late=0
loop349K99Q64 win1 tps=2,106,667 txs=63,200,000 blocks= 316 cycle=0.095s occupancy=100.0% full(>=95%)=316/316 basefee=n/a (from the layer's log)
loop349K99Q64 win2 tps=2,120,000 txs=63,600,000 blocks= 318 cycle=0.094s occupancy=100.0% full(>=95%)=318/318 basefee=n/a (from the layer's log)
loop349K99Q64 win3 tps=2,140,000 txs=64,200,000 blocks= 321 cycle=0.093s occupancy=100.0% full(>=95%)=321/321 basefee=n/a (from the layer's log)
loop349K99Q64 tps=2,106,667 round_txs=191000000 cycles_w1=
loop349K99Q64 imp_fields_p90= b_p75=38
loop349K99Q64 overlay: filter_skips=0 probes=0 ratio=- (ratio = skips/(skips+probes))
loop349K99Q64 overlay_manager:       1 state_trie_overlay=false  state-ovly_cpu=0
loop349K99Q64 verify: written to /data/blockchain/rust-fleet7-bench/bench-loop349K99Q64/verify.json
== validator memory at flood +70 s (loop349K99Q64)
validators 99: RSS sum 18.5 G, max 0.19 G, mean 0.19 G; threads 11781 (mean 119)
one validator (pid 2189499):
VmHWM:	  187260 kB
VmRSS:	  187260 kB
RssAnon:	  171500 kB
RssFile:	   15760 kB
RssShmem:	       0 kB
Threads:	119
Rss:              187264 kB
Private_Dirty:    171504 kB
Anonymous:        171504 kB
AnonHugePages:         0 kB
threads by name:
    113 h2_validator
      4 tokio-rt-worker
      1 n42-qmdb-prefau
      1 futures-timer
largest mappings by Rss:
42124  7f5035f00000-7f5038a00000
27540  7f5011000000-7f5016000000
15876  7f5001980000-7f5003c00000
13396  7f5003d80000-7f5008600000
11604  7f503cb00000-7f503e600000
10888 /data/n42-build/target-n42-rs/native/release/examples/h2_validator 627e28cb8000-627e29b52000
9096  7f503c100000-7f503ca00000
7360  7f5038b00000-7f5039600000
RssAnon of all validators (MB):
anon n=99 min 169 median 171 max 172 MB, sum 16.9 G
RSS of all validators, sorted:
min 184.748 MB median 187.412 MB max 188.544 MB
== many-keys report loop349K99Q64
== loop349K99Q64: 99 validator logs, f=32, quorum 67
1. the leaders' commit lines
  R1_collect (proposal -> prepare QC): n=3309 p50 32.0 p90 44.0 p99 80.0 max 5845.0 ms
  R2_collect (prepare QC -> commit QC): n=3309 p50 30.0 p90 40.0 p99 50.0 max 58.0 ms
  total (proposal -> commit): n=3309 p50 80.0 p90 98.0 p99 140.0 max 5927.0 ms
  votes at formation: R1 median 67 max 67 (quorum 67); R2 median 67 max 67
2. vote collection at the traced leaders (first vote -> quorum -> last vote)
 R1 (vote), 3071 views:
    proposal -> first vote: n=3071 p50 4.7 p90 12.9 p99 58.8 max 115.7 ms
    first vote -> quorum: n=3071 p50 13.0 p90 20.9 p99 30.4 max 5817.0 ms
    quorum -> last vote: n=3071 p50 53.8 p90 66.4 p99 77.4 max 87.3 ms
    proposal -> last vote (the slowest key): n=3071 p50 72.5 p90 88.7 p99 107.3 max 5891.9 ms
   views with fewer than 98 votes received: 8
 R2 (commit_vote), 3071 views:
    proposal -> first vote: n=3071 p50 37.7 p90 52.0 p99 89.0 max 5849.2 ms
    first vote -> quorum: n=3071 p50 12.7 p90 18.5 p99 24.5 max 38.9 ms
    quorum -> last vote: n=3071 p50 33.0 p90 54.2 p99 84.6 max 111.2 ms
    proposal -> last vote (the slowest key): n=3071 p50 85.5 p90 112.2 p99 152.4 max 5888.1 ms
   views with fewer than 98 votes received: 518
3. the straggler rule and the loop
  proposal interval (same leader, consecutive views): n=3306 p50 80.5 p90 97.5 p99 133.4 max 5894.6 ms; >= 500 ms: 10
  `slow step` lines: 15108 (transport+flush > 30 ms); by slowest event kind: native: 14107 (max 113 ms), envelope: 1001 (max 98 ms)
  leaders' lines: 374
4. gossip propagation (proposal sent -> received at a traced follower)
    proposal arrival delay: n=6859 p50 1.2 p90 4.2 p99 30.0 max 113.2 ms
4b. the new fields (docs/E1_MANY_KEYS.md section 6), leaders' `block committed!` and `proposal sent` lines
    verify_us: n=3309 p50 23244.0 p90 32378.0 p99 40579.0 max 49053.0 us
    verify_n: n=3309 p50 172.0 p90 191.0 p99 209.0 max 224.0 
    verify_batches: n=3309 p50 5.0 p90 9.0 p99 12.0 max 15.0 
  verify_fallbacks: total 1864 over 3309 blocks
    inbound_queue_max: n=3309 p50 0.0 p90 0.0 p99 0.0 max 0.0 
    gossip_poll_us: n=3309 p50 13371.0 p90 20869.0 p99 30811.0 max 44953.0 us
  straggler_waits (cumulative per leader log, summed over 4 leaders): 2474; waits with straggler_wait_us > 0: 2474 of 3310 proposals, p50 17.6 p90 27.1 max 610.8 ms, total 51.56 s
  direct votes at the leaders: received 0 (duplicates dropped 0); sent by those nodes 0, fallbacks to gossip 0; leaders led 3310 views = 648760 vote messages expected (2 rounds x 98); direct share of those 0.0%
5. validators
validators n=99: cpu total 74.25 cores, per key mean 0.750 median 0.742 max 0.846 (key 0) min 0.654; rss per key peak mean 0.190 max 0.191 G, sum of peaks 18.8 G; threads per key mean 119, total 11781
libp2p connections (last census of 5): 9700 in all (a full mesh of 99 is 4851); sockets per process min 97 median 98 max 98
== loop349K99Q64  (E=1: seven validator keys on one execution layer)
  window 1: canonical 317 blocks, 63.4M tx = 2,113,333/s (100.0% of window 1), full 316/317 (100%); cycle mean/median/p90 94.3/90.6/109.1 ms
    leader builds 317: sealed_at median/p90/p99 56/85/102; phases median/p90 ms: gap_before_exec 1/19, state_wait 1/18, par 58/89, par_exec 25/32, roots 38/58, parent_fields 6/32, sealed 9/34
    state_wait_on {'output': 139, 'none': 159, 'layer_release': 10, 'grandparent': 8, 'open': 1}; builds with state_wait > 20 ms: 29 ([('output', 22), ('grandparent', 7)]); gp_layer {1.0: 317}, ggp_missing {0.0: 308, 1.0: 9}
    queue at the builds min/median 1,397,500/2,521,000
    new field batch_cpu_sum_us: median/p90/max 682063.0/850835.0/2295438, nonzero 317
    new field batch_dispatch_us: median/p90/max 252.0/431.0/5961, nonzero 317
    new field batch_first_start_us: median/p90/max 95.0/159.0/1028, nonzero 317
    new field batch_ivcsw: median/p90/max 2.0/12.0/29, nonzero 230
    new field batch_last_end_us: median/p90/max 25366.0/32101.0/78472, nonzero 317
    new field batch_last_start_us: median/p90/max 19387.0/23717.0/65358, nonzero 317
    new field batch_live_deferred: median/p90/max 76.0/82.0/94, nonzero 317
    new field batch_live_lock_hold_us: median/p90/max 12094.0/14449.0/18882, nonzero 317
    new field batch_live_lock_wait_us: median/p90/max 0.0/0.0/0, nonzero 0
    new field batch_live_lock_waits: median/p90/max 0.0/0.0/0, nonzero 0
    new field batch_majflt: median/p90/max 0.0/0.0/0, nonzero 0
    new field batch_minflt: median/p90/max 1009.0/12943.0/29042, nonzero 317
    new field batch_open_max_us: median/p90/max 398.0/803.0/4094, nonzero 317
    new field batch_open_sum_us: median/p90/max 9499.0/12501.0/20524, nonzero 317
    new field batch_threads: median/p90/max 32.0/32.0/32, nonzero 317
    new field batch_vcsw: median/p90/max 165.0/444.0/927, nonzero 317
    new field batch_view_index_wait_us: median/p90/max 0.0/18174.0/65952, nonzero 49
    new field batch_view_index_waits: median/p90/max 0.0/234.0/654, nonzero 49
    new field batch_view_slot_wait_us: median/p90/max 0.0/1768.0/22394, nonzero 51
    new field batch_view_slot_waits: median/p90/max 0.0/43.0/106, nonzero 51
    new field batch_wall_sum_us: median/p90/max 697444.0/867314.0/2297608, nonzero 317
    new field batches: median/p90/max 128.0/128.0/128, nonzero 317
    new field build_batches: median/p90/max 128.0/128.0/128, nonzero 317
    new field carried_depth: median/p90/max 1.0/1.0/1, nonzero 317
    new field exec_end_to_seal_us: median/p90/max 138.0/197.0/413, nonzero 317
    new field exec_partition_us: median/p90/max 7.0/12.0/2749, nonzero 317
    new field exec_prepared_groups: {'true': 301, 'false': 16}
    new field exec_prepared_slots: {'true': 301, 'false': 16}
    new field exec_slots_us: median/p90/max 0.0/0.0/2755, nonzero 16
    new field freeze_join_wait_us: median/p90/max 10491.0/25836.0/56864, nonzero 317
    new field freeze_late: {'true': 317}
    new field freeze_pool_own: {'true': 317}
    new field live_index_defer: {'true': 317}
    new field merge_accounts: median/p90/max 191106.0/195188.0/198795, nonzero 317
    new field merge_append_us: median/p90/max 3973.0/9595.0/57237, nonzero 317
    new field merge_early: {'false': 317}
    new field merge_join_wait_us: median/p90/max 0.0/0.0/0, nonzero 0
    new field merge_reverts: median/p90/max 191106.0/195188.0/198795, nonzero 317
    new field merge_reverts_us: median/p90/max 17198.0/27304.0/58916, nonzero 317
    new field merge_state_us: median/p90/max 49303.0/62050.0/73617, nonzero 317
    new field merge_tail_us: median/p90/max 0.0/0.0/5, nonzero 20
    new field merge_threads: median/p90/max 1.0/1.0/1, nonzero 317
    new field one_wave: {'false': 317}
    new field open_engine_us: median/p90/max 0.0/0.0/68794, nonzero 9
    new field open_fallback: {'false': 308, 'true': 9}
    new field open_keep_us: median/p90/max 7.0/12.0/12088, nonzero 317
    new field open_kept_accounts: median/p90/max 573520.0/582728.0/589939, nonzero 317
    new field open_layers: median/p90/max 3.0/3.0/3, nonzero 317
    new field open_provider_us: median/p90/max 107.0/185.0/624, nonzero 317
    new field plan_age_us: median/p90/max 61588.0/161793.0/683766, nonzero 317
    new field plan_ahead: median/p90/max 1.0/1.0/1, nonzero 317
    new field plan_body: median/p90/max 1.0/1.0/2, nonzero 317
    new field plan_body_us: median/p90/max 20968.0/28460.0/41300, nonzero 301
    new field plan_discard: {'': 317}
    new field plan_prep_us: median/p90/max 9088.0/20374.0/46760, nonzero 317
    new field plan_topup_txs: median/p90/max 0.0/0.0/0, nonzero 0
    new field prep_from_plan: {'true': 301, 'false': 16}
    new field prev_seal_to_answer_us: median/p90/max 2650.0/5377.0/11160, nonzero 317
    new field prev_seal_to_entry_us: median/p90/max 0.0/0.0/0, nonzero 0
    new field prev_seal_to_header_us: median/p90/max 251.0/470.0/3313, nonzero 317
    new field prev_seal_to_import_us: median/p90/max 148131.0/193277.0/630972, nonzero 283
    new field prev_seal_to_request_us: median/p90/max 2625.0/120194.0/630906, nonzero 317
    new field prev_seal_to_start_us: median/p90/max 3267.0/120473.0/631374, nonzero 317
    new field pull_bulk_txs: median/p90/max 200000.0/200000.0/200000, nonzero 317
    new field pull_bulk_us: median/p90/max 7.0/13.0/3665, nonzero 317
    new field receipts_late: {'false': 317}
    new field receipts_late_wait_us: median/p90/max 0.0/0.0/1, nonzero 1
    new field rename_fallbacks: median/p90/max 0.0/0.0/0, nonzero 0
    new field rename_record_waits: median/p90/max 0.0/0.0/0, nonzero 0
    new field root_apply_gap_us: median/p90/max 11.0/15.0/24, nonzero 317
    new field root_apply_total_us: median/p90/max 24552.0/38518.0/63850, nonzero 317
    new field root_compute_us: median/p90/max 26899.0/42163.0/65474, nonzero 317
    new field root_delta_us: median/p90/max 1410.0/2556.0/10321, nonzero 317
    new field root_index_us: median/p90/max 3302.0/5357.0/13683, nonzero 317
    new field root_leaves_us: median/p90/max 7907.0/13379.0/29602, nonzero 317
    new field root_note_us: median/p90/max 189.0/333.0/1776, nonzero 317
    new field root_ops_ahead: {'true': 317}
    new field root_ops_ahead_wait_us: median/p90/max 5024.0/15088.0/35546, nonzero 317
    new field root_ops_concat_us: median/p90/max 0.0/0.0/0, nonzero 0
    new field root_ops_encode_us: median/p90/max 7069.0/14066.0/29796, nonzero 317
    new field root_ops_finish_us: median/p90/max 2382.0/3352.0/12544, nonzero 317
    new field root_ops_sort_us: median/p90/max 4680.0/10341.0/21670, nonzero 317
    new field root_ops_us: median/p90/max 7451.0/19790.0/43126, nonzero 317
    new field root_rehash_us: median/p90/max 1446.0/2028.0/11379, nonzero 317
    new field root_retire_us: median/p90/max 1970.0/4285.0/9711, nonzero 317
    new field root_sort_us: median/p90/max 260.0/932.0/4266, nonzero 317
    new field root_undo_us: median/p90/max 420.0/1026.0/4366, nonzero 317
    new field root_writes_us: median/p90/max 7922.0/15962.0/37282, nonzero 317
    new field seal_hashes_ahead: {'true': 317}
    new field seal_on_counters: {'true': 317}
    new field seal_to_complete_us: median/p90/max 136150.0/170871.0/197048, nonzero 317
    new field seal_to_frozen_us: median/p90/max 10423.0/25726.0/56844, nonzero 224
    new field seal_to_merge_end_us: median/p90/max 135502.0/170775.0/196834, nonzero 317
    new field seal_to_merge_start_us: median/p90/max 61169.0/86991.0/113700, nonzero 317
    new field seal_to_ops_ahead_us: median/p90/max 27562.0/46527.0/69497, nonzero 317
    new field seal_to_shards_ready_us: median/p90/max 17174.0/29878.0/60283, nonzero 317
    new field seal_to_state_ready_us: median/p90/max 135510.0/170781.0/196854, nonzero 317
    new field sealed_unix_us: median/p90/max 1791467910863319.0/1791467923420099.0/1791467926245279, nonzero 317
    new field start_walk_check_us: median/p90/max 0.0/0.0/0, nonzero 0
    new field start_walk_ids_us: median/p90/max 0.0/0.0/0, nonzero 0
    new field start_walk_settle_us: median/p90/max 0.0/0.0/0, nonzero 0
    new field start_walk_us: median/p90/max 0.0/0.0/0, nonzero 0
    new field state_wait_us: median/p90/max 1004.0/18420.0/83064, nonzero 317
    new field view_journal_reads: median/p90/max 0.0/81920.0/167936, nonzero 124
    new field view_journal_searches: median/p90/max 0.0/233472.0/490068, nonzero 124
    new field view_journal_skips: median/p90/max 0.0/0.0/0, nonzero 0
    new field whole_take_noted: {'true': 317}
    binding wait (tick / quorum / seal share, mean cycle): tick 95% (93); quorum 5% (129); seal 0%; feed-bound (blocks under 95% of the tier): 1 of 317
    slowest key vote delay median/p90 16.5/43.0 ms
    engine own-import total_ms per block median/p90/max 48/81/134 (n=316)
    layer RSS 4.2 -> 22.8 G (max 22.8), in-memory blocks max 9
    execution layer cores busy 30.0    validators cores busy 72.1
    flood delivered (median per 5 s over the leg) 2,142,591/s
  window 2: canonical 318 blocks, 63.6M tx = 2,120,000/s (100.3% of window 1), full 318/318 (100%); cycle mean/median/p90 94.2/90.5/108.0 ms
    leader builds 319: sealed_at median/p90/p99 55/81/101; phases median/p90 ms: gap_before_exec 0/14, state_wait 0/13, par 55/79, par_exec 24/31, roots 41/60, parent_fields 10/34, sealed 11/35
    state_wait_on {'none': 172, 'output': 128, 'layer_release': 10, 'grandparent': 9}; builds with state_wait > 20 ms: 17 ([('grandparent', 9), ('output', 8)]); gp_layer {1.0: 319}, ggp_missing {0.0: 309, 1.0: 10}
    queue at the builds min/median 2,267,000/2,519,000
    new field batch_cpu_sum_us: median/p90/max 660307.0/821281.0/2381028, nonzero 319
    new field batch_dispatch_us: median/p90/max 261.0/388.0/4004, nonzero 319
    new field batch_first_start_us: median/p90/max 96.0/159.0/378, nonzero 319
    new field batch_ivcsw: median/p90/max 3.0/11.0/36, nonzero 243
    new field batch_last_end_us: median/p90/max 23866.0/31031.0/84431, nonzero 319
    new field batch_last_start_us: median/p90/max 18735.0/23380.0/66464, nonzero 319
    new field batch_live_deferred: median/p90/max 76.0/82.0/108, nonzero 319
    new field batch_live_lock_hold_us: median/p90/max 11978.0/14560.0/21596, nonzero 319
    new field batch_live_lock_wait_us: median/p90/max 0.0/0.0/0, nonzero 0
    new field batch_live_lock_waits: median/p90/max 0.0/0.0/0, nonzero 0
    new field batch_majflt: median/p90/max 0.0/0.0/0, nonzero 0
    new field batch_minflt: median/p90/max 1541.0/11467.0/32203, nonzero 319
    new field batch_open_max_us: median/p90/max 379.0/516.0/4584, nonzero 319
    new field batch_open_sum_us: median/p90/max 8901.0/12058.0/20877, nonzero 319
    new field batch_threads: median/p90/max 32.0/32.0/32, nonzero 319
    new field batch_vcsw: median/p90/max 163.0/476.0/868, nonzero 319
    new field batch_view_index_wait_us: median/p90/max 0.0/24306.0/68516, nonzero 51
    new field batch_view_index_waits: median/p90/max 0.0/273.0/652, nonzero 51
    new field batch_view_slot_wait_us: median/p90/max 0.0/1709.0/6777, nonzero 51
    new field batch_view_slot_waits: median/p90/max 0.0/44.0/84, nonzero 51
    new field batch_wall_sum_us: median/p90/max 669886.0/834971.0/2382729, nonzero 319
    new field batches: median/p90/max 128.0/128.0/128, nonzero 319
    new field build_batches: median/p90/max 128.0/128.0/128, nonzero 319
    new field carried_depth: median/p90/max 1.0/1.0/1, nonzero 319
    new field exec_end_to_seal_us: median/p90/max 142.0/212.0/390, nonzero 319
    new field exec_partition_us: median/p90/max 7.0/12.0/4415, nonzero 319
    new field exec_prepared_groups: {'true': 311, 'false': 8}
    new field exec_prepared_slots: {'true': 311, 'false': 8}
    new field exec_slots_us: median/p90/max 0.0/0.0/2358, nonzero 12
    new field freeze_join_wait_us: median/p90/max 8486.0/22077.0/37924, nonzero 319
    new field freeze_late: {'true': 319}
    new field freeze_pool_own: {'true': 319}
    new field live_index_defer: {'true': 319}
    new field merge_accounts: median/p90/max 191631.0/194853.0/198319, nonzero 319
    new field merge_append_us: median/p90/max 3610.0/9653.0/25539, nonzero 319
    new field merge_early: {'false': 319}
    new field merge_join_wait_us: median/p90/max 0.0/0.0/0, nonzero 0
    new field merge_reverts: median/p90/max 191631.0/194853.0/198319, nonzero 319
    new field merge_reverts_us: median/p90/max 17528.0/26108.0/40889, nonzero 319
    new field merge_state_us: median/p90/max 50194.0/64427.0/80798, nonzero 319
    new field merge_tail_us: median/p90/max 0.0/0.0/2, nonzero 23
    new field merge_threads: median/p90/max 1.0/1.0/1, nonzero 319
    new field one_wave: {'false': 319}
    new field open_engine_us: median/p90/max 0.0/0.0/56849, nonzero 10
    new field open_fallback: {'false': 309, 'true': 10}
    new field open_keep_us: median/p90/max 7.0/14.0/11074, nonzero 319
    new field open_kept_accounts: median/p90/max 574909.0/581581.0/588298, nonzero 319
    new field open_layers: median/p90/max 3.0/3.0/3, nonzero 319
    new field open_provider_us: median/p90/max 100.0/184.0/2374, nonzero 319
    new field plan_age_us: median/p90/max 59567.0/158068.0/721996, nonzero 319
    new field plan_ahead: median/p90/max 1.0/1.0/1, nonzero 319
    new field plan_body: median/p90/max 1.0/1.0/2, nonzero 319
    new field plan_body_us: median/p90/max 22258.0/27966.0/36410, nonzero 311
    new field plan_discard: {'': 319}
    new field plan_prep_us: median/p90/max 10242.0/20391.0/45702, nonzero 319
    new field plan_topup_txs: median/p90/max 0.0/0.0/0, nonzero 0
    new field prep_from_plan: {'true': 311, 'false': 8}
    new field prev_seal_to_answer_us: median/p90/max 2728.0/5838.0/10599, nonzero 319
    new field prev_seal_to_entry_us: median/p90/max 0.0/0.0/0, nonzero 0
    new field prev_seal_to_header_us: median/p90/max 252.0/484.0/2980, nonzero 319
    new field prev_seal_to_import_us: median/p90/max 142451.0/185821.0/691810, nonzero 302
    new field prev_seal_to_request_us: median/p90/max 3337.0/118131.0/691855, nonzero 319
    new field prev_seal_to_start_us: median/p90/max 3722.0/118516.0/692250, nonzero 319
    new field pull_bulk_txs: median/p90/max 200000.0/200000.0/200000, nonzero 319
    new field pull_bulk_us: median/p90/max 7.0/14.0/3622, nonzero 319
    new field receipts_late: {'false': 319}
    new field receipts_late_wait_us: median/p90/max 0.0/0.0/1, nonzero 1
    new field rename_fallbacks: median/p90/max 0.0/0.0/0, nonzero 0
    new field rename_record_waits: median/p90/max 0.0/0.0/0, nonzero 0
    new field root_apply_gap_us: median/p90/max 12.0/15.0/40, nonzero 319
    new field root_apply_total_us: median/p90/max 26123.0/40626.0/74721, nonzero 319
    new field root_compute_us: median/p90/max 29439.0/43422.0/76779, nonzero 319
    new field root_delta_us: median/p90/max 1409.0/2746.0/10583, nonzero 319
    new field root_index_us: median/p90/max 3477.0/5991.0/19111, nonzero 319
    new field root_leaves_us: median/p90/max 8315.0/14570.0/23132, nonzero 319
    new field root_note_us: median/p90/max 185.0/306.0/2401, nonzero 319
    new field root_ops_ahead: {'true': 319}
    new field root_ops_ahead_wait_us: median/p90/max 4606.0/14325.0/32896, nonzero 319
    new field root_ops_concat_us: median/p90/max 0.0/0.0/0, nonzero 0
    new field root_ops_encode_us: median/p90/max 7175.0/13421.0/30393, nonzero 319
    new field root_ops_finish_us: median/p90/max 2449.0/3915.0/12981, nonzero 319
    new field root_ops_sort_us: median/p90/max 4558.0/10407.0/21700, nonzero 319
    new field root_ops_us: median/p90/max 7458.0/18161.0/35898, nonzero 319
    new field root_rehash_us: median/p90/max 2056.0/2855.0/11729, nonzero 319
    new field root_retire_us: median/p90/max 2140.0/4444.0/16359, nonzero 319
    new field root_sort_us: median/p90/max 272.0/928.0/5102, nonzero 319
    new field root_undo_us: median/p90/max 420.0/1206.0/5369, nonzero 319
    new field root_writes_us: median/p90/max 7909.0/17058.0/48850, nonzero 319
    new field seal_hashes_ahead: {'true': 319}
    new field seal_on_counters: {'true': 319}
    new field seal_to_complete_us: median/p90/max 139774.0/168617.0/198030, nonzero 319
    new field seal_to_frozen_us: median/p90/max 8473.0/22037.0/37824, nonzero 207
    new field seal_to_merge_end_us: median/p90/max 139464.0/168489.0/197733, nonzero 319
    new field seal_to_merge_start_us: median/p90/max 63998.0/85329.0/113614, nonzero 319
    new field seal_to_ops_ahead_us: median/p90/max 25719.0/41434.0/75411, nonzero 319
    new field seal_to_shards_ready_us: median/p90/max 16104.0/26677.0/43195, nonzero 319
    new field seal_to_state_ready_us: median/p90/max 139472.0/168498.0/197798, nonzero 319
    new field sealed_unix_us: median/p90/max 1791467940847999.0/1791467953308523.0/1791467956277263, nonzero 319
    new field start_walk_check_us: median/p90/max 0.0/0.0/0, nonzero 0
    new field start_walk_ids_us: median/p90/max 0.0/0.0/0, nonzero 0
    new field start_walk_settle_us: median/p90/max 0.0/0.0/0, nonzero 0
    new field start_walk_us: median/p90/max 0.0/0.0/0, nonzero 0
    new field state_wait_us: median/p90/max 229.0/13549.0/63887, nonzero 319
    new field view_journal_reads: median/p90/max 0.0/81920.0/151552, nonzero 125
    new field view_journal_searches: median/p90/max 0.0/217866.0/377293, nonzero 125
    new field view_journal_skips: median/p90/max 0.0/0.0/0, nonzero 0
    new field whole_take_noted: {'true': 319}
    binding wait (tick / quorum / seal share, mean cycle): tick 94% (92); quorum 6% (132); seal 0%; feed-bound (blocks under 95% of the tier): 0 of 318
    slowest key vote delay median/p90 19.2/42.5 ms
    engine own-import total_ms per block median/p90/max 46/83/128 (n=318)
    layer RSS 22.4 -> 27.1 G (max 27.1), in-memory blocks max 10
    execution layer cores busy 30.5    validators cores busy 73.0
  window 3: canonical 321 blocks, 64.2M tx = 2,140,000/s (101.3% of window 1), full 321/321 (100%); cycle mean/median/p90 97.3/89.6/108.1 ms
    leader builds 321: sealed_at median/p90/p99 59/83/105; phases median/p90 ms: gap_before_exec 0/13, state_wait 0/12, par 56/80, par_exec 26/32, roots 43/64, parent_fields 12/33, sealed 13/35
    state_wait_on {'layer_release': 8, 'output': 127, 'none': 181, 'grandparent': 5}; builds with state_wait > 20 ms: 7 ([('grandparent', 4), ('output', 3)]); gp_layer {1.0: 321}, ggp_missing {0.0: 316, 1.0: 5}
    queue at the builds min/median 2,286,000/2,521,500
    new field batch_cpu_sum_us: median/p90/max 705291.0/865295.0/2433226, nonzero 321
    new field batch_dispatch_us: median/p90/max 256.0/393.0/5241, nonzero 321
    new field batch_first_start_us: median/p90/max 93.0/162.0/345, nonzero 321
    new field batch_ivcsw: median/p90/max 2.0/12.0/27, nonzero 243
    new field batch_last_end_us: median/p90/max 25865.0/31901.0/86165, nonzero 321
    new field batch_last_start_us: median/p90/max 20040.0/24948.0/66510, nonzero 321
    new field batch_live_deferred: median/p90/max 75.0/83.0/182, nonzero 321
    new field batch_live_lock_hold_us: median/p90/max 12612.0/15560.0/23732, nonzero 321
    new field batch_live_lock_wait_us: median/p90/max 0.0/0.0/0, nonzero 0
    new field batch_live_lock_waits: median/p90/max 0.0/0.0/0, nonzero 0
    new field batch_majflt: median/p90/max 0.0/0.0/1, nonzero 1
    new field batch_minflt: median/p90/max 1224.0/13260.0/34316, nonzero 321
    new field batch_open_max_us: median/p90/max 391.0/542.0/5953, nonzero 321
    new field batch_open_sum_us: median/p90/max 9261.0/12157.0/27548, nonzero 321
    new field batch_threads: median/p90/max 32.0/32.0/32, nonzero 321
    new field batch_vcsw: median/p90/max 170.0/467.0/1063, nonzero 321
    new field batch_view_index_wait_us: median/p90/max 0.0/23455.0/74067, nonzero 54
    new field batch_view_index_waits: median/p90/max 0.0/265.0/794, nonzero 54
    new field batch_view_slot_wait_us: median/p90/max 0.0/1706.0/25146, nonzero 58
    new field batch_view_slot_waits: median/p90/max 0.0/39.0/132, nonzero 58
    new field batch_wall_sum_us: median/p90/max 716626.0/879721.0/2434814, nonzero 321
    new field batches: median/p90/max 128.0/128.0/128, nonzero 321
    new field build_batches: median/p90/max 128.0/128.0/128, nonzero 321
    new field carried_depth: median/p90/max 1.0/1.0/1, nonzero 321
    new field exec_end_to_seal_us: median/p90/max 145.0/201.0/540, nonzero 321
    new field exec_partition_us: median/p90/max 7.0/14.0/3600, nonzero 321
    new field exec_prepared_groups: {'true': 306, 'false': 15}
    new field exec_prepared_slots: {'true': 307, 'false': 14}
    new field exec_slots_us: median/p90/max 0.0/0.0/2816, nonzero 16
    new field freeze_join_wait_us: median/p90/max 6476.0/21468.0/43711, nonzero 321
    new field freeze_late: {'true': 321}
    new field freeze_pool_own: {'true': 321}
    new field live_index_defer: {'true': 321}
    new field merge_accounts: median/p90/max 192133.0/195102.0/197950, nonzero 321
    new field merge_append_us: median/p90/max 5586.0/11906.0/40427, nonzero 321
    new field merge_early: {'false': 321}
    new field merge_join_wait_us: median/p90/max 0.0/0.0/0, nonzero 0
    new field merge_reverts: median/p90/max 192133.0/195102.0/197950, nonzero 321
    new field merge_reverts_us: median/p90/max 18812.0/28234.0/45889, nonzero 321
    new field merge_state_us: median/p90/max 53770.0/69297.0/87601, nonzero 321
    new field merge_tail_us: median/p90/max 0.0/0.0/2, nonzero 18
    new field merge_threads: median/p90/max 1.0/1.0/1, nonzero 321
    new field one_wave: {'false': 321}
    new field open_engine_us: median/p90/max 0.0/0.0/20447, nonzero 5
    new field open_fallback: {'false': 316, 'true': 5}
    new field open_keep_us: median/p90/max 8.0/15.0/15389, nonzero 321
    new field open_kept_accounts: median/p90/max 576264.0/582448.0/587558, nonzero 321
    new field open_layers: median/p90/max 3.0/3.0/3, nonzero 321
    new field open_provider_us: median/p90/max 107.0/205.0/629, nonzero 321
    new field plan_age_us: median/p90/max 59856.0/159673.0/277712, nonzero 321
    new field plan_ahead: median/p90/max 1.0/1.0/1, nonzero 321
    new field plan_body: median/p90/max 1.0/1.0/2, nonzero 321
    new field plan_body_us: median/p90/max 23037.0/29805.0/37737, nonzero 307
    new field plan_discard: {'': 321}
    new field plan_prep_us: median/p90/max 10425.0/25236.0/46936, nonzero 321
    new field plan_topup_txs: median/p90/max 0.0/0.0/0, nonzero 0
    new field prep_from_plan: {'true': 307, 'false': 14}
    new field prev_seal_to_answer_us: median/p90/max 2523.0/6164.0/12452, nonzero 321
    new field prev_seal_to_entry_us: median/p90/max 0.0/0.0/0, nonzero 0
    new field prev_seal_to_header_us: median/p90/max 250.0/430.0/3983, nonzero 321
    new field prev_seal_to_import_us: median/p90/max 156029.0/201053.0/260713, nonzero 306
    new field prev_seal_to_request_us: median/p90/max 2273.0/113555.0/236818, nonzero 321
    new field prev_seal_to_start_us: median/p90/max 2642.0/113881.0/237106, nonzero 321
    new field pull_bulk_txs: median/p90/max 200000.0/200000.0/200000, nonzero 321
    new field pull_bulk_us: median/p90/max 7.0/14.0/4199, nonzero 321
    new field receipts_late: {'false': 321}
    new field receipts_late_wait_us: median/p90/max 0.0/0.0/0, nonzero 0
    new field rename_fallbacks: median/p90/max 0.0/0.0/0, nonzero 0
    new field rename_record_waits: median/p90/max 0.0/0.0/0, nonzero 0
    new field root_apply_gap_us: median/p90/max 12.0/17.0/25, nonzero 321
    new field root_apply_total_us: median/p90/max 29326.0/41568.0/72531, nonzero 321
    new field root_compute_us: median/p90/max 31667.0/45569.0/74478, nonzero 321
    new field root_delta_us: median/p90/max 1334.0/2702.0/9478, nonzero 321
    new field root_index_us: median/p90/max 3615.0/5694.0/20250, nonzero 321
    new field root_leaves_us: median/p90/max 8511.0/15123.0/31932, nonzero 321
    new field root_note_us: median/p90/max 194.0/314.0/1718, nonzero 321
    new field root_ops_ahead: {'true': 321}
    new field root_ops_ahead_wait_us: median/p90/max 5416.0/14047.0/35838, nonzero 321
    new field root_ops_concat_us: median/p90/max 0.0/0.0/0, nonzero 0
    new field root_ops_encode_us: median/p90/max 7594.0/13811.0/36950, nonzero 321
    new field root_ops_finish_us: median/p90/max 2348.0/3989.0/16880, nonzero 321
    new field root_ops_sort_us: median/p90/max 4688.0/10584.0/22945, nonzero 321
    new field root_ops_us: median/p90/max 8009.0/17168.0/43080, nonzero 321
    new field root_rehash_us: median/p90/max 2737.0/3819.0/16893, nonzero 321
    new field root_retire_us: median/p90/max 2386.0/4144.0/11442, nonzero 321
    new field root_sort_us: median/p90/max 301.0/920.0/5772, nonzero 321
    new field root_undo_us: median/p90/max 425.0/1018.0/5261, nonzero 321
    new field root_writes_us: median/p90/max 8602.0/17709.0/41227, nonzero 321
    new field seal_hashes_ahead: {'true': 321}
    new field seal_on_counters: {'true': 321}
    new field seal_to_complete_us: median/p90/max 148177.0/175914.0/241217, nonzero 321
    new field seal_to_frozen_us: median/p90/max 6394.0/21436.0/43612, nonzero 199
    new field seal_to_merge_end_us: median/p90/max 148014.0/175761.0/241109, nonzero 321
    new field seal_to_merge_start_us: median/p90/max 66549.0/87882.0/112008, nonzero 321
    new field seal_to_ops_ahead_us: median/p90/max 26608.0/40616.0/61498, nonzero 321
    new field seal_to_shards_ready_us: median/p90/max 16251.0/25851.0/52277, nonzero 321
    new field seal_to_state_ready_us: median/p90/max 148022.0/175774.0/241119, nonzero 321
    new field sealed_unix_us: median/p90/max 1791467971587176.0/1791467983251071.0/1791467986260939, nonzero 321
    new field start_walk_check_us: median/p90/max 0.0/0.0/0, nonzero 0
    new field start_walk_ids_us: median/p90/max 0.0/0.0/0, nonzero 0
    new field start_walk_settle_us: median/p90/max 0.0/0.0/0, nonzero 0
    new field start_walk_us: median/p90/max 0.0/0.0/0, nonzero 0
    new field state_wait_us: median/p90/max 248.0/12724.0/39495, nonzero 321
    new field view_journal_reads: median/p90/max 0.0/86016.0/143360, nonzero 141
    new field view_journal_searches: median/p90/max 0.0/236434.0/380928, nonzero 141
    new field view_journal_skips: median/p90/max 0.0/0.0/0, nonzero 0
    new field whole_take_noted: {'true': 321}
    binding wait (tick / quorum / seal share, mean cycle): tick 100% (103); quorum 0%; seal 0%; feed-bound (blocks under 95% of the tier): 0 of 321
    slowest key vote delay median/p90 13.6/103.4 ms
    engine own-import total_ms per block median/p90/max 50/86/155 (n=321)
    layer RSS 26.7 -> 32.4 G (max 32.4), in-memory blocks max 10
    execution layer cores busy 31.2    validators cores busy 74.2
  round total (3 windows, canonical): 191.2M tx
  layer peak RSS 32.4 G; in-memory blocks max 10
  fields at seal: mode "early", verified 0, unchecked 0, mismatches 0 (last build line, cumulative)
  own_executed_again (built here and also directly imported): 0 of 995 built blocks
== loop349K99Q64
  layer-0 leader window-1 builds 318: txs mean 200000, share >= 95% of the tier 100% (max 200000); sealed_at_ms 56.0/85.0; par_ms 58.0/89.0; par_exec_ms 25.0/32.0; roots_ms 37.5/58.0; parent_fields_ms 6.0/32.0; sealed_ms 8.5/34.0
  proposal cycle window 1 (n=328): mean 94.3 median 90.6 p90 109.1 ms; blocks in the 30 s: 328
  binding wait (tick / quorum / seal, share and mean cycle): tick 94.9% (93.0); quorum 5.1% (128.9); seal 0%
  vote delay after the proposal, slowest key per block: median 16.5 p90 43.0 ms (slowest minus the median key: median 6.0); last key: {1: 54, 2: 52, 3: 48, 4: 48, 5: 47, 6: 67} of 316 blocks
  CPU in window 1 (cores busy): execution layers 30.0 over 1 process(es); validators 72.1 over 99 process(es)
  execution layer peak RSS 32.4 G; in-memory blocks max 10 (node0 and others, all layers)
  blocks built here 995; none also directly imported
  import-once counters at the last direct import: ; start-up lines with import_once=true: 1; queue-lock lines 0
  layer-0 queue (queued after canonical prune), median per 10 s: t+0:2518750 t+20:2519500 t+40:2519000 t+60:2520500 t+80:2517500
  flood: median per 5 s 2142591/s, final -
  timeout / given-up lines: 0; 
loop349K99Q64 page_faults_per_s_median: node0=163500 
feedcheck loop349K99Q64: ok (block 200,000 tx)
== loop349K99Q64: feed check (acq_us / gate_us / reply_us are per frame of 500; rate per 5 s `ingest` line)
  window 1: ingest lines 6; acq_us 540 (max 1727); gate_us 10793; reply_us 11507; slots_busy 10%; delivered median 2,158,736/s max 2,224,850/s; queue at builds median 2,521,000 min 1,397,500; full 100% of 317 blocks
  window 2: ingest lines 6; acq_us 554 (max 665); gate_us 10816; reply_us 11522; slots_busy 10%; delivered median 2,169,034/s max 2,235,688/s; queue at builds median 2,519,000 min 2,267,000; full 100% of 318 blocks
  window 3: ingest lines 6; acq_us 530 (max 557); gate_us 10926; reply_us 11622; slots_busy 10%; delivered median 2,151,716/s max 2,183,032/s; queue at builds median 2,521,500 min 2,286,000; full 100% of 321 blocks
  flood.log (+15..+100 s): rate per 5 s median 2,138,339/s max 2,248,744/s; reply latency median 90.2 ms max 98.4 ms
== loop349K99Q64: lanes lock, drain and pruner (new fields)
  window 1: lock duty 51.0% (max 54.0); holds/5s 1,613; longest hold 38.16 ms median, 51.03 ms max by crates/n42/tx-queue/src/lib.rs:2046 (most frequent holders [('crates/n42/tx-queue/src/lib.rs:2046', 3), ('crates/n42/tx-queue/src/lib.rs:1766', 2)]); lock wait 1947.6 ms/5s, longest 76.44 ms; drains/5s 744 of 14501 tx, mean 1704 us, max 26.16 ms
           prune (296 blocks): prune_ms 37/87; fold 1.1 ms, lock 0.0 ms, remove(hold) 9.6 ms, free 0.0 ms; frames_swept 400; coalesced on 296 of 296; prune_wait_ms 0/0; pruner busy 47% of a thread, lock held by it 1.1%
  window 2: lock duty 54.0% (max 56.0); holds/5s 1,630; longest hold 41.30 ms median, 50.73 ms max by crates/n42/tx-queue/src/lib.rs:2046 (most frequent holders [('crates/n42/tx-queue/src/lib.rs:2046', 5), ('crates/n42/tx-queue/src/lib.rs:2692', 1)]); lock wait 2176.4 ms/5s, longest 53.87 ms; drains/5s 764 of 14208 tx, mean 1600 us, max 31.72 ms
           prune (301 blocks): prune_ms 39/81; fold 1.1 ms, lock 0.0 ms, remove(hold) 9.2 ms, free 0.0 ms; frames_swept 400; coalesced on 301 of 301; prune_wait_ms 0/0; pruner busy 48% of a thread, lock held by it 1.3%
  window 3: lock duty 53.0% (max 66.0); holds/5s 1,582; longest hold 42.57 ms median, 51.96 ms max by crates/n42/tx-queue/src/lib.rs:2046 (most frequent holders [('crates/n42/tx-queue/src/lib.rs:2046', 3), ('crates/n42/tx-queue/src/lib.rs:2692', 2)]); lock wait 2285.0 ms/5s, longest 52.01 ms; drains/5s 723 of 14848 tx, mean 1755 us, max 37.93 ms
           prune (310 blocks): prune_ms 38/85; fold 0.9 ms, lock 0.0 ms, remove(hold) 9.8 ms, free 0.0 ms; frames_swept 400; coalesced on 310 of 310; prune_wait_ms 0/0; pruner busy 49% of a thread, lock held by it 1.5%
== loop349K99Q64: pruner (per block; busy = sum prune_ms / 30 s, lock = sum (remove_us + settle_us) / 30 s)
  window 1: 296 prunes; prune_ms 37/87; remove_us 9.6/26.2 ms; forget_us 3.6/7.8 ms; settle_us 4.1 ms; pruner busy 47% of a worker; lanes lock held for removal 19%
  window 2: 301 prunes; prune_ms 39/81; remove_us 9.2/27.0 ms; forget_us 4.0/8.0 ms; settle_us 4.3 ms; pruner busy 48% of a worker; lanes lock held for removal 20%
  window 3: 310 prunes; prune_ms 38/85; remove_us 9.8/23.0 ms; forget_us 3.7/7.0 ms; settle_us 4.2 ms; pruner busy 49% of a worker; lanes lock held for removal 20%
== loop349K99Q64: seal start / pull, prepared plan, answer, chunked drain
  window 1: 317 builds; start_best_ms 5/18; start_walk_us 0/0; start_pull_ms 0/0; par_pull_ms 0/0; par_start_ms 5/18; par_ms 58/89; sealed_at_ms 56/85; pull_bulk_us 7/13; pull_bulk_txs 200000/200000; plan_age_us 61588/161793; plan_prep_us 9088/20374; plan_topup_txs 0/0
           plan_ahead {'1': 317}; plan_discard {'': 317}
           answer: built-ahead bytes median/max 15,241/15,245, layout_only {'true': 316}; proposal sent bytes median/max 15,241/15,245, layout_only {'true': 317}
           drain: chunks/5s 654, chunk max 8,192 tx, finished by others/5s 30; plan_discards (last ingest line) -
  window 2: 319 builds; start_best_ms 5/20; start_walk_us 0/0; start_pull_ms 0/0; par_pull_ms 0/0; par_start_ms 5/20; par_ms 55/79; sealed_at_ms 55/81; pull_bulk_us 7/14; pull_bulk_txs 200000/200000; plan_age_us 59567/158068; plan_prep_us 10242/20391; plan_topup_txs 0/0
           plan_ahead {'1': 319}; plan_discard {'': 319}
           answer: built-ahead bytes median/max 15,245/15,245, layout_only {'true': 318}; proposal sent bytes median/max 15,245/15,245, layout_only {'true': 318}
           drain: chunks/5s 670, chunk max 8,192 tx, finished by others/5s 31; plan_discards (last ingest line) -
  window 3: 321 builds; start_best_ms 5/23; start_walk_us 0/0; start_pull_ms 0/0; par_pull_ms 0/0; par_start_ms 5/23; par_ms 56/80; sealed_at_ms 59/83; pull_bulk_us 7/14; pull_bulk_txs 200000/200000; plan_age_us 59856/159673; plan_prep_us 10425/25236; plan_topup_txs 0/0
           plan_ahead {'1': 321}; plan_discard {'': 321}
           answer: built-ahead bytes median/max 15,245/15,245, layout_only {'true': 321}; proposal sent bytes median/max 15,245/15,245, layout_only {'true': 321}
           drain: chunks/5s 630, chunk max 8,192 tx, finished by others/5s 34; plan_discards (last ingest line) -
== loop349K99Q64: persistence per window (ms per block = part sum / blocks persisted)
  window 1: persisted 315 of 317 produced (99%); total 38.6, sf_tx 34.3, sf_rcpt 8.7, sf_acct 16.1, sf_send 11.9, scope 34.5, qmdb 17.1, post 0.0, pre 4.2, plain_rev 4.2, commit_sf 0.8, commit_mdbx 0.1, commit_rocks 0.1; longest task sf_tx 34.3; in-memory 8 -> 9 (max 9); RSS 4.2 -> 22.4 G; lag 8 -> 8 = +0.0 blocks/min; bp max 0
  window 2: persisted 318 of 318 produced (100%); total 39.0, sf_tx 35.1, sf_rcpt 8.8, sf_acct 17.6, sf_send 12.8, scope 35.2, qmdb 18.4, post 0.0, pre 3.8, plain_rev 3.8, commit_sf 1.1, commit_mdbx 0.1, commit_rocks 0.1; longest task sf_tx 35.1; in-memory 9 -> 9 (max 10); RSS 22.4 -> 26.7 G; lag 8 -> 9 = +2.0 blocks/min; bp max 0
  window 3: persisted 322 of 321 produced (100%); total 42.5, sf_tx 38.0, sf_rcpt 8.3, sf_acct 17.4, sf_send 12.2, scope 38.3, qmdb 19.4, post 0.0, pre 4.1, plain_rev 4.1, commit_sf 1.3, commit_mdbx 0.1, commit_rocks 0.1; longest task sf_tx 38.0; in-memory 9 -> 8 (max 10); RSS 26.7 -> 31.9 G; lag 9 -> 8 = -2.0 blocks/min; bp max 0
  leg end: in-memory 6, max over the sampler 10, backpressure stalls 0
== loop349K99Q64: execution and root fields (median / p90 per block); over 994 full builds: rename_fallbacks total 0, rename_record_waits total 0, carried_depth values ['1']
    folded lines 317: pending_max max 92 (median 75); pending_us_max max 28,698; drops_max max 75057
    flags: seal_on_counters true:317; freeze_pool_own true:317; plan_body 1:301/2:16; prep_from_plan false:16/true:301; plan_ahead 1:317; seal per 1,000 transfers 0.280 ms
  window 1 (317 builds): on-CPU share 1.00/1.00; CPU per transfer 3.41/4.25 us; sealed_at_ms 56/85; par_exec_ms 25/32; par_fold_ms 11/25; index_ms 18/30; par_start_ms 5/18; gap_before_exec_ms 1/19; state_wait_us 1,004/18,420; parent_fields_ms 6/32; roots_ms 38/58; seal_to_fields_us 61,032/86,816; seal_to_complete_us 136,150/170,871; rename_fallbacks 0/0; rename_record_waits 0/0; carried_depth 1/1; plan_body_us 20,968/28,460; batch_max_ms 10/16; tx_root_ms 1/2; sealed_ms 9/34
    folded lines 318: pending_max max 87 (median 76); pending_us_max max 25,234; drops_max max 37140
    flags: seal_on_counters true:319; freeze_pool_own true:319; plan_body 1:311/2:8; prep_from_plan false:8/true:311; plan_ahead 1:319; seal per 1,000 transfers 0.275 ms
  window 2 (319 builds): on-CPU share 1.00/1.00; CPU per transfer 3.30/4.11 us; sealed_at_ms 55/81; par_exec_ms 24/31; par_fold_ms 9/22; index_ms 18/25; par_start_ms 5/20; gap_before_exec_ms 0/14; state_wait_us 229/13,549; parent_fields_ms 10/34; roots_ms 41/60; seal_to_fields_us 63,829/85,148; seal_to_complete_us 139,774/168,617; rename_fallbacks 0/0; rename_record_waits 0/0; carried_depth 1/1; plan_body_us 22,258/27,966; batch_max_ms 9/14; tx_root_ms 1/2; sealed_ms 11/35
    folded lines 321: pending_max max 88 (median 74); pending_us_max max 28,306; drops_max max 33803
    flags: seal_on_counters true:321; freeze_pool_own true:321; plan_body 1:307/2:14; prep_from_plan false:14/true:307; plan_ahead 1:321; seal per 1,000 transfers 0.295 ms
  window 3 (321 builds): on-CPU share 1.00/1.00; CPU per transfer 3.53/4.33 us; sealed_at_ms 59/83; par_exec_ms 26/32; par_fold_ms 9/21; index_ms 18/27; par_start_ms 5/23; gap_before_exec_ms 0/13; state_wait_us 248/12,724; parent_fields_ms 12/33; roots_ms 43/64; seal_to_fields_us 66,422/87,627; seal_to_complete_us 148,177/175,914; rename_fallbacks 0/0; rename_record_waits 0/0; carried_depth 1/1; plan_body_us 23,037/29,805; batch_max_ms 10/17; tx_root_ms 1/3; sealed_ms 13/35
== loop349K99Q64: 3310 proposals; proposal -> quorum (leader's commit) median 64.0 / p90 80.8 / max 181.3 ms; proposal interval median 80.5 / p90 97.5 ms; TC formed lines 0; leader views timed out 0; ParentUnknown lines 0
   handover at view 1024: proposal intervals (view, ms) [(1023, 83), (1024, 100), (1025, 83), (1026, 93), (1027, 109)] against the median 80 ms
   handover at view 2048: proposal intervals (view, ms) [(2047, 85), (2048, 73), (2049, 77), (2050, 109), (2051, 76)] against the median 80 ms
   handover at view 3072: proposal intervals (view, ms) [(3071, 88), (3072, 68), (3073, 77), (3074, 81), (3075, 68)] against the median 80 ms
     block 1026 (view 1025): sealed_at_ms 59, gap_before_exec_ms 11, parent_fields_ms 17, rename_fallbacks 0, rename_record_waits 0, carried_depth 1
     block 1027 (view 1026): sealed_at_ms 83, gap_before_exec_ms 0, parent_fields_ms 25, rename_fallbacks 0, rename_record_waits 0, carried_depth 1
     block 1028 (view 1027): sealed_at_ms 66, gap_before_exec_ms 9, parent_fields_ms 34, rename_fallbacks 0, rename_record_waits 0, carried_depth 1
flood span 95 s; tokio-rt threads alive throughout 34 of 78; group 8.9 cores busy over them (all threads incl. short-lived 11.3)
  per-thread cores busy, top 12: 0.57 0.55 0.54 0.54 0.54 0.53 0.53 0.52 0.51 0.51 0.51 0.51; threads over 0.9 core: 0, over 0.7: 0
== loop349K99Q64: 957 full builds in the 3 windows
  par_exec_ms 25/31; par_run_ms 29/45; batch_start_skew_ms 19/24; batch_median_ms 5/6; batch_max_ms 10/16; batch_first_start_us 95/160; batch_last_start_us 19334/24239; batch_dispatch_us 255/394; batch_last_end_us 24954/31698; batches 128/128; batch_threads 32/32; batch_txs_max 2000/2000; batch_txs_min 1500/1500; start_walk_ms 0/0; start_walk_check_ms 0/0; par_start_ms 5/20; sealed_at_ms 56/83; prev_seal_to_answer_us 2607/5848; prev_seal_to_entry_us 0/0; prev_seal_to_header_us 251/454; prev_seal_to_import_us 148797/193417; prev_seal_to_request_us 2703/118199; prev_seal_to_start_us 3210/118516; start_walk_check_us 0/0; start_walk_ids_us 0/0; start_walk_settle_us 0/0; start_walk_us 0/0
  one_wave {'false': 957}
  batches == batch_threads on 0 of 957 builds
  last - first batch start (ms) median/p90 19.22/24.12; under 2 ms on 0 of 957 builds
bodygate loop349K99Q64: invalid_blocks=0 gas_mismatch=0 fields_mismatches=0 own_not_committed=0 proposals_given_up=0
leg loop349K99DQ64AQG: /data free 516G (needs 120 G)
load 224.43 at 10:03:35, waiting
load 136.01 at 10:04:05, waiting
load 82.57 at 10:04:35, waiting
load 50.04 at 10:05:05, waiting
plan loop349K99DQ64AQG: exit 0 (99 validators, 1 layer(s)): # validators 99, execution layers 1, 128 CPUs a layer, import-once 1, shared 1; # validators : 96 CPUs set aside, taskset -c 64-111,192-239; # fleet    : 99 nodes, quorum 67 of 99 (f = 32); 0 refusals
leg loop349K99DQ64AQG start 10:05:36 load 30.40
round loop349K99DQ64AQG exit 0 at 10:08:49
loop349K99DQ64AQG save stages (node0, seconds summed over the leg / count): batch_size=1789.0/583  batch_size=1789.0/583  reth_consensus_engine_beacon_persistence_duration=57.2/583  duration_seconds=51.5/583  total=47.5/583  scope=42.7/583  sf=42.3/583  sf_transactions=42.0/583  qmdb_persisted=23.7/583  sf_account_changesets=19.2/583
el binary: /data/n42-build/target-n42-rs/native/release/n42 env: N42_IMPORT_ONCE=1 N42_SETTLEMENT_TAGS=legacy N42_BUILD_THROTTLE_SOFT=48 F7_EL_MAP=0,0,0,0,0,0,0,0,0,0,0,0,0,0,0,0,0,0,0,0,0,0,0,0,0,0,0,0,0,0,0,0,0,0,0,0,0,0,0,0,0,0,0,0,0,0,0,0,0,0,0,0,0,0,0,0,0,0,0,0,0,0,0,0,0,0,0,0,0,0,0,0,0,0,0,0,0,0,0,0,0,0,0,0,0,0,0,0,0,0,0,0,0,0,0,0,0,0,0 N42_FIELDS_AT_SEAL=1 N42_FREEZE_AFTER_SEAL=1 N42_FRAME_BLOCKS=1 N42_TX_INGEST_RECOVER_PARALLEL=24 N42_FREEZE_POOL=own N42_PARALLEL_BUILD_THREADS=32 N42_PLAN_AHEAD=1 N42_HASHED_TABLES=off F7_FLOOD_RATE=6000000 N42_COMPACT_BODY=1 N42_BUILD_BATCHES=128 MALLOC_CONF=thp:always,oversize_threshold:0,dirty_decay_ms:2000,background_thread:true N42_SEAL_ON_COUNTERS=1 N42_ACCOUNT_HISTORY=off N42_TAKE_COMPACT=1 N42_SF_EARLY_WRITEBACK=1 F7_VAL_NO_MALLOC_CONF=1 N42_ROAD_RUNTIME=1 N42_TX_INGEST_HIGH_WATER=2500000 F7_BENCH_POOL_SLOTS=3000000 N42_PLAN_AHEAD_BODY=1 N42_SEAL_AT_EXEC=1 N42_TX_QUEUE_DRAIN_CHUNK=8192 N42_ANSWER_LAYOUT_ONLY=1 N42_PULL_BY_FRAMES=1 N42_SF_PARALLEL_ENCODE=1 N42_BUILD_THROTTLE_HARD=80 N42_LIVE_INDEX_DEFER=1 RAYON_NUM_THREADS=16 F7_VAL_CPUS=96 N42_ROOT_OPS_AHEAD=1 TOKIO_WORKER_THREADS=16 N42_QMDB_READS=on N42_LEADER_LAYERS=3 N42_PERSIST_QMDB_IN_SCOPE=1 F7_BLOCK_INTERVAL_MS=60 F7_MEASURE_FROM_LOG=1
validator env: N42_IMPORT_ONCE=1 N42_SETTLEMENT_TAGS=legacy N42_BUILD_THROTTLE_SOFT=48 F7_EL_MAP=0,0,0,0,0,0,0,0,0,0,0,0,0,0,0,0,0,0,0,0,0,0,0,0,0,0,0,0,0,0,0,0,0,0,0,0,0,0,0,0,0,0,0,0,0,0,0,0,0,0,0,0,0,0,0,0,0,0,0,0,0,0,0,0,0,0,0,0,0,0,0,0,0,0,0,0,0,0,0,0,0,0,0,0,0,0,0,0,0,0,0,0,0,0,0,0,0,0,0 N42_FIELDS_AT_SEAL=1 N42_FREEZE_AFTER_SEAL=1 N42_FRAME_BLOCKS=1 N42_TX_INGEST_RECOVER_PARALLEL=24 N42_FREEZE_POOL=own N42_PARALLEL_BUILD_THREADS=32 N42_PLAN_AHEAD=1 N42_HASHED_TABLES=off F7_FLOOD_RATE=6000000 N42_COMPACT_BODY=1 N42_BUILD_BATCHES=128 N42_SEAL_ON_COUNTERS=1 N42_ACCOUNT_HISTORY=off N42_TAKE_COMPACT=1 N42_SF_EARLY_WRITEBACK=1 N42_ROAD_RUNTIME=1 N42_TX_INGEST_HIGH_WATER=2500000 F7_BENCH_POOL_SLOTS=3000000 N42_PLAN_AHEAD_BODY=1 N42_SEAL_AT_EXEC=1 N42_TX_QUEUE_DRAIN_CHUNK=8192 N42_ANSWER_LAYOUT_ONLY=1 N42_PULL_BY_FRAMES=1 N42_SF_PARALLEL_ENCODE=1 N42_BUILD_THROTTLE_HARD=80 N42_LIVE_INDEX_DEFER=1 RAYON_NUM_THREADS=16 F7_VAL_CPUS=96 N42_ROOT_OPS_AHEAD=1 TOKIO_WORKER_THREADS=16 N42_QMDB_READS=on N42_LEADER_LAYERS=3 N42_PERSIST_QMDB_IN_SCOPE=1 F7_MEASURE_FROM_LOG=1
loop349K99DQ64AQG once: start-up lines import_once=true 1; last direct-import counters 
loop349K99DQ64AQG imports: layers=1 direct_imports=0 canonical_blocks=3836 import_once_lines=1 (per layer: direct imports should equal canonical blocks for one execution per block)
grep: /data/blockchain/rust-fleet7-bench/node1/el.log: No such file or directory
grep: /data/blockchain/rust-fleet7-bench/node2/el.log: No such file or directory
grep: /data/blockchain/rust-fleet7-bench/node3/el.log: No such file or directory
grep: /data/blockchain/rust-fleet7-bench/node1/el.log: No such file or directory
grep: /data/blockchain/rust-fleet7-bench/node2/el.log: No such file or directory
grep: /data/blockchain/rust-fleet7-bench/node3/el.log: No such file or directory
cat: /data/blockchain/rust-fleet7-bench/node2/el.log: No such file or directory
cat: /data/blockchain/rust-fleet7-bench/node2/el.log: No such file or directory
cat: /data/blockchain/rust-fleet7-bench/node2/el.log: No such file or directory
cat: /data/blockchain/rust-fleet7-bench/node1/el.log: No such file or directory
cat: /data/blockchain/rust-fleet7-bench/node2/el.log: No such file or directory
cat: /data/blockchain/rust-fleet7-bench/node3/el.log: No such file or directory
Traceback (most recent call last):
  File [35m"<stdin>"[0m, line [35m4[0m, in [35m<module>[0m
[1;35mIndexError[0m: [35mlist index out of range[0m
loop349K99DQ64AQG no_variant=0 own_not_committed=0 tc=0 invalid_blocks=0 incomplete=0 gas_mismatch=0 direct_imports_failed=0 stuck_at_hashed_state=0 engine_idles_over_5s=1 proposals_given_up=0 tables_off_nodes=1 unanswered_reads=0 seal_first_total=1247 seal_first_direct=1247 direct_guard_errors=0 commit_ms_median=0 fold_ms_median=8 sealed_at_ms_median=59 state_ready_ms_median=111 build_total_ms_median=194 recover_us_median=0 par_exec_ms_median=22 par_exec_ms_median=22 giveback_filtered=0 giveback_offered_max=200000 seal_first=1247 reader_lag_max=10 reader_lag_warns=0 view_invalidated=0 el_sum_peak_g=36.3 el_max_peak_g=36.3 val_sum_peak_g=15.4 flood_peak_g=0.6 two_roads_blocks=0 two_roads_overlap_ms_median=- exec_on_output_declined=0 r1_collect_ms_median=14 proposal_at_ms_median=34 view_total_ms_median=61 import_exec_ms_median=- import_total_ms_median=- import_senders_ms_median=- import_convert_ms_median=- import_groups_median=- imports_over_600ms=0 min_avail_g=58.7 road_foreign_body_recv_ms=- road_foreign_body_decode_ms=- road_foreign_body_senders_ms=- road_foreign_body_parent_wait_ms=- road_foreign_body_check_ms=- road_foreign_body_total_ms=- road_new_payload_recv_ms=- road_new_payload_decode_ms=- road_new_payload_senders_ms=- road_new_payload_parent_wait_ms=- road_new_payload_check_ms=- road_new_payload_total_ms=- road_foreign_body_blocks=0 road_new_payload_blocks=0 fcu_answered=1765 fcu_in_flight_ms_median=0 fcu_queued_ms_median=0 fcu_queued_ms_max=141 fcu_refused=0 fcu_slow=2371 bodies_held=0 road_reuse_ms=- road_prepare_ms=- road_dispatch_ms=- road_convert_ms=- road_remember_ms=- road_header_ms=- road_fields_ms=- road_other_ms=- import_engine_ms_median=- gate_forced=0 gate_warns=0 flood_timeouts=0 canonical_min=3914 canonical_max=3914 chained_builds=2330 chain_lead_ms_median=58 chain_wait_ms_median=0 chain_started=2332 chain_discarded=1 chain_discard_reasons=_1_reason="no_,_1_reason="the_execution_layer_produced_nothing chain_alias_warns=0 el_chained=2355 bodies_held_warns=0 el_build_refused=2 el_build_refused_reasons=_2_no_QMDB_tree_for_parent_block_0x queued_p5=2317500 queued_p50=2480500 road_compact_blocks=0 road_compact_recv_ms=- road_compact_assemble_ms=- road_compact_root_ms=- road_compact_miss_wait_ms=- road_compact_senders_ms=- road_compact_check_ms=- road_compact_other_ms=- road_compact_total_ms=- road_compact_misses_total= compact_refused_el=0 compact_fallbacks=0 compact_bytes_median=- pool_order9=13385 par_pull_ms_median=0 build_total_ms_median2=62 road_compact_filled_blocks=0 road_compact_filled_median=- road_compact_fill_ms_median=- need_txns=0 fill_failed=0 ingest_rate_gate_open_median=- ingest_gate_open_intervals=0 ingest_slots_busy_median=- flood_rate= fill_asked_proposer=0 fill_asked_other=0 loop_lines=0 loop_unnamed_ms_median=- loop_body_served_ms_median=- loop_txns_served_ms_median=- import_exec_ms_median2=- pip_partition_ms=- pip_env_ms=- pip_batch_ms=- pip_groups_ms=- pip_gas_ms=- pip_merge_ms=- pip_receipts_ms=- pip_drop_ms=- pip_other_ms=- pip_total_ms=- senders_indexed_median=- road_senders_ms_median=- road_total_ms_median=- pew_ms_median=- pew_ms_p90= gate_ms_median=- gate_ms_p90= root_ms_p50=- root_ms_p90= two_roads=0 not_on_output=0 not_on_output_why= ckpt_ms_first_q=2 ckpt_ms_last_q=53 ckpt_bytes_last=29722668 parent_still_importing=5 root_wait_ms_p50=- root_wait_ms_p90= tenures_low_seal=20 seal_first_share=0.99 empty_over_deep=0 near_empty_warns=0 no_seal_why= par_skipped_median=- usable_p5=2317500 ckpt_replay_ms_last_q=15 candidates_zero=0 dropped_ingest=0 let_go_warns=0 let_go_reasons= parked_p50=0 parked_max=0 held_warns=0 park_capped_total=0 superseded_builds=0 empty_not_superseded=0 mass_park_warns=0 heads_lines=0 holes_lines=0 stale_parent_refusals=0 par_groups_p5=0 cancelled_decided=0 heads_nonce0=0 stale_unconfirmed= handovers=5 el_panics=0 decided_cancelled=0 min_window_blocks=388 road_desc_blocks=0 road_desc_total_ms=- road_desc_copy_ms=- desc_misses=0 fill_failed2=0 sf_par_collect_ms=0 sf_par_commit_ms=0 sf_par_fold_ms=8 sf_par_graft_ms=0 sf_par_prefault_ms=0 sf_par_exec_ms=22 sf_sealed_at_ms=59 sf_roots_ms=38 sf_state_ready_ms=111 sf_total_ms=195 ba_find_ms=0 ba_queue_ms=0 ba_total_ms=62 ba_on_output=1246 queue_fold_us=0 queue_lock_us=153 sf_par_exec_ms=22 sf_par_fold_ms=8 pip_groups_ms=- import_exec_ms_median2=- reads_d0=0 reads_hist=0 f_reads_d0=- f_reads_hist=- f_overlay_depth=- L_read_set_ms=0 read_set_accounts=0 read_set_unresolved=0 read_set_hits=0 read_set_misses=0 start_best_ms=- par_prep_ms=- gap_before_exec_ms=- gap_after_exec_ms=- gap_before_seal_ms=- index_ms=- road_copy_aside_ms=- road_copy_wait_ms=- road_total_ms=- queue_first_miss=queue_first_miss=0:2577,queue_first_miss=18446744073709551615:1257 root_append_behind=0 populate_lag_mb=0 swap_used_g=0 root_faults=- root_faults_p90= root_faults_entries=0 root_faults_offsets=0 root_faults_index=0 root_faults_bits=0 root_faults_twigs=0 root_faults_undo=0 root_faults_tmp=0 root_append_faults=3 root_twig_pool_misses=0 batch_max_ms=9 batch_min_ms=2 batch_median_ms=4 batch_cpu_max_ms=8 batch_txs_max=2000 batch_txs_min=1500 batch_start_skew_ms=17 batch_wait_ms=0 loop_fetch_ns=0 loop_check_ns=0 loop_transfer_ns=0 loop_receipt_ns=0 loop_gas_ns=0 loop_sink_ns=0 loop_other_ns=0 batch_setup_ns=0 batch_close_ns=0 imp_exec_part_ms=- imp_exec_batches_ms=- imp_exec_graft_ms=- imp_exec_batches=- imp_exec_threads=- imp_exec_batch_max_ms=- imp_exec_batch_median_ms=- imp_parent_output_wait_ms=- road_parent_output_wait_ms=- next_start_gap_ms=1 next_entry_gap_ms=0 commit_body_ahead_used=- imp_exec_keys_ms=- imp_keys_ahead=- imp_exec_sink_ms=- imp_exec_pre_ms=- imp_exec_post_ms=- imp_exec_receipts_ms=- imp_exec_drop_ms=- root_gap_ms=- queue_whole=queue_whole=false:2577,queue_whole=true:1257 tick_tick_late_us=955 tick_preamble_us=342 tick_take_sealed_us=4 tick_sign_us=1 tick_cache_us=0 tick_presealed=- tick_describe_us=43 tick_publish_us=653 tick_tick_to_send_us=2050 road_check_ms=- road_check_include_us=- road_check_scan_us=- road_check_fold_us=- road_check_senders_us=- road_check_frames_summarized=- road_check_frames_scanned=- imp_exec_start_gap_us=- imp_gap_road_us=- imp_gap_header_us=- imp_gap_senders_us=- imp_gap_parent_us=- imp_gap_setup_us=- imp_gap_keys_wait_us=- sealed_at_p90= sealed_over_130=0 roots_ms=- cycle_p90= batch_max_ms=- batch_median_ms=- imp_batch_max=- forest_lock_warns=1574 root_seal_ms=1 root_seals=34 root_majflt=6485 roots_p90= gp_layer=1256 ggp_missing=321 state_wait_split=0/0/0/0:424,8/0/0/0:49,6/0/0/0:46 qmdb_releases=0 state_wait_on= imp_road_end_ms=- imp_exec_start_ms=- imp_exec_end_ms=- imp_root_end_ms=- imp_fields_ready_ms=- imp_parent_fields_wait_ms=- imp_exec_ms=- imp_root_ms=- imp_checks_ms=- imp_engine_ms=- imp_total_ms=- road_parent_fields_wait_ms=- exec_read_ms=0 L_exec_evm_ms=0 L_exec_write_ms=0 L_exec_other_ms=0 L_reads_cache=0 L_reads_provider=0 L_reads_view=0 L_graft_base_ms=0 L_graft_reserve_ms=0 L_graft_insert_ms=0 L_graft_reverts_ms=0 L_graft_other_ms=0 L_par_exec_ms=22 L_par_graft_ms=0 F_exec_read_ms=- F_exec_evm_ms=- F_exec_write_ms=- F_exec_other_ms=- F_reads_cache=- F_reads_provider=- F_reads_view=- F_groups_ms=- L_tx_root_wait_ms=0 L_par_exec_ms=22 L_par_graft_ms=0 L_par_fold_ms=8 L_sealed_ms=10 L_state_ready_ms=111 L_roots_ms=38 L_finish_ms=119 L_total_ms=195 L_setup_ms=0 L_par_pull_ms=0 L_give_back_ms=0 L_state_wait_ms=6 L_state_after_pull=1247 L_seal_at_exec=1247 L_tx_root_ahead=0 flood_w1=2716420 txs_p10=200000 acq_us=514 slots_busy=12 ingest_rate=2664480 L_scope_join_ms=0 L_par_release_ms=0 L_commit_body_ms=0 L_par_commit_ms=0 L_give_back_ms=0 L_sealed_ms=10 L_par_exec_ms=22 L_state_wait_ms=6 L_par_pull_ms=0 L_par_prep_ms=0 L_par_start_ms=4 L_pre_exec_ms=0 L_par_run_ms=31 L_sealed_at_ms=59 F_partition_ms=- F_env_ms=- F_groups_ms=- F_merge_ms=- F_reverts_wait_ms=- F_ahead_wait_ms=- F_total_ms=- I_engine_ms=- I_root_ms=- I_total_ms=- H_engine_remember_ms=- H_engine_listing_ms=- H_engine_new_payload_ms=- busy_us=1 L_par_start_ms=4 L_start_handoff_ms=0 L_start_best_ms=4 L_start_puller_ms=0 L_par_pull_ms=0 L_par_prep_ms=0 L_state_wait_ms=6 L_par_exec_ms=22 L_par_commit_ms=0 L_sealed_ms=10 L_sealed_at_ms=59 L_par_graft_ms=0 L_graft_insert_ms=0 L_graft_reverts_ms=0 L_graft_split_us=0 L_graft_build_us=0 L_graft_merge_us=0 L_state_ready_ms=111 Q_queue_ms=0 R_dispatch_wait_ms=- R_total_ms=- R_road_runtime=1 gate_holds=0 peer_fetch=0 pool_limit=limit=4 gate_opened=gate_opened_for_block=0 I_root_ms=- flood_rate_hdr=rate=6000000/s fills=0 fill_waited=- slots_busy=12 acq_us=514 busy_us=1 converged=0 fallbacks=0 busy_us=1 recover_us=0 tf_on_output=3 tf_fallback=0 still_importing=5 busy_us=1 slots_busy=12 batches=altsig_txs=0 altsig_batches=0 tf_on_output=3 tf_fallback=0 gate_holds=0 sign_s=sign 0s replay_note=replay       : 64 files from /data/n42-pregen/g900000-400m, 400000000 transactio sign_s=sign 0s shard=shard_verified=0 shard_claimed=0 road_verified=- slots_busy=12 gate_us=8476 reply_us=9122 queued=2480500 assemble_ms=- road_take_ms=- road_body_ms=- road_encode_ms=- shards=16 shard_insert_ms=0 shard_wait_ms=0 shard_fold_ms=15 shard_append_ms=17 shard_merge_ms=66 state_ready_ms=111 roots_ms=38 exec_read_ms=0 exec_evm_ms=0 exec_write_ms=0 exec_other_ms=0 reads_cache=0 reads_provider=0 reads_view=0 par_run_ms=31 fold_task_cpu_max_us=14423 fold_task_minflt_max=1 fold_task_minflt_sum=1 fold_task_migrated=0 fold_task_nivcsw_max=0 fold_index=1 fold_index_build_ms=14 fold_index_conflicts=8216 fold_queue_us=59 fold_skew_us=42 fold_task_max_us=14436 fold_tail_us=19 start_best_ms=4 start_select_ms=0 start_walk_ms=0 start_walk_check_ms=0 start_best_other_ms=0 start_frames_by_ref=0 start_frames_slow=0 start_pull_ms=0 start_other_ms=0 start_handoff_ms=0 par_start_ms=4 par_prep_ms=0 par_commit_ms=0 commit_body_ms=0 par_fold_ms=8 sealed_ms=10 copy_ms=- prune_ms=0 frames=- frames_missing=- frame_root_ms=- root_ms=- frames_admitted=frames_admitted=498299 frames_unaligned=0 frame_root_indexed=- seal_layout_ms=1 seal_root_ms=0 attested= busy_us=1 slots_busy=12 reply_us=9122 prune_ms=0 body_refused=0 body_failed_late=0
loop349K99DQ64AQG win1 tps=2,720,000 txs=81,600,000 blocks= 408 cycle=0.074s occupancy=100.0% full(>=95%)=408/408 basefee=n/a (from the layer's log)
loop349K99DQ64AQG win2 tps=2,686,667 txs=80,600,000 blocks= 403 cycle=0.074s occupancy=100.0% full(>=95%)=403/403 basefee=n/a (from the layer's log)
loop349K99DQ64AQG win3 tps=2,586,667 txs=77,600,000 blocks= 388 cycle=0.077s occupancy=100.0% full(>=95%)=388/388 basefee=n/a (from the layer's log)
loop349K99DQ64AQG tps=2,720,000 round_txs=239800000 cycles_w1=
loop349K99DQ64AQG imp_fields_p90= b_p75=15
loop349K99DQ64AQG overlay: filter_skips=0 probes=0 ratio=- (ratio = skips/(skips+probes))
loop349K99DQ64AQG overlay_manager:       1 state_trie_overlay=false  state-ovly_cpu=0
loop349K99DQ64AQG verify: written to /data/blockchain/rust-fleet7-bench/bench-loop349K99DQ64AQG/verify.json
== validator memory at flood +70 s (loop349K99DQ64AQG)
validators 99: RSS sum 15.1 G, max 0.16 G, mean 0.15 G; threads 11781 (mean 119)
one validator (pid 2259230):
VmHWM:	  151852 kB
VmRSS:	  151852 kB
RssAnon:	  136028 kB
RssFile:	   15824 kB
RssShmem:	       0 kB
Threads:	119
Rss:              151852 kB
Private_Dirty:    136028 kB
Anonymous:        136028 kB
AnonHugePages:         0 kB
threads by name:
    113 h2_validator
      4 tokio-rt-worker
      1 n42-qmdb-prefau
      1 futures-timer
largest mappings by Rss:
37756  79e843200000-79e845800000
18824  79e81fe00000-79e825400000
11704  79e849900000-79e84b800000
10984  79e812d00000-79e816a00000
10948 /data/n42-build/target-n42-rs/native/release/examples/h2_validator 59769e0af000-59769ef49000
9104  79e848f00000-79e849800000
7284  79e845900000-79e846400000
6068  79e848800000-79e848e00000
RssAnon of all validators (MB):
anon n=99 min 136 median 136 max 142 MB, sum 13.5 G
RSS of all validators, sorted:
min 151.384 MB median 152.272 MB max 157.3 MB
== many-keys report loop349K99DQ64AQG
== loop349K99DQ64AQG: 99 validator logs, f=32, quorum 67
1. the leaders' commit lines
  R1_collect (proposal -> prepare QC): n=4194 p50 13.0 p90 53.0 p99 107.0 max 5809.0 ms
  R2_collect (prepare QC -> commit QC): n=4194 p50 12.0 p90 13.0 p99 19.0 max 23.0 ms
  total (proposal -> commit): n=4194 p50 61.0 p90 87.0 p99 151.0 max 5872.0 ms
  votes at formation: R1 median 67 max 67 (quorum 67); R2 median 67 max 67
2. vote collection at the traced leaders (first vote -> quorum -> last vote)
 R1 (vote), 3071 views:
    proposal -> first vote: n=3071 p50 4.3 p90 50.9 p99 100.7 max 185.3 ms
    first vote -> quorum: n=3071 p50 2.6 p90 3.4 p99 5.1 max 5797.3 ms
    quorum -> last vote: n=3071 p50 7.6 p90 8.2 p99 13.6 max 17.2 ms
    proposal -> last vote (the slowest key): n=3071 p50 14.7 p90 61.9 p99 116.0 max 5810.3 ms
   views with fewer than 98 votes received: 0
 R2 (commit_vote), 3071 views:
    proposal -> first vote: n=3071 p50 17.1 p90 64.5 p99 118.5 max 5812.6 ms
    first vote -> quorum: n=3071 p50 2.7 p90 3.3 p99 4.5 max 8.1 ms
    quorum -> last vote: n=3071 p50 11.8 p90 14.1 p99 22.1 max 33.6 ms
    proposal -> last vote (the slowest key): n=3071 p50 31.6 p90 82.2 p99 137.3 max 5828.7 ms
   views with fewer than 98 votes received: 0
3. the straggler rule and the loop
  proposal interval (same leader, consecutive views): n=4189 p50 61.5 p90 74.2 p99 131.8 max 5828.2 ms; >= 500 ms: 1
  `slow step` lines: 48 (transport+flush > 30 ms); by slowest event kind: other: 48 (max 68 ms)
  leaders' lines: 0
4. gossip propagation (proposal sent -> received at a traced follower)
    proposal arrival delay: n=9511 p50 1.0 p90 1.9 p99 3.2 max 8.6 ms
4b. the new fields (docs/E1_MANY_KEYS.md section 6), leaders' `block committed!` and `proposal sent` lines
    verify_us: n=4194 p50 10895.0 p90 11493.0 p99 12241.0 max 15684.0 us
    verify_n: n=4194 p50 143.0 p90 146.0 p99 154.0 max 179.0 
    verify_batches: n=4194 p50 3.0 p90 3.0 p99 3.0 max 7.0 
  verify_fallbacks: total 0 over 4194 blocks
    inbound_queue_max: n=4194 p50 32.0 p90 32.0 p99 38.0 max 113.0 
    gossip_poll_us: n=4194 p50 5625.0 p90 6310.0 p99 7114.0 max 25831.0 us
  straggler_waits (cumulative per leader log, summed over 5 leaders): 0; waits with straggler_wait_us > 0: 0 of 4194 proposals, none
  direct votes at the leaders: received 812832 (duplicates dropped 0); sent by those nodes 16380, fallbacks to gossip 4092; leaders led 4194 views = 822024 vote messages expected (2 rounds x 98); direct share of those 98.9%
5. validators
validators n=99: cpu total 19.92 cores, per key mean 0.201 median 0.193 max 0.546 (key 1) min 0.183; rss per key peak mean 0.154 max 0.159 G, sum of peaks 15.2 G; threads per key mean 119, total 11781
libp2p connections (last census of 5): 9699 in all (a full mesh of 99 is 4851); sockets per process min 96 median 98 max 98
== loop349K99DQ64AQG  (E=1: seven validator keys on one execution layer)
  window 1: canonical 409 blocks, 81.8M tx = 2,726,667/s (100.0% of window 1), full 408/409 (100%); cycle mean/median/p90 73.0/62.2/103.7 ms
    leader builds 409: sealed_at median/p90/p99 59/79/101; phases median/p90 ms: gap_before_exec 7/47, state_wait 6/47, par 60/87, par_exec 22/29, roots 39/55, parent_fields 10/31, sealed 11/32
    state_wait_on {'output': 186, 'none': 133, 'grandparent': 89, 'open': 1}; builds with state_wait > 20 ms: 100 ([('grandparent', 81), ('output', 19)]); gp_layer {1.0: 409}, ggp_missing {0.0: 317, 1.0: 92}
    queue at the builds min/median 1,953,000/2,511,000
    new field batch_cpu_sum_us: median/p90/max 608414.0/765646.0/1924879, nonzero 409
    new field batch_dispatch_us: median/p90/max 231.0/328.0/3819, nonzero 409
    new field batch_first_start_us: median/p90/max 90.0/142.0/723, nonzero 409
    new field batch_ivcsw: median/p90/max 1.0/8.0/20, nonzero 261
    new field batch_last_end_us: median/p90/max 22553.0/28982.0/64733, nonzero 409
    new field batch_last_start_us: median/p90/max 17132.0/21831.0/58326, nonzero 409
    new field batch_live_deferred: median/p90/max 75.0/81.0/89, nonzero 409
    new field batch_live_lock_hold_us: median/p90/max 10874.0/12934.0/17276, nonzero 409
    new field batch_live_lock_wait_us: median/p90/max 0.0/0.0/0, nonzero 0
    new field batch_live_lock_waits: median/p90/max 0.0/0.0/0, nonzero 0
    new field batch_majflt: median/p90/max 0.0/0.0/0, nonzero 0
    new field batch_minflt: median/p90/max 1042.0/10271.0/26095, nonzero 409
    new field batch_open_max_us: median/p90/max 389.0/500.0/3988, nonzero 409
    new field batch_open_sum_us: median/p90/max 9460.0/11834.0/15186, nonzero 409
    new field batch_threads: median/p90/max 32.0/32.0/32, nonzero 409
    new field batch_vcsw: median/p90/max 165.0/510.0/918, nonzero 409
    new field batch_view_index_wait_us: median/p90/max 0.0/24327.0/69626, nonzero 89
    new field batch_view_index_waits: median/p90/max 0.0/304.0/665, nonzero 89
    new field batch_view_slot_wait_us: median/p90/max 0.0/1841.0/14298, nonzero 96
    new field batch_view_slot_waits: median/p90/max 0.0/51.0/186, nonzero 96
    new field batch_wall_sum_us: median/p90/max 616810.0/782781.0/1927450, nonzero 409
    new field batches: median/p90/max 128.0/128.0/128, nonzero 409
    new field build_batches: median/p90/max 128.0/128.0/128, nonzero 409
    new field carried_depth: median/p90/max 1.0/1.0/1, nonzero 409
    new field exec_end_to_seal_us: median/p90/max 119.0/188.0/426, nonzero 409
    new field exec_partition_us: median/p90/max 7.0/10.0/2190, nonzero 409
    new field exec_prepared_groups: {'true': 404, 'false': 5}
    new field exec_prepared_slots: {'true': 404, 'false': 5}
    new field exec_slots_us: median/p90/max 0.0/0.0/1660, nonzero 5
    new field freeze_join_wait_us: median/p90/max 7586.0/20361.0/36220, nonzero 409
    new field freeze_late: {'true': 409}
    new field freeze_pool_own: {'true': 409}
    new field live_index_defer: {'true': 409}
    new field merge_accounts: median/p90/max 191400.0/194940.0/198601, nonzero 409
    new field merge_append_us: median/p90/max 3539.0/8606.0/26309, nonzero 409
    new field merge_early: {'false': 409}
    new field merge_join_wait_us: median/p90/max 0.0/0.0/0, nonzero 0
    new field merge_reverts: median/p90/max 191400.0/194940.0/198601, nonzero 409
    new field merge_reverts_us: median/p90/max 17158.0/24412.0/37834, nonzero 409
    new field merge_state_us: median/p90/max 45632.0/57797.0/71031, nonzero 409
    new field merge_tail_us: median/p90/max 0.0/0.0/2, nonzero 6
    new field merge_threads: median/p90/max 1.0/1.0/1, nonzero 409
    new field one_wave: {'false': 409}
    new field open_engine_us: median/p90/max 0.0/40269.0/73263, nonzero 92
    new field open_fallback: {'false': 317, 'true': 92}
    new field open_keep_us: median/p90/max 7.0/12.0/35, nonzero 409
    new field open_kept_accounts: median/p90/max 573729.0/582761.0/588949, nonzero 409
    new field open_layers: median/p90/max 3.0/3.0/3, nonzero 409
    new field open_provider_us: median/p90/max 90.0/162.0/853, nonzero 409
    new field plan_age_us: median/p90/max 53695.0/129517.0/163001, nonzero 409
    new field plan_ahead: median/p90/max 1.0/1.0/1, nonzero 409
    new field plan_body: median/p90/max 1.0/1.0/2, nonzero 409
    new field plan_body_us: median/p90/max 18244.0/22329.0/28276, nonzero 404
    new field plan_discard: {'': 409}
    new field plan_prep_us: median/p90/max 8385.0/16625.0/27853, nonzero 409
    new field plan_topup_txs: median/p90/max 0.0/0.0/0, nonzero 0
    new field prep_from_plan: {'true': 404, 'false': 5}
    new field prev_seal_to_answer_us: median/p90/max 2043.0/4026.0/8103, nonzero 409
    new field prev_seal_to_entry_us: median/p90/max 0.0/0.0/0, nonzero 0
    new field prev_seal_to_header_us: median/p90/max 220.0/366.0/2085, nonzero 409
    new field prev_seal_to_import_us: median/p90/max 140529.0/174751.0/216256, nonzero 362
    new field prev_seal_to_request_us: median/p90/max 1093.0/71803.0/110685, nonzero 409
    new field prev_seal_to_start_us: median/p90/max 1408.0/72263.0/110941, nonzero 409
    new field pull_bulk_txs: median/p90/max 200000.0/200000.0/200000, nonzero 409
    new field pull_bulk_us: median/p90/max 6.0/10.0/2563, nonzero 409
    new field receipts_late: {'false': 409}
    new field receipts_late_wait_us: median/p90/max 0.0/0.0/0, nonzero 0
    new field rename_fallbacks: median/p90/max 0.0/0.0/0, nonzero 0
    new field rename_record_waits: median/p90/max 0.0/0.0/0, nonzero 0
    new field root_apply_gap_us: median/p90/max 10.0/14.0/42, nonzero 409
    new field root_apply_total_us: median/p90/max 25015.0/36046.0/52538, nonzero 409
    new field root_compute_us: median/p90/max 27690.0/39060.0/57108, nonzero 409
    new field root_delta_us: median/p90/max 1300.0/4336.0/12691, nonzero 409
    new field root_index_us: median/p90/max 3197.0/6836.0/19472, nonzero 409
    new field root_leaves_us: median/p90/max 7864.0/13784.0/29161, nonzero 409
    new field root_note_us: median/p90/max 149.0/275.0/1792, nonzero 409
    new field root_ops_ahead: {'true': 409}
    new field root_ops_ahead_wait_us: median/p90/max 5320.0/15362.0/27611, nonzero 409
    new field root_ops_concat_us: median/p90/max 0.0/0.0/0, nonzero 0
    new field root_ops_encode_us: median/p90/max 6674.0/12880.0/26896, nonzero 409
    new field root_ops_finish_us: median/p90/max 2417.0/3584.0/11625, nonzero 409
    new field root_ops_sort_us: median/p90/max 4149.0/9843.0/17039, nonzero 409
    new field root_ops_us: median/p90/max 8178.0/18281.0/29584, nonzero 409
    new field root_rehash_us: median/p90/max 1397.0/1964.0/15091, nonzero 409
    new field root_retire_us: median/p90/max 2008.0/3710.0/10568, nonzero 409
    new field root_sort_us: median/p90/max 260.0/885.0/3796, nonzero 409
    new field root_undo_us: median/p90/max 428.0/959.0/3630, nonzero 409
    new field root_writes_us: median/p90/max 7760.0/13421.0/25816, nonzero 409
    new field seal_hashes_ahead: {'true': 409}
    new field seal_on_counters: {'true': 409}
    new field seal_to_complete_us: median/p90/max 127767.0/150258.0/181142, nonzero 409
    new field seal_to_frozen_us: median/p90/max 7577.0/20296.0/36130, nonzero 250
    new field seal_to_merge_end_us: median/p90/max 127675.0/150145.0/181025, nonzero 409
    new field seal_to_merge_start_us: median/p90/max 59645.0/73834.0/94108, nonzero 409
    new field seal_to_ops_ahead_us: median/p90/max 24445.0/36813.0/50873, nonzero 409
    new field seal_to_shards_ready_us: median/p90/max 14269.0/23594.0/39279, nonzero 409
    new field seal_to_state_ready_us: median/p90/max 127682.0/150157.0/181032, nonzero 409
    new field sealed_unix_us: median/p90/max 1791468447281744.0/1791468459386357.0/1791468462178404, nonzero 409
    new field start_walk_check_us: median/p90/max 0.0/0.0/0, nonzero 0
    new field start_walk_ids_us: median/p90/max 0.0/0.0/0, nonzero 0
    new field start_walk_settle_us: median/p90/max 0.0/0.0/0, nonzero 0
    new field start_walk_us: median/p90/max 0.0/0.0/0, nonzero 0
    new field state_wait_us: median/p90/max 6726.0/47649.0/78906, nonzero 409
    new field view_journal_reads: median/p90/max 0.0/77824.0/192512, nonzero 183
    new field view_journal_searches: median/p90/max 0.0/206000.0/554803, nonzero 183
    new field view_journal_skips: median/p90/max 0.0/0.0/0, nonzero 0
    new field whole_take_noted: {'true': 409}
    binding wait (tick / quorum / seal share, mean cycle): tick 91% (69); quorum 9% (119); seal 0% (71); feed-bound (blocks under 95% of the tier): 1 of 409
    slowest key vote delay median/p90 23.0/73.3 ms
    engine own-import total_ms per block median/p90/max 44/72/97 (n=408)
    layer RSS 4.2 -> 24.7 G (max 24.7), in-memory blocks max 10
    execution layer cores busy 33.8    validators cores busy 19.8
    flood delivered (median per 5 s over the leg) 2,679,580/s
  window 2: canonical 403 blocks, 80.6M tx = 2,686,667/s (98.5% of window 1), full 403/403 (100%); cycle mean/median/p90 71.2/62.0/97.8 ms
    leader builds 404: sealed_at median/p90/p99 61/87/114; phases median/p90 ms: gap_before_exec 6/50, state_wait 6/49, par 60/92, par_exec 22/28, roots 39/59, parent_fields 10/33, sealed 11/35
    state_wait_on {'none': 129, 'output': 166, 'grandparent': 104, 'layer_release': 2, 'open': 3}; builds with state_wait > 20 ms: 99 ([('grandparent', 92), ('output', 7)]); gp_layer {1.0: 404}, ggp_missing {0.0: 299, 1.0: 105}
    queue at the builds min/median 2,225,500/2,513,500
    new field batch_cpu_sum_us: median/p90/max 603760.0/748569.0/1833435, nonzero 404
    new field batch_dispatch_us: median/p90/max 227.0/351.0/4021, nonzero 404
    new field batch_first_start_us: median/p90/max 83.0/138.0/331, nonzero 404
    new field batch_ivcsw: median/p90/max 1.0/10.0/52, nonzero 272
    new field batch_last_end_us: median/p90/max 22001.0/28300.0/63519, nonzero 404
    new field batch_last_start_us: median/p90/max 17017.0/21600.0/54378, nonzero 404
    new field batch_live_deferred: median/p90/max 75.0/84.0/216, nonzero 404
    new field batch_live_lock_hold_us: median/p90/max 10895.0/13476.0/36802, nonzero 404
    new field batch_live_lock_wait_us: median/p90/max 0.0/0.0/0, nonzero 0
    new field batch_live_lock_waits: median/p90/max 0.0/0.0/0, nonzero 0
    new field batch_majflt: median/p90/max 0.0/0.0/13, nonzero 6
    new field batch_minflt: median/p90/max 1225.0/9691.0/31650, nonzero 404
    new field batch_open_max_us: median/p90/max 384.0/521.0/3985, nonzero 404
    new field batch_open_sum_us: median/p90/max 9189.0/11975.0/33873, nonzero 404
    new field batch_threads: median/p90/max 32.0/32.0/32, nonzero 404
    new field batch_vcsw: median/p90/max 166.5/500.0/846, nonzero 404
    new field batch_view_index_wait_us: median/p90/max 0.0/25042.0/66407, nonzero 104
    new field batch_view_index_waits: median/p90/max 0.0/283.0/659, nonzero 104
    new field batch_view_slot_wait_us: median/p90/max 0.0/2079.0/10365, nonzero 109
    new field batch_view_slot_waits: median/p90/max 0.0/48.0/104, nonzero 110
    new field batch_wall_sum_us: median/p90/max 611678.0/763268.0/1834965, nonzero 404
    new field batches: median/p90/max 128.0/128.0/128, nonzero 404
    new field build_batches: median/p90/max 128.0/128.0/128, nonzero 404
    new field carried_depth: median/p90/max 1.0/1.0/1, nonzero 404
    new field exec_end_to_seal_us: median/p90/max 115.0/180.0/497, nonzero 404
    new field exec_partition_us: median/p90/max 7.0/10.0/1812, nonzero 404
    new field exec_prepared_groups: {'true': 401, 'false': 3}
    new field exec_prepared_slots: {'true': 401, 'false': 3}
    new field exec_slots_us: median/p90/max 0.0/0.0/2747, nonzero 5
    new field freeze_join_wait_us: median/p90/max 2926.5/16196.0/33690, nonzero 403
    new field freeze_late: {'true': 404}
    new field freeze_pool_own: {'true': 404}
    new field live_index_defer: {'true': 404}
    new field merge_accounts: median/p90/max 192271.5/195373.0/199488, nonzero 404
    new field merge_append_us: median/p90/max 3262.5/10714.0/23632, nonzero 404
    new field merge_early: {'false': 404}
    new field merge_join_wait_us: median/p90/max 0.0/0.0/0, nonzero 0
    new field merge_reverts: median/p90/max 192271.5/195373.0/199488, nonzero 404
    new field merge_reverts_us: median/p90/max 16867.5/25255.0/39869, nonzero 404
    new field merge_state_us: median/p90/max 45810.0/57690.0/75805, nonzero 404
    new field merge_tail_us: median/p90/max 0.0/0.0/1, nonzero 8
    new field merge_threads: median/p90/max 1.0/1.0/1, nonzero 404
    new field one_wave: {'false': 404}
    new field open_engine_us: median/p90/max 0.0/40365.0/84989, nonzero 105
    new field open_fallback: {'false': 299, 'true': 105}
    new field open_keep_us: median/p90/max 7.0/12.0/6163, nonzero 404
    new field open_kept_accounts: median/p90/max 576215.0/583357.0/591583, nonzero 404
    new field open_layers: median/p90/max 3.0/3.0/3, nonzero 404
    new field open_provider_us: median/p90/max 87.0/164.0/736, nonzero 404
    new field plan_age_us: median/p90/max 55413.0/123755.0/218726, nonzero 403
    new field plan_ahead: median/p90/max 1.0/1.0/1, nonzero 403
    new field plan_body: median/p90/max 1.0/1.0/2, nonzero 403
    new field plan_body_us: median/p90/max 17883.5/21043.0/26808, nonzero 401
    new field plan_discard: {'': 403, 'not_on_its_parent': 1}
    new field plan_prep_us: median/p90/max 8613.0/16902.0/28487, nonzero 403
    new field plan_topup_txs: median/p90/max 0.0/0.0/0, nonzero 0
    new field prep_from_plan: {'true': 401, 'false': 3}
    new field prev_seal_to_answer_us: median/p90/max 1876.0/3472.0/6432, nonzero 404
    new field prev_seal_to_entry_us: median/p90/max 0.0/0.0/0, nonzero 0
    new field prev_seal_to_header_us: median/p90/max 207.0/324.0/1231, nonzero 404
    new field prev_seal_to_import_us: median/p90/max 144077.0/182752.0/230558, nonzero 365
    new field prev_seal_to_request_us: median/p90/max 1058.0/72964.0/154551, nonzero 404
    new field prev_seal_to_start_us: median/p90/max 1382.0/73265.0/154907, nonzero 404
    new field pull_bulk_txs: median/p90/max 200000.0/200000.0/200000, nonzero 404
    new field pull_bulk_us: median/p90/max 6.0/10.0/1306, nonzero 404
    new field receipts_late: {'false': 404}
    new field receipts_late_wait_us: median/p90/max 0.0/0.0/0, nonzero 0
    new field rename_fallbacks: median/p90/max 0.0/0.0/0, nonzero 0
    new field rename_record_waits: median/p90/max 0.0/0.0/0, nonzero 0
    new field root_apply_gap_us: median/p90/max 11.0/15.0/32, nonzero 404
    new field root_apply_total_us: median/p90/max 25560.0/39480.0/62873, nonzero 404
    new field root_compute_us: median/p90/max 27946.5/43025.0/81323, nonzero 404
    new field root_delta_us: median/p90/max 1287.5/3376.0/16618, nonzero 404
    new field root_index_us: median/p90/max 3286.5/7312.0/18447, nonzero 404
    new field root_leaves_us: median/p90/max 7798.5/13618.0/24634, nonzero 404
    new field root_note_us: median/p90/max 146.5/253.0/2077, nonzero 404
    new field root_ops_ahead: {'true': 404}
    new field root_ops_ahead_wait_us: median/p90/max 5282.0/12649.0/27796, nonzero 404
    new field root_ops_concat_us: median/p90/max 0.0/0.0/0, nonzero 0
    new field root_ops_encode_us: median/p90/max 6704.5/11906.0/23862, nonzero 404
    new field root_ops_finish_us: median/p90/max 2304.0/4044.0/11031, nonzero 404
    new field root_ops_sort_us: median/p90/max 4528.5/9147.0/25399, nonzero 404
    new field root_ops_us: median/p90/max 7991.5/16316.0/29758, nonzero 404
    new field root_rehash_us: median/p90/max 1918.5/2761.0/17243, nonzero 404
    new field root_retire_us: median/p90/max 2015.0/3943.0/13118, nonzero 404
    new field root_sort_us: median/p90/max 279.5/904.0/5493, nonzero 404
    new field root_undo_us: median/p90/max 368.5/960.0/4544, nonzero 404
    new field root_writes_us: median/p90/max 7923.0/14594.0/34312, nonzero 404
    new field seal_hashes_ahead: {'true': 404}
    new field seal_on_counters: {'true': 404}
    new field seal_to_complete_us: median/p90/max 127885.0/154367.0/225151, nonzero 404
    new field seal_to_frozen_us: median/p90/max 2857.5/16158.0/33674, nonzero 221
    new field seal_to_merge_end_us: median/p90/max 127789.5/154247.0/224986, nonzero 404
    new field seal_to_merge_start_us: median/p90/max 58884.0/78469.0/113449, nonzero 404
    new field seal_to_ops_ahead_us: median/p90/max 23152.5/33155.0/54511, nonzero 404
    new field seal_to_shards_ready_us: median/p90/max 13357.0/20071.0/37440, nonzero 404
    new field seal_to_state_ready_us: median/p90/max 127797.0/154260.0/224998, nonzero 404
    new field sealed_unix_us: median/p90/max 1791468476985648.5/1791468489297887.0/1791468492249707, nonzero 404
    new field start_walk_check_us: median/p90/max 0.0/0.0/2167, nonzero 1
    new field start_walk_ids_us: median/p90/max 0.0/0.0/592, nonzero 1
    new field start_walk_settle_us: median/p90/max 0.0/0.0/0, nonzero 0
    new field start_walk_us: median/p90/max 0.0/0.0/7036, nonzero 1
    new field state_wait_us: median/p90/max 6321.0/49937.0/106972, nonzero 404
    new field view_journal_reads: median/p90/max 0.0/86016.0/176128, nonzero 177
    new field view_journal_searches: median/p90/max 0.0/210716.0/516448, nonzero 177
    new field view_journal_skips: median/p90/max 0.0/0.0/0, nonzero 0
    new field whole_take_noted: {'true': 404}
    binding wait (tick / quorum / seal share, mean cycle): tick 94% (69); quorum 5% (115); seal 1% (69); feed-bound (blocks under 95% of the tier): 0 of 403
    slowest key vote delay median/p90 18.1/70.2 ms
    engine own-import total_ms per block median/p90/max 45/71/107 (n=403)
    layer RSS 24.7 -> 35.4 G (max 35.8), in-memory blocks max 10
    execution layer cores busy 33.6    validators cores busy 19.2
  window 3: canonical 388 blocks, 77.6M tx = 2,586,667/s (94.9% of window 1), full 388/388 (100%); cycle -
    leader builds 388: sealed_at median/p90/p99 58/93/135; phases median/p90 ms: gap_before_exec 7/57, state_wait 7/57, par 58/98, par_exec 22/31, roots 37/56, parent_fields 3/25, sealed 5/27
    state_wait_on {'none': 128, 'grandparent': 111, 'output': 147, 'layer_release': 2}; builds with state_wait > 20 ms: 95 ([('grandparent', 89), ('output', 6)]); gp_layer {1.0: 388}, ggp_missing {0.0: 273, 1.0: 115}
    queue at the builds min/median 2,211,000/2,517,000
    new field batch_cpu_sum_us: median/p90/max 600627.5/776875.0/2595187, nonzero 388
    new field batch_dispatch_us: median/p90/max 225.5/322.0/1851, nonzero 388
    new field batch_first_start_us: median/p90/max 79.0/129.0/468, nonzero 388
    new field batch_ivcsw: median/p90/max 2.0/9.0/32, nonzero 270
    new field batch_last_end_us: median/p90/max 22250.5/31047.0/99998, nonzero 388
    new field batch_last_start_us: median/p90/max 17310.5/22646.0/72653, nonzero 388
    new field batch_live_deferred: median/p90/max 74.0/82.0/264, nonzero 388
    new field batch_live_lock_hold_us: median/p90/max 10797.0/13331.0/30389, nonzero 388
    new field batch_live_lock_wait_us: median/p90/max 0.0/0.0/0, nonzero 0
    new field batch_live_lock_waits: median/p90/max 0.0/0.0/0, nonzero 0
    new field batch_majflt: median/p90/max 0.0/0.0/5148, nonzero 30
    new field batch_minflt: median/p90/max 1130.0/13244.0/29720, nonzero 388
    new field batch_open_max_us: median/p90/max 391.5/553.0/3860, nonzero 388
    new field batch_open_sum_us: median/p90/max 9578.0/12298.0/16389, nonzero 388
    new field batch_threads: median/p90/max 32.0/32.0/32, nonzero 388
    new field batch_vcsw: median/p90/max 177.0/561.0/5368, nonzero 388
    new field batch_view_index_wait_us: median/p90/max 0.0/22412.0/196025, nonzero 87
    new field batch_view_index_waits: median/p90/max 0.0/264.0/601, nonzero 87
    new field batch_view_slot_wait_us: median/p90/max 0.0/1589.0/4516, nonzero 91
    new field batch_view_slot_waits: median/p90/max 0.0/45.0/96, nonzero 91
    new field batch_wall_sum_us: median/p90/max 618720.0/811861.0/2614359, nonzero 388
    new field batches: median/p90/max 128.0/128.0/128, nonzero 388
    new field build_batches: median/p90/max 128.0/128.0/128, nonzero 388
    new field carried_depth: median/p90/max 1.0/1.0/1, nonzero 388
    new field exec_end_to_seal_us: median/p90/max 104.0/153.0/498, nonzero 388
    new field exec_partition_us: median/p90/max 7.0/10.0/1566, nonzero 388
    new field exec_prepared_groups: {'true': 383, 'false': 5}
    new field exec_prepared_slots: {'true': 383, 'false': 5}
    new field exec_slots_us: median/p90/max 0.0/0.0/2219, nonzero 5
    new field freeze_join_wait_us: median/p90/max 9691.0/17330.0/28396, nonzero 388
    new field freeze_late: {'true': 388}
    new field freeze_pool_own: {'true': 388}
    new field live_index_defer: {'true': 388}
    new field merge_accounts: median/p90/max 192149.5/195246.0/197561, nonzero 388
    new field merge_append_us: median/p90/max 3815.5/8794.0/23662, nonzero 388
    new field merge_early: {'false': 388}
    new field merge_join_wait_us: median/p90/max 0.0/0.0/0, nonzero 0
    new field merge_reverts: median/p90/max 192149.5/195246.0/197561, nonzero 388
    new field merge_reverts_us: median/p90/max 16634.5/24802.0/70284, nonzero 388
    new field merge_state_us: median/p90/max 42964.5/55456.0/84867, nonzero 388
    new field merge_tail_us: median/p90/max 0.0/0.0/2, nonzero 13
    new field merge_threads: median/p90/max 1.0/1.0/1, nonzero 388
    new field one_wave: {'false': 388}
    new field open_engine_us: median/p90/max 0.0/47951.0/136306, nonzero 115
    new field open_fallback: {'false': 273, 'true': 115}
    new field open_keep_us: median/p90/max 7.0/11.0/5102, nonzero 388
    new field open_kept_accounts: median/p90/max 576113.0/582500.0/586595, nonzero 388
    new field open_layers: median/p90/max 3.0/3.0/3, nonzero 388
    new field open_provider_us: median/p90/max 84.0/163.0/1266, nonzero 388
    new field plan_age_us: median/p90/max 55570.5/129229.0/189938, nonzero 388
    new field plan_ahead: median/p90/max 1.0/1.0/1, nonzero 388
    new field plan_body: median/p90/max 1.0/1.0/2, nonzero 388
    new field plan_body_us: median/p90/max 17566.5/21420.0/30867, nonzero 383
    new field plan_discard: {'': 388}
    new field plan_prep_us: median/p90/max 8253.5/18016.0/61894, nonzero 388
    new field plan_topup_txs: median/p90/max 0.0/0.0/0, nonzero 0
    new field prep_from_plan: {'true': 383, 'false': 5}
    new field prev_seal_to_answer_us: median/p90/max 1962.5/4206.0/7305, nonzero 388
    new field prev_seal_to_entry_us: median/p90/max 0.0/0.0/0, nonzero 0
    new field prev_seal_to_header_us: median/p90/max 199.5/356.0/879, nonzero 388
    new field prev_seal_to_import_us: median/p90/max 147308.0/189542.0/245447, nonzero 333
    new field prev_seal_to_request_us: median/p90/max 1091.5/74271.0/123701, nonzero 388
    new field prev_seal_to_start_us: median/p90/max 1401.0/74631.0/123983, nonzero 388
    new field pull_bulk_txs: median/p90/max 200000.0/200000.0/200000, nonzero 388
    new field pull_bulk_us: median/p90/max 7.0/10.0/4574, nonzero 388
    new field receipts_late: {'false': 388}
    new field receipts_late_wait_us: median/p90/max 0.0/0.0/0, nonzero 0
    new field rename_fallbacks: median/p90/max 0.0/0.0/0, nonzero 0
    new field rename_record_waits: median/p90/max 0.0/0.0/0, nonzero 0
    new field root_apply_gap_us: median/p90/max 11.0/15.0/27, nonzero 388
    new field root_apply_total_us: median/p90/max 25079.5/37072.0/92223, nonzero 388
    new field root_compute_us: median/p90/max 27856.5/39821.0/93622, nonzero 388
    new field root_delta_us: median/p90/max 1269.0/2672.0/10092, nonzero 388
    new field root_index_us: median/p90/max 3189.0/7159.0/19325, nonzero 388
    new field root_leaves_us: median/p90/max 7372.0/12398.0/69342, nonzero 388
    new field root_note_us: median/p90/max 147.0/288.0/1300, nonzero 388
    new field root_ops_ahead: {'true': 388}
    new field root_ops_ahead_wait_us: median/p90/max 4383.5/12174.0/65276, nonzero 388
    new field root_ops_concat_us: median/p90/max 0.0/0.0/0, nonzero 0
    new field root_ops_encode_us: median/p90/max 6284.0/11896.0/64381, nonzero 388
    new field root_ops_finish_us: median/p90/max 2368.5/3885.0/11718, nonzero 388
    new field root_ops_sort_us: median/p90/max 3939.5/8886.0/37933, nonzero 388
    new field root_ops_us: median/p90/max 7163.5/15328.0/68192, nonzero 388
    new field root_rehash_us: median/p90/max 2470.5/3814.0/16370, nonzero 388
    new field root_retire_us: median/p90/max 1727.5/3660.0/12592, nonzero 388
    new field root_sort_us: median/p90/max 246.5/671.0/4619, nonzero 388
    new field root_undo_us: median/p90/max 384.5/837.0/3551, nonzero 388
    new field root_writes_us: median/p90/max 7470.5/14093.0/33584, nonzero 388
    new field seal_hashes_ahead: {'true': 388}
    new field seal_on_counters: {'true': 388}
    new field seal_to_complete_us: median/p90/max 123237.0/150691.0/217782, nonzero 388
    new field seal_to_frozen_us: median/p90/max 9662.5/17290.0/28302, nonzero 244
    new field seal_to_merge_end_us: median/p90/max 122993.0/150630.0/217660, nonzero 388
    new field seal_to_merge_start_us: median/p90/max 56952.5/76035.0/147392, nonzero 388
    new field seal_to_ops_ahead_us: median/p90/max 23566.5/32907.0/79096, nonzero 388
    new field seal_to_shards_ready_us: median/p90/max 14808.5/21671.0/32498, nonzero 388
    new field seal_to_state_ready_us: median/p90/max 123001.0/150638.0/217672, nonzero 388
    new field sealed_unix_us: median/p90/max 1791468506995071.0/1791468519456303.0/1791468522205660, nonzero 388
    new field start_walk_check_us: median/p90/max 0.0/0.0/0, nonzero 0
    new field start_walk_ids_us: median/p90/max 0.0/0.0/0, nonzero 0
    new field start_walk_settle_us: median/p90/max 0.0/0.0/0, nonzero 0
    new field start_walk_us: median/p90/max 0.0/0.0/0, nonzero 0
    new field state_wait_us: median/p90/max 7049.5/57552.0/154002, nonzero 388
    new field view_journal_reads: median/p90/max 0.0/77824.0/135168, nonzero 173
    new field view_journal_searches: median/p90/max 0.0/207219.0/479003, nonzero 173
    new field view_journal_skips: median/p90/max 0.0/0.0/0, nonzero 0
    new field whole_take_noted: {'true': 388}
    engine own-import total_ms per block median/p90/max 47/77/121 (n=388)
    layer RSS 35.7 -> 36.2 G (max 36.2), in-memory blocks max 10
    execution layer cores busy 32.2    validators cores busy 17.7
  round total (3 windows, canonical): 240.0M tx
  layer peak RSS 36.2 G; in-memory blocks max 10
  fields at seal: mode "early", verified 0, unchecked 0, mismatches 0 (last build line, cumulative)
  own_executed_again (built here and also directly imported): 0 of 1246 built blocks
== loop349K99DQ64AQG
  layer-0 leader window-1 builds 410: txs mean 200000, share >= 95% of the tier 100% (max 200000); sealed_at_ms 59.0/79.0; par_ms 60.5/87.0; par_exec_ms 22.0/29.0; roots_ms 39.0/55.0; parent_fields_ms 10.0/31.0; sealed_ms 11.0/32.0
  proposal cycle window 1 (n=425): mean 72.9 median 62.1 p90 103.7 ms; blocks in the 30 s: 425
  binding wait (tick / quorum / seal, share and mean cycle): tick 90.5% (69.0); quorum 8.8% (118.9); seal 0.7% (72.6)
  vote delay after the proposal, slowest key per block: median 23.0 p90 73.3 ms (slowest minus the median key: median 0.4); last key: {1: 61, 2: 78, 3: 78, 4: 75, 5: 60, 6: 57} of 409 blocks
  CPU in window 1 (cores busy): execution layers 33.8 over 1 process(es); validators 19.8 over 99 process(es)
  execution layer peak RSS 36.2 G; in-memory blocks max 10 (node0 and others, all layers)
  blocks built here 1246; none also directly imported
  import-once counters at the last direct import: ; start-up lines with import_once=true: 1; queue-lock lines 0
  layer-0 queue (queued after canonical prune), median per 10 s: t+0:2509500 t+20:2452500 t+40:2483500 t+60:2485750 t+80:2488000
  flood: median per 5 s 2679580/s, final -
  timeout / given-up lines: 0; 
loop349K99DQ64AQG page_faults_per_s_median: node0=173670 
feedcheck loop349K99DQ64AQG: ok (block 200,000 tx)
== loop349K99DQ64AQG: feed check (acq_us / gate_us / reply_us are per frame of 500; rate per 5 s `ingest` line)
  window 1: ingest lines 6; acq_us 508 (max 1357); gate_us 8419; reply_us 9093; slots_busy 12%; delivered median 2,702,005/s max 2,763,106/s; queue at builds median 2,511,000 min 1,953,000; full 100% of 409 blocks
  window 2: ingest lines 6; acq_us 522 (max 545); gate_us 8419; reply_us 9086; slots_busy 12%; delivered median 2,676,806/s max 2,866,220/s; queue at builds median 2,513,500 min 2,225,500; full 100% of 403 blocks
  window 3: ingest lines 6; acq_us 517 (max 528); gate_us 8676; reply_us 9352; slots_busy 11%; delivered median 2,599,620/s max 2,699,631/s; queue at builds median 2,517,000 min 2,211,000; full 100% of 388 blocks
  flood.log (+15..+100 s): rate per 5 s median 2,667,534/s max 2,805,531/s; reply latency median 71.5 ms max 77.7 ms
== loop349K99DQ64AQG: lanes lock, drain and pruner (new fields)
  window 1: lock duty 55.0% (max 59.0); holds/5s 2,066; longest hold 27.62 ms median, 32.55 ms max by crates/n42/tx-queue/src/lib.rs:1766 (most frequent holders [('crates/n42/tx-queue/src/lib.rs:2046', 4), ('crates/n42/tx-queue/src/lib.rs:2692', 1)]); lock wait 2248.7 ms/5s, longest 33.47 ms; drains/5s 989 of 13737 tx, mean 1316 us, max 21.90 ms
           prune (377 blocks): prune_ms 33/64; fold 0.7 ms, lock 0.0 ms, remove(hold) 8.4 ms, free 0.0 ms; frames_swept 400; coalesced on 377 of 377; prune_wait_ms 0/0; pruner busy 47% of a thread, lock held by it 1.3%
  window 2: lock duty 56.0% (max 61.0); holds/5s 1,964; longest hold 29.69 ms median, 38.02 ms max by crates/n42/tx-queue/src/lib.rs:2576 (most frequent holders [('crates/n42/tx-queue/src/lib.rs:2046', 3), ('crates/n42/tx-queue/src/lib.rs:2576', 2)]); lock wait 2504.1 ms/5s, longest 36.23 ms; drains/5s 914 of 14599 tx, mean 1464 us, max 24.35 ms
           prune (374 blocks): prune_ms 38/69; fold 0.8 ms, lock 0.0 ms, remove(hold) 9.0 ms, free 0.0 ms; frames_swept 400; coalesced on 374 of 374; prune_wait_ms 0/0; pruner busy 51% of a thread, lock held by it 1.7%
  window 3: lock duty 57.5% (max 62.0); holds/5s 1,846; longest hold 36.48 ms median, 61.05 ms max by crates/n42/tx-queue/src/lib.rs:2692 (most frequent holders [('crates/n42/tx-queue/src/lib.rs:2046', 4), ('crates/n42/tx-queue/src/lib.rs:2692', 2)]); lock wait 2469.1 ms/5s, longest 61.08 ms; drains/5s 851 of 15342 tx, mean 1667 us, max 22.96 ms
           prune (330 blocks): prune_ms 45/83; fold 1.0 ms, lock 0.0 ms, remove(hold) 12.5 ms, free 0.0 ms; frames_swept 400; coalesced on 330 of 330; prune_wait_ms 0/0; pruner busy 53% of a thread, lock held by it 1.9%
== loop349K99DQ64AQG: pruner (per block; busy = sum prune_ms / 30 s, lock = sum (remove_us + settle_us) / 30 s)
  window 1: 377 prunes; prune_ms 33/64; remove_us 8.4/19.9 ms; forget_us 3.6/6.2 ms; settle_us 3.5 ms; pruner busy 47% of a worker; lanes lock held for removal 19%
  window 2: 374 prunes; prune_ms 38/69; remove_us 9.0/21.6 ms; forget_us 3.4/6.7 ms; settle_us 3.9 ms; pruner busy 51% of a worker; lanes lock held for removal 21%
  window 3: 330 prunes; prune_ms 45/83; remove_us 12.5/28.0 ms; forget_us 3.7/8.2 ms; settle_us 4.9 ms; pruner busy 53% of a worker; lanes lock held for removal 23%
== loop349K99DQ64AQG: seal start / pull, prepared plan, answer, chunked drain
  window 1: 409 builds; start_best_ms 3/14; start_walk_us 0/0; start_pull_ms 0/0; par_pull_ms 0/0; par_start_ms 3/14; par_ms 60/87; sealed_at_ms 59/79; pull_bulk_us 6/10; pull_bulk_txs 200000/200000; plan_age_us 53695/129517; plan_prep_us 8385/16625; plan_topup_txs 0/0
           plan_ahead {'1': 409}; plan_discard {'': 409}
           answer: built-ahead bytes median/max 15,242/15,245, layout_only {'true': 409}; proposal sent bytes median/max 15,242/15,245, layout_only {'true': 409}
           drain: chunks/5s 862, chunk max 8,192 tx, finished by others/5s 43; plan_discards (last ingest line) -
  window 2: 404 builds; start_best_ms 4/15; start_walk_us 0/0; start_pull_ms 0/0; par_pull_ms 0/0; par_start_ms 4/16; par_ms 60/92; sealed_at_ms 61/87; pull_bulk_us 6/10; pull_bulk_txs 200000/200000; plan_age_us 55413/123755; plan_prep_us 8613/16902; plan_topup_txs 0/0
           plan_ahead {'1': 403, '0': 1}; plan_discard {'': 403, 'not_on_its_parent': 1}
           answer: built-ahead bytes median/max 15,245/15,245, layout_only {'true': 404}; proposal sent bytes median/max 15,245/15,245, layout_only {'true': 402}
           drain: chunks/5s 792, chunk max 8,192 tx, finished by others/5s 46; plan_discards (last ingest line) -
  window 3: 388 builds; start_best_ms 5/18; start_walk_us 0/0; start_pull_ms 0/0; par_pull_ms 0/0; par_start_ms 5/18; par_ms 58/98; sealed_at_ms 58/93; pull_bulk_us 7/10; pull_bulk_txs 200000/200000; plan_age_us 55570/129229; plan_prep_us 8254/18016; plan_topup_txs 0/0
           plan_ahead {'1': 388}; plan_discard {'': 388}
           answer: built-ahead bytes median/max 15,245/15,245, layout_only {'true': 388}; proposal sent bytes median/max 15,245/15,245, layout_only {'true': 388}
           drain: chunks/5s 717, chunk max 8,192 tx, finished by others/5s 47; plan_discards (last ingest line) -
== loop349K99DQ64AQG: persistence per window (ms per block = part sum / blocks persisted)
  window 1: persisted 409 of 409 produced (100%); total 36.3, sf_tx 32.2, sf_rcpt 7.5, sf_acct 15.1, sf_send 12.2, scope 32.3, qmdb 17.6, post 0.0, pre 4.0, plain_rev 4.0, commit_sf 0.8, commit_mdbx 0.1, commit_rocks 0.1; longest task sf_tx 32.2; in-memory 7 -> 9 (max 10); RSS 14.8 -> 24.7 G; lag 7 -> 9 = +4.0 blocks/min; bp max 0
  window 2: persisted 401 of 403 produced (100%); total 39.0, sf_tx 34.9, sf_rcpt 7.9, sf_acct 15.5, sf_send 12.5, scope 35.1, qmdb 21.1, post 0.0, pre 3.9, plain_rev 3.8, commit_sf 0.9, commit_mdbx 0.1, commit_rocks 0.1; longest task sf_tx 34.9; in-memory 9 -> 9 (max 10); RSS 24.7 -> 35.4 G; lag 9 -> 9 = +0.0 blocks/min; bp max 0
  window 3: persisted 387 of 388 produced (100%); total 38.8, sf_tx 34.4, sf_rcpt 7.8, sf_acct 15.1, sf_send 12.2, scope 35.1, qmdb 18.9, post 0.0, pre 3.7, plain_rev 3.7, commit_sf 0.7, commit_mdbx 0.1, commit_rocks 0.1; longest task sf_tx 34.4; in-memory 9 -> 10 (max 10); RSS 35.4 -> 36.2 G; lag 9 -> 9 = +0.0 blocks/min; bp max 0
  leg end: in-memory 8, max over the sampler 10, backpressure stalls 0
== loop349K99DQ64AQG: execution and root fields (median / p90 per block); over 1247 full builds: rename_fallbacks total 0, rename_record_waits total 0, carried_depth values ['1']
    folded lines 409: pending_max max 89 (median 74); pending_us_max max 26,568; drops_max max 54250
    flags: seal_on_counters true:409; freeze_pool_own true:409; plan_body 1:404/2:5; prep_from_plan false:5/true:404; plan_ahead 1:409; seal per 1,000 transfers 0.295 ms
  window 1 (409 builds): on-CPU share 1.00/1.00; CPU per transfer 3.04/3.83 us; sealed_at_ms 59/79; par_exec_ms 22/29; par_fold_ms 9/20; index_ms 15/23; par_start_ms 3/14; gap_before_exec_ms 7/47; state_wait_us 6,726/47,649; parent_fields_ms 10/31; roots_ms 39/55; seal_to_fields_us 59,512/73,609; seal_to_complete_us 127,767/150,258; rename_fallbacks 0/0; rename_record_waits 0/0; carried_depth 1/1; plan_body_us 18,244/22,329; batch_max_ms 9/13; tx_root_ms 1/2; sealed_ms 11/32
    folded lines 404: pending_max max 91 (median 74); pending_us_max max 17,515; drops_max max 33856
    flags: seal_on_counters true:404; freeze_pool_own true:404; plan_body 0:1/1:401/2:2; prep_from_plan false:3/true:401; plan_ahead 0:1/1:403; seal per 1,000 transfers 0.305 ms
  window 2 (404 builds): on-CPU share 1.00/1.00; CPU per transfer 3.02/3.74 us; sealed_at_ms 61/87; par_exec_ms 22/28; par_fold_ms 7/16; index_ms 14/19; par_start_ms 4/16; gap_before_exec_ms 6/50; state_wait_us 6,321/49,937; parent_fields_ms 10/33; roots_ms 39/59; seal_to_fields_us 58,716/78,306; seal_to_complete_us 127,885/154,367; rename_fallbacks 0/0; rename_record_waits 0/0; carried_depth 1/1; plan_body_us 17,884/21,043; batch_max_ms 8/12; tx_root_ms 1/2; sealed_ms 11/35
    folded lines 388: pending_max max 88 (median 73); pending_us_max max 21,486; drops_max max 37805
    flags: seal_on_counters true:388; freeze_pool_own true:388; plan_body 1:383/2:5; prep_from_plan false:5/true:383; plan_ahead 1:388; seal per 1,000 transfers 0.290 ms
  window 3 (388 builds): on-CPU share 1.00/1.00; CPU per transfer 3.00/3.88 us; sealed_at_ms 58/93; par_exec_ms 22/31; par_fold_ms 10/17; index_ms 14/19; par_start_ms 5/18; gap_before_exec_ms 7/57; state_wait_us 7,050/57,552; parent_fields_ms 3/25; roots_ms 37/56; seal_to_fields_us 56,828/75,883; seal_to_complete_us 123,237/150,691; rename_fallbacks 0/0; rename_record_waits 0/0; carried_depth 1/1; plan_body_us 17,566/21,420; batch_max_ms 9/16; tx_root_ms 1/2; sealed_ms 5/27
== loop349K99DQ64AQG: 4194 proposals; proposal -> quorum (leader's commit) median 26.5 / p90 66.9 / max 209.3 ms; proposal interval median 61.5 / p90 74.2 ms; TC formed lines 0; leader views timed out 0; ParentUnknown lines 0
   handover at view 1024: proposal intervals (view, ms) [(1023, 63), (1024, 174), (1025, 107), (1026, 61), (1027, 81)] against the median 61 ms
   handover at view 2048: proposal intervals (view, ms) [(2047, 61), (2048, 62), (2049, 62), (2050, 62), (2051, 61)] against the median 61 ms
   handover at view 3072: proposal intervals (view, ms) [(3071, 62), (3072, 62), (3073, 61), (3074, 61), (3075, 61)] against the median 61 ms
   handover at view 4096: proposal intervals (view, ms) [(4095, 62), (4096, 62), (4097, 62), (4098, 61), (4099, 61)] against the median 61 ms
     block 1025 (view 1024): sealed_at_ms 111, gap_before_exec_ms 15, parent_fields_ms 71, rename_fallbacks 0, rename_record_waits 0, carried_depth 1
     block 1026 (view 1025): sealed_at_ms 42, gap_before_exec_ms 11, parent_fields_ms 10, rename_fallbacks 0, rename_record_waits 0, carried_depth 1
     block 1027 (view 1026): sealed_at_ms 60, gap_before_exec_ms 7, parent_fields_ms 31, rename_fallbacks 0, rename_record_waits 0, carried_depth 1
     block 1028 (view 1027): sealed_at_ms 66, gap_before_exec_ms 7, parent_fields_ms 36, rename_fallbacks 0, rename_record_waits 0, carried_depth 1
flood span 95 s; tokio-rt threads alive throughout 34 of 81; group 9.8 cores busy over them (all threads incl. short-lived 12.5)
  per-thread cores busy, top 12: 0.75 0.61 0.59 0.57 0.57 0.56 0.56 0.56 0.56 0.55 0.55 0.55; threads over 0.9 core: 0, over 0.7: 1
== loop349K99DQ64AQG: 1201 full builds in the 3 windows
  par_exec_ms 22/29; par_run_ms 31/73; batch_start_skew_ms 17/21; batch_median_ms 4/5; batch_max_ms 9/13; batch_first_start_us 85/136; batch_last_start_us 17142/21881; batch_dispatch_us 228/332; batch_last_end_us 22248/29136; batches 128/128; batch_threads 32/32; batch_txs_max 2000/2000; batch_txs_min 1500/1500; start_walk_ms 0/0; start_walk_check_ms 0/0; par_start_ms 4/16; sealed_at_ms 59/85; prev_seal_to_answer_us 1958/3925; prev_seal_to_entry_us 0/0; prev_seal_to_header_us 208/347; prev_seal_to_import_us 143471/182236; prev_seal_to_request_us 1078/72964; prev_seal_to_start_us 1396/73265; start_walk_check_us 0/0; start_walk_ids_us 0/0; start_walk_settle_us 0/0; start_walk_us 0/0
  one_wave {'false': 1201}
  batches == batch_threads on 0 of 1201 builds
  last - first batch start (ms) median/p90 17.04/21.76; under 2 ms on 0 of 1201 builds
bodygate loop349K99DQ64AQG: invalid_blocks=0 gas_mismatch=0 fields_mismatches=0 own_not_committed=0 proposals_given_up=0
datadirs of this round wiped; /data free 573G
released at 10:12
ALLDONE
