/data free 645G at launch
tree at 9cff510c8 (test(fleet7): loop345 runner and launcher quartet); box free at 15:10; builds:
built at 15:10; ingest/tx-types tests:
test result: ok. 65 passed; 0 failed; 0 ignored; 0 measured; 0 filtered out; finished in 1.08s
test result: ok. 21 passed; 0 failed; 4 ignored; 0 measured; 0 filtered out; finished in 8.87s
flood tests:
test result: ok. 8 passed; 0 failed; 1 ignored; 0 measured; 0 filtered out; finished in 0.81s
tests from 15:10 (no claim)
tests passed at 15:22: 1378 tests
built 9cff510c8+tree at 15:22
waiting for a quiet box from 15:22
claimed at 15:23 (1791401008): avail 99G load 2.91
tip 9cff510c8 tree: 2 changed files; native n42 built 13:07:10, h2_validator 13:04:38, deferred n42 13:27:48; last source change 13:03:57 (crates/n42/tx-queue/src/lib.rs)
replay set for every leg: /data/n42-pregen/g900000-400m (senders 12500)
leg loop345W3: /data free 645G (needs 120 G)
leg loop345W3 start 15:23:50 load 2.91
round loop345W3 exit 0 at 15:26:46
loop345W3 save stages (node0, seconds summed over the leg / count): batch_size=996.0/332  batch_size=996.0/332  reth_consensus_engine_beacon_persistence_duration=62.6/332  duration_seconds=60.7/332  total=56.0/332  scope=50.8/332  sf=50.5/332  sf_transactions=50.2/332  qmdb_persisted=24.1/332  sf_account_changesets=21.5/332
el binary: /data/n42-build/target-n42-rs/native/release/n42 env: N42_IMPORT_ONCE=1 N42_SETTLEMENT_TAGS=legacy N42_BUILD_THROTTLE_SOFT=48 F7_EL_MAP=0,0,0,0,0,0,0 N42_FIELDS_AT_SEAL=1 N42_FREEZE_AFTER_SEAL=1 N42_FRAME_BLOCKS=1 N42_TX_INGEST_RECOVER_PARALLEL=24 N42_PARALLEL_BUILD_THREADS=32 N42_PLAN_AHEAD=1 N42_HASHED_TABLES=off F7_FLOOD_RATE=6000000 N42_COMPACT_BODY=1 MALLOC_CONF=thp:always,oversize_threshold:0,dirty_decay_ms:2000,background_thread:true N42_ACCOUNT_HISTORY=off N42_TAKE_COMPACT=1 N42_SF_EARLY_WRITEBACK=1 N42_ROAD_RUNTIME=1 N42_TX_INGEST_HIGH_WATER=2500000 F7_BENCH_POOL_SLOTS=3000000 N42_SEAL_AT_EXEC=1 N42_TX_QUEUE_DRAIN_CHUNK=8192 N42_ANSWER_LAYOUT_ONLY=1 N42_PULL_BY_FRAMES=1 N42_SF_PARALLEL_ENCODE=1 N42_BUILD_THROTTLE_HARD=80 N42_LIVE_INDEX_DEFER=1 RAYON_NUM_THREADS=16 N42_ROOT_OPS_AHEAD=1 TOKIO_WORKER_THREADS=16 N42_QMDB_READS=on N42_LEADER_LAYERS=3 N42_PERSIST_QMDB_IN_SCOPE=1 F7_BLOCK_INTERVAL_MS=120 F7_MEASURE_FROM_LOG=1
validator env: N42_IMPORT_ONCE=1 N42_SETTLEMENT_TAGS=legacy N42_BUILD_THROTTLE_SOFT=48 F7_EL_MAP=0,0,0,0,0,0,0 N42_FIELDS_AT_SEAL=1 N42_FREEZE_AFTER_SEAL=1 N42_FRAME_BLOCKS=1 N42_TX_INGEST_RECOVER_PARALLEL=24 N42_PARALLEL_BUILD_THREADS=32 N42_PLAN_AHEAD=1 N42_HASHED_TABLES=off F7_FLOOD_RATE=6000000 N42_COMPACT_BODY=1 N42_ACCOUNT_HISTORY=off N42_TAKE_COMPACT=1 N42_SF_EARLY_WRITEBACK=1 N42_ROAD_RUNTIME=1 N42_TX_INGEST_HIGH_WATER=2500000 F7_BENCH_POOL_SLOTS=3000000 N42_SEAL_AT_EXEC=1 N42_TX_QUEUE_DRAIN_CHUNK=8192 N42_ANSWER_LAYOUT_ONLY=1 N42_PULL_BY_FRAMES=1 N42_SF_PARALLEL_ENCODE=1 N42_BUILD_THROTTLE_HARD=80 N42_LIVE_INDEX_DEFER=1 RAYON_NUM_THREADS=16 N42_ROOT_OPS_AHEAD=1 TOKIO_WORKER_THREADS=16 N42_QMDB_READS=on N42_LEADER_LAYERS=3 N42_PERSIST_QMDB_IN_SCOPE=1 F7_MEASURE_FROM_LOG=1
loop345W3 once: start-up lines import_once=true 1; last direct-import counters 
loop345W3 imports: layers=1 direct_imports=0 canonical_blocks=1392 import_once_lines=1 (per layer: direct imports should equal canonical blocks for one execution per block)
grep: /data/blockchain/rust-fleet7-bench/node1/el.log: No such file or directory
grep: /data/blockchain/rust-fleet7-bench/node2/el.log: No such file or directory
grep: /data/blockchain/rust-fleet7-bench/node3/el.log: No such file or directory
grep: /data/blockchain/rust-fleet7-bench/node1/el.log: No such file or directory
grep: /data/blockchain/rust-fleet7-bench/node2/el.log: No such file or directory
grep: /data/blockchain/rust-fleet7-bench/node3/el.log: No such file or directory
cat: /data/blockchain/rust-fleet7-bench/node2/el.log: No such file or directory
cat: /data/blockchain/rust-fleet7-bench/node2/el.log: No such file or directory
cat: /data/blockchain/rust-fleet7-bench/node2/el.log: No such file or directory
cat: /data/blockchain/rust-fleet7-bench/node1/el.log: No such file or directory
cat: /data/blockchain/rust-fleet7-bench/node2/el.log: No such file or directory
cat: /data/blockchain/rust-fleet7-bench/node3/el.log: No such file or directory
loop345W3 no_variant=0 own_not_committed=0 tc=1 invalid_blocks=0 incomplete=0 gas_mismatch=0 direct_imports_failed=0 stuck_at_hashed_state=0 engine_idles_over_5s=1 proposals_given_up=0 tables_off_nodes=1 unanswered_reads=0 seal_first_total=754 seal_first_direct=754 direct_guard_errors=0 commit_ms_median=48 fold_ms_median=60 sealed_at_ms_median=116 state_ready_ms_median=197 build_total_ms_median=347 recover_us_median=0 par_exec_ms_median=40 par_exec_ms_median=40 giveback_filtered=0 giveback_offered_max=0 seal_first=754 reader_lag_max=9 reader_lag_warns=0 view_invalidated=0 el_sum_peak_g=44.1 el_max_peak_g=44.1 val_sum_peak_g=1.9 flood_peak_g=0.6 two_roads_blocks=0 two_roads_overlap_ms_median=- exec_on_output_declined=0 r1_collect_ms_median=5 proposal_at_ms_median=109 view_total_ms_median=121 import_exec_ms_median=- import_total_ms_median=- import_senders_ms_median=- import_convert_ms_median=- import_groups_median=- imports_over_600ms=0 min_avail_g=67.0 road_foreign_body_recv_ms=- road_foreign_body_decode_ms=- road_foreign_body_senders_ms=- road_foreign_body_parent_wait_ms=- road_foreign_body_check_ms=- road_foreign_body_total_ms=- road_new_payload_recv_ms=- road_new_payload_decode_ms=- road_new_payload_senders_ms=- road_new_payload_parent_wait_ms=- road_new_payload_check_ms=- road_new_payload_total_ms=- road_foreign_body_blocks=0 road_new_payload_blocks=0 fcu_answered=655 fcu_in_flight_ms_median=26 fcu_queued_ms_median=0 fcu_queued_ms_max=148 fcu_refused=0 fcu_slow=773 bodies_held=0 road_reuse_ms=- road_prepare_ms=- road_dispatch_ms=- road_convert_ms=- road_remember_ms=- road_header_ms=- road_fields_ms=- road_other_ms=- import_engine_ms_median=- gate_forced=0 gate_warns=0 flood_timeouts=0 canonical_min=1402 canonical_max=1402 chained_builds=1052 chain_lead_ms_median=78 chain_wait_ms_median=42 chain_started=1053 chain_discarded=1 chain_discard_reasons=_1_reason="the_request_names_another_parent chain_alias_warns=0 el_chained=1058 bodies_held_warns=0 el_build_refused=0 el_build_refused_reasons= queued_p5=2118000 queued_p50=2476000 road_compact_blocks=0 road_compact_recv_ms=- road_compact_assemble_ms=- road_compact_root_ms=- road_compact_miss_wait_ms=- road_compact_senders_ms=- road_compact_check_ms=- road_compact_other_ms=- road_compact_total_ms=- road_compact_misses_total= compact_refused_el=0 compact_fallbacks=0 compact_bytes_median=- pool_order9=13382 par_pull_ms_median=- build_total_ms_median2=- road_compact_filled_blocks=0 road_compact_filled_median=- road_compact_fill_ms_median=- need_txns=0 fill_failed=0 ingest_rate_gate_open_median=- ingest_gate_open_intervals=0 ingest_slots_busy_median=- flood_rate= fill_asked_proposer=0 fill_asked_other=0 loop_lines=1164 loop_unnamed_ms_median=106 loop_body_served_ms_median=- loop_txns_served_ms_median=- import_exec_ms_median2=- pip_partition_ms=- pip_env_ms=- pip_batch_ms=- pip_groups_ms=- pip_gas_ms=- pip_merge_ms=- pip_receipts_ms=- pip_drop_ms=- pip_other_ms=- pip_total_ms=- senders_indexed_median=- road_senders_ms_median=- road_total_ms_median=- pew_ms_median=- pew_ms_p90= gate_ms_median=- gate_ms_p90= root_ms_p50=- root_ms_p90= two_roads=0 not_on_output=0 not_on_output_why= ckpt_ms_first_q=4 ckpt_ms_last_q=59 ckpt_bytes_last=34092156 parent_still_importing=0 root_wait_ms_p50=- root_wait_ms_p90= tenures_low_seal=13 seal_first_share=0.99 empty_over_deep=0 near_empty_warns=0 no_seal_why= par_skipped_median=- usable_p5=2118000 ckpt_replay_ms_last_q=19 candidates_zero=0 dropped_ingest=0 let_go_warns=0 let_go_reasons= parked_p50=0 parked_max=0 held_warns=0 park_capped_total=0 superseded_builds=0 empty_not_superseded=0 mass_park_warns=0 heads_lines=0 holes_lines=0 stale_parent_refusals=0 par_groups_p5=0 cancelled_decided=0 heads_nonce0=0 stale_unconfirmed= handovers=0 el_panics=0 decided_cancelled=0 min_window_blocks=238 road_desc_blocks=0 road_desc_total_ms=- road_desc_copy_ms=- desc_misses=0 fill_failed2=0 sf_par_collect_ms=- sf_par_commit_ms=- sf_par_fold_ms=- sf_par_graft_ms=- sf_par_prefault_ms=- sf_par_exec_ms=- sf_sealed_at_ms=- sf_roots_ms=- sf_state_ready_ms=- sf_total_ms=- ba_find_ms=- ba_queue_ms=- ba_total_ms=- ba_on_output=0 queue_fold_us=- queue_lock_us=- sf_par_exec_ms=- sf_par_fold_ms=- pip_groups_ms=- import_exec_ms_median2=- reads_d0=0 reads_hist=0 f_reads_d0=- f_reads_hist=- f_overlay_depth=- L_read_set_ms=0 read_set_accounts=0 read_set_unresolved=0 read_set_hits=0 read_set_misses=0 start_best_ms=- par_prep_ms=- gap_before_exec_ms=- gap_after_exec_ms=- gap_before_seal_ms=- index_ms=- road_copy_aside_ms=- road_copy_wait_ms=- road_total_ms=- queue_first_miss=queue_first_miss=18446744073709551615:761,queue_first_miss=0:632 root_append_behind=0 populate_lag_mb=0 swap_used_g=0 root_faults=- root_faults_p90= root_faults_entries=0 root_faults_offsets=0 root_faults_index=0 root_faults_bits=0 root_faults_twigs=0 root_faults_undo=0 root_faults_tmp=0 root_append_faults=0 root_twig_pool_misses=0 batch_max_ms=23 batch_min_ms=8 batch_median_ms=16 batch_cpu_max_ms=22 batch_txs_max=6500 batch_txs_min=3500 batch_start_skew_ms=20 batch_wait_ms=0 loop_fetch_ns=0 loop_check_ns=0 loop_transfer_ns=0 loop_receipt_ns=0 loop_gas_ns=0 loop_sink_ns=0 loop_other_ns=0 batch_setup_ns=0 batch_close_ns=0 imp_exec_part_ms=- imp_exec_batches_ms=- imp_exec_graft_ms=- imp_exec_batches=- imp_exec_threads=- imp_exec_batch_max_ms=- imp_exec_batch_median_ms=- imp_parent_output_wait_ms=- road_parent_output_wait_ms=- next_start_gap_ms=1 next_entry_gap_ms=0 commit_body_ahead_used=- imp_exec_keys_ms=- imp_keys_ahead=- imp_exec_sink_ms=- imp_exec_pre_ms=- imp_exec_post_ms=- imp_exec_receipts_ms=- imp_exec_drop_ms=- root_gap_ms=- queue_whole=queue_whole=true:761,queue_whole=false:632 tick_tick_late_us=1025 tick_preamble_us=345 tick_take_sealed_us=1 tick_sign_us=0 tick_cache_us=0 tick_presealed=- tick_describe_us=13 tick_publish_us=610 tick_tick_to_send_us=2105 road_check_ms=- road_check_include_us=- road_check_scan_us=- road_check_fold_us=- road_check_senders_us=- road_check_frames_summarized=- road_check_frames_scanned=- imp_exec_start_gap_us=- imp_gap_road_us=- imp_gap_header_us=- imp_gap_senders_us=- imp_gap_parent_us=- imp_gap_setup_us=- imp_gap_keys_wait_us=- sealed_at_p90= sealed_over_130=0 roots_ms=- cycle_p90=61/66/63 batch_max_ms=- batch_median_ms=- imp_batch_max=- forest_lock_warns=1536 root_seal_ms=1 root_seals=39 root_majflt=22983 roots_p90= gp_layer=760 ggp_missing=28 state_wait_split=0/0/0/0:480,1/0/0/0:58,4/0/0/0:35 qmdb_releases=0 state_wait_on= imp_road_end_ms=- imp_exec_start_ms=- imp_exec_end_ms=- imp_root_end_ms=- imp_fields_ready_ms=- imp_parent_fields_wait_ms=- imp_exec_ms=- imp_root_ms=- imp_checks_ms=- imp_engine_ms=- imp_total_ms=- road_parent_fields_wait_ms=- exec_read_ms=- L_exec_evm_ms=- L_exec_write_ms=- L_exec_other_ms=- L_reads_cache=- L_reads_provider=- L_reads_view=- L_graft_base_ms=- L_graft_reserve_ms=- L_graft_insert_ms=- L_graft_reverts_ms=- L_graft_other_ms=- L_par_exec_ms=- L_par_graft_ms=- F_exec_read_ms=- F_exec_evm_ms=- F_exec_write_ms=- F_exec_other_ms=- F_reads_cache=- F_reads_provider=- F_reads_view=- F_groups_ms=- L_tx_root_wait_ms=- L_par_exec_ms=- L_par_graft_ms=- L_par_fold_ms=- L_sealed_ms=- L_state_ready_ms=- L_roots_ms=- L_finish_ms=- L_total_ms=- L_setup_ms=- L_par_pull_ms=- L_give_back_ms=- L_state_wait_ms=- L_state_after_pull=754 L_seal_at_exec=754 L_tx_root_ahead=0 flood_w1=3280114 txs_p10=400000 acq_us=463 slots_busy=13 ingest_rate=3255808 L_scope_join_ms=- L_par_release_ms=- L_commit_body_ms=- L_par_commit_ms=- L_give_back_ms=- L_sealed_ms=- L_par_exec_ms=- L_state_wait_ms=- L_par_pull_ms=- L_par_prep_ms=- L_par_start_ms=- L_pre_exec_ms=- L_par_run_ms=- L_sealed_at_ms=- F_partition_ms=- F_env_ms=- F_groups_ms=- F_merge_ms=- F_reverts_wait_ms=- F_ahead_wait_ms=- F_total_ms=- I_engine_ms=- I_root_ms=- I_total_ms=- H_engine_remember_ms=- H_engine_listing_ms=- H_engine_new_payload_ms=- busy_us=1 L_par_start_ms=- L_start_handoff_ms=- L_start_best_ms=- L_start_puller_ms=- L_par_pull_ms=- L_par_prep_ms=- L_state_wait_ms=- L_par_exec_ms=- L_par_commit_ms=- L_sealed_ms=- L_sealed_at_ms=- L_par_graft_ms=- L_graft_insert_ms=- L_graft_reverts_ms=- L_graft_split_us=- L_graft_build_us=- L_graft_merge_us=- L_state_ready_ms=- Q_queue_ms=3 R_dispatch_wait_ms=- R_total_ms=- R_road_runtime=1 gate_holds=0 peer_fetch=0 pool_limit=limit=8 gate_opened=gate_opened_for_block=0 I_root_ms=- flood_rate_hdr=rate=6000000/s fills=0 fill_waited=- slots_busy=13 acq_us=463 busy_us=1 converged=0 fallbacks=0 busy_us=1 recover_us=0 tf_on_output=1 tf_fallback=0 still_importing=0 busy_us=1 slots_busy=13 batches=altsig_txs=0 altsig_batches=0 tf_on_output=1 tf_fallback=0 gate_holds=0 sign_s=sign 0s replay_note=replay       : 64 files from /data/n42-pregen/g900000-400m, 400000000 transactio sign_s=sign 0s shard=shard_verified=0 shard_claimed=0 road_verified=- slots_busy=13 gate_us=5637 reply_us=6187 queued=2476000 assemble_ms=- road_take_ms=- road_body_ms=- road_encode_ms=- shards=16 shard_insert_ms=0 shard_wait_ms=0 shard_fold_ms=46 shard_append_ms=45 shard_merge_ms=125 state_ready_ms=197 roots_ms=62 exec_read_ms=0 exec_evm_ms=0 exec_write_ms=0 exec_other_ms=0 reads_cache=0 reads_provider=0 reads_view=0 par_run_ms=45 fold_task_cpu_max_us=44120 fold_task_minflt_max=1564 fold_task_minflt_sum=1564 fold_task_migrated=0 fold_task_nivcsw_max=0 fold_index=1 fold_index_build_ms=44 fold_index_conflicts=32496 fold_queue_us=687 fold_skew_us=5 fold_task_max_us=44115 fold_tail_us=34 start_best_ms=6 start_select_ms=0 start_walk_ms=0 start_walk_check_ms=0 start_best_other_ms=1 start_frames_by_ref=0 start_frames_slow=0 start_pull_ms=0 start_other_ms=0 start_handoff_ms=4 par_start_ms=6 par_prep_ms=9 par_commit_ms=48 commit_body_ms=1 par_fold_ms=60 sealed_ms=1 copy_ms=- prune_ms=0 frames=- frames_missing=- frame_root_ms=- root_ms=- frames_admitted=frames_admitted=602600 frames_unaligned=0 frame_root_indexed=- seal_layout_ms=1 seal_root_ms=0 attested= busy_us=1 slots_busy=13 reply_us=6187 prune_ms=0 body_refused=0 body_failed_late=0
loop345W3 win1 tps=2,966,667 txs=89,000,000 blocks= 445 cycle=0.067s occupancy=100.0% full(>=95%)=445/445 basefee=n/a (from the layer's log)
loop345W3 win2 tps=3,033,333 txs=91,000,000 blocks= 455 cycle=0.066s occupancy=100.0% full(>=95%)=455/455 basefee=n/a (from the layer's log)
loop345W3 win3 tps=3,140,000 txs=94,200,000 blocks= 471 cycle=0.064s occupancy=100.0% full(>=95%)=471/471 basefee=n/a (from the layer's log)
loop345W3 win1 tps=3,126,667 txs=93,800,000 blocks= 469 cycle=0.064s occupancy=100.0% full(>=95%)=469/469 basefee=n/a (from the layer's log)
loop345W3 win2 tps=3,153,333 txs=94,600,000 blocks= 473 cycle=0.063s occupancy=100.0% full(>=95%)=473/473 basefee=n/a (from the layer's log)
loop345W3 win3 tps=3,046,667 txs=91,400,000 blocks= 457 cycle=0.066s occupancy=100.0% full(>=95%)=457/457 basefee=n/a (from the layer's log)
loop345W3 win1 tps=3,266,667 txs=98,000,000 blocks= 245 cycle=0.122s occupancy= 99.6% full(>=95%)=244/245 basefee=n/a (from the layer's log)
loop345W3 win2 tps=3,253,333 txs=97,600,000 blocks= 244 cycle=0.123s occupancy=100.0% full(>=95%)=244/244 basefee=n/a (from the layer's log)
loop345W3 win3 tps=3,173,333 txs=95,200,000 blocks= 238 cycle=0.126s occupancy=100.0% full(>=95%)=238/238 basefee=n/a (from the layer's log)
loop345W3 tps=2,966,667
tps=3,126,667
tps=3,266,667 round_txs=844800000 cycles_w1=
loop345W3 imp_fields_p90= b_p75=51
loop345W3 overlay: filter_skips=0 probes=0 ratio=- (ratio = skips/(skips+probes))
loop345W3 overlay_manager:       1 state_trie_overlay=false  state-ovly_cpu=0
loop345W3 verify: written to /data/blockchain/rust-fleet7-bench/bench-loop345W3/verify.json
== loop345W3  (E=1: seven validator keys on one execution layer)
  window 1: canonical 245 blocks, 98.0M tx = 3,266,667/s (100.0% of window 1), full 244/245 (100%); cycle mean/median/p90 123.0/121.4/129.2 ms
    leader builds 244: sealed_at median/p90/p99 112/130/169; phases median/p90 ms: gap_before_exec 5/10, state_wait 0/5, par 116/131, par_exec 39/47, roots 60/78, parent_fields 0/0, sealed 1/2
    state_wait_on {'output': 82, 'none': 158, 'open': 2, 'grandparent': 2}; builds with state_wait > 20 ms: 4 ([('output', 3), ('grandparent', 1)]); gp_layer {1.0: 244}, ggp_missing {0.0: 242, 1.0: 2}
    queue at the builds min/median 2,112,000/2,519,000
    new field batch_cpu_sum_us: median/p90/max 987874.5/1156832.0/2151075, nonzero 244
    new field batch_dispatch_us: median/p90/max 46.0/84.0/3006, nonzero 244
    new field batch_first_start_us: median/p90/max 21.0/33.0/53, nonzero 244
    new field batch_ivcsw: median/p90/max 0.5/6.0/28, nonzero 122
    new field batch_last_end_us: median/p90/max 38316.0/46369.0/76016, nonzero 244
    new field batch_last_start_us: median/p90/max 20021.0/24316.0/60319, nonzero 244
    new field batch_live_deferred: median/p90/max 42.0/44.0/47, nonzero 244
    new field batch_live_lock_hold_us: median/p90/max 15715.5/18981.0/23271, nonzero 244
    new field batch_live_lock_wait_us: median/p90/max 0.0/0.0/0, nonzero 0
    new field batch_live_lock_waits: median/p90/max 0.0/0.0/0, nonzero 0
    new field batch_majflt: median/p90/max 0.0/0.0/0, nonzero 0
    new field batch_minflt: median/p90/max 928.0/7961.0/20192, nonzero 244
    new field batch_open_max_us: median/p90/max 505.0/578.0/655, nonzero 244
    new field batch_open_sum_us: median/p90/max 13337.5/15564.0/17587, nonzero 244
    new field batch_threads: median/p90/max 32.0/32.0/32, nonzero 244
    new field batch_vcsw: median/p90/max 213.0/464.0/815, nonzero 244
    new field batch_view_index_wait_us: median/p90/max 0.0/29845.0/73527, nonzero 58
    new field batch_view_index_waits: median/p90/max 0.0/223.0/591, nonzero 58
    new field batch_view_slot_wait_us: median/p90/max 0.0/642.0/2274, nonzero 61
    new field batch_view_slot_waits: median/p90/max 0.0/24.0/55, nonzero 61
    new field batch_wall_sum_us: median/p90/max 995183.5/1166977.0/2158111, nonzero 244
    new field batches: median/p90/max 62.0/62.0/62, nonzero 244
    new field build_batches: median/p90/max 0.0/0.0/0, nonzero 0
    new field exec_end_to_seal_us: median/p90/max 46709.5/59155.0/83326, nonzero 244
    new field exec_partition_us: median/p90/max 2182.5/3018.0/5573, nonzero 244
    new field exec_prepared_groups: {'false': 244}
    new field exec_prepared_slots: {'false': 244}
    new field exec_slots_us: median/p90/max 1553.0/1901.0/2896, nonzero 244
    new field freeze_join_wait_us: median/p90/max 3.0/4.0/49913, nonzero 244
    new field freeze_late: {'true': 244}
    new field freeze_pool_own: {'false': 244}
    new field live_index_defer: {'true': 244}
    new field merge_accounts: median/p90/max 366745.5/375930.0/383152, nonzero 244
    new field merge_append_us: median/p90/max 8213.5/14115.0/23744, nonzero 244
    new field merge_reverts: median/p90/max 366745.5/375930.0/383152, nonzero 244
    new field merge_reverts_us: median/p90/max 32764.5/40607.0/53639, nonzero 244
    new field merge_state_us: median/p90/max 81503.0/94097.0/110062, nonzero 244
    new field merge_tail_us: median/p90/max 0.0/0.0/1, nonzero 2
    new field merge_threads: median/p90/max 1.0/1.0/1, nonzero 244
    new field one_wave: {'false': 244}
    new field open_engine_us: median/p90/max 0.0/0.0/60271, nonzero 2
    new field open_fallback: {'false': 242, 'true': 2}
    new field open_keep_us: median/p90/max 4.0/5.0/10, nonzero 244
    new field open_layers: median/p90/max 3.0/3.0/3, nonzero 244
    new field open_provider_us: median/p90/max 129.0/172.0/712, nonzero 244
    new field plan_age_us: median/p90/max 101203.5/134594.0/238877, nonzero 244
    new field plan_ahead: median/p90/max 1.0/1.0/1, nonzero 244
    new field plan_body: median/p90/max 0.0/0.0/0, nonzero 0
    new field plan_body_us: median/p90/max 0.0/0.0/0, nonzero 0
    new field plan_discard: {'': 244}
    new field plan_prep_us: median/p90/max 12701.5/18137.0/29704, nonzero 244
    new field plan_topup_txs: median/p90/max 0.0/0.0/0, nonzero 0
    new field prep_from_plan: {'false': 244}
    new field prev_seal_to_answer_us: median/p90/max 2792.5/4925.0/8629, nonzero 244
    new field prev_seal_to_entry_us: median/p90/max 0.0/0.0/0, nonzero 0
    new field prev_seal_to_header_us: median/p90/max 170.5/265.0/431, nonzero 244
    new field prev_seal_to_import_us: median/p90/max 219259.0/251308.0/312892, nonzero 244
    new field prev_seal_to_request_us: median/p90/max 886.5/1260.0/145190, nonzero 244
    new field prev_seal_to_start_us: median/p90/max 1152.0/1558.0/145559, nonzero 244
    new field pull_bulk_txs: median/p90/max 400000.0/400000.0/400000, nonzero 244
    new field pull_bulk_us: median/p90/max 1352.5/1646.0/4742, nonzero 244
    new field root_apply_gap_us: median/p90/max 11.0/13.0/20, nonzero 244
    new field root_apply_total_us: median/p90/max 41786.0/56074.0/69326, nonzero 244
    new field root_compute_us: median/p90/max 46431.5/61598.0/71465, nonzero 244
    new field root_delta_us: median/p90/max 2114.5/8364.0/19822, nonzero 244
    new field root_index_us: median/p90/max 5441.0/13376.0/25653, nonzero 244
    new field root_leaves_us: median/p90/max 12769.0/19734.0/39442, nonzero 244
    new field root_note_us: median/p90/max 283.0/425.0/2067, nonzero 244
    new field root_ops_ahead: {'true': 244}
    new field root_ops_ahead_wait_us: median/p90/max 4814.0/15063.0/56715, nonzero 244
    new field root_ops_concat_us: median/p90/max 0.0/0.0/0, nonzero 0
    new field root_ops_encode_us: median/p90/max 8987.0/15150.0/51545, nonzero 244
    new field root_ops_finish_us: median/p90/max 4352.5/5157.0/12294, nonzero 244
    new field root_ops_sort_us: median/p90/max 6986.0/12470.0/24645, nonzero 244
    new field root_ops_us: median/p90/max 9192.5/19439.0/60186, nonzero 244
    new field root_rehash_us: median/p90/max 1648.0/2022.0/16123, nonzero 244
    new field root_retire_us: median/p90/max 1551.5/2745.0/6970, nonzero 244
    new field root_sort_us: median/p90/max 620.5/1209.0/8034, nonzero 244
    new field root_undo_us: median/p90/max 667.0/1203.0/4843, nonzero 244
    new field root_writes_us: median/p90/max 16294.0/21068.0/33088, nonzero 244
    new field seal_hashes_ahead: {'true': 244}
    new field seal_on_counters: {'false': 244}
    new field seal_to_complete_us: median/p90/max 210934.5/237957.0/288272, nonzero 244
    new field seal_to_frozen_us: median/p90/max 0.0/0.0/49920, nonzero 4
    new field seal_to_merge_end_us: median/p90/max 210810.0/237801.0/288130, nonzero 244
    new field seal_to_merge_start_us: median/p90/max 86579.5/106431.0/146467, nonzero 244
    new field seal_to_ops_ahead_us: median/p90/max 30422.0/43854.0/99256, nonzero 244
    new field seal_to_state_ready_us: median/p90/max 210820.5/237809.0/288141, nonzero 244
    new field sealed_unix_us: median/p90/max 1791401125975034.0/1791401137822583.0/1791401140715489, nonzero 244
    new field start_walk_check_us: median/p90/max 0.0/0.0/0, nonzero 0
    new field start_walk_ids_us: median/p90/max 0.0/0.0/0, nonzero 0
    new field start_walk_settle_us: median/p90/max 0.0/0.0/0, nonzero 0
    new field start_walk_us: median/p90/max 0.0/0.0/0, nonzero 0
    new field state_wait_us: median/p90/max 226.0/5957.0/72096, nonzero 244
    new field view_journal_reads: median/p90/max 4096.0/49152.0/114688, nonzero 131
    new field view_journal_searches: median/p90/max 11894.5/135522.0/343346, nonzero 131
    new field view_journal_skips: median/p90/max 0.0/0.0/0, nonzero 0
    new field whole_take_noted: {'false': 244}
    binding wait (tick / quorum / seal share, mean cycle): tick 94% (121); quorum 1% (124); seal 4% (147); feed-bound (blocks under 95% of the tier): 1 of 245
    slowest key vote delay median/p90 20.5/67.9 ms
    engine own-import total_ms per block median/p90/max 73/102/129 (n=244)
    layer RSS 8.6 -> 34.9 G (max 34.9), in-memory blocks max 10
    execution layer cores busy 34.7    validators cores busy 0.7
    flood delivered (median per 5 s over the leg) 3,279,208/s
  window 2: canonical 244 blocks, 97.6M tx = 3,253,333/s (99.6% of window 1), full 244/244 (100%); cycle mean/median/p90 122.2/121.4/128.2 ms
    leader builds 245: sealed_at median/p90/p99 116/133/163; phases median/p90 ms: gap_before_exec 5/13, state_wait 0/9, par 121/136, par_exec 40/47, roots 66/90, parent_fields 0/6, sealed 1/9
    state_wait_on {'none': 142, 'output': 84, 'open': 4, 'grandparent': 14, 'provider_open': 1}; builds with state_wait > 20 ms: 9 ([('grandparent', 8), ('output', 1)]); gp_layer {1.0: 245}, ggp_missing {0.0: 231, 1.0: 14}
    queue at the builds min/median 2,112,000/2,517,500
    new field batch_cpu_sum_us: median/p90/max 966673.0/1074939.0/1642771, nonzero 245
    new field batch_dispatch_us: median/p90/max 41.0/71.0/2422, nonzero 245
    new field batch_first_start_us: median/p90/max 21.0/33.0/47, nonzero 245
    new field batch_ivcsw: median/p90/max 1.0/6.0/26, nonzero 135
    new field batch_last_end_us: median/p90/max 38847.0/45568.0/65410, nonzero 245
    new field batch_last_start_us: median/p90/max 20157.0/23158.0/39837, nonzero 245
    new field batch_live_deferred: median/p90/max 42.0/48.0/125, nonzero 245
    new field batch_live_lock_hold_us: median/p90/max 17339.0/21590.0/44768, nonzero 245
    new field batch_live_lock_wait_us: median/p90/max 0.0/0.0/0, nonzero 0
    new field batch_live_lock_waits: median/p90/max 0.0/0.0/0, nonzero 0
    new field batch_majflt: median/p90/max 0.0/0.0/1, nonzero 1
    new field batch_minflt: median/p90/max 1477.0/13581.0/53925, nonzero 245
    new field batch_open_max_us: median/p90/max 523.0/593.0/3450, nonzero 245
    new field batch_open_sum_us: median/p90/max 13773.0/15963.0/41336, nonzero 245
    new field batch_threads: median/p90/max 32.0/32.0/32, nonzero 245
    new field batch_vcsw: median/p90/max 215.0/378.0/711, nonzero 245
    new field batch_view_index_wait_us: median/p90/max 0.0/20845.0/65195, nonzero 54
    new field batch_view_index_waits: median/p90/max 0.0/153.0/458, nonzero 54
    new field batch_view_slot_wait_us: median/p90/max 0.0/388.0/1507, nonzero 56
    new field batch_view_slot_waits: median/p90/max 0.0/17.0/44, nonzero 57
    new field batch_wall_sum_us: median/p90/max 974745.0/1091814.0/1645487, nonzero 245
    new field batches: median/p90/max 62.0/62.0/62, nonzero 245
    new field build_batches: median/p90/max 0.0/0.0/0, nonzero 0
    new field exec_end_to_seal_us: median/p90/max 48249.0/58273.0/76022, nonzero 245
    new field exec_partition_us: median/p90/max 2444.0/3222.0/8499, nonzero 245
    new field exec_prepared_groups: {'false': 245}
    new field exec_prepared_slots: {'false': 245}
    new field exec_slots_us: median/p90/max 1427.0/1828.0/5580, nonzero 245
    new field freeze_join_wait_us: median/p90/max 3.0/4.0/52283, nonzero 245
    new field freeze_late: {'true': 245}
    new field freeze_pool_own: {'false': 245}
    new field live_index_defer: {'true': 245}
    new field merge_accounts: median/p90/max 366567.0/376065.0/382468, nonzero 245
    new field merge_append_us: median/p90/max 11436.0/19787.0/35349, nonzero 245
    new field merge_reverts: median/p90/max 366567.0/376065.0/382468, nonzero 245
    new field merge_reverts_us: median/p90/max 33596.0/40629.0/74263, nonzero 245
    new field merge_state_us: median/p90/max 85160.0/102534.0/129592, nonzero 245
    new field merge_tail_us: median/p90/max 0.0/0.0/1, nonzero 1
    new field merge_threads: median/p90/max 1.0/1.0/1, nonzero 245
    new field one_wave: {'false': 245}
    new field open_engine_us: median/p90/max 0.0/0.0/76471, nonzero 14
    new field open_fallback: {'false': 231, 'true': 14}
    new field open_keep_us: median/p90/max 4.0/5.0/9, nonzero 245
    new field open_layers: median/p90/max 3.0/3.0/3, nonzero 245
    new field open_provider_us: median/p90/max 130.0/203.0/1866, nonzero 245
    new field plan_age_us: median/p90/max 104485.0/122361.0/230034, nonzero 245
    new field plan_ahead: median/p90/max 1.0/1.0/1, nonzero 245
    new field plan_body: median/p90/max 0.0/0.0/0, nonzero 0
    new field plan_body_us: median/p90/max 0.0/0.0/0, nonzero 0
    new field plan_discard: {'': 245}
    new field plan_prep_us: median/p90/max 13371.0/17984.0/25573, nonzero 245
    new field plan_topup_txs: median/p90/max 0.0/0.0/0, nonzero 0
    new field prep_from_plan: {'false': 245}
    new field prev_seal_to_answer_us: median/p90/max 3093.0/5794.0/9445, nonzero 245
    new field prev_seal_to_entry_us: median/p90/max 0.0/0.0/0, nonzero 0
    new field prev_seal_to_header_us: median/p90/max 180.0/290.0/622, nonzero 245
    new field prev_seal_to_import_us: median/p90/max 235940.0/274721.0/330366, nonzero 245
    new field prev_seal_to_request_us: median/p90/max 907.0/1246.0/144672, nonzero 245
    new field prev_seal_to_start_us: median/p90/max 1211.0/1704.0/144986, nonzero 245
    new field pull_bulk_txs: median/p90/max 400000.0/400000.0/400000, nonzero 245
    new field pull_bulk_us: median/p90/max 1361.0/1735.0/5119, nonzero 245
    new field root_apply_gap_us: median/p90/max 12.0/14.0/31, nonzero 245
    new field root_apply_total_us: median/p90/max 42758.0/57496.0/77726, nonzero 245
    new field root_compute_us: median/p90/max 46399.0/64709.0/80167, nonzero 245
    new field root_delta_us: median/p90/max 2168.0/4514.0/16552, nonzero 245
    new field root_index_us: median/p90/max 5512.0/12993.0/23300, nonzero 245
    new field root_leaves_us: median/p90/max 12990.0/25144.0/49703, nonzero 245
    new field root_note_us: median/p90/max 283.0/403.0/3009, nonzero 245
    new field root_ops_ahead: {'true': 245}
    new field root_ops_ahead_wait_us: median/p90/max 6574.0/19570.0/41662, nonzero 245
    new field root_ops_concat_us: median/p90/max 0.0/0.0/0, nonzero 0
    new field root_ops_encode_us: median/p90/max 9666.0/18203.0/40654, nonzero 245
    new field root_ops_finish_us: median/p90/max 4491.0/7187.0/12361, nonzero 245
    new field root_ops_sort_us: median/p90/max 7395.0/13838.0/40531, nonzero 245
    new field root_ops_us: median/p90/max 10990.0/23919.0/46629, nonzero 245
    new field root_rehash_us: median/p90/max 2285.0/2899.0/16399, nonzero 245
    new field root_retire_us: median/p90/max 1812.0/2821.0/10211, nonzero 245
    new field root_sort_us: median/p90/max 668.0/1314.0/8659, nonzero 245
    new field root_undo_us: median/p90/max 718.0/1211.0/4071, nonzero 245
    new field root_writes_us: median/p90/max 16407.0/22639.0/40462, nonzero 245
    new field seal_hashes_ahead: {'true': 245}
    new field seal_on_counters: {'false': 245}
    new field seal_to_complete_us: median/p90/max 225187.0/260584.0/306671, nonzero 245
    new field seal_to_frozen_us: median/p90/max 0.0/0.0/52311, nonzero 5
    new field seal_to_merge_end_us: median/p90/max 225108.0/260467.0/306549, nonzero 245
    new field seal_to_merge_start_us: median/p90/max 95681.0/120120.0/156529, nonzero 245
    new field seal_to_ops_ahead_us: median/p90/max 33795.0/49935.0/69081, nonzero 245
    new field seal_to_state_ready_us: median/p90/max 225116.0/260481.0/306564, nonzero 245
    new field sealed_unix_us: median/p90/max 1791401155742799.0/1791401167754916.0/1791401170726782, nonzero 245
    new field start_walk_check_us: median/p90/max 0.0/0.0/0, nonzero 0
    new field start_walk_ids_us: median/p90/max 0.0/0.0/0, nonzero 0
    new field start_walk_settle_us: median/p90/max 0.0/0.0/0, nonzero 0
    new field start_walk_us: median/p90/max 0.0/0.0/0, nonzero 0
    new field state_wait_us: median/p90/max 376.0/9579.0/84264, nonzero 245
    new field view_journal_reads: median/p90/max 4096.0/32768.0/94208, nonzero 125
    new field view_journal_searches: median/p90/max 11223.0/88636.0/247903, nonzero 125
    new field view_journal_skips: median/p90/max 0.0/0.0/0, nonzero 0
    new field whole_take_noted: {'false': 245}
    binding wait (tick / quorum / seal share, mean cycle): tick 91% (122); quorum 9% (129); seal 0% (124); feed-bound (blocks under 95% of the tier): 0 of 244
    slowest key vote delay median/p90 51.4/100.9 ms
    engine own-import total_ms per block median/p90/max 85/115/153 (n=244)
    layer RSS 34.5 -> 42.0 G (max 42.0), in-memory blocks max 10
    execution layer cores busy 35.2    validators cores busy 0.7
  window 3: canonical 238 blocks, 95.2M tx = 3,173,333/s (97.1% of window 1), full 238/238 (100%); cycle mean/median/p90 126.7/121.6/134.0 ms
    leader builds 238: sealed_at median/p90/p99 120/143/203; phases median/p90 ms: gap_before_exec 5/18, state_wait 0/13, par 124/151, par_exec 41/49, roots 62/91, parent_fields 0/2, sealed 1/4
    state_wait_on {'none': 144, 'grandparent': 12, 'output': 81, 'open': 1}; builds with state_wait > 20 ms: 12 ([('grandparent', 6), ('output', 6)]); gp_layer {1.0: 238}, ggp_missing {0.0: 226, 1.0: 12}
    queue at the builds min/median 2,113,000/2,518,500
    new field batch_cpu_sum_us: median/p90/max 1014853.0/1120422.0/1506447, nonzero 238
    new field batch_dispatch_us: median/p90/max 45.0/77.0/7129, nonzero 238
    new field batch_first_start_us: median/p90/max 19.0/32.0/61, nonzero 238
    new field batch_ivcsw: median/p90/max 1.0/6.0/24, nonzero 124
    new field batch_last_end_us: median/p90/max 40340.5/47815.0/145844, nonzero 238
    new field batch_last_start_us: median/p90/max 20878.5/25222.0/56454, nonzero 238
    new field batch_live_deferred: median/p90/max 42.0/46.0/149, nonzero 238
    new field batch_live_lock_hold_us: median/p90/max 17390.0/21742.0/48727, nonzero 238
    new field batch_live_lock_wait_us: median/p90/max 0.0/0.0/0, nonzero 0
    new field batch_live_lock_waits: median/p90/max 0.0/0.0/0, nonzero 0
    new field batch_majflt: median/p90/max 0.0/1.0/4223, nonzero 24
    new field batch_minflt: median/p90/max 1296.5/10884.0/53067, nonzero 238
    new field batch_open_max_us: median/p90/max 518.5/590.0/2615, nonzero 238
    new field batch_open_sum_us: median/p90/max 13540.5/16013.0/18560, nonzero 238
    new field batch_threads: median/p90/max 32.0/32.0/32, nonzero 238
    new field batch_vcsw: median/p90/max 223.5/444.0/4419, nonzero 238
    new field batch_view_index_wait_us: median/p90/max 0.0/23042.0/74834, nonzero 57
    new field batch_view_index_waits: median/p90/max 0.0/173.0/427, nonzero 57
    new field batch_view_slot_wait_us: median/p90/max 0.0/526.0/1477, nonzero 58
    new field batch_view_slot_waits: median/p90/max 0.0/22.0/50, nonzero 58
    new field batch_wall_sum_us: median/p90/max 1034952.5/1157395.0/2050010, nonzero 238
    new field batches: median/p90/max 62.0/62.0/62, nonzero 238
    new field build_batches: median/p90/max 0.0/0.0/0, nonzero 0
    new field exec_end_to_seal_us: median/p90/max 50276.5/61951.0/80325, nonzero 238
    new field exec_partition_us: median/p90/max 2488.5/3416.0/7268, nonzero 238
    new field exec_prepared_groups: {'false': 238}
    new field exec_prepared_slots: {'false': 238}
    new field exec_slots_us: median/p90/max 1439.5/1751.0/3431, nonzero 238
    new field freeze_join_wait_us: median/p90/max 3.0/4.0/35445, nonzero 237
    new field freeze_late: {'true': 238}
    new field freeze_pool_own: {'false': 238}
    new field live_index_defer: {'true': 238}
    new field merge_accounts: median/p90/max 365191.0/374306.0/381365, nonzero 238
    new field merge_append_us: median/p90/max 9635.5/16632.0/38199, nonzero 238
    new field merge_reverts: median/p90/max 365191.0/374306.0/381365, nonzero 238
    new field merge_reverts_us: median/p90/max 32714.0/43646.0/95135, nonzero 238
    new field merge_state_us: median/p90/max 82455.0/101421.0/131509, nonzero 238
    new field merge_tail_us: median/p90/max 0.0/0.0/4, nonzero 2
    new field merge_threads: median/p90/max 1.0/1.0/1, nonzero 238
    new field one_wave: {'false': 238}
    new field open_engine_us: median/p90/max 0.0/0.0/80506, nonzero 12
    new field open_fallback: {'false': 226, 'true': 12}
    new field open_keep_us: median/p90/max 4.0/5.0/19, nonzero 238
    new field open_layers: median/p90/max 3.0/3.0/3, nonzero 238
    new field open_provider_us: median/p90/max 139.0/206.0/774, nonzero 238
    new field plan_age_us: median/p90/max 106697.5/127569.0/322940, nonzero 238
    new field plan_ahead: median/p90/max 1.0/1.0/1, nonzero 238
    new field plan_body: median/p90/max 0.0/0.0/0, nonzero 0
    new field plan_body_us: median/p90/max 0.0/0.0/0, nonzero 0
    new field plan_discard: {'': 238}
    new field plan_prep_us: median/p90/max 12915.0/21400.0/89969, nonzero 238
    new field plan_topup_txs: median/p90/max 0.0/0.0/0, nonzero 0
    new field prep_from_plan: {'false': 238}
    new field prev_seal_to_answer_us: median/p90/max 2802.0/5158.0/10432, nonzero 238
    new field prev_seal_to_entry_us: median/p90/max 0.0/0.0/0, nonzero 0
    new field prev_seal_to_header_us: median/p90/max 179.5/295.0/1482, nonzero 238
    new field prev_seal_to_import_us: median/p90/max 234081.0/291297.0/461581, nonzero 238
    new field prev_seal_to_request_us: median/p90/max 904.0/1226.0/124226, nonzero 238
    new field prev_seal_to_start_us: median/p90/max 1211.0/1724.0/124472, nonzero 238
    new field pull_bulk_txs: median/p90/max 400000.0/400000.0/400000, nonzero 238
    new field pull_bulk_us: median/p90/max 1394.0/1715.0/8688, nonzero 238
    new field root_apply_gap_us: median/p90/max 12.0/14.0/22, nonzero 238
    new field root_apply_total_us: median/p90/max 43581.5/60259.0/248849, nonzero 238
    new field root_compute_us: median/p90/max 48363.0/65567.0/251125, nonzero 238
    new field root_delta_us: median/p90/max 2121.5/7494.0/18809, nonzero 238
    new field root_index_us: median/p90/max 5292.5/14042.0/29832, nonzero 238
    new field root_leaves_us: median/p90/max 12578.5/28200.0/201444, nonzero 238
    new field root_note_us: median/p90/max 287.0/394.0/1471, nonzero 238
    new field root_ops_ahead: {'true': 238}
    new field root_ops_ahead_wait_us: median/p90/max 5352.5/17726.0/45714, nonzero 238
    new field root_ops_concat_us: median/p90/max 0.0/0.0/0, nonzero 0
    new field root_ops_encode_us: median/p90/max 9780.0/16460.0/53798, nonzero 238
    new field root_ops_finish_us: median/p90/max 4208.0/6781.0/21499, nonzero 238
    new field root_ops_sort_us: median/p90/max 6783.5/13000.0/39591, nonzero 238
    new field root_ops_us: median/p90/max 9796.5/23837.0/50621, nonzero 238
    new field root_rehash_us: median/p90/max 2796.5/3555.0/29335, nonzero 238
    new field root_retire_us: median/p90/max 1690.5/2697.0/8601, nonzero 238
    new field root_sort_us: median/p90/max 698.5/1335.0/2526, nonzero 238
    new field root_undo_us: median/p90/max 682.5/1187.0/2693, nonzero 238
    new field root_writes_us: median/p90/max 16702.5/21597.0/31187, nonzero 238
    new field seal_hashes_ahead: {'true': 238}
    new field seal_on_counters: {'false': 238}
    new field seal_to_complete_us: median/p90/max 221383.0/256461.0/448921, nonzero 238
    new field seal_to_frozen_us: median/p90/max 0.0/0.0/35404, nonzero 2
    new field seal_to_merge_end_us: median/p90/max 221268.0/256331.0/448845, nonzero 238
    new field seal_to_merge_start_us: median/p90/max 91202.0/124917.0/339453, nonzero 238
    new field seal_to_ops_ahead_us: median/p90/max 31968.5/51241.0/147773, nonzero 238
    new field seal_to_state_ready_us: median/p90/max 221276.5/256339.0/448853, nonzero 238
    new field sealed_unix_us: median/p90/max 1791401186274584.0/1791401198092142.0/1791401200816218, nonzero 238
    new field start_walk_check_us: median/p90/max 0.0/0.0/0, nonzero 0
    new field start_walk_ids_us: median/p90/max 0.0/0.0/0, nonzero 0
    new field start_walk_settle_us: median/p90/max 0.0/0.0/0, nonzero 0
    new field start_walk_us: median/p90/max 0.0/0.0/0, nonzero 0
    new field state_wait_us: median/p90/max 289.5/13585.0/92536, nonzero 238
    new field view_journal_reads: median/p90/max 12288.0/36864.0/61440, nonzero 127
    new field view_journal_searches: median/p90/max 27088.0/95123.0/169025, nonzero 127
    new field view_journal_skips: median/p90/max 0.0/0.0/0, nonzero 0
    new field whole_take_noted: {'false': 238}
    binding wait (tick / quorum / seal share, mean cycle): tick 74% (122); quorum 18% (143); seal 8% (136); feed-bound (blocks under 95% of the tier): 0 of 238
    slowest key vote delay median/p90 71.5/112.4 ms
    engine own-import total_ms per block median/p90/max 86/125/317 (n=238)
    layer RSS 41.7 -> 37.2 G (max 44.2), in-memory blocks max 10
    execution layer cores busy 34.2    validators cores busy 0.6
  round total (3 windows, canonical): 290.8M tx
  layer peak RSS 44.2 G; in-memory blocks max 10
  fields at seal: mode "early", verified 0, unchecked 0, mismatches 0 (last build line, cumulative)
  own_executed_again (built here and also directly imported): 0 of 754 built blocks
== loop345W3
  layer-0 leader window-1 builds 245: txs mean 400000, share >= 95% of the tier 100% (max 400000); sealed_at_ms 112.0/130.0; par_ms 117.0/131.0; par_exec_ms 39.0/48.0; roots_ms 60.0/78.0; parent_fields_ms 0.0/0.0; sealed_ms 1.0/2.0
  proposal cycle window 1 (n=252): mean 123.0 median 121.4 p90 129.2 ms; blocks in the 30 s: 252
  binding wait (tick / quorum / seal, share and mean cycle): tick 93.9% (121.4); quorum 1.2% (124.4); seal 4.9% (153.7)
  vote delay after the proposal, slowest key per block: median 20.5 p90 67.9 ms (slowest minus the median key: median 0.3); last key: {1: 42, 2: 38, 3: 55, 4: 42, 5: 19, 6: 49} of 245 blocks
  CPU in window 1 (cores busy): execution layers 34.7 over 1 process(es); validators 0.7 over 7 process(es)
  execution layer peak RSS 44.2 G; in-memory blocks max 10 (node0 and others, all layers)
  blocks built here 754; none also directly imported
  import-once counters at the last direct import: ; start-up lines with import_once=true: 1; queue-lock lines 0
  layer-0 queue (queued after canonical prune), median per 10 s: t+0:2515000 t+20:2444750 t+40:2511750 t+60:2465250 t+80:2422250
  flood: median per 5 s 3279208/s, final -
  timeout / given-up lines: 1; 19:24:42 v0 INFO process_event{view=1 kind="message"}: n42::cl::timeout: TC formed
loop345W3 page_faults_per_s_median: node0=164492 
leg loop345W3b: /data free 558G (needs 120 G)
load 12.70 at 15:27:46, waiting
leg loop345W3b start 15:28:17 load 7.69
round loop345W3b exit 0 at 15:31:14
loop345W3b save stages (node0, seconds summed over the leg / count): batch_size=998.0/330  batch_size=998.0/330  reth_consensus_engine_beacon_persistence_duration=61.8/330  duration_seconds=58.8/330  total=54.5/330  scope=49.6/330  sf=49.2/330  sf_transactions=48.9/330  qmdb_persisted=22.1/330  sf_account_changesets=20.8/330
el binary: /data/n42-build/target-n42-rs/native/release/n42 env: N42_IMPORT_ONCE=1 N42_SETTLEMENT_TAGS=legacy N42_BUILD_THROTTLE_SOFT=48 F7_EL_MAP=0,0,0,0,0,0,0 N42_FIELDS_AT_SEAL=1 N42_FREEZE_AFTER_SEAL=1 N42_FRAME_BLOCKS=1 N42_TX_INGEST_RECOVER_PARALLEL=24 N42_PARALLEL_BUILD_THREADS=32 N42_PLAN_AHEAD=1 N42_HASHED_TABLES=off F7_FLOOD_RATE=6000000 N42_COMPACT_BODY=1 MALLOC_CONF=thp:always,oversize_threshold:0,dirty_decay_ms:2000,background_thread:true N42_ACCOUNT_HISTORY=off N42_TAKE_COMPACT=1 N42_SF_EARLY_WRITEBACK=1 N42_ROAD_RUNTIME=1 N42_TX_INGEST_HIGH_WATER=2500000 F7_BENCH_POOL_SLOTS=3000000 N42_SEAL_AT_EXEC=1 N42_TX_QUEUE_DRAIN_CHUNK=8192 N42_ANSWER_LAYOUT_ONLY=1 N42_PULL_BY_FRAMES=1 N42_SF_PARALLEL_ENCODE=1 N42_BUILD_THROTTLE_HARD=80 N42_LIVE_INDEX_DEFER=1 RAYON_NUM_THREADS=16 N42_ROOT_OPS_AHEAD=1 TOKIO_WORKER_THREADS=16 N42_QMDB_READS=on N42_LEADER_LAYERS=3 N42_PERSIST_QMDB_IN_SCOPE=1 F7_BLOCK_INTERVAL_MS=120 F7_MEASURE_FROM_LOG=1
validator env: N42_IMPORT_ONCE=1 N42_SETTLEMENT_TAGS=legacy N42_BUILD_THROTTLE_SOFT=48 F7_EL_MAP=0,0,0,0,0,0,0 N42_FIELDS_AT_SEAL=1 N42_FREEZE_AFTER_SEAL=1 N42_FRAME_BLOCKS=1 N42_TX_INGEST_RECOVER_PARALLEL=24 N42_PARALLEL_BUILD_THREADS=32 N42_PLAN_AHEAD=1 N42_HASHED_TABLES=off F7_FLOOD_RATE=6000000 N42_COMPACT_BODY=1 N42_ACCOUNT_HISTORY=off N42_TAKE_COMPACT=1 N42_SF_EARLY_WRITEBACK=1 N42_ROAD_RUNTIME=1 N42_TX_INGEST_HIGH_WATER=2500000 F7_BENCH_POOL_SLOTS=3000000 N42_SEAL_AT_EXEC=1 N42_TX_QUEUE_DRAIN_CHUNK=8192 N42_ANSWER_LAYOUT_ONLY=1 N42_PULL_BY_FRAMES=1 N42_SF_PARALLEL_ENCODE=1 N42_BUILD_THROTTLE_HARD=80 N42_LIVE_INDEX_DEFER=1 RAYON_NUM_THREADS=16 N42_ROOT_OPS_AHEAD=1 TOKIO_WORKER_THREADS=16 N42_QMDB_READS=on N42_LEADER_LAYERS=3 N42_PERSIST_QMDB_IN_SCOPE=1 F7_MEASURE_FROM_LOG=1
loop345W3b once: start-up lines import_once=true 1; last direct-import counters 
loop345W3b imports: layers=1 direct_imports=0 canonical_blocks=1374 import_once_lines=1 (per layer: direct imports should equal canonical blocks for one execution per block)
grep: /data/blockchain/rust-fleet7-bench/node1/el.log: No such file or directory
grep: /data/blockchain/rust-fleet7-bench/node2/el.log: No such file or directory
grep: /data/blockchain/rust-fleet7-bench/node3/el.log: No such file or directory
grep: /data/blockchain/rust-fleet7-bench/node1/el.log: No such file or directory
grep: /data/blockchain/rust-fleet7-bench/node2/el.log: No such file or directory
grep: /data/blockchain/rust-fleet7-bench/node3/el.log: No such file or directory
cat: /data/blockchain/rust-fleet7-bench/node2/el.log: No such file or directory
cat: /data/blockchain/rust-fleet7-bench/node2/el.log: No such file or directory
cat: /data/blockchain/rust-fleet7-bench/node2/el.log: No such file or directory
cat: /data/blockchain/rust-fleet7-bench/node1/el.log: No such file or directory
cat: /data/blockchain/rust-fleet7-bench/node2/el.log: No such file or directory
cat: /data/blockchain/rust-fleet7-bench/node3/el.log: No such file or directory
loop345W3b no_variant=0 own_not_committed=0 tc=1 invalid_blocks=0 incomplete=0 gas_mismatch=0 direct_imports_failed=0 stuck_at_hashed_state=0 engine_idles_over_5s=1 proposals_given_up=0 tables_off_nodes=1 unanswered_reads=0 seal_first_total=749 seal_first_direct=749 direct_guard_errors=0 commit_ms_median=48 fold_ms_median=60 sealed_at_ms_median=116 state_ready_ms_median=193 build_total_ms_median=346 recover_us_median=0 par_exec_ms_median=40 par_exec_ms_median=40 giveback_filtered=0 giveback_offered_max=0 seal_first=749 reader_lag_max=9 reader_lag_warns=0 view_invalidated=0 el_sum_peak_g=43.6 el_max_peak_g=43.6 val_sum_peak_g=1.9 flood_peak_g=0.6 two_roads_blocks=0 two_roads_overlap_ms_median=- exec_on_output_declined=0 r1_collect_ms_median=5 proposal_at_ms_median=109 view_total_ms_median=121 import_exec_ms_median=- import_total_ms_median=- import_senders_ms_median=- import_convert_ms_median=- import_groups_median=- imports_over_600ms=0 min_avail_g=66.8 road_foreign_body_recv_ms=- road_foreign_body_decode_ms=- road_foreign_body_senders_ms=- road_foreign_body_parent_wait_ms=- road_foreign_body_check_ms=- road_foreign_body_total_ms=- road_new_payload_recv_ms=- road_new_payload_decode_ms=- road_new_payload_senders_ms=- road_new_payload_parent_wait_ms=- road_new_payload_check_ms=- road_new_payload_total_ms=- road_foreign_body_blocks=0 road_new_payload_blocks=0 fcu_answered=645 fcu_in_flight_ms_median=27 fcu_queued_ms_median=0 fcu_queued_ms_max=176 fcu_refused=0 fcu_slow=899 bodies_held=0 road_reuse_ms=- road_prepare_ms=- road_dispatch_ms=- road_convert_ms=- road_remember_ms=- road_header_ms=- road_fields_ms=- road_other_ms=- import_engine_ms_median=- gate_forced=0 gate_warns=0 flood_timeouts=0 canonical_min=1384 canonical_max=1384 chained_builds=1042 chain_lead_ms_median=75 chain_wait_ms_median=48 chain_started=1045 chain_discarded=2 chain_discard_reasons=_1_reason="no_,_1_reason="the_execution_layer_produced_nothing,_1_reason="the_request_names_another_parent chain_alias_warns=0 el_chained=1048 bodies_held_warns=0 el_build_refused=1 el_build_refused_reasons=_1_no_QMDB_tree_for_parent_block_0x queued_p5=2119500 queued_p50=2514000 road_compact_blocks=0 road_compact_recv_ms=- road_compact_assemble_ms=- road_compact_root_ms=- road_compact_miss_wait_ms=- road_compact_senders_ms=- road_compact_check_ms=- road_compact_other_ms=- road_compact_total_ms=- road_compact_misses_total= compact_refused_el=0 compact_fallbacks=0 compact_bytes_median=- pool_order9=13197 par_pull_ms_median=- build_total_ms_median2=- road_compact_filled_blocks=0 road_compact_filled_median=- road_compact_fill_ms_median=- need_txns=0 fill_failed=0 ingest_rate_gate_open_median=- ingest_gate_open_intervals=0 ingest_slots_busy_median=- flood_rate= fill_asked_proposer=0 fill_asked_other=0 loop_lines=1138 loop_unnamed_ms_median=105 loop_body_served_ms_median=- loop_txns_served_ms_median=- import_exec_ms_median2=- pip_partition_ms=- pip_env_ms=- pip_batch_ms=- pip_groups_ms=- pip_gas_ms=- pip_merge_ms=- pip_receipts_ms=- pip_drop_ms=- pip_other_ms=- pip_total_ms=- senders_indexed_median=- road_senders_ms_median=- road_total_ms_median=- pew_ms_median=- pew_ms_p90= gate_ms_median=- gate_ms_p90= root_ms_p50=- root_ms_p90= two_roads=0 not_on_output=0 not_on_output_why= ckpt_ms_first_q=4 ckpt_ms_last_q=50 ckpt_bytes_last=34001500 parent_still_importing=0 root_wait_ms_p50=- root_wait_ms_p90= tenures_low_seal=13 seal_first_share=0.99 empty_over_deep=0 near_empty_warns=0 no_seal_why= par_skipped_median=- usable_p5=2119500 ckpt_replay_ms_last_q=17 candidates_zero=0 dropped_ingest=0 let_go_warns=0 let_go_reasons= parked_p50=0 parked_max=0 held_warns=0 park_capped_total=0 superseded_builds=0 empty_not_superseded=0 mass_park_warns=0 heads_lines=0 holes_lines=0 stale_parent_refusals=0 par_groups_p5=0 cancelled_decided=0 heads_nonce0=0 stale_unconfirmed= handovers=0 el_panics=0 decided_cancelled=0 min_window_blocks=239 road_desc_blocks=0 road_desc_total_ms=- road_desc_copy_ms=- desc_misses=0 fill_failed2=0 sf_par_collect_ms=- sf_par_commit_ms=- sf_par_fold_ms=- sf_par_graft_ms=- sf_par_prefault_ms=- sf_par_exec_ms=- sf_sealed_at_ms=- sf_roots_ms=- sf_state_ready_ms=- sf_total_ms=- ba_find_ms=- ba_queue_ms=- ba_total_ms=- ba_on_output=0 queue_fold_us=- queue_lock_us=- sf_par_exec_ms=- sf_par_fold_ms=- pip_groups_ms=- import_exec_ms_median2=- reads_d0=0 reads_hist=0 f_reads_d0=- f_reads_hist=- f_overlay_depth=- L_read_set_ms=0 read_set_accounts=0 read_set_unresolved=0 read_set_hits=0 read_set_misses=0 start_best_ms=- par_prep_ms=- gap_before_exec_ms=- gap_after_exec_ms=- gap_before_seal_ms=- index_ms=- road_copy_aside_ms=- road_copy_wait_ms=- road_total_ms=- queue_first_miss=queue_first_miss=18446744073709551615:755,queue_first_miss=0:620 root_append_behind=0 populate_lag_mb=0 swap_used_g=0 root_faults=- root_faults_p90= root_faults_entries=0 root_faults_offsets=0 root_faults_index=0 root_faults_bits=0 root_faults_twigs=0 root_faults_undo=0 root_faults_tmp=0 root_append_faults=0 root_twig_pool_misses=0 batch_max_ms=22 batch_min_ms=8 batch_median_ms=15 batch_cpu_max_ms=22 batch_txs_max=6500 batch_txs_min=3500 batch_start_skew_ms=20 batch_wait_ms=0 loop_fetch_ns=0 loop_check_ns=0 loop_transfer_ns=0 loop_receipt_ns=0 loop_gas_ns=0 loop_sink_ns=0 loop_other_ns=0 batch_setup_ns=0 batch_close_ns=0 imp_exec_part_ms=- imp_exec_batches_ms=- imp_exec_graft_ms=- imp_exec_batches=- imp_exec_threads=- imp_exec_batch_max_ms=- imp_exec_batch_median_ms=- imp_parent_output_wait_ms=- road_parent_output_wait_ms=- next_start_gap_ms=1 next_entry_gap_ms=0 commit_body_ahead_used=- imp_exec_keys_ms=- imp_keys_ahead=- imp_exec_sink_ms=- imp_exec_pre_ms=- imp_exec_post_ms=- imp_exec_receipts_ms=- imp_exec_drop_ms=- root_gap_ms=- queue_whole=queue_whole=true:755,queue_whole=false:620 tick_tick_late_us=1023 tick_preamble_us=343 tick_take_sealed_us=1 tick_sign_us=0 tick_cache_us=0 tick_presealed=- tick_describe_us=12 tick_publish_us=609 tick_tick_to_send_us=2108 road_check_ms=- road_check_include_us=- road_check_scan_us=- road_check_fold_us=- road_check_senders_us=- road_check_frames_summarized=- road_check_frames_scanned=- imp_exec_start_gap_us=- imp_gap_road_us=- imp_gap_header_us=- imp_gap_senders_us=- imp_gap_parent_us=- imp_gap_setup_us=- imp_gap_keys_wait_us=- sealed_at_p90= sealed_over_130=0 roots_ms=- cycle_p90=61/68/64 batch_max_ms=- batch_median_ms=- imp_batch_max=- forest_lock_warns=1457 root_seal_ms=2 root_seals=39 root_majflt=11348 roots_p90= gp_layer=755 ggp_missing=48 state_wait_split=0/0/0/0:467,2/0/0/0:52,1/0/0/0:40 qmdb_releases=0 state_wait_on= imp_road_end_ms=- imp_exec_start_ms=- imp_exec_end_ms=- imp_root_end_ms=- imp_fields_ready_ms=- imp_parent_fields_wait_ms=- imp_exec_ms=- imp_root_ms=- imp_checks_ms=- imp_engine_ms=- imp_total_ms=- road_parent_fields_wait_ms=- exec_read_ms=- L_exec_evm_ms=- L_exec_write_ms=- L_exec_other_ms=- L_reads_cache=- L_reads_provider=- L_reads_view=- L_graft_base_ms=- L_graft_reserve_ms=- L_graft_insert_ms=- L_graft_reverts_ms=- L_graft_other_ms=- L_par_exec_ms=- L_par_graft_ms=- F_exec_read_ms=- F_exec_evm_ms=- F_exec_write_ms=- F_exec_other_ms=- F_reads_cache=- F_reads_provider=- F_reads_view=- F_groups_ms=- L_tx_root_wait_ms=- L_par_exec_ms=- L_par_graft_ms=- L_par_fold_ms=- L_sealed_ms=- L_state_ready_ms=- L_roots_ms=- L_finish_ms=- L_total_ms=- L_setup_ms=- L_par_pull_ms=- L_give_back_ms=- L_state_wait_ms=- L_state_after_pull=749 L_seal_at_exec=749 L_tx_root_ahead=0 flood_w1=3280004 txs_p10=400000 acq_us=458 slots_busy=13 ingest_rate=3259930 L_scope_join_ms=- L_par_release_ms=- L_commit_body_ms=- L_par_commit_ms=- L_give_back_ms=- L_sealed_ms=- L_par_exec_ms=- L_state_wait_ms=- L_par_pull_ms=- L_par_prep_ms=- L_par_start_ms=- L_pre_exec_ms=- L_par_run_ms=- L_sealed_at_ms=- F_partition_ms=- F_env_ms=- F_groups_ms=- F_merge_ms=- F_reverts_wait_ms=- F_ahead_wait_ms=- F_total_ms=- I_engine_ms=- I_root_ms=- I_total_ms=- H_engine_remember_ms=- H_engine_listing_ms=- H_engine_new_payload_ms=- busy_us=1 L_par_start_ms=- L_start_handoff_ms=- L_start_best_ms=- L_start_puller_ms=- L_par_pull_ms=- L_par_prep_ms=- L_state_wait_ms=- L_par_exec_ms=- L_par_commit_ms=- L_sealed_ms=- L_sealed_at_ms=- L_par_graft_ms=- L_graft_insert_ms=- L_graft_reverts_ms=- L_graft_split_us=- L_graft_build_us=- L_graft_merge_us=- L_state_ready_ms=- Q_queue_ms=3 R_dispatch_wait_ms=- R_total_ms=- R_road_runtime=1 gate_holds=0 peer_fetch=0 pool_limit=limit=8 gate_opened=gate_opened_for_block=0 I_root_ms=- flood_rate_hdr=rate=6000000/s fills=0 fill_waited=- slots_busy=13 acq_us=458 busy_us=1 converged=0 fallbacks=0 busy_us=1 recover_us=0 tf_on_output=1 tf_fallback=0 still_importing=0 busy_us=1 slots_busy=13 batches=altsig_txs=0 altsig_batches=0 tf_on_output=1 tf_fallback=0 gate_holds=0 sign_s=sign 0s replay_note=replay       : 64 files from /data/n42-pregen/g900000-400m, 400000000 transactio sign_s=sign 0s shard=shard_verified=0 shard_claimed=0 road_verified=- slots_busy=13 gate_us=5710 reply_us=6288 queued=2514000 assemble_ms=- road_take_ms=- road_body_ms=- road_encode_ms=- shards=16 shard_insert_ms=0 shard_wait_ms=0 shard_fold_ms=46 shard_append_ms=42 shard_merge_ms=123 state_ready_ms=193 roots_ms=61 exec_read_ms=0 exec_evm_ms=0 exec_write_ms=0 exec_other_ms=0 reads_cache=0 reads_provider=0 reads_view=0 par_run_ms=45 fold_task_cpu_max_us=44218 fold_task_minflt_max=1677 fold_task_minflt_sum=1677 fold_task_migrated=0 fold_task_nivcsw_max=0 fold_index=1 fold_index_build_ms=44 fold_index_conflicts=32371 fold_queue_us=700 fold_skew_us=5 fold_task_max_us=44222 fold_tail_us=34 start_best_ms=6 start_select_ms=0 start_walk_ms=0 start_walk_check_ms=0 start_best_other_ms=1 start_frames_by_ref=0 start_frames_slow=0 start_pull_ms=0 start_other_ms=0 start_handoff_ms=4 par_start_ms=6 par_prep_ms=9 par_commit_ms=48 commit_body_ms=1 par_fold_ms=60 sealed_ms=1 copy_ms=- prune_ms=1 frames=- frames_missing=- frame_root_ms=- root_ms=- frames_admitted=frames_admitted=598668 frames_unaligned=0 frame_root_indexed=- seal_layout_ms=1 seal_root_ms=0 attested= busy_us=1 slots_busy=13 reply_us=6288 prune_ms=1 body_refused=0 body_failed_late=0
loop345W3b win1 tps=3,220,000 txs=96,600,000 blocks= 483 cycle=0.062s occupancy= 99.8% full(>=95%)=482/483 basefee=n/a (from the layer's log)
loop345W3b win2 tps=3,033,333 txs=91,000,000 blocks= 455 cycle=0.066s occupancy=100.0% full(>=95%)=455/455 basefee=n/a (from the layer's log)
loop345W3b win3 tps=3,060,000 txs=91,800,000 blocks= 459 cycle=0.065s occupancy=100.0% full(>=95%)=459/459 basefee=n/a (from the layer's log)
loop345W3b win1 tps=2,966,583 txs=88,997,500 blocks= 445 cycle=0.067s occupancy= 99.8% full(>=95%)=444/445 basefee=n/a (from the layer's log)
loop345W3b win2 tps=3,140,000 txs=94,200,000 blocks= 471 cycle=0.064s occupancy=100.0% full(>=95%)=471/471 basefee=n/a (from the layer's log)
loop345W3b win3 tps=2,960,000 txs=88,800,000 blocks= 444 cycle=0.068s occupancy=100.0% full(>=95%)=444/444 basefee=n/a (from the layer's log)
loop345W3b win1 tps=3,200,000 txs=96,000,000 blocks= 240 cycle=0.125s occupancy= 99.6% full(>=95%)=239/240 basefee=n/a (from the layer's log)
loop345W3b win2 tps=3,226,667 txs=96,800,000 blocks= 242 cycle=0.124s occupancy=100.0% full(>=95%)=242/242 basefee=n/a (from the layer's log)
loop345W3b win3 tps=3,186,667 txs=95,600,000 blocks= 239 cycle=0.126s occupancy=100.0% full(>=95%)=239/239 basefee=n/a (from the layer's log)
loop345W3b tps=3,220,000
tps=2,966,583
tps=3,200,000 round_txs=839797500 cycles_w1=
loop345W3b imp_fields_p90= b_p75=52
loop345W3b overlay: filter_skips=0 probes=0 ratio=- (ratio = skips/(skips+probes))
loop345W3b overlay_manager:       1 state_trie_overlay=false  state-ovly_cpu=0
loop345W3b verify: written to /data/blockchain/rust-fleet7-bench/bench-loop345W3b/verify.json
== loop345W3b  (E=1: seven validator keys on one execution layer)
  window 1: canonical 240 blocks, 96.0M tx = 3,200,000/s (100.0% of window 1), full 239/240 (100%); cycle mean/median/p90 125.0/121.5/131.4 ms
    leader builds 240: sealed_at median/p90/p99 114/138/193; phases median/p90 ms: gap_before_exec 5/13, state_wait 0/9, par 119/141, par_exec 40/49, roots 59/78, parent_fields 0/0, sealed 1/2
    state_wait_on {'none': 130, 'output': 95, 'open': 1, 'grandparent': 14}; builds with state_wait > 20 ms: 14 ([('grandparent', 11), ('output', 3)]); gp_layer {1.0: 240}, ggp_missing {0.0: 226, 1.0: 14}
    queue at the builds min/median 2,114,000/2,519,750
    new field batch_cpu_sum_us: median/p90/max 981827.0/1182200.0/1896547, nonzero 240
    new field batch_dispatch_us: median/p90/max 43.0/77.0/8106, nonzero 240
    new field batch_first_start_us: median/p90/max 19.0/33.0/53, nonzero 240
    new field batch_ivcsw: median/p90/max 0.0/7.0/24, nonzero 116
    new field batch_last_end_us: median/p90/max 38534.0/47304.0/69303, nonzero 240
    new field batch_last_start_us: median/p90/max 20600.0/25019.0/45236, nonzero 240
    new field batch_live_deferred: median/p90/max 41.0/45.0/53, nonzero 240
    new field batch_live_lock_hold_us: median/p90/max 16333.5/19930.0/24895, nonzero 240
    new field batch_live_lock_wait_us: median/p90/max 0.0/0.0/0, nonzero 0
    new field batch_live_lock_waits: median/p90/max 0.0/0.0/0, nonzero 0
    new field batch_majflt: median/p90/max 0.0/0.0/0, nonzero 0
    new field batch_minflt: median/p90/max 847.5/9295.0/22998, nonzero 240
    new field batch_open_max_us: median/p90/max 494.0/573.0/912, nonzero 240
    new field batch_open_sum_us: median/p90/max 12893.0/15303.0/18424, nonzero 240
    new field batch_threads: median/p90/max 32.0/32.0/32, nonzero 240
    new field batch_vcsw: median/p90/max 207.0/391.0/671, nonzero 240
    new field batch_view_index_wait_us: median/p90/max 0.0/24134.0/58150, nonzero 45
    new field batch_view_index_waits: median/p90/max 0.0/178.0/411, nonzero 45
    new field batch_view_slot_wait_us: median/p90/max 0.0/584.0/3526, nonzero 51
    new field batch_view_slot_waits: median/p90/max 0.0/21.0/69, nonzero 51
    new field batch_wall_sum_us: median/p90/max 985924.0/1190012.0/1929688, nonzero 240
    new field batches: median/p90/max 62.0/62.0/62, nonzero 240
    new field build_batches: median/p90/max 0.0/0.0/0, nonzero 0
    new field exec_end_to_seal_us: median/p90/max 47378.0/60830.0/89565, nonzero 240
    new field exec_partition_us: median/p90/max 2184.5/2923.0/6832, nonzero 240
    new field exec_prepared_groups: {'false': 240}
    new field exec_prepared_slots: {'false': 240}
    new field exec_slots_us: median/p90/max 1601.5/2070.0/2413, nonzero 240
    new field freeze_join_wait_us: median/p90/max 3.0/5.0/70216, nonzero 240
    new field freeze_late: {'true': 240}
    new field freeze_pool_own: {'false': 240}
    new field live_index_defer: {'true': 240}
    new field merge_accounts: median/p90/max 367286.0/375020.0/384855, nonzero 240
    new field merge_append_us: median/p90/max 8461.0/13156.0/22393, nonzero 240
    new field merge_reverts: median/p90/max 367286.0/375020.0/384855, nonzero 240
    new field merge_reverts_us: median/p90/max 32040.5/38527.0/50688, nonzero 240
    new field merge_state_us: median/p90/max 77889.0/88128.0/124766, nonzero 240
    new field merge_tail_us: median/p90/max 0.0/0.0/0, nonzero 0
    new field merge_threads: median/p90/max 1.0/1.0/1, nonzero 240
    new field one_wave: {'false': 240}
    new field open_engine_us: median/p90/max 0.0/0.0/106613, nonzero 14
    new field open_fallback: {'false': 226, 'true': 14}
    new field open_keep_us: median/p90/max 4.0/5.0/13, nonzero 240
    new field open_layers: median/p90/max 3.0/3.0/3, nonzero 240
    new field open_provider_us: median/p90/max 120.0/182.0/277, nonzero 240
    new field plan_age_us: median/p90/max 103669.0/156576.0/237390, nonzero 240
    new field plan_ahead: median/p90/max 1.0/1.0/1, nonzero 240
    new field plan_body: median/p90/max 0.0/0.0/0, nonzero 0
    new field plan_body_us: median/p90/max 0.0/0.0/0, nonzero 0
    new field plan_discard: {'': 240}
    new field plan_prep_us: median/p90/max 12339.0/18615.0/27901, nonzero 240
    new field plan_topup_txs: median/p90/max 0.0/0.0/0, nonzero 0
    new field prep_from_plan: {'false': 240}
    new field prev_seal_to_answer_us: median/p90/max 3268.5/5818.0/10949, nonzero 240
    new field prev_seal_to_entry_us: median/p90/max 0.0/0.0/0, nonzero 0
    new field prev_seal_to_header_us: median/p90/max 199.0/301.0/476, nonzero 240
    new field prev_seal_to_import_us: median/p90/max 216021.5/263203.0/333317, nonzero 233
    new field prev_seal_to_request_us: median/p90/max 911.0/1221.0/159670, nonzero 240
    new field prev_seal_to_start_us: median/p90/max 1229.0/1563.0/160069, nonzero 240
    new field pull_bulk_txs: median/p90/max 400000.0/400000.0/400000, nonzero 240
    new field pull_bulk_us: median/p90/max 1362.5/1710.0/4163, nonzero 240
    new field root_apply_gap_us: median/p90/max 11.0/13.0/20, nonzero 240
    new field root_apply_total_us: median/p90/max 42051.5/55102.0/79839, nonzero 240
    new field root_compute_us: median/p90/max 46133.5/60506.0/82835, nonzero 240
    new field root_delta_us: median/p90/max 1994.5/7115.0/27238, nonzero 240
    new field root_index_us: median/p90/max 5658.5/13661.0/26983, nonzero 240
    new field root_leaves_us: median/p90/max 13002.5/24477.0/37886, nonzero 240
    new field root_note_us: median/p90/max 266.5/415.0/1840, nonzero 240
    new field root_ops_ahead: {'true': 240}
    new field root_ops_ahead_wait_us: median/p90/max 3707.5/12401.0/40227, nonzero 240
    new field root_ops_concat_us: median/p90/max 0.0/0.0/0, nonzero 0
    new field root_ops_encode_us: median/p90/max 9267.0/15285.0/37053, nonzero 240
    new field root_ops_finish_us: median/p90/max 4194.0/5359.0/11725, nonzero 240
    new field root_ops_sort_us: median/p90/max 5603.0/11574.0/27759, nonzero 240
    new field root_ops_us: median/p90/max 8159.0/17040.0/45302, nonzero 240
    new field root_rehash_us: median/p90/max 1622.5/2088.0/23053, nonzero 240
    new field root_retire_us: median/p90/max 1557.5/2690.0/19957, nonzero 240
    new field root_sort_us: median/p90/max 615.5/1088.0/3387, nonzero 240
    new field root_undo_us: median/p90/max 673.5/1116.0/1836, nonzero 240
    new field root_writes_us: median/p90/max 16347.5/21103.0/38387, nonzero 240
    new field seal_hashes_ahead: {'true': 240}
    new field seal_on_counters: {'false': 240}
    new field seal_to_complete_us: median/p90/max 206802.5/233799.0/260406, nonzero 240
    new field seal_to_frozen_us: median/p90/max 0.0/0.0/70180, nonzero 10
    new field seal_to_merge_end_us: median/p90/max 206714.5/233679.0/260215, nonzero 240
    new field seal_to_merge_start_us: median/p90/max 87879.0/108728.0/148505, nonzero 240
    new field seal_to_ops_ahead_us: median/p90/max 30047.0/44883.0/89541, nonzero 240
    new field seal_to_state_ready_us: median/p90/max 206720.5/233691.0/260225, nonzero 240
    new field sealed_unix_us: median/p90/max 1791401393821146.0/1791401405566508.0/1791401408630683, nonzero 240
    new field start_walk_check_us: median/p90/max 0.0/0.0/0, nonzero 0
    new field start_walk_ids_us: median/p90/max 0.0/0.0/0, nonzero 0
    new field start_walk_settle_us: median/p90/max 0.0/0.0/0, nonzero 0
    new field start_walk_us: median/p90/max 0.0/0.0/0, nonzero 0
    new field state_wait_us: median/p90/max 693.0/9884.0/111097, nonzero 240
    new field view_journal_reads: median/p90/max 0.0/49152.0/98304, nonzero 113
    new field view_journal_searches: median/p90/max 0.0/127877.0/245760, nonzero 113
    new field view_journal_skips: median/p90/max 0.0/0.0/0, nonzero 0
    new field whole_take_noted: {'false': 240}
    binding wait (tick / quorum / seal share, mean cycle): tick 85% (122); quorum 9% (140); seal 6% (147); feed-bound (blocks under 95% of the tier): 1 of 240
    slowest key vote delay median/p90 38.6/96.3 ms
    engine own-import total_ms per block median/p90/max 76/107/145 (n=239)
    layer RSS 4.8 -> 34.7 G (max 34.7), in-memory blocks max 10
    execution layer cores busy 35.2    validators cores busy 0.6
    flood delivered (median per 5 s over the leg) 3,280,272/s
  window 2: canonical 242 blocks, 96.8M tx = 3,226,667/s (100.8% of window 1), full 242/242 (100%); cycle mean/median/p90 124.6/121.4/129.0 ms
    leader builds 242: sealed_at median/p90/p99 116/134/207; phases median/p90 ms: gap_before_exec 5/14, state_wait 0/8, par 118/135, par_exec 39/45, roots 62/84, parent_fields 0/0, sealed 1/3
    state_wait_on {'grandparent': 22, 'output': 50, 'none': 169, 'open': 1}; builds with state_wait > 20 ms: 16 ([('grandparent', 15), ('output', 1)]); gp_layer {1.0: 242}, ggp_missing {1.0: 23, 0.0: 219}
    queue at the builds min/median 2,111,500/2,518,000
    new field batch_cpu_sum_us: median/p90/max 977410.5/1095086.0/1405310, nonzero 242
    new field batch_dispatch_us: median/p90/max 34.0/69.0/7324, nonzero 242
    new field batch_first_start_us: median/p90/max 17.0/29.0/56, nonzero 242
    new field batch_ivcsw: median/p90/max 0.0/5.0/19, nonzero 120
    new field batch_last_end_us: median/p90/max 37764.0/43571.0/58797, nonzero 242
    new field batch_last_start_us: median/p90/max 19835.0/22544.0/31711, nonzero 242
    new field batch_live_deferred: median/p90/max 43.0/47.0/103, nonzero 242
    new field batch_live_lock_hold_us: median/p90/max 16278.5/20524.0/31696, nonzero 242
    new field batch_live_lock_wait_us: median/p90/max 0.0/0.0/0, nonzero 0
    new field batch_live_lock_waits: median/p90/max 0.0/0.0/0, nonzero 0
    new field batch_majflt: median/p90/max 0.0/0.0/0, nonzero 0
    new field batch_minflt: median/p90/max 1388.0/13646.0/53212, nonzero 242
    new field batch_open_max_us: median/p90/max 515.0/581.0/3718, nonzero 242
    new field batch_open_sum_us: median/p90/max 13717.0/15813.0/20884, nonzero 242
    new field batch_threads: median/p90/max 32.0/32.0/32, nonzero 242
    new field batch_vcsw: median/p90/max 217.0/335.0/648, nonzero 242
    new field batch_view_index_wait_us: median/p90/max 0.0/13974.0/47241, nonzero 44
    new field batch_view_index_waits: median/p90/max 0.0/119.0/418, nonzero 44
    new field batch_view_slot_wait_us: median/p90/max 0.0/313.0/4044, nonzero 52
    new field batch_view_slot_waits: median/p90/max 0.0/14.0/46, nonzero 52
    new field batch_wall_sum_us: median/p90/max 985558.0/1101427.0/1407652, nonzero 242
    new field batches: median/p90/max 62.0/62.0/62, nonzero 242
    new field build_batches: median/p90/max 0.0/0.0/0, nonzero 0
    new field exec_end_to_seal_us: median/p90/max 48531.0/56879.0/86078, nonzero 242
    new field exec_partition_us: median/p90/max 2343.0/3175.0/5711, nonzero 242
    new field exec_prepared_groups: {'false': 242}
    new field exec_prepared_slots: {'false': 242}
    new field exec_slots_us: median/p90/max 1522.0/2026.0/4423, nonzero 242
    new field freeze_join_wait_us: median/p90/max 3.0/4.0/35838, nonzero 242
    new field freeze_late: {'true': 242}
    new field freeze_pool_own: {'false': 242}
    new field live_index_defer: {'true': 242}
    new field merge_accounts: median/p90/max 367362.0/374131.0/380277, nonzero 242
    new field merge_append_us: median/p90/max 8360.5/18234.0/30194, nonzero 242
    new field merge_reverts: median/p90/max 367362.0/374131.0/380277, nonzero 242
    new field merge_reverts_us: median/p90/max 33580.0/41278.0/64938, nonzero 242
    new field merge_state_us: median/p90/max 81253.0/99535.0/129769, nonzero 242
    new field merge_tail_us: median/p90/max 0.0/0.0/1, nonzero 2
    new field merge_threads: median/p90/max 1.0/1.0/1, nonzero 242
    new field one_wave: {'false': 242}
    new field open_engine_us: median/p90/max 0.0/0.0/110388, nonzero 23
    new field open_fallback: {'false': 219, 'true': 23}
    new field open_keep_us: median/p90/max 4.0/5.0/10, nonzero 242
    new field open_layers: median/p90/max 3.0/3.0/3, nonzero 242
    new field open_provider_us: median/p90/max 128.0/189.0/668, nonzero 242
    new field plan_age_us: median/p90/max 104268.0/124615.0/224383, nonzero 242
    new field plan_ahead: median/p90/max 1.0/1.0/1, nonzero 242
    new field plan_body: median/p90/max 0.0/0.0/0, nonzero 0
    new field plan_body_us: median/p90/max 0.0/0.0/0, nonzero 0
    new field plan_discard: {'': 242}
    new field plan_prep_us: median/p90/max 13279.5/18363.0/29832, nonzero 242
    new field plan_topup_txs: median/p90/max 0.0/0.0/0, nonzero 0
    new field prep_from_plan: {'false': 242}
    new field prev_seal_to_answer_us: median/p90/max 3492.5/6417.0/10639, nonzero 242
    new field prev_seal_to_entry_us: median/p90/max 0.0/0.0/0, nonzero 0
    new field prev_seal_to_header_us: median/p90/max 204.0/321.0/1379, nonzero 242
    new field prev_seal_to_import_us: median/p90/max 236499.5/274219.0/358407, nonzero 235
    new field prev_seal_to_request_us: median/p90/max 925.0/1256.0/127834, nonzero 242
    new field prev_seal_to_start_us: median/p90/max 1253.0/1641.0/128191, nonzero 242
    new field pull_bulk_txs: median/p90/max 400000.0/400000.0/400000, nonzero 242
    new field pull_bulk_us: median/p90/max 1413.5/1896.0/7755, nonzero 242
    new field root_apply_gap_us: median/p90/max 12.0/14.0/32, nonzero 242
    new field root_apply_total_us: median/p90/max 42410.5/58553.0/92151, nonzero 242
    new field root_compute_us: median/p90/max 46403.5/64266.0/95330, nonzero 242
    new field root_delta_us: median/p90/max 2358.0/7053.0/19292, nonzero 242
    new field root_index_us: median/p90/max 5283.0/14005.0/38631, nonzero 242
    new field root_leaves_us: median/p90/max 12694.5/23086.0/60103, nonzero 242
    new field root_note_us: median/p90/max 291.5/443.0/2651, nonzero 242
    new field root_ops_ahead: {'true': 242}
    new field root_ops_ahead_wait_us: median/p90/max 5551.0/14052.0/50088, nonzero 242
    new field root_ops_concat_us: median/p90/max 0.0/0.0/0, nonzero 0
    new field root_ops_encode_us: median/p90/max 9257.0/14591.0/54585, nonzero 242
    new field root_ops_finish_us: median/p90/max 4468.0/6775.0/14737, nonzero 242
    new field root_ops_sort_us: median/p90/max 7119.0/12546.0/25752, nonzero 242
    new field root_ops_us: median/p90/max 10576.5/19631.0/55032, nonzero 242
    new field root_rehash_us: median/p90/max 2239.5/2871.0/16355, nonzero 242
    new field root_retire_us: median/p90/max 1668.5/2860.0/6698, nonzero 242
    new field root_sort_us: median/p90/max 668.5/1123.0/5094, nonzero 242
    new field root_undo_us: median/p90/max 697.5/1274.0/4707, nonzero 242
    new field root_writes_us: median/p90/max 16779.5/22336.0/47966, nonzero 242
    new field seal_hashes_ahead: {'true': 242}
    new field seal_on_counters: {'false': 242}
    new field seal_to_complete_us: median/p90/max 219417.0/248573.0/284044, nonzero 242
    new field seal_to_frozen_us: median/p90/max 0.0/0.0/35809, nonzero 5
    new field seal_to_merge_end_us: median/p90/max 219313.5/248474.0/283922, nonzero 242
    new field seal_to_merge_start_us: median/p90/max 90660.5/112559.0/143683, nonzero 242
    new field seal_to_ops_ahead_us: median/p90/max 31311.5/44322.0/76565, nonzero 242
    new field seal_to_state_ready_us: median/p90/max 219321.0/248490.0/283936, nonzero 242
    new field sealed_unix_us: median/p90/max 1791401423618340.5/1791401435754502.0/1791401438685749, nonzero 242
    new field start_walk_check_us: median/p90/max 0.0/0.0/0, nonzero 0
    new field start_walk_ids_us: median/p90/max 0.0/0.0/0, nonzero 0
    new field start_walk_settle_us: median/p90/max 0.0/0.0/0, nonzero 0
    new field start_walk_us: median/p90/max 0.0/0.0/0, nonzero 0
    new field state_wait_us: median/p90/max 236.0/8786.0/110487, nonzero 242
    new field view_journal_reads: median/p90/max 8192.0/28672.0/94208, nonzero 133
    new field view_journal_searches: median/p90/max 23635.0/86900.0/279479, nonzero 133
    new field view_journal_skips: median/p90/max 0.0/0.0/0, nonzero 0
    new field whole_take_noted: {'false': 242}
    binding wait (tick / quorum / seal share, mean cycle): tick 89% (121); quorum 10% (146); seal 1% (152); feed-bound (blocks under 95% of the tier): 0 of 242
    slowest key vote delay median/p90 47.0/101.8 ms
    engine own-import total_ms per block median/p90/max 84/120/164 (n=242)
    layer RSS 34.4 -> 42.0 G (max 42.0), in-memory blocks max 11
    execution layer cores busy 35.0    validators cores busy 0.7
  window 3: canonical 239 blocks, 95.6M tx = 3,186,667/s (99.6% of window 1), full 239/239 (100%); cycle mean/median/p90 125.8/121.6/130.2 ms
    leader builds 239: sealed_at median/p90/p99 120/139/182; phases median/p90 ms: gap_before_exec 6/13, state_wait 0/9, par 124/142, par_exec 41/49, roots 63/89, parent_fields 0/0, sealed 1/5
    state_wait_on {'none': 137, 'output': 90, 'grandparent': 10, 'open': 2}; builds with state_wait > 20 ms: 11 ([('grandparent', 7), ('output', 4)]); gp_layer {1.0: 239}, ggp_missing {0.0: 228, 1.0: 11}
    queue at the builds min/median 2,114,000/2,518,000
    new field batch_cpu_sum_us: median/p90/max 986134.0/1107424.0/1585161, nonzero 239
    new field batch_dispatch_us: median/p90/max 40.0/71.0/420, nonzero 239
    new field batch_first_start_us: median/p90/max 19.0/33.0/52, nonzero 239
    new field batch_ivcsw: median/p90/max 1.0/7.0/31, nonzero 128
    new field batch_last_end_us: median/p90/max 39549.0/47377.0/92959, nonzero 239
    new field batch_last_start_us: median/p90/max 20862.0/26038.0/56302, nonzero 239
    new field batch_live_deferred: median/p90/max 41.0/45.0/179, nonzero 239
    new field batch_live_lock_hold_us: median/p90/max 17733.0/23488.0/75563, nonzero 239
    new field batch_live_lock_wait_us: median/p90/max 0.0/0.0/0, nonzero 0
    new field batch_live_lock_waits: median/p90/max 0.0/0.0/0, nonzero 0
    new field batch_majflt: median/p90/max 0.0/0.0/15444, nonzero 12
    new field batch_minflt: median/p90/max 1274.0/11321.0/34466, nonzero 239
    new field batch_open_max_us: median/p90/max 513.0/582.0/3065, nonzero 239
    new field batch_open_sum_us: median/p90/max 13551.0/15891.0/32576, nonzero 239
    new field batch_threads: median/p90/max 32.0/32.0/32, nonzero 239
    new field batch_vcsw: median/p90/max 217.0/405.0/15710, nonzero 239
    new field batch_view_index_wait_us: median/p90/max 0.0/19608.0/484799, nonzero 48
    new field batch_view_index_waits: median/p90/max 0.0/159.0/448, nonzero 48
    new field batch_view_slot_wait_us: median/p90/max 0.0/347.0/3540, nonzero 54
    new field batch_view_slot_waits: median/p90/max 0.0/16.0/41, nonzero 54
    new field batch_wall_sum_us: median/p90/max 997924.0/1152179.0/2430666, nonzero 239
    new field batches: median/p90/max 62.0/62.0/62, nonzero 239
    new field build_batches: median/p90/max 0.0/0.0/0, nonzero 0
    new field exec_end_to_seal_us: median/p90/max 51104.0/61076.0/96358, nonzero 239
    new field exec_partition_us: median/p90/max 2489.0/3523.0/6319, nonzero 239
    new field exec_prepared_groups: {'false': 239}
    new field exec_prepared_slots: {'false': 239}
    new field exec_slots_us: median/p90/max 1500.0/1882.0/13952, nonzero 239
    new field freeze_join_wait_us: median/p90/max 3.0/4.0/37248, nonzero 239
    new field freeze_late: {'true': 239}
    new field freeze_pool_own: {'false': 239}
    new field live_index_defer: {'true': 239}
    new field merge_accounts: median/p90/max 364142.0/372987.0/381297, nonzero 239
    new field merge_append_us: median/p90/max 9782.0/18963.0/35108, nonzero 239
    new field merge_reverts: median/p90/max 364142.0/372987.0/381297, nonzero 239
    new field merge_reverts_us: median/p90/max 33129.0/43382.0/187070, nonzero 239
    new field merge_state_us: median/p90/max 84990.0/105282.0/138275, nonzero 239
    new field merge_tail_us: median/p90/max 0.0/0.0/1, nonzero 2
    new field merge_threads: median/p90/max 1.0/1.0/1, nonzero 239
    new field one_wave: {'false': 239}
    new field open_engine_us: median/p90/max 0.0/0.0/80506, nonzero 11
    new field open_fallback: {'false': 228, 'true': 11}
    new field open_keep_us: median/p90/max 4.0/5.0/10, nonzero 239
    new field open_layers: median/p90/max 3.0/3.0/3, nonzero 239
    new field open_provider_us: median/p90/max 139.0/225.0/872, nonzero 239
    new field plan_age_us: median/p90/max 107654.0/127450.0/216602, nonzero 239
    new field plan_ahead: median/p90/max 1.0/1.0/1, nonzero 239
    new field plan_body: median/p90/max 0.0/0.0/0, nonzero 0
    new field plan_body_us: median/p90/max 0.0/0.0/0, nonzero 0
    new field plan_discard: {'': 239}
    new field plan_prep_us: median/p90/max 13550.0/20177.0/171093, nonzero 239
    new field plan_topup_txs: median/p90/max 0.0/0.0/0, nonzero 0
    new field prep_from_plan: {'false': 239}
    new field prev_seal_to_answer_us: median/p90/max 3527.0/6686.0/11082, nonzero 239
    new field prev_seal_to_entry_us: median/p90/max 0.0/0.0/0, nonzero 0
    new field prev_seal_to_header_us: median/p90/max 192.0/311.0/1016, nonzero 239
    new field prev_seal_to_import_us: median/p90/max 232432.0/279832.0/358739, nonzero 238
    new field prev_seal_to_request_us: median/p90/max 924.0/1258.0/128301, nonzero 239
    new field prev_seal_to_start_us: median/p90/max 1265.0/1737.0/128555, nonzero 239
    new field pull_bulk_txs: median/p90/max 400000.0/400000.0/400000, nonzero 239
    new field pull_bulk_us: median/p90/max 1371.0/1828.0/4189, nonzero 239
    new field root_apply_gap_us: median/p90/max 12.0/16.0/23, nonzero 239
    new field root_apply_total_us: median/p90/max 44453.0/59825.0/88497, nonzero 239
    new field root_compute_us: median/p90/max 48921.0/65192.0/93219, nonzero 239
    new field root_delta_us: median/p90/max 2197.0/6572.0/14144, nonzero 239
    new field root_index_us: median/p90/max 5270.0/13946.0/40012, nonzero 239
    new field root_leaves_us: median/p90/max 12915.0/24293.0/43582, nonzero 239
    new field root_note_us: median/p90/max 284.0/450.0/1169, nonzero 239
    new field root_ops_ahead: {'true': 239}
    new field root_ops_ahead_wait_us: median/p90/max 3966.0/15367.0/71842, nonzero 239
    new field root_ops_concat_us: median/p90/max 0.0/0.0/0, nonzero 0
    new field root_ops_encode_us: median/p90/max 9221.0/16525.0/50936, nonzero 239
    new field root_ops_finish_us: median/p90/max 4459.0/7245.0/14732, nonzero 239
    new field root_ops_sort_us: median/p90/max 6553.0/12605.0/63747, nonzero 239
    new field root_ops_us: median/p90/max 8488.0/20627.0/78352, nonzero 239
    new field root_rehash_us: median/p90/max 2759.0/3615.0/17675, nonzero 239
    new field root_retire_us: median/p90/max 1691.0/3262.0/9380, nonzero 239
    new field root_sort_us: median/p90/max 743.0/1347.0/5086, nonzero 239
    new field root_undo_us: median/p90/max 656.0/1357.0/3715, nonzero 239
    new field root_writes_us: median/p90/max 16797.0/23258.0/54783, nonzero 239
    new field seal_hashes_ahead: {'true': 239}
    new field seal_on_counters: {'false': 239}
    new field seal_to_complete_us: median/p90/max 220208.0/268248.0/415430, nonzero 239
    new field seal_to_frozen_us: median/p90/max 0.0/0.0/37262, nonzero 3
    new field seal_to_merge_end_us: median/p90/max 220105.0/268127.0/415336, nonzero 239
    new field seal_to_merge_start_us: median/p90/max 92150.0/122011.0/303010, nonzero 239
    new field seal_to_ops_ahead_us: median/p90/max 31190.0/48689.0/241759, nonzero 239
    new field seal_to_state_ready_us: median/p90/max 220111.0/268135.0/415345, nonzero 239
    new field sealed_unix_us: median/p90/max 1791401454217913.0/1791401465990682.0/1791401468694007, nonzero 239
    new field start_walk_check_us: median/p90/max 0.0/0.0/0, nonzero 0
    new field start_walk_ids_us: median/p90/max 0.0/0.0/0, nonzero 0
    new field start_walk_settle_us: median/p90/max 0.0/0.0/0, nonzero 0
    new field start_walk_us: median/p90/max 0.0/0.0/0, nonzero 0
    new field state_wait_us: median/p90/max 474.0/9264.0/167464, nonzero 239
    new field view_journal_reads: median/p90/max 4096.0/36864.0/94208, nonzero 121
    new field view_journal_searches: median/p90/max 9193.0/99943.0/245528, nonzero 121
    new field view_journal_skips: median/p90/max 0.0/0.0/0, nonzero 0
    new field whole_take_noted: {'false': 239}
    binding wait (tick / quorum / seal share, mean cycle): tick 80% (122); quorum 16% (137); seal 3% (173); feed-bound (blocks under 95% of the tier): 0 of 239
    slowest key vote delay median/p90 55.1/113.0 ms
    engine own-import total_ms per block median/p90/max 83/122/225 (n=239)
    layer RSS 40.4 -> 35.2 G (max 43.2), in-memory blocks max 11
    execution layer cores busy 34.2    validators cores busy 0.6
  round total (3 windows, canonical): 288.4M tx
  layer peak RSS 43.2 G; in-memory blocks max 11
  fields at seal: mode "early", verified 0, unchecked 0, mismatches 0 (last build line, cumulative)
  own_executed_again (built here and also directly imported): 0 of 749 built blocks
== loop345W3b
  layer-0 leader window-1 builds 241: txs mean 400000, share >= 95% of the tier 100% (max 400000); sealed_at_ms 114.0/138.0; par_ms 119.0/141.0; par_exec_ms 40.0/49.0; roots_ms 59.0/78.0; parent_fields_ms 0.0/0.0; sealed_ms 1.0/2.0
  proposal cycle window 1 (n=248): mean 125.0 median 121.5 p90 131.4 ms; blocks in the 30 s: 248
  binding wait (tick / quorum / seal, share and mean cycle): tick 85.1% (121.5); quorum 8.7% (140.3); seal 6.2% (148.7)
  vote delay after the proposal, slowest key per block: median 38.5 p90 96.3 ms (slowest minus the median key: median 0.2); last key: {1: 38, 2: 32, 3: 45, 4: 42, 5: 41, 6: 43} of 241 blocks
  CPU in window 1 (cores busy): execution layers 35.2 over 1 process(es); validators 0.6 over 7 process(es)
  execution layer peak RSS 43.2 G; in-memory blocks max 11 (node0 and others, all layers)
  blocks built here 749; none also directly imported
  import-once counters at the last direct import: ; start-up lines with import_once=true: 1; queue-lock lines 0
  layer-0 queue (queued after canonical prune), median per 10 s: t+0:2470500 t+20:2517000 t+40:2514500 t+60:2517000 t+80:2483000
  flood: median per 5 s 3280272/s, final -
  timeout / given-up lines: 1; 19:29:10 v0 INFO process_event{view=1 kind="message"}: n42::cl::timeout: TC formed
loop345W3b page_faults_per_s_median: node0=150281 
leg loop345S400: /data free 558G (needs 120 G)
load 12.46 at 15:32:13, waiting
leg loop345S400 start 15:32:43 load 7.55
round loop345S400 exit 0 at 15:35:55
loop345S400 save stages (node0, seconds summed over the leg / count): batch_size=999.0/332  batch_size=999.0/332  reth_consensus_engine_beacon_persistence_duration=61.5/332  duration_seconds=59.1/332  total=54.5/332  scope=50.0/332  sf=49.9/332  sf_transactions=49.7/332  qmdb_persisted=23.0/332  sf_account_changesets=21.4/332
el binary: /data/n42-build/target-n42-rs/native/release/n42 env: N42_IMPORT_ONCE=1 N42_SETTLEMENT_TAGS=legacy N42_BUILD_THROTTLE_SOFT=48 F7_EL_MAP=0,0,0,0,0,0,0 N42_FIELDS_AT_SEAL=1 N42_FREEZE_AFTER_SEAL=1 N42_FRAME_BLOCKS=1 N42_TX_INGEST_RECOVER_PARALLEL=24 N42_PARALLEL_BUILD_THREADS=32 N42_PLAN_AHEAD=1 N42_HASHED_TABLES=off F7_FLOOD_RATE=6000000 N42_COMPACT_BODY=1 MALLOC_CONF=thp:always,oversize_threshold:0,dirty_decay_ms:2000,background_thread:true N42_ACCOUNT_HISTORY=off N42_TAKE_COMPACT=1 N42_SF_EARLY_WRITEBACK=1 N42_ROAD_RUNTIME=1 N42_TX_INGEST_HIGH_WATER=2500000 F7_BENCH_POOL_SLOTS=3000000 N42_SEAL_AT_EXEC=1 N42_TX_QUEUE_DRAIN_CHUNK=8192 N42_ANSWER_LAYOUT_ONLY=1 N42_PULL_BY_FRAMES=1 N42_SF_PARALLEL_ENCODE=1 N42_BUILD_THROTTLE_HARD=80 N42_LIVE_INDEX_DEFER=1 RAYON_NUM_THREADS=16 N42_ROOT_OPS_AHEAD=1 TOKIO_WORKER_THREADS=16 N42_QMDB_READS=on N42_LEADER_LAYERS=3 N42_PERSIST_QMDB_IN_SCOPE=1 F7_BLOCK_INTERVAL_MS=120 F7_MEASURE_FROM_LOG=1
validator env: N42_IMPORT_ONCE=1 N42_SETTLEMENT_TAGS=legacy N42_BUILD_THROTTLE_SOFT=48 F7_EL_MAP=0,0,0,0,0,0,0 N42_FIELDS_AT_SEAL=1 N42_FREEZE_AFTER_SEAL=1 N42_FRAME_BLOCKS=1 N42_TX_INGEST_RECOVER_PARALLEL=24 N42_PARALLEL_BUILD_THREADS=32 N42_PLAN_AHEAD=1 N42_HASHED_TABLES=off F7_FLOOD_RATE=6000000 N42_COMPACT_BODY=1 N42_ACCOUNT_HISTORY=off N42_TAKE_COMPACT=1 N42_SF_EARLY_WRITEBACK=1 N42_ROAD_RUNTIME=1 N42_TX_INGEST_HIGH_WATER=2500000 F7_BENCH_POOL_SLOTS=3000000 N42_SEAL_AT_EXEC=1 N42_TX_QUEUE_DRAIN_CHUNK=8192 N42_ANSWER_LAYOUT_ONLY=1 N42_PULL_BY_FRAMES=1 N42_SF_PARALLEL_ENCODE=1 N42_BUILD_THROTTLE_HARD=80 N42_LIVE_INDEX_DEFER=1 RAYON_NUM_THREADS=16 N42_ROOT_OPS_AHEAD=1 TOKIO_WORKER_THREADS=16 N42_QMDB_READS=on N42_LEADER_LAYERS=3 N42_PERSIST_QMDB_IN_SCOPE=1 F7_MEASURE_FROM_LOG=1
loop345S400 once: start-up lines import_once=true 1; last direct-import counters 
loop345S400 imports: layers=1 direct_imports=0 canonical_blocks=2051 import_once_lines=1 (per layer: direct imports should equal canonical blocks for one execution per block)
grep: /data/blockchain/rust-fleet7-bench/node1/el.log: No such file or directory
grep: /data/blockchain/rust-fleet7-bench/node2/el.log: No such file or directory
grep: /data/blockchain/rust-fleet7-bench/node3/el.log: No such file or directory
grep: /data/blockchain/rust-fleet7-bench/node1/el.log: No such file or directory
grep: /data/blockchain/rust-fleet7-bench/node2/el.log: No such file or directory
grep: /data/blockchain/rust-fleet7-bench/node3/el.log: No such file or directory
cat: /data/blockchain/rust-fleet7-bench/node2/el.log: No such file or directory
cat: /data/blockchain/rust-fleet7-bench/node2/el.log: No such file or directory
cat: /data/blockchain/rust-fleet7-bench/node2/el.log: No such file or directory
cat: /data/blockchain/rust-fleet7-bench/node1/el.log: No such file or directory
cat: /data/blockchain/rust-fleet7-bench/node2/el.log: No such file or directory
cat: /data/blockchain/rust-fleet7-bench/node3/el.log: No such file or directory
Traceback (most recent call last):
  File [35m"<stdin>"[0m, line [35m4[0m, in [35m<module>[0m
[1;35mIndexError[0m: [35mlist index out of range[0m
loop345S400 no_variant=0 own_not_committed=0 tc=1 invalid_blocks=0 incomplete=0 gas_mismatch=0 direct_imports_failed=0 stuck_at_hashed_state=0 engine_idles_over_5s=1 proposals_given_up=0 tables_off_nodes=1 unanswered_reads=0 seal_first_total=757 seal_first_direct=757 direct_guard_errors=0 commit_ms_median=47 fold_ms_median=58 sealed_at_ms_median=116 state_ready_ms_median=193 build_total_ms_median=345 recover_us_median=0 par_exec_ms_median=40 par_exec_ms_median=40 giveback_filtered=0 giveback_offered_max=0 seal_first=757 reader_lag_max=9 reader_lag_warns=0 view_invalidated=0 el_sum_peak_g=44.6 el_max_peak_g=44.6 val_sum_peak_g=1.9 flood_peak_g=0.6 two_roads_blocks=0 two_roads_overlap_ms_median=- exec_on_output_declined=0 r1_collect_ms_median=5 proposal_at_ms_median=109 view_total_ms_median=121 import_exec_ms_median=- import_total_ms_median=- import_senders_ms_median=- import_convert_ms_median=- import_groups_median=- imports_over_600ms=0 min_avail_g=67.2 road_foreign_body_recv_ms=- road_foreign_body_decode_ms=- road_foreign_body_senders_ms=- road_foreign_body_parent_wait_ms=- road_foreign_body_check_ms=- road_foreign_body_total_ms=- road_new_payload_recv_ms=- road_new_payload_decode_ms=- road_new_payload_senders_ms=- road_new_payload_parent_wait_ms=- road_new_payload_check_ms=- road_new_payload_total_ms=- road_foreign_body_blocks=0 road_new_payload_blocks=0 fcu_answered=943 fcu_in_flight_ms_median=0 fcu_queued_ms_median=0 fcu_queued_ms_max=58 fcu_refused=0 fcu_slow=825 bodies_held=0 road_reuse_ms=- road_prepare_ms=- road_dispatch_ms=- road_convert_ms=- road_remember_ms=- road_header_ms=- road_fields_ms=- road_other_ms=- import_engine_ms_median=- gate_forced=0 gate_warns=0 flood_timeouts=0 canonical_min=2063 canonical_max=2063 chained_builds=1380 chain_lead_ms_median=110 chain_wait_ms_median=11 chain_started=1383 chain_discarded=2 chain_discard_reasons=_1_reason="no_,_1_reason="the_execution_layer_produced_nothing,_1_reason="the_request_names_another_parent chain_alias_warns=0 el_chained=1387 bodies_held_warns=0 el_build_refused=2 el_build_refused_reasons=_2_no_QMDB_tree_for_parent_block_0x queued_p5=2121500 queued_p50=2501000 road_compact_blocks=0 road_compact_recv_ms=- road_compact_assemble_ms=- road_compact_root_ms=- road_compact_miss_wait_ms=- road_compact_senders_ms=- road_compact_check_ms=- road_compact_other_ms=- road_compact_total_ms=- road_compact_misses_total= compact_refused_el=0 compact_fallbacks=0 compact_bytes_median=- pool_order9=13194 par_pull_ms_median=- build_total_ms_median2=- road_compact_filled_blocks=0 road_compact_filled_median=- road_compact_fill_ms_median=- need_txns=0 fill_failed=0 ingest_rate_gate_open_median=- ingest_gate_open_intervals=0 ingest_slots_busy_median=- flood_rate= fill_asked_proposer=0 fill_asked_other=0 loop_lines=1881 loop_unnamed_ms_median=107 loop_body_served_ms_median=- loop_txns_served_ms_median=- import_exec_ms_median2=- pip_partition_ms=- pip_env_ms=- pip_batch_ms=- pip_groups_ms=- pip_gas_ms=- pip_merge_ms=- pip_receipts_ms=- pip_drop_ms=- pip_other_ms=- pip_total_ms=- senders_indexed_median=- road_senders_ms_median=- road_total_ms_median=- pew_ms_median=- pew_ms_p90= gate_ms_median=- gate_ms_p90= root_ms_p50=- root_ms_p90= two_roads=0 not_on_output=0 not_on_output_why= ckpt_ms_first_q=4 ckpt_ms_last_q=52 ckpt_bytes_last=34655476 parent_still_importing=1 root_wait_ms_p50=- root_wait_ms_p90= tenures_low_seal=13 seal_first_share=0.99 empty_over_deep=0 near_empty_warns=0 no_seal_why= par_skipped_median=- usable_p5=2121500 ckpt_replay_ms_last_q=18 candidates_zero=0 dropped_ingest=0 let_go_warns=0 let_go_reasons= parked_p50=0 parked_max=0 held_warns=0 park_capped_total=0 superseded_builds=0 empty_not_superseded=0 mass_park_warns=0 heads_lines=0 holes_lines=0 stale_parent_refusals=0 par_groups_p5=0 cancelled_decided=0 heads_nonce0=0 stale_unconfirmed= handovers=1 el_panics=0 decided_cancelled=0 min_window_blocks=239 road_desc_blocks=0 road_desc_total_ms=- road_desc_copy_ms=- desc_misses=0 fill_failed2=0 sf_par_collect_ms=- sf_par_commit_ms=- sf_par_fold_ms=- sf_par_graft_ms=- sf_par_prefault_ms=- sf_par_exec_ms=- sf_sealed_at_ms=- sf_roots_ms=- sf_state_ready_ms=- sf_total_ms=- ba_find_ms=- ba_queue_ms=- ba_total_ms=- ba_on_output=0 queue_fold_us=- queue_lock_us=- sf_par_exec_ms=- sf_par_fold_ms=- pip_groups_ms=- import_exec_ms_median2=- reads_d0=0 reads_hist=0 f_reads_d0=- f_reads_hist=- f_overlay_depth=- L_read_set_ms=0 read_set_accounts=0 read_set_unresolved=0 read_set_hits=0 read_set_misses=0 start_best_ms=- par_prep_ms=- gap_before_exec_ms=- gap_after_exec_ms=- gap_before_seal_ms=- index_ms=- road_copy_aside_ms=- road_copy_wait_ms=- road_total_ms=- queue_first_miss=queue_first_miss=0:1286,queue_first_miss=18446744073709551615:763 root_append_behind=0 populate_lag_mb=0 swap_used_g=0 root_faults=- root_faults_p90= root_faults_entries=0 root_faults_offsets=0 root_faults_index=0 root_faults_bits=0 root_faults_twigs=0 root_faults_undo=0 root_faults_tmp=0 root_append_faults=6 root_twig_pool_misses=0 batch_max_ms=22 batch_min_ms=8 batch_median_ms=16 batch_cpu_max_ms=22 batch_txs_max=6500 batch_txs_min=3500 batch_start_skew_ms=20 batch_wait_ms=0 loop_fetch_ns=0 loop_check_ns=0 loop_transfer_ns=0 loop_receipt_ns=0 loop_gas_ns=0 loop_sink_ns=0 loop_other_ns=0 batch_setup_ns=0 batch_close_ns=0 imp_exec_part_ms=- imp_exec_batches_ms=- imp_exec_graft_ms=- imp_exec_batches=- imp_exec_threads=- imp_exec_batch_max_ms=- imp_exec_batch_median_ms=- imp_parent_output_wait_ms=- road_parent_output_wait_ms=- next_start_gap_ms=1 next_entry_gap_ms=0 commit_body_ahead_used=- imp_exec_keys_ms=- imp_keys_ahead=- imp_exec_sink_ms=- imp_exec_pre_ms=- imp_exec_post_ms=- imp_exec_receipts_ms=- imp_exec_drop_ms=- root_gap_ms=- queue_whole=queue_whole=false:1286,queue_whole=true:763 tick_tick_late_us=1051 tick_preamble_us=347 tick_take_sealed_us=1 tick_sign_us=0 tick_cache_us=0 tick_presealed=- tick_describe_us=10 tick_publish_us=611 tick_tick_to_send_us=2107 road_check_ms=- road_check_include_us=- road_check_scan_us=- road_check_fold_us=- road_check_senders_us=- road_check_frames_summarized=- road_check_frames_scanned=- imp_exec_start_gap_us=- imp_gap_road_us=- imp_gap_header_us=- imp_gap_senders_us=- imp_gap_parent_us=- imp_gap_setup_us=- imp_gap_keys_wait_us=- sealed_at_p90= sealed_over_130=0 roots_ms=- cycle_p90= batch_max_ms=- batch_median_ms=- imp_batch_max=- forest_lock_warns=1548 root_seal_ms=1 root_seals=40 root_majflt=11132 roots_p90= gp_layer=763 ggp_missing=29 state_wait_split=0/0/0/0:524,1/0/0/0:52,2/0/0/0:28 qmdb_releases=0 state_wait_on= imp_road_end_ms=- imp_exec_start_ms=- imp_exec_end_ms=- imp_root_end_ms=- imp_fields_ready_ms=- imp_parent_fields_wait_ms=- imp_exec_ms=- imp_root_ms=- imp_checks_ms=- imp_engine_ms=- imp_total_ms=- road_parent_fields_wait_ms=- exec_read_ms=- L_exec_evm_ms=- L_exec_write_ms=- L_exec_other_ms=- L_reads_cache=- L_reads_provider=- L_reads_view=- L_graft_base_ms=- L_graft_reserve_ms=- L_graft_insert_ms=- L_graft_reverts_ms=- L_graft_other_ms=- L_par_exec_ms=- L_par_graft_ms=- F_exec_read_ms=- F_exec_evm_ms=- F_exec_write_ms=- F_exec_other_ms=- F_reads_cache=- F_reads_provider=- F_reads_view=- F_groups_ms=- L_tx_root_wait_ms=- L_par_exec_ms=- L_par_graft_ms=- L_par_fold_ms=- L_sealed_ms=- L_state_ready_ms=- L_roots_ms=- L_finish_ms=- L_total_ms=- L_setup_ms=- L_par_pull_ms=- L_give_back_ms=- L_state_wait_ms=- L_state_after_pull=757 L_seal_at_exec=757 L_tx_root_ahead=0 flood_w1=3288122 txs_p10=400000 acq_us=464 slots_busy=14 ingest_rate=3280670 L_scope_join_ms=- L_par_release_ms=- L_commit_body_ms=- L_par_commit_ms=- L_give_back_ms=- L_sealed_ms=- L_par_exec_ms=- L_state_wait_ms=- L_par_pull_ms=- L_par_prep_ms=- L_par_start_ms=- L_pre_exec_ms=- L_par_run_ms=- L_sealed_at_ms=- F_partition_ms=- F_env_ms=- F_groups_ms=- F_merge_ms=- F_reverts_wait_ms=- F_ahead_wait_ms=- F_total_ms=- I_engine_ms=- I_root_ms=- I_total_ms=- H_engine_remember_ms=- H_engine_listing_ms=- H_engine_new_payload_ms=- busy_us=1 L_par_start_ms=- L_start_handoff_ms=- L_start_best_ms=- L_start_puller_ms=- L_par_pull_ms=- L_par_prep_ms=- L_state_wait_ms=- L_par_exec_ms=- L_par_commit_ms=- L_sealed_ms=- L_sealed_at_ms=- L_par_graft_ms=- L_graft_insert_ms=- L_graft_reverts_ms=- L_graft_split_us=- L_graft_build_us=- L_graft_merge_us=- L_state_ready_ms=- Q_queue_ms=0 R_dispatch_wait_ms=- R_total_ms=- R_road_runtime=1 gate_holds=0 peer_fetch=0 pool_limit=limit=8 gate_opened=gate_opened_for_block=0 I_root_ms=- flood_rate_hdr=rate=6000000/s fills=0 fill_waited=- slots_busy=14 acq_us=464 busy_us=1 converged=0 fallbacks=0 busy_us=1 recover_us=0 tf_on_output=2 tf_fallback=0 still_importing=1 busy_us=1 slots_busy=14 batches=altsig_txs=0 altsig_batches=0 tf_on_output=2 tf_fallback=0 gate_holds=0 sign_s=sign 0s replay_note=replay       : 64 files from /data/n42-pregen/g900000-400m, 400000000 transactio sign_s=sign 0s shard=shard_verified=0 shard_claimed=0 road_verified=- slots_busy=14 gate_us=5565 reply_us=6138 queued=2501000 assemble_ms=- road_take_ms=- road_body_ms=- road_encode_ms=- shards=16 shard_insert_ms=0 shard_wait_ms=0 shard_fold_ms=45 shard_append_ms=45 shard_merge_ms=125 state_ready_ms=193 roots_ms=59 exec_read_ms=0 exec_evm_ms=0 exec_write_ms=0 exec_other_ms=0 reads_cache=0 reads_provider=0 reads_view=0 par_run_ms=45 fold_task_cpu_max_us=43380 fold_task_minflt_max=1592 fold_task_minflt_sum=1592 fold_task_migrated=0 fold_task_nivcsw_max=0 fold_index=1 fold_index_build_ms=44 fold_index_conflicts=29533 fold_queue_us=694 fold_skew_us=5 fold_task_max_us=43377 fold_tail_us=37 start_best_ms=6 start_select_ms=0 start_walk_ms=0 start_walk_check_ms=0 start_best_other_ms=1 start_frames_by_ref=0 start_frames_slow=0 start_pull_ms=0 start_other_ms=0 start_handoff_ms=4 par_start_ms=6 par_prep_ms=9 par_commit_ms=47 commit_body_ms=1 par_fold_ms=58 sealed_ms=1 copy_ms=- prune_ms=0 frames=- frames_missing=- frame_root_ms=- root_ms=- frames_admitted=frames_admitted=605421 frames_unaligned=0 frame_root_indexed=- seal_layout_ms=1 seal_root_ms=0 attested= busy_us=1 slots_busy=14 reply_us=6138 prune_ms=0 body_refused=0 body_failed_late=0
loop345S400 win1 tps=3,253,333 txs=97,600,000 blocks= 244 cycle=0.123s occupancy=100.0% full(>=95%)=244/244 basefee=n/a (from the layer's log)
loop345S400 win2 tps=3,280,000 txs=98,400,000 blocks= 246 cycle=0.122s occupancy=100.0% full(>=95%)=246/246 basefee=n/a (from the layer's log)
loop345S400 win3 tps=3,186,667 txs=95,600,000 blocks= 239 cycle=0.126s occupancy=100.0% full(>=95%)=239/239 basefee=n/a (from the layer's log)
loop345S400 tps=3,253,333 round_txs=291600000 cycles_w1=
loop345S400 imp_fields_p90= b_p75=16
loop345S400 overlay: filter_skips=0 probes=0 ratio=- (ratio = skips/(skips+probes))
loop345S400 overlay_manager:       1 state_trie_overlay=false  state-ovly_cpu=0
loop345S400 verify: written to /data/blockchain/rust-fleet7-bench/bench-loop345S400/verify.json
== loop345S400  (E=1: seven validator keys on one execution layer)
  window 1: canonical 245 blocks, 98.0M tx = 3,266,667/s (100.0% of window 1), full 244/245 (100%); cycle mean/median/p90 122.8/121.4/129.0 ms
    leader builds 245: sealed_at median/p90/p99 115/128/167; phases median/p90 ms: gap_before_exec 5/10, state_wait 0/5, par 119/133, par_exec 41/48, roots 55/77, parent_fields 0/0, sealed 1/2
    state_wait_on {'none': 166, 'output': 75, 'grandparent': 3, 'open': 1}; builds with state_wait > 20 ms: 1 ([('grandparent', 1)]); gp_layer {1.0: 245}, ggp_missing {0.0: 242, 1.0: 3}
    queue at the builds min/median 2,115,500/2,519,500
    new field batch_cpu_sum_us: median/p90/max 1017341.0/1159950.0/1840944, nonzero 245
    new field batch_dispatch_us: median/p90/max 51.0/97.0/3786, nonzero 245
    new field batch_first_start_us: median/p90/max 21.0/34.0/57, nonzero 245
    new field batch_ivcsw: median/p90/max 0.0/5.0/19, nonzero 117
    new field batch_last_end_us: median/p90/max 39312.0/46551.0/67006, nonzero 245
    new field batch_last_start_us: median/p90/max 20628.0/24825.0/49527, nonzero 245
    new field batch_live_deferred: median/p90/max 42.0/45.0/49, nonzero 245
    new field batch_live_lock_hold_us: median/p90/max 16263.0/19844.0/23119, nonzero 245
    new field batch_live_lock_wait_us: median/p90/max 0.0/0.0/0, nonzero 0
    new field batch_live_lock_waits: median/p90/max 0.0/0.0/0, nonzero 0
    new field batch_majflt: median/p90/max 0.0/0.0/0, nonzero 0
    new field batch_minflt: median/p90/max 1021.0/7714.0/25378, nonzero 245
    new field batch_open_max_us: median/p90/max 493.0/565.0/671, nonzero 245
    new field batch_open_sum_us: median/p90/max 12973.0/15170.0/18615, nonzero 245
    new field batch_threads: median/p90/max 32.0/32.0/32, nonzero 245
    new field batch_vcsw: median/p90/max 204.0/346.0/536, nonzero 245
    new field batch_view_index_wait_us: median/p90/max 0.0/18829.0/46231, nonzero 38
    new field batch_view_index_waits: median/p90/max 0.0/143.0/305, nonzero 38
    new field batch_view_slot_wait_us: median/p90/max 0.0/303.0/1687, nonzero 44
    new field batch_view_slot_waits: median/p90/max 0.0/14.0/44, nonzero 44
    new field batch_wall_sum_us: median/p90/max 1023527.0/1173557.0/1848098, nonzero 245
    new field batches: median/p90/max 62.0/62.0/62, nonzero 245
    new field build_batches: median/p90/max 0.0/0.0/0, nonzero 0
    new field exec_end_to_seal_us: median/p90/max 49335.0/60139.0/91666, nonzero 245
    new field exec_partition_us: median/p90/max 2203.0/3251.0/8309, nonzero 245
    new field exec_prepared_groups: {'false': 245}
    new field exec_prepared_slots: {'false': 245}
    new field exec_slots_us: median/p90/max 1507.0/1889.0/3321, nonzero 245
    new field freeze_join_wait_us: median/p90/max 2.0/4.0/46236, nonzero 245
    new field freeze_late: {'true': 245}
    new field freeze_pool_own: {'false': 245}
    new field live_index_defer: {'true': 245}
    new field merge_accounts: median/p90/max 365683.0/374821.0/381133, nonzero 245
    new field merge_append_us: median/p90/max 11000.0/14432.0/30523, nonzero 245
    new field merge_reverts: median/p90/max 365683.0/374821.0/381133, nonzero 245
    new field merge_reverts_us: median/p90/max 31977.0/38007.0/59158, nonzero 245
    new field merge_state_us: median/p90/max 78783.0/90101.0/114675, nonzero 245
    new field merge_tail_us: median/p90/max 0.0/0.0/1, nonzero 2
    new field merge_threads: median/p90/max 1.0/1.0/1, nonzero 245
    new field one_wave: {'false': 245}
    new field open_engine_us: median/p90/max 0.0/0.0/20299, nonzero 3
    new field open_fallback: {'false': 242, 'true': 3}
    new field open_keep_us: median/p90/max 4.0/6.0/21, nonzero 245
    new field open_layers: median/p90/max 3.0/3.0/3, nonzero 245
    new field open_provider_us: median/p90/max 130.0/189.0/943, nonzero 245
    new field plan_age_us: median/p90/max 104540.0/122719.0/235451, nonzero 245
    new field plan_ahead: median/p90/max 1.0/1.0/1, nonzero 245
    new field plan_body: median/p90/max 0.0/0.0/0, nonzero 0
    new field plan_body_us: median/p90/max 0.0/0.0/0, nonzero 0
    new field plan_discard: {'': 245}
    new field plan_prep_us: median/p90/max 12429.0/16884.0/28417, nonzero 245
    new field plan_topup_txs: median/p90/max 0.0/0.0/0, nonzero 0
    new field prep_from_plan: {'false': 245}
    new field prev_seal_to_answer_us: median/p90/max 3332.0/5669.0/11389, nonzero 245
    new field prev_seal_to_entry_us: median/p90/max 0.0/0.0/0, nonzero 0
    new field prev_seal_to_header_us: median/p90/max 180.0/291.0/975, nonzero 245
    new field prev_seal_to_import_us: median/p90/max 214612.0/245873.0/297666, nonzero 245
    new field prev_seal_to_request_us: median/p90/max 905.0/1192.0/144259, nonzero 245
    new field prev_seal_to_start_us: median/p90/max 1196.0/1531.0/144619, nonzero 245
    new field pull_bulk_txs: median/p90/max 400000.0/400000.0/400000, nonzero 245
    new field pull_bulk_us: median/p90/max 1372.0/1699.0/5989, nonzero 245
    new field root_apply_gap_us: median/p90/max 11.0/13.0/24, nonzero 245
    new field root_apply_total_us: median/p90/max 40861.0/52954.0/82099, nonzero 245
    new field root_compute_us: median/p90/max 44169.0/57629.0/88220, nonzero 245
    new field root_delta_us: median/p90/max 1933.0/2875.0/18157, nonzero 245
    new field root_index_us: median/p90/max 5086.0/11743.0/20102, nonzero 245
    new field root_leaves_us: median/p90/max 12193.0/24125.0/41336, nonzero 245
    new field root_note_us: median/p90/max 284.0/378.0/3110, nonzero 245
    new field root_ops_ahead: {'true': 245}
    new field root_ops_ahead_wait_us: median/p90/max 3215.0/12388.0/31938, nonzero 245
    new field root_ops_concat_us: median/p90/max 0.0/0.0/0, nonzero 0
    new field root_ops_encode_us: median/p90/max 8978.0/14236.0/36112, nonzero 245
    new field root_ops_finish_us: median/p90/max 4128.0/5312.0/15515, nonzero 245
    new field root_ops_sort_us: median/p90/max 6143.0/11747.0/29205, nonzero 245
    new field root_ops_us: median/p90/max 7522.0/17392.0/36985, nonzero 245
    new field root_rehash_us: median/p90/max 1535.0/1994.0/11532, nonzero 245
    new field root_retire_us: median/p90/max 1662.0/2674.0/6045, nonzero 245
    new field root_sort_us: median/p90/max 616.0/1106.0/5522, nonzero 245
    new field root_undo_us: median/p90/max 669.0/1203.0/3287, nonzero 245
    new field root_writes_us: median/p90/max 16560.0/21405.0/46147, nonzero 245
    new field seal_hashes_ahead: {'true': 245}
    new field seal_on_counters: {'false': 245}
    new field seal_to_complete_us: median/p90/max 204968.0/232660.0/256774, nonzero 245
    new field seal_to_frozen_us: median/p90/max 0.0/0.0/46196, nonzero 6
    new field seal_to_merge_end_us: median/p90/max 204840.0/232522.0/256606, nonzero 245
    new field seal_to_merge_start_us: median/p90/max 82132.0/108865.0/127246, nonzero 245
    new field seal_to_ops_ahead_us: median/p90/max 28547.0/43375.0/62556, nonzero 245
    new field seal_to_state_ready_us: median/p90/max 204848.0/232532.0/256615, nonzero 245
    new field sealed_unix_us: median/p90/max 1791401675223114.0/1791401687136835.0/1791401690067712, nonzero 245
    new field start_walk_check_us: median/p90/max 0.0/0.0/0, nonzero 0
    new field start_walk_ids_us: median/p90/max 0.0/0.0/0, nonzero 0
    new field start_walk_settle_us: median/p90/max 0.0/0.0/0, nonzero 0
    new field start_walk_us: median/p90/max 0.0/0.0/0, nonzero 0
    new field state_wait_us: median/p90/max 248.0/5759.0/21266, nonzero 245
    new field view_journal_reads: median/p90/max 0.0/49152.0/126976, nonzero 122
    new field view_journal_searches: median/p90/max 0.0/131853.0/346624, nonzero 122
    new field view_journal_skips: median/p90/max 0.0/0.0/0, nonzero 0
    new field whole_take_noted: {'false': 245}
    binding wait (tick / quorum / seal share, mean cycle): tick 98% (121); quorum 0%; seal 2% (163); feed-bound (blocks under 95% of the tier): 1 of 245
    slowest key vote delay median/p90 14.7/68.5 ms
    engine own-import total_ms per block median/p90/max 71/99/127 (n=244)
    layer RSS 4.8 -> 35.2 G (max 35.2), in-memory blocks max 10
    execution layer cores busy 35.4    validators cores busy 0.6
    flood delivered (median per 5 s over the leg) 3,282,774/s
  window 2: canonical 246 blocks, 98.4M tx = 3,280,000/s (100.4% of window 1), full 246/246 (100%); cycle mean/median/p90 122.1/121.4/128.2 ms
    leader builds 246: sealed_at median/p90/p99 114/131/161; phases median/p90 ms: gap_before_exec 5/12, state_wait 0/7, par 117/131, par_exec 40/47, roots 62/84, parent_fields 0/0, sealed 1/3
    state_wait_on {'none': 169, 'output': 65, 'grandparent': 10, 'open': 2}; builds with state_wait > 20 ms: 5 ([('grandparent', 5)]); gp_layer {1.0: 246}, ggp_missing {0.0: 236, 1.0: 10}
    queue at the builds min/median 2,114,500/2,517,750
    new field batch_cpu_sum_us: median/p90/max 981097.0/1110723.0/1530621, nonzero 246
    new field batch_dispatch_us: median/p90/max 49.0/86.0/2887, nonzero 246
    new field batch_first_start_us: median/p90/max 21.0/35.0/59, nonzero 246
    new field batch_ivcsw: median/p90/max 1.0/8.0/23, nonzero 147
    new field batch_last_end_us: median/p90/max 39229.0/46211.0/62779, nonzero 246
    new field batch_last_start_us: median/p90/max 20625.0/23958.0/32750, nonzero 246
    new field batch_live_deferred: median/p90/max 41.0/45.0/90, nonzero 246
    new field batch_live_lock_hold_us: median/p90/max 17145.0/21026.0/32018, nonzero 246
    new field batch_live_lock_wait_us: median/p90/max 0.0/0.0/0, nonzero 0
    new field batch_live_lock_waits: median/p90/max 0.0/0.0/0, nonzero 0
    new field batch_majflt: median/p90/max 0.0/0.0/8, nonzero 2
    new field batch_minflt: median/p90/max 1260.0/13653.0/43031, nonzero 246
    new field batch_open_max_us: median/p90/max 520.0/603.0/3299, nonzero 246
    new field batch_open_sum_us: median/p90/max 13682.5/16089.0/22669, nonzero 246
    new field batch_threads: median/p90/max 32.0/32.0/32, nonzero 246
    new field batch_vcsw: median/p90/max 208.0/318.0/592, nonzero 246
    new field batch_view_index_wait_us: median/p90/max 0.0/14430.0/39752, nonzero 44
    new field batch_view_index_waits: median/p90/max 0.0/107.0/341, nonzero 44
    new field batch_view_slot_wait_us: median/p90/max 0.0/309.0/1359, nonzero 48
    new field batch_view_slot_waits: median/p90/max 0.0/15.0/52, nonzero 48
    new field batch_wall_sum_us: median/p90/max 984856.5/1115521.0/1535213, nonzero 246
    new field batches: median/p90/max 62.0/62.0/62, nonzero 246
    new field build_batches: median/p90/max 0.0/0.0/0, nonzero 0
    new field exec_end_to_seal_us: median/p90/max 45775.5/56261.0/83119, nonzero 246
    new field exec_partition_us: median/p90/max 2364.0/3233.0/8434, nonzero 246
    new field exec_prepared_groups: {'false': 246}
    new field exec_prepared_slots: {'false': 246}
    new field exec_slots_us: median/p90/max 1429.0/1846.0/10280, nonzero 246
    new field freeze_join_wait_us: median/p90/max 3.0/4.0/35815, nonzero 246
    new field freeze_late: {'true': 246}
    new field freeze_pool_own: {'false': 246}
    new field live_index_defer: {'true': 246}
    new field merge_accounts: median/p90/max 371377.0/377298.0/385060, nonzero 246
    new field merge_append_us: median/p90/max 10857.0/18611.0/31314, nonzero 246
    new field merge_reverts: median/p90/max 371377.0/377298.0/385060, nonzero 246
    new field merge_reverts_us: median/p90/max 32798.0/42122.0/60899, nonzero 246
    new field merge_state_us: median/p90/max 83958.0/101699.0/129725, nonzero 246
    new field merge_tail_us: median/p90/max 0.0/0.0/1, nonzero 2
    new field merge_threads: median/p90/max 1.0/1.0/1, nonzero 246
    new field one_wave: {'false': 246}
    new field open_engine_us: median/p90/max 0.0/0.0/74789, nonzero 10
    new field open_fallback: {'false': 236, 'true': 10}
    new field open_keep_us: median/p90/max 4.0/5.0/8, nonzero 246
    new field open_layers: median/p90/max 3.0/3.0/3, nonzero 246
    new field open_provider_us: median/p90/max 136.0/200.0/712, nonzero 246
    new field plan_age_us: median/p90/max 102862.5/118312.0/230252, nonzero 246
    new field plan_ahead: median/p90/max 1.0/1.0/1, nonzero 246
    new field plan_body: median/p90/max 0.0/0.0/0, nonzero 0
    new field plan_body_us: median/p90/max 0.0/0.0/0, nonzero 0
    new field plan_discard: {'': 246}
    new field plan_prep_us: median/p90/max 13538.0/19132.0/29235, nonzero 246
    new field plan_topup_txs: median/p90/max 0.0/0.0/0, nonzero 0
    new field prep_from_plan: {'false': 246}
    new field prev_seal_to_answer_us: median/p90/max 2759.0/5715.0/7958, nonzero 246
    new field prev_seal_to_entry_us: median/p90/max 0.0/0.0/0, nonzero 0
    new field prev_seal_to_header_us: median/p90/max 185.5/287.0/893, nonzero 246
    new field prev_seal_to_import_us: median/p90/max 228211.0/270478.0/331481, nonzero 243
    new field prev_seal_to_request_us: median/p90/max 906.0/1186.0/139776, nonzero 246
    new field prev_seal_to_start_us: median/p90/max 1214.0/1741.0/140134, nonzero 246
    new field pull_bulk_txs: median/p90/max 400000.0/400000.0/400000, nonzero 246
    new field pull_bulk_us: median/p90/max 1366.5/1882.0/6550, nonzero 246
    new field root_apply_gap_us: median/p90/max 12.0/14.0/27, nonzero 246
    new field root_apply_total_us: median/p90/max 42601.5/57700.0/75907, nonzero 246
    new field root_compute_us: median/p90/max 46453.0/63141.0/83470, nonzero 246
    new field root_delta_us: median/p90/max 2169.5/6537.0/13625, nonzero 246
    new field root_index_us: median/p90/max 5235.0/14016.0/30775, nonzero 246
    new field root_leaves_us: median/p90/max 12389.0/20014.0/37439, nonzero 246
    new field root_note_us: median/p90/max 287.0/426.0/2579, nonzero 246
    new field root_ops_ahead: {'true': 246}
    new field root_ops_ahead_wait_us: median/p90/max 4317.0/15341.0/35878, nonzero 246
    new field root_ops_concat_us: median/p90/max 0.0/0.0/0, nonzero 0
    new field root_ops_encode_us: median/p90/max 9319.0/16021.0/54340, nonzero 246
    new field root_ops_finish_us: median/p90/max 4443.0/7045.0/12944, nonzero 246
    new field root_ops_sort_us: median/p90/max 6032.0/11016.0/28132, nonzero 246
    new field root_ops_us: median/p90/max 8907.0/20665.0/39820, nonzero 246
    new field root_rehash_us: median/p90/max 2176.0/3116.0/16764, nonzero 246
    new field root_retire_us: median/p90/max 1754.5/3224.0/11242, nonzero 246
    new field root_sort_us: median/p90/max 698.0/1207.0/4261, nonzero 246
    new field root_undo_us: median/p90/max 703.0/1424.0/7434, nonzero 246
    new field root_writes_us: median/p90/max 16989.0/24294.0/42448, nonzero 246
    new field seal_hashes_ahead: {'true': 246}
    new field seal_on_counters: {'false': 246}
    new field seal_to_complete_us: median/p90/max 218343.5/250658.0/330259, nonzero 246
    new field seal_to_frozen_us: median/p90/max 0.0/0.0/35862, nonzero 6
    new field seal_to_merge_end_us: median/p90/max 218230.5/250558.0/330129, nonzero 246
    new field seal_to_merge_start_us: median/p90/max 90083.5/111152.0/155936, nonzero 246
    new field seal_to_ops_ahead_us: median/p90/max 30407.5/45381.0/82649, nonzero 246
    new field seal_to_state_ready_us: median/p90/max 218240.0/250567.0/330135, nonzero 246
    new field sealed_unix_us: median/p90/max 1791401705009532.5/1791401717103512.0/1791401720049905, nonzero 246
    new field start_walk_check_us: median/p90/max 0.0/0.0/0, nonzero 0
    new field start_walk_ids_us: median/p90/max 0.0/0.0/0, nonzero 0
    new field start_walk_settle_us: median/p90/max 0.0/0.0/0, nonzero 0
    new field start_walk_us: median/p90/max 0.0/0.0/0, nonzero 0
    new field state_wait_us: median/p90/max 257.0/7012.0/74864, nonzero 246
    new field view_journal_reads: median/p90/max 4096.0/28672.0/57344, nonzero 129
    new field view_journal_searches: median/p90/max 11533.5/82178.0/164800, nonzero 129
    new field view_journal_skips: median/p90/max 0.0/0.0/0, nonzero 0
    new field whole_take_noted: {'false': 246}
    binding wait (tick / quorum / seal share, mean cycle): tick 96% (121); quorum 4% (141); seal 0%; feed-bound (blocks under 95% of the tier): 0 of 246
    slowest key vote delay median/p90 35.3/72.5 ms
    engine own-import total_ms per block median/p90/max 75/112/164 (n=246)
    layer RSS 34.0 -> 42.1 G (max 42.2), in-memory blocks max 10
    execution layer cores busy 35.2    validators cores busy 0.7
  window 3: canonical 239 blocks, 95.6M tx = 3,186,667/s (97.6% of window 1), full 239/239 (100%); cycle mean/median/p90 124.9/121.5/133.5 ms
    leader builds 239: sealed_at median/p90/p99 118/147/176; phases median/p90 ms: gap_before_exec 5/17, state_wait 0/13, par 121/150, par_exec 40/45, roots 61/100, parent_fields 0/20, sealed 1/23
    state_wait_on {'none': 159, 'output': 60, 'grandparent': 16, 'open': 4}; builds with state_wait > 20 ms: 15 ([('grandparent', 13), ('output', 2)]); gp_layer {1.0: 239}, ggp_missing {0.0: 223, 1.0: 16}
    queue at the builds min/median 2,110,500/2,518,000
    new field batch_cpu_sum_us: median/p90/max 988860.0/1082736.0/1465132, nonzero 239
    new field batch_dispatch_us: median/p90/max 47.0/73.0/5467, nonzero 239
    new field batch_first_start_us: median/p90/max 20.0/33.0/49, nonzero 239
    new field batch_ivcsw: median/p90/max 1.0/5.0/22, nonzero 130
    new field batch_last_end_us: median/p90/max 38459.0/43921.0/85052, nonzero 239
    new field batch_last_start_us: median/p90/max 20344.0/23121.0/48888, nonzero 239
    new field batch_live_deferred: median/p90/max 42.0/51.0/115, nonzero 239
    new field batch_live_lock_hold_us: median/p90/max 16843.0/21956.0/39471, nonzero 239
    new field batch_live_lock_wait_us: median/p90/max 0.0/0.0/0, nonzero 0
    new field batch_live_lock_waits: median/p90/max 0.0/0.0/0, nonzero 0
    new field batch_majflt: median/p90/max 0.0/0.0/8711, nonzero 11
    new field batch_minflt: median/p90/max 1246.0/14793.0/43523, nonzero 239
    new field batch_open_max_us: median/p90/max 513.0/590.0/4165, nonzero 239
    new field batch_open_sum_us: median/p90/max 13492.0/15943.0/49127, nonzero 239
    new field batch_threads: median/p90/max 32.0/32.0/32, nonzero 239
    new field batch_vcsw: median/p90/max 211.0/374.0/8959, nonzero 239
    new field batch_view_index_wait_us: median/p90/max 0.0/17522.0/1099660, nonzero 51
    new field batch_view_index_waits: median/p90/max 0.0/145.0/437, nonzero 51
    new field batch_view_slot_wait_us: median/p90/max 0.0/354.0/1123, nonzero 54
    new field batch_view_slot_waits: median/p90/max 0.0/15.0/45, nonzero 54
    new field batch_wall_sum_us: median/p90/max 999025.0/1102304.0/2129985, nonzero 239
    new field batches: median/p90/max 62.0/62.0/62, nonzero 239
    new field build_batches: median/p90/max 0.0/0.0/0, nonzero 0
    new field exec_end_to_seal_us: median/p90/max 46654.0/59419.0/76846, nonzero 239
    new field exec_partition_us: median/p90/max 2540.0/3709.0/8662, nonzero 239
    new field exec_prepared_groups: {'false': 239}
    new field exec_prepared_slots: {'false': 239}
    new field exec_slots_us: median/p90/max 1507.0/1887.0/11160, nonzero 239
    new field freeze_join_wait_us: median/p90/max 3.0/4.0/52090, nonzero 239
    new field freeze_late: {'true': 239}
    new field freeze_pool_own: {'false': 239}
    new field live_index_defer: {'true': 239}
    new field merge_accounts: median/p90/max 371008.0/377691.0/385301, nonzero 239
    new field merge_append_us: median/p90/max 9873.0/21322.0/34606, nonzero 239
    new field merge_reverts: median/p90/max 371008.0/377691.0/385301, nonzero 239
    new field merge_reverts_us: median/p90/max 31685.0/42599.0/73561, nonzero 239
    new field merge_state_us: median/p90/max 84669.0/105018.0/125723, nonzero 239
    new field merge_tail_us: median/p90/max 0.0/0.0/1, nonzero 3
    new field merge_threads: median/p90/max 1.0/1.0/1, nonzero 239
    new field one_wave: {'false': 239}
    new field open_engine_us: median/p90/max 0.0/0.0/100329, nonzero 16
    new field open_fallback: {'false': 223, 'true': 16}
    new field open_keep_us: median/p90/max 4.0/5.0/9, nonzero 239
    new field open_layers: median/p90/max 3.0/3.0/3, nonzero 239
    new field open_provider_us: median/p90/max 138.0/212.0/1171, nonzero 239
    new field plan_age_us: median/p90/max 105214.0/134714.0/218921, nonzero 239
    new field plan_ahead: median/p90/max 1.0/1.0/1, nonzero 239
    new field plan_body: median/p90/max 0.0/0.0/0, nonzero 0
    new field plan_body_us: median/p90/max 0.0/0.0/0, nonzero 0
    new field plan_discard: {'': 239}
    new field plan_prep_us: median/p90/max 13549.0/18834.0/38271, nonzero 239
    new field plan_topup_txs: median/p90/max 0.0/0.0/0, nonzero 0
    new field prep_from_plan: {'false': 239}
    new field prev_seal_to_answer_us: median/p90/max 3426.0/6478.0/9564, nonzero 239
    new field prev_seal_to_entry_us: median/p90/max 0.0/0.0/0, nonzero 0
    new field prev_seal_to_header_us: median/p90/max 175.0/302.0/7272, nonzero 239
    new field prev_seal_to_import_us: median/p90/max 235991.0/285439.0/361339, nonzero 231
    new field prev_seal_to_request_us: median/p90/max 904.0/1253.0/130392, nonzero 239
    new field prev_seal_to_start_us: median/p90/max 1239.0/2026.0/130674, nonzero 239
    new field pull_bulk_txs: median/p90/max 400000.0/400000.0/400000, nonzero 239
    new field pull_bulk_us: median/p90/max 1506.0/1963.0/4424, nonzero 239
    new field root_apply_gap_us: median/p90/max 12.0/14.0/29, nonzero 239
    new field root_apply_total_us: median/p90/max 41663.0/61183.0/88356, nonzero 239
    new field root_compute_us: median/p90/max 46491.0/68762.0/103422, nonzero 239
    new field root_delta_us: median/p90/max 2204.0/7151.0/19972, nonzero 239
    new field root_index_us: median/p90/max 5083.0/10587.0/27221, nonzero 239
    new field root_leaves_us: median/p90/max 12298.0/25232.0/52531, nonzero 239
    new field root_note_us: median/p90/max 288.0/457.0/1694, nonzero 239
    new field root_ops_ahead: {'true': 239}
    new field root_ops_ahead_wait_us: median/p90/max 4043.0/15810.0/73265, nonzero 239
    new field root_ops_concat_us: median/p90/max 0.0/0.0/0, nonzero 0
    new field root_ops_encode_us: median/p90/max 9502.0/18494.0/34253, nonzero 239
    new field root_ops_finish_us: median/p90/max 4715.0/6843.0/15881, nonzero 239
    new field root_ops_sort_us: median/p90/max 6285.0/12608.0/67001, nonzero 239
    new field root_ops_us: median/p90/max 8821.0/20021.0/80819, nonzero 239
    new field root_rehash_us: median/p90/max 2777.0/3557.0/32419, nonzero 239
    new field root_retire_us: median/p90/max 1824.0/2799.0/10763, nonzero 239
    new field root_sort_us: median/p90/max 710.0/1177.0/7518, nonzero 239
    new field root_undo_us: median/p90/max 693.0/1310.0/4038, nonzero 239
    new field root_writes_us: median/p90/max 16967.0/22643.0/52274, nonzero 239
    new field seal_hashes_ahead: {'true': 239}
    new field seal_on_counters: {'false': 239}
    new field seal_to_complete_us: median/p90/max 223756.0/267286.0/334889, nonzero 239
    new field seal_to_frozen_us: median/p90/max 0.0/0.0/52089, nonzero 11
    new field seal_to_merge_end_us: median/p90/max 223693.0/267170.0/334788, nonzero 239
    new field seal_to_merge_start_us: median/p90/max 91264.0/131164.0/170370, nonzero 239
    new field seal_to_ops_ahead_us: median/p90/max 32073.0/49432.0/111382, nonzero 239
    new field seal_to_state_ready_us: median/p90/max 223698.0/267181.0/334797, nonzero 239
    new field sealed_unix_us: median/p90/max 1791401735390377.0/1791401747185158.0/1791401750028170, nonzero 239
    new field start_walk_check_us: median/p90/max 0.0/0.0/0, nonzero 0
    new field start_walk_ids_us: median/p90/max 0.0/0.0/0, nonzero 0
    new field start_walk_settle_us: median/p90/max 0.0/0.0/0, nonzero 0
    new field start_walk_us: median/p90/max 0.0/0.0/0, nonzero 0
    new field state_wait_us: median/p90/max 266.0/13279.0/101558, nonzero 239
    new field view_journal_reads: median/p90/max 4096.0/28672.0/53248, nonzero 126
    new field view_journal_searches: median/p90/max 12288.0/79479.0/149701, nonzero 126
    new field view_journal_skips: median/p90/max 0.0/0.0/0, nonzero 0
    new field whole_take_noted: {'false': 239}
    binding wait (tick / quorum / seal share, mean cycle): tick 81% (121); quorum 18% (141); seal 1% (136); feed-bound (blocks under 95% of the tier): 0 of 239
    slowest key vote delay median/p90 59.5/116.0 ms
    engine own-import total_ms per block median/p90/max 85/116/177 (n=239)
    layer RSS 42.2 -> 36.0 G (max 45.3), in-memory blocks max 11
    execution layer cores busy 34.8    validators cores busy 0.6
  round total (3 windows, canonical): 292.0M tx
  layer peak RSS 45.3 G; in-memory blocks max 11
  fields at seal: mode "early", verified 0, unchecked 0, mismatches 0 (last build line, cumulative)
  own_executed_again (built here and also directly imported): 0 of 757 built blocks
== loop345S400
  layer-0 leader window-1 builds 245: txs mean 400000, share >= 95% of the tier 100% (max 400000); sealed_at_ms 116.0/128.0; par_ms 119.0/133.0; par_exec_ms 41.0/48.0; roots_ms 55.0/77.0; parent_fields_ms 0.0/0.0; sealed_ms 1.0/2.0
  proposal cycle window 1 (n=253): mean 122.8 median 121.4 p90 129.0 ms; blocks in the 30 s: 253
  binding wait (tick / quorum / seal, share and mean cycle): tick 97.2% (121.3); quorum 0%; seal 2.8% (164.9)
  vote delay after the proposal, slowest key per block: median 14.3 p90 68.5 ms (slowest minus the median key: median 0.2); last key: {1: 38, 2: 42, 3: 40, 4: 37, 5: 52, 6: 37} of 246 blocks
  CPU in window 1 (cores busy): execution layers 35.4 over 1 process(es); validators 0.6 over 7 process(es)
  execution layer peak RSS 45.3 G; in-memory blocks max 11 (node0 and others, all layers)
  blocks built here 757; none also directly imported
  import-once counters at the last direct import: ; start-up lines with import_once=true: 1; queue-lock lines 0
  layer-0 queue (queued after canonical prune), median per 10 s: t+0:2452000 t+20:2443250 t+40:2463500 t+60:2515500 t+80:2507000
  flood: median per 5 s 3282774/s, final -
  timeout / given-up lines: 1; 19:33:51 v0 INFO process_event{view=1 kind="message"}: n42::cl::timeout: TC formed
loop345S400 page_faults_per_s_median: node0=221600 
feedcheck loop345S400: ok (block 400,000 tx)
== loop345S400: feed check (acq_us / gate_us / reply_us are per frame of 500; rate per 5 s `ingest` line)
  window 1: ingest lines 6; acq_us 462 (max 1170); gate_us 5534; reply_us 6100; slots_busy 14%; delivered median 3,294,842/s max 3,322,665/s; queue at builds median 2,519,500 min 2,115,500; full 100% of 245 blocks
  window 2: ingest lines 6; acq_us 463 (max 637); gate_us 5485; reply_us 6040; slots_busy 14%; delivered median 3,281,187/s max 3,322,638/s; queue at builds median 2,517,750 min 2,114,500; full 100% of 246 blocks
  window 3: ingest lines 6; acq_us 464 (max 556); gate_us 5856; reply_us 6456; slots_busy 14%; delivered median 3,230,490/s max 3,283,264/s; queue at builds median 2,518,000 min 2,110,500; full 100% of 239 blocks
  flood.log (+15..+100 s): rate per 5 s median 3,279,222/s max 3,330,409/s; reply latency median 58.5 ms max 62.3 ms
== loop345S400: lanes lock, drain and pruner (new fields)
  window 1: lock duty 61.0% (max 64.0); holds/5s 1,721; longest hold 44.94 ms median, 55.41 ms max by crates/n42/tx-queue/src/lib.rs:2046 (most frequent holders [('crates/n42/tx-queue/src/lib.rs:2046', 6)]); lock wait 1934.3 ms/5s, longest 55.48 ms; drains/5s 1,019 of 16165 tx, mean 1378 us, max 28.92 ms
           prune (244 blocks): prune_ms 62/86; fold 1.2 ms, lock 0.0 ms, remove(hold) 20.3 ms, free 0.0 ms; frames_swept 800; coalesced on 244 of 244; prune_wait_ms 0/0; pruner busy 50% of a thread, lock held by it 0.8%
  window 2: lock duty 63.5% (max 64.0); holds/5s 1,614; longest hold 47.87 ms median, 55.84 ms max by crates/n42/tx-queue/src/lib.rs:2046 (most frequent holders [('crates/n42/tx-queue/src/lib.rs:2046', 6)]); lock wait 2375.4 ms/5s, longest 55.90 ms; drains/5s 920 of 17846 tx, mean 1614 us, max 36.24 ms
           prune (244 blocks): prune_ms 65/90; fold 1.1 ms, lock 0.0 ms, remove(hold) 23.3 ms, free 0.0 ms; frames_swept 800; coalesced on 244 of 244; prune_wait_ms 0/0; pruner busy 52% of a thread, lock held by it 0.8%
  window 3: lock duty 62.0% (max 63.0); holds/5s 1,748; longest hold 47.22 ms median, 50.12 ms max by crates/n42/tx-queue/src/lib.rs:2046 (most frequent holders [('crates/n42/tx-queue/src/lib.rs:2046', 6)]); lock wait 2162.4 ms/5s, longest 50.16 ms; drains/5s 1,064 of 15201 tx, mean 1412 us, max 37.62 ms
           prune (234 blocks): prune_ms 60/84; fold 1.0 ms, lock 0.0 ms, remove(hold) 21.1 ms, free 0.0 ms; frames_swept 800; coalesced on 234 of 234; prune_wait_ms 0/0; pruner busy 47% of a thread, lock held by it 0.8%
== loop345S400: pruner (per block; busy = sum prune_ms / 30 s, lock = sum (remove_us + settle_us) / 30 s)
  window 1: 244 prunes; prune_ms 62/86; remove_us 20.3/36.6 ms; forget_us 5.7/8.5 ms; settle_us 5.7 ms; pruner busy 50% of a worker; lanes lock held for removal 23%
  window 2: 244 prunes; prune_ms 65/90; remove_us 23.3/39.9 ms; forget_us 5.7/8.7 ms; settle_us 5.7 ms; pruner busy 52% of a worker; lanes lock held for removal 25%
  window 3: 234 prunes; prune_ms 60/84; remove_us 21.1/37.6 ms; forget_us 6.1/9.6 ms; settle_us 5.5 ms; pruner busy 47% of a worker; lanes lock held for removal 22%
== loop345S400: seal start / pull, prepared plan, answer, chunked drain
  window 1: 245 builds; start_best_ms 6/12; start_walk_us 0/0; start_pull_ms 0/0; par_pull_ms 0/0; par_start_ms 6/12; par_ms 119/133; sealed_at_ms 115/128; pull_bulk_us 1372/1699; pull_bulk_txs 400000/400000; plan_age_us 104540/122719; plan_prep_us 12429/16884; plan_topup_txs 0/0
           plan_ahead {'1': 245}; plan_discard {'': 245}
           answer: built-ahead bytes median/max 29,642/29,645, layout_only {'true': 246}; proposal sent bytes median/max 29,642/29,645, layout_only {'true': 245}
           drain: chunks/5s 944, chunk max 8,192 tx, finished by others/5s 32; plan_discards (last ingest line) -
  window 2: 246 builds; start_best_ms 6/18; start_walk_us 0/0; start_pull_ms 0/0; par_pull_ms 0/0; par_start_ms 6/18; par_ms 117/131; sealed_at_ms 114/131; pull_bulk_us 1366/1882; pull_bulk_txs 400000/400000; plan_age_us 102862/118312; plan_prep_us 13538/19132; plan_topup_txs 0/0
           plan_ahead {'1': 246}; plan_discard {'': 246}
           answer: built-ahead bytes median/max 29,647/29,647, layout_only {'true': 246}; proposal sent bytes median/max 29,647/29,647, layout_only {'true': 246}
           drain: chunks/5s 846, chunk max 8,192 tx, finished by others/5s 36; plan_discards (last ingest line) -
  window 3: 239 builds; start_best_ms 6/18; start_walk_us 0/0; start_pull_ms 0/0; par_pull_ms 0/0; par_start_ms 7/18; par_ms 121/150; sealed_at_ms 118/147; pull_bulk_us 1506/1963; pull_bulk_txs 400000/400000; plan_age_us 105214/134714; plan_prep_us 13549/18834; plan_topup_txs 0/0
           plan_ahead {'1': 239}; plan_discard {'': 239}
           answer: built-ahead bytes median/max 29,647/29,647, layout_only {'true': 239}; proposal sent bytes median/max 29,647/29,647, layout_only {'true': 240}
           drain: chunks/5s 1,004, chunk max 8,192 tx, finished by others/5s 31; plan_discards (last ingest line) -
== loop345S400: persistence per window (ms per block = part sum / blocks persisted)
  window 1: persisted 240 of 245 produced (98%); total 67.6, sf_tx 62.0, sf_rcpt 12.9, sf_acct 27.2, sf_send 21.8, scope 62.2, qmdb 26.5, post 0.0, pre 5.5, plain_rev 5.5, commit_sf 1.2, commit_mdbx 0.1, commit_rocks 0.1; longest task sf_tx 62.0; in-memory 6 -> 9 (max 10); RSS 4.8 -> 34.0 G; lag 7 -> 9 = +4.0 blocks/min; bp max 0
  window 2: persisted 244 of 246 produced (99%); total 71.0, sf_tx 65.2, sf_rcpt 12.7, sf_acct 28.2, sf_send 21.9, scope 65.3, qmdb 29.5, post 0.0, pre 5.7, plain_rev 5.7, commit_sf 1.3, commit_mdbx 0.1, commit_rocks 0.1; longest task sf_tx 65.2; in-memory 9 -> 10 (max 10); RSS 34.0 -> 42.2 G; lag 9 -> 10 = +2.0 blocks/min; bp max 0
  window 3: persisted 242 of 239 produced (101%); total 74.2, sf_tx 67.7, sf_rcpt 12.5, sf_acct 27.7, sf_send 20.8, scope 67.8, qmdb 33.5, post 0.0, pre 6.2, plain_rev 6.2, commit_sf 1.4, commit_mdbx 0.1, commit_rocks 0.1; longest task sf_tx 67.7; in-memory 10 -> 8 (max 11); RSS 42.2 -> 36.5 G; lag 10 -> 9 = -2.0 blocks/min; bp max 0
  leg end: in-memory 7, max over the sampler 11, backpressure stalls 0
== loop345S400: execution and root fields (median / p90 per block)
    folded lines 246: pending_max max 47 (median 42); pending_us_max max 43,589; drops_max max 222980
    flags: seal_on_counters false:245; freeze_pool_own false:245; plan_body 0:245; prep_from_plan false:245; whole_take_noted false:245; seal_hashes_ahead true:245; plan_ahead 1:245; seal per 1,000 transfers 0.287 ms
  window 1 (245 builds): on-CPU share 1.00/1.00; CPU per transfer 2.54/2.90 us; sealed_at_ms 115/128; exec_end_to_seal_us 49,335/60,139; par_exec_ms 41/48; commit_refs_ms 48/58; par_commit_ms 49/59; par_fold_ms 59/73; index_ms 46/57; par_start_ms 6/12; par_prep_ms 9/13; gap_before_exec_ms 5/10; plan_body_us 0/0; build_batches 0/0; parent_fields_ms 0/0; seal_to_fields_us 81,999/108,674; roots_ms 55/77; exec_partition_us 2,203/3,251; exec_slots_us 1,507/1,889; tx_root_ms 1/2; sealed_ms 1/2; seal_to_complete_us 204,968/232,660; shard_fold_ms 46/57; batch_max_ms 23/29; state_wait_us 248/5,759
    folded lines 246: pending_max max 46 (median 41); pending_us_max max 47,766; drops_max max 89118
    flags: seal_on_counters false:246; freeze_pool_own false:246; plan_body 0:246; prep_from_plan false:246; whole_take_noted false:246; seal_hashes_ahead true:246; plan_ahead 1:246; seal per 1,000 transfers 0.285 ms
  window 2 (246 builds): on-CPU share 1.00/1.00; CPU per transfer 2.45/2.78 us; sealed_at_ms 114/131; exec_end_to_seal_us 45,776/56,261; par_exec_ms 40/47; commit_refs_ms 44/55; par_commit_ms 45/56; par_fold_ms 57/69; index_ms 43/54; par_start_ms 6/18; par_prep_ms 9/13; gap_before_exec_ms 5/12; plan_body_us 0/0; build_batches 0/0; parent_fields_ms 0/0; seal_to_fields_us 89,952/110,925; roots_ms 62/84; exec_partition_us 2,364/3,233; exec_slots_us 1,429/1,846; tx_root_ms 1/2; sealed_ms 1/3; seal_to_complete_us 218,344/250,658; shard_fold_ms 43/54; batch_max_ms 22/27; state_wait_us 257/7,012
    folded lines 239: pending_max max 50 (median 41); pending_us_max max 52,275; drops_max max 88961
    flags: seal_on_counters false:239; freeze_pool_own false:239; plan_body 0:239; prep_from_plan false:239; whole_take_noted false:239; seal_hashes_ahead true:239; plan_ahead 1:239; seal per 1,000 transfers 0.295 ms
  window 3 (239 builds): on-CPU share 1.00/1.00; CPU per transfer 2.47/2.71 us; sealed_at_ms 118/147; exec_end_to_seal_us 46,654/59,419; par_exec_ms 40/45; commit_refs_ms 45/58; par_commit_ms 46/59; par_fold_ms 58/73; index_ms 45/58; par_start_ms 7/18; par_prep_ms 10/14; gap_before_exec_ms 5/17; plan_body_us 0/0; build_batches 0/0; parent_fields_ms 0/20; seal_to_fields_us 91,091/130,537; roots_ms 61/100; exec_partition_us 2,540/3,709; exec_slots_us 1,507/1,887; tx_root_ms 1/2; sealed_ms 1/23; seal_to_complete_us 223,756/267,286; shard_fold_ms 45/58; batch_max_ms 22/26; state_wait_us 266/13,279
flood span 95 s; tokio-rt threads alive throughout 34 of 71; group 10.1 cores busy over them (all threads incl. short-lived 13.3)
  per-thread cores busy, top 12: 0.61 0.61 0.60 0.59 0.59 0.58 0.58 0.58 0.57 0.57 0.57 0.56; threads over 0.9 core: 0, over 0.7: 0
== loop345S400: 730 full builds in the 3 windows
  par_exec_ms 40/47; par_run_ms 45/56; batch_start_skew_ms 20/23; batch_median_ms 16/18; batch_max_ms 22/27; batch_first_start_us 21/34; batch_last_start_us 20490/23880; batch_dispatch_us 49/83; batch_last_end_us 39084/45633; batches 62/62; batch_threads 32/32; batch_txs_max 6500/6500; batch_txs_min 3500/3500; start_walk_ms 0/0; start_walk_check_ms 0/0; par_start_ms 6/16; sealed_at_ms 116/135; prev_seal_to_answer_us 3153/5928; prev_seal_to_entry_us 0/0; prev_seal_to_header_us 180/291; prev_seal_to_import_us 225775/270283; prev_seal_to_request_us 905/1229; prev_seal_to_start_us 1212/1721; start_walk_check_us 0/0; start_walk_ids_us 0/0; start_walk_settle_us 0/0; start_walk_us 0/0
  one_wave {'false': 730}
  batches == batch_threads on 0 of 730 builds
  last - first batch start (ms) median/p90 20.46/23.86; under 2 ms on 0 of 730 builds
leg loop345S400ALL: /data free 557G (needs 120 G)
leg loop345S400ALL start 15:38:18 load 3.26
round loop345S400ALL exit 0 at 15:41:15
loop345S400ALL save stages (node0, seconds summed over the leg / count): batch_size=1004.0/332  batch_size=1004.0/332  reth_consensus_engine_beacon_persistence_duration=60.5/332  duration_seconds=57.4/332  total=52.9/332  scope=48.5/332  sf=48.3/332  sf_transactions=48.1/332  sf_account_changesets=20.8/332  qmdb_persisted=20.5/332
el binary: /data/n42-build/target-n42-rs/native/release/n42 env: N42_IMPORT_ONCE=1 N42_SETTLEMENT_TAGS=legacy N42_BUILD_THROTTLE_SOFT=48 F7_EL_MAP=0,0,0,0,0,0,0 N42_FIELDS_AT_SEAL=1 N42_FREEZE_AFTER_SEAL=1 N42_FRAME_BLOCKS=1 N42_TX_INGEST_RECOVER_PARALLEL=24 N42_FREEZE_POOL=own N42_PARALLEL_BUILD_THREADS=32 N42_PLAN_AHEAD=1 N42_HASHED_TABLES=off F7_FLOOD_RATE=6000000 N42_COMPACT_BODY=1 N42_BUILD_BATCHES=128 MALLOC_CONF=thp:always,oversize_threshold:0,dirty_decay_ms:2000,background_thread:true N42_SEAL_ON_COUNTERS=1 N42_ACCOUNT_HISTORY=off N42_TAKE_COMPACT=1 N42_SF_EARLY_WRITEBACK=1 N42_ROAD_RUNTIME=1 N42_TX_INGEST_HIGH_WATER=2500000 F7_BENCH_POOL_SLOTS=3000000 N42_PLAN_AHEAD_BODY=1 N42_SEAL_AT_EXEC=1 N42_TX_QUEUE_DRAIN_CHUNK=8192 N42_ANSWER_LAYOUT_ONLY=1 N42_PULL_BY_FRAMES=1 N42_SF_PARALLEL_ENCODE=1 N42_BUILD_THROTTLE_HARD=80 N42_LIVE_INDEX_DEFER=1 RAYON_NUM_THREADS=16 N42_ROOT_OPS_AHEAD=1 TOKIO_WORKER_THREADS=16 N42_QMDB_READS=on N42_LEADER_LAYERS=3 N42_PERSIST_QMDB_IN_SCOPE=1 F7_BLOCK_INTERVAL_MS=120 F7_MEASURE_FROM_LOG=1
validator env: N42_IMPORT_ONCE=1 N42_SETTLEMENT_TAGS=legacy N42_BUILD_THROTTLE_SOFT=48 F7_EL_MAP=0,0,0,0,0,0,0 N42_FIELDS_AT_SEAL=1 N42_FREEZE_AFTER_SEAL=1 N42_FRAME_BLOCKS=1 N42_TX_INGEST_RECOVER_PARALLEL=24 N42_FREEZE_POOL=own N42_PARALLEL_BUILD_THREADS=32 N42_PLAN_AHEAD=1 N42_HASHED_TABLES=off F7_FLOOD_RATE=6000000 N42_COMPACT_BODY=1 N42_BUILD_BATCHES=128 N42_SEAL_ON_COUNTERS=1 N42_ACCOUNT_HISTORY=off N42_TAKE_COMPACT=1 N42_SF_EARLY_WRITEBACK=1 N42_ROAD_RUNTIME=1 N42_TX_INGEST_HIGH_WATER=2500000 F7_BENCH_POOL_SLOTS=3000000 N42_PLAN_AHEAD_BODY=1 N42_SEAL_AT_EXEC=1 N42_TX_QUEUE_DRAIN_CHUNK=8192 N42_ANSWER_LAYOUT_ONLY=1 N42_PULL_BY_FRAMES=1 N42_SF_PARALLEL_ENCODE=1 N42_BUILD_THROTTLE_HARD=80 N42_LIVE_INDEX_DEFER=1 RAYON_NUM_THREADS=16 N42_ROOT_OPS_AHEAD=1 TOKIO_WORKER_THREADS=16 N42_QMDB_READS=on N42_LEADER_LAYERS=3 N42_PERSIST_QMDB_IN_SCOPE=1 F7_MEASURE_FROM_LOG=1
loop345S400ALL once: start-up lines import_once=true 1; last direct-import counters 
loop345S400ALL imports: layers=1 direct_imports=0 canonical_blocks=2048 import_once_lines=1 (per layer: direct imports should equal canonical blocks for one execution per block)
grep: /data/blockchain/rust-fleet7-bench/node1/el.log: No such file or directory
grep: /data/blockchain/rust-fleet7-bench/node2/el.log: No such file or directory
grep: /data/blockchain/rust-fleet7-bench/node3/el.log: No such file or directory
grep: /data/blockchain/rust-fleet7-bench/node1/el.log: No such file or directory
grep: /data/blockchain/rust-fleet7-bench/node2/el.log: No such file or directory
grep: /data/blockchain/rust-fleet7-bench/node3/el.log: No such file or directory
cat: /data/blockchain/rust-fleet7-bench/node2/el.log: No such file or directory
cat: /data/blockchain/rust-fleet7-bench/node2/el.log: No such file or directory
cat: /data/blockchain/rust-fleet7-bench/node2/el.log: No such file or directory
cat: /data/blockchain/rust-fleet7-bench/node1/el.log: No such file or directory
cat: /data/blockchain/rust-fleet7-bench/node2/el.log: No such file or directory
cat: /data/blockchain/rust-fleet7-bench/node3/el.log: No such file or directory
Traceback (most recent call last):
  File [35m"<stdin>"[0m, line [35m4[0m, in [35m<module>[0m
[1;35mIndexError[0m: [35mlist index out of range[0m
loop345S400ALL no_variant=0 own_not_committed=0 tc=1 invalid_blocks=0 incomplete=0 gas_mismatch=0 direct_imports_failed=0 stuck_at_hashed_state=0 engine_idles_over_5s=1 proposals_given_up=0 tables_off_nodes=1 unanswered_reads=0 seal_first_total=755 seal_first_direct=755 direct_guard_errors=0 commit_ms_median=0 fold_ms_median=24 sealed_at_ms_median=99 state_ready_ms_median=188 build_total_ms_median=328 recover_us_median=0 par_exec_ms_median=37 par_exec_ms_median=37 giveback_filtered=0 giveback_offered_max=0 seal_first=755 reader_lag_max=9 reader_lag_warns=0 view_invalidated=0 el_sum_peak_g=46.1 el_max_peak_g=46.1 val_sum_peak_g=1.9 flood_peak_g=0.6 two_roads_blocks=0 two_roads_overlap_ms_median=- exec_on_output_declined=0 r1_collect_ms_median=5 proposal_at_ms_median=110 view_total_ms_median=121 import_exec_ms_median=- import_total_ms_median=- import_senders_ms_median=- import_convert_ms_median=- import_groups_median=- imports_over_600ms=0 min_avail_g=66.4 road_foreign_body_recv_ms=- road_foreign_body_decode_ms=- road_foreign_body_senders_ms=- road_foreign_body_parent_wait_ms=- road_foreign_body_check_ms=- road_foreign_body_total_ms=- road_new_payload_recv_ms=- road_new_payload_decode_ms=- road_new_payload_senders_ms=- road_new_payload_parent_wait_ms=- road_new_payload_check_ms=- road_new_payload_total_ms=- road_foreign_body_blocks=0 road_new_payload_blocks=0 fcu_answered=942 fcu_in_flight_ms_median=0 fcu_queued_ms_median=0 fcu_queued_ms_max=167 fcu_refused=0 fcu_slow=981 bodies_held=0 road_reuse_ms=- road_prepare_ms=- road_dispatch_ms=- road_convert_ms=- road_remember_ms=- road_header_ms=- road_fields_ms=- road_other_ms=- import_engine_ms_median=- gate_forced=0 gate_warns=0 flood_timeouts=0 canonical_min=2060 canonical_max=2060 chained_builds=1262 chain_lead_ms_median=117 chain_wait_ms_median=0 chain_started=1265 chain_discarded=2 chain_discard_reasons=_1_reason="no_,_1_reason="the_execution_layer_produced_nothing,_1_reason="the_request_names_another_parent chain_alias_warns=0 el_chained=1269 bodies_held_warns=0 el_build_refused=1 el_build_refused_reasons=_1_no_QMDB_tree_for_parent_block_0x queued_p5=2117000 queued_p50=2455000 road_compact_blocks=0 road_compact_recv_ms=- road_compact_assemble_ms=- road_compact_root_ms=- road_compact_miss_wait_ms=- road_compact_senders_ms=- road_compact_check_ms=- road_compact_other_ms=- road_compact_total_ms=- road_compact_misses_total= compact_refused_el=0 compact_fallbacks=0 compact_bytes_median=- pool_order9=14509 par_pull_ms_median=- build_total_ms_median2=- road_compact_filled_blocks=0 road_compact_filled_median=- road_compact_fill_ms_median=- need_txns=0 fill_failed=0 ingest_rate_gate_open_median=- ingest_gate_open_intervals=0 ingest_slots_busy_median=- flood_rate= fill_asked_proposer=0 fill_asked_other=0 loop_lines=1931 loop_unnamed_ms_median=107 loop_body_served_ms_median=- loop_txns_served_ms_median=- import_exec_ms_median2=- pip_partition_ms=- pip_env_ms=- pip_batch_ms=- pip_groups_ms=- pip_gas_ms=- pip_merge_ms=- pip_receipts_ms=- pip_drop_ms=- pip_other_ms=- pip_total_ms=- senders_indexed_median=- road_senders_ms_median=- road_total_ms_median=- pew_ms_median=- pew_ms_p90= gate_ms_median=- gate_ms_p90= root_ms_p50=- root_ms_p90= two_roads=0 not_on_output=0 not_on_output_why= ckpt_ms_first_q=4 ckpt_ms_last_q=60 ckpt_bytes_last=34347764 parent_still_importing=0 root_wait_ms_p50=- root_wait_ms_p90= tenures_low_seal=13 seal_first_share=0.99 empty_over_deep=0 near_empty_warns=0 no_seal_why= par_skipped_median=- usable_p5=2113500 ckpt_replay_ms_last_q=17 candidates_zero=0 dropped_ingest=0 let_go_warns=0 let_go_reasons= parked_p50=0 parked_max=0 held_warns=0 park_capped_total=0 superseded_builds=0 empty_not_superseded=0 mass_park_warns=0 heads_lines=0 holes_lines=0 stale_parent_refusals=0 par_groups_p5=0 cancelled_decided=0 heads_nonce0=0 stale_unconfirmed= handovers=0 el_panics=0 decided_cancelled=0 min_window_blocks=235 road_desc_blocks=0 road_desc_total_ms=- road_desc_copy_ms=- desc_misses=0 fill_failed2=0 sf_par_collect_ms=- sf_par_commit_ms=- sf_par_fold_ms=- sf_par_graft_ms=- sf_par_prefault_ms=- sf_par_exec_ms=- sf_sealed_at_ms=- sf_roots_ms=- sf_state_ready_ms=- sf_total_ms=- ba_find_ms=- ba_queue_ms=- ba_total_ms=- ba_on_output=0 queue_fold_us=- queue_lock_us=- sf_par_exec_ms=- sf_par_fold_ms=- pip_groups_ms=- import_exec_ms_median2=- reads_d0=0 reads_hist=0 f_reads_d0=- f_reads_hist=- f_overlay_depth=- L_read_set_ms=0 read_set_accounts=0 read_set_unresolved=0 read_set_hits=0 read_set_misses=0 start_best_ms=- par_prep_ms=- gap_before_exec_ms=- gap_after_exec_ms=- gap_before_seal_ms=- index_ms=- road_copy_aside_ms=- road_copy_wait_ms=- road_total_ms=- queue_first_miss=queue_first_miss=0:1287,queue_first_miss=18446744073709551615:761 root_append_behind=0 populate_lag_mb=0 swap_used_g=0 root_faults=- root_faults_p90= root_faults_entries=0 root_faults_offsets=0 root_faults_index=0 root_faults_bits=0 root_faults_twigs=0 root_faults_undo=0 root_faults_tmp=0 root_append_faults=0 root_twig_pool_misses=0 batch_max_ms=13 batch_min_ms=5 batch_median_ms=7 batch_cpu_max_ms=13 batch_txs_max=3500 batch_txs_min=3000 batch_start_skew_ms=28 batch_wait_ms=0 loop_fetch_ns=0 loop_check_ns=0 loop_transfer_ns=0 loop_receipt_ns=0 loop_gas_ns=0 loop_sink_ns=0 loop_other_ns=0 batch_setup_ns=0 batch_close_ns=0 imp_exec_part_ms=- imp_exec_batches_ms=- imp_exec_graft_ms=- imp_exec_batches=- imp_exec_threads=- imp_exec_batch_max_ms=- imp_exec_batch_median_ms=- imp_parent_output_wait_ms=- road_parent_output_wait_ms=- next_start_gap_ms=1 next_entry_gap_ms=0 commit_body_ahead_used=- imp_exec_keys_ms=- imp_keys_ahead=- imp_exec_sink_ms=- imp_exec_pre_ms=- imp_exec_post_ms=- imp_exec_receipts_ms=- imp_exec_drop_ms=- root_gap_ms=- queue_whole=queue_whole=false:1287,queue_whole=true:761 tick_tick_late_us=1045 tick_preamble_us=343 tick_take_sealed_us=1 tick_sign_us=0 tick_cache_us=0 tick_presealed=- tick_describe_us=10 tick_publish_us=601 tick_tick_to_send_us=2076 road_check_ms=- road_check_include_us=- road_check_scan_us=- road_check_fold_us=- road_check_senders_us=- road_check_frames_summarized=- road_check_frames_scanned=- imp_exec_start_gap_us=- imp_gap_road_us=- imp_gap_header_us=- imp_gap_senders_us=- imp_gap_parent_us=- imp_gap_setup_us=- imp_gap_keys_wait_us=- sealed_at_p90= sealed_over_130=0 roots_ms=- cycle_p90= batch_max_ms=- batch_median_ms=- imp_batch_max=- forest_lock_warns=1272 root_seal_ms=1 root_seals=40 root_majflt=6981 roots_p90= gp_layer=762 ggp_missing=104 state_wait_split=0/0/0/0:165,17/0/0/0:29,15/0/0/0:26 qmdb_releases=0 state_wait_on= imp_road_end_ms=- imp_exec_start_ms=- imp_exec_end_ms=- imp_root_end_ms=- imp_fields_ready_ms=- imp_parent_fields_wait_ms=- imp_exec_ms=- imp_root_ms=- imp_checks_ms=- imp_engine_ms=- imp_total_ms=- road_parent_fields_wait_ms=- exec_read_ms=- L_exec_evm_ms=- L_exec_write_ms=- L_exec_other_ms=- L_reads_cache=- L_reads_provider=- L_reads_view=- L_graft_base_ms=- L_graft_reserve_ms=- L_graft_insert_ms=- L_graft_reverts_ms=- L_graft_other_ms=- L_par_exec_ms=- L_par_graft_ms=- F_exec_read_ms=- F_exec_evm_ms=- F_exec_write_ms=- F_exec_other_ms=- F_reads_cache=- F_reads_provider=- F_reads_view=- F_groups_ms=- L_tx_root_wait_ms=- L_par_exec_ms=- L_par_graft_ms=- L_par_fold_ms=- L_sealed_ms=- L_state_ready_ms=- L_roots_ms=- L_finish_ms=- L_total_ms=- L_setup_ms=- L_par_pull_ms=- L_give_back_ms=- L_state_wait_ms=- L_state_after_pull=755 L_seal_at_exec=755 L_tx_root_ahead=0 flood_w1=3278616 txs_p10=400000 acq_us=461 slots_busy=14 ingest_rate=3262026 L_scope_join_ms=- L_par_release_ms=- L_commit_body_ms=- L_par_commit_ms=- L_give_back_ms=- L_sealed_ms=- L_par_exec_ms=- L_state_wait_ms=- L_par_pull_ms=- L_par_prep_ms=- L_par_start_ms=- L_pre_exec_ms=- L_par_run_ms=- L_sealed_at_ms=- F_partition_ms=- F_env_ms=- F_groups_ms=- F_merge_ms=- F_reverts_wait_ms=- F_ahead_wait_ms=- F_total_ms=- I_engine_ms=- I_root_ms=- I_total_ms=- H_engine_remember_ms=- H_engine_listing_ms=- H_engine_new_payload_ms=- busy_us=1 L_par_start_ms=- L_start_handoff_ms=- L_start_best_ms=- L_start_puller_ms=- L_par_pull_ms=- L_par_prep_ms=- L_state_wait_ms=- L_par_exec_ms=- L_par_commit_ms=- L_sealed_ms=- L_sealed_at_ms=- L_par_graft_ms=- L_graft_insert_ms=- L_graft_reverts_ms=- L_graft_split_us=- L_graft_build_us=- L_graft_merge_us=- L_state_ready_ms=- Q_queue_ms=0 R_dispatch_wait_ms=- R_total_ms=- R_road_runtime=1 gate_holds=0 peer_fetch=0 pool_limit=limit=8 gate_opened=gate_opened_for_block=0 I_root_ms=- flood_rate_hdr=rate=6000000/s fills=0 fill_waited=- slots_busy=14 acq_us=461 busy_us=1 converged=0 fallbacks=0 busy_us=1 recover_us=0 tf_on_output=2 tf_fallback=0 still_importing=0 busy_us=1 slots_busy=14 batches=altsig_txs=0 altsig_batches=0 tf_on_output=2 tf_fallback=0 gate_holds=0 sign_s=sign 0s replay_note=replay       : 64 files from /data/n42-pregen/g900000-400m, 400000000 transactio sign_s=sign 0s shard=shard_verified=0 shard_claimed=0 road_verified=- slots_busy=14 gate_us=5728 reply_us=6312 queued=2455000 assemble_ms=- road_take_ms=- road_body_ms=- road_encode_ms=- shards=16 shard_insert_ms=0 shard_wait_ms=0 shard_fold_ms=47 shard_append_ms=32 shard_merge_ms=120 state_ready_ms=188 roots_ms=59 exec_read_ms=0 exec_evm_ms=0 exec_write_ms=0 exec_other_ms=0 reads_cache=0 reads_provider=0 reads_view=0 par_run_ms=60 fold_task_cpu_max_us=45542 fold_task_minflt_max=101 fold_task_minflt_sum=102 fold_task_migrated=0 fold_task_nivcsw_max=0 fold_index=1 fold_index_build_ms=45 fold_index_conflicts=32109 fold_queue_us=71 fold_skew_us=38 fold_task_max_us=45538 fold_tail_us=33 start_best_ms=0 start_select_ms=0 start_walk_ms=0 start_walk_check_ms=0 start_best_other_ms=0 start_frames_by_ref=0 start_frames_slow=0 start_pull_ms=0 start_other_ms=0 start_handoff_ms=0 par_start_ms=0 par_prep_ms=0 par_commit_ms=0 commit_body_ms=0 par_fold_ms=24 sealed_ms=22 copy_ms=- prune_ms=0 frames=- frames_missing=- frame_root_ms=- root_ms=- frames_admitted=frames_admitted=603266 frames_unaligned=0 frame_root_indexed=- seal_layout_ms=1 seal_root_ms=0 attested= busy_us=1 slots_busy=14 reply_us=6312 prune_ms=0 body_refused=0 body_failed_late=0
loop345S400ALL win1 tps=3,293,333 txs=98,800,000 blocks= 247 cycle=0.121s occupancy= 99.6% full(>=95%)=246/247 basefee=n/a (from the layer's log)
loop345S400ALL win2 tps=3,266,667 txs=98,000,000 blocks= 245 cycle=0.122s occupancy=100.0% full(>=95%)=245/245 basefee=n/a (from the layer's log)
loop345S400ALL win3 tps=3,133,333 txs=94,000,000 blocks= 235 cycle=0.128s occupancy=100.0% full(>=95%)=235/235 basefee=n/a (from the layer's log)
loop345S400ALL tps=3,293,333 round_txs=290800000 cycles_w1=
loop345S400ALL imp_fields_p90= b_p75=5
loop345S400ALL overlay: filter_skips=0 probes=0 ratio=- (ratio = skips/(skips+probes))
loop345S400ALL overlay_manager:       1 state_trie_overlay=false  state-ovly_cpu=0
loop345S400ALL verify: written to /data/blockchain/rust-fleet7-bench/bench-loop345S400ALL/verify.json
== loop345S400ALL  (E=1: seven validator keys on one execution layer)
  window 1: canonical 247 blocks, 98.8M tx = 3,293,333/s (100.0% of window 1), full 246/247 (100%); cycle mean/median/p90 122.1/121.4/128.8 ms
    leader builds 247: sealed_at median/p90/p99 95/124/158; phases median/p90 ms: gap_before_exec 21/53, state_wait 21/52, par 107/148, par_exec 36/44, roots 56/77, parent_fields 19/40, sealed 21/42
    state_wait_on {'output': 177, 'grandparent': 10, 'none': 60}; builds with state_wait > 20 ms: 125 ([('output', 115), ('grandparent', 10)]); gp_layer {1.0: 247}, ggp_missing {0.0: 236, 1.0: 11}
    queue at the builds min/median 1,918,000/2,514,000
    new field batch_cpu_sum_us: median/p90/max 997960.0/1215631.0/2137012, nonzero 247
    new field batch_dispatch_us: median/p90/max 280.0/374.0/880, nonzero 247
    new field batch_first_start_us: median/p90/max 93.0/140.0/286, nonzero 247
    new field batch_ivcsw: median/p90/max 3.0/9.0/32, nonzero 195
    new field batch_last_end_us: median/p90/max 35910.0/44110.0/72029, nonzero 247
    new field batch_last_start_us: median/p90/max 27736.0/33651.0/63570, nonzero 247
    new field batch_live_deferred: median/p90/max 82.0/87.0/92, nonzero 247
    new field batch_live_lock_hold_us: median/p90/max 18461.0/22034.0/26127, nonzero 247
    new field batch_live_lock_wait_us: median/p90/max 0.0/0.0/0, nonzero 0
    new field batch_live_lock_waits: median/p90/max 0.0/0.0/0, nonzero 0
    new field batch_majflt: median/p90/max 0.0/0.0/0, nonzero 0
    new field batch_minflt: median/p90/max 1676.0/19414.0/49132, nonzero 247
    new field batch_open_max_us: median/p90/max 466.0/551.0/1951, nonzero 247
    new field batch_open_sum_us: median/p90/max 11295.0/13803.0/25829, nonzero 247
    new field batch_threads: median/p90/max 32.0/32.0/32, nonzero 247
    new field batch_vcsw: median/p90/max 173.0/363.0/750, nonzero 247
    new field batch_view_index_wait_us: median/p90/max 0.0/21970.0/64954, nonzero 38
    new field batch_view_index_waits: median/p90/max 0.0/178.0/518, nonzero 38
    new field batch_view_slot_wait_us: median/p90/max 0.0/382.0/2452, nonzero 40
    new field batch_view_slot_waits: median/p90/max 0.0/18.0/71, nonzero 41
    new field batch_wall_sum_us: median/p90/max 1001246.0/1218082.0/2138747, nonzero 247
    new field batches: median/p90/max 128.0/128.0/128, nonzero 247
    new field build_batches: median/p90/max 128.0/128.0/128, nonzero 247
    new field exec_end_to_seal_us: median/p90/max 125.0/180.0/362, nonzero 247
    new field exec_partition_us: median/p90/max 12.0/16.0/3004, nonzero 247
    new field exec_prepared_groups: {'true': 238, 'false': 9}
    new field exec_prepared_slots: {'true': 238, 'false': 9}
    new field exec_slots_us: median/p90/max 0.0/0.0/2276, nonzero 9
    new field freeze_join_wait_us: median/p90/max 26467.0/53487.0/73782, nonzero 247
    new field freeze_late: {'true': 247}
    new field freeze_pool_own: {'true': 247}
    new field live_index_defer: {'true': 247}
    new field merge_accounts: median/p90/max 367080.0/375289.0/381893, nonzero 247
    new field merge_append_us: median/p90/max 7010.0/16129.0/27989, nonzero 247
    new field merge_reverts: median/p90/max 367080.0/375289.0/381893, nonzero 247
    new field merge_reverts_us: median/p90/max 29210.0/40586.0/55367, nonzero 247
    new field merge_state_us: median/p90/max 78958.0/92568.0/132694, nonzero 247
    new field merge_tail_us: median/p90/max 0.0/0.0/1, nonzero 7
    new field merge_threads: median/p90/max 1.0/1.0/1, nonzero 247
    new field one_wave: {'false': 247}
    new field open_engine_us: median/p90/max 0.0/0.0/117839, nonzero 11
    new field open_fallback: {'false': 236, 'true': 11}
    new field open_keep_us: median/p90/max 5.0/7.0/29, nonzero 247
    new field open_layers: median/p90/max 3.0/3.0/3, nonzero 247
    new field open_provider_us: median/p90/max 120.0/203.0/397, nonzero 247
    new field plan_age_us: median/p90/max 89512.0/208121.0/240330, nonzero 247
    new field plan_ahead: median/p90/max 1.0/1.0/2, nonzero 247
    new field plan_body: median/p90/max 1.0/1.0/2, nonzero 246
    new field plan_body_us: median/p90/max 30699.0/41991.0/58394, nonzero 238
    new field plan_discard: {'': 247}
    new field plan_prep_us: median/p90/max 11872.0/21622.0/54082, nonzero 247
    new field plan_topup_txs: median/p90/max 0.0/0.0/71000, nonzero 1
    new field prep_from_plan: {'true': 238, 'false': 9}
    new field prev_seal_to_answer_us: median/p90/max 3316.0/5997.0/21059, nonzero 247
    new field prev_seal_to_entry_us: median/p90/max 0.0/0.0/0, nonzero 0
    new field prev_seal_to_header_us: median/p90/max 245.0/478.0/1721, nonzero 247
    new field prev_seal_to_import_us: median/p90/max 214668.0/275633.0/364532, nonzero 244
    new field prev_seal_to_request_us: median/p90/max 1028.0/133620.0/170080, nonzero 247
    new field prev_seal_to_start_us: median/p90/max 1354.0/133920.0/170375, nonzero 247
    new field pull_bulk_txs: median/p90/max 400000.0/400000.0/400000, nonzero 247
    new field pull_bulk_us: median/p90/max 8.0/14.0/1942, nonzero 247
    new field root_apply_gap_us: median/p90/max 11.0/13.0/19, nonzero 247
    new field root_apply_total_us: median/p90/max 36912.0/46416.0/63995, nonzero 247
    new field root_compute_us: median/p90/max 39852.0/51565.0/75714, nonzero 247
    new field root_delta_us: median/p90/max 1988.0/3424.0/22066, nonzero 247
    new field root_index_us: median/p90/max 4334.0/6700.0/19015, nonzero 247
    new field root_leaves_us: median/p90/max 11785.0/16828.0/32127, nonzero 247
    new field root_note_us: median/p90/max 268.0/466.0/2486, nonzero 247
    new field root_ops_ahead: {'true': 247}
    new field root_ops_ahead_wait_us: median/p90/max 8501.0/21014.0/45767, nonzero 247
    new field root_ops_concat_us: median/p90/max 0.0/0.0/0, nonzero 0
    new field root_ops_encode_us: median/p90/max 10549.0/19174.0/39990, nonzero 247
    new field root_ops_finish_us: median/p90/max 4605.0/5366.0/9382, nonzero 247
    new field root_ops_sort_us: median/p90/max 7072.0/13370.0/27465, nonzero 247
    new field root_ops_us: median/p90/max 13098.0/25975.0/52928, nonzero 247
    new field root_rehash_us: median/p90/max 1461.0/1889.0/9330, nonzero 247
    new field root_retire_us: median/p90/max 1674.0/2616.0/8210, nonzero 247
    new field root_sort_us: median/p90/max 459.0/1046.0/7138, nonzero 247
    new field root_undo_us: median/p90/max 662.0/1204.0/3905, nonzero 247
    new field root_writes_us: median/p90/max 15618.0/19997.0/34097, nonzero 247
    new field seal_hashes_ahead: {'true': 247}
    new field seal_on_counters: {'true': 247}
    new field seal_to_complete_us: median/p90/max 217571.0/254018.0/309636, nonzero 247
    new field seal_to_frozen_us: median/p90/max 26477.0/53453.0/73759, nonzero 225
    new field seal_to_merge_end_us: median/p90/max 217436.0/253929.0/309427, nonzero 247
    new field seal_to_merge_start_us: median/p90/max 98294.0/123283.0/163828, nonzero 247
    new field seal_to_ops_ahead_us: median/p90/max 49696.0/74792.0/103457, nonzero 247
    new field seal_to_state_ready_us: median/p90/max 217442.0/253936.0/309447, nonzero 247
    new field sealed_unix_us: median/p90/max 1791401994120020.0/1791402006232051.0/1791402009181234, nonzero 247
    new field start_walk_check_us: median/p90/max 0.0/0.0/139, nonzero 1
    new field start_walk_ids_us: median/p90/max 0.0/0.0/146, nonzero 1
    new field start_walk_settle_us: median/p90/max 0.0/0.0/0, nonzero 0
    new field start_walk_us: median/p90/max 0.0/0.0/1704, nonzero 1
    new field state_wait_us: median/p90/max 21081.0/52047.0/159240, nonzero 247
    new field view_journal_reads: median/p90/max 0.0/49152.0/118784, nonzero 109
    new field view_journal_searches: median/p90/max 0.0/137504.0/356352, nonzero 109
    new field view_journal_skips: median/p90/max 0.0/0.0/0, nonzero 0
    new field whole_take_noted: {'true': 247}
    binding wait (tick / quorum / seal share, mean cycle): tick 95% (121); quorum 4% (133); seal 1% (142); feed-bound (blocks under 95% of the tier): 1 of 247
    slowest key vote delay median/p90 6.2/60.7 ms
    engine own-import total_ms per block median/p90/max 67/105/190 (n=246)
    layer RSS 4.8 -> 33.7 G (max 34.1), in-memory blocks max 11
    execution layer cores busy 33.2    validators cores busy 0.6
    flood delivered (median per 5 s over the leg) 3,260,244/s
  window 2: canonical 245 blocks, 98.0M tx = 3,266,667/s (99.2% of window 1), full 245/245 (100%); cycle mean/median/p90 122.3/121.4/127.4 ms
    leader builds 245: sealed_at median/p90/p99 97/135/160; phases median/p90 ms: gap_before_exec 19/51, state_wait 18/50, par 108/147, par_exec 37/43, roots 61/84, parent_fields 21/45, sealed 23/47
    state_wait_on {'output': 169, 'none': 54, 'grandparent': 21, 'provider_open': 1}; builds with state_wait > 20 ms: 107 ([('output', 89), ('grandparent', 18)]); gp_layer {1.0: 245}, ggp_missing {0.0: 220, 1.0: 25}
    queue at the builds min/median 2,000,000/2,494,500
    new field batch_cpu_sum_us: median/p90/max 1040223.0/1178894.0/1532562, nonzero 245
    new field batch_dispatch_us: median/p90/max 278.0/361.0/604, nonzero 245
    new field batch_first_start_us: median/p90/max 98.0/147.0/401, nonzero 245
    new field batch_ivcsw: median/p90/max 3.0/9.0/28, nonzero 201
    new field batch_last_end_us: median/p90/max 37824.0/43121.0/56315, nonzero 245
    new field batch_last_start_us: median/p90/max 28916.0/33472.0/43558, nonzero 245
    new field batch_live_deferred: median/p90/max 82.0/88.0/235, nonzero 245
    new field batch_live_lock_hold_us: median/p90/max 19578.0/22929.0/48508, nonzero 245
    new field batch_live_lock_wait_us: median/p90/max 0.0/0.0/0, nonzero 0
    new field batch_live_lock_waits: median/p90/max 0.0/0.0/0, nonzero 0
    new field batch_majflt: median/p90/max 0.0/0.0/7, nonzero 2
    new field batch_minflt: median/p90/max 2204.0/25022.0/56330, nonzero 245
    new field batch_open_max_us: median/p90/max 466.0/577.0/1793, nonzero 245
    new field batch_open_sum_us: median/p90/max 11290.0/14076.0/16592, nonzero 245
    new field batch_threads: median/p90/max 32.0/32.0/32, nonzero 245
    new field batch_vcsw: median/p90/max 174.0/412.0/599, nonzero 245
    new field batch_view_index_wait_us: median/p90/max 0.0/28681.0/59410, nonzero 52
    new field batch_view_index_waits: median/p90/max 0.0/216.0/400, nonzero 52
    new field batch_view_slot_wait_us: median/p90/max 0.0/753.0/5879, nonzero 56
    new field batch_view_slot_waits: median/p90/max 0.0/25.0/57, nonzero 56
    new field batch_wall_sum_us: median/p90/max 1044428.0/1206392.0/1535004, nonzero 245
    new field batches: median/p90/max 128.0/128.0/128, nonzero 245
    new field build_batches: median/p90/max 128.0/128.0/128, nonzero 245
    new field exec_end_to_seal_us: median/p90/max 132.0/177.0/809, nonzero 245
    new field exec_partition_us: median/p90/max 12.0/15.0/3993, nonzero 245
    new field exec_prepared_groups: {'true': 243, 'false': 2}
    new field exec_prepared_slots: {'true': 243, 'false': 2}
    new field exec_slots_us: median/p90/max 0.0/0.0/2168, nonzero 2
    new field freeze_join_wait_us: median/p90/max 23680.0/50043.0/66031, nonzero 245
    new field freeze_late: {'true': 245}
    new field freeze_pool_own: {'true': 245}
    new field live_index_defer: {'true': 245}
    new field merge_accounts: median/p90/max 365982.0/373256.0/378192, nonzero 245
    new field merge_append_us: median/p90/max 6191.0/17700.0/34408, nonzero 245
    new field merge_reverts: median/p90/max 365982.0/373256.0/378192, nonzero 245
    new field merge_reverts_us: median/p90/max 31393.0/43026.0/63867, nonzero 245
    new field merge_state_us: median/p90/max 83006.0/100415.0/125265, nonzero 245
    new field merge_tail_us: median/p90/max 0.0/0.0/1, nonzero 6
    new field merge_threads: median/p90/max 1.0/1.0/1, nonzero 245
    new field one_wave: {'false': 245}
    new field open_engine_us: median/p90/max 0.0/3774.0/93645, nonzero 25
    new field open_fallback: {'false': 220, 'true': 25}
    new field open_keep_us: median/p90/max 5.0/8.0/14, nonzero 245
    new field open_layers: median/p90/max 3.0/3.0/3, nonzero 245
    new field open_provider_us: median/p90/max 122.0/231.0/3536, nonzero 245
    new field plan_age_us: median/p90/max 90713.0/202702.0/235601, nonzero 245
    new field plan_ahead: median/p90/max 1.0/1.0/1, nonzero 245
    new field plan_body: median/p90/max 1.0/1.0/2, nonzero 245
    new field plan_body_us: median/p90/max 29560.0/34962.0/42278, nonzero 243
    new field plan_discard: {'': 245}
    new field plan_prep_us: median/p90/max 12535.0/25166.0/64992, nonzero 245
    new field plan_topup_txs: median/p90/max 0.0/0.0/0, nonzero 0
    new field prep_from_plan: {'true': 243, 'false': 2}
    new field prev_seal_to_answer_us: median/p90/max 3186.0/5060.0/11646, nonzero 245
    new field prev_seal_to_entry_us: median/p90/max 0.0/0.0/0, nonzero 0
    new field prev_seal_to_header_us: median/p90/max 231.0/397.0/1158, nonzero 245
    new field prev_seal_to_import_us: median/p90/max 227963.0/290077.0/397854, nonzero 238
    new field prev_seal_to_request_us: median/p90/max 990.0/130602.0/160463, nonzero 245
    new field prev_seal_to_start_us: median/p90/max 1354.0/130829.0/160926, nonzero 245
    new field pull_bulk_txs: median/p90/max 400000.0/400000.0/400000, nonzero 245
    new field pull_bulk_us: median/p90/max 8.0/13.0/2196, nonzero 245
    new field root_apply_gap_us: median/p90/max 12.0/14.0/21, nonzero 245
    new field root_apply_total_us: median/p90/max 39293.0/51838.0/66515, nonzero 245
    new field root_compute_us: median/p90/max 42869.0/56914.0/78504, nonzero 245
    new field root_delta_us: median/p90/max 2163.0/3634.0/23347, nonzero 245
    new field root_index_us: median/p90/max 4691.0/7516.0/19537, nonzero 245
    new field root_leaves_us: median/p90/max 12822.0/20003.0/32962, nonzero 245
    new field root_note_us: median/p90/max 261.0/425.0/1979, nonzero 245
    new field root_ops_ahead: {'true': 245}
    new field root_ops_ahead_wait_us: median/p90/max 8801.0/21820.0/50876, nonzero 245
    new field root_ops_concat_us: median/p90/max 0.0/0.0/0, nonzero 0
    new field root_ops_encode_us: median/p90/max 11369.0/18619.0/51432, nonzero 245
    new field root_ops_finish_us: median/p90/max 4583.0/6146.0/14103, nonzero 245
    new field root_ops_sort_us: median/p90/max 7874.0/16491.0/32122, nonzero 245
    new field root_ops_us: median/p90/max 13228.0/26795.0/56567, nonzero 245
    new field root_rehash_us: median/p90/max 2088.0/2671.0/16848, nonzero 245
    new field root_retire_us: median/p90/max 1766.0/3264.0/9991, nonzero 245
    new field root_sort_us: median/p90/max 583.0/1272.0/5499, nonzero 245
    new field root_undo_us: median/p90/max 667.0/1189.0/5803, nonzero 245
    new field root_writes_us: median/p90/max 15800.0/20652.0/34345, nonzero 245
    new field seal_hashes_ahead: {'true': 245}
    new field seal_on_counters: {'true': 245}
    new field seal_to_complete_us: median/p90/max 226136.0/270973.0/308310, nonzero 245
    new field seal_to_frozen_us: median/p90/max 23613.0/49996.0/66035, nonzero 213
    new field seal_to_merge_end_us: median/p90/max 226050.0/270838.0/308192, nonzero 245
    new field seal_to_merge_start_us: median/p90/max 99574.0/135084.0/174225, nonzero 245
    new field seal_to_ops_ahead_us: median/p90/max 48196.0/78145.0/105179, nonzero 245
    new field seal_to_state_ready_us: median/p90/max 226059.0/270846.0/308201, nonzero 245
    new field sealed_unix_us: median/p90/max 1791402024135362.0/1791402036135087.0/1791402039094305, nonzero 245
    new field start_walk_check_us: median/p90/max 0.0/0.0/0, nonzero 0
    new field start_walk_ids_us: median/p90/max 0.0/0.0/0, nonzero 0
    new field start_walk_settle_us: median/p90/max 0.0/0.0/0, nonzero 0
    new field start_walk_us: median/p90/max 0.0/0.0/0, nonzero 0
    new field state_wait_us: median/p90/max 18974.0/50636.0/144640, nonzero 245
    new field view_journal_reads: median/p90/max 0.0/49152.0/81920, nonzero 113
    new field view_journal_searches: median/p90/max 0.0/129302.0/222871, nonzero 113
    new field view_journal_skips: median/p90/max 0.0/0.0/0, nonzero 0
    new field whole_take_noted: {'true': 245}
    binding wait (tick / quorum / seal share, mean cycle): tick 95% (121); quorum 5% (141); seal 0%; feed-bound (blocks under 95% of the tier): 0 of 245
    slowest key vote delay median/p90 10.5/77.6 ms
    engine own-import total_ms per block median/p90/max 74/110/162 (n=245)
    layer RSS 34.1 -> 42.4 G (max 42.4), in-memory blocks max 10
    execution layer cores busy 33.4    validators cores busy 0.7
  window 3: canonical 235 blocks, 94.0M tx = 3,133,333/s (95.1% of window 1), full 235/235 (100%); cycle mean/median/p90 127.7/121.8/145.6 ms
    leader builds 235: sealed_at median/p90/p99 107/157/197; phases median/p90 ms: gap_before_exec 28/100, state_wait 28/100, par 121/187, par_exec 37/43, roots 61/92, parent_fields 22/55, sealed 24/57
    state_wait_on {'grandparent': 54, 'output': 145, 'none': 36}; builds with state_wait > 20 ms: 133 ([('output', 80), ('grandparent', 53)]); gp_layer {1.0: 235}, ggp_missing {1.0: 66, 0.0: 169}
    queue at the builds min/median 2,052,000/2,506,500
    new field batch_cpu_sum_us: median/p90/max 1033059.0/1158254.0/1332922, nonzero 235
    new field batch_dispatch_us: median/p90/max 294.0/381.0/561, nonzero 235
    new field batch_first_start_us: median/p90/max 100.0/152.0/259, nonzero 235
    new field batch_ivcsw: median/p90/max 3.0/10.0/32, nonzero 196
    new field batch_last_end_us: median/p90/max 37645.0/43194.0/81383, nonzero 235
    new field batch_last_start_us: median/p90/max 28985.0/33986.0/68292, nonzero 235
    new field batch_live_deferred: median/p90/max 84.0/117.0/274, nonzero 235
    new field batch_live_lock_hold_us: median/p90/max 20688.0/28588.0/66548, nonzero 235
    new field batch_live_lock_wait_us: median/p90/max 0.0/0.0/0, nonzero 0
    new field batch_live_lock_waits: median/p90/max 0.0/0.0/0, nonzero 0
    new field batch_majflt: median/p90/max 0.0/0.0/9428, nonzero 13
    new field batch_minflt: median/p90/max 2654.0/28494.0/79787, nonzero 235
    new field batch_open_max_us: median/p90/max 487.0/594.0/2152, nonzero 235
    new field batch_open_sum_us: median/p90/max 11828.0/14935.0/27112, nonzero 235
    new field batch_threads: median/p90/max 32.0/32.0/32, nonzero 235
    new field batch_vcsw: median/p90/max 186.0/400.0/9738, nonzero 235
    new field batch_view_index_wait_us: median/p90/max 0.0/23116.0/117933, nonzero 58
    new field batch_view_index_waits: median/p90/max 0.0/149.0/409, nonzero 58
    new field batch_view_slot_wait_us: median/p90/max 0.0/457.0/2763, nonzero 57
    new field batch_view_slot_waits: median/p90/max 0.0/21.0/40, nonzero 59
    new field batch_wall_sum_us: median/p90/max 1047460.0/1200021.0/2344223, nonzero 235
    new field batches: median/p90/max 128.0/128.0/128, nonzero 235
    new field build_batches: median/p90/max 128.0/128.0/128, nonzero 235
    new field exec_end_to_seal_us: median/p90/max 118.0/184.0/1611, nonzero 235
    new field exec_partition_us: median/p90/max 12.0/15.0/2625, nonzero 235
    new field exec_prepared_groups: {'true': 234, 'false': 1}
    new field exec_prepared_slots: {'true': 234, 'false': 1}
    new field exec_slots_us: median/p90/max 0.0/0.0/3211, nonzero 1
    new field freeze_join_wait_us: median/p90/max 22089.0/50623.0/72122, nonzero 235
    new field freeze_late: {'true': 235}
    new field freeze_pool_own: {'true': 235}
    new field live_index_defer: {'true': 235}
    new field merge_accounts: median/p90/max 367522.0/375215.0/382185, nonzero 235
    new field merge_append_us: median/p90/max 7072.0/19157.0/30840, nonzero 235
    new field merge_reverts: median/p90/max 367522.0/375215.0/382185, nonzero 235
    new field merge_reverts_us: median/p90/max 31096.0/41299.0/57780, nonzero 235
    new field merge_state_us: median/p90/max 81900.0/101999.0/132240, nonzero 235
    new field merge_tail_us: median/p90/max 0.0/0.0/1, nonzero 5
    new field merge_threads: median/p90/max 1.0/1.0/1, nonzero 235
    new field one_wave: {'false': 235}
    new field open_engine_us: median/p90/max 0.0/79058.0/131779, nonzero 66
    new field open_fallback: {'false': 169, 'true': 66}
    new field open_keep_us: median/p90/max 5.0/8.0/33, nonzero 235
    new field open_layers: median/p90/max 3.0/3.0/3, nonzero 235
    new field open_provider_us: median/p90/max 115.0/288.0/4551, nonzero 235
    new field plan_age_us: median/p90/max 98981.0/199998.0/240970, nonzero 235
    new field plan_ahead: median/p90/max 1.0/1.0/1, nonzero 235
    new field plan_body: median/p90/max 1.0/1.0/2, nonzero 235
    new field plan_body_us: median/p90/max 28732.0/36796.0/49338, nonzero 234
    new field plan_discard: {'': 235}
    new field plan_prep_us: median/p90/max 11999.0/20775.0/70699, nonzero 235
    new field plan_topup_txs: median/p90/max 0.0/0.0/0, nonzero 0
    new field prep_from_plan: {'true': 234, 'false': 1}
    new field prev_seal_to_answer_us: median/p90/max 3067.0/4742.0/7312, nonzero 235
    new field prev_seal_to_entry_us: median/p90/max 0.0/0.0/0, nonzero 0
    new field prev_seal_to_header_us: median/p90/max 213.0/344.0/1005, nonzero 235
    new field prev_seal_to_import_us: median/p90/max 243184.0/317017.0/403685, nonzero 219
    new field prev_seal_to_request_us: median/p90/max 955.0/121636.0/168191, nonzero 235
    new field prev_seal_to_start_us: median/p90/max 1317.0/121968.0/168435, nonzero 235
    new field pull_bulk_txs: median/p90/max 400000.0/400000.0/400000, nonzero 235
    new field pull_bulk_us: median/p90/max 8.0/12.0/2320, nonzero 235
    new field root_apply_gap_us: median/p90/max 11.0/14.0/27, nonzero 235
    new field root_apply_total_us: median/p90/max 38688.0/51205.0/83463, nonzero 235
    new field root_compute_us: median/p90/max 42020.0/55233.0/86472, nonzero 235
    new field root_delta_us: median/p90/max 2134.0/3686.0/21713, nonzero 235
    new field root_index_us: median/p90/max 4482.0/6376.0/28013, nonzero 235
    new field root_leaves_us: median/p90/max 12228.0/20034.0/46608, nonzero 235
    new field root_note_us: median/p90/max 241.0/381.0/976, nonzero 235
    new field root_ops_ahead: {'true': 235}
    new field root_ops_ahead_wait_us: median/p90/max 9595.0/24049.0/60470, nonzero 235
    new field root_ops_concat_us: median/p90/max 0.0/0.0/0, nonzero 0
    new field root_ops_encode_us: median/p90/max 11936.0/21709.0/39260, nonzero 235
    new field root_ops_finish_us: median/p90/max 4513.0/7194.0/12151, nonzero 235
    new field root_ops_sort_us: median/p90/max 8117.0/15607.0/33921, nonzero 235
    new field root_ops_us: median/p90/max 14559.0/28814.0/63828, nonzero 235
    new field root_rehash_us: median/p90/max 2472.0/3208.0/16674, nonzero 235
    new field root_retire_us: median/p90/max 1721.0/2681.0/11139, nonzero 235
    new field root_sort_us: median/p90/max 591.0/1227.0/3612, nonzero 235
    new field root_undo_us: median/p90/max 669.0/1169.0/2433, nonzero 235
    new field root_writes_us: median/p90/max 15092.0/20910.0/34462, nonzero 235
    new field seal_hashes_ahead: {'true': 235}
    new field seal_on_counters: {'true': 235}
    new field seal_to_complete_us: median/p90/max 230417.0/281793.0/340271, nonzero 235
    new field seal_to_frozen_us: median/p90/max 22074.0/50567.0/72118, nonzero 191
    new field seal_to_merge_end_us: median/p90/max 230320.0/281646.0/340123, nonzero 235
    new field seal_to_merge_start_us: median/p90/max 102381.0/141333.0/199237, nonzero 235
    new field seal_to_ops_ahead_us: median/p90/max 50668.0/76834.0/145021, nonzero 235
    new field seal_to_state_ready_us: median/p90/max 230326.0/281658.0/340134, nonzero 235
    new field sealed_unix_us: median/p90/max 1791402054480168.0/1791402066274095.0/1791402069140353, nonzero 235
    new field start_walk_check_us: median/p90/max 0.0/0.0/0, nonzero 0
    new field start_walk_ids_us: median/p90/max 0.0/0.0/0, nonzero 0
    new field start_walk_settle_us: median/p90/max 0.0/0.0/0, nonzero 0
    new field start_walk_us: median/p90/max 0.0/0.0/0, nonzero 0
    new field state_wait_us: median/p90/max 28637.0/100671.0/157667, nonzero 235
    new field view_journal_reads: median/p90/max 0.0/36864.0/69632, nonzero 108
    new field view_journal_searches: median/p90/max 0.0/103625.0/176818, nonzero 108
    new field view_journal_skips: median/p90/max 0.0/0.0/0, nonzero 0
    new field whole_take_noted: {'true': 235}
    binding wait (tick / quorum / seal share, mean cycle): tick 83% (122); quorum 16% (155); seal 1% (146); feed-bound (blocks under 95% of the tier): 0 of 235
    slowest key vote delay median/p90 35.3/132.1 ms
    engine own-import total_ms per block median/p90/max 77/114/156 (n=235)
    layer RSS 41.7 -> 34.6 G (max 46.0), in-memory blocks max 10
    execution layer cores busy 33.0    validators cores busy 0.6
  round total (3 windows, canonical): 290.8M tx
  layer peak RSS 46.0 G; in-memory blocks max 11
  fields at seal: mode "early", verified 0, unchecked 0, mismatches 0 (last build line, cumulative)
  own_executed_again (built here and also directly imported): 0 of 755 built blocks
== loop345S400ALL
  layer-0 leader window-1 builds 247: txs mean 400000, share >= 95% of the tier 100% (max 400000); sealed_at_ms 95.0/124.0; par_ms 107.0/150.0; par_exec_ms 36.0/44.0; roots_ms 56.0/77.0; parent_fields_ms 19.0/40.0; sealed_ms 21.0/41.0
  proposal cycle window 1 (n=254): mean 122.1 median 121.4 p90 128.8 ms; blocks in the 30 s: 254
  binding wait (tick / quorum / seal, share and mean cycle): tick 94.3% (121.3); quorum 4.5% (133.4); seal 1.2% (140.8)
  vote delay after the proposal, slowest key per block: median 6.3 p90 60.7 ms (slowest minus the median key: median 0.2); last key: {1: 59, 2: 51, 3: 39, 4: 32, 5: 41, 6: 24} of 246 blocks
  CPU in window 1 (cores busy): execution layers 33.2 over 1 process(es); validators 0.6 over 7 process(es)
  execution layer peak RSS 46.0 G; in-memory blocks max 11 (node0 and others, all layers)
  blocks built here 755; none also directly imported
  import-once counters at the last direct import: ; start-up lines with import_once=true: 1; queue-lock lines 0
  layer-0 queue (queued after canonical prune), median per 10 s: t+0:2511000 t+20:2452000 t+40:2468500 t+60:2434000 t+80:2424750
  flood: median per 5 s 3260244/s, final -
  timeout / given-up lines: 1; 19:39:10 v0 INFO process_event{view=1 kind="message"}: n42::cl::timeout: TC formed
loop345S400ALL page_faults_per_s_median: node0=220236 
feedcheck loop345S400ALL: ok (block 400,000 tx)
== loop345S400ALL: feed check (acq_us / gate_us / reply_us are per frame of 500; rate per 5 s `ingest` line)
  window 1: ingest lines 6; acq_us 462 (max 476); gate_us 5603; reply_us 6172; slots_busy 14%; delivered median 3,288,133/s max 3,324,168/s; queue at builds median 2,514,000 min 1,918,000; full 100% of 247 blocks
  window 2: ingest lines 6; acq_us 460 (max 675); gate_us 5618; reply_us 6284; slots_busy 14%; delivered median 3,270,238/s max 3,307,234/s; queue at builds median 2,494,500 min 2,000,000; full 100% of 245 blocks
  window 3: ingest lines 6; acq_us 462 (max 467); gate_us 6221; reply_us 6786; slots_busy 13%; delivered median 3,132,815/s max 3,278,474/s; queue at builds median 2,506,500 min 2,052,000; full 100% of 235 blocks
  flood.log (+15..+100 s): rate per 5 s median 3,260,244/s max 3,363,036/s; reply latency median 58.9 ms max 65.5 ms
== loop345S400ALL: lanes lock, drain and pruner (new fields)
  window 1: lock duty 54.0% (max 56.0); holds/5s 2,090; longest hold 39.59 ms median, 46.13 ms max by crates/n42/tx-queue/src/lib.rs:2046 (most frequent holders [('crates/n42/tx-queue/src/lib.rs:2046', 5), ('crates/n42/tx-queue/src/lib.rs:2692', 1)]); lock wait 1945.2 ms/5s, longest 46.70 ms; drains/5s 1,404 of 11813 tx, mean 1058 us, max 29.83 ms
           prune (242 blocks): prune_ms 48/91; fold 1.1 ms, lock 0.0 ms, remove(hold) 12.9 ms, free 0.0 ms; frames_swept 800; coalesced on 242 of 242; prune_wait_ms 0/0; pruner busy 43% of a thread, lock held by it 1.2%
  window 2: lock duty 56.0% (max 57.0); holds/5s 1,802; longest hold 39.96 ms median, 55.59 ms max by crates/n42/tx-queue/src/lib.rs:2692 (most frequent holders [('crates/n42/tx-queue/src/lib.rs:2046', 4), ('crates/n42/tx-queue/src/lib.rs:2692', 2)]); lock wait 2496.4 ms/5s, longest 55.65 ms; drains/5s 1,118 of 14669 tx, mean 1313 us, max 29.15 ms
           prune (240 blocks): prune_ms 55/92; fold 1.0 ms, lock 0.0 ms, remove(hold) 15.2 ms, free 0.0 ms; frames_swept 800; coalesced on 240 of 240; prune_wait_ms 0/0; pruner busy 46% of a thread, lock held by it 1.7%
  window 3: lock duty 55.0% (max 57.0); holds/5s 1,868; longest hold 41.81 ms median, 70.70 ms max by crates/n42/tx-queue/src/lib.rs:2692 (most frequent holders [('crates/n42/tx-queue/src/lib.rs:2046', 5), ('crates/n42/tx-queue/src/lib.rs:2692', 1)]); lock wait 1597.3 ms/5s, longest 69.71 ms; drains/5s 1,211 of 12974 tx, mean 1216 us, max 31.69 ms
           prune (218 blocks): prune_ms 55/91; fold 1.0 ms, lock 0.0 ms, remove(hold) 15.6 ms, free 0.0 ms; frames_swept 800; coalesced on 218 of 218; prune_wait_ms 0/0; pruner busy 42% of a thread, lock held by it 1.0%
== loop345S400ALL: pruner (per block; busy = sum prune_ms / 30 s, lock = sum (remove_us + settle_us) / 30 s)
  window 1: 242 prunes; prune_ms 48/91; remove_us 12.9/28.1 ms; forget_us 5.6/7.7 ms; settle_us 5.3 ms; pruner busy 43% of a worker; lanes lock held for removal 18%
  window 2: 240 prunes; prune_ms 55/92; remove_us 15.2/30.9 ms; forget_us 5.4/8.3 ms; settle_us 5.7 ms; pruner busy 46% of a worker; lanes lock held for removal 20%
  window 3: 218 prunes; prune_ms 55/91; remove_us 15.6/30.6 ms; forget_us 6.1/10.0 ms; settle_us 5.5 ms; pruner busy 42% of a worker; lanes lock held for removal 18%
== loop345S400ALL: seal start / pull, prepared plan, answer, chunked drain
  window 1: 247 builds; start_best_ms 0/21; start_walk_us 0/0; start_pull_ms 0/0; par_pull_ms 0/0; par_start_ms 0/21; par_ms 107/148; sealed_at_ms 95/124; pull_bulk_us 8/14; pull_bulk_txs 400000/400000; plan_age_us 89512/208121; plan_prep_us 11872/21622; plan_topup_txs 0/0
           plan_ahead {'2': 1, '1': 246}; plan_discard {'': 247}
           answer: built-ahead bytes median/max 29,642/29,645, layout_only {'true': 246}; proposal sent bytes median/max 29,642/29,645, layout_only {'true': 245}
           drain: chunks/5s 1,323, chunk max 8,192 tx, finished by others/5s 26; plan_discards (last ingest line) -
  window 2: 245 builds; start_best_ms 3/23; start_walk_us 0/0; start_pull_ms 0/0; par_pull_ms 0/0; par_start_ms 3/23; par_ms 108/147; sealed_at_ms 97/135; pull_bulk_us 8/13; pull_bulk_txs 400000/400000; plan_age_us 90713/202702; plan_prep_us 12535/25166; plan_topup_txs 0/0
           plan_ahead {'1': 245}; plan_discard {'': 245}
           answer: built-ahead bytes median/max 29,647/29,647, layout_only {'true': 245}; proposal sent bytes median/max 29,647/29,647, layout_only {'true': 245}
           drain: chunks/5s 1,036, chunk max 8,192 tx, finished by others/5s 38; plan_discards (last ingest line) -
  window 3: 235 builds; start_best_ms 0/19; start_walk_us 0/0; start_pull_ms 0/0; par_pull_ms 0/0; par_start_ms 0/19; par_ms 121/187; sealed_at_ms 107/157; pull_bulk_us 8/12; pull_bulk_txs 400000/400000; plan_age_us 98981/199998; plan_prep_us 11999/20775; plan_topup_txs 0/0
           plan_ahead {'1': 235}; plan_discard {'': 235}
           answer: built-ahead bytes median/max 29,647/29,647, layout_only {'true': 236}; proposal sent bytes median/max 29,647/29,647, layout_only {'true': 236}
           drain: chunks/5s 1,150, chunk max 8,192 tx, finished by others/5s 24; plan_discards (last ingest line) -
== loop345S400ALL: persistence per window (ms per block = part sum / blocks persisted)
  window 1: persisted 241 of 247 produced (98%); total 63.5, sf_tx 58.2, sf_rcpt 12.2, sf_acct 26.3, sf_send 21.5, scope 58.5, qmdb 23.5, post 0.0, pre 5.1, plain_rev 5.1, commit_sf 1.3, commit_mdbx 0.1, commit_rocks 0.1; longest task sf_tx 58.2; in-memory 7 -> 10 (max 11); RSS 4.8 -> 34.1 G; lag 8 -> 9 = +3.0 blocks/min; bp max 0
  window 2: persisted 246 of 245 produced (100%); total 69.5, sf_tx 63.3, sf_rcpt 11.7, sf_acct 26.3, sf_send 20.2, scope 63.4, qmdb 27.8, post 0.0, pre 6.1, plain_rev 6.1, commit_sf 1.2, commit_mdbx 0.1, commit_rocks 0.1; longest task sf_tx 63.3; in-memory 10 -> 9 (max 10); RSS 34.1 -> 41.7 G; lag 9 -> 8 = -2.0 blocks/min; bp max 0
  window 3: persisted 235 of 235 produced (100%); total 73.7, sf_tx 66.7, sf_rcpt 12.1, sf_acct 27.8, sf_send 21.6, scope 67.0, qmdb 29.9, post 0.0, pre 6.6, plain_rev 6.6, commit_sf 1.4, commit_mdbx 0.1, commit_rocks 0.1; longest task sf_tx 66.7; in-memory 9 -> 8 (max 10); RSS 41.7 -> 35.1 G; lag 8 -> 8 = +0.0 blocks/min; bp max 0
  leg end: in-memory 6, max over the sampler 11, backpressure stalls 0
== loop345S400ALL: execution and root fields (median / p90 per block)
    folded lines 247: pending_max max 90 (median 81); pending_us_max max 43,041; drops_max max 146804
    flags: seal_on_counters true:247; freeze_pool_own true:247; plan_body 0:1/1:238/2:8; prep_from_plan false:9/true:238; whole_take_noted true:247; seal_hashes_ahead true:247; plan_ahead 1:246/2:1; seal per 1,000 transfers 0.237 ms
  window 1 (247 builds): on-CPU share 1.00/1.00; CPU per transfer 2.49/3.04 us; sealed_at_ms 95/124; exec_end_to_seal_us 125/180; par_exec_ms 36/44; commit_refs_ms 0/0; par_commit_ms 0/0; par_fold_ms 26/53; index_ms 48/61; par_start_ms 0/21; par_prep_ms 0/0; gap_before_exec_ms 21/53; plan_body_us 30,699/41,991; build_batches 128/128; parent_fields_ms 19/40; seal_to_fields_us 98,167/123,116; roots_ms 56/77; exec_partition_us 12/16; exec_slots_us 0/0; tx_root_ms 2/3; sealed_ms 21/42; seal_to_complete_us 217,571/254,018; shard_fold_ms 48/61; batch_max_ms 13/19; state_wait_us 21,081/52,047
    folded lines 245: pending_max max 98 (median 81); pending_us_max max 44,036; drops_max max 97321
    flags: seal_on_counters true:245; freeze_pool_own true:245; plan_body 1:243/2:2; prep_from_plan false:2/true:243; whole_take_noted true:245; seal_hashes_ahead true:245; plan_ahead 1:245; seal per 1,000 transfers 0.242 ms
  window 2 (245 builds): on-CPU share 1.00/1.00; CPU per transfer 2.60/2.95 us; sealed_at_ms 97/135; exec_end_to_seal_us 132/177; par_exec_ms 37/43; commit_refs_ms 0/0; par_commit_ms 0/0; par_fold_ms 23/50; index_ms 46/57; par_start_ms 3/23; par_prep_ms 0/0; gap_before_exec_ms 19/51; plan_body_us 29,560/34,962; build_batches 128/128; parent_fields_ms 21/45; seal_to_fields_us 99,397/134,859; roots_ms 61/84; exec_partition_us 12/15; exec_slots_us 0/0; tx_root_ms 2/3; sealed_ms 23/47; seal_to_complete_us 226,136/270,973; shard_fold_ms 46/56; batch_max_ms 13/18; state_wait_us 18,974/50,636
    folded lines 236: pending_max max 91 (median 82); pending_us_max max 44,144; drops_max max 89236
    flags: seal_on_counters true:235; freeze_pool_own true:235; plan_body 1:234/2:1; prep_from_plan false:1/true:234; whole_take_noted true:235; seal_hashes_ahead true:235; plan_ahead 1:235; seal per 1,000 transfers 0.268 ms
  window 3 (235 builds): on-CPU share 1.00/1.00; CPU per transfer 2.58/2.90 us; sealed_at_ms 107/157; exec_end_to_seal_us 118/184; par_exec_ms 37/43; commit_refs_ms 0/0; par_commit_ms 0/0; par_fold_ms 22/50; index_ms 46/55; par_start_ms 0/19; par_prep_ms 0/0; gap_before_exec_ms 28/100; plan_body_us 28,732/36,796; build_batches 128/128; parent_fields_ms 22/55; seal_to_fields_us 102,249/141,195; roots_ms 61/92; exec_partition_us 12/15; exec_slots_us 0/0; tx_root_ms 2/2; sealed_ms 24/57; seal_to_complete_us 230,417/281,793; shard_fold_ms 46/55; batch_max_ms 14/18; state_wait_us 28,637/100,671
flood span 95 s; tokio-rt threads alive throughout 33 of 64; group 9.4 cores busy over them (all threads incl. short-lived 12.7)
  per-thread cores busy, top 12: 0.58 0.57 0.57 0.57 0.56 0.56 0.56 0.56 0.56 0.56 0.55 0.55; threads over 0.9 core: 0, over 0.7: 0
== loop345S400ALL: 727 full builds in the 3 windows
  par_exec_ms 37/43; par_run_ms 60/101; batch_start_skew_ms 28/33; batch_median_ms 7/8; batch_max_ms 13/18; batch_first_start_us 96/147; batch_last_start_us 28557/33651; batch_dispatch_us 283/374; batch_last_end_us 37347/43373; batches 128/128; batch_threads 32/32; batch_txs_max 3500/3500; batch_txs_min 3000/3000; start_walk_ms 0/0; start_walk_check_ms 0/0; par_start_ms 0/21; sealed_at_ms 99/139; prev_seal_to_answer_us 3183/5273; prev_seal_to_entry_us 0/0; prev_seal_to_header_us 230/397; prev_seal_to_import_us 227715/298053; prev_seal_to_request_us 992/130612; prev_seal_to_start_us 1343/130904; start_walk_check_us 0/0; start_walk_ids_us 0/0; start_walk_settle_us 0/0; start_walk_us 0/0
  one_wave {'false': 727}
  batches == batch_threads on 0 of 727 builds
  last - first batch start (ms) median/p90 28.46/33.58; under 2 ms on 0 of 727 builds
bodygate loop345S400ALL: invalid_blocks=0 gas_mismatch=0 fields_mismatches=0 own_not_committed=0 proposals_given_up=0
leg loop345S400b: /data free 558G (needs 120 G)
leg loop345S400b start 15:43:36 load 4.29
round loop345S400b exit 0 at 15:46:42
loop345S400b save stages (node0, seconds summed over the leg / count): batch_size=987.0/327  batch_size=987.0/327  reth_consensus_engine_beacon_persistence_duration=61.4/327  duration_seconds=58.3/327  total=53.6/327  scope=48.8/327  sf=48.3/327  sf_transactions=48.1/327  qmdb_persisted=23.1/327  sf_account_changesets=20.5/327
el binary: /data/n42-build/target-n42-rs/native/release/n42 env: N42_IMPORT_ONCE=1 N42_SETTLEMENT_TAGS=legacy N42_BUILD_THROTTLE_SOFT=48 F7_EL_MAP=0,0,0,0,0,0,0 N42_FIELDS_AT_SEAL=1 N42_FREEZE_AFTER_SEAL=1 N42_FRAME_BLOCKS=1 N42_TX_INGEST_RECOVER_PARALLEL=24 N42_PARALLEL_BUILD_THREADS=32 N42_PLAN_AHEAD=1 N42_HASHED_TABLES=off F7_FLOOD_RATE=6000000 N42_COMPACT_BODY=1 MALLOC_CONF=thp:always,oversize_threshold:0,dirty_decay_ms:2000,background_thread:true N42_ACCOUNT_HISTORY=off N42_TAKE_COMPACT=1 N42_SF_EARLY_WRITEBACK=1 N42_ROAD_RUNTIME=1 N42_TX_INGEST_HIGH_WATER=2500000 F7_BENCH_POOL_SLOTS=3000000 N42_SEAL_AT_EXEC=1 N42_TX_QUEUE_DRAIN_CHUNK=8192 N42_ANSWER_LAYOUT_ONLY=1 N42_PULL_BY_FRAMES=1 N42_SF_PARALLEL_ENCODE=1 N42_BUILD_THROTTLE_HARD=80 N42_LIVE_INDEX_DEFER=1 RAYON_NUM_THREADS=16 N42_ROOT_OPS_AHEAD=1 TOKIO_WORKER_THREADS=16 N42_QMDB_READS=on N42_LEADER_LAYERS=3 N42_PERSIST_QMDB_IN_SCOPE=1 F7_BLOCK_INTERVAL_MS=120 F7_MEASURE_FROM_LOG=1
validator env: N42_IMPORT_ONCE=1 N42_SETTLEMENT_TAGS=legacy N42_BUILD_THROTTLE_SOFT=48 F7_EL_MAP=0,0,0,0,0,0,0 N42_FIELDS_AT_SEAL=1 N42_FREEZE_AFTER_SEAL=1 N42_FRAME_BLOCKS=1 N42_TX_INGEST_RECOVER_PARALLEL=24 N42_PARALLEL_BUILD_THREADS=32 N42_PLAN_AHEAD=1 N42_HASHED_TABLES=off F7_FLOOD_RATE=6000000 N42_COMPACT_BODY=1 N42_ACCOUNT_HISTORY=off N42_TAKE_COMPACT=1 N42_SF_EARLY_WRITEBACK=1 N42_ROAD_RUNTIME=1 N42_TX_INGEST_HIGH_WATER=2500000 F7_BENCH_POOL_SLOTS=3000000 N42_SEAL_AT_EXEC=1 N42_TX_QUEUE_DRAIN_CHUNK=8192 N42_ANSWER_LAYOUT_ONLY=1 N42_PULL_BY_FRAMES=1 N42_SF_PARALLEL_ENCODE=1 N42_BUILD_THROTTLE_HARD=80 N42_LIVE_INDEX_DEFER=1 RAYON_NUM_THREADS=16 N42_ROOT_OPS_AHEAD=1 TOKIO_WORKER_THREADS=16 N42_QMDB_READS=on N42_LEADER_LAYERS=3 N42_PERSIST_QMDB_IN_SCOPE=1 F7_MEASURE_FROM_LOG=1
loop345S400b once: start-up lines import_once=true 1; last direct-import counters 
loop345S400b imports: layers=1 direct_imports=0 canonical_blocks=2034 import_once_lines=1 (per layer: direct imports should equal canonical blocks for one execution per block)
grep: /data/blockchain/rust-fleet7-bench/node1/el.log: No such file or directory
grep: /data/blockchain/rust-fleet7-bench/node2/el.log: No such file or directory
grep: /data/blockchain/rust-fleet7-bench/node3/el.log: No such file or directory
grep: /data/blockchain/rust-fleet7-bench/node1/el.log: No such file or directory
grep: /data/blockchain/rust-fleet7-bench/node2/el.log: No such file or directory
grep: /data/blockchain/rust-fleet7-bench/node3/el.log: No such file or directory
cat: /data/blockchain/rust-fleet7-bench/node2/el.log: No such file or directory
cat: /data/blockchain/rust-fleet7-bench/node2/el.log: No such file or directory
cat: /data/blockchain/rust-fleet7-bench/node2/el.log: No such file or directory
cat: /data/blockchain/rust-fleet7-bench/node1/el.log: No such file or directory
cat: /data/blockchain/rust-fleet7-bench/node2/el.log: No such file or directory
cat: /data/blockchain/rust-fleet7-bench/node3/el.log: No such file or directory
Traceback (most recent call last):
  File [35m"<stdin>"[0m, line [35m4[0m, in [35m<module>[0m
[1;35mIndexError[0m: [35mlist index out of range[0m
loop345S400b no_variant=0 own_not_committed=0 tc=1 invalid_blocks=0 incomplete=0 gas_mismatch=0 direct_imports_failed=0 stuck_at_hashed_state=0 engine_idles_over_5s=1 proposals_given_up=0 tables_off_nodes=1 unanswered_reads=0 seal_first_total=747 seal_first_direct=747 direct_guard_errors=0 commit_ms_median=48 fold_ms_median=60 sealed_at_ms_median=118 state_ready_ms_median=194 build_total_ms_median=346 recover_us_median=0 par_exec_ms_median=40 par_exec_ms_median=40 giveback_filtered=0 giveback_offered_max=0 seal_first=747 reader_lag_max=9 reader_lag_warns=0 view_invalidated=0 el_sum_peak_g=45.4 el_max_peak_g=45.4 val_sum_peak_g=1.9 flood_peak_g=0.6 two_roads_blocks=0 two_roads_overlap_ms_median=- exec_on_output_declined=0 r1_collect_ms_median=5 proposal_at_ms_median=110 view_total_ms_median=121 import_exec_ms_median=- import_total_ms_median=- import_senders_ms_median=- import_convert_ms_median=- import_groups_median=- imports_over_600ms=0 min_avail_g=66.6 road_foreign_body_recv_ms=- road_foreign_body_decode_ms=- road_foreign_body_senders_ms=- road_foreign_body_parent_wait_ms=- road_foreign_body_check_ms=- road_foreign_body_total_ms=- road_new_payload_recv_ms=- road_new_payload_decode_ms=- road_new_payload_senders_ms=- road_new_payload_parent_wait_ms=- road_new_payload_check_ms=- road_new_payload_total_ms=- road_foreign_body_blocks=0 road_new_payload_blocks=0 fcu_answered=935 fcu_in_flight_ms_median=0 fcu_queued_ms_median=0 fcu_queued_ms_max=184 fcu_refused=0 fcu_slow=840 bodies_held=0 road_reuse_ms=- road_prepare_ms=- road_dispatch_ms=- road_convert_ms=- road_remember_ms=- road_header_ms=- road_fields_ms=- road_other_ms=- import_engine_ms_median=- gate_forced=0 gate_warns=0 flood_timeouts=0 canonical_min=2046 canonical_max=2046 chained_builds=1373 chain_lead_ms_median=107 chain_wait_ms_median=13 chain_started=1376 chain_discarded=2 chain_discard_reasons=_1_reason="no_,_1_reason="the_execution_layer_produced_nothing,_1_reason="the_request_names_another_parent chain_alias_warns=0 el_chained=1380 bodies_held_warns=0 el_build_refused=2 el_build_refused_reasons=_2_no_QMDB_tree_for_parent_block_0x queued_p5=2122000 queued_p50=2488000 road_compact_blocks=0 road_compact_recv_ms=- road_compact_assemble_ms=- road_compact_root_ms=- road_compact_miss_wait_ms=- road_compact_senders_ms=- road_compact_check_ms=- road_compact_other_ms=- road_compact_total_ms=- road_compact_misses_total= compact_refused_el=0 compact_fallbacks=0 compact_bytes_median=- pool_order9=14825 par_pull_ms_median=- build_total_ms_median2=- road_compact_filled_blocks=0 road_compact_filled_median=- road_compact_fill_ms_median=- need_txns=0 fill_failed=0 ingest_rate_gate_open_median=- ingest_gate_open_intervals=0 ingest_slots_busy_median=- flood_rate= fill_asked_proposer=0 fill_asked_other=0 loop_lines=1770 loop_unnamed_ms_median=106 loop_body_served_ms_median=- loop_txns_served_ms_median=- import_exec_ms_median2=- pip_partition_ms=- pip_env_ms=- pip_batch_ms=- pip_groups_ms=- pip_gas_ms=- pip_merge_ms=- pip_receipts_ms=- pip_drop_ms=- pip_other_ms=- pip_total_ms=- senders_indexed_median=- road_senders_ms_median=- road_total_ms_median=- pew_ms_median=- pew_ms_p90= gate_ms_median=- gate_ms_p90= root_ms_p50=- root_ms_p90= two_roads=0 not_on_output=0 not_on_output_why= ckpt_ms_first_q=4 ckpt_ms_last_q=52 ckpt_bytes_last=33923756 parent_still_importing=9 root_wait_ms_p50=- root_wait_ms_p90= tenures_low_seal=13 seal_first_share=0.99 empty_over_deep=0 near_empty_warns=0 no_seal_why= par_skipped_median=- usable_p5=2122000 ckpt_replay_ms_last_q=16 candidates_zero=0 dropped_ingest=0 let_go_warns=0 let_go_reasons= parked_p50=0 parked_max=0 held_warns=0 park_capped_total=0 superseded_builds=0 empty_not_superseded=0 mass_park_warns=0 heads_lines=0 holes_lines=0 stale_parent_refusals=0 par_groups_p5=0 cancelled_decided=1 heads_nonce0=0 stale_unconfirmed= handovers=9 el_panics=0 decided_cancelled=1 min_window_blocks=232 road_desc_blocks=0 road_desc_total_ms=- road_desc_copy_ms=- desc_misses=0 fill_failed2=0 sf_par_collect_ms=- sf_par_commit_ms=- sf_par_fold_ms=- sf_par_graft_ms=- sf_par_prefault_ms=- sf_par_exec_ms=- sf_sealed_at_ms=- sf_roots_ms=- sf_state_ready_ms=- sf_total_ms=- ba_find_ms=- ba_queue_ms=- ba_total_ms=- ba_on_output=0 queue_fold_us=- queue_lock_us=- sf_par_exec_ms=- sf_par_fold_ms=- pip_groups_ms=- import_exec_ms_median2=- reads_d0=0 reads_hist=0 f_reads_d0=- f_reads_hist=- f_overlay_depth=- L_read_set_ms=0 read_set_accounts=0 read_set_unresolved=0 read_set_hits=0 read_set_misses=0 start_best_ms=- par_prep_ms=- gap_before_exec_ms=- gap_after_exec_ms=- gap_before_seal_ms=- index_ms=- road_copy_aside_ms=- road_copy_wait_ms=- road_total_ms=- queue_first_miss=queue_first_miss=0:1281,queue_first_miss=18446744073709551615:753 root_append_behind=0 populate_lag_mb=0 swap_used_g=0 root_faults=- root_faults_p90= root_faults_entries=0 root_faults_offsets=0 root_faults_index=0 root_faults_bits=0 root_faults_twigs=0 root_faults_undo=0 root_faults_tmp=0 root_append_faults=0 root_twig_pool_misses=0 batch_max_ms=22 batch_min_ms=8 batch_median_ms=16 batch_cpu_max_ms=22 batch_txs_max=6500 batch_txs_min=3500 batch_start_skew_ms=20 batch_wait_ms=0 loop_fetch_ns=0 loop_check_ns=0 loop_transfer_ns=0 loop_receipt_ns=0 loop_gas_ns=0 loop_sink_ns=0 loop_other_ns=0 batch_setup_ns=0 batch_close_ns=0 imp_exec_part_ms=- imp_exec_batches_ms=- imp_exec_graft_ms=- imp_exec_batches=- imp_exec_threads=- imp_exec_batch_max_ms=- imp_exec_batch_median_ms=- imp_parent_output_wait_ms=- road_parent_output_wait_ms=- next_start_gap_ms=1 next_entry_gap_ms=0 commit_body_ahead_used=- imp_exec_keys_ms=- imp_keys_ahead=- imp_exec_sink_ms=- imp_exec_pre_ms=- imp_exec_post_ms=- imp_exec_receipts_ms=- imp_exec_drop_ms=- root_gap_ms=- queue_whole=queue_whole=false:1281,queue_whole=true:753 tick_tick_late_us=1011 tick_preamble_us=343 tick_take_sealed_us=1 tick_sign_us=0 tick_cache_us=0 tick_presealed=- tick_describe_us=9 tick_publish_us=607 tick_tick_to_send_us=2043 road_check_ms=- road_check_include_us=- road_check_scan_us=- road_check_fold_us=- road_check_senders_us=- road_check_frames_summarized=- road_check_frames_scanned=- imp_exec_start_gap_us=- imp_gap_road_us=- imp_gap_header_us=- imp_gap_senders_us=- imp_gap_parent_us=- imp_gap_setup_us=- imp_gap_keys_wait_us=- sealed_at_p90= sealed_over_130=0 roots_ms=- cycle_p90= batch_max_ms=- batch_median_ms=- imp_batch_max=- forest_lock_warns=1523 root_seal_ms=2 root_seals=39 root_majflt=5550 roots_p90= gp_layer=753 ggp_missing=34 state_wait_split=0/0/0/0:525,2/0/0/0:35,1/0/0/0:26 qmdb_releases=0 state_wait_on= imp_road_end_ms=- imp_exec_start_ms=- imp_exec_end_ms=- imp_root_end_ms=- imp_fields_ready_ms=- imp_parent_fields_wait_ms=- imp_exec_ms=- imp_root_ms=- imp_checks_ms=- imp_engine_ms=- imp_total_ms=- road_parent_fields_wait_ms=- exec_read_ms=- L_exec_evm_ms=- L_exec_write_ms=- L_exec_other_ms=- L_reads_cache=- L_reads_provider=- L_reads_view=- L_graft_base_ms=- L_graft_reserve_ms=- L_graft_insert_ms=- L_graft_reverts_ms=- L_graft_other_ms=- L_par_exec_ms=- L_par_graft_ms=- F_exec_read_ms=- F_exec_evm_ms=- F_exec_write_ms=- F_exec_other_ms=- F_reads_cache=- F_reads_provider=- F_reads_view=- F_groups_ms=- L_tx_root_wait_ms=- L_par_exec_ms=- L_par_graft_ms=- L_par_fold_ms=- L_sealed_ms=- L_state_ready_ms=- L_roots_ms=- L_finish_ms=- L_total_ms=- L_setup_ms=- L_par_pull_ms=- L_give_back_ms=- L_state_wait_ms=- L_state_after_pull=747 L_seal_at_exec=747 L_tx_root_ahead=0 flood_w1=3270915 txs_p10=400000 acq_us=461 slots_busy=13 ingest_rate=3223152 L_scope_join_ms=- L_par_release_ms=- L_commit_body_ms=- L_par_commit_ms=- L_give_back_ms=- L_sealed_ms=- L_par_exec_ms=- L_state_wait_ms=- L_par_pull_ms=- L_par_prep_ms=- L_par_start_ms=- L_pre_exec_ms=- L_par_run_ms=- L_sealed_at_ms=- F_partition_ms=- F_env_ms=- F_groups_ms=- F_merge_ms=- F_reverts_wait_ms=- F_ahead_wait_ms=- F_total_ms=- I_engine_ms=- I_root_ms=- I_total_ms=- H_engine_remember_ms=- H_engine_listing_ms=- H_engine_new_payload_ms=- busy_us=1 L_par_start_ms=- L_start_handoff_ms=- L_start_best_ms=- L_start_puller_ms=- L_par_pull_ms=- L_par_prep_ms=- L_state_wait_ms=- L_par_exec_ms=- L_par_commit_ms=- L_sealed_ms=- L_sealed_at_ms=- L_par_graft_ms=- L_graft_insert_ms=- L_graft_reverts_ms=- L_graft_split_us=- L_graft_build_us=- L_graft_merge_us=- L_state_ready_ms=- Q_queue_ms=0 R_dispatch_wait_ms=- R_total_ms=- R_road_runtime=1 gate_holds=0 peer_fetch=0 pool_limit=limit=8 gate_opened=gate_opened_for_block=0 I_root_ms=- flood_rate_hdr=rate=6000000/s fills=0 fill_waited=- slots_busy=13 acq_us=461 busy_us=1 converged=0 fallbacks=0 busy_us=1 recover_us=0 tf_on_output=1 tf_fallback=0 still_importing=9 busy_us=1 slots_busy=13 batches=altsig_txs=0 altsig_batches=0 tf_on_output=1 tf_fallback=0 gate_holds=0 sign_s=sign 0s replay_note=replay       : 64 files from /data/n42-pregen/g900000-400m, 400000000 transactio sign_s=sign 0s shard=shard_verified=0 shard_claimed=0 road_verified=- slots_busy=13 gate_us=5713 reply_us=6284 queued=2488000 assemble_ms=- road_take_ms=- road_body_ms=- road_encode_ms=- shards=16 shard_insert_ms=0 shard_wait_ms=0 shard_fold_ms=46 shard_append_ms=48 shard_merge_ms=123 state_ready_ms=194 roots_ms=62 exec_read_ms=0 exec_evm_ms=0 exec_write_ms=0 exec_other_ms=0 reads_cache=0 reads_provider=0 reads_view=0 par_run_ms=45 fold_task_cpu_max_us=44176 fold_task_minflt_max=1548 fold_task_minflt_sum=1548 fold_task_migrated=0 fold_task_nivcsw_max=0 fold_index=1 fold_index_build_ms=44 fold_index_conflicts=30027 fold_queue_us=695 fold_skew_us=5 fold_task_max_us=44193 fold_tail_us=37 start_best_ms=7 start_select_ms=0 start_walk_ms=0 start_walk_check_ms=0 start_best_other_ms=1 start_frames_by_ref=0 start_frames_slow=0 start_pull_ms=0 start_other_ms=0 start_handoff_ms=5 par_start_ms=7 par_prep_ms=10 par_commit_ms=48 commit_body_ms=1 par_fold_ms=60 sealed_ms=1 copy_ms=- prune_ms=0 frames=- frames_missing=- frame_root_ms=- root_ms=- frames_admitted=frames_admitted=597519 frames_unaligned=0 frame_root_indexed=- seal_layout_ms=1 seal_root_ms=0 attested= busy_us=1 slots_busy=13 reply_us=6284 prune_ms=0 body_refused=0 body_failed_late=0
loop345S400b win1 tps=3,253,333 txs=97,600,000 blocks= 244 cycle=0.123s occupancy= 99.6% full(>=95%)=243/244 basefee=n/a (from the layer's log)
loop345S400b win2 tps=3,253,333 txs=97,600,000 blocks= 244 cycle=0.123s occupancy=100.0% full(>=95%)=244/244 basefee=n/a (from the layer's log)
loop345S400b win3 tps=3,093,333 txs=92,800,000 blocks= 232 cycle=0.129s occupancy=100.0% full(>=95%)=232/232 basefee=n/a (from the layer's log)
loop345S400b tps=3,253,333 round_txs=288000000 cycles_w1=
loop345S400b imp_fields_p90= b_p75=25
loop345S400b overlay: filter_skips=0 probes=0 ratio=- (ratio = skips/(skips+probes))
loop345S400b overlay_manager:       1 state_trie_overlay=false  state-ovly_cpu=0
loop345S400b verify: written to /data/blockchain/rust-fleet7-bench/bench-loop345S400b/verify.json
== loop345S400b  (E=1: seven validator keys on one execution layer)
  window 1: canonical 244 blocks, 97.6M tx = 3,253,333/s (100.0% of window 1), full 243/244 (100%); cycle mean/median/p90 123.2/121.4/126.7 ms
    leader builds 244: sealed_at median/p90/p99 114/130/175; phases median/p90 ms: gap_before_exec 5/13, state_wait 0/9, par 119/136, par_exec 39/46, roots 58/78, parent_fields 0/0, sealed 1/2
    state_wait_on {'none': 138, 'output': 103, 'open': 2, 'grandparent': 1}; builds with state_wait > 20 ms: 1 ([('output', 1)]); gp_layer {1.0: 244}, ggp_missing {0.0: 243, 1.0: 1}
    queue at the builds min/median 2,116,000/2,520,000
    new field batch_cpu_sum_us: median/p90/max 960930.5/1117491.0/1928050, nonzero 244
    new field batch_dispatch_us: median/p90/max 45.0/74.0/4186, nonzero 244
    new field batch_first_start_us: median/p90/max 22.0/34.0/51, nonzero 244
    new field batch_ivcsw: median/p90/max 1.0/5.0/28, nonzero 125
    new field batch_last_end_us: median/p90/max 38167.0/44368.0/76691, nonzero 244
    new field batch_last_start_us: median/p90/max 20062.5/23854.0/53575, nonzero 244
    new field batch_live_deferred: median/p90/max 42.0/44.0/48, nonzero 244
    new field batch_live_lock_hold_us: median/p90/max 16210.5/19550.0/23784, nonzero 244
    new field batch_live_lock_wait_us: median/p90/max 0.0/0.0/0, nonzero 0
    new field batch_live_lock_waits: median/p90/max 0.0/0.0/0, nonzero 0
    new field batch_majflt: median/p90/max 0.0/0.0/0, nonzero 0
    new field batch_minflt: median/p90/max 935.0/8009.0/18561, nonzero 244
    new field batch_open_max_us: median/p90/max 511.0/595.0/1020, nonzero 244
    new field batch_open_sum_us: median/p90/max 13362.0/15927.0/22103, nonzero 244
    new field batch_threads: median/p90/max 32.0/32.0/32, nonzero 244
    new field batch_vcsw: median/p90/max 203.0/385.0/600, nonzero 244
    new field batch_view_index_wait_us: median/p90/max 0.0/20669.0/44321, nonzero 46
    new field batch_view_index_waits: median/p90/max 0.0/168.0/388, nonzero 46
    new field batch_view_slot_wait_us: median/p90/max 0.0/345.0/1878, nonzero 50
    new field batch_view_slot_waits: median/p90/max 0.0/16.0/47, nonzero 50
    new field batch_wall_sum_us: median/p90/max 968478.5/1123876.0/1930817, nonzero 244
    new field batches: median/p90/max 62.0/62.0/62, nonzero 244
    new field build_batches: median/p90/max 0.0/0.0/0, nonzero 0
    new field exec_end_to_seal_us: median/p90/max 49558.5/60390.0/90627, nonzero 244
    new field exec_partition_us: median/p90/max 2287.5/3187.0/6674, nonzero 244
    new field exec_prepared_groups: {'false': 244}
    new field exec_prepared_slots: {'false': 244}
    new field exec_slots_us: median/p90/max 1530.0/2038.0/3486, nonzero 244
    new field freeze_join_wait_us: median/p90/max 3.0/4.0/41319, nonzero 244
    new field freeze_late: {'true': 244}
    new field freeze_pool_own: {'false': 244}
    new field live_index_defer: {'true': 244}
    new field merge_accounts: median/p90/max 365864.0/376246.0/386917, nonzero 244
    new field merge_append_us: median/p90/max 10938.0/13835.0/22094, nonzero 244
    new field merge_reverts: median/p90/max 365864.0/376246.0/386917, nonzero 244
    new field merge_reverts_us: median/p90/max 30826.0/38621.0/55194, nonzero 244
    new field merge_state_us: median/p90/max 81746.0/93777.0/116281, nonzero 244
    new field merge_tail_us: median/p90/max 0.0/0.0/1, nonzero 2
    new field merge_threads: median/p90/max 1.0/1.0/1, nonzero 244
    new field one_wave: {'false': 244}
    new field open_engine_us: median/p90/max 0.0/0.0/20295, nonzero 1
    new field open_fallback: {'false': 243, 'true': 1}
    new field open_keep_us: median/p90/max 4.0/6.0/20, nonzero 244
    new field open_layers: median/p90/max 3.0/3.0/3, nonzero 244
    new field open_provider_us: median/p90/max 137.5/201.0/729, nonzero 244
    new field plan_age_us: median/p90/max 103548.0/124119.0/227039, nonzero 244
    new field plan_ahead: median/p90/max 1.0/1.0/1, nonzero 244
    new field plan_body: median/p90/max 0.0/0.0/0, nonzero 0
    new field plan_body_us: median/p90/max 0.0/0.0/0, nonzero 0
    new field plan_discard: {'': 244}
    new field plan_prep_us: median/p90/max 12293.0/17867.0/32301, nonzero 244
    new field plan_topup_txs: median/p90/max 0.0/0.0/0, nonzero 0
    new field prep_from_plan: {'false': 244}
    new field prev_seal_to_answer_us: median/p90/max 3043.0/5577.0/9943, nonzero 244
    new field prev_seal_to_entry_us: median/p90/max 0.0/0.0/0, nonzero 0
    new field prev_seal_to_header_us: median/p90/max 183.0/265.0/455, nonzero 244
    new field prev_seal_to_import_us: median/p90/max 211275.5/243752.0/297893, nonzero 244
    new field prev_seal_to_request_us: median/p90/max 906.5/1233.0/127154, nonzero 244
    new field prev_seal_to_start_us: median/p90/max 1204.5/1530.0/127467, nonzero 244
    new field pull_bulk_txs: median/p90/max 400000.0/400000.0/400000, nonzero 244
    new field pull_bulk_us: median/p90/max 1380.0/1796.0/6798, nonzero 244
    new field root_apply_gap_us: median/p90/max 11.0/13.0/19, nonzero 244
    new field root_apply_total_us: median/p90/max 41076.0/53649.0/69670, nonzero 244
    new field root_compute_us: median/p90/max 44112.0/58970.0/73239, nonzero 244
    new field root_delta_us: median/p90/max 1942.0/3935.0/16070, nonzero 244
    new field root_index_us: median/p90/max 4852.0/12934.0/20687, nonzero 244
    new field root_leaves_us: median/p90/max 12832.0/22150.0/44424, nonzero 244
    new field root_note_us: median/p90/max 288.5/471.0/1980, nonzero 244
    new field root_ops_ahead: {'true': 244}
    new field root_ops_ahead_wait_us: median/p90/max 5331.5/16973.0/54017, nonzero 244
    new field root_ops_concat_us: median/p90/max 0.0/0.0/0, nonzero 0
    new field root_ops_encode_us: median/p90/max 9492.5/16072.0/40988, nonzero 244
    new field root_ops_finish_us: median/p90/max 4452.0/5394.0/14110, nonzero 244
    new field root_ops_sort_us: median/p90/max 7369.0/13852.0/27951, nonzero 244
    new field root_ops_us: median/p90/max 9305.5/20988.0/57854, nonzero 244
    new field root_rehash_us: median/p90/max 1523.5/1990.0/15296, nonzero 244
    new field root_retire_us: median/p90/max 1704.0/2444.0/4848, nonzero 244
    new field root_sort_us: median/p90/max 597.0/1075.0/5752, nonzero 244
    new field root_undo_us: median/p90/max 716.5/1158.0/1837, nonzero 244
    new field root_writes_us: median/p90/max 16567.5/21713.0/32256, nonzero 244
    new field seal_hashes_ahead: {'true': 244}
    new field seal_on_counters: {'false': 244}
    new field seal_to_complete_us: median/p90/max 209675.0/237533.0/256105, nonzero 244
    new field seal_to_frozen_us: median/p90/max 0.0/0.0/41294, nonzero 6
    new field seal_to_merge_end_us: median/p90/max 209558.0/237402.0/255967, nonzero 244
    new field seal_to_merge_start_us: median/p90/max 85948.0/108684.0/133393, nonzero 244
    new field seal_to_ops_ahead_us: median/p90/max 31972.5/49335.0/76920, nonzero 244
    new field seal_to_state_ready_us: median/p90/max 209565.0/237410.0/255976, nonzero 244
    new field sealed_unix_us: median/p90/max 1791402322650085.0/1791402334519335.0/1791402337352336, nonzero 244
    new field start_walk_check_us: median/p90/max 0.0/0.0/0, nonzero 0
    new field start_walk_ids_us: median/p90/max 0.0/0.0/0, nonzero 0
    new field start_walk_settle_us: median/p90/max 0.0/0.0/0, nonzero 0
    new field start_walk_us: median/p90/max 0.0/0.0/0, nonzero 0
    new field state_wait_us: median/p90/max 296.0/9618.0/23362, nonzero 244
    new field view_journal_reads: median/p90/max 0.0/36864.0/151552, nonzero 116
    new field view_journal_searches: median/p90/max 0.0/97996.0/439156, nonzero 116
    new field view_journal_skips: median/p90/max 0.0/0.0/0, nonzero 0
    new field whole_take_noted: {'false': 244}
    binding wait (tick / quorum / seal share, mean cycle): tick 96% (121); quorum 0% (117); seal 4% (160); feed-bound (blocks under 95% of the tier): 1 of 244
    slowest key vote delay median/p90 13.9/62.7 ms
    engine own-import total_ms per block median/p90/max 74/103/134 (n=243)
    layer RSS 4.8 -> 33.8 G (max 34.4), in-memory blocks max 10
    execution layer cores busy 34.6    validators cores busy 0.7
    flood delivered (median per 5 s over the leg) 3,253,610/s
  window 2: canonical 244 blocks, 97.6M tx = 3,253,333/s (100.0% of window 1), full 244/244 (100%); cycle mean/median/p90 123.1/121.4/127.5 ms
    leader builds 243: sealed_at median/p90/p99 118/132/169; phases median/p90 ms: gap_before_exec 5/11, state_wait 0/6, par 121/136, par_exec 40/45, roots 64/87, parent_fields 0/0, sealed 1/3
    state_wait_on {'none': 190, 'output': 35, 'grandparent': 16, 'open': 2}; builds with state_wait > 20 ms: 10 ([('grandparent', 9), ('output', 1)]); gp_layer {1.0: 243}, ggp_missing {0.0: 227, 1.0: 16}
    queue at the builds min/median 2,112,500/2,517,500
    new field batch_cpu_sum_us: median/p90/max 1013073.0/1119457.0/1803126, nonzero 243
    new field batch_dispatch_us: median/p90/max 45.0/84.0/7409, nonzero 243
    new field batch_first_start_us: median/p90/max 19.0/30.0/53, nonzero 243
    new field batch_ivcsw: median/p90/max 1.0/6.0/36, nonzero 128
    new field batch_last_end_us: median/p90/max 38564.0/44117.0/77525, nonzero 243
    new field batch_last_start_us: median/p90/max 20370.0/23627.0/40816, nonzero 243
    new field batch_live_deferred: median/p90/max 43.0/47.0/72, nonzero 243
    new field batch_live_lock_hold_us: median/p90/max 16489.0/20168.0/33003, nonzero 243
    new field batch_live_lock_wait_us: median/p90/max 0.0/0.0/0, nonzero 0
    new field batch_live_lock_waits: median/p90/max 0.0/0.0/0, nonzero 0
    new field batch_majflt: median/p90/max 0.0/0.0/0, nonzero 0
    new field batch_minflt: median/p90/max 1396.0/12137.0/31249, nonzero 243
    new field batch_open_max_us: median/p90/max 503.0/574.0/1448, nonzero 243
    new field batch_open_sum_us: median/p90/max 13243.0/15718.0/17694, nonzero 243
    new field batch_threads: median/p90/max 32.0/32.0/32, nonzero 243
    new field batch_vcsw: median/p90/max 209.0/380.0/622, nonzero 243
    new field batch_view_index_wait_us: median/p90/max 0.0/18507.0/47045, nonzero 47
    new field batch_view_index_waits: median/p90/max 0.0/151.0/369, nonzero 47
    new field batch_view_slot_wait_us: median/p90/max 0.0/428.0/1145, nonzero 54
    new field batch_view_slot_waits: median/p90/max 0.0/17.0/42, nonzero 54
    new field batch_wall_sum_us: median/p90/max 1018690.0/1131866.0/1806594, nonzero 243
    new field batches: median/p90/max 62.0/62.0/62, nonzero 243
    new field build_batches: median/p90/max 0.0/0.0/0, nonzero 0
    new field exec_end_to_seal_us: median/p90/max 47933.0/60256.0/81409, nonzero 243
    new field exec_partition_us: median/p90/max 2377.0/3526.0/11406, nonzero 243
    new field exec_prepared_groups: {'false': 243}
    new field exec_prepared_slots: {'false': 243}
    new field exec_slots_us: median/p90/max 1578.0/2274.0/7475, nonzero 243
    new field freeze_join_wait_us: median/p90/max 3.0/4.0/37266, nonzero 243
    new field freeze_late: {'true': 243}
    new field freeze_pool_own: {'false': 243}
    new field live_index_defer: {'true': 243}
    new field merge_accounts: median/p90/max 369467.0/375824.0/383218, nonzero 243
    new field merge_append_us: median/p90/max 9324.0/16971.0/34267, nonzero 243
    new field merge_reverts: median/p90/max 369467.0/375824.0/383218, nonzero 243
    new field merge_reverts_us: median/p90/max 32244.0/40412.0/55186, nonzero 243
    new field merge_state_us: median/p90/max 81621.0/98603.0/130084, nonzero 243
    new field merge_tail_us: median/p90/max 0.0/0.0/1, nonzero 2
    new field merge_threads: median/p90/max 1.0/1.0/1, nonzero 243
    new field one_wave: {'false': 243}
    new field open_engine_us: median/p90/max 0.0/0.0/92363, nonzero 16
    new field open_fallback: {'false': 227, 'true': 16}
    new field open_keep_us: median/p90/max 4.0/6.0/14, nonzero 243
    new field open_layers: median/p90/max 3.0/3.0/3, nonzero 243
    new field open_provider_us: median/p90/max 139.0/205.0/753, nonzero 243
    new field plan_age_us: median/p90/max 105431.0/123564.0/223217, nonzero 243
    new field plan_ahead: median/p90/max 1.0/1.0/1, nonzero 243
    new field plan_body: median/p90/max 0.0/0.0/0, nonzero 0
    new field plan_body_us: median/p90/max 0.0/0.0/0, nonzero 0
    new field plan_discard: {'': 243}
    new field plan_prep_us: median/p90/max 12693.0/17713.0/40532, nonzero 243
    new field plan_topup_txs: median/p90/max 0.0/0.0/0, nonzero 0
    new field prep_from_plan: {'false': 243}
    new field prev_seal_to_answer_us: median/p90/max 2883.0/4874.0/9149, nonzero 243
    new field prev_seal_to_entry_us: median/p90/max 0.0/0.0/0, nonzero 0
    new field prev_seal_to_header_us: median/p90/max 189.0/301.0/1006, nonzero 243
    new field prev_seal_to_import_us: median/p90/max 233311.0/269635.0/380221, nonzero 237
    new field prev_seal_to_request_us: median/p90/max 908.0/1247.0/136158, nonzero 243
    new field prev_seal_to_start_us: median/p90/max 1232.0/1640.0/136568, nonzero 243
    new field pull_bulk_txs: median/p90/max 400000.0/400000.0/400000, nonzero 243
    new field pull_bulk_us: median/p90/max 1493.0/1950.0/7248, nonzero 243
    new field root_apply_gap_us: median/p90/max 12.0/15.0/20, nonzero 243
    new field root_apply_total_us: median/p90/max 43717.0/57542.0/78437, nonzero 243
    new field root_compute_us: median/p90/max 48933.0/62601.0/86769, nonzero 243
    new field root_delta_us: median/p90/max 2114.0/7546.0/17061, nonzero 243
    new field root_index_us: median/p90/max 5175.0/13589.0/27396, nonzero 243
    new field root_leaves_us: median/p90/max 12807.0/24898.0/47899, nonzero 243
    new field root_note_us: median/p90/max 294.0/451.0/2188, nonzero 243
    new field root_ops_ahead: {'true': 243}
    new field root_ops_ahead_wait_us: median/p90/max 5931.0/17111.0/44106, nonzero 243
    new field root_ops_concat_us: median/p90/max 0.0/0.0/0, nonzero 0
    new field root_ops_encode_us: median/p90/max 9922.0/16509.0/43377, nonzero 243
    new field root_ops_finish_us: median/p90/max 4592.0/6890.0/13365, nonzero 243
    new field root_ops_sort_us: median/p90/max 7167.0/13141.0/31175, nonzero 243
    new field root_ops_us: median/p90/max 10587.0/23454.0/49999, nonzero 243
    new field root_rehash_us: median/p90/max 2189.0/2985.0/18097, nonzero 243
    new field root_retire_us: median/p90/max 1754.0/2898.0/5502, nonzero 243
    new field root_sort_us: median/p90/max 675.0/1630.0/8301, nonzero 243
    new field root_undo_us: median/p90/max 691.0/1234.0/2315, nonzero 243
    new field root_writes_us: median/p90/max 17183.0/22798.0/33712, nonzero 243
    new field seal_hashes_ahead: {'true': 243}
    new field seal_on_counters: {'false': 243}
    new field seal_to_complete_us: median/p90/max 218444.0/248458.0/293211, nonzero 243
    new field seal_to_frozen_us: median/p90/max 0.0/0.0/37248, nonzero 1
    new field seal_to_merge_end_us: median/p90/max 218319.0/248372.0/293034, nonzero 243
    new field seal_to_merge_start_us: median/p90/max 91196.0/114789.0/159796, nonzero 243
    new field seal_to_ops_ahead_us: median/p90/max 31446.0/45776.0/67846, nonzero 243
    new field seal_to_state_ready_us: median/p90/max 218328.0/248380.0/293054, nonzero 243
    new field sealed_unix_us: median/p90/max 1791402352469711.0/1791402364436486.0/1791402367378070, nonzero 243
    new field start_walk_check_us: median/p90/max 0.0/0.0/0, nonzero 0
    new field start_walk_ids_us: median/p90/max 0.0/0.0/0, nonzero 0
    new field start_walk_settle_us: median/p90/max 0.0/0.0/0, nonzero 0
    new field start_walk_us: median/p90/max 0.0/0.0/0, nonzero 0
    new field state_wait_us: median/p90/max 226.0/6482.0/92452, nonzero 243
    new field view_journal_reads: median/p90/max 8192.0/32768.0/61440, nonzero 126
    new field view_journal_searches: median/p90/max 20072.0/89458.0/184320, nonzero 126
    new field view_journal_skips: median/p90/max 0.0/0.0/0, nonzero 0
    new field whole_take_noted: {'false': 243}
    binding wait (tick / quorum / seal share, mean cycle): tick 87% (122); quorum 12% (134); seal 1% (136); feed-bound (blocks under 95% of the tier): 0 of 244
    slowest key vote delay median/p90 61.0/106.6 ms
    engine own-import total_ms per block median/p90/max 84/121/156 (n=244)
    layer RSS 34.2 -> 41.6 G (max 41.6), in-memory blocks max 10
    execution layer cores busy 35.0    validators cores busy 0.6
  window 3: canonical 232 blocks, 92.8M tx = 3,093,333/s (95.1% of window 1), full 232/232 (100%); cycle mean/median/p90 128.7/121.5/150.5 ms
    leader builds 233: sealed_at median/p90/p99 121/149/221; phases median/p90 ms: gap_before_exec 5/24, state_wait 0/19, par 123/155, par_exec 42/47, roots 66/95, parent_fields 0/15, sealed 1/17
    state_wait_on {'none': 166, 'output': 51, 'grandparent': 16}; builds with state_wait > 20 ms: 21 ([('grandparent', 14), ('output', 7)]); gp_layer {1.0: 233}, ggp_missing {0.0: 217, 1.0: 16}
    queue at the builds min/median 1,726,000/2,516,500
    new field batch_cpu_sum_us: median/p90/max 1019222.0/1130910.0/1389350, nonzero 233
    new field batch_dispatch_us: median/p90/max 45.0/97.0/4018, nonzero 233
    new field batch_first_start_us: median/p90/max 21.0/34.0/68, nonzero 233
    new field batch_ivcsw: median/p90/max 1.0/7.0/33, nonzero 127
    new field batch_last_end_us: median/p90/max 40199.0/45329.0/107073, nonzero 233
    new field batch_last_start_us: median/p90/max 20888.0/24013.0/91108, nonzero 233
    new field batch_live_deferred: median/p90/max 43.0/52.0/151, nonzero 233
    new field batch_live_lock_hold_us: median/p90/max 18292.0/22796.0/44105, nonzero 233
    new field batch_live_lock_wait_us: median/p90/max 0.0/0.0/0, nonzero 0
    new field batch_live_lock_waits: median/p90/max 0.0/0.0/0, nonzero 0
    new field batch_majflt: median/p90/max 0.0/0.0/9542, nonzero 19
    new field batch_minflt: median/p90/max 1698.0/15109.0/58546, nonzero 233
    new field batch_open_max_us: median/p90/max 503.0/596.0/3926, nonzero 233
    new field batch_open_sum_us: median/p90/max 13047.0/15612.0/79055, nonzero 233
    new field batch_threads: median/p90/max 32.0/32.0/32, nonzero 233
    new field batch_vcsw: median/p90/max 214.0/426.0/9785, nonzero 233
    new field batch_view_index_wait_us: median/p90/max 0.0/20961.0/1823832, nonzero 47
    new field batch_view_index_waits: median/p90/max 0.0/150.0/592, nonzero 47
    new field batch_view_slot_wait_us: median/p90/max 0.0/338.0/113965, nonzero 53
    new field batch_view_slot_waits: median/p90/max 0.0/15.0/47, nonzero 53
    new field batch_wall_sum_us: median/p90/max 1027734.0/1164143.0/3145161, nonzero 233
    new field batches: median/p90/max 62.0/62.0/62, nonzero 233
    new field build_batches: median/p90/max 0.0/0.0/0, nonzero 0
    new field exec_end_to_seal_us: median/p90/max 49137.0/59289.0/82679, nonzero 233
    new field exec_partition_us: median/p90/max 2537.0/3719.0/6191, nonzero 233
    new field exec_prepared_groups: {'false': 233}
    new field exec_prepared_slots: {'false': 233}
    new field exec_slots_us: median/p90/max 1517.0/2100.0/22169, nonzero 233
    new field freeze_join_wait_us: median/p90/max 3.0/5.0/45453, nonzero 233
    new field freeze_late: {'true': 233}
    new field freeze_pool_own: {'false': 233}
    new field live_index_defer: {'true': 233}
    new field merge_accounts: median/p90/max 369551.0/378086.0/384726, nonzero 233
    new field merge_append_us: median/p90/max 7586.0/17794.0/42517, nonzero 233
    new field merge_reverts: median/p90/max 369551.0/378086.0/384726, nonzero 233
    new field merge_reverts_us: median/p90/max 34638.0/45060.0/150983, nonzero 233
    new field merge_state_us: median/p90/max 82076.0/103122.0/125576, nonzero 233
    new field merge_tail_us: median/p90/max 0.0/0.0/0, nonzero 0
    new field merge_threads: median/p90/max 1.0/1.0/1, nonzero 233
    new field one_wave: {'false': 233}
    new field open_engine_us: median/p90/max 0.0/0.0/109868, nonzero 16
    new field open_fallback: {'false': 217, 'true': 16}
    new field open_keep_us: median/p90/max 4.0/5.0/12, nonzero 233
    new field open_layers: median/p90/max 3.0/3.0/3, nonzero 233
    new field open_provider_us: median/p90/max 140.0/233.0/955, nonzero 233
    new field plan_age_us: median/p90/max 108024.0/132451.0/226747, nonzero 233
    new field plan_ahead: median/p90/max 1.0/1.0/1, nonzero 233
    new field plan_body: median/p90/max 0.0/0.0/0, nonzero 0
    new field plan_body_us: median/p90/max 0.0/0.0/0, nonzero 0
    new field plan_discard: {'': 233}
    new field plan_prep_us: median/p90/max 13515.0/20637.0/171077, nonzero 233
    new field plan_topup_txs: median/p90/max 0.0/0.0/0, nonzero 0
    new field prep_from_plan: {'false': 233}
    new field prev_seal_to_answer_us: median/p90/max 2951.0/6020.0/10246, nonzero 233
    new field prev_seal_to_entry_us: median/p90/max 0.0/0.0/0, nonzero 0
    new field prev_seal_to_header_us: median/p90/max 186.0/312.0/2112, nonzero 233
    new field prev_seal_to_import_us: median/p90/max 234942.0/282595.0/406687, nonzero 223
    new field prev_seal_to_request_us: median/p90/max 896.0/1219.0/121059, nonzero 233
    new field prev_seal_to_start_us: median/p90/max 1230.0/1801.0/121297, nonzero 233
    new field pull_bulk_txs: median/p90/max 400000.0/400000.0/400000, nonzero 233
    new field pull_bulk_us: median/p90/max 1452.0/1975.0/7853, nonzero 233
    new field root_apply_gap_us: median/p90/max 12.0/14.0/20, nonzero 233
    new field root_apply_total_us: median/p90/max 43786.0/59976.0/104918, nonzero 233
    new field root_compute_us: median/p90/max 48918.0/66476.0/107428, nonzero 233
    new field root_delta_us: median/p90/max 2321.0/6956.0/16472, nonzero 233
    new field root_index_us: median/p90/max 5514.0/14110.0/38193, nonzero 233
    new field root_leaves_us: median/p90/max 13049.0/24441.0/56911, nonzero 233
    new field root_note_us: median/p90/max 284.0/458.0/1714, nonzero 233
    new field root_ops_ahead: {'true': 233}
    new field root_ops_ahead_wait_us: median/p90/max 5938.0/18305.0/172234, nonzero 233
    new field root_ops_concat_us: median/p90/max 0.0/0.0/0, nonzero 0
    new field root_ops_encode_us: median/p90/max 10127.0/18012.0/113347, nonzero 233
    new field root_ops_finish_us: median/p90/max 4614.0/6826.0/16064, nonzero 233
    new field root_ops_sort_us: median/p90/max 7233.0/14590.0/77182, nonzero 233
    new field root_ops_us: median/p90/max 10954.0/24522.0/176096, nonzero 233
    new field root_rehash_us: median/p90/max 2686.0/3453.0/24168, nonzero 233
    new field root_retire_us: median/p90/max 1668.0/2626.0/4812, nonzero 233
    new field root_sort_us: median/p90/max 656.0/1302.0/6098, nonzero 233
    new field root_undo_us: median/p90/max 674.0/1287.0/3552, nonzero 233
    new field root_writes_us: median/p90/max 16784.0/21691.0/71921, nonzero 233
    new field seal_hashes_ahead: {'true': 233}
    new field seal_on_counters: {'false': 233}
    new field seal_to_complete_us: median/p90/max 223970.0/268007.0/420832, nonzero 233
    new field seal_to_frozen_us: median/p90/max 0.0/0.0/45420, nonzero 7
    new field seal_to_merge_end_us: median/p90/max 223867.0/267872.0/419349, nonzero 233
    new field seal_to_merge_start_us: median/p90/max 94474.0/129233.0/270448, nonzero 233
    new field seal_to_ops_ahead_us: median/p90/max 32490.0/52775.0/225854, nonzero 233
    new field seal_to_state_ready_us: median/p90/max 223877.0/267888.0/419361, nonzero 233
    new field sealed_unix_us: median/p90/max 1791402382526346.0/1791402394593481.0/1791402397381601, nonzero 233
    new field start_walk_check_us: median/p90/max 0.0/0.0/0, nonzero 0
    new field start_walk_ids_us: median/p90/max 0.0/0.0/0, nonzero 0
    new field start_walk_settle_us: median/p90/max 0.0/0.0/0, nonzero 0
    new field start_walk_us: median/p90/max 0.0/0.0/0, nonzero 0
    new field state_wait_us: median/p90/max 236.0/19124.0/156788, nonzero 233
    new field view_journal_reads: median/p90/max 4096.0/28672.0/49152, nonzero 122
    new field view_journal_searches: median/p90/max 11640.0/80508.0/121296, nonzero 122
    new field view_journal_skips: median/p90/max 0.0/0.0/0, nonzero 0
    new field whole_take_noted: {'false': 233}
    binding wait (tick / quorum / seal share, mean cycle): tick 73% (122); quorum 23% (144); seal 3% (182); feed-bound (blocks under 95% of the tier): 0 of 232
    slowest key vote delay median/p90 72.0/134.9 ms
    engine own-import total_ms per block median/p90/max 80/125/161 (n=232)
    layer RSS 41.2 -> 35.7 G (max 45.5), in-memory blocks max 10
    execution layer cores busy 34.2    validators cores busy 0.6
  round total (3 windows, canonical): 288.0M tx
  layer peak RSS 45.5 G; in-memory blocks max 10
  fields at seal: mode "early", verified 0, unchecked 0, mismatches 0 (last build line, cumulative)
  own_executed_again (built here and also directly imported): 0 of 747 built blocks
== loop345S400b
  layer-0 leader window-1 builds 245: txs mean 400000, share >= 95% of the tier 100% (max 400000); sealed_at_ms 114.0/131.0; par_ms 119.0/136.0; par_exec_ms 39.0/46.0; roots_ms 58.0/78.0; parent_fields_ms 0.0/0.0; sealed_ms 1.0/2.0
  proposal cycle window 1 (n=252): mean 123.2 median 121.4 p90 126.7 ms; blocks in the 30 s: 252
  binding wait (tick / quorum / seal, share and mean cycle): tick 95.5% (121.4); quorum 0.4% (117.4); seal 4.1% (161.5)
  vote delay after the proposal, slowest key per block: median 13.8 p90 62.7 ms (slowest minus the median key: median 0.2); last key: {1: 39, 2: 39, 3: 35, 4: 20, 5: 71, 6: 41} of 245 blocks
  CPU in window 1 (cores busy): execution layers 34.6 over 1 process(es); validators 0.7 over 7 process(es)
  execution layer peak RSS 45.5 G; in-memory blocks max 10 (node0 and others, all layers)
  blocks built here 747; none also directly imported
  import-once counters at the last direct import: ; start-up lines with import_once=true: 1; queue-lock lines 0
  layer-0 queue (queued after canonical prune), median per 10 s: t+0:2515500 t+20:2395000 t+40:2514000 t+60:2512500 t+80:2473250
  flood: median per 5 s 3253610/s, final -
  timeout / given-up lines: 1; 19:44:39 v0 INFO process_event{view=1 kind="message"}: n42::cl::timeout: TC formed
loop345S400b page_faults_per_s_median: node0=208720 
feedcheck loop345S400b: ok (block 400,000 tx)
== loop345S400b: feed check (acq_us / gate_us / reply_us are per frame of 500; rate per 5 s `ingest` line)
  window 1: ingest lines 6; acq_us 454 (max 1162); gate_us 5637; reply_us 6243; slots_busy 13%; delivered median 3,280,784/s max 3,352,348/s; queue at builds median 2,520,000 min 2,116,000; full 100% of 244 blocks
  window 2: ingest lines 6; acq_us 460 (max 555); gate_us 5685; reply_us 6234; slots_busy 13%; delivered median 3,242,645/s max 3,339,099/s; queue at builds median 2,517,500 min 2,112,500; full 100% of 244 blocks
  window 3: ingest lines 6; acq_us 464 (max 570); gate_us 5858; reply_us 6442; slots_busy 13%; delivered median 3,154,832/s max 3,272,958/s; queue at builds median 2,516,500 min 1,726,000; full 100% of 232 blocks
  flood.log (+15..+100 s): rate per 5 s median 3,241,422/s max 3,346,317/s; reply latency median 59.0 ms max 68.1 ms
== loop345S400b: lanes lock, drain and pruner (new fields)
  window 1: lock duty 59.5% (max 64.0); holds/5s 1,764; longest hold 44.94 ms median, 55.96 ms max by crates/n42/tx-queue/src/lib.rs:2046 (most frequent holders [('crates/n42/tx-queue/src/lib.rs:2046', 6)]); lock wait 1889.9 ms/5s, longest 56.00 ms; drains/5s 1,068 of 15361 tx, mean 1308 us, max 30.75 ms
           prune (244 blocks): prune_ms 59/84; fold 1.1 ms, lock 0.0 ms, remove(hold) 20.1 ms, free 0.0 ms; frames_swept 800; coalesced on 244 of 244; prune_wait_ms 0/0; pruner busy 48% of a thread, lock held by it 0.8%
  window 2: lock duty 63.0% (max 65.0); holds/5s 1,683; longest hold 45.49 ms median, 56.34 ms max by crates/n42/tx-queue/src/lib.rs:2046 (most frequent holders [('crates/n42/tx-queue/src/lib.rs:2046', 6)]); lock wait 1953.6 ms/5s, longest 56.38 ms; drains/5s 990 of 16425 tx, mean 1500 us, max 44.05 ms
           prune (236 blocks): prune_ms 61/84; fold 1.0 ms, lock 0.0 ms, remove(hold) 21.6 ms, free 0.0 ms; frames_swept 800; coalesced on 236 of 236; prune_wait_ms 0/0; pruner busy 48% of a thread, lock held by it 0.9%
  window 3: lock duty 59.5% (max 67.0); holds/5s 1,674; longest hold 50.81 ms median, 171.08 ms max by crates/n42/tx-queue/src/lib.rs:2692 (most frequent holders [('crates/n42/tx-queue/src/lib.rs:2046', 5), ('crates/n42/tx-queue/src/lib.rs:2692', 1)]); lock wait 2001.0 ms/5s, longest 131.66 ms; drains/5s 1,036 of 15242 tx, mean 1331 us, max 37.76 ms
           prune (226 blocks): prune_ms 65/90; fold 1.1 ms, lock 0.0 ms, remove(hold) 21.0 ms, free 0.0 ms; frames_swept 800; coalesced on 226 of 226; prune_wait_ms 0/0; pruner busy 48% of a thread, lock held by it 1.1%
== loop345S400b: pruner (per block; busy = sum prune_ms / 30 s, lock = sum (remove_us + settle_us) / 30 s)
  window 1: 244 prunes; prune_ms 59/84; remove_us 20.1/35.9 ms; forget_us 5.4/7.9 ms; settle_us 5.6 ms; pruner busy 48% of a worker; lanes lock held for removal 22%
  window 2: 236 prunes; prune_ms 61/84; remove_us 21.6/36.5 ms; forget_us 5.8/9.0 ms; settle_us 5.5 ms; pruner busy 48% of a worker; lanes lock held for removal 23%
  window 3: 226 prunes; prune_ms 65/90; remove_us 21.0/39.3 ms; forget_us 6.3/9.7 ms; settle_us 6.0 ms; pruner busy 48% of a worker; lanes lock held for removal 22%
== loop345S400b: seal start / pull, prepared plan, answer, chunked drain
  window 1: 244 builds; start_best_ms 5/11; start_walk_us 0/0; start_pull_ms 0/0; par_pull_ms 0/0; par_start_ms 5/11; par_ms 119/136; sealed_at_ms 114/130; pull_bulk_us 1380/1796; pull_bulk_txs 400000/400000; plan_age_us 103548/124119; plan_prep_us 12293/17867; plan_topup_txs 0/0
           plan_ahead {'1': 244}; plan_discard {'': 244}
           answer: built-ahead bytes median/max 29,642/29,645, layout_only {'true': 244}; proposal sent bytes median/max 29,642/29,645, layout_only {'true': 244}
           drain: chunks/5s 1,001, chunk max 8,192 tx, finished by others/5s 30; plan_discards (last ingest line) -
  window 2: 243 builds; start_best_ms 7/15; start_walk_us 0/0; start_pull_ms 0/0; par_pull_ms 0/0; par_start_ms 7/15; par_ms 121/136; sealed_at_ms 118/132; pull_bulk_us 1493/1950; pull_bulk_txs 400000/400000; plan_age_us 105431/123564; plan_prep_us 12693/17713; plan_topup_txs 0/0
           plan_ahead {'1': 243}; plan_discard {'': 243}
           answer: built-ahead bytes median/max 29,647/29,647, layout_only {'true': 244}; proposal sent bytes median/max 29,647/29,647, layout_only {'true': 244}
           drain: chunks/5s 919, chunk max 8,192 tx, finished by others/5s 33; plan_discards (last ingest line) -
  window 3: 233 builds; start_best_ms 6/16; start_walk_us 0/0; start_pull_ms 0/0; par_pull_ms 0/0; par_start_ms 7/16; par_ms 123/155; sealed_at_ms 121/149; pull_bulk_us 1452/1975; pull_bulk_txs 400000/400000; plan_age_us 108024/132451; plan_prep_us 13515/20637; plan_topup_txs 0/0
           plan_ahead {'1': 233}; plan_discard {'': 233}
           answer: built-ahead bytes median/max 29,647/29,647, layout_only {'true': 233}; proposal sent bytes median/max 29,647/29,647, layout_only {'true': 233}
           drain: chunks/5s 980, chunk max 8,192 tx, finished by others/5s 27; plan_discards (last ingest line) -
== loop345S400b: persistence per window (ms per block = part sum / blocks persisted)
  window 1: persisted 243 of 244 produced (100%); total 67.5, sf_tx 61.5, sf_rcpt 12.6, sf_acct 27.1, sf_send 21.5, scope 61.6, qmdb 28.8, post 0.0, pre 5.9, plain_rev 5.9, commit_sf 1.2, commit_mdbx 0.1, commit_rocks 0.1; longest task sf_tx 61.5; in-memory 6 -> 8 (max 10); RSS 16.3 -> 33.8 G; lag 6 -> 10 = +8.0 blocks/min; bp max 0
  window 2: persisted 243 of 244 produced (100%); total 70.9, sf_tx 64.2, sf_rcpt 11.8, sf_acct 26.4, sf_send 20.6, scope 64.3, qmdb 29.5, post 0.0, pre 6.6, plain_rev 6.6, commit_sf 1.4, commit_mdbx 0.1, commit_rocks 0.1; longest task sf_tx 64.2; in-memory 8 -> 8 (max 10); RSS 33.8 -> 41.6 G; lag 10 -> 9 = -2.0 blocks/min; bp max 0
  window 3: persisted 231 of 232 produced (100%); total 76.5, sf_tx 67.5, sf_rcpt 12.8, sf_acct 28.4, sf_send 21.4, scope 69.4, qmdb 36.0, post 0.0, pre 7.2, plain_rev 7.2, commit_sf 1.5, commit_mdbx 0.1, commit_rocks 0.1; longest task sf_tx 67.5; in-memory 8 -> 10 (max 10); RSS 41.6 -> 35.7 G; lag 9 -> 9 = +0.0 blocks/min; bp max 0
  leg end: in-memory 6, max over the sampler 10, backpressure stalls 0
== loop345S400b: execution and root fields (median / p90 per block)
    folded lines 244: pending_max max 47 (median 42); pending_us_max max 53,556; drops_max max 237867
    flags: seal_on_counters false:244; freeze_pool_own false:244; plan_body 0:244; prep_from_plan false:244; whole_take_noted false:244; seal_hashes_ahead true:244; plan_ahead 1:244; seal per 1,000 transfers 0.285 ms
  window 1 (244 builds): on-CPU share 1.00/1.00; CPU per transfer 2.40/2.79 us; sealed_at_ms 114/130; exec_end_to_seal_us 49,558/60,390; par_exec_ms 39/46; commit_refs_ms 48/59; par_commit_ms 49/60; par_fold_ms 61/73; index_ms 47/58; par_start_ms 5/11; par_prep_ms 9/14; gap_before_exec_ms 5/13; plan_body_us 0/0; build_batches 0/0; parent_fields_ms 0/0; seal_to_fields_us 85,782/108,553; roots_ms 58/78; exec_partition_us 2,288/3,187; exec_slots_us 1,530/2,038; tx_root_ms 1/2; sealed_ms 1/2; seal_to_complete_us 209,675/237,533; shard_fold_ms 46/58; batch_max_ms 22/28; state_wait_us 296/9,618
    folded lines 244: pending_max max 49 (median 42); pending_us_max max 56,629; drops_max max 101384
    flags: seal_on_counters false:243; freeze_pool_own false:243; plan_body 0:243; prep_from_plan false:243; whole_take_noted false:243; seal_hashes_ahead true:243; plan_ahead 1:243; seal per 1,000 transfers 0.295 ms
  window 2 (243 builds): on-CPU share 1.00/1.00; CPU per transfer 2.53/2.80 us; sealed_at_ms 118/132; exec_end_to_seal_us 47,933/60,256; par_exec_ms 40/45; commit_refs_ms 46/58; par_commit_ms 47/60; par_fold_ms 59/73; index_ms 44/57; par_start_ms 7/15; par_prep_ms 10/15; gap_before_exec_ms 5/11; plan_body_us 0/0; build_batches 0/0; parent_fields_ms 0/0; seal_to_fields_us 90,976/114,635; roots_ms 64/87; exec_partition_us 2,377/3,526; exec_slots_us 1,578/2,274; tx_root_ms 1/2; sealed_ms 1/3; seal_to_complete_us 218,444/248,458; shard_fold_ms 44/57; batch_max_ms 22/27; state_wait_us 226/6,482
    folded lines 233: pending_max max 52 (median 41); pending_us_max max 52,137; drops_max max 86706
    flags: seal_on_counters false:233; freeze_pool_own false:233; plan_body 0:233; prep_from_plan false:233; whole_take_noted false:233; seal_hashes_ahead true:233; plan_ahead 1:233; seal per 1,000 transfers 0.302 ms
  window 3 (233 builds): on-CPU share 1.00/1.00; CPU per transfer 2.55/2.83 us; sealed_at_ms 121/149; exec_end_to_seal_us 49,137/59,289; par_exec_ms 42/47; commit_refs_ms 47/57; par_commit_ms 49/59; par_fold_ms 60/73; index_ms 46/56; par_start_ms 7/16; par_prep_ms 9/14; gap_before_exec_ms 5/24; plan_body_us 0/0; build_batches 0/0; parent_fields_ms 0/15; seal_to_fields_us 94,321/129,017; roots_ms 66/95; exec_partition_us 2,537/3,719; exec_slots_us 1,517/2,100; tx_root_ms 1/2; sealed_ms 1/17; seal_to_complete_us 223,970/268,007; shard_fold_ms 46/56; batch_max_ms 22/28; state_wait_us 236/19,124
flood span 95 s; tokio-rt threads alive throughout 34 of 71; group 9.9 cores busy over them (all threads incl. short-lived 12.9)
  per-thread cores busy, top 12: 0.59 0.58 0.58 0.58 0.58 0.58 0.57 0.56 0.56 0.56 0.56 0.55; threads over 0.9 core: 0, over 0.7: 0
== loop345S400b: 720 full builds in the 3 windows
  par_exec_ms 40/46; par_run_ms 45/59; batch_start_skew_ms 20/23; batch_median_ms 16/18; batch_max_ms 22/28; batch_first_start_us 21/33; batch_last_start_us 20430/23879; batch_dispatch_us 45/82; batch_last_end_us 39008/44851; batches 62/62; batch_threads 32/32; batch_txs_max 6500/6500; batch_txs_min 3500/3500; start_walk_ms 0/0; start_walk_check_ms 0/0; par_start_ms 7/14; sealed_at_ms 118/135; prev_seal_to_answer_us 2960/5464; prev_seal_to_entry_us 0/0; prev_seal_to_header_us 186/293; prev_seal_to_import_us 226613/269635; prev_seal_to_request_us 903/1236; prev_seal_to_start_us 1224/1646; start_walk_check_us 0/0; start_walk_ids_us 0/0; start_walk_settle_us 0/0; start_walk_us 0/0
  one_wave {'false': 720}
  batches == batch_threads on 0 of 720 builds
  last - first batch start (ms) median/p90 20.41/23.87; under 2 ms on 0 of 720 builds
leg loop345S400ALLb: /data free 558G (needs 120 G)
leg loop345S400ALLb start 15:49:04 load 4.58
round loop345S400ALLb exit 0 at 15:52:01
loop345S400ALLb save stages (node0, seconds summed over the leg / count): batch_size=996.0/331  batch_size=996.0/331  reth_consensus_engine_beacon_persistence_duration=63.2/331  duration_seconds=60.0/331  total=55.5/331  scope=51.1/331  sf=50.5/331  sf_transactions=50.2/331  qmdb_persisted=22.6/331  sf_account_changesets=21.2/331
el binary: /data/n42-build/target-n42-rs/native/release/n42 env: N42_IMPORT_ONCE=1 N42_SETTLEMENT_TAGS=legacy N42_BUILD_THROTTLE_SOFT=48 F7_EL_MAP=0,0,0,0,0,0,0 N42_FIELDS_AT_SEAL=1 N42_FREEZE_AFTER_SEAL=1 N42_FRAME_BLOCKS=1 N42_TX_INGEST_RECOVER_PARALLEL=24 N42_FREEZE_POOL=own N42_PARALLEL_BUILD_THREADS=32 N42_PLAN_AHEAD=1 N42_HASHED_TABLES=off F7_FLOOD_RATE=6000000 N42_COMPACT_BODY=1 N42_BUILD_BATCHES=128 MALLOC_CONF=thp:always,oversize_threshold:0,dirty_decay_ms:2000,background_thread:true N42_SEAL_ON_COUNTERS=1 N42_ACCOUNT_HISTORY=off N42_TAKE_COMPACT=1 N42_SF_EARLY_WRITEBACK=1 N42_ROAD_RUNTIME=1 N42_TX_INGEST_HIGH_WATER=2500000 F7_BENCH_POOL_SLOTS=3000000 N42_PLAN_AHEAD_BODY=1 N42_SEAL_AT_EXEC=1 N42_TX_QUEUE_DRAIN_CHUNK=8192 N42_ANSWER_LAYOUT_ONLY=1 N42_PULL_BY_FRAMES=1 N42_SF_PARALLEL_ENCODE=1 N42_BUILD_THROTTLE_HARD=80 N42_LIVE_INDEX_DEFER=1 RAYON_NUM_THREADS=16 N42_ROOT_OPS_AHEAD=1 TOKIO_WORKER_THREADS=16 N42_QMDB_READS=on N42_LEADER_LAYERS=3 N42_PERSIST_QMDB_IN_SCOPE=1 F7_BLOCK_INTERVAL_MS=120 F7_MEASURE_FROM_LOG=1
validator env: N42_IMPORT_ONCE=1 N42_SETTLEMENT_TAGS=legacy N42_BUILD_THROTTLE_SOFT=48 F7_EL_MAP=0,0,0,0,0,0,0 N42_FIELDS_AT_SEAL=1 N42_FREEZE_AFTER_SEAL=1 N42_FRAME_BLOCKS=1 N42_TX_INGEST_RECOVER_PARALLEL=24 N42_FREEZE_POOL=own N42_PARALLEL_BUILD_THREADS=32 N42_PLAN_AHEAD=1 N42_HASHED_TABLES=off F7_FLOOD_RATE=6000000 N42_COMPACT_BODY=1 N42_BUILD_BATCHES=128 N42_SEAL_ON_COUNTERS=1 N42_ACCOUNT_HISTORY=off N42_TAKE_COMPACT=1 N42_SF_EARLY_WRITEBACK=1 N42_ROAD_RUNTIME=1 N42_TX_INGEST_HIGH_WATER=2500000 F7_BENCH_POOL_SLOTS=3000000 N42_PLAN_AHEAD_BODY=1 N42_SEAL_AT_EXEC=1 N42_TX_QUEUE_DRAIN_CHUNK=8192 N42_ANSWER_LAYOUT_ONLY=1 N42_PULL_BY_FRAMES=1 N42_SF_PARALLEL_ENCODE=1 N42_BUILD_THROTTLE_HARD=80 N42_LIVE_INDEX_DEFER=1 RAYON_NUM_THREADS=16 N42_ROOT_OPS_AHEAD=1 TOKIO_WORKER_THREADS=16 N42_QMDB_READS=on N42_LEADER_LAYERS=3 N42_PERSIST_QMDB_IN_SCOPE=1 F7_MEASURE_FROM_LOG=1
loop345S400ALLb once: start-up lines import_once=true 1; last direct-import counters 
loop345S400ALLb imports: layers=1 direct_imports=0 canonical_blocks=2050 import_once_lines=1 (per layer: direct imports should equal canonical blocks for one execution per block)
grep: /data/blockchain/rust-fleet7-bench/node1/el.log: No such file or directory
grep: /data/blockchain/rust-fleet7-bench/node2/el.log: No such file or directory
grep: /data/blockchain/rust-fleet7-bench/node3/el.log: No such file or directory
grep: /data/blockchain/rust-fleet7-bench/node1/el.log: No such file or directory
grep: /data/blockchain/rust-fleet7-bench/node2/el.log: No such file or directory
grep: /data/blockchain/rust-fleet7-bench/node3/el.log: No such file or directory
cat: /data/blockchain/rust-fleet7-bench/node2/el.log: No such file or directory
cat: /data/blockchain/rust-fleet7-bench/node2/el.log: No such file or directory
cat: /data/blockchain/rust-fleet7-bench/node2/el.log: No such file or directory
cat: /data/blockchain/rust-fleet7-bench/node1/el.log: No such file or directory
cat: /data/blockchain/rust-fleet7-bench/node2/el.log: No such file or directory
cat: /data/blockchain/rust-fleet7-bench/node3/el.log: No such file or directory
Traceback (most recent call last):
  File [35m"<stdin>"[0m, line [35m4[0m, in [35m<module>[0m
[1;35mIndexError[0m: [35mlist index out of range[0m
loop345S400ALLb no_variant=0 own_not_committed=0 tc=1 invalid_blocks=0 incomplete=0 gas_mismatch=0 direct_imports_failed=0 stuck_at_hashed_state=0 engine_idles_over_5s=1 proposals_given_up=0 tables_off_nodes=1 unanswered_reads=0 seal_first_total=754 seal_first_direct=754 direct_guard_errors=0 commit_ms_median=0 fold_ms_median=23 sealed_at_ms_median=102 state_ready_ms_median=192 build_total_ms_median=337 recover_us_median=0 par_exec_ms_median=37 par_exec_ms_median=37 giveback_filtered=0 giveback_offered_max=0 seal_first=754 reader_lag_max=9 reader_lag_warns=0 view_invalidated=0 el_sum_peak_g=42.2 el_max_peak_g=42.2 val_sum_peak_g=1.9 flood_peak_g=0.6 two_roads_blocks=0 two_roads_overlap_ms_median=- exec_on_output_declined=0 r1_collect_ms_median=5 proposal_at_ms_median=110 view_total_ms_median=121 import_exec_ms_median=- import_total_ms_median=- import_senders_ms_median=- import_convert_ms_median=- import_groups_median=- imports_over_600ms=0 min_avail_g=69.5 road_foreign_body_recv_ms=- road_foreign_body_decode_ms=- road_foreign_body_senders_ms=- road_foreign_body_parent_wait_ms=- road_foreign_body_check_ms=- road_foreign_body_total_ms=- road_new_payload_recv_ms=- road_new_payload_decode_ms=- road_new_payload_senders_ms=- road_new_payload_parent_wait_ms=- road_new_payload_check_ms=- road_new_payload_total_ms=- road_foreign_body_blocks=0 road_new_payload_blocks=0 fcu_answered=942 fcu_in_flight_ms_median=0 fcu_queued_ms_median=0 fcu_queued_ms_max=166 fcu_refused=0 fcu_slow=902 bodies_held=0 road_reuse_ms=- road_prepare_ms=- road_dispatch_ms=- road_convert_ms=- road_remember_ms=- road_header_ms=- road_fields_ms=- road_other_ms=- import_engine_ms_median=- gate_forced=0 gate_warns=0 flood_timeouts=0 canonical_min=2062 canonical_max=2062 chained_builds=1276 chain_lead_ms_median=117 chain_wait_ms_median=0 chain_started=1278 chain_discarded=3 chain_discard_reasons=_1_reason="no_,_1_reason="the_chained_build_produced_nothing,_1_reason="the_execution_layer_produced_nothing,_1_reason="the_request_names_another_parent chain_alias_warns=0 el_chained=1283 bodies_held_warns=0 el_build_refused=2 el_build_refused_reasons=_2_no_QMDB_tree_for_parent_block_0x queued_p5=2116500 queued_p50=2448000 road_compact_blocks=0 road_compact_recv_ms=- road_compact_assemble_ms=- road_compact_root_ms=- road_compact_miss_wait_ms=- road_compact_senders_ms=- road_compact_check_ms=- road_compact_other_ms=- road_compact_total_ms=- road_compact_misses_total= compact_refused_el=0 compact_fallbacks=0 compact_bytes_median=- pool_order9=13202 par_pull_ms_median=0 build_total_ms_median2=107 road_compact_filled_blocks=0 road_compact_filled_median=- road_compact_fill_ms_median=- need_txns=0 fill_failed=0 ingest_rate_gate_open_median=- ingest_gate_open_intervals=0 ingest_slots_busy_median=- flood_rate= fill_asked_proposer=0 fill_asked_other=0 loop_lines=1917 loop_unnamed_ms_median=106 loop_body_served_ms_median=- loop_txns_served_ms_median=- import_exec_ms_median2=- pip_partition_ms=- pip_env_ms=- pip_batch_ms=- pip_groups_ms=- pip_gas_ms=- pip_merge_ms=- pip_receipts_ms=- pip_drop_ms=- pip_other_ms=- pip_total_ms=- senders_indexed_median=- road_senders_ms_median=- road_total_ms_median=- pew_ms_median=- pew_ms_p90= gate_ms_median=- gate_ms_p90= root_ms_p50=- root_ms_p90= two_roads=0 not_on_output=0 not_on_output_why= ckpt_ms_first_q=3 ckpt_ms_last_q=64 ckpt_bytes_last=33982524 parent_still_importing=0 root_wait_ms_p50=- root_wait_ms_p90= tenures_low_seal=13 seal_first_share=0.99 empty_over_deep=0 near_empty_warns=0 no_seal_why= par_skipped_median=- usable_p5=2115000 ckpt_replay_ms_last_q=17 candidates_zero=0 dropped_ingest=0 let_go_warns=0 let_go_reasons= parked_p50=0 parked_max=0 held_warns=0 park_capped_total=0 superseded_builds=0 empty_not_superseded=0 mass_park_warns=0 heads_lines=0 holes_lines=0 stale_parent_refusals=0 par_groups_p5=0 cancelled_decided=0 heads_nonce0=0 stale_unconfirmed= handovers=0 el_panics=0 decided_cancelled=0 min_window_blocks=238 road_desc_blocks=0 road_desc_total_ms=- road_desc_copy_ms=- desc_misses=0 fill_failed2=0 sf_par_collect_ms=0 sf_par_commit_ms=0 sf_par_fold_ms=5 sf_par_graft_ms=0 sf_par_prefault_ms=0 sf_par_exec_ms=12 sf_sealed_at_ms=105 sf_roots_ms=89 sf_state_ready_ms=131 sf_total_ms=246 ba_find_ms=0 ba_queue_ms=0 ba_total_ms=107 ba_on_output=1 queue_fold_us=0 queue_lock_us=1 sf_par_exec_ms=12 sf_par_fold_ms=5 pip_groups_ms=- import_exec_ms_median2=- reads_d0=0 reads_hist=0 f_reads_d0=- f_reads_hist=- f_overlay_depth=- L_read_set_ms=0 read_set_accounts=0 read_set_unresolved=0 read_set_hits=0 read_set_misses=0 start_best_ms=- par_prep_ms=- gap_before_exec_ms=- gap_after_exec_ms=- gap_before_seal_ms=- index_ms=- road_copy_aside_ms=- road_copy_wait_ms=- road_total_ms=- queue_first_miss=queue_first_miss=0:1289,queue_first_miss=18446744073709551615:760 root_append_behind=0 populate_lag_mb=0 swap_used_g=0 root_faults=- root_faults_p90= root_faults_entries=0 root_faults_offsets=0 root_faults_index=0 root_faults_bits=0 root_faults_twigs=0 root_faults_undo=0 root_faults_tmp=0 root_append_faults=6 root_twig_pool_misses=0 batch_max_ms=14 batch_min_ms=5 batch_median_ms=7 batch_cpu_max_ms=14 batch_txs_max=3500 batch_txs_min=3000 batch_start_skew_ms=28 batch_wait_ms=0 loop_fetch_ns=0 loop_check_ns=0 loop_transfer_ns=0 loop_receipt_ns=0 loop_gas_ns=0 loop_sink_ns=0 loop_other_ns=0 batch_setup_ns=0 batch_close_ns=0 imp_exec_part_ms=- imp_exec_batches_ms=- imp_exec_graft_ms=- imp_exec_batches=- imp_exec_threads=- imp_exec_batch_max_ms=- imp_exec_batch_median_ms=- imp_parent_output_wait_ms=- road_parent_output_wait_ms=- next_start_gap_ms=1 next_entry_gap_ms=0 commit_body_ahead_used=- imp_exec_keys_ms=- imp_keys_ahead=- imp_exec_sink_ms=- imp_exec_pre_ms=- imp_exec_post_ms=- imp_exec_receipts_ms=- imp_exec_drop_ms=- root_gap_ms=- queue_whole=queue_whole=false:1289,queue_whole=true:760 tick_tick_late_us=1029 tick_preamble_us=343 tick_take_sealed_us=1 tick_sign_us=0 tick_cache_us=0 tick_presealed=- tick_describe_us=10 tick_publish_us=606 tick_tick_to_send_us=2072 road_check_ms=- road_check_include_us=- road_check_scan_us=- road_check_fold_us=- road_check_senders_us=- road_check_frames_summarized=- road_check_frames_scanned=- imp_exec_start_gap_us=- imp_gap_road_us=- imp_gap_header_us=- imp_gap_senders_us=- imp_gap_parent_us=- imp_gap_setup_us=- imp_gap_keys_wait_us=- sealed_at_p90= sealed_over_130=0 roots_ms=- cycle_p90= batch_max_ms=- batch_median_ms=- imp_batch_max=- forest_lock_warns=1374 root_seal_ms=1 root_seals=39 root_majflt=9589 roots_p90= gp_layer=760 ggp_missing=91 state_wait_split=0/0/0/0:158,15/0/0/0:28,17/0/0/0:25 qmdb_releases=0 state_wait_on= imp_road_end_ms=- imp_exec_start_ms=- imp_exec_end_ms=- imp_root_end_ms=- imp_fields_ready_ms=- imp_parent_fields_wait_ms=- imp_exec_ms=- imp_root_ms=- imp_checks_ms=- imp_engine_ms=- imp_total_ms=- road_parent_fields_wait_ms=- exec_read_ms=0 L_exec_evm_ms=0 L_exec_write_ms=0 L_exec_other_ms=0 L_reads_cache=0 L_reads_provider=0 L_reads_view=0 L_graft_base_ms=0 L_graft_reserve_ms=0 L_graft_insert_ms=0 L_graft_reverts_ms=0 L_graft_other_ms=0 L_par_exec_ms=12 L_par_graft_ms=0 F_exec_read_ms=- F_exec_evm_ms=- F_exec_write_ms=- F_exec_other_ms=- F_reads_cache=- F_reads_provider=- F_reads_view=- F_groups_ms=- L_tx_root_wait_ms=0 L_par_exec_ms=12 L_par_graft_ms=0 L_par_fold_ms=5 L_sealed_ms=47 L_state_ready_ms=131 L_roots_ms=89 L_finish_ms=131 L_total_ms=246 L_setup_ms=0 L_par_pull_ms=0 L_give_back_ms=0 L_state_wait_ms=44 L_state_after_pull=754 L_seal_at_exec=754 L_tx_root_ahead=0 flood_w1=3274611 txs_p10=400000 acq_us=466 slots_busy=14 ingest_rate=3237152 L_scope_join_ms=0 L_par_release_ms=0 L_commit_body_ms=0 L_par_commit_ms=0 L_give_back_ms=0 L_sealed_ms=47 L_par_exec_ms=12 L_state_wait_ms=44 L_par_pull_ms=0 L_par_prep_ms=0 L_par_start_ms=0 L_pre_exec_ms=0 L_par_run_ms=57 L_sealed_at_ms=105 F_partition_ms=- F_env_ms=- F_groups_ms=- F_merge_ms=- F_reverts_wait_ms=- F_ahead_wait_ms=- F_total_ms=- I_engine_ms=- I_root_ms=- I_total_ms=- H_engine_remember_ms=- H_engine_listing_ms=- H_engine_new_payload_ms=- busy_us=1 L_par_start_ms=0 L_start_handoff_ms=0 L_start_best_ms=0 L_start_puller_ms=0 L_par_pull_ms=0 L_par_prep_ms=0 L_state_wait_ms=44 L_par_exec_ms=12 L_par_commit_ms=0 L_sealed_ms=47 L_sealed_at_ms=105 L_par_graft_ms=0 L_graft_insert_ms=0 L_graft_reverts_ms=0 L_graft_split_us=0 L_graft_build_us=0 L_graft_merge_us=0 L_state_ready_ms=131 Q_queue_ms=0 R_dispatch_wait_ms=- R_total_ms=- R_road_runtime=1 gate_holds=0 peer_fetch=0 pool_limit=limit=8 gate_opened=gate_opened_for_block=0 I_root_ms=- flood_rate_hdr=rate=6000000/s fills=0 fill_waited=- slots_busy=14 acq_us=466 busy_us=1 converged=0 fallbacks=0 busy_us=1 recover_us=0 tf_on_output=2 tf_fallback=0 still_importing=0 busy_us=1 slots_busy=14 batches=altsig_txs=0 altsig_batches=0 tf_on_output=2 tf_fallback=0 gate_holds=0 sign_s=sign 0s replay_note=replay       : 64 files from /data/n42-pregen/g900000-400m, 400000000 transactio sign_s=sign 0s shard=shard_verified=0 shard_claimed=0 road_verified=- slots_busy=14 gate_us=5667 reply_us=6242 queued=2448000 assemble_ms=- road_take_ms=- road_body_ms=- road_encode_ms=- shards=16 shard_insert_ms=0 shard_wait_ms=0 shard_fold_ms=48 shard_append_ms=34 shard_merge_ms=122 state_ready_ms=192 roots_ms=60 exec_read_ms=0 exec_evm_ms=0 exec_write_ms=0 exec_other_ms=0 reads_cache=0 reads_provider=0 reads_view=0 par_run_ms=60 fold_task_cpu_max_us=46964 fold_task_minflt_max=63 fold_task_minflt_sum=64 fold_task_migrated=0 fold_task_nivcsw_max=0 fold_index=1 fold_index_build_ms=47 fold_index_conflicts=32910 fold_queue_us=65 fold_skew_us=34 fold_task_max_us=46961 fold_tail_us=34 start_best_ms=0 start_select_ms=0 start_walk_ms=0 start_walk_check_ms=0 start_best_other_ms=0 start_frames_by_ref=0 start_frames_slow=0 start_pull_ms=0 start_other_ms=0 start_handoff_ms=0 par_start_ms=0 par_prep_ms=0 par_commit_ms=0 commit_body_ms=0 par_fold_ms=23 sealed_ms=24 copy_ms=- prune_ms=0 frames=- frames_missing=- frame_root_ms=- root_ms=- frames_admitted=frames_admitted=602744 frames_unaligned=0 frame_root_indexed=- seal_layout_ms=1 seal_root_ms=0 attested= busy_us=1 slots_busy=14 reply_us=6242 prune_ms=0 body_refused=0 body_failed_late=0
loop345S400ALLb win1 tps=3,266,667 txs=98,000,000 blocks= 245 cycle=0.122s occupancy= 99.6% full(>=95%)=244/245 basefee=n/a (from the layer's log)
loop345S400ALLb win2 tps=3,253,333 txs=97,600,000 blocks= 244 cycle=0.123s occupancy=100.0% full(>=95%)=244/244 basefee=n/a (from the layer's log)
loop345S400ALLb win3 tps=3,173,333 txs=95,200,000 blocks= 238 cycle=0.126s occupancy=100.0% full(>=95%)=238/238 basefee=n/a (from the layer's log)
loop345S400ALLb tps=3,266,667 round_txs=290800000 cycles_w1=
loop345S400ALLb imp_fields_p90= b_p75=6
loop345S400ALLb overlay: filter_skips=0 probes=0 ratio=- (ratio = skips/(skips+probes))
loop345S400ALLb overlay_manager:       1 state_trie_overlay=false  state-ovly_cpu=0
loop345S400ALLb verify: written to /data/blockchain/rust-fleet7-bench/bench-loop345S400ALLb/verify.json
== loop345S400ALLb  (E=1: seven validator keys on one execution layer)
  window 1: canonical 245 blocks, 98.0M tx = 3,266,667/s (100.0% of window 1), full 244/245 (100%); cycle mean/median/p90 123.2/121.5/129.3 ms
    leader builds 244: sealed_at median/p90/p99 100/131/171; phases median/p90 ms: gap_before_exec 21/60, state_wait 21/60, par 110/156, par_exec 37/45, roots 56/74, parent_fields 20/39, sealed 22/41
    state_wait_on {'output': 182, 'none': 51, 'grandparent': 11}; builds with state_wait > 20 ms: 125 ([('output', 114), ('grandparent', 11)]); gp_layer {1.0: 244}, ggp_missing {0.0: 226, 1.0: 18}
    queue at the builds min/median 1,943,500/2,514,000
    new field batch_cpu_sum_us: median/p90/max 1027512.5/1224677.0/1905911, nonzero 244
    new field batch_dispatch_us: median/p90/max 286.5/403.0/961, nonzero 244
    new field batch_first_start_us: median/p90/max 101.5/166.0/397, nonzero 244
    new field batch_ivcsw: median/p90/max 2.0/9.0/31, nonzero 199
    new field batch_last_end_us: median/p90/max 37419.5/44913.0/65092, nonzero 244
    new field batch_last_start_us: median/p90/max 28963.5/34485.0/53179, nonzero 244
    new field batch_live_deferred: median/p90/max 82.0/88.0/135, nonzero 244
    new field batch_live_lock_hold_us: median/p90/max 19268.5/22672.0/27180, nonzero 244
    new field batch_live_lock_wait_us: median/p90/max 0.0/0.0/0, nonzero 0
    new field batch_live_lock_waits: median/p90/max 0.0/0.0/0, nonzero 0
    new field batch_majflt: median/p90/max 0.0/0.0/0, nonzero 0
    new field batch_minflt: median/p90/max 1633.0/18995.0/61400, nonzero 244
    new field batch_open_max_us: median/p90/max 492.5/589.0/1698, nonzero 244
    new field batch_open_sum_us: median/p90/max 11998.0/14657.0/23420, nonzero 244
    new field batch_threads: median/p90/max 32.0/32.0/32, nonzero 244
    new field batch_vcsw: median/p90/max 184.5/377.0/821, nonzero 244
    new field batch_view_index_wait_us: median/p90/max 0.0/22229.0/75252, nonzero 47
    new field batch_view_index_waits: median/p90/max 0.0/176.0/573, nonzero 47
    new field batch_view_slot_wait_us: median/p90/max 0.0/825.0/2316, nonzero 49
    new field batch_view_slot_waits: median/p90/max 0.0/27.0/69, nonzero 49
    new field batch_wall_sum_us: median/p90/max 1033542.5/1246328.0/1915328, nonzero 244
    new field batches: median/p90/max 128.0/128.0/128, nonzero 244
    new field build_batches: median/p90/max 128.0/128.0/128, nonzero 244
    new field exec_end_to_seal_us: median/p90/max 128.0/186.0/510, nonzero 244
    new field exec_partition_us: median/p90/max 12.0/16.0/4950, nonzero 244
    new field exec_prepared_groups: {'true': 243, 'false': 1}
    new field exec_prepared_slots: {'true': 243, 'false': 1}
    new field exec_slots_us: median/p90/max 0.0/0.0/4340, nonzero 1
    new field freeze_join_wait_us: median/p90/max 24762.0/56398.0/93708, nonzero 244
    new field freeze_late: {'true': 244}
    new field freeze_pool_own: {'true': 244}
    new field live_index_defer: {'true': 244}
    new field merge_accounts: median/p90/max 367041.0/376818.0/384716, nonzero 244
    new field merge_append_us: median/p90/max 8031.0/15156.0/25479, nonzero 244
    new field merge_reverts: median/p90/max 367041.0/376818.0/384716, nonzero 244
    new field merge_reverts_us: median/p90/max 29532.0/39689.0/52828, nonzero 244
    new field merge_state_us: median/p90/max 79704.5/96848.0/117453, nonzero 244
    new field merge_tail_us: median/p90/max 0.0/0.0/1, nonzero 6
    new field merge_threads: median/p90/max 1.0/1.0/1, nonzero 244
    new field one_wave: {'false': 244}
    new field open_engine_us: median/p90/max 0.0/0.0/110896, nonzero 18
    new field open_fallback: {'false': 226, 'true': 18}
    new field open_keep_us: median/p90/max 5.0/8.0/18, nonzero 244
    new field open_layers: median/p90/max 3.0/3.0/3, nonzero 244
    new field open_provider_us: median/p90/max 125.0/209.0/800, nonzero 244
    new field plan_age_us: median/p90/max 89481.0/210684.0/242449, nonzero 244
    new field plan_ahead: median/p90/max 1.0/1.0/1, nonzero 244
    new field plan_body: median/p90/max 1.0/1.0/2, nonzero 244
    new field plan_body_us: median/p90/max 26129.5/31756.0/40492, nonzero 243
    new field plan_discard: {'': 244}
    new field plan_prep_us: median/p90/max 12286.5/22406.0/57671, nonzero 244
    new field plan_topup_txs: median/p90/max 0.0/0.0/0, nonzero 0
    new field prep_from_plan: {'true': 243, 'false': 1}
    new field prev_seal_to_answer_us: median/p90/max 2904.0/4124.0/9000, nonzero 244
    new field prev_seal_to_entry_us: median/p90/max 0.0/0.0/0, nonzero 0
    new field prev_seal_to_header_us: median/p90/max 222.0/325.0/602, nonzero 244
    new field prev_seal_to_import_us: median/p90/max 217742.5/275009.0/356241, nonzero 237
    new field prev_seal_to_request_us: median/p90/max 955.0/133359.0/166140, nonzero 244
    new field prev_seal_to_start_us: median/p90/max 1308.5/133657.0/166472, nonzero 244
    new field pull_bulk_txs: median/p90/max 400000.0/400000.0/400000, nonzero 244
    new field pull_bulk_us: median/p90/max 8.0/12.0/1922, nonzero 244
    new field root_apply_gap_us: median/p90/max 10.0/13.0/28, nonzero 244
    new field root_apply_total_us: median/p90/max 36801.0/48096.0/80949, nonzero 244
    new field root_compute_us: median/p90/max 39611.5/52152.0/88362, nonzero 244
    new field root_delta_us: median/p90/max 1993.0/2853.0/13098, nonzero 244
    new field root_index_us: median/p90/max 4221.5/5926.0/29886, nonzero 244
    new field root_leaves_us: median/p90/max 12058.0/17142.0/28922, nonzero 244
    new field root_note_us: median/p90/max 254.5/430.0/1216, nonzero 244
    new field root_ops_ahead: {'true': 244}
    new field root_ops_ahead_wait_us: median/p90/max 8410.5/21239.0/45096, nonzero 244
    new field root_ops_concat_us: median/p90/max 0.0/0.0/0, nonzero 0
    new field root_ops_encode_us: median/p90/max 10798.5/19428.0/39752, nonzero 244
    new field root_ops_finish_us: median/p90/max 4545.0/5646.0/10291, nonzero 244
    new field root_ops_sort_us: median/p90/max 7272.0/14914.0/34519, nonzero 244
    new field root_ops_us: median/p90/max 13026.5/26096.0/50626, nonzero 244
    new field root_rehash_us: median/p90/max 1488.5/1786.0/10700, nonzero 244
    new field root_retire_us: median/p90/max 1700.0/2579.0/7295, nonzero 244
    new field root_sort_us: median/p90/max 493.5/1215.0/4064, nonzero 244
    new field root_undo_us: median/p90/max 678.5/1158.0/4046, nonzero 244
    new field root_writes_us: median/p90/max 15603.0/21152.0/33013, nonzero 244
    new field seal_hashes_ahead: {'true': 244}
    new field seal_on_counters: {'true': 244}
    new field seal_to_complete_us: median/p90/max 221040.0/263771.0/312290, nonzero 244
    new field seal_to_frozen_us: median/p90/max 24685.0/56347.0/93713, nonzero 219
    new field seal_to_merge_end_us: median/p90/max 220931.0/263606.0/312158, nonzero 244
    new field seal_to_merge_start_us: median/p90/max 100700.5/127068.0/154798, nonzero 244
    new field seal_to_ops_ahead_us: median/p90/max 50153.0/79104.0/108006, nonzero 244
    new field seal_to_state_ready_us: median/p90/max 220938.5/263620.0/312168, nonzero 244
    new field sealed_unix_us: median/p90/max 1791402641285738.5/1791402653380139.0/1791402656249705, nonzero 244
    new field start_walk_check_us: median/p90/max 0.0/0.0/0, nonzero 0
    new field start_walk_ids_us: median/p90/max 0.0/0.0/0, nonzero 0
    new field start_walk_settle_us: median/p90/max 0.0/0.0/0, nonzero 0
    new field start_walk_us: median/p90/max 0.0/0.0/0, nonzero 0
    new field state_wait_us: median/p90/max 21456.0/60497.0/139103, nonzero 244
    new field view_journal_reads: median/p90/max 0.0/61440.0/114688, nonzero 117
    new field view_journal_searches: median/p90/max 0.0/169719.0/298571, nonzero 117
    new field view_journal_skips: median/p90/max 0.0/0.0/0, nonzero 0
    new field whole_take_noted: {'true': 244}
    binding wait (tick / quorum / seal share, mean cycle): tick 93% (121); quorum 4% (142); seal 3% (153); feed-bound (blocks under 95% of the tier): 1 of 245
    slowest key vote delay median/p90 6.1/60.5 ms
    engine own-import total_ms per block median/p90/max 61/93/133 (n=244)
    layer RSS 4.8 -> 34.2 G (max 34.2), in-memory blocks max 10
    execution layer cores busy 32.8    validators cores busy 0.7
    flood delivered (median per 5 s over the leg) 3,257,230/s
  window 2: canonical 244 blocks, 97.6M tx = 3,253,333/s (99.6% of window 1), full 244/244 (100%); cycle mean/median/p90 122.6/121.5/127.9 ms
    leader builds 244: sealed_at median/p90/p99 102/139/162; phases median/p90 ms: gap_before_exec 22/56, state_wait 21/56, par 116/154, par_exec 37/42, roots 60/88, parent_fields 23/52, sealed 24/55
    state_wait_on {'none': 42, 'output': 180, 'grandparent': 21, 'provider_open': 1}; builds with state_wait > 20 ms: 127 ([('output', 107), ('grandparent', 20)]); gp_layer {1.0: 244}, ggp_missing {0.0: 213, 1.0: 31}
    queue at the builds min/median 2,091,500/2,510,000
    new field batch_cpu_sum_us: median/p90/max 1025510.0/1161362.0/1524541, nonzero 244
    new field batch_dispatch_us: median/p90/max 285.5/376.0/506, nonzero 244
    new field batch_first_start_us: median/p90/max 97.0/161.0/229, nonzero 244
    new field batch_ivcsw: median/p90/max 3.0/8.0/25, nonzero 199
    new field batch_last_end_us: median/p90/max 36908.0/42024.0/53288, nonzero 244
    new field batch_last_start_us: median/p90/max 28659.5/33019.0/43695, nonzero 244
    new field batch_live_deferred: median/p90/max 85.0/104.0/272, nonzero 244
    new field batch_live_lock_hold_us: median/p90/max 20209.0/26273.0/60198, nonzero 244
    new field batch_live_lock_wait_us: median/p90/max 0.0/0.0/0, nonzero 0
    new field batch_live_lock_waits: median/p90/max 0.0/0.0/0, nonzero 0
    new field batch_majflt: median/p90/max 0.0/0.0/0, nonzero 0
    new field batch_minflt: median/p90/max 2440.0/24818.0/61449, nonzero 244
    new field batch_open_max_us: median/p90/max 484.0/594.0/3381, nonzero 244
    new field batch_open_sum_us: median/p90/max 11834.5/14410.0/18894, nonzero 244
    new field batch_threads: median/p90/max 32.0/32.0/32, nonzero 244
    new field batch_vcsw: median/p90/max 186.0/372.0/658, nonzero 244
    new field batch_view_index_wait_us: median/p90/max 0.0/23158.0/53101, nonzero 48
    new field batch_view_index_waits: median/p90/max 0.0/175.0/436, nonzero 48
    new field batch_view_slot_wait_us: median/p90/max 0.0/554.0/2338, nonzero 54
    new field batch_view_slot_waits: median/p90/max 0.0/21.0/46, nonzero 54
    new field batch_wall_sum_us: median/p90/max 1030222.0/1175888.0/1526564, nonzero 244
    new field batches: median/p90/max 128.0/128.0/128, nonzero 244
    new field build_batches: median/p90/max 128.0/128.0/128, nonzero 244
    new field exec_end_to_seal_us: median/p90/max 126.0/190.0/469, nonzero 244
    new field exec_partition_us: median/p90/max 12.0/16.0/2632, nonzero 244
    new field exec_prepared_groups: {'true': 242, 'false': 2}
    new field exec_prepared_slots: {'true': 242, 'false': 2}
    new field exec_slots_us: median/p90/max 0.0/0.0/2214, nonzero 2
    new field freeze_join_wait_us: median/p90/max 23874.5/53531.0/83983, nonzero 244
    new field freeze_late: {'true': 244}
    new field freeze_pool_own: {'true': 244}
    new field live_index_defer: {'true': 244}
    new field merge_accounts: median/p90/max 365645.0/372879.0/380373, nonzero 244
    new field merge_append_us: median/p90/max 5867.5/21733.0/37556, nonzero 244
    new field merge_reverts: median/p90/max 365645.0/372879.0/380373, nonzero 244
    new field merge_reverts_us: median/p90/max 30625.0/41529.0/63629, nonzero 244
    new field merge_state_us: median/p90/max 86033.5/102620.0/135333, nonzero 244
    new field merge_tail_us: median/p90/max 0.0/0.0/1, nonzero 10
    new field merge_threads: median/p90/max 1.0/1.0/1, nonzero 244
    new field one_wave: {'false': 244}
    new field open_engine_us: median/p90/max 0.0/18489.0/110121, nonzero 31
    new field open_fallback: {'false': 213, 'true': 31}
    new field open_keep_us: median/p90/max 5.0/8.0/54, nonzero 244
    new field open_layers: median/p90/max 3.0/3.0/3, nonzero 244
    new field open_provider_us: median/p90/max 126.0/225.0/1880, nonzero 244
    new field plan_age_us: median/p90/max 92821.0/207013.0/234265, nonzero 244
    new field plan_ahead: median/p90/max 1.0/1.0/1, nonzero 244
    new field plan_body: median/p90/max 1.0/1.0/2, nonzero 244
    new field plan_body_us: median/p90/max 31361.5/38324.0/44727, nonzero 242
    new field plan_discard: {'': 244}
    new field plan_prep_us: median/p90/max 12451.0/21719.0/56873, nonzero 244
    new field plan_topup_txs: median/p90/max 0.0/0.0/0, nonzero 0
    new field prep_from_plan: {'true': 242, 'false': 2}
    new field prev_seal_to_answer_us: median/p90/max 3080.5/5579.0/9190, nonzero 244
    new field prev_seal_to_entry_us: median/p90/max 0.0/0.0/0, nonzero 0
    new field prev_seal_to_header_us: median/p90/max 230.5/382.0/1592, nonzero 244
    new field prev_seal_to_import_us: median/p90/max 238257.0/301619.0/349817, nonzero 240
    new field prev_seal_to_request_us: median/p90/max 989.0/130955.0/169231, nonzero 244
    new field prev_seal_to_start_us: median/p90/max 1391.0/131231.0/169702, nonzero 244
    new field pull_bulk_txs: median/p90/max 400000.0/400000.0/400000, nonzero 244
    new field pull_bulk_us: median/p90/max 8.0/13.0/3678, nonzero 244
    new field root_apply_gap_us: median/p90/max 11.0/14.0/28, nonzero 244
    new field root_apply_total_us: median/p90/max 39198.5/50290.0/74105, nonzero 244
    new field root_compute_us: median/p90/max 42610.5/54297.0/79443, nonzero 244
    new field root_delta_us: median/p90/max 2181.0/3820.0/27188, nonzero 244
    new field root_index_us: median/p90/max 4557.5/6842.0/25279, nonzero 244
    new field root_leaves_us: median/p90/max 12307.5/18480.0/31625, nonzero 244
    new field root_note_us: median/p90/max 260.5/433.0/2261, nonzero 244
    new field root_ops_ahead: {'true': 244}
    new field root_ops_ahead_wait_us: median/p90/max 8653.5/21089.0/35291, nonzero 244
    new field root_ops_concat_us: median/p90/max 0.0/0.0/0, nonzero 0
    new field root_ops_encode_us: median/p90/max 11485.0/20911.0/34659, nonzero 244
    new field root_ops_finish_us: median/p90/max 4769.0/7515.0/11595, nonzero 244
    new field root_ops_sort_us: median/p90/max 7789.5/13608.0/29620, nonzero 244
    new field root_ops_us: median/p90/max 13870.0/26853.0/42563, nonzero 244
    new field root_rehash_us: median/p90/max 2014.5/2657.0/18336, nonzero 244
    new field root_retire_us: median/p90/max 1848.0/2671.0/14922, nonzero 244
    new field root_sort_us: median/p90/max 650.5/1469.0/7373, nonzero 244
    new field root_undo_us: median/p90/max 697.5/1285.0/7314, nonzero 244
    new field root_writes_us: median/p90/max 15890.0/19886.0/45625, nonzero 244
    new field seal_hashes_ahead: {'true': 244}
    new field seal_on_counters: {'true': 244}
    new field seal_to_complete_us: median/p90/max 229722.5/274357.0/322830, nonzero 244
    new field seal_to_frozen_us: median/p90/max 23841.5/53495.0/83925, nonzero 203
    new field seal_to_merge_end_us: median/p90/max 229600.5/274203.0/322701, nonzero 244
    new field seal_to_merge_start_us: median/p90/max 102321.0/139984.0/164014, nonzero 244
    new field seal_to_ops_ahead_us: median/p90/max 47358.0/78717.0/104062, nonzero 244
    new field seal_to_state_ready_us: median/p90/max 229608.0/274213.0/322715, nonzero 244
    new field sealed_unix_us: median/p90/max 1791402671291501.0/1791402683236753.0/1791402686196581, nonzero 244
    new field start_walk_check_us: median/p90/max 0.0/0.0/0, nonzero 0
    new field start_walk_ids_us: median/p90/max 0.0/0.0/0, nonzero 0
    new field start_walk_settle_us: median/p90/max 0.0/0.0/0, nonzero 0
    new field start_walk_us: median/p90/max 0.0/0.0/0, nonzero 0
    new field state_wait_us: median/p90/max 21199.5/56233.0/144300, nonzero 244
    new field view_journal_reads: median/p90/max 2048.0/49152.0/86016, nonzero 122
    new field view_journal_searches: median/p90/max 5010.0/131064.0/254601, nonzero 122
    new field view_journal_skips: median/p90/max 0.0/0.0/0, nonzero 0
    new field whole_take_noted: {'true': 244}
    binding wait (tick / quorum / seal share, mean cycle): tick 96% (121); quorum 4% (149); seal 0%; feed-bound (blocks under 95% of the tier): 0 of 244
    slowest key vote delay median/p90 23.1/79.1 ms
    engine own-import total_ms per block median/p90/max 76/111/154 (n=244)
    layer RSS 33.4 -> 42.6 G (max 42.6), in-memory blocks max 11
    execution layer cores busy 33.9    validators cores busy 0.7
  window 3: canonical 238 blocks, 95.2M tx = 3,173,333/s (97.1% of window 1), full 238/238 (100%); cycle mean/median/p90 125.6/121.5/130.3 ms
    leader builds 239: sealed_at median/p90/p99 106/147/205; phases median/p90 ms: gap_before_exec 20/68, state_wait 19/67, par 117/171, par_exec 37/43, roots 66/97, parent_fields 25/59, sealed 27/61
    state_wait_on {'grandparent': 33, 'output': 154, 'none': 51, 'open': 1}; builds with state_wait > 20 ms: 114 ([('output', 82), ('grandparent', 32)]); gp_layer {1.0: 239}, ggp_missing {1.0: 39, 0.0: 200}
    queue at the builds min/median 1,992,500/2,512,000
    new field batch_cpu_sum_us: median/p90/max 1024364.0/1156160.0/1450926, nonzero 239
    new field batch_dispatch_us: median/p90/max 245.0/325.0/468, nonzero 239
    new field batch_first_start_us: median/p90/max 82.0/132.0/289, nonzero 239
    new field batch_ivcsw: median/p90/max 2.0/8.0/30, nonzero 184
    new field batch_last_end_us: median/p90/max 36914.0/43078.0/153475, nonzero 239
    new field batch_last_start_us: median/p90/max 28700.0/33924.0/73913, nonzero 239
    new field batch_live_deferred: median/p90/max 86.0/140.0/255, nonzero 239
    new field batch_live_lock_hold_us: median/p90/max 20146.0/32753.0/74170, nonzero 239
    new field batch_live_lock_wait_us: median/p90/max 0.0/0.0/0, nonzero 0
    new field batch_live_lock_waits: median/p90/max 0.0/0.0/0, nonzero 0
    new field batch_majflt: median/p90/max 0.0/3.0/12366, nonzero 34
    new field batch_minflt: median/p90/max 2711.0/25798.0/57529, nonzero 239
    new field batch_open_max_us: median/p90/max 436.0/554.0/2175, nonzero 239
    new field batch_open_sum_us: median/p90/max 10479.0/13859.0/23835, nonzero 239
    new field batch_threads: median/p90/max 32.0/32.0/32, nonzero 239
    new field batch_vcsw: median/p90/max 194.0/453.0/12724, nonzero 239
    new field batch_view_index_wait_us: median/p90/max 0.0/27501.0/929127, nonzero 57
    new field batch_view_index_waits: median/p90/max 0.0/189.0/417, nonzero 57
    new field batch_view_slot_wait_us: median/p90/max 0.0/542.0/151862, nonzero 58
    new field batch_view_slot_waits: median/p90/max 0.0/22.0/44, nonzero 58
    new field batch_wall_sum_us: median/p90/max 1036497.0/1217958.0/2915893, nonzero 239
    new field batches: median/p90/max 128.0/128.0/128, nonzero 239
    new field build_batches: median/p90/max 128.0/128.0/128, nonzero 239
    new field exec_end_to_seal_us: median/p90/max 118.0/189.0/657, nonzero 239
    new field exec_partition_us: median/p90/max 12.0/16.0/4007, nonzero 239
    new field exec_prepared_groups: {'true': 236, 'false': 3}
    new field exec_prepared_slots: {'true': 236, 'false': 3}
    new field exec_slots_us: median/p90/max 0.0/0.0/15782, nonzero 3
    new field freeze_join_wait_us: median/p90/max 21882.0/52111.0/74572, nonzero 239
    new field freeze_late: {'true': 239}
    new field freeze_pool_own: {'true': 239}
    new field live_index_defer: {'true': 239}
    new field merge_accounts: median/p90/max 366182.0/374499.0/380579, nonzero 239
    new field merge_append_us: median/p90/max 7744.0/19443.0/40456, nonzero 239
    new field merge_reverts: median/p90/max 366182.0/374499.0/380579, nonzero 239
    new field merge_reverts_us: median/p90/max 30714.0/43848.0/155889, nonzero 239
    new field merge_state_us: median/p90/max 83569.0/104065.0/122187, nonzero 239
    new field merge_tail_us: median/p90/max 0.0/0.0/1, nonzero 7
    new field merge_threads: median/p90/max 1.0/1.0/1, nonzero 239
    new field one_wave: {'false': 239}
    new field open_engine_us: median/p90/max 0.0/40321.0/100450, nonzero 39
    new field open_fallback: {'false': 200, 'true': 39}
    new field open_keep_us: median/p90/max 5.0/8.0/20, nonzero 239
    new field open_layers: median/p90/max 3.0/3.0/3, nonzero 239
    new field open_provider_us: median/p90/max 123.0/349.0/1652, nonzero 239
    new field plan_age_us: median/p90/max 98130.0/203119.0/254721, nonzero 239
    new field plan_ahead: median/p90/max 1.0/1.0/1, nonzero 239
    new field plan_body: median/p90/max 1.0/1.0/2, nonzero 239
    new field plan_body_us: median/p90/max 33114.0/40274.0/47641, nonzero 236
    new field plan_discard: {'': 239}
    new field plan_prep_us: median/p90/max 13191.0/25716.0/78822, nonzero 239
    new field plan_topup_txs: median/p90/max 0.0/0.0/0, nonzero 0
    new field prep_from_plan: {'true': 236, 'false': 3}
    new field prev_seal_to_answer_us: median/p90/max 3288.0/6944.0/11003, nonzero 239
    new field prev_seal_to_entry_us: median/p90/max 0.0/0.0/0, nonzero 0
    new field prev_seal_to_header_us: median/p90/max 222.0/385.0/2114, nonzero 239
    new field prev_seal_to_import_us: median/p90/max 253823.0/313152.0/378149, nonzero 231
    new field prev_seal_to_request_us: median/p90/max 977.0/127546.0/188731, nonzero 239
    new field prev_seal_to_start_us: median/p90/max 1346.0/127825.0/189541, nonzero 239
    new field pull_bulk_txs: median/p90/max 400000.0/400000.0/400000, nonzero 239
    new field pull_bulk_us: median/p90/max 8.0/14.0/4136, nonzero 239
    new field root_apply_gap_us: median/p90/max 11.0/14.0/20, nonzero 239
    new field root_apply_total_us: median/p90/max 40432.0/57751.0/118080, nonzero 239
    new field root_compute_us: median/p90/max 44061.0/62566.0/122344, nonzero 239
    new field root_delta_us: median/p90/max 2155.0/6232.0/16255, nonzero 239
    new field root_index_us: median/p90/max 4756.0/8967.0/31080, nonzero 239
    new field root_leaves_us: median/p90/max 12383.0/19287.0/56146, nonzero 239
    new field root_note_us: median/p90/max 253.0/395.0/1873, nonzero 239
    new field root_ops_ahead: {'true': 239}
    new field root_ops_ahead_wait_us: median/p90/max 9002.0/23861.0/171897, nonzero 239
    new field root_ops_concat_us: median/p90/max 0.0/0.0/0, nonzero 0
    new field root_ops_encode_us: median/p90/max 11901.0/22540.0/117562, nonzero 239
    new field root_ops_finish_us: median/p90/max 4642.0/7764.0/11924, nonzero 239
    new field root_ops_sort_us: median/p90/max 7080.0/15564.0/117515, nonzero 239
    new field root_ops_us: median/p90/max 13533.0/30081.0/175330, nonzero 239
    new field root_rehash_us: median/p90/max 2576.0/3471.0/16408, nonzero 239
    new field root_retire_us: median/p90/max 1726.0/3132.0/12440, nonzero 239
    new field root_sort_us: median/p90/max 633.0/1183.0/3580, nonzero 239
    new field root_undo_us: median/p90/max 677.0/1366.0/2936, nonzero 239
    new field root_writes_us: median/p90/max 16015.0/23209.0/46773, nonzero 239
    new field seal_hashes_ahead: {'true': 239}
    new field seal_on_counters: {'true': 239}
    new field seal_to_complete_us: median/p90/max 236849.0/287522.0/429995, nonzero 239
    new field seal_to_frozen_us: median/p90/max 21880.0/52059.0/74550, nonzero 189
    new field seal_to_merge_end_us: median/p90/max 236746.0/287380.0/429881, nonzero 239
    new field seal_to_merge_start_us: median/p90/max 106625.0/145213.0/306909, nonzero 239
    new field seal_to_ops_ahead_us: median/p90/max 46847.0/80236.0/198443, nonzero 239
    new field seal_to_state_ready_us: median/p90/max 236752.0/287388.0/429891, nonzero 239
    new field sealed_unix_us: median/p90/max 1791402701396989.0/1791402713306581.0/1791402716228163, nonzero 239
    new field start_walk_check_us: median/p90/max 0.0/0.0/0, nonzero 0
    new field start_walk_ids_us: median/p90/max 0.0/0.0/0, nonzero 0
    new field start_walk_settle_us: median/p90/max 0.0/0.0/0, nonzero 0
    new field start_walk_us: median/p90/max 0.0/0.0/0, nonzero 0
    new field state_wait_us: median/p90/max 19948.0/67503.0/118918, nonzero 239
    new field view_journal_reads: median/p90/max 0.0/36864.0/81920, nonzero 116
    new field view_journal_searches: median/p90/max 0.0/101476.0/234600, nonzero 116
    new field view_journal_skips: median/p90/max 0.0/0.0/0, nonzero 0
    new field whole_take_noted: {'true': 239}
    binding wait (tick / quorum / seal share, mean cycle): tick 88% (122); quorum 11% (146); seal 1% (205); feed-bound (blocks under 95% of the tier): 0 of 238
    slowest key vote delay median/p90 37.7/113.5 ms
    engine own-import total_ms per block median/p90/max 90/137/178 (n=238)
    layer RSS 42.1 -> 34.3 G (max 42.6), in-memory blocks max 10
    execution layer cores busy 33.7    validators cores busy 0.6
  round total (3 windows, canonical): 290.8M tx
  layer peak RSS 42.6 G; in-memory blocks max 11
  fields at seal: mode "early", verified 0, unchecked 0, mismatches 0 (last build line, cumulative)
  own_executed_again (built here and also directly imported): 0 of 754 built blocks
== loop345S400ALLb
  layer-0 leader window-1 builds 245: txs mean 400000, share >= 95% of the tier 100% (max 400000); sealed_at_ms 100.0/131.0; par_ms 110.0/157.0; par_exec_ms 37.0/45.0; roots_ms 56.0/74.0; parent_fields_ms 20.0/39.0; sealed_ms 22.0/41.0
  proposal cycle window 1 (n=252): mean 123.2 median 121.5 p90 129.3 ms; blocks in the 30 s: 252
  binding wait (tick / quorum / seal, share and mean cycle): tick 93.0% (121.5); quorum 4.1% (142.5); seal 2.9% (152.5)
  vote delay after the proposal, slowest key per block: median 6.1 p90 60.5 ms (slowest minus the median key: median 0.2); last key: {1: 34, 2: 28, 3: 48, 4: 49, 5: 49, 6: 36} of 244 blocks
  CPU in window 1 (cores busy): execution layers 32.8 over 1 process(es); validators 0.7 over 7 process(es)
  execution layer peak RSS 42.6 G; in-memory blocks max 11 (node0 and others, all layers)
  blocks built here 754; none also directly imported
  import-once counters at the last direct import: ; start-up lines with import_once=true: 1; queue-lock lines 0
  layer-0 queue (queued after canonical prune), median per 10 s: t+0:2445500 t+20:2463500 t+40:2463000 t+60:2411000 t+80:2463500
  flood: median per 5 s 3257230/s, final -
  timeout / given-up lines: 1; 19:49:58 v0 INFO process_event{view=1 kind="message"}: n42::cl::timeout: TC formed
loop345S400ALLb page_faults_per_s_median: node0=261408 
feedcheck loop345S400ALLb: ok (block 400,000 tx)
== loop345S400ALLb: feed check (acq_us / gate_us / reply_us are per frame of 500; rate per 5 s `ingest` line)
  window 1: ingest lines 6; acq_us 462 (max 1135); gate_us 5640; reply_us 6203; slots_busy 14%; delivered median 3,246,956/s max 3,346,788/s; queue at builds median 2,514,000 min 1,943,500; full 100% of 245 blocks
  window 2: ingest lines 6; acq_us 466 (max 472); gate_us 5668; reply_us 6234; slots_busy 14%; delivered median 3,255,178/s max 3,363,126/s; queue at builds median 2,510,000 min 2,091,500; full 100% of 244 blocks
  window 3: ingest lines 6; acq_us 474 (max 578); gate_us 5748; reply_us 6369; slots_busy 14%; delivered median 3,210,538/s max 3,282,304/s; queue at builds median 2,512,000 min 1,992,500; full 100% of 238 blocks
  flood.log (+15..+100 s): rate per 5 s median 3,228,276/s max 3,360,799/s; reply latency median 58.8 ms max 62.6 ms
== loop345S400ALLb: lanes lock, drain and pruner (new fields)
  window 1: lock duty 54.5% (max 59.0); holds/5s 1,918; longest hold 38.97 ms median, 49.89 ms max by crates/n42/tx-queue/src/lib.rs:2692 (most frequent holders [('crates/n42/tx-queue/src/lib.rs:2692', 3), ('crates/n42/tx-queue/src/lib.rs:2046', 3)]); lock wait 1991.2 ms/5s, longest 63.33 ms; drains/5s 1,263 of 12864 tx, mean 1154 us, max 30.11 ms
           prune (236 blocks): prune_ms 55/87; fold 1.1 ms, lock 0.0 ms, remove(hold) 15.2 ms, free 0.0 ms; frames_swept 800; coalesced on 236 of 236; prune_wait_ms 0/0; pruner busy 44% of a thread, lock held by it 1.8%
  window 2: lock duty 57.5% (max 59.0); holds/5s 1,955; longest hold 41.59 ms median, 58.82 ms max by crates/n42/tx-queue/src/lib.rs:2046 (most frequent holders [('crates/n42/tx-queue/src/lib.rs:2046', 4), ('crates/n42/tx-queue/src/lib.rs:1766', 1)]); lock wait 2254.9 ms/5s, longest 61.28 ms; drains/5s 1,268 of 12899 tx, mean 1219 us, max 26.60 ms
           prune (238 blocks): prune_ms 52/86; fold 1.0 ms, lock 0.0 ms, remove(hold) 13.7 ms, free 0.0 ms; frames_swept 800; coalesced on 238 of 238; prune_wait_ms 0/0; pruner busy 44% of a thread, lock held by it 1.7%
  window 3: lock duty 58.0% (max 61.0); holds/5s 1,804; longest hold 50.84 ms median, 76.89 ms max by crates/n42/tx-queue/src/lib.rs:2692 (most frequent holders [('crates/n42/tx-queue/src/lib.rs:2046', 4), ('crates/n42/tx-queue/src/lib.rs:2692', 2)]); lock wait 2366.0 ms/5s, longest 69.03 ms; drains/5s 1,123 of 14307 tx, mean 1352 us, max 39.13 ms
           prune (237 blocks): prune_ms 60/101; fold 1.1 ms, lock 0.0 ms, remove(hold) 15.5 ms, free 0.0 ms; frames_swept 800; coalesced on 237 of 237; prune_wait_ms 0/0; pruner busy 50% of a thread, lock held by it 1.4%
== loop345S400ALLb: pruner (per block; busy = sum prune_ms / 30 s, lock = sum (remove_us + settle_us) / 30 s)
  window 1: 236 prunes; prune_ms 55/87; remove_us 15.2/30.0 ms; forget_us 5.5/8.9 ms; settle_us 5.4 ms; pruner busy 44% of a worker; lanes lock held for removal 19%
  window 2: 238 prunes; prune_ms 52/86; remove_us 13.7/31.7 ms; forget_us 5.6/8.2 ms; settle_us 5.3 ms; pruner busy 44% of a worker; lanes lock held for removal 19%
  window 3: 237 prunes; prune_ms 60/101; remove_us 15.5/40.0 ms; forget_us 5.9/9.6 ms; settle_us 5.5 ms; pruner busy 50% of a worker; lanes lock held for removal 21%
== loop345S400ALLb: seal start / pull, prepared plan, answer, chunked drain
  window 1: 244 builds; start_best_ms 0/21; start_walk_us 0/0; start_pull_ms 0/0; par_pull_ms 0/0; par_start_ms 0/22; par_ms 110/156; sealed_at_ms 100/131; pull_bulk_us 8/12; pull_bulk_txs 400000/400000; plan_age_us 89481/210684; plan_prep_us 12286/22406; plan_topup_txs 0/0
           plan_ahead {'1': 244}; plan_discard {'': 244}
           answer: built-ahead bytes median/max 29,642/29,645, layout_only {'true': 245}; proposal sent bytes median/max 29,642/29,645, layout_only {'true': 244}
           drain: chunks/5s 1,184, chunk max 8,192 tx, finished by others/5s 25; plan_discards (last ingest line) -
  window 2: 244 builds; start_best_ms 0/20; start_walk_us 0/0; start_pull_ms 0/0; par_pull_ms 0/0; par_start_ms 0/21; par_ms 116/154; sealed_at_ms 102/139; pull_bulk_us 8/13; pull_bulk_txs 400000/400000; plan_age_us 92821/207013; plan_prep_us 12451/21719; plan_topup_txs 0/0
           plan_ahead {'1': 244}; plan_discard {'': 244}
           answer: built-ahead bytes median/max 29,647/29,647, layout_only {'true': 244}; proposal sent bytes median/max 29,647/29,647, layout_only {'true': 245}
           drain: chunks/5s 1,200, chunk max 8,192 tx, finished by others/5s 34; plan_discards (last ingest line) -
  window 3: 239 builds; start_best_ms 0/26; start_walk_us 0/0; start_pull_ms 0/0; par_pull_ms 0/0; par_start_ms 0/26; par_ms 117/171; sealed_at_ms 106/147; pull_bulk_us 8/14; pull_bulk_txs 400000/400000; plan_age_us 98130/203119; plan_prep_us 13191/25716; plan_topup_txs 0/0
           plan_ahead {'1': 239}; plan_discard {'': 239}
           answer: built-ahead bytes median/max 29,647/29,647, layout_only {'true': 239}; proposal sent bytes median/max 29,647/29,647, layout_only {'true': 239}
           drain: chunks/5s 1,047, chunk max 8,192 tx, finished by others/5s 33; plan_discards (last ingest line) -
== loop345S400ALLb: persistence per window (ms per block = part sum / blocks persisted)
  window 1: persisted 239 of 245 produced (98%); total 67.4, sf_tx 62.4, sf_rcpt 12.6, sf_acct 26.9, sf_send 21.6, scope 62.6, qmdb 23.7, post 0.0, pre 4.9, plain_rev 4.9, commit_sf 1.1, commit_mdbx 0.1, commit_rocks 0.1; longest task sf_tx 62.4; in-memory 7 -> 9 (max 10); RSS 4.8 -> 33.4 G; lag 8 -> 9 = +2.0 blocks/min; bp max 0
  window 2: persisted 244 of 244 produced (100%); total 74.9, sf_tx 68.6, sf_rcpt 12.6, sf_acct 28.1, sf_send 20.6, scope 68.7, qmdb 28.2, post 0.0, pre 6.1, plain_rev 6.1, commit_sf 1.0, commit_mdbx 0.1, commit_rocks 0.1; longest task sf_tx 68.6; in-memory 9 -> 10 (max 11); RSS 33.4 -> 42.1 G; lag 9 -> 10 = +2.0 blocks/min; bp max 0
  window 3: persisted 240 of 238 produced (101%); total 75.7, sf_tx 67.7, sf_rcpt 12.4, sf_acct 27.9, sf_send 21.0, scope 69.5, qmdb 36.5, post 0.0, pre 6.2, plain_rev 6.2, commit_sf 1.3, commit_mdbx 0.1, commit_rocks 0.1; longest task sf_tx 67.7; in-memory 10 -> 8 (max 10); RSS 42.1 -> 36.4 G; lag 10 -> 8 = -4.0 blocks/min; bp max 0
  leg end: in-memory 8, max over the sampler 11, backpressure stalls 0
== loop345S400ALLb: execution and root fields (median / p90 per block)
    folded lines 245: pending_max max 90 (median 81); pending_us_max max 47,620; drops_max max 235145
    flags: seal_on_counters true:244; freeze_pool_own true:244; plan_body 1:243/2:1; prep_from_plan false:1/true:243; whole_take_noted true:244; seal_hashes_ahead true:244; plan_ahead 1:244; seal per 1,000 transfers 0.250 ms
  window 1 (244 builds): on-CPU share 1.00/1.00; CPU per transfer 2.57/3.06 us; sealed_at_ms 100/131; exec_end_to_seal_us 128/186; par_exec_ms 37/45; commit_refs_ms 0/0; par_commit_ms 0/0; par_fold_ms 24/56; index_ms 47/61; par_start_ms 0/22; par_prep_ms 0/0; gap_before_exec_ms 21/60; plan_body_us 26,130/31,756; build_batches 128/128; parent_fields_ms 20/39; seal_to_fields_us 100,534/126,877; roots_ms 56/74; exec_partition_us 12/16; exec_slots_us 0/0; tx_root_ms 2/3; sealed_ms 22/41; seal_to_complete_us 221,040/263,771; shard_fold_ms 47/61; batch_max_ms 14/18; state_wait_us 21,456/60,497
    folded lines 244: pending_max max 92 (median 82); pending_us_max max 55,371; drops_max max 104522
    flags: seal_on_counters true:244; freeze_pool_own true:244; plan_body 1:242/2:2; prep_from_plan false:2/true:242; whole_take_noted true:244; seal_hashes_ahead true:244; plan_ahead 1:244; seal per 1,000 transfers 0.254 ms
  window 2 (244 builds): on-CPU share 1.00/1.00; CPU per transfer 2.56/2.90 us; sealed_at_ms 102/139; exec_end_to_seal_us 126/190; par_exec_ms 37/42; commit_refs_ms 0/0; par_commit_ms 0/0; par_fold_ms 24/53; index_ms 49/60; par_start_ms 0/21; par_prep_ms 0/0; gap_before_exec_ms 22/56; plan_body_us 31,362/38,324; build_batches 128/128; parent_fields_ms 23/52; seal_to_fields_us 102,170/139,837; roots_ms 60/88; exec_partition_us 12/16; exec_slots_us 0/0; tx_root_ms 2/2; sealed_ms 24/55; seal_to_complete_us 229,722/274,357; shard_fold_ms 49/60; batch_max_ms 15/19; state_wait_us 21,200/56,233
    folded lines 239: pending_max max 98 (median 83); pending_us_max max 47,903; drops_max max 91772
    flags: seal_on_counters true:239; freeze_pool_own true:239; plan_body 1:236/2:3; prep_from_plan false:3/true:236; whole_take_noted true:239; seal_hashes_ahead true:239; plan_ahead 1:239; seal per 1,000 transfers 0.265 ms
  window 3 (239 builds): on-CPU share 1.00/1.00; CPU per transfer 2.56/2.89 us; sealed_at_ms 106/147; exec_end_to_seal_us 118/189; par_exec_ms 37/43; commit_refs_ms 0/0; par_commit_ms 0/0; par_fold_ms 22/52; index_ms 49/59; par_start_ms 0/26; par_prep_ms 0/0; gap_before_exec_ms 20/68; plan_body_us 33,114/40,274; build_batches 128/128; parent_fields_ms 25/59; seal_to_fields_us 106,315/145,109; roots_ms 66/97; exec_partition_us 12/16; exec_slots_us 0/0; tx_root_ms 2/2; sealed_ms 27/61; seal_to_complete_us 236,849/287,522; shard_fold_ms 49/59; batch_max_ms 13/20; state_wait_us 19,948/67,503
flood span 95 s; tokio-rt threads alive throughout 34 of 64; group 9.7 cores busy over them (all threads incl. short-lived 12.9)
  per-thread cores busy, top 12: 0.60 0.59 0.58 0.57 0.57 0.57 0.57 0.57 0.56 0.56 0.56 0.56; threads over 0.9 core: 0, over 0.7: 0
== loop345S400ALLb: 727 full builds in the 3 windows
  par_exec_ms 37/43; par_run_ms 60/100; batch_start_skew_ms 28/33; batch_median_ms 7/8; batch_max_ms 14/19; batch_first_start_us 94/155; batch_last_start_us 28704/33802; batch_dispatch_us 276/371; batch_last_end_us 37041/43062; batches 128/128; batch_threads 32/32; batch_txs_max 3500/3500; batch_txs_min 3000/3000; start_walk_ms 0/0; start_walk_check_ms 0/0; par_start_ms 0/22; sealed_at_ms 102/139; prev_seal_to_answer_us 3074/5922; prev_seal_to_entry_us 0/0; prev_seal_to_header_us 225/358; prev_seal_to_import_us 236244/301088; prev_seal_to_request_us 974/130955; prev_seal_to_start_us 1338/131516; start_walk_check_us 0/0; start_walk_ids_us 0/0; start_walk_settle_us 0/0; start_walk_us 0/0
  one_wave {'false': 727}
  batches == batch_threads on 0 of 727 builds
  last - first batch start (ms) median/p90 28.61/33.68; under 2 ms on 0 of 727 builds
bodygate loop345S400ALLb: invalid_blocks=0 gas_mismatch=0 fields_mismatches=0 own_not_committed=0 proposals_given_up=0
datadirs of this round wiped; /data free 645G
released at 15:54
ALLDONE
